name,description,exchange,industry,close,SMA10,SMA20,SMA30,SMA50,SMA100,SMA150,SMA200,EMA10,EMA21,high,low,ADRP,ATRP,atr_abs,average_volume_10d_calc,average_volume_30d_calc,dollar_volume_30d,average_dollar_volume_30d,rvol,gap_pct,market_cap_basic,Perf.1M,perf_1m_rank,Perf.3M,perf_3m_rank,Perf.6M,perf_6m_rank,momentum_score,atr_extension_from_50d,sma20_distance_pct,ema21_atr_dist,day_range_atr,lod_atr_pct,bb_width,ma_spread_pct,above_all_mas,ma_aligned,ema_aligned,above_sma200,near_sma20,near_ema,range_tight,adr_tight,bb_tight,plan_tight,wide_day,lod_ok,rvol_ok,rvol_pass,rvol_expand,ma_coiled,earnings_date,earnings_soon,large_gap,hard_rule_passes,hard_rule_fails,tightness_flags,focus_score,tradingview_url,is_top_1m,is_top_3m,is_top_6m
CYPH,Cypherpunk Technologies Inc.,NASDAQ,Financial Conglomerates,3.17,3.45,3.07,2.66,1.9,1.36,1.18,1.11,3.22,2.95,3.19,2.88,16.43,14.37,0.46,19199752.0,17630311.166666668,55888086.0,46920135.0,0.72,-0.66,341613086.2739274,42.79,15,376.69,2,275.59,4,231.69,4.67,3.28,0.51,0.68,63.7,0.758,73.95,False,False,False,True,False,True,True,True,False,True,False,False,False,False,False,False,2026-11-16,False,False,3,"LoD>60% ATR, >4x 50-MA, thin RVOL","near21, ADR",5,https://www.tradingview.com/chart/?symbol=NASDAQ:CYPH&interval=D,True,True,True
QMCO,Quantum Corporation,NASDAQ,Computer Peripherals,34.01,30.92,27.53,26.13,22.25,16.77,13.31,11.63,31.16,28.34,35.65,33.64,8.5,7.76,2.64,2636352.9,1554982.8666666667,52877192.0,40626778.0,0.64,-0.33,1340137045.0717392,38.97,19,225.1,3,425.58,2,229.88,6.81,23.54,2.58,0.76,13.8,0.583,56.71,True,True,True,True,False,False,True,True,False,True,False,True,False,False,False,False,2026-11-13,False,False,4,">4x 50-MA, thin RVOL","EMA, ADR",8,https://www.tradingview.com/chart/?symbol=NASDAQ:QMCO&interval=D,True,True,True
SDEV,Stablecoin Development Corporation,AMEX,Pharmaceuticals: Major,3.94,2.77,1.83,1.54,1.35,1.3,1.35,6.52,3.25,2.31,9.82,3.25,27.86,29.05,1.14,60737000.2,20802069.6,81960154.0,31985124.0,1.68,29.81,203900351.13101605,347.73,1,198.48,4,114.13,36,220.11,6.64,115.07,2.42,5.74,60.3,3.535,132.56,False,True,True,False,False,False,False,False,False,False,True,False,True,True,True,False,2026-11-05,False,True,2,"LoD>60% ATR, >4x 50-MA, below 200-MA, large gap","EMA, RVOL",3,https://www.tradingview.com/chart/?symbol=AMEX:SDEV&interval=D,True,True,False
USDE,StablecoinX Inc.,NASDAQ,Packaged Software,14.96,14.95,11.42,10.1,7.09,7.01,8.71,9.78,14.19,12.07,14.96,13.53,12.15,11.79,1.76,4501812.7,6006935.3,89863752.0,60681059.0,0.94,1.48,406719439.9547703,90.09,5,505.67,1,49.6,101,215.12,9.43,30.95,2.03,0.81,81.1,1.354,53.04,True,True,True,True,False,False,True,False,False,False,False,False,False,False,False,False,,False,False,3,"LoD>60% ATR, >4x 50-MA, thin RVOL",EMA,6,https://www.tradingview.com/chart/?symbol=NASDAQ:USDE&interval=D,True,True,False
MXL,"MaxLinear, Inc",NASDAQ,Semiconductors,105.49,92.75,82.64,75.67,73.32,81.62,65.96,54.06,93.22,85.32,108.33,102.88,6.29,6.52,6.88,3254480.5,2748491.7333333334,289938393.0,207967375.0,0.83,-0.47,9567223996.969885,75.19,6,17.33,93,442.37,1,178.29,6.73,27.64,3.62,0.79,37.9,0.589,36.68,True,True,True,True,False,False,True,False,False,False,False,True,False,False,False,False,2026-10-22,False,False,4,">4x 50-MA, thin RVOL",EMA,7,https://www.tradingview.com/chart/?symbol=NASDAQ:MXL&interval=D,True,False,True
CDNA,"CareDx, Inc.",NASDAQ,Medical Specialties,69.85,63.27,57.72,55.17,50.91,38.75,32.14,29.01,63.7,59.11,70.75,66.17,4.7,4.37,3.05,1751296.5,1314663.9,91829273.0,72532198.0,0.99,-0.39,3613635517.6902447,40.68,16,137.91,5,276.55,3,151.71,8.52,21.02,4.16,1.5,120.7,0.452,49.05,True,True,True,True,False,False,False,False,False,False,True,False,False,False,False,False,2026-11-10,False,False,3,"LoD>60% ATR, >4x 50-MA, thin RVOL",EMA,5,https://www.tradingview.com/chart/?symbol=NASDAQ:CDNA&interval=D,True,True,True
GRAL,"GRAIL, Inc.",NASDAQ,Medical Specialties,154.08,130.78,104.29,96.23,85.74,75.9,67.71,73.91,129.58,112.28,156.49,140.3,6.92,6.05,9.31,1892378.9,1198205.8,184619550.0,115301747.0,0.72,-0.18,6882172926.19182,92.79,4,123.56,7,190.72,9,135.69,13.18,47.74,6.16,1.74,147.9,1.084,40.93,True,True,True,True,False,False,False,False,False,False,True,False,False,False,False,False,2026-11-18,False,False,3,"LoD>60% ATR, >4x 50-MA, thin RVOL",EMA,5,https://www.tradingview.com/chart/?symbol=NASDAQ:GRAL&interval=D,True,True,True
ASST,"Strive, Inc.",NASDAQ,Financial Conglomerates,30.26,29.58,28.85,27.03,21.36,17.87,16.0,15.59,29.52,27.92,31.16,29.71,5.79,6.13,1.85,6797948.1,9976380.4,301885271.0,269661562.0,1.26,1.33,2953289712.143856,20.17,56,132.77,6,196.67,8,116.54,6.8,4.9,1.37,0.78,29.6,0.164,46.26,True,True,True,True,False,True,True,False,False,True,False,True,False,False,True,False,2026-11-13,False,False,4,">4x 50-MA, thin RVOL","EMA, near21, RVOL",8,https://www.tradingview.com/chart/?symbol=NASDAQ:ASST&interval=D,False,True,True
SDGR,"Schrodinger, Inc.",NASDAQ,Packaged Software,32.6,30.25,26.85,24.58,21.66,18.31,16.26,16.04,29.91,27.38,33.09,29.56,7.26,5.92,1.93,2974833.8,2256412.6333333333,73559052.0,55456605.0,1.65,0.07,2438663388.1755195,58.41,10,91.76,11,172.35,15,107.51,8.53,21.42,3.22,1.83,157.5,0.702,43.59,True,True,True,True,False,False,False,False,False,False,True,False,True,True,True,False,2026-11-11,False,False,4,"LoD>60% ATR, >4x 50-MA","EMA, RVOL",5,https://www.tradingview.com/chart/?symbol=NASDAQ:SDGR&interval=D,True,True,True
TEAM,Atlassian Corporation,NASDAQ,Packaged Software,196.65,187.23,186.94,185.77,165.81,127.43,109.5,112.54,187.93,184.73,197.5,186.5,4.18,4.71,9.26,2714493.9,3393126.7,667258366.0,630336057.0,1.11,-0.14,49779748840.17405,3.66,136,120.68,8,190.6,10,104.98,3.95,5.19,1.37,1.19,109.7,0.147,39.53,True,True,True,True,False,True,False,False,False,True,True,False,False,True,False,False,2026-10-29,False,False,5,LoD>60% ATR,"EMA, near21",6,https://www.tradingview.com/chart/?symbol=NASDAQ:TEAM&interval=D,False,True,True
BAND,Bandwidth Inc.,NASDAQ,Packaged Software,62.53,61.39,55.89,53.21,51.37,56.82,45.67,37.79,60.48,57.28,63.19,61.26,6.54,6.87,4.3,976087.6,883050.8,55217167.0,46984925.0,0.52,-1.51,2012264679.4083776,32.51,26,3.01,147,236.18,6,90.57,3.16,11.88,1.34,0.45,29.6,0.435,37.74,True,True,True,True,False,True,True,True,False,True,False,True,False,False,False,False,2026-10-29,False,False,5,thin RVOL,"EMA, near21, ADR",9,https://www.tradingview.com/chart/?symbol=NASDAQ:BAND&interval=D,False,False,True
LIFE,Ethos Technologies Inc.,NASDAQ,Packaged Software,36.13,34.42,36.61,37.01,33.73,26.16,22.5,,34.84,35.35,36.55,34.12,7.76,7.42,2.68,1773751.3,1668737.0333333334,60291469.0,61758289.0,1.33,0.0,2303605579.5404463,-4.32,196,86.53,14,183.59,12,88.6,0.96,-1.3,0.3,0.91,75.1,0.291,39.05,False,False,False,False,True,True,True,False,False,True,False,False,False,False,True,False,2026-12-02,False,False,3,"LoD>60% ATR, thin RVOL, below 200-MA","near21, RVOL",4,https://www.tradingview.com/chart/?symbol=NASDAQ:LIFE&interval=D,False,True,True
P,"Everpure, Inc.",NYSE,Computer Peripherals,143.88,127.68,113.87,108.63,103.43,89.79,81.95,78.98,128.93,118.7,144.03,140.26,4.39,4.4,6.33,5465208.4,6429477.733333333,925073256.0,698464170.0,0.87,0.83,47944738593.437996,46.82,14,89.12,13,120.4,29,85.45,8.89,26.35,4.82,0.6,57.2,0.569,33.84,True,True,True,True,False,False,True,True,False,True,False,True,False,True,False,False,2026-12-02,False,False,5,>4x 50-MA,"EMA, ADR",8,https://www.tradingview.com/chart/?symbol=NYSE:P&interval=D,True,True,False
HPE,Hewlett Packard Enterprise Company,NYSE,Computer Processing Hardware,68.36,64.01,61.19,58.44,56.14,50.37,42.0,37.12,64.36,61.48,69.1,66.95,4.8,5.36,3.66,19027493.1,24398277.000000022,1667866216.0,1425721449.0,0.81,-0.59,90745490770.9592,26.95,36,57.35,27,169.66,16,84.65,4.06,11.71,2.09,0.59,38.5,0.253,39.33,True,True,True,True,False,False,True,True,False,True,False,True,False,True,False,False,2026-12-03,False,False,5,>4x 50-MA,"EMA, ADR",8,https://www.tradingview.com/chart/?symbol=NYSE:HPE&interval=D,False,False,True
APPS,"Digital Turbine, Inc.",NASDAQ,Packaged Software,11.21,11.36,11.36,11.14,11.16,9.96,7.8,7.06,11.3,11.27,11.62,11.06,7.52,7.37,0.83,3289370.8,2879922.033333333,32283926.0,32089051.0,0.75,-0.63,1356592179.0590868,4.28,134,0.54,163,241.25,5,82.02,0.06,-1.32,0.07,0.68,18.2,0.143,38.4,False,False,False,True,True,True,True,True,False,True,False,True,False,False,False,False,2026-11-11,False,False,5,thin RVOL,"near21, ADR",7,https://www.tradingview.com/chart/?symbol=NASDAQ:APPS&interval=D,False,False,True
DELL,Dell Technologies Inc.,NYSE,Computer Processing Hardware,552.29,547.52,549.55,522.73,491.25,437.2,353.0,295.24,548.84,537.52,560.55,546.0,4.29,5.08,28.07,6863013.9,9233938.833333334,5099812078.0,4826832223.0,0.58,-0.98,351153040872.37195,7.5,111,38.85,54,197.31,7,81.22,2.44,0.5,0.54,0.52,22.4,0.131,46.05,True,True,True,True,True,True,True,True,False,True,False,True,False,True,False,False,2026-12-01,False,False,6,,"EMA, near21, ADR",10,https://www.tradingview.com/chart/?symbol=NYSE:DELL&interval=D,False,False,True
OKTA,"Okta, Inc.",NASDAQ,Packaged Software,218.29,206.24,193.45,181.6,166.35,144.18,121.62,112.77,205.65,193.84,219.68,211.0,4.27,4.31,9.42,3814699.9,4336364.8,946585072.0,787462889.0,0.81,0.17,38161623654.57241,29.64,29,45.53,43,168.43,17,81.2,7.24,12.84,2.92,0.92,77.4,0.315,42.82,True,True,True,True,False,False,True,False,False,False,False,False,False,True,False,False,2026-12-08,False,False,4,"LoD>60% ATR, >4x 50-MA",EMA,6,https://www.tradingview.com/chart/?symbol=NASDAQ:OKTA&interval=D,False,False,True
CORT,Corcept Therapeutics Incorporated,NASDAQ,Pharmaceuticals: Major,122.03,116.29,114.68,115.09,113.53,96.38,78.09,70.13,116.33,115.17,122.81,115.5,4.64,4.31,5.26,927873.7,1471519.1333333333,179569480.0,169355666.0,1.04,-0.55,13191247681.656628,10.34,90,32.14,68,187.54,11,76.67,1.74,6.41,1.38,1.39,124.1,0.093,37.83,True,True,True,True,False,True,False,False,True,True,True,False,False,True,False,False,2026-11-04,False,False,5,LoD>60% ATR,"EMA, near21, BB",7,https://www.tradingview.com/chart/?symbol=NASDAQ:CORT&interval=D,False,False,True
CVI,CVR Energy Inc.,NYSE,Oil Refining/Marketing,56.94,52.52,51.61,48.18,42.78,37.19,35.27,32.46,53.06,50.52,57.25,53.68,4.86,4.81,2.74,1034422.0,1133676.6666666667,64551549.0,54617897.0,0.78,-0.31,5724212640.236366,32.76,25,96.62,9,87.86,53,72.41,6.88,10.33,2.64,1.3,119.0,0.199,35.23,True,True,True,True,False,False,False,False,False,False,True,False,False,False,False,False,2026-11-02,False,False,3,"LoD>60% ATR, >4x 50-MA, thin RVOL",EMA,5,https://www.tradingview.com/chart/?symbol=NYSE:CVI&interval=D,False,True,False
ILMN,"Illumina, Inc.",NASDAQ,Medical Specialties,293.69,269.68,245.18,236.46,220.88,195.42,172.98,163.51,268.04,251.58,296.25,271.61,4.55,4.14,12.16,3061527.2,3475273.8333333335,1020653172.0,821765567.0,1.43,-0.01,44347191387.56263,35.5,22,51.45,34,124.21,27,70.39,7.96,19.79,4.04,2.03,181.6,0.458,36.15,True,True,True,True,False,False,False,False,False,False,True,False,False,True,True,False,2026-10-29,False,False,4,"LoD>60% ATR, >4x 50-MA","EMA, RVOL",5,https://www.tradingview.com/chart/?symbol=NASDAQ:ILMN&interval=D,False,False,False
PLSE,"Pulse Biosciences, Inc",NASDAQ,Medical Specialties,50.5,50.95,51.78,51.37,47.3,36.98,31.62,27.91,50.63,50.64,50.99,47.47,6.5,6.82,3.44,515326.4,613443.4333333333,30978893.0,31510749.0,0.85,-0.02,3671477876.753654,-5.92,210,74.02,18,142.91,21,70.33,0.99,-2.47,0.04,1.02,88.0,0.15,47.27,False,False,False,True,True,True,False,False,False,True,True,False,False,False,False,False,2026-11-16,False,False,4,"LoD>60% ATR, thin RVOL",near21,4,https://www.tradingview.com/chart/?symbol=NASDAQ:PLSE&interval=D,False,True,True
SMTC,Semtech Corporation,NASDAQ,Semiconductors,192.83,180.8,173.35,160.41,147.3,147.85,129.62,117.5,182.23,171.97,194.76,189.63,5.41,5.81,11.2,3073797.1,3620597.2,698159758.0,580766118.0,0.55,-0.75,17995980248.96039,39.02,18,48.33,41,118.95,31,68.77,5.32,11.24,2.09,0.46,28.6,0.284,32.83,True,True,True,True,False,False,True,True,False,True,False,True,False,True,False,False,2026-12-02,False,False,5,>4x 50-MA,"EMA, ADR",8,https://www.tradingview.com/chart/?symbol=NASDAQ:SMTC&interval=D,True,False,False
GLND,Greenland Energy Company,NASDAQ,Financial Conglomerates,3.71,4.25,2.82,2.34,2.13,2.36,4.0,5.6,3.89,3.2,4.2,3.65,23.3,18.97,0.7,48069280.0,23626750.733333334,87655245.0,55361415.0,0.07,5.5,162239021.11260054,181.06,2,70.18,21,-46.23,376,68.34,3.92,31.72,0.84,0.78,8.5,2.314,93.65,False,False,False,False,False,True,True,True,False,True,False,True,False,False,False,False,2026-12-02,False,True,3,"thin RVOL, below 200-MA, large gap","near21, ADR",5,https://www.tradingview.com/chart/?symbol=NASDAQ:GLND&interval=D,True,True,False
RNG,"RingCentral, Inc.",NYSE,Packaged Software,79.06,77.58,74.79,73.18,68.55,54.47,49.51,44.43,76.92,74.73,80.6,77.48,4.29,4.16,3.29,1670609.3,1532261.5333333334,121140597.0,112123238.0,1.03,0.23,6601997196.645376,4.92,128,95.64,10,102.3,43,67.62,3.69,5.7,1.39,0.95,48.0,0.193,41.93,True,True,True,True,False,True,True,False,False,True,False,True,False,False,False,False,2026-11-09,False,False,5,thin RVOL,"EMA, near21",8,https://www.tradingview.com/chart/?symbol=NYSE:RNG&interval=D,False,True,False
COHU,"Cohu, Inc.",NASDAQ,Semiconductors,73.73,67.74,61.17,56.96,55.05,55.58,49.36,44.06,67.58,62.71,75.72,71.66,4.07,4.9,3.61,946180.8,978784.7,72165796.0,55753045.0,1.17,-0.5,3490262773.617991,56.37,11,35.23,63,110.66,38,67.42,6.92,20.53,3.59,1.12,57.3,0.484,32.12,True,True,True,True,False,False,False,False,False,False,True,True,False,False,False,False,2026-10-29,False,False,4,">4x 50-MA, thin RVOL",EMA,6,https://www.tradingview.com/chart/?symbol=NASDAQ:COHU&interval=D,True,False,False
ALAB,"Astera Labs, Inc.",NASDAQ,Semiconductors,362.34,358.33,323.24,311.77,310.07,330.06,270.67,242.17,349.02,333.22,365.24,346.32,5.63,5.99,21.71,3672759.0,3747688.966666667,1357937620.0,1168403248.0,0.82,1.1,62860591414.290405,26.69,38,-10.12,215,183.08,13,66.55,2.81,12.1,1.46,0.87,73.8,0.484,32.06,True,True,True,True,False,True,True,False,False,True,False,False,False,True,False,False,2026-11-10,False,False,5,LoD>60% ATR,"EMA, near21",7,https://www.tradingview.com/chart/?symbol=NASDAQ:ALAB&interval=D,False,False,True
PURR,Hyperliquid Strategies Inc,NASDAQ,Financial Conglomerates,12.92,12.79,12.47,12.26,10.21,9.19,8.04,7.02,12.51,12.22,13.05,12.42,7.11,8.11,1.05,18996909.6,25237025.5,326062369.0,309460613.0,0.76,5.05,3073917199.5256515,4.32,133,48.51,40,146.56,20,66.46,3.28,3.58,0.71,0.6,47.2,0.31,44.7,True,True,True,True,False,True,True,True,False,True,False,True,False,False,False,False,2026-12-02,False,True,4,"thin RVOL, large gap","EMA, near21, ADR",9,https://www.tradingview.com/chart/?symbol=NASDAQ:PURR&interval=D,False,False,True
PENG,"Penguin Solutions, Inc.",NASDAQ,Semiconductors,60.71,56.23,53.37,52.23,53.41,57.82,46.69,39.93,56.5,54.73,61.94,59.28,4.45,5.49,3.33,1780836.9,1525385.2666666666,92606140.0,79677482.0,1.62,-0.42,3110944267.529661,21.4,51,-3.57,177,179.77,14,65.86,2.49,13.74,1.99,0.8,42.9,0.288,29.45,True,True,True,True,False,False,True,False,False,False,False,True,True,True,True,False,2026-10-06,True,False,5,earnings soon,"EMA, RVOL",6,https://www.tradingview.com/chart/?symbol=NASDAQ:PENG&interval=D,False,False,True
RBRK,"Rubrik, Inc.",NYSE,Information Technology Services,122.68,114.98,107.1,102.78,97.17,85.87,74.87,72.08,114.65,108.92,124.26,118.0,4.05,4.29,5.27,2800289.8,3578750.8,439041148.0,367816850.0,1.51,0.35,25432108076.178444,33.15,24,37.58,59,122.89,28,64.54,6.12,14.55,2.94,1.19,88.9,0.388,34.97,True,True,True,True,False,False,False,False,False,False,True,False,True,True,True,False,2026-12-03,False,False,4,"LoD>60% ATR, >4x 50-MA","EMA, RVOL",5,https://www.tradingview.com/chart/?symbol=NYSE:RBRK&interval=D,False,False,False
TWLO,Twilio Inc.,NYSE,Packaged Software,300.91,291.77,264.91,253.9,239.37,220.63,193.99,176.93,287.29,270.99,305.0,287.1,5.19,4.77,14.37,6674432.6,3450615.1,1038324590.0,876101972.0,10.0,-0.02,46212319098.19517,25.63,42,40.88,51,118.84,32,61.79,5.38,13.59,2.31,1.25,96.1,0.432,38.16,True,True,True,True,False,False,False,False,False,False,True,False,True,True,True,False,2026-10-29,False,False,4,"LoD>60% ATR, >4x 50-MA","EMA, RVOL",5,https://www.tradingview.com/chart/?symbol=NYSE:TWLO&interval=D,False,False,False
PBF,PBF Energy Inc.,NYSE,Oil Refining/Marketing,84.16,76.14,75.9,74.55,72.13,59.38,54.1,48.54,78.11,75.93,85.08,80.05,5.57,5.58,4.69,3479650.7,3616661.1666666665,304378204.0,269640173.0,0.91,-0.19,9976060784.455559,12.97,80,70.64,20,100.19,44,61.27,2.99,10.89,1.94,1.07,87.6,0.191,32.79,True,True,True,True,False,False,False,False,False,False,True,False,False,False,False,False,2026-10-29,False,False,4,"LoD>60% ATR, thin RVOL",EMA,5,https://www.tradingview.com/chart/?symbol=NYSE:PBF&interval=D,False,True,False
AMC,"AMC Entertainment Holdings, Inc.",NYSE,Movies/Entertainment,2.79,2.94,2.76,2.72,2.66,2.31,1.98,1.85,2.86,2.8,2.87,2.7,7.77,7.35,0.21,30460971.300000034,27925442.8,77911985.0,75864120.0,0.58,-1.44,2490366856.158845,6.08,121,63.16,23,111.36,37,60.2,0.64,1.03,0.03,0.83,43.9,0.336,39.05,False,False,False,True,True,True,True,False,False,True,False,True,False,False,False,False,2026-11-11,False,False,5,thin RVOL,near21,6,https://www.tradingview.com/chart/?symbol=NYSE:AMC&interval=D,False,False,False
HTFL,"Heartflow, Inc.",NASDAQ,Packaged Software,52.21,49.53,49.1,49.21,42.63,35.95,32.98,31.97,49.82,48.7,53.07,49.29,4.43,4.67,2.44,1596092.6,1932439.9,100892687.0,95094723.0,1.65,-0.06,4539848917.922343,4.97,126,90.2,12,82.11,59,59.09,4.81,6.34,1.54,1.55,119.8,0.119,33.64,True,True,True,True,False,False,False,False,False,False,True,False,True,True,True,False,2026-11-18,False,False,4,"LoD>60% ATR, >4x 50-MA","EMA, RVOL",5,https://www.tradingview.com/chart/?symbol=NASDAQ:HTFL&interval=D,False,True,False
ECO,Okeanis Eco Tankers Corp.,NYSE,Marine Shipping,88.6,81.36,80.27,75.86,70.06,61.43,57.88,53.45,83.04,79.39,90.64,85.81,4.03,3.96,3.51,786120.2,719327.3666666667,63732405.0,54566735.0,0.94,3.31,3397700310.804308,26.63,39,66.92,22,80.67,61,58.07,6.68,10.38,2.93,1.38,79.5,0.253,31.5,True,True,True,True,False,False,False,False,False,False,True,False,False,False,False,False,2026-11-11,False,True,2,"LoD>60% ATR, >4x 50-MA, thin RVOL, large gap",EMA,5,https://www.tradingview.com/chart/?symbol=NYSE:ECO&interval=D,False,False,False
AEHR,Aehr Test Systems,NASDAQ,Electronic Production Equipment,104.4,101.19,95.85,92.33,96.75,94.96,84.22,70.03,100.74,97.75,108.1,101.53,6.63,8.01,8.36,2093635.8,2540644.2,265243254.0,234581913.0,0.98,0.1,3409656562.8057084,33.81,23,57.21,28,82.04,60,57.69,0.99,8.93,0.85,0.79,34.3,0.286,29.84,True,True,True,True,False,True,True,False,False,True,False,True,False,False,False,False,2026-10-06,True,False,4,"thin RVOL, earnings soon","EMA, near21",7,https://www.tradingview.com/chart/?symbol=NASDAQ:AEHR&interval=D,False,False,False
ATRC,"AtriCure, Inc.",NASDAQ,Medical Specialties,56.37,57.57,56.73,54.41,49.54,39.73,36.12,36.41,56.57,55.46,56.6,53.86,4.47,4.3,2.43,1280713.6,1375910.5333333334,77560077.0,74869025.0,0.86,-1.81,2867333009.9956474,8.34,103,74.04,17,87.71,54,56.7,3.21,-0.64,0.38,1.13,103.5,0.161,38.05,False,False,False,True,True,True,False,False,False,True,True,False,False,False,False,False,2026-11-04,False,False,4,"LoD>60% ATR, thin RVOL",near21,4,https://www.tradingview.com/chart/?symbol=NASDAQ:ATRC&interval=D,False,True,False
AXTI,AXT Inc,NASDAQ,Electronic Production Equipment,86.66,78.92,72.7,68.97,69.02,76.71,73.54,60.7,79.23,74.68,87.94,83.47,7.19,7.97,6.91,7285143.0,8240659.266666667,714135532.0,568333548.0,0.62,1.31,5682574704.874345,50.22,12,46.1,42,69.95,73,55.42,3.21,19.21,2.01,0.65,46.2,0.453,21.03,True,True,True,True,False,False,True,True,False,True,False,True,False,False,False,False,2026-10-29,False,False,5,thin RVOL,"EMA, ADR",8,https://www.tradingview.com/chart/?symbol=NASDAQ:AXTI&interval=D,True,False,False
XMTR,"Xometry, Inc.",NASDAQ,Information Technology Services,107.7,103.28,96.98,95.07,92.33,91.7,76.77,72.64,102.42,98.85,108.55,102.0,5.28,4.91,5.28,909936.1,763115.2666666667,82187514.0,72545680.0,0.92,0.67,6173748822.929874,14.04,74,15.64,98,135.51,23,55.07,3.39,11.06,1.82,1.24,107.9,0.311,28.45,True,True,True,True,False,False,False,False,False,False,True,False,False,False,False,False,2026-11-05,False,False,4,"LoD>60% ATR, thin RVOL",EMA,5,https://www.tradingview.com/chart/?symbol=NASDAQ:XMTR&interval=D,False,False,False
NTSK,"Netskope, Inc.",NASDAQ,Packaged Software,18.42,17.99,17.17,16.22,15.38,13.26,12.13,12.78,17.76,17.11,18.48,17.58,4.58,5.12,0.94,5540135.5,6697478.2,123367548.0,108604074.0,0.53,0.0,7526185868.815775,30.18,28,48.55,39,84.75,56,54.49,3.87,7.28,1.5,0.96,89.1,0.314,31.82,True,True,True,True,False,False,True,False,False,False,False,False,False,False,False,False,2026-12-11,False,False,4,"LoD>60% ATR, thin RVOL",EMA,6,https://www.tradingview.com/chart/?symbol=NASDAQ:NTSK&interval=D,False,False,False
NEO,"NeoGenomics, Inc.",NASDAQ,Medical/Nursing Services,19.13,18.79,18.68,18.28,17.31,14.64,12.55,12.36,18.72,18.48,19.13,18.28,4.39,4.48,0.86,2517743.1,2061738.3333333333,39441054.0,37686515.0,0.84,0.05,2457734948.8673525,11.22,86,26.77,77,124.27,26,54.09,2.35,2.43,0.79,0.99,99.3,0.165,33.61,True,True,True,True,True,True,True,False,False,True,False,False,False,False,False,False,2026-11-10,False,False,4,"LoD>60% ATR, thin RVOL","EMA, near21",8,https://www.tradingview.com/chart/?symbol=NASDAQ:NEO&interval=D,False,False,False
BFLY,"Butterfly Network, Inc.",NYSE,Medical Specialties,9.38,9.2,8.39,8.33,8.43,7.3,6.33,5.7,8.93,8.66,9.54,8.66,7.17,6.85,0.64,6706210.0,5224595.7,49006708.0,43534814.0,0.79,-1.01,2544654961.1508384,28.85,31,15.23,99,117.63,34,53.9,1.65,11.75,1.21,1.36,112.0,0.416,37.32,True,True,True,True,False,True,False,False,False,True,True,False,False,False,False,False,2026-10-29,False,False,4,"LoD>60% ATR, thin RVOL","EMA, near21",6,https://www.tradingview.com/chart/?symbol=NYSE:BFLY&interval=D,False,False,False
DINO,HF Sinclair Corporation,NYSE,Oil Refining/Marketing,115.22,108.58,109.64,106.59,99.91,86.86,78.33,71.46,110.36,108.02,116.43,111.89,4.44,4.07,4.69,2781600.7,2643747.4,304612575.0,281789985.0,0.78,0.11,20484254615.614677,9.59,97,53.96,32,97.8,45,53.78,3.77,5.09,1.64,0.97,71.1,0.132,33.14,True,True,True,True,False,False,True,False,False,False,False,False,False,True,False,False,2026-10-28,False,False,5,LoD>60% ATR,EMA,6,https://www.tradingview.com/chart/?symbol=NYSE:DINO&interval=D,False,False,False
FIVN,"Five9, Inc.",NASDAQ,Packaged Software,34.37,35.59,34.06,33.88,32.59,27.64,24.06,22.66,34.8,34.31,35.17,33.85,6.2,5.68,1.95,2537848.7,2153247.3333333335,74007111.0,72958121.0,0.83,0.63,2568247896.349534,2.62,139,40.4,52,118.22,33,53.75,0.96,0.9,0.03,0.68,26.6,0.279,37.62,False,False,False,True,True,True,True,True,False,True,False,True,False,False,False,False,2026-11-09,False,False,5,thin RVOL,"near21, ADR",7,https://www.tradingview.com/chart/?symbol=NASDAQ:FIVN&interval=D,False,False,False
VICR,Vicor Corporation,NASDAQ,Electronic Components,305.61,289.73,243.31,225.06,221.5,256.7,240.27,217.49,283.83,257.56,309.83,293.07,5.41,5.95,18.18,1045661.5,866786.1,264898500.0,195082058.0,0.77,-0.49,14090678453.780611,67.95,8,15.11,100,74.45,70,52.51,6.38,25.61,3.14,0.92,69.0,0.803,23.64,True,True,True,True,False,False,True,False,False,False,False,False,False,True,False,False,2026-10-27,False,False,4,"LoD>60% ATR, >4x 50-MA",EMA,6,https://www.tradingview.com/chart/?symbol=NASDAQ:VICR&interval=D,True,False,False
ETON,"Eton Pharmaceuticals, Inc.",NASDAQ,Pharmaceuticals: Major,55.62,56.27,56.63,58.21,54.87,44.66,37.69,32.31,55.75,56.28,56.86,54.5,6.34,6.34,3.53,755501.7,581675.3666666667,32352784.0,33860002.0,0.54,0.89,1589794020.3414018,-7.1,224,44.73,44,119.76,30,52.46,0.22,-1.78,0.19,0.67,31.7,0.154,43.73,False,False,False,True,True,True,True,True,False,True,False,True,False,False,False,False,2026-11-05,False,False,5,thin RVOL,"near21, ADR",7,https://www.tradingview.com/chart/?symbol=NASDAQ:ETON&interval=D,False,False,False
FCEL,"FuelCell Energy, Inc.",NASDAQ,Electronic Equipment/Instruments,18.07,17.05,16.81,16.95,18.49,20.24,16.45,14.37,17.2,17.21,18.18,16.86,5.82,8.07,1.46,4999753.499999998,6327971.699999995,114346449.0,107286542.0,1.11,-1.95,1444772215.941527,24.45,44,-35.68,360,168.1,18,52.29,-0.28,7.52,0.62,0.9,82.9,0.239,32.52,False,False,False,True,False,True,True,False,False,True,False,False,False,False,False,False,2026-12-17,False,False,4,"LoD>60% ATR, thin RVOL",near21,4,https://www.tradingview.com/chart/?symbol=NASDAQ:FCEL&interval=D,False,False,True
U,Unity Software Inc.,NYSE,Packaged Software,45.68,42.36,42.5,42.66,41.67,35.13,31.03,31.93,42.8,42.47,46.34,43.57,4.76,4.67,2.13,12116844.7,9921821.6,453228811.0,423264909.0,0.71,0.09,20103262522.151802,10.18,91,51.06,35,94.88,47,52.04,2.06,7.49,1.62,1.3,99.1,0.134,25.1,True,True,True,True,False,False,False,False,False,False,True,False,False,True,False,False,2026-11-11,False,False,5,LoD>60% ATR,EMA,5,https://www.tradingview.com/chart/?symbol=NYSE:U&interval=D,False,False,False
SMCI,"Super Micro Computer, Inc.",NASDAQ,Computer Processing Hardware,43.19,42.04,40.35,39.4,36.78,34.76,32.43,32.06,41.85,40.47,44.05,42.8,4.6,5.13,2.21,33516460.6,36750546.833333336,1587256118.0,1447934795.0,0.61,-0.27,28374334434.79034,13.18,79,62.49,25,80.03,63,51.9,3.4,7.04,1.31,0.56,17.6,0.219,23.11,True,True,True,True,False,True,True,True,False,True,False,True,False,True,False,False,2026-11-03,False,False,6,,"EMA, near21, ADR",9,https://www.tradingview.com/chart/?symbol=NASDAQ:SMCI&interval=D,False,False,False
GPRO,"GoPro, Inc.",NASDAQ,Electronics/Appliances,1.36,1.31,1.33,1.22,1.0,0.93,0.96,1.02,1.32,1.27,1.39,1.33,5.62,8.42,0.11,10478365.1,65642518.7,89273825.0,79977751.0,0.94,-1.48,254514118.34074074,-8.11,235,84.47,15,74.36,71,50.24,4.26,2.04,0.88,0.52,26.2,0.149,29.6,True,True,True,True,True,True,True,False,False,True,False,True,False,False,False,False,2026-11-05,False,False,4,">4x 50-MA, thin RVOL","EMA, near21",9,https://www.tradingview.com/chart/?symbol=NASDAQ:GPRO&interval=D,False,True,False
BB,BlackBerry Limited,NYSE,Packaged Software,9.08,8.81,8.33,8.19,8.34,8.83,7.3,6.4,8.82,8.55,9.32,9.0,5.96,5.37,0.49,26545736.8,15471258.333333341,140479026.0,126642564.0,0.57,0.0,5330252432.964474,18.38,61,-18.16,266,150.14,19,50.12,1.65,9.04,1.16,0.67,16.4,0.271,26.71,True,True,True,True,False,True,True,True,False,True,False,True,False,False,False,False,2026-12-17,False,False,5,thin RVOL,"EMA, near21, ADR",9,https://www.tradingview.com/chart/?symbol=NYSE:BB&interval=D,False,False,True
S,"SentinelOne, Inc.",NYSE,Packaged Software,25.43,23.93,22.82,22.15,21.66,19.37,17.61,16.74,24.01,23.13,25.51,24.95,4.1,4.27,1.09,8258968.8,9177554.566666666,233385213.0,203267538.0,1.03,0.4,8850889270.567438,27.21,35,37.83,58,84.41,57,49.82,4.08,11.42,2.33,0.52,44.2,0.313,28.27,True,True,True,True,False,False,True,True,False,True,False,True,False,False,False,False,2026-12-08,False,False,4,">4x 50-MA, thin RVOL","EMA, ADR",8,https://www.tradingview.com/chart/?symbol=NYSE:S&interval=D,False,False,False
VLO,Valero Energy Corporation,NYSE,Oil Refining/Marketing,419.33,392.2,393.6,381.13,357.42,311.2,286.87,261.57,398.66,388.6,421.98,404.21,4.31,3.81,15.98,3864525.299999976,3449875.100000004,1446636126.0,1314840547.0,0.64,-0.32,120736618055.38628,13.79,75,56.42,29,78.44,65,49.55,4.54,6.54,2.07,1.11,94.6,0.126,31.49,True,True,True,True,False,False,False,False,False,False,True,False,False,True,False,False,2026-10-22,False,False,4,"LoD>60% ATR, >4x 50-MA",EMA,5,https://www.tradingview.com/chart/?symbol=NYSE:VLO&interval=D,False,False,False
ZETA,Zeta Global Holdings Corp.,NYSE,Packaged Software,32.88,30.64,30.65,30.51,28.72,24.54,22.08,21.34,31.25,30.6,34.8,32.44,4.47,4.58,1.51,6304384.2,6488765.2,213350600.0,197974389.0,1.51,1.13,8253327235.513331,0.7,161,48.91,38,93.41,48,47.68,3.16,7.28,1.63,1.57,29.2,0.14,28.31,True,True,True,True,False,False,False,False,False,False,True,True,True,True,True,False,2026-11-10,False,False,6,,"EMA, RVOL",6,https://www.tradingview.com/chart/?symbol=NYSE:ZETA&interval=D,False,False,False
INTC,Intel Corporation,NASDAQ,Semiconductors,116.19,120.46,112.65,105.12,101.35,108.31,93.97,81.57,117.38,112.63,118.06,115.31,4.76,5.16,5.99,98740000.3,101523596.1,11796026631.0,10672261946.0,0.74,-3.35,614192603838.4341,25.68,41,-0.09,166,109.86,39,45.15,2.84,3.14,0.61,0.46,14.7,0.339,33.46,False,False,False,True,False,True,True,True,False,True,False,True,False,True,False,False,2026-10-22,False,True,5,large gap,"near21, ADR",6,https://www.tradingview.com/chart/?symbol=NASDAQ:INTC&interval=D,False,False,False
TEM,"Tempus AI, Inc.",NASDAQ,Packaged Software,83.55,80.73,74.39,71.42,63.39,57.3,54.92,56.52,79.39,75.26,84.01,76.17,6.37,6.23,5.21,6794399.4,7048588.866666666,588909600.0,503386722.0,1.1,0.07,15075324071.742792,29.01,30,37.99,57,66.53,77,44.51,5.1,12.31,1.77,1.51,141.7,0.471,30.89,True,True,True,True,False,False,False,False,False,False,True,False,False,True,False,False,2026-11-10,False,False,4,"LoD>60% ATR, >4x 50-MA",EMA,5,https://www.tradingview.com/chart/?symbol=NASDAQ:TEM&interval=D,False,False,False
SNDK,Sandisk Corporation,NASDAQ,Computer Peripherals,1704.16,1762.94,1711.66,1654.28,1545.02,1637.81,1382.71,1153.33,1732.2,1698.72,1743.24,1681.0,5.06,5.73,97.59,7882132.6,9887297.166666666,16849536340.0,16356346422.0,0.79,0.29,249521412440.6768,7.45,112,5.24,139,117.37,35,43.35,1.8,-0.44,0.06,0.64,23.7,0.221,35.77,False,False,False,True,True,True,True,True,False,True,False,True,False,True,False,False,2026-10-29,False,False,6,,"near21, ADR",7,https://www.tradingview.com/chart/?symbol=NASDAQ:SNDK&interval=D,False,False,False
OSCR,"Oscar Health, Inc.",NYSE,Managed Health Care,32.42,30.32,31.36,31.21,30.85,29.07,24.44,22.01,30.85,30.95,32.66,30.84,5.22,5.13,1.66,5024783.6,5139379.666666667,166618689.0,160418884.0,0.87,0.1,8865864943.325792,0.71,160,2.27,154,126.16,25,43.05,0.99,3.36,0.92,1.1,95.1,0.169,28.85,True,True,False,True,False,True,False,False,False,True,True,False,False,False,False,False,2026-11-10,False,False,4,"LoD>60% ATR, thin RVOL",near21,5,https://www.tradingview.com/chart/?symbol=NYSE:OSCR&interval=D,False,False,False
DK,"Delek US Holdings, Inc.",NYSE,Oil Refining/Marketing,75.4,71.18,73.98,73.07,69.84,60.02,54.42,48.66,72.78,72.5,76.37,73.69,5.21,5.39,4.07,2656690.1,2482687.8333333335,187194663.0,181402552.0,0.58,0.07,4616906065.887587,5.45,123,41.65,49,79.87,64,42.32,1.48,1.92,0.74,0.66,42.1,0.209,33.58,True,True,True,True,True,True,True,True,False,True,False,True,False,False,False,False,2026-11-11,False,False,5,thin RVOL,"EMA, near21, ADR",10,https://www.tradingview.com/chart/?symbol=NYSE:DK&interval=D,False,False,False
CLMT,"Calumet, Inc",NASDAQ,Oil Refining/Marketing,56.03,54.15,55.63,53.64,50.18,43.16,39.35,35.27,54.65,54.12,56.43,54.59,4.48,4.34,2.43,1664584.4,1445118.6,80969995.0,77520015.0,0.76,-0.25,4924937802.168957,4.96,127,50.34,36,70.62,72,41.97,2.69,0.71,0.81,0.76,59.1,0.147,36.35,True,True,True,True,True,True,True,True,False,True,False,True,False,False,False,False,2026-11-06,False,False,5,thin RVOL,"EMA, near21, ADR",10,https://www.tradingview.com/chart/?symbol=NASDAQ:CLMT&interval=D,False,False,False
NET,"Cloudflare, Inc.",NYSE,Information Technology Services,359.49,352.63,336.69,320.39,309.67,275.78,252.86,236.02,348.77,336.54,366.13,348.57,4.56,4.49,16.13,2893067.2,3080234.3666666667,1107313452.0,986862941.0,1.07,0.59,128007099221.05972,27.37,34,38.71,55,59.77,85,41.95,3.59,6.77,1.52,1.09,67.7,0.24,32.44,True,True,True,True,False,False,False,False,False,False,True,False,False,True,False,False,2026-10-29,False,False,5,LoD>60% ATR,EMA,5,https://www.tradingview.com/chart/?symbol=NYSE:NET&interval=D,False,False,False
SBET,"Sharplink, Inc.",NASDAQ,Advertising/Marketing Services,9.59,9.64,9.2,8.96,7.97,6.84,6.98,7.39,9.45,9.13,9.81,9.4,5.65,6.04,0.58,7511561.2,8725839.800000025,83680804.0,78142804.0,0.68,2.46,2083174430.6695187,11.51,84,71.86,19,41.03,113,41.47,3.37,4.18,0.83,0.72,33.6,0.27,29.17,False,False,True,True,False,True,True,False,False,True,False,True,False,False,False,False,2026-11-12,False,True,4,"thin RVOL, large gap","EMA, near21",6,https://www.tradingview.com/chart/?symbol=NASDAQ:SBET&interval=D,False,True,False
AMBQ,"Ambiq Micro, Inc.",NYSE,Semiconductors,65.92,68.34,65.51,62.96,63.21,71.57,58.32,51.52,67.2,65.83,69.51,65.87,5.86,5.96,3.93,463809.3,536198.6,35346212.0,33761566.0,1.03,1.95,1594244619.423878,14.31,72,-18.06,265,126.53,24,40.92,0.72,0.62,0.02,0.93,1.3,0.238,30.43,False,False,False,True,True,True,True,False,False,True,False,True,False,False,False,False,2026-11-05,False,False,5,thin RVOL,near21,6,https://www.tradingview.com/chart/?symbol=NYSE:AMBQ&interval=D,False,False,False
MANE,"Veradermics, Incorporated",NYSE,Pharmaceuticals: Major,118.87,117.31,110.5,106.8,107.58,107.31,95.64,,115.99,112.3,119.12,114.8,5.25,5.04,6.0,769029.2,700021.7,83211579.0,74761151.0,0.69,-0.27,4966404869.796762,20.17,57,-4.13,180,105.91,40,40.65,2.08,7.58,1.16,0.72,67.9,0.275,18.23,False,True,True,False,False,True,True,True,False,True,False,False,False,False,False,False,2026-12-02,False,False,3,"LoD>60% ATR, thin RVOL, below 200-MA","EMA, near21, ADR",6,https://www.tradingview.com/chart/?symbol=NYSE:MANE&interval=D,False,False,False
OUST,"Ouster, Inc.",NASDAQ,Semiconductors,44.12,41.53,38.4,37.39,39.12,40.43,34.62,31.53,41.25,39.69,44.97,42.14,5.7,6.12,2.7,2626145.1,2198281.6666666665,96988187.0,82200346.0,1.14,0.02,3181596185.7607565,23.38,48,-6.66,192,104.73,42,40.48,2.09,14.9,1.82,1.05,73.3,0.37,22.68,True,True,True,True,False,False,False,False,False,False,True,False,False,False,False,False,2026-11-05,False,False,4,"LoD>60% ATR, thin RVOL",EMA,5,https://www.tradingview.com/chart/?symbol=NASDAQ:OUST&interval=D,False,False,False
SITM,SiTime Corporation,NASDAQ,Semiconductors,710.04,660.66,627.11,611.52,613.46,644.36,581.77,530.6,665.32,640.92,724.0,700.08,4.44,5.37,38.09,401169.2,418490.6,297145066.0,255914186.0,0.58,0.58,21351638038.29313,20.87,55,22.42,84,77.51,66,40.27,2.93,13.22,2.01,0.63,26.1,0.289,18.32,True,True,True,True,False,False,True,False,False,False,False,True,False,True,False,False,2026-11-04,False,False,6,,EMA,7,https://www.tradingview.com/chart/?symbol=NASDAQ:SITM&interval=D,False,False,False
MAN,ManpowerGroup,NYSE,Personnel Services,54.2,56.32,56.85,58.49,57.67,46.67,40.74,38.2,55.98,56.84,55.0,53.5,4.11,4.41,2.39,958718.2,820059.1,44447203.0,47969084.0,0.98,0.2,2520601857.7732644,-10.83,256,42.18,48,89.38,52,40.24,-1.36,-4.65,1.05,0.63,29.3,0.078,35.93,False,False,False,True,False,True,True,True,True,True,False,True,False,False,False,False,2026-10-15,False,False,5,thin RVOL,"near21, ADR, BB",7,https://www.tradingview.com/chart/?symbol=NYSE:MAN&interval=D,False,False,False
MGNI,"Magnite, Inc.",NASDAQ,Packaged Software,24.96,24.64,24.42,24.21,23.5,20.24,17.77,16.91,24.77,24.45,25.38,24.75,4.24,4.3,1.07,2159644.1999999997,2236879.333333331,55832508.0,54154849.0,0.7,1.05,3579867063.0715733,2.13,142,18.86,89,97.0,46,39.33,1.44,2.22,0.49,0.59,19.5,0.126,30.94,True,True,True,True,True,True,True,True,False,True,False,True,False,False,False,False,2026-11-11,False,False,5,thin RVOL,"EMA, near21, ADR",10,https://www.tradingview.com/chart/?symbol=NASDAQ:MGNI&interval=D,False,False,False
FORM,"FormFactor, Inc.",NASDAQ,Semiconductors,147.99,137.81,124.39,117.23,116.16,121.27,119.7,109.0,138.19,128.59,151.17,143.69,4.05,4.93,7.29,2601642.1,1650710.6333333333,244288667.0,193507030.0,10.41,0.91,11561085995.76024,48.52,13,32.39,67,32.38,135,37.77,5.56,18.97,3.06,1.03,59.0,0.498,19.47,True,True,True,True,False,False,False,False,False,False,True,True,True,True,True,False,2026-11-04,False,False,5,>4x 50-MA,"EMA, RVOL",6,https://www.tradingview.com/chart/?symbol=NASDAQ:FORM&interval=D,True,False,False
BE,Bloom Energy Corporation,NYSE,Electronic Production Equipment,286.65,279.16,273.9,255.73,238.19,254.03,233.28,208.42,279.1,268.73,291.96,282.34,6.39,7.02,20.12,14070882.0,15808085.833333334,4531387804.0,4042601790.0,0.51,0.29,84426261304.16463,21.04,53,0.05,165,91.87,50,37.65,2.9,4.66,0.95,0.48,21.4,0.147,24.68,True,True,True,True,False,True,True,True,False,True,False,True,False,True,False,False,2026-10-29,False,False,6,,"EMA, near21, ADR",9,https://www.tradingview.com/chart/?symbol=NYSE:BE&interval=D,False,False,False
SLS,"SELLAS Life Sciences Group, Inc.",NASDAQ,Pharmaceuticals: Major,11.63,11.72,11.96,12.6,12.32,11.24,9.15,7.83,11.74,12.01,11.77,11.35,6.16,7.59,0.88,4919999.2,6658111.0,77433831.0,83913283.0,0.9,0.26,2348628552.4190803,-13.92,284,-16.36,248,142.8,22,37.51,-0.73,-2.78,0.42,0.48,31.7,0.271,38.59,False,False,False,True,True,True,True,True,False,True,False,True,False,False,False,False,2026-11-18,False,False,5,thin RVOL,"near21, ADR",7,https://www.tradingview.com/chart/?symbol=NASDAQ:SLS&interval=D,False,False,False
NAT,Nordic American Tankers Limited,NYSE,Marine Shipping,8.37,7.93,7.81,7.51,7.13,6.43,6.18,5.67,8.04,7.78,8.71,8.16,4.09,4.02,0.34,5026194.7,4935373.266666667,41309074.0,37072879.0,1.5,1.84,1772353008.0961995,17.89,63,42.83,47,50.81,100,37.18,4.33,7.14,1.9,1.63,62.4,0.184,26.98,True,True,True,True,False,False,False,False,False,False,True,False,False,False,True,False,2026-12-02,False,False,3,"LoD>60% ATR, >4x 50-MA, thin RVOL","EMA, RVOL",5,https://www.tradingview.com/chart/?symbol=NYSE:NAT&interval=D,False,False,False
TENB,"Tenable Holdings, Inc.",NASDAQ,Packaged Software,38.51,35.88,35.28,35.26,35.26,33.04,28.55,26.97,36.23,35.74,38.73,36.8,4.82,5.37,2.07,2915696.7,5016357.333333333,193179921.0,176885120.0,1.24,0.3,4241490613.07924,13.53,76,-8.43,200,105.39,41,36.83,1.71,9.16,1.44,0.93,82.6,0.217,23.15,True,True,True,True,False,True,True,False,False,True,False,False,False,False,True,False,2026-11-04,False,False,4,"LoD>60% ATR, thin RVOL","EMA, near21, RVOL",7,https://www.tradingview.com/chart/?symbol=NASDAQ:TENB&interval=D,False,False,False
NBIS,Nebius Group N.V.,NASDAQ,Packaged Software,232.57,235.63,229.82,223.93,219.75,223.33,193.3,168.5,233.86,229.76,244.49,230.51,6.34,6.85,15.92,14203106.4,14676566.733333332,3413329125.0,3286526035.0,1.04,0.53,63225370205.77327,10.65,89,14.95,101,83.3,58,36.3,0.85,1.2,0.18,0.88,12.9,0.188,28.87,False,False,False,True,True,True,True,False,False,True,False,True,False,True,False,False,2026-10-22,False,False,6,,near21,6,https://www.tradingview.com/chart/?symbol=NASDAQ:NBIS&interval=D,False,False,False
CBRL,"Cracker Barrel Old Country Store, Inc.",NASDAQ,Restaurants,56.32,51.93,49.73,51.78,53.85,48.59,42.13,39.21,52.52,51.72,56.55,54.23,4.72,4.71,2.65,1305645.3,1049975.8,59134637.0,54362497.0,0.54,0.34,1258888838.611191,4.39,132,11.08,114,92.28,49,35.92,0.97,13.24,1.89,0.87,78.8,0.313,25.99,True,True,True,True,False,False,True,False,False,False,False,False,False,False,False,False,2026-11-27,False,False,4,"LoD>60% ATR, thin RVOL",EMA,6,https://www.tradingview.com/chart/?symbol=NASDAQ:CBRL&interval=D,False,False,False
LITE,Lumentum Holdings Inc.,NASDAQ,Electrical Products,1091.67,984.23,952.25,931.13,885.6,869.92,846.42,749.31,1002.64,960.8,1124.4,1072.04,5.57,5.98,65.24,4494462.7,4446747.266666667,4854380589.0,4140479772.0,0.65,0.63,97922799632.62187,26.73,37,56.08,30,24.42,155,35.75,3.89,14.64,2.28,0.8,30.1,0.271,21.52,True,True,True,True,False,False,True,False,False,False,False,True,False,True,False,False,2026-11-10,False,False,6,,EMA,7,https://www.tradingview.com/chart/?symbol=NASDAQ:LITE&interval=D,False,False,False
SWKS,"Skyworks Solutions, Inc.",NASDAQ,Semiconductors,83.91,87.18,85.99,80.12,74.7,71.95,67.56,65.88,85.74,83.66,84.9,80.87,5.05,5.29,4.44,7404388.8,7904334.833333333,663252736.0,633316385.0,6.01,-0.15,12626170647.699282,18.03,62,38.99,53,49.15,102,35.39,2.33,-2.42,0.06,0.91,68.4,0.207,25.38,False,False,False,True,True,True,True,False,False,True,False,False,True,True,True,False,2026-10-29,False,False,5,LoD>60% ATR,"near21, RVOL",5,https://www.tradingview.com/chart/?symbol=NASDAQ:SWKS&interval=D,False,False,False
MSTR,Strategy Inc,NASDAQ,Internet Software/Services,164.43,159.96,148.79,142.72,125.06,122.82,131.77,135.98,157.31,149.14,166.2,160.12,5.08,5.54,9.11,19588419.3,24862803.666666668,4088190807.0,3548518791.0,0.83,2.92,63178198482.01707,19.72,58,62.51,24,23.02,161,35.08,5.68,10.51,1.85,0.67,47.3,0.392,22.59,True,True,True,True,False,False,True,True,False,True,False,True,False,True,False,False,2026-11-04,False,True,4,">4x 50-MA, large gap","EMA, ADR",8,https://www.tradingview.com/chart/?symbol=NASDAQ:MSTR&interval=D,False,False,False
BMNR,"BitMine Immersion Technologies, Inc.",NYSE,Financial Conglomerates,26.79,27.16,26.01,25.55,22.74,19.7,20.23,21.65,26.62,25.84,27.29,26.34,5.2,5.98,1.6,32515838.7,42243842.0,1131712527.0,1079442813.0,0.84,2.02,16160434985.754473,5.74,122,74.53,16,23.29,160,34.52,2.97,3.02,0.61,0.6,28.4,0.251,27.84,False,False,True,True,False,True,True,True,False,True,False,True,False,True,False,False,2026-11-20,False,True,5,large gap,"EMA, near21, ADR",7,https://www.tradingview.com/chart/?symbol=NYSE:BMNR&interval=D,False,True,False
PARR,"Par Pacific Holdings, Inc. Common Stock",NYSE,Oil Refining/Marketing,87.52,80.59,82.12,80.86,79.76,70.36,66.95,59.85,82.62,81.53,88.34,83.55,5.03,5.15,4.51,936984.7000000015,932860.0333333337,81643910.0,75427020.0,0.79,1.46,4384719482.152381,8.4,101,43.78,46,50.9,99,34.36,1.89,6.57,1.43,1.06,88.0,0.158,25.44,True,True,True,True,False,True,False,False,False,True,True,False,False,False,False,False,2026-11-09,False,False,4,"LoD>60% ATR, thin RVOL","EMA, near21",6,https://www.tradingview.com/chart/?symbol=NYSE:PARR&interval=D,False,False,False
AMLX,"Amylyx Pharmaceuticals, Inc.",NASDAQ,Pharmaceuticals: Major,27.78,29.51,31.16,32.6,29.52,22.64,20.22,18.59,29.37,30.4,28.09,27.34,4.96,5.57,1.55,1263647.9,1643561.6666666667,45658143.0,53579289.0,0.74,0.47,3486752540.495862,-16.78,314,53.99,31,65.75,78,34.32,-1.06,-10.86,1.55,0.48,28.4,0.26,45.25,False,False,False,True,False,False,True,True,False,True,False,True,False,False,False,False,2026-11-05,False,False,5,thin RVOL,ADR,5,https://www.tradingview.com/chart/?symbol=NASDAQ:AMLX&interval=D,False,False,False
CRDO,Credo Technology Group Holding Ltd,NASDAQ,Information Technology Services,212.48,201.45,183.34,191.61,208.05,219.8,192.57,177.73,201.02,196.55,220.96,206.06,5.67,6.73,14.3,8363272.1,8624045.933333334,1832437280.0,1652413196.0,0.89,0.94,39936023755.767296,31.08,27,-14.96,242,86.6,55,34.24,0.32,15.89,1.2,1.04,44.9,0.453,19.8,False,True,True,True,False,True,False,False,False,True,True,True,False,True,False,False,2026-12-02,False,False,6,,"EMA, near21",6,https://www.tradingview.com/chart/?symbol=NASDAQ:CRDO&interval=D,False,False,False
HPQ,HP Inc.,NYSE,Information Technology Services,31.47,31.57,32.5,31.89,30.7,27.34,24.75,23.66,31.82,31.82,32.08,31.14,4.1,4.27,1.34,12780723.799999993,16471285.733333435,518351362.0,525269302.0,0.66,-0.37,28379362318.32908,-1.5,176,38.21,56,65.37,79,34.03,0.59,-3.17,0.26,0.7,24.9,0.161,28.09,False,False,False,True,False,True,True,True,False,True,False,True,False,True,False,False,2026-12-01,False,False,6,,"near21, ADR",6,https://www.tradingview.com/chart/?symbol=NYSE:HPQ&interval=D,False,False,False
RGEN,Repligen Corporation,NASDAQ,Pharmaceuticals: Major,189.5,188.09,179.79,178.63,170.82,150.48,140.33,143.66,185.58,181.59,191.26,178.61,4.15,4.21,7.97,1365614.9,1095036.3333333333,207509385.0,195604880.0,1.25,-1.62,10694549687.550909,13.3,78,31.07,72,56.86,91,33.74,2.6,5.4,1.03,1.59,136.6,0.221,25.21,True,True,True,True,False,True,False,False,False,True,True,False,False,True,True,False,2026-11-03,False,False,5,LoD>60% ATR,"EMA, near21, RVOL",6,https://www.tradingview.com/chart/?symbol=NASDAQ:RGEN&interval=D,False,False,False
APPN,Appian Corporation,NASDAQ,Packaged Software,38.21,36.68,36.62,37.86,35.7,29.44,27.45,28.02,36.92,36.89,38.21,36.57,4.74,5.29,2.02,734738.0,893847.3,34153905.0,33844634.0,0.74,-0.16,2736917202.368866,-4.67,201,52.84,33,52.6,96,33.59,1.33,4.34,0.68,0.81,81.1,0.164,24.15,True,True,True,True,False,True,True,False,False,True,False,False,False,False,False,False,2026-10-29,False,False,4,"LoD>60% ATR, thin RVOL","EMA, near21",7,https://www.tradingview.com/chart/?symbol=NASDAQ:APPN&interval=D,False,False,False
SG,"Sweetgreen, Inc.",NYSE,Restaurants,9.09,8.46,7.72,7.42,6.88,7.55,7.04,6.91,8.48,7.92,9.4,8.96,4.74,5.08,0.46,5735504.2,5090618.466666667,46273722.0,37767298.0,0.78,1.54,1082085611.7857141,36.69,20,11.12,113,51.75,98,33.19,6.32,17.77,2.91,0.93,27.1,0.435,17.35,True,True,True,True,False,False,True,False,False,False,False,True,False,False,False,False,2026-11-05,False,False,4,">4x 50-MA, thin RVOL",EMA,7,https://www.tradingview.com/chart/?symbol=NYSE:SG&interval=D,True,False,False
FROG,JFrog Ltd.,NASDAQ,Packaged Software,97.86,93.28,92.1,92.63,90.09,86.2,73.06,68.57,94.32,93.0,98.89,95.46,4.85,5.19,5.08,1568670.2,1805532.4666666666,176689407.0,167246472.0,0.64,1.34,12066266716.129005,9.04,99,-0.66,167,89.43,51,32.6,1.66,6.26,1.01,0.68,47.3,0.148,25.26,True,True,True,True,False,True,True,True,False,True,False,True,False,True,False,False,2026-11-04,False,False,6,,"EMA, near21, ADR",9,https://www.tradingview.com/chart/?symbol=NASDAQ:FROG&interval=D,False,False,False
AMRX,"Amneal Pharmaceuticals, Inc.",NASDAQ,Pharmaceuticals: Major,20.35,20.0,18.86,18.5,18.37,16.89,15.5,15.05,19.88,19.24,20.59,20.23,4.77,3.71,0.76,3124936.4,2570345.6333333333,52306534.0,47551823.0,1.18,0.64,6498851872.017242,15.82,71,18.25,91,60.81,83,31.62,2.91,7.89,1.56,0.48,15.9,0.291,24.32,True,True,True,True,False,False,True,True,False,True,False,True,False,False,False,False,2026-10-29,False,False,5,thin RVOL,"EMA, ADR",8,https://www.tradingview.com/chart/?symbol=NASDAQ:AMRX&interval=D,False,False,False
GEO,Geo Group Inc (The) REIT,NYSE,Miscellaneous Commercial Services,32.34,30.97,31.19,31.38,31.24,29.34,25.4,23.07,31.21,31.19,33.17,31.67,4.38,4.14,1.34,2891147.3,2406593.433333333,77829232.0,75521309.0,1.7,4.91,4256577400.9687505,5.34,124,8.27,127,80.37,62,31.33,0.85,3.67,0.89,1.12,50.0,0.088,25.28,True,True,True,True,False,True,False,False,True,True,True,True,True,True,True,False,2026-11-05,False,True,5,large gap,"EMA, near21, BB, RVOL",8,https://www.tradingview.com/chart/?symbol=NYSE:GEO&interval=D,False,False,False
GCT,GigaCloud Technology Inc,NASDAQ,Wholesale Distributors,54.66,52.98,52.69,52.07,50.46,42.74,43.16,42.27,53.06,52.39,55.0,53.42,4.61,4.51,2.47,671905.0,605913.5666666667,33119236.0,31549213.0,0.84,1.75,1951921575.0128372,8.97,100,60.39,26,23.39,159,30.91,1.84,3.75,0.96,0.64,50.1,0.073,19.59,True,True,True,True,False,True,True,True,True,True,False,True,False,False,False,False,2026-11-26,False,False,5,thin RVOL,"EMA, near21, ADR, BB",10,https://www.tradingview.com/chart/?symbol=NASDAQ:GCT&interval=D,False,False,False
STX,Seagate Technology Holdings PLC,NASDAQ,Computer Peripherals,887.09,910.54,874.4,857.64,855.42,871.45,752.05,653.7,894.2,880.44,903.0,875.0,4.98,6.27,55.65,4513219.2,3956529.8,3509798020.0,3393263051.0,1.28,3.18,201718072350.3466,8.35,102,8.01,128,76.29,68,30.88,0.59,1.45,0.12,0.5,21.7,0.232,28.95,False,False,False,True,True,True,True,True,False,True,False,True,False,True,True,False,2026-10-28,False,True,5,large gap,"near21, ADR, RVOL",7,https://www.tradingview.com/chart/?symbol=NASDAQ:STX&interval=D,False,False,False
ZS,"Zscaler, Inc.",NASDAQ,Packaged Software,201.8,202.67,193.09,187.84,180.28,161.79,155.43,166.27,199.16,194.23,205.2,196.95,4.34,4.64,9.36,2792845.4,3364709.433333333,678998364.0,632031506.0,0.85,0.27,32904440038.679554,21.46,50,32.12,69,35.88,126,29.82,2.57,4.51,0.84,0.88,51.8,0.33,23.41,False,False,True,True,False,True,True,False,False,True,False,True,False,True,False,False,2026-12-01,False,False,6,,"EMA, near21",6,https://www.tradingview.com/chart/?symbol=NASDAQ:ZS&interval=D,False,False,False
AYA,Aya Gold & Silver Inc.,NASDAQ,Precious Metals,27.03,27.66,27.92,27.97,26.56,22.84,20.8,19.82,27.4,27.53,27.35,26.26,4.48,5.36,1.45,1041676.2,1284230.7666666666,34712758.0,35917794.0,0.8,0.11,3893297938.1323686,-6.11,212,34.14,65,59.09,88,29.04,0.33,-3.18,0.34,0.75,53.3,0.156,29.95,False,False,False,True,False,True,True,False,False,True,False,True,False,False,False,False,2026-11-17,False,False,5,thin RVOL,near21,5,https://www.tradingview.com/chart/?symbol=NASDAQ:AYA&interval=D,False,False,False
IBRX,"ImmunityBio, Inc.",NASDAQ,Pharmaceuticals: Major,10.38,9.17,8.68,8.47,8.06,7.92,7.9,7.25,9.32,8.85,10.81,10.12,6.33,5.9,0.61,15638215.6,11638678.0,120809478.0,98554386.0,1.11,4.62,11001100669.359262,28.47,32,15.85,97,42.19,109,28.84,4.87,19.64,2.94,1.12,41.7,0.327,18.57,True,True,True,True,False,False,False,False,False,False,True,True,False,True,False,False,2026-11-05,False,True,4,">4x 50-MA, large gap",EMA,6,https://www.tradingview.com/chart/?symbol=NASDAQ:IBRX&interval=D,False,False,False
SAIL,"SailPoint, Inc.",NASDAQ,Packaged Software,20.29,20.84,19.96,19.67,18.99,17.05,15.6,16.06,20.48,20.1,20.85,19.78,5.38,5.69,1.15,5810966.4,5039919.7,102259971.0,99128501.0,0.62,0.29,11583796964.854136,6.23,120,26.65,78,53.6,94,28.83,1.2,1.64,0.17,0.92,43.7,0.263,25.83,False,False,False,True,True,True,True,False,False,True,False,True,False,True,False,False,2026-12-15,False,False,6,,near21,6,https://www.tradingview.com/chart/?symbol=NASDAQ:SAIL&interval=D,False,False,False
SYRE,"Spyre Therapeutics, Inc.",NASDAQ,Pharmaceuticals: Major,92.72,88.83,89.66,90.86,95.79,90.38,79.05,67.92,89.94,90.61,95.01,89.49,4.71,5.31,4.92,1216726.1999999995,1311558.9333333333,121607744.0,119173054.0,0.5,-0.18,8175471898.383947,7.25,114,3.02,146,75.94,69,28.74,-0.6,3.41,0.44,1.12,65.7,0.11,30.05,False,False,False,True,False,True,False,False,False,True,True,False,False,False,False,False,2026-11-05,False,False,4,"LoD>60% ATR, thin RVOL",near21,3,https://www.tradingview.com/chart/?symbol=NASDAQ:SYRE&interval=D,False,False,False
INSP,"Inspire Medical Systems, Inc.",NYSE,Medical Specialties,70.75,70.37,71.02,67.99,63.64,54.34,54.45,61.09,70.66,69.42,71.36,68.67,5.22,4.96,3.51,877263.6,802364.4666666667,56767286.0,54554365.0,0.69,-0.44,2045409109.3611548,15.98,68,41.58,50,28.64,143,28.73,2.26,-0.38,0.39,0.77,59.2,0.185,23.57,False,False,True,True,True,True,True,True,False,True,False,True,False,False,False,False,2026-11-09,False,False,5,thin RVOL,"EMA, near21, ADR",8,https://www.tradingview.com/chart/?symbol=NYSE:INSP&interval=D,False,False,False
SECZ,Securitize Corp.,NYSE,Packaged Software,11.7,14.53,11.78,10.07,8.73,9.81,10.27,10.59,13.37,12.01,13.41,11.65,14.76,12.04,1.41,5461405.9,3885067.2333333334,45455287.0,39129102.0,0.5,3.23,1910208492.7482674,69.57,7,9.55,123,6.85,202,28.66,2.83,-0.67,0.22,1.25,3.5,1.092,49.62,False,False,False,True,True,True,False,False,False,True,True,True,False,False,False,False,2026-11-13,False,True,4,"thin RVOL, large gap",near21,5,https://www.tradingview.com/chart/?symbol=NYSE:SECZ&interval=D,True,False,False
ERO,Ero Copper Corp.,NYSE,Other Metals/Minerals,38.44,37.21,35.97,36.44,34.62,31.02,29.87,30.13,36.95,36.28,39.04,37.66,4.12,4.95,1.9,1320628.2,1428757.7666666666,54921449.0,52059647.0,1.03,1.69,4009393240.505458,10.71,88,48.99,37,25.42,151,28.37,2.23,6.88,1.2,0.73,41.0,0.214,19.1,True,True,True,True,False,True,True,False,False,True,False,True,False,False,False,False,2026-11-02,False,False,5,thin RVOL,"EMA, near21",8,https://www.tradingview.com/chart/?symbol=NYSE:ERO&interval=D,False,False,False
SANM,Sanmina Corporation,NASDAQ,Electronic Production Equipment,225.08,221.81,211.87,205.86,202.32,219.49,200.04,188.87,219.89,213.62,230.56,224.99,4.2,4.63,10.41,656571.0,613567.7,138101818.0,126309456.0,0.95,0.41,12063692284.859938,14.25,73,6.23,134,62.58,81,27.69,2.43,6.23,1.16,0.53,0.9,0.217,14.64,True,True,True,True,False,True,True,True,False,True,False,True,False,True,False,False,2026-11-09,False,False,6,,"EMA, near21, ADR",9,https://www.tradingview.com/chart/?symbol=NASDAQ:SANM&interval=D,False,False,False
WOLF,"Wolfspeed, Inc.",NYSE,Semiconductors,33.53,29.28,27.44,27.14,27.33,37.79,33.35,29.58,30.03,28.58,34.64,32.05,6.29,7.45,2.5,2985071.1000001146,2662542.700000022,89275057.0,72251646.0,1.13,-3.51,1774761906.9861112,23.73,46,-10.44,216,68.49,75,27.26,3.05,22.2,2.32,1.04,59.2,0.437,31.19,False,True,True,True,False,False,False,False,False,False,True,True,False,False,False,False,2026-10-28,False,True,4,"thin RVOL, large gap",EMA,5,https://www.tradingview.com/chart/?symbol=NYSE:WOLF&interval=D,False,False,False
NUAI,"New Era Energy & Digital, Inc.",NASDAQ,Engineering & Construction,6.05,6.71,6.39,5.93,5.58,5.33,5.07,5.02,6.46,6.27,6.4,5.81,9.79,9.89,0.6,8871748.6,7590155.033333333,45920438.0,45005824.0,0.65,0.16,644683966.0254371,16.35,65,31.52,71,33.7,133,27.19,0.84,-5.36,0.36,0.99,40.1,0.377,28.01,False,False,False,True,False,True,True,False,False,True,False,True,False,False,False,False,2026-12-02,False,False,5,thin RVOL,near21,5,https://www.tradingview.com/chart/?symbol=NASDAQ:NUAI&interval=D,False,False,False
SEI,"Solaris Energy Infrastructure, Inc.",NYSE,Oilfield Services/Equipment,74.75,70.39,68.12,62.82,60.23,65.92,64.92,61.48,70.85,67.52,75.88,73.62,4.63,5.31,3.97,2188687.8,2558466.1333333333,191245343.0,160733076.0,0.8,0.31,5992389115.677966,39.72,17,11.24,110,26.69,145,25.88,4.54,9.73,2.02,0.57,28.5,0.217,13.6,True,True,True,True,False,False,True,True,False,True,False,True,False,False,False,False,2026-11-02,False,False,4,">4x 50-MA, thin RVOL","EMA, ADR",8,https://www.tradingview.com/chart/?symbol=NYSE:SEI&interval=D,True,False,False
CXW,"CoreCivic, Inc.",NYSE,Miscellaneous Commercial Services,33.73,32.65,33.65,33.62,32.93,29.94,26.53,24.62,33.07,33.23,35.02,33.4,5.33,4.95,1.67,2362358.3,2035633.0,68661901.0,68429160.0,1.29,0.81,3335677571.3667364,0.81,159,8.81,125,66.9,76,25.5,0.49,0.24,0.31,0.97,19.8,0.157,26.77,True,True,False,True,True,True,True,False,False,True,False,True,False,False,True,False,2026-11-09,False,False,5,thin RVOL,"near21, RVOL",8,https://www.tradingview.com/chart/?symbol=NYSE:CXW&interval=D,False,False,False
BRKR,Bruker Corporation,NASDAQ,Medical Specialties,63.86,63.06,60.28,59.46,58.97,57.31,50.68,49.39,62.77,61.28,64.48,62.65,4.7,4.49,2.86,2238325.9,2192452.066666667,140009989.0,130357353.0,0.92,-0.19,9729666048.166668,7.65,109,4.24,142,63.66,80,25.19,1.85,5.95,0.94,0.64,42.2,0.266,21.41,True,True,True,True,False,True,True,True,False,True,False,True,False,False,False,False,2026-10-29,False,False,5,thin RVOL,"EMA, near21, ADR",9,https://www.tradingview.com/chart/?symbol=NASDAQ:BRKR&interval=D,False,False,False
INOD,Innodata Inc.,NASDAQ,Data Processing Services,66.97,69.14,62.43,60.36,61.29,73.5,64.24,61.46,67.13,64.43,71.51,65.35,7.92,7.0,4.69,2261541.6,1427791.2,95619177.0,86176955.0,0.64,1.3,2302606213.3859,21.74,49,-6.1,191,59.19,87,24.94,1.32,7.26,0.56,1.31,34.6,0.453,18.22,False,False,False,True,False,True,False,False,False,True,True,True,False,False,False,False,2026-11-05,False,False,5,thin RVOL,near21,4,https://www.tradingview.com/chart/?symbol=NASDAQ:INOD&interval=D,False,False,False
NEOG,Neogen Corporation,NASDAQ,Medical Specialties,13.01,13.16,12.76,12.4,11.97,10.6,10.2,10.02,12.85,12.68,13.06,11.98,4.8,4.39,0.57,5762824.1,3637464.9,47323418.0,45102746.0,0.91,-1.07,2837559007.5316873,13.43,77,35.66,61,23.43,158,24.17,1.97,1.97,0.59,1.89,180.2,0.23,24.14,False,False,True,True,True,True,False,False,False,True,True,False,False,False,False,False,2026-10-06,True,False,3,"LoD>60% ATR, thin RVOL, earnings soon","EMA, near21",4,https://www.tradingview.com/chart/?symbol=NASDAQ:NEOG&interval=D,False,False,False
DOCN,"DigitalOcean Holdings, Inc.",NYSE,Packaged Software,137.23,139.03,133.74,126.44,125.01,138.24,122.51,105.87,136.89,133.13,141.29,137.01,6.12,6.38,8.75,1900150.4,2493372.2,342165467.0,315255332.0,0.81,-0.49,16135441676.381596,23.76,45,-5.36,188,52.38,97,23.6,1.53,2.61,0.48,0.49,2.5,0.239,24.16,False,False,True,True,True,True,True,True,False,True,False,True,False,True,False,False,2026-11-09,False,False,6,,"EMA, near21, ADR",8,https://www.tradingview.com/chart/?symbol=NYSE:DOCN&interval=D,False,False,False
MRX,Marex Group Limited,NASDAQ,Internet Software/Services,75.21,72.03,72.74,72.77,70.25,65.46,58.86,54.16,72.5,72.29,75.79,72.75,4.3,4.25,3.2,715732.4,771138.2666666667,57997309.0,56119587.0,1.18,0.0,5409920737.352165,-0.58,169,13.95,103,56.98,90,23.45,1.66,3.39,0.95,0.95,76.9,0.113,24.7,True,True,True,True,False,True,True,False,False,True,False,False,False,False,False,False,2026-11-05,False,False,4,"LoD>60% ATR, thin RVOL","EMA, near21",7,https://www.tradingview.com/chart/?symbol=NASDAQ:MRX&interval=D,False,False,False
SHOP,Shopify Inc.,NASDAQ,Miscellaneous Commercial Services,160.11,147.86,139.18,142.16,141.67,127.58,125.4,129.53,147.99,144.08,162.99,151.7,4.04,4.25,6.81,10532300.8,9191571.4,1471662497.0,1306701365.0,0.79,1.1,206004576156.726,10.76,87,30.34,73,28.26,144,23.12,3.06,15.04,2.62,1.66,123.5,0.278,14.03,True,True,True,True,False,False,False,False,False,False,True,False,False,True,False,False,2026-10-22,False,False,5,LoD>60% ATR,EMA,5,https://www.tradingview.com/chart/?symbol=NASDAQ:SHOP&interval=D,False,False,False
ASAN,"Asana, Inc.",NYSE,Packaged Software,9.14,8.87,9.05,9.29,9.14,8.15,7.61,8.37,8.91,9.04,9.15,8.57,6.69,6.78,0.62,6863508.5,7663192.033333333,70041575.0,71224261.0,0.46,0.23,2092786870.9280746,4.58,129,20.26,87,43.49,107,22.77,0.01,0.97,0.16,0.94,91.9,0.224,16.64,True,True,False,True,True,True,True,False,False,True,False,False,False,False,False,False,2026-12-08,False,False,4,"LoD>60% ATR, thin RVOL",near21,7,https://www.tradingview.com/chart/?symbol=NYSE:ASAN&interval=D,False,False,False
VIAV,Viavi Solutions Inc.,NASDAQ,Information Technology Services,46.91,41.41,38.83,37.97,38.45,42.77,41.8,36.93,42.39,40.16,47.68,46.33,4.89,5.39,2.53,6497598.199999998,5114443.866666659,239918562.0,194193729.0,0.74,1.01,11575034251.40934,36.56,21,16.69,95,14.44,185,22.57,4.08,20.81,3.12,0.54,22.9,0.41,12.44,True,True,True,True,False,False,True,True,False,True,False,True,False,True,False,False,2026-10-29,False,False,5,>4x 50-MA,"EMA, ADR",8,https://www.tradingview.com/chart/?symbol=NASDAQ:VIAV&interval=D,True,False,False
MMED,"MiniMed Group, Inc.",NASDAQ,Medical Specialties,20.16,20.16,21.2,21.18,20.4,17.26,,,20.25,20.63,20.17,19.03,4.06,4.48,0.9,4669359.1,3195601.7666666666,64423332.0,67691900.0,4.56,-0.05,5672015111.73198,-15.44,302,32.54,66,48.78,103,21.96,-0.26,-4.9,0.51,1.26,125.2,0.22,19.53,False,False,False,False,False,True,False,False,False,True,True,False,True,True,True,False,2026-12-30,False,False,4,"LoD>60% ATR, below 200-MA","near21, RVOL",2,https://www.tradingview.com/chart/?symbol=NASDAQ:MMED&interval=D,False,False,False
W,Wayfair Inc.,NYSE,Specialty Stores,106.05,101.45,101.61,101.23,100.85,90.34,84.76,88.28,102.07,101.52,107.22,101.52,4.4,4.71,4.99,2456631.9,2321400.466666667,246184519.0,234988405.0,0.99,0.27,14525473337.625181,9.33,98,13.67,106,40.84,114,21.28,1.09,4.37,0.95,1.14,90.8,0.11,15.89,True,True,True,True,False,True,False,False,False,True,True,False,False,True,False,False,2026-11-04,False,False,5,LoD>60% ATR,"EMA, near21",6,https://www.tradingview.com/chart/?symbol=NYSE:W&interval=D,False,False,False
PRGO,Perrigo Company plc,NYSE,Pharmaceuticals: Major,14.44,14.58,14.2,14.3,13.44,12.02,11.63,12.3,14.44,14.25,14.58,14.02,4.59,4.48,0.65,3051177.1,2779064.4,40129690.0,39743400.0,0.62,-0.42,2003828097.5904627,2.63,138,29.04,75,31.39,140,21.02,1.66,1.72,0.29,0.86,65.0,0.162,20.47,False,False,False,True,True,True,True,False,False,True,False,False,False,False,False,False,2026-11-11,False,False,4,"LoD>60% ATR, thin RVOL",near21,5,https://www.tradingview.com/chart/?symbol=NYSE:PRGO&interval=D,False,False,False
TSEM,Tower Semiconductor Ltd.,NASDAQ,Semiconductors,249.57,233.45,222.78,218.93,224.68,240.11,220.84,197.37,234.1,227.91,250.0,240.56,4.45,5.28,13.17,1666849.5,1783605.5,445134425.0,390483860.0,0.96,0.66,28157721231.763138,18.48,60,23.86,81,19.81,174,20.71,2.1,12.03,1.8,0.72,68.4,0.273,17.13,True,True,True,True,False,False,True,False,False,False,False,False,False,True,False,False,2026-11-16,False,False,5,LoD>60% ATR,EMA,6,https://www.tradingview.com/chart/?symbol=NASDAQ:TSEM&interval=D,False,False,False
KSS,Kohl's Corporation,NYSE,Department Stores,19.53,18.27,17.67,17.89,18.34,17.23,16.1,16.88,18.42,18.1,19.78,18.84,4.35,4.73,0.92,4080853.5,4565132.433333334,89157036.0,81668698.0,1.29,0.9,2214241848.9043064,1.45,155,16.81,94,41.52,110,19.93,1.37,10.5,1.66,1.02,74.7,0.204,11.48,True,True,True,True,False,False,False,False,False,False,True,False,False,False,True,False,2026-11-12,False,False,4,"LoD>60% ATR, thin RVOL","EMA, RVOL",5,https://www.tradingview.com/chart/?symbol=NYSE:KSS&interval=D,False,False,False
CLF,Cleveland-Cliffs Inc.,NYSE,Steel,12.2,11.83,11.98,11.92,11.91,11.59,10.87,11.38,11.74,11.84,12.56,11.36,5.15,5.34,0.65,17626056.7,14362743.433333334,175225470.0,171203902.0,1.52,0.35,6960588288.833922,0.0,164,26.42,79,31.32,141,19.25,0.45,1.88,0.57,1.85,129.0,0.18,9.06,True,True,False,True,True,True,False,False,False,True,True,False,True,True,True,False,2026-10-19,False,False,5,LoD>60% ATR,"near21, RVOL",6,https://www.tradingview.com/chart/?symbol=NYSE:CLF&interval=D,False,False,False
TGB,Trekor Metals Limited,AMEX,Other Metals/Minerals,8.91,8.88,8.61,8.73,8.45,7.76,7.51,7.42,8.77,8.69,9.1,8.7,4.9,5.48,0.49,5814030.9,5469806.266666667,48735974.0,47733176.0,0.62,0.0,3261267799.215517,6.45,118,29.13,74,21.22,166,18.94,1.0,3.48,0.46,0.82,43.0,0.198,16.3,True,True,True,True,False,True,True,False,False,True,False,True,False,False,False,False,2026-11-04,False,False,5,thin RVOL,"EMA, near21",8,https://www.tradingview.com/chart/?symbol=AMEX:TGB&interval=D,False,False,False
CLS,"Celestica, Inc.",NYSE,Electronic Components,382.69,368.45,349.17,333.34,331.75,347.27,342.08,331.17,366.73,352.12,393.72,375.41,4.65,5.17,19.78,2361912.3,2195215.533333333,840087032.0,731758268.0,0.46,0.45,48261462621.99827,20.99,54,12.59,109,20.76,168,18.11,2.97,9.6,1.68,0.93,36.8,0.248,9.74,True,True,True,True,False,False,True,False,False,False,False,True,False,True,False,False,2026-10-26,False,False,6,,EMA,7,https://www.tradingview.com/chart/?symbol=NYSE:CLS&interval=D,False,False,False
CHYM,"Chime Financial, Inc.",NASDAQ,Packaged Software,28.29,27.12,29.67,30.82,29.84,24.44,23.23,23.51,27.81,28.92,28.6,27.48,4.23,4.51,1.27,5479111.2,7076587.033333333,200196647.0,218099233.0,0.84,0.92,10710172349.229357,-15.32,299,32.04,70,37.26,122,17.99,-1.15,-4.67,0.48,0.87,63.1,0.38,23.37,False,False,False,True,False,True,True,False,False,True,False,False,False,True,False,False,2026-11-11,False,False,5,LoD>60% ATR,near21,4,https://www.tradingview.com/chart/?symbol=NASDAQ:CHYM&interval=D,False,False,False
ACMR,"ACM Research, Inc.",NASDAQ,Industrial Machinery,76.17,78.56,74.27,74.44,76.38,83.3,71.79,67.23,77.93,76.39,83.39,75.18,5.75,6.74,5.13,1446363.1,1080319.1000000017,82287906.0,80415893.0,1.55,-0.62,5305178991.217678,6.91,116,-17.71,260,61.75,82,16.98,-0.04,2.56,0.04,1.6,19.2,0.301,21.1,False,False,False,True,True,True,False,False,False,True,True,True,True,True,True,False,2026-10-28,False,False,6,,"near21, RVOL",5,https://www.tradingview.com/chart/?symbol=NASDAQ:ACMR&interval=D,False,False,False
TGTX,"TG Therapeutics, Inc.",NASDAQ,Pharmaceuticals: Major,53.91,55.9,55.6,55.61,53.67,51.12,45.28,41.43,55.25,55.3,54.75,53.32,4.23,4.1,2.21,1693118.2,1807204.5333333334,97426396.0,100492319.0,0.88,0.11,8251952410.52846,-4.25,195,-3.34,176,57.59,89,16.67,0.11,-3.05,0.61,0.65,26.6,0.102,26.85,False,False,False,True,False,True,True,True,False,True,False,True,False,False,False,False,2026-11-09,False,False,5,thin RVOL,"near21, ADR",6,https://www.tradingview.com/chart/?symbol=NASDAQ:TGTX&interval=D,False,False,False
DUOL,"Duolingo, Inc.",NASDAQ,Packaged Software,147.1,144.22,145.42,147.01,142.96,131.47,121.18,127.18,144.81,145.08,147.75,142.51,4.04,4.65,6.83,978748.4,1097196.5333333334,161397610.0,161294839.0,0.83,-0.11,6882222640.251611,-6.58,217,10.63,117,45.7,105,16.59,0.62,1.16,0.3,0.77,67.2,0.115,16.48,True,True,False,True,True,True,True,False,False,True,False,False,False,False,False,False,2026-11-11,False,False,4,"LoD>60% ATR, thin RVOL",near21,7,https://www.tradingview.com/chart/?symbol=NASDAQ:DUOL&interval=D,False,False,False
WK,Workiva Inc.,NYSE,Information Technology Services,71.88,69.44,71.34,73.16,70.29,60.25,59.35,63.72,70.18,70.9,73.79,71.58,4.32,4.38,3.15,2102550.9,1308654.1,94066057.0,95737644.0,7.12,0.49,3911457323.7034955,-7.61,230,35.65,62,20.06,173,16.03,0.52,0.76,0.32,0.7,9.5,0.144,16.67,True,True,False,True,True,True,True,True,False,True,False,True,True,True,True,False,2026-11-04,False,False,6,,"near21, ADR, RVOL",9,https://www.tradingview.com/chart/?symbol=NYSE:WK&interval=D,False,False,False
COHR,Coherent Corp.,NYSE,Semiconductors,333.64,304.98,300.81,293.78,298.05,329.33,316.36,289.82,310.37,303.32,341.76,326.46,5.54,6.31,21.04,6628935.4,6347201.5,2117680308.0,1864699898.0,0.79,1.15,65337471835.554825,23.71,47,3.96,144,20.32,172,16.0,1.89,10.92,1.59,0.73,34.1,0.24,11.84,True,True,True,True,False,False,True,False,False,False,False,True,False,True,False,False,2026-11-11,False,False,6,,EMA,7,https://www.tradingview.com/chart/?symbol=NYSE:COHR&interval=D,False,False,False
QCOM,QUALCOMM Incorporated,NASDAQ,Semiconductors,180.79,189.51,185.9,179.13,171.72,187.38,173.25,169.28,185.67,183.51,185.48,180.3,4.56,4.49,8.12,11563709.6,13543442.233333332,2448518921.0,2426100010.0,1.01,0.11,189871779365.35345,6.36,119,1.0,160,40.53,116,15.96,1.18,-2.75,0.33,0.64,6.0,0.165,11.19,False,False,False,True,True,True,True,True,False,True,False,True,False,True,False,False,2026-11-11,False,False,6,,"near21, ADR",7,https://www.tradingview.com/chart/?symbol=NASDAQ:QCOM&interval=D,False,False,False
WTTR,"Select Water Solutions, Inc.",NYSE,Oil & Gas Production,20.06,19.83,20.17,19.97,19.95,19.53,18.14,16.61,19.95,20.01,20.53,19.65,4.34,4.3,0.86,2205946.6,1724621.6666666667,34595911.0,34443569.0,1.03,-0.55,2586594399.040601,-0.3,166,11.01,115,36.46,123,15.73,0.13,-0.53,0.06,1.02,47.5,0.087,17.75,False,False,False,True,True,True,False,False,True,True,True,True,False,False,False,False,2026-11-03,False,False,5,thin RVOL,"near21, BB",6,https://www.tradingview.com/chart/?symbol=NYSE:WTTR&interval=D,False,False,False
HUT,Hut 8 Corp.,NASDAQ,Data Processing Services,89.27,94.44,94.51,90.84,91.49,101.47,89.2,80.51,91.77,92.43,90.54,84.75,7.4,8.03,7.17,3835774.50000001,4429851.999999998,395452888.0,402421784.0,0.86,0.37,11003372377.852839,2.6,140,-12.13,226,56.38,92,15.62,-0.3,-5.54,0.43,0.81,63.0,0.253,23.48,False,False,False,True,False,True,True,False,False,True,False,False,False,True,False,False,2026-11-18,False,False,5,LoD>60% ATR,near21,4,https://www.tradingview.com/chart/?symbol=NASDAQ:HUT&interval=D,False,False,False
DFTX,"Definium Therapeutics, Inc.",NASDAQ,Pharmaceuticals: Major,36.23,37.68,38.07,39.04,40.99,37.05,31.48,27.53,37.6,38.4,37.74,35.9,4.88,5.52,2.0,2312300.6999999983,2203346.3999999976,79827240.0,86016440.0,1.15,0.27,4868115109.013636,-4.51,199,-18.31,268,69.5,74,15.56,-2.1,-4.82,1.03,0.92,16.5,0.116,37.16,False,False,False,True,False,True,True,False,False,True,False,True,False,False,False,False,2026-11-05,False,False,5,thin RVOL,near21,5,https://www.tradingview.com/chart/?symbol=NASDAQ:DFTX&interval=D,False,False,False
UMAC,"Unusual Machines, Inc.",AMEX,Electronic Equipment/Instruments,21.83,23.41,23.49,23.7,24.4,22.88,20.31,18.72,23.11,23.53,22.7,21.61,7.42,8.41,1.84,2628096.8,2791521.0,60938903.0,66166492.0,0.83,-0.27,1090550541.379079,-13.27,280,1.53,155,56.15,93,14.81,-1.25,-7.08,0.86,0.59,12.0,0.182,26.06,False,False,False,True,False,True,True,True,False,True,False,True,False,False,False,False,2026-11-12,False,False,5,thin RVOL,"near21, ADR",6,https://www.tradingview.com/chart/?symbol=AMEX:UMAC&interval=D,False,False,False
TH,Target Hospitality Corp.,NASDAQ,Hotels/Resorts/Cruise lines,18.91,20.1,19.9,19.35,18.12,18.08,16.17,14.02,19.71,19.58,19.04,18.67,4.77,5.27,1.0,2589073.3,2388188.033333333,45160636.0,46220195.0,0.98,0.0,1883878900.5047772,1.72,148,6.48,133,35.95,125,14.71,0.82,-4.99,0.64,0.37,24.1,0.2,32.1,False,False,False,True,False,True,True,True,False,True,False,True,False,False,False,False,2026-11-11,False,False,5,thin RVOL,"near21, ADR",6,https://www.tradingview.com/chart/?symbol=NASDAQ:TH&interval=D,False,False,False
RMBS,"Rambus, Inc.",NASDAQ,Semiconductors,110.3,106.0,96.11,93.05,93.81,111.25,109.85,107.96,104.69,99.55,113.08,108.82,4.74,4.67,5.16,2136912.8,2383472.7,262897039.0,221791669.0,0.58,-0.37,11963314748.928284,28.46,33,2.5,151,12.55,187,14.51,3.76,14.77,2.31,0.83,28.7,0.44,15.81,False,True,True,True,False,False,True,False,False,False,False,True,False,True,False,False,2026-11-02,False,False,6,,EMA,6,https://www.tradingview.com/chart/?symbol=NASDAQ:RMBS&interval=D,False,False,False
MAT,"Mattel, Inc.",NASDAQ,Recreational Products,16.05,13.83,13.71,14.09,14.38,14.32,14.56,15.87,14.26,14.04,16.15,14.83,4.95,4.85,0.78,10840134.8,6171110.933333334,99046330.0,86943753.0,1.52,-0.46,4585485333.192534,12.71,82,21.5,86,7.86,198,14.02,2.39,17.03,2.96,1.69,156.6,0.243,13.4,True,True,True,True,False,False,False,False,False,False,True,False,True,True,True,False,2026-10-27,False,False,5,LoD>60% ATR,"EMA, RVOL",5,https://www.tradingview.com/chart/?symbol=NASDAQ:MAT&interval=D,False,False,False
HOOD,"Robinhood Markets, Inc.",NASDAQ,Investment Banks/Brokers,114.11,117.03,115.55,113.71,105.78,100.55,92.55,94.3,114.96,114.07,115.48,112.6,4.89,5.28,6.02,19447714.8,22201892.866666667,2533457995.0,2524658645.0,0.96,1.88,102594277942.25128,-5.28,206,-1.44,170,48.58,104,13.95,1.49,-1.25,0.01,0.48,25.1,0.171,21.45,False,False,False,True,True,True,True,True,False,True,False,True,False,True,False,False,2026-10-27,False,False,6,,"near21, ADR",7,https://www.tradingview.com/chart/?symbol=NASDAQ:HOOD&interval=D,False,False,False
AI,"C3.ai, Inc.",NYSE,Packaged Software,11.09,10.81,10.73,10.6,10.29,9.93,9.58,10.24,10.85,10.7,11.29,10.88,4.17,4.45,0.49,4164156.4,5090086.933333334,56449064.0,53970192.0,0.88,0.36,1744233700.180745,1.65,151,18.48,90,21.6,165,13.91,1.75,3.36,0.81,0.83,43.6,0.095,11.08,True,True,True,True,False,True,True,False,True,True,False,True,False,False,False,False,2026-12-09,False,False,5,thin RVOL,"EMA, near21, BB",9,https://www.tradingview.com/chart/?symbol=NYSE:AI&interval=D,False,False,False
IONQ,"IonQ, Inc.",NYSE,Computer Processing Hardware,42.97,43.68,41.02,40.62,40.8,46.62,43.71,43.43,43.08,42.05,44.22,42.24,5.9,6.16,2.65,29336680.1,22334021.033333335,959692884.0,907103709.0,0.57,0.0,17408783996.97921,9.98,93,-9.61,213,40.15,117,13.51,0.86,4.76,0.36,0.75,27.6,0.294,13.53,False,False,False,False,False,True,True,False,False,True,False,True,False,True,False,False,2026-11-11,False,False,5,below 200-MA,near21,4,https://www.tradingview.com/chart/?symbol=NYSE:IONQ&interval=D,False,False,False
FSLY,"Fastly, Inc.",NASDAQ,Information Technology Services,26.01,26.16,25.01,24.1,24.4,21.46,22.84,20.04,25.75,25.17,26.04,25.01,9.8,8.54,2.22,9757635.6,6742825.333333333,175380887.0,162475119.0,0.24,-1.39,4143392993.9535065,24.69,43,37.4,60,-23.61,310,12.83,0.77,3.98,0.39,0.46,45.0,0.291,23.54,False,False,True,True,False,True,True,True,False,True,False,True,False,False,False,False,2026-11-04,False,False,5,thin RVOL,"EMA, near21, ADR",7,https://www.tradingview.com/chart/?symbol=NASDAQ:FSLY&interval=D,False,False,False
KEEL,Keel Infrastructure Corp.,NASDAQ,Data Processing Services,3.45,3.71,3.67,3.54,3.58,4.37,3.79,3.45,3.61,3.62,3.62,3.37,6.81,7.86,0.27,23652931.0,31367570.7,108218119.0,111198038.0,1.12,-0.55,2130627407.5276244,4.55,131,-25.81,322,59.72,86,12.82,-0.48,-5.93,0.61,0.94,29.5,0.264,26.58,False,False,False,False,False,True,True,False,False,True,False,True,False,False,False,False,2026-11-16,False,False,4,"thin RVOL, below 200-MA",near21,4,https://www.tradingview.com/chart/?symbol=NASDAQ:KEEL&interval=D,False,False,False
IOT,Samsara Inc.,NYSE,Packaged Software,42.39,39.22,39.53,39.62,39.28,36.38,34.47,33.65,39.85,39.55,44.21,41.82,4.08,4.83,2.05,5212360.3,7037933.3,298337993.0,278849955.0,1.62,2.14,24823804367.177773,-5.59,207,10.85,116,32.3,136,12.52,1.64,7.23,1.49,1.17,28.1,0.153,13.87,True,True,True,True,False,True,False,False,False,True,True,True,True,True,True,False,2026-11-26,False,True,5,large gap,"EMA, near21, RVOL",7,https://www.tradingview.com/chart/?symbol=NYSE:IOT&interval=D,False,False,False
RUM,RUM Group Inc.,NASDAQ,Internet Software/Services,7.38,8.0,8.1,8.45,7.84,7.49,6.97,6.77,7.87,8.06,7.64,7.16,6.88,8.06,0.59,4448141.0,5663883.1,41799457.0,47839989.0,1.18,0.33,3659079034.3841586,-18.0,328,13.71,105,41.38,111,12.36,-0.73,-8.94,1.05,0.82,37.8,0.296,18.13,False,False,False,True,False,True,True,False,False,True,False,True,False,False,False,False,2026-11-16,False,False,5,thin RVOL,near21,5,https://www.tradingview.com/chart/?symbol=NASDAQ:RUM&interval=D,False,False,False
ARXS,"Arxis, Inc.",NASDAQ,Aerospace & Defense,50.13,49.84,50.48,51.24,52.5,46.98,,,49.79,50.49,50.81,48.79,4.63,4.79,2.4,1421820.1,970039.1,48628060.0,49702540.0,0.76,-0.4,21597323816.788326,-5.84,208,8.93,124,31.92,138,11.67,-0.94,-0.7,0.15,0.84,55.8,0.114,11.0,False,False,False,False,True,True,True,False,False,True,False,True,False,True,False,False,2026-12-02,False,False,5,below 200-MA,near21,5,https://www.tradingview.com/chart/?symbol=NASDAQ:ARXS&interval=D,False,False,False
FPS,"Forgent Power Solutions, Inc.",NYSE,Electrical Products,38.97,38.42,35.93,34.28,35.01,42.77,40.01,,37.96,36.68,40.38,38.72,5.33,6.02,2.35,8143470.5,9300434.2,362437921.0,318818884.0,0.75,-0.12,11863593574.324905,26.24,40,-15.67,245,23.71,156,11.43,1.88,8.46,1.04,0.71,10.7,0.41,19.91,False,True,True,False,False,True,True,False,False,True,False,True,False,True,False,False,2026-12-02,False,False,5,below 200-MA,"EMA, near21",6,https://www.tradingview.com/chart/?symbol=NYSE:FPS&interval=D,False,False,False
HRI,Herc Holdings Inc.,NYSE,Finance/Rental/Leasing,135.51,133.93,137.51,141.25,150.15,146.43,135.62,141.25,134.49,138.12,140.88,134.95,5.62,5.71,7.74,643148.8,769454.5333333333,104268784.0,108687248.0,0.83,1.21,4530295097.602803,-0.54,168,0.56,162,33.23,134,11.08,-1.71,-1.45,0.33,0.77,7.2,0.163,11.97,False,False,False,False,True,True,True,False,False,True,False,True,False,False,False,False,2026-10-15,False,False,4,"thin RVOL, below 200-MA",near21,5,https://www.tradingview.com/chart/?symbol=NYSE:HRI&interval=D,False,False,False
AFRM,"Affirm Holdings, Inc.",NASDAQ,Finance/Rental/Leasing,74.75,70.46,70.69,72.19,73.39,73.39,67.09,66.79,71.05,71.42,74.93,70.25,4.2,4.61,3.44,4072655.5,5346453.666666667,399647412.0,385934649.0,1.05,-0.41,25222237391.29575,1.36,157,-13.08,231,44.25,106,10.84,0.4,5.74,1.01,1.36,130.6,0.105,8.84,True,True,False,True,False,True,False,False,False,True,True,False,False,True,False,False,2026-11-11,False,False,5,LoD>60% ATR,near21,5,https://www.tradingview.com/chart/?symbol=NASDAQ:AFRM&interval=D,False,False,False
WLTH,Wealthfront Corporation,NASDAQ,Packaged Software,10.62,10.16,10.2,9.89,9.7,9.78,9.77,9.88,10.23,10.08,10.69,10.0,4.99,4.83,0.51,2421092.1,3101550.533333333,32938467.0,30674335.0,0.89,-0.3,1658593720.5882351,16.07,67,9.94,122,6.52,204,10.84,1.97,4.14,1.11,1.35,120.9,0.141,4.72,True,True,True,True,False,True,False,False,False,True,True,False,False,False,False,True,2027-01-12,False,False,4,"LoD>60% ATR, thin RVOL","EMA, near21",7,https://www.tradingview.com/chart/?symbol=NASDAQ:WLTH&interval=D,False,False,False
VCYT,"Veracyte, Inc.",NASDAQ,Medical Specialties,47.67,45.62,43.36,43.47,44.77,48.3,43.42,42.53,45.28,44.46,47.78,45.0,5.43,5.11,2.44,1583826.9,1434128.7333333334,68364917.0,62346595.0,0.8,-0.13,3832226300.6647024,7.83,108,-18.02,263,41.12,112,10.31,1.27,9.95,1.41,1.14,109.6,0.249,12.09,False,True,True,True,False,True,False,False,False,True,True,False,False,False,False,False,2026-11-10,False,False,4,"LoD>60% ATR, thin RVOL","EMA, near21",5,https://www.tradingview.com/chart/?symbol=NASDAQ:VCYT&interval=D,False,False,False
BETA,"Beta Technologies, Inc.",NYSE,Aerospace & Defense,20.7,22.66,21.76,21.61,22.0,19.55,18.61,19.94,22.02,22.0,22.71,20.26,7.76,7.75,1.6,2284430.5,3344963.7666666666,69240750.0,72276862.0,1.11,0.0,4842579941.81326,-2.13,182,10.16,121,22.56,162,10.2,-0.76,-4.88,0.76,1.53,27.4,0.228,19.57,False,False,False,True,False,True,False,False,False,True,True,True,False,False,False,False,2026-12-03,False,False,5,thin RVOL,near21,4,https://www.tradingview.com/chart/?symbol=NYSE:BETA&interval=D,False,False,False
TTMI,"TTM Technologies, Inc.",NASDAQ,Electronic Components,133.14,127.08,123.48,121.5,123.09,147.67,137.66,125.56,126.84,124.8,137.88,132.3,5.03,5.73,7.63,1990777.8,1979966.1333333333,263612691.0,240561925.0,1.17,2.21,14026147942.08402,12.28,83,-6.73,193,25.04,152,10.2,1.42,7.82,1.17,0.73,11.0,0.193,18.46,False,True,True,True,False,True,True,False,False,True,False,True,False,True,False,False,2026-11-04,False,True,5,large gap,"EMA, near21",7,https://www.tradingview.com/chart/?symbol=NASDAQ:TTMI&interval=D,False,False,False
ORKA,"Oruka Therapeutics, Inc.",NASDAQ,Pharmaceuticals: Major,84.38,85.64,89.7,91.51,95.61,85.2,74.89,64.2,85.88,88.98,85.22,81.83,5.03,5.36,4.53,1079667.8,930548.7,78519699.0,85151100.0,0.55,0.0,5586773750.220776,-6.31,215,1.49,156,35.09,129,10.09,-2.19,-5.93,0.96,0.75,56.3,0.221,37.22,False,False,False,True,False,True,True,False,False,True,False,True,False,False,False,False,2026-11-18,False,False,5,thin RVOL,near21,5,https://www.tradingview.com/chart/?symbol=NASDAQ:ORKA&interval=D,False,False,False
GDDY,GoDaddy Inc.,NYSE,Data Processing Services,99.74,96.98,97.85,98.43,96.8,91.41,89.29,93.29,97.5,97.65,99.95,96.56,4.91,4.57,4.56,3069435.4,2388669.7333333334,238245919.0,235108003.0,0.49,-0.22,12631841985.837877,-2.49,184,14.42,102,18.09,178,10.01,0.67,1.93,0.47,0.74,69.6,0.133,8.59,True,True,False,True,True,True,True,True,False,True,False,False,False,True,False,False,2026-10-29,False,False,5,LoD>60% ATR,"near21, ADR",8,https://www.tradingview.com/chart/?symbol=NYSE:GDDY&interval=D,False,False,False
MDB,"MongoDB, Inc.",NASDAQ,Packaged Software,359.23,377.73,377.42,388.85,390.89,362.86,328.44,342.56,367.57,378.21,366.77,351.2,6.52,7.28,26.15,4762431.3,2917795.566666667,1048159701.0,1134577025.0,0.64,0.67,28938254433.267406,-5.05,205,-1.84,172,35.5,127,9.53,-1.11,-4.82,0.69,0.6,30.7,0.3,17.39,False,False,False,True,False,True,True,True,False,True,False,True,False,True,False,False,2026-12-07,False,False,6,,"near21, ADR",6,https://www.tradingview.com/chart/?symbol=NASDAQ:MDB&interval=D,False,False,False
SNAP,Snap Inc.,NYSE,Packaged Software,5.61,5.46,5.54,5.54,5.38,5.23,5.23,5.62,5.51,5.5,5.76,5.56,4.48,4.84,0.27,30233355.7,34480176.766666666,193433792.0,190859272.0,0.78,0.18,9487619389.564516,-0.71,170,17.36,92,11.64,188,9.43,0.89,1.29,0.42,0.74,18.4,0.126,6.93,False,True,True,False,True,True,True,False,False,True,False,True,False,False,False,False,2026-11-03,False,False,4,"thin RVOL, below 200-MA","EMA, near21",7,https://www.tradingview.com/chart/?symbol=NYSE:SNAP&interval=D,False,False,False
HIMS,"Hims & Hers Health, Inc.",NYSE,Medical/Nursing Services,29.67,29.28,28.68,28.97,29.32,29.81,27.76,27.51,29.17,29.08,30.04,28.8,5.48,5.73,1.7,10709249.7,9822527.466666667,291434390.0,284545524.0,0.74,-0.31,6922408993.38,7.0,115,-21.94,295,42.64,108,9.23,0.21,3.44,0.35,0.73,51.2,0.114,7.77,False,True,True,True,False,True,True,False,False,True,False,True,False,False,False,False,2026-11-09,False,False,5,thin RVOL,"EMA, near21",7,https://www.tradingview.com/chart/?symbol=NYSE:HIMS&interval=D,False,False,False
SHAZ,"SharonAI Holdings, Inc.",NASDAQ,Data Processing Services,47.7,54.21,55.04,55.47,56.58,63.89,53.33,,52.74,54.66,50.5,46.5,8.43,9.99,4.76,1377567.8,1450024.3333333333,69166161.0,80426325.0,1.17,-0.75,1707827227.8823066,-13.9,282,-36.73,362,76.67,67,8.68,-1.57,-13.33,1.27,0.84,25.2,0.276,22.13,False,False,False,False,False,True,True,False,False,True,False,True,False,False,False,False,2026-11-04,False,False,4,"thin RVOL, below 200-MA",near21,4,https://www.tradingview.com/chart/?symbol=NASDAQ:SHAZ&interval=D,False,False,False
NVTS,Navitas Semiconductor Corporation,NASDAQ,Semiconductors,12.34,12.03,11.68,11.72,12.05,16.0,14.68,13.23,11.99,11.91,12.36,11.78,5.79,6.66,0.82,17419528.8,13748790.4,169660074.0,161108326.0,1.03,-0.89,3221893386.959677,10.08,92,-13.45,236,29.35,142,8.66,0.36,5.67,0.54,0.71,68.8,0.186,35.0,False,True,True,False,False,True,True,False,False,True,False,False,False,False,False,False,2026-11-09,False,False,3,"LoD>60% ATR, thin RVOL, below 200-MA","EMA, near21",5,https://www.tradingview.com/chart/?symbol=NASDAQ:NVTS&interval=D,False,False,False
WIX,Wix.com Ltd.,NASDAQ,Packaged Software,74.06,74.09,76.41,79.17,74.35,62.22,68.48,72.8,74.28,75.68,75.79,71.84,6.26,6.37,4.72,1108485.0,1272958.5333333334,94275309.0,100777157.0,1.31,-0.5,3099374841.954007,-7.42,228,44.11,45,-11.49,253,8.4,-0.06,-3.07,0.34,0.84,47.1,0.214,19.15,False,False,False,True,False,True,True,False,False,True,False,True,False,False,True,False,2026-11-05,False,False,5,thin RVOL,"near21, RVOL",5,https://www.tradingview.com/chart/?symbol=NASDAQ:WIX&interval=D,False,False,False
HIVE,HIVE Digital Technologies Ltd,NASDAQ,Information Technology Services,2.9,3.12,3.11,3.04,2.95,3.32,2.97,2.9,3.04,3.06,3.05,2.84,6.15,6.68,0.19,10281255.099999994,13406801.799999999,38879725.0,40711988.0,0.91,2.52,795404300.2600471,-2.03,181,-12.12,225,38.1,121,7.98,-0.26,-6.77,0.78,1.08,31.0,0.255,14.49,False,False,False,True,False,True,False,False,False,True,True,True,False,False,False,False,2026-11-16,False,True,4,"thin RVOL, large gap",near21,4,https://www.tradingview.com/chart/?symbol=NASDAQ:HIVE&interval=D,False,False,False
CLSK,"CleanSpark, Inc.",NASDAQ,Data Processing Services,12.48,13.51,13.48,13.01,12.9,14.11,13.02,12.58,13.13,13.21,12.93,12.1,6.59,7.19,0.9,15865058.4,16991420.133333333,212052923.0,221069704.0,0.89,1.22,3205077071.0204086,1.79,146,-4.59,184,26.64,146,7.95,-0.45,-7.41,0.76,0.92,42.3,0.228,12.31,False,False,False,False,False,True,True,False,False,True,False,True,False,False,False,False,2026-12-16,False,False,4,"thin RVOL, below 200-MA",near21,4,https://www.tradingview.com/chart/?symbol=NASDAQ:CLSK&interval=D,False,False,False
AMBA,"Ambarella, Inc.",NASDAQ,Semiconductors,68.26,69.13,67.62,67.84,72.11,72.85,68.18,68.1,68.78,68.76,69.48,67.05,5.22,5.64,3.85,1396113.9,1697119.4,115845370.0,115131449.0,0.78,-0.36,3013062825.4814277,8.04,107,-9.24,208,24.81,153,7.87,-0.95,0.95,0.13,0.63,31.4,0.142,7.67,False,False,False,True,True,True,True,True,False,True,False,True,False,False,False,False,2026-12-01,False,False,5,thin RVOL,"near21, ADR",7,https://www.tradingview.com/chart/?symbol=NASDAQ:AMBA&interval=D,False,False,False
WRBY,Warby Parker Inc.,NYSE,Specialty Stores,26.65,26.03,25.11,25.02,25.68,26.06,25.22,25.21,26.25,25.66,27.02,25.58,6.24,6.11,1.63,4125285.3,3084271.533333333,82195836.0,77160249.0,0.72,-0.04,3294154552.711801,15.87,70,-9.17,206,16.58,180,7.76,0.62,6.13,0.63,0.88,65.7,0.257,3.56,True,True,True,True,False,True,True,False,False,True,False,False,False,False,False,True,2026-11-05,False,False,4,"LoD>60% ATR, thin RVOL","EMA, near21",8,https://www.tradingview.com/chart/?symbol=NYSE:WRBY&interval=D,False,False,False
RHI,Robert Half Inc.,NYSE,Personnel Services,34.32,36.62,37.24,39.57,40.34,36.1,32.51,31.32,36.58,37.75,35.9,33.62,4.18,4.67,1.6,1698518.6,1941387.0666666667,66628404.0,76815509.0,1.75,-1.11,3513057958.471761,-19.55,345,1.21,157,40.77,115,7.48,-3.2,-7.84,1.94,1.42,43.4,0.113,26.27,False,False,False,True,False,False,False,False,False,False,True,True,True,True,True,False,2026-10-27,False,False,6,,RVOL,3,https://www.tradingview.com/chart/?symbol=NYSE:RHI&interval=D,False,False,False
PAY,"Paymentus Holdings, Inc.",NYSE,Miscellaneous Commercial Services,31.62,30.72,33.31,34.55,36.13,30.33,28.93,28.64,31.48,32.88,31.79,30.88,4.44,4.71,1.49,1445957.4,1179686.4666666666,37301686.0,40754628.0,0.69,0.16,3982211617.617256,-12.51,268,11.18,112,23.47,157,7.38,-2.65,-5.06,0.82,0.61,49.7,0.323,23.69,False,False,False,True,False,True,True,True,False,True,False,True,False,False,False,False,2026-11-09,False,False,5,thin RVOL,"near21, ADR",6,https://www.tradingview.com/chart/?symbol=NYSE:PAY&interval=D,False,False,False
FIGS,"FIGS, Inc.",NYSE,Apparel/Footwear,13.63,13.36,13.31,13.9,13.44,12.31,13.19,12.78,13.55,13.54,13.76,13.2,4.48,4.85,0.66,2666686.2,2589007.933333333,35288178.0,35995840.0,0.75,0.15,2264491532.897929,-8.34,238,34.15,64,-4.22,233,7.2,0.29,2.38,0.14,0.85,65.1,0.155,8.25,True,True,True,True,True,True,True,False,False,True,False,False,False,False,False,False,2026-11-05,False,False,4,"LoD>60% ATR, thin RVOL","EMA, near21",8,https://www.tradingview.com/chart/?symbol=NYSE:FIGS&interval=D,False,False,False
NAVN,"Navan, Inc.",NASDAQ,Packaged Software,21.84,20.59,21.55,23.9,25.58,23.96,20.38,18.64,21.23,22.23,22.27,21.36,4.36,5.43,1.19,3328132.3,4227808.966666667,92335348.0,101026314.0,0.73,0.19,5692279210.952869,-21.78,362,-17.52,258,60.0,84,6.9,-2.69,1.33,0.32,0.76,40.1,0.336,31.8,False,False,False,True,True,True,True,False,False,True,False,True,False,False,False,False,2026-12-15,False,False,5,thin RVOL,near21,6,https://www.tradingview.com/chart/?symbol=NASDAQ:NAVN&interval=D,False,False,False
BLLN,"BillionToOne, Inc.",NASDAQ,Medical/Nursing Services,109.06,114.55,108.51,104.32,107.24,107.32,97.98,95.28,110.57,108.86,110.09,104.42,6.82,6.3,6.87,620996.1,618366.4666666667,67439047.0,64508711.0,0.66,-0.71,5146218251.82153,11.47,85,-11.72,222,20.95,167,6.9,0.27,0.51,0.03,0.83,67.5,0.305,17.67,False,False,False,True,True,True,True,False,False,True,False,False,False,False,False,False,2026-12-15,False,False,4,"LoD>60% ATR, thin RVOL",near21,5,https://www.tradingview.com/chart/?symbol=NASDAQ:BLLN&interval=D,False,False,False
EAT,"Brinker International, Inc.",NYSE,Restaurants,194.16,201.71,205.34,215.55,219.44,189.89,174.86,170.13,200.46,206.4,202.18,187.44,4.82,4.88,9.48,1217284.3,1339908.9666666666,260156725.0,288815145.0,1.44,-0.49,8131665425.259803,-14.49,290,8.79,126,26.36,149,6.88,-2.36,-5.45,1.21,1.56,70.9,0.154,25.4,False,False,False,True,False,True,False,False,False,True,True,False,False,False,True,False,2026-11-04,False,False,4,"LoD>60% ATR, thin RVOL","near21, RVOL",3,https://www.tradingview.com/chart/?symbol=NYSE:EAT&interval=D,False,False,False
WAY,Waystar Holding Corp.,NASDAQ,Packaged Software,26.48,25.25,25.16,25.24,24.7,22.52,22.95,24.34,25.42,25.25,26.63,24.63,4.16,4.4,1.17,1848202.9,2242667.1,59385825.0,56606413.0,2.09,0.89,5077498273.454252,1.69,150,7.51,131,11.07,190,6.76,1.63,5.25,1.1,1.71,158.6,0.158,10.33,True,True,True,True,False,True,False,False,False,True,True,False,True,True,True,False,2026-11-11,False,False,5,LoD>60% ATR,"EMA, near21, RVOL",6,https://www.tradingview.com/chart/?symbol=NASDAQ:WAY&interval=D,False,False,False
AAOI,"Applied Optoelectronics, Inc.",NASDAQ,Semiconductors,121.57,105.17,103.98,105.12,111.58,132.55,131.4,109.25,107.73,106.77,121.92,112.8,6.0,7.03,8.55,7818302.4,7267411.2,883499180.0,763976913.0,1.21,2.52,10322057123.034172,19.29,59,2.89,148,-2.84,230,6.45,1.27,16.92,1.97,1.07,102.6,0.258,23.51,False,True,True,True,False,False,False,False,False,False,True,False,False,True,True,False,2026-11-05,False,True,4,"LoD>60% ATR, large gap","EMA, RVOL",4,https://www.tradingview.com/chart/?symbol=NASDAQ:AAOI&interval=D,False,False,False
PGY,Pagaya Technologies Ltd.,NASDAQ,Packaged Software,18.4,18.13,19.57,20.45,20.37,18.03,16.23,16.92,18.35,19.21,19.0,17.88,5.53,5.99,1.1,2941667.799999996,2355753.666666666,43345867.0,48184585.0,0.62,0.11,1535035510.0333703,-18.71,337,-1.66,171,39.18,119,6.27,-1.62,-5.96,0.7,1.02,47.2,0.343,22.52,False,False,False,True,False,True,False,False,False,True,True,True,False,False,False,False,2026-11-17,False,False,5,thin RVOL,near21,4,https://www.tradingview.com/chart/?symbol=NASDAQ:PGY&interval=D,False,False,False
KMX,CarMax Inc,NYSE,Specialty Stores,54.86,56.44,58.05,59.54,59.22,54.14,49.81,48.26,56.44,57.66,55.61,52.76,5.21,4.76,2.61,4844152.1,2802367.7666666666,153737896.0,166855779.0,0.73,-0.95,7786982300.679897,-11.84,264,7.86,130,22.37,163,6.13,-1.55,-5.49,1.02,1.09,80.4,0.145,19.98,False,False,False,True,False,True,False,False,False,True,True,False,False,False,False,False,2026-12-17,False,False,4,"LoD>60% ATR, thin RVOL",near21,3,https://www.tradingview.com/chart/?symbol=NYSE:KMX&interval=D,False,False,False
INFQ,"Infleqtion, Inc.",NYSE,Computer Processing Hardware,12.66,13.73,13.47,13.36,12.63,12.9,12.57,13.22,13.43,13.38,13.1,12.55,6.29,6.57,0.83,7208819.4,8014825.8,101467695.0,107110132.0,1.05,-0.61,2853020048.4182506,-1.86,179,3.98,143,16.25,182,6.13,0.03,-6.04,0.82,0.67,13.2,0.167,9.15,False,False,False,False,False,True,True,True,False,True,False,True,False,False,False,False,2026-12-02,False,False,4,"thin RVOL, below 200-MA","near21, ADR",5,https://www.tradingview.com/chart/?symbol=NYSE:INFQ&interval=D,False,False,False
RELY,"Remitly Global, Inc.",NASDAQ,Miscellaneous Commercial Services,22.91,21.48,21.96,23.42,23.84,22.78,21.37,19.56,21.88,22.37,23.42,21.7,4.13,4.55,1.04,3885289.8,4025362.1333333333,92221046.0,94274652.0,0.93,-0.05,4849681721.78135,-14.58,291,-5.56,189,38.35,120,6.07,-0.86,4.34,0.53,1.65,115.7,0.179,18.71,False,False,False,True,False,True,False,False,False,True,True,False,False,False,False,False,2026-11-04,False,False,4,"LoD>60% ATR, thin RVOL",near21,3,https://www.tradingview.com/chart/?symbol=NASDAQ:RELY&interval=D,False,False,False
VRDN,"Viridian Therapeutics, Inc.",NASDAQ,Pharmaceuticals: Major,19.0,20.32,21.23,21.96,21.95,19.81,20.0,22.76,20.16,20.97,19.59,18.83,4.69,4.8,0.91,2013599.3,1607583.5666666667,30544088.0,35308162.0,1.38,0.05,2152553028.1443295,-16.0,307,-1.14,168,35.23,128,6.03,-2.8,-10.51,1.95,0.83,18.6,0.225,15.54,False,False,False,False,False,False,True,False,False,False,False,True,False,False,True,False,2026-11-16,False,False,4,"thin RVOL, below 200-MA",RVOL,3,https://www.tradingview.com/chart/?symbol=NASDAQ:VRDN&interval=D,False,False,False
BULL,Webull Corporation,NASDAQ,Packaged Software,7.36,7.31,8.01,8.43,8.13,7.5,6.98,7.06,7.42,7.8,7.51,7.25,5.11,5.84,0.43,10185801.7,14534552.1,106974303.0,122458446.0,0.78,0.41,3899066069.231608,-24.82,378,2.65,150,39.39,118,5.74,-1.62,-8.13,0.96,0.6,25.6,0.436,15.63,False,False,False,True,False,True,True,True,False,True,False,True,False,False,False,False,2026-11-19,False,False,5,thin RVOL,"near21, ADR",6,https://www.tradingview.com/chart/?symbol=NASDAQ:BULL&interval=D,False,False,False
VG,"Venture Global, Inc.",NYSE,Oil & Gas Pipelines,13.45,12.94,13.9,14.1,13.83,13.22,13.28,12.09,13.2,13.56,13.71,12.86,4.45,5.04,0.68,13448896.6,13866334.833333334,186502204.0,195459856.0,0.78,-0.15,33626249277.58949,-6.21,213,22.16,85,1.05,219,5.67,-0.55,-3.27,0.15,1.25,86.2,0.312,13.5,False,False,False,True,False,True,False,False,False,True,True,False,False,True,False,False,2026-11-16,False,False,5,LoD>60% ATR,near21,3,https://www.tradingview.com/chart/?symbol=NYSE:VG&interval=D,False,False,False
POET,POET Technologies Inc.,NASDAQ,Electrical Products,7.81,7.73,7.75,7.72,7.9,9.61,8.95,8.36,7.72,7.76,7.83,7.49,4.71,5.9,0.46,7558440.2,7959129.799999966,62160804.0,61447135.0,0.91,0.32,1351583677.7869062,4.55,130,-8.44,201,20.71,169,5.61,-0.19,0.83,0.11,0.74,69.5,0.157,24.07,False,False,False,False,True,True,True,False,False,True,False,False,False,False,False,False,2026-11-12,False,False,3,"LoD>60% ATR, thin RVOL, below 200-MA",near21,4,https://www.tradingview.com/chart/?symbol=NASDAQ:POET&interval=D,False,False,False
AUGO,Aura Minerals Inc.,NASDAQ,Other Metals/Minerals,85.17,82.65,84.72,85.18,78.93,71.5,75.96,72.96,82.61,83.11,86.47,81.53,4.48,5.11,4.36,1016253.6000000013,1013936.2666666653,86356952.0,86366246.0,1.2,2.51,7136328482.661012,1.54,153,25.95,80,-11.14,250,5.45,1.55,0.53,0.49,1.13,83.6,0.179,15.51,True,True,False,True,True,True,False,False,False,True,True,False,False,False,True,False,2026-11-05,False,True,3,"LoD>60% ATR, thin RVOL, large gap","near21, RVOL",6,https://www.tradingview.com/chart/?symbol=NASDAQ:AUGO&interval=D,False,False,False
CECO,CECO Environmental Corp.,NASDAQ,Industrial Machinery,74.96,72.8,72.93,72.45,72.21,78.72,73.89,72.08,72.68,72.68,76.5,72.15,4.15,5.04,3.77,575681.6,677308.3666666667,50771035.0,49073588.0,1.02,0.9,4390394527.221287,0.97,158,-5.35,187,20.51,170,5.38,0.76,2.78,0.62,1.15,74.5,0.172,8.87,False,True,False,True,True,True,False,False,False,True,True,False,False,False,False,False,2026-11-09,False,False,4,"LoD>60% ATR, thin RVOL",near21,5,https://www.tradingview.com/chart/?symbol=NASDAQ:CECO&interval=D,False,False,False
COIN,"Coinbase Global, Inc.",NASDAQ,Investment Banks/Brokers,188.22,192.22,186.04,185.19,173.44,170.76,177.67,185.09,188.7,186.09,191.78,184.12,5.46,6.03,11.36,7571045.2,9607854.533333333,1808390380.0,1779313810.0,0.95,2.14,49659400140.0,1.76,147,12.83,108,0.18,221,4.92,1.41,1.17,0.19,0.67,36.1,0.231,11.4,False,False,False,True,True,True,True,True,False,True,False,True,False,True,False,False,2026-10-29,False,True,5,large gap,"near21, ADR",7,https://www.tradingview.com/chart/?symbol=NASDAQ:COIN&interval=D,False,False,False
CCC,CCC Intelligent Solutions Holdings Inc.,NASDAQ,Packaged Software,6.58,6.66,6.68,6.92,6.83,5.94,5.82,6.13,6.64,6.72,6.69,6.51,4.12,4.45,0.29,10776001.7,10737402.9,70652111.0,74277774.0,0.68,0.15,3875585025.6951227,-7.45,229,13.84,104,8.05,197,4.81,-0.82,-1.47,0.47,0.61,23.9,0.102,15.27,False,False,False,True,True,True,True,True,False,True,False,True,False,False,False,False,2026-10-29,False,False,5,thin RVOL,"near21, ADR",7,https://www.tradingview.com/chart/?symbol=NASDAQ:CCC&interval=D,False,False,False
BLSH,Bullish,NYSE,Packaged Software,34.35,36.8,36.27,35.32,30.99,29.52,32.62,33.4,35.7,35.33,35.04,34.06,6.94,6.75,2.32,1007454.5,1447113.2,49708338.0,51110591.0,0.89,0.67,5162880511.796671,-0.98,172,28.32,76,-13.04,262,4.77,1.61,-5.3,0.41,0.42,12.6,0.262,21.19,False,False,False,True,False,True,True,True,False,True,False,True,False,False,False,False,2026-11-25,False,False,5,thin RVOL,"near21, ADR",6,https://www.tradingview.com/chart/?symbol=NYSE:BLSH&interval=D,False,False,False
SHLS,"Shoals Technologies Group, Inc.",NASDAQ,Semiconductors,8.15,7.86,7.58,7.39,7.81,9.08,8.38,8.58,7.9,7.73,8.27,7.91,5.26,5.61,0.46,3856657.6,4383281.166666667,35723742.0,32380029.0,0.78,-0.36,1371644682.8373492,15.93,69,-20.87,286,18.8,177,4.62,0.78,7.55,0.98,0.79,52.5,0.225,18.42,False,True,True,False,False,True,True,False,False,True,False,True,False,False,False,False,2026-11-10,False,False,4,"thin RVOL, below 200-MA","EMA, near21",6,https://www.tradingview.com/chart/?symbol=NASDAQ:SHLS&interval=D,False,False,False
STRL,"Sterling Infrastructure, Inc.",NASDAQ,Engineering & Construction,523.33,511.15,502.82,494.8,518.62,653.72,598.78,540.14,511.06,508.43,536.99,508.0,4.26,5.09,26.63,428401.2,533804.3,279355804.0,264126724.0,1.18,0.39,16007888686.826988,9.86,95,-23.18,308,26.54,148,4.4,0.18,4.08,0.58,1.09,57.6,0.138,28.84,False,True,True,False,False,True,False,False,False,True,True,True,False,True,False,False,2026-11-09,False,False,5,below 200-MA,"EMA, near21",5,https://www.tradingview.com/chart/?symbol=NASDAQ:STRL&interval=D,False,False,False
WDC,Western Digital Corporation,NASDAQ,Computer Peripherals,441.64,452.61,448.15,449.95,464.59,511.73,456.04,401.36,446.21,450.41,447.71,429.44,5.11,6.62,29.22,8935633.8,7230274.933333334,3193178622.0,3253240515.0,1.32,3.66,159229296983.79434,-2.34,183,-17.05,252,31.83,139,4.15,-0.75,-1.45,0.29,0.63,41.7,0.178,24.99,False,False,False,True,True,True,True,False,False,True,False,True,False,True,True,False,2026-10-22,False,True,5,large gap,"near21, RVOL",6,https://www.tradingview.com/chart/?symbol=NASDAQ:WDC&interval=D,False,False,False
GNRC,Generac Holdings Inc.,NYSE,Electrical Products,215.2,207.61,198.41,195.97,201.07,228.72,225.11,212.89,207.87,203.15,216.36,211.29,4.32,4.47,9.61,1075904.2,1356571.5666666667,291934201.0,265849591.0,0.81,-0.62,12710558845.749075,17.06,64,-13.39,235,7.6,199,3.76,1.57,8.46,1.33,0.53,40.7,0.269,14.09,False,True,True,True,False,True,True,True,False,True,False,True,False,True,False,False,2026-11-04,False,False,6,,"EMA, near21, ADR",8,https://www.tradingview.com/chart/?symbol=NYSE:GNRC&interval=D,False,False,False
AUR,"Aurora Innovation, Inc.",NASDAQ,Packaged Software,5.75,5.8,6.12,6.02,6.25,6.44,5.92,5.54,5.78,5.96,5.8,5.57,6.23,5.91,0.34,33545334.9,32283257.666666668,185628732.0,194474344.0,0.87,-0.35,11523840334.611992,-8.22,236,-14.01,238,32.18,137,3.32,-1.36,-6.03,0.6,0.68,52.9,0.272,15.51,False,False,False,True,False,True,True,True,False,True,False,True,False,True,False,False,2026-11-04,False,False,6,,"near21, ADR",6,https://www.tradingview.com/chart/?symbol=NASDAQ:AUR&interval=D,False,False,False
AESI,Atlas Energy Solutions Inc.,NYSE,Oilfield Services/Equipment,12.72,11.94,12.83,12.79,12.32,14.34,14.26,13.39,12.25,12.49,13.08,12.17,5.98,6.76,0.86,4821172.2,3476146.5,44216583.0,44477294.0,1.04,1.08,1590043956.8970103,-3.05,189,-8.09,197,20.34,171,3.07,0.48,-0.85,0.28,1.05,64.0,0.31,18.9,False,False,False,False,True,True,False,False,False,True,True,False,False,False,False,False,2026-11-02,False,False,3,"LoD>60% ATR, thin RVOL, below 200-MA",near21,3,https://www.tradingview.com/chart/?symbol=NYSE:AESI&interval=D,False,False,False
KOS,Kosmos Energy Ltd.,NYSE,Integrated Oil,2.52,2.6,2.74,2.77,2.69,2.64,2.67,2.35,2.6,2.67,2.63,2.43,5.54,6.27,0.16,14259808.6,12536369.1,31591650.0,34713206.0,1.22,0.2,1500628771.0756972,-9.03,244,20.0,88,-2.89,231,2.69,-1.02,-7.91,0.91,1.26,56.3,0.255,15.25,False,False,False,True,False,True,False,False,False,True,True,True,False,False,True,False,2026-11-09,False,False,5,thin RVOL,"near21, RVOL",4,https://www.tradingview.com/chart/?symbol=NYSE:KOS&interval=D,False,False,False
ARQT,"Arcutis Biotherapeutics, Inc.",NASDAQ,Pharmaceuticals: Major,25.15,26.35,25.53,25.11,25.65,25.15,24.51,25.19,25.83,25.69,25.38,24.69,5.84,4.75,1.19,2370780.9,2908116.6666666665,73139134.0,73016509.0,0.99,-0.28,3161152855.375596,8.08,105,-4.37,183,3.58,211,2.43,-0.41,-1.5,0.44,0.58,38.5,0.2,7.3,False,False,False,False,True,True,True,True,False,True,False,True,False,False,False,False,2026-10-29,False,False,4,"thin RVOL, below 200-MA","near21, ADR",6,https://www.tradingview.com/chart/?symbol=NASDAQ:ARQT&interval=D,False,False,False
SEZL,Sezzle Inc.,NASDAQ,Packaged Software,110.85,109.03,113.36,116.09,125.92,135.1,114.9,103.27,110.25,113.77,111.34,106.11,4.8,5.29,5.86,592230.2,470033.8666666668,52103254.0,54568190.0,1.05,-0.85,3732875483.8050456,-8.96,243,-38.15,369,53.21,95,2.03,-2.26,-2.22,0.49,0.89,80.9,0.165,28.71,False,False,False,True,True,True,True,False,False,True,False,False,False,False,False,False,2026-11-05,False,False,4,"LoD>60% ATR, thin RVOL",near21,5,https://www.tradingview.com/chart/?symbol=NASDAQ:SEZL&interval=D,False,False,False
ICHR,Ichor Holdings,NASDAQ,Industrial Machinery,63.33,60.0,57.35,56.68,61.44,72.74,67.17,58.38,60.33,59.19,64.59,61.0,4.21,5.36,3.39,708465.5,682773.1666666666,43240025.0,38697535.0,1.04,-0.67,2371976396.367769,16.31,66,-29.18,339,18.95,176,2.03,0.58,10.43,1.31,1.06,68.7,0.255,24.3,False,True,True,True,False,True,False,False,False,True,True,False,False,False,False,False,2026-11-09,False,False,4,"LoD>60% ATR, thin RVOL","EMA, near21",5,https://www.tradingview.com/chart/?symbol=NASDAQ:ICHR&interval=D,False,False,False
MARA,"MARA Holdings, Inc.",NASDAQ,Data Processing Services,11.17,12.15,12.03,11.72,11.23,12.25,11.52,10.97,11.75,11.79,11.41,10.81,7.27,7.49,0.84,35999536.0,44519737.166666664,497285464.0,521979078.0,0.89,1.38,4314963187.9626,-0.13,165,-12.01,224,17.52,179,1.79,-0.07,-7.14,0.71,0.72,43.0,0.272,11.39,False,False,False,True,False,True,True,True,False,True,False,True,False,False,False,False,2026-11-11,False,False,5,thin RVOL,"near21, ADR",6,https://www.tradingview.com/chart/?symbol=NASDAQ:MARA&interval=D,False,False,False
PATH,"UiPath, Inc.",NYSE,Packaged Software,13.16,12.83,13.34,14.71,14.64,12.86,12.23,12.66,13.09,13.61,13.25,12.81,4.3,5.44,0.72,41212317.8,54409176.56666667,716024764.0,800612897.0,0.69,0.0,6858408835.463414,-18.97,339,7.96,129,16.25,181,1.75,-1.86,-1.33,0.61,0.61,48.9,0.189,18.33,False,False,False,True,True,True,True,False,False,True,False,True,False,False,False,False,2026-12-09,False,False,5,thin RVOL,near21,6,https://www.tradingview.com/chart/?symbol=NYSE:PATH&interval=D,False,False,False
RIOT,"Riot Platforms, Inc.",NASDAQ,Information Technology Services,19.32,21.79,21.77,21.19,20.86,22.74,20.69,19.37,20.92,21.26,19.89,18.95,7.02,7.65,1.48,16177997.7,15680962.3,302956192.0,332237775.0,0.76,0.56,7250002584.492651,-6.85,220,-12.95,230,24.73,154,1.64,-0.96,-11.27,1.2,0.64,25.0,0.314,17.47,False,False,False,False,False,True,True,True,False,True,False,True,False,False,False,False,2026-11-10,False,False,4,"thin RVOL, below 200-MA","near21, ADR",5,https://www.tradingview.com/chart/?symbol=NASDAQ:RIOT&interval=D,False,False,False
VSAT,"ViaSat, Inc.",NASDAQ,Telecommunications Equipment,69.79,71.87,72.81,72.1,75.06,73.48,67.38,61.03,71.49,72.36,72.28,69.67,4.95,5.5,3.84,1497654.0,1650048.1666666667,115156862.0,118974248.0,1.51,-0.47,9613978230.950138,-2.72,186,-14.38,240,21.82,164,1.57,-1.28,-4.15,0.65,0.68,3.1,0.127,20.1,False,False,False,True,False,True,True,False,False,True,False,True,True,True,True,False,2026-11-11,False,False,6,,"near21, RVOL",5,https://www.tradingview.com/chart/?symbol=NASDAQ:VSAT&interval=D,False,False,False
WGS,GeneDx Holdings Corp.,NASDAQ,Medical/Nursing Services,76.27,80.72,86.72,86.75,81.61,69.63,68.45,78.06,79.79,83.16,77.2,72.04,8.48,7.8,5.95,978678.4,692781.4333333333,52838440.0,60102253.0,0.88,0.36,2274565033.3451905,-13.11,277,10.38,119,7.35,201,1.54,-0.84,-12.05,1.06,0.87,71.1,0.432,23.95,False,False,False,False,False,True,True,False,False,True,False,False,False,False,False,False,2026-11-03,False,False,3,"LoD>60% ATR, thin RVOL, below 200-MA",near21,3,https://www.tradingview.com/chart/?symbol=NASDAQ:WGS&interval=D,False,False,False
BRZE,"Braze, Inc.",NASDAQ,Internet Software/Services,26.61,24.95,25.12,27.64,27.56,25.26,23.98,24.24,25.31,25.93,26.78,25.59,4.62,5.66,1.51,1971759.4,2717607.533333333,72315536.0,75101990.0,0.85,1.4,3022481608.394964,-18.21,333,7.38,132,15.39,184,1.52,-0.61,5.93,0.46,0.79,67.7,0.235,13.46,False,False,False,True,False,True,True,False,False,True,False,False,False,False,False,False,2026-12-15,False,False,4,"LoD>60% ATR, thin RVOL",near21,4,https://www.tradingview.com/chart/?symbol=NASDAQ:BRZE&interval=D,False,False,False
GENI,Genius Sports Limited,NYSE,Internet Software/Services,5.99,6.02,6.3,6.75,7.11,6.57,5.94,6.64,6.05,6.34,6.31,5.9,7.29,7.27,0.44,8902739.5,6808232.533333333,40781313.0,45978264.0,0.75,-0.66,1662985626.5182726,-21.08,353,-9.45,211,34.91,130,1.46,-2.17,-4.86,0.76,0.94,20.7,0.3,19.53,False,False,False,False,False,True,True,False,False,True,False,True,False,False,False,False,2026-11-11,False,False,4,"thin RVOL, below 200-MA",near21,4,https://www.tradingview.com/chart/?symbol=NYSE:GENI&interval=D,False,False,False
ACHC,"Acadia Healthcare Company, Inc.",NASDAQ,Medical/Nursing Services,28.87,28.11,28.14,28.36,29.06,28.35,27.32,24.24,28.08,28.25,28.92,27.83,4.02,4.4,1.27,1631747.3,1496433.7666666666,43202043.0,42434871.0,1.58,0.93,2687804833.791162,2.23,141,-7.41,195,9.32,194,1.38,-0.15,2.61,0.5,0.86,81.9,0.078,16.68,False,False,False,True,True,True,True,False,True,True,False,False,True,True,True,False,2026-11-04,False,False,5,LoD>60% ATR,"near21, BB, RVOL",6,https://www.tradingview.com/chart/?symbol=NASDAQ:ACHC&interval=D,False,False,False
DXC,DXC Technology Company,NYSE,Data Processing Services,11.66,10.92,11.13,11.14,11.05,10.12,10.75,11.64,11.1,11.07,11.76,10.99,4.13,4.61,0.54,2970394.800000009,2720403.4666666663,31719904.0,30316176.0,2.57,-0.99,1863019548.50991,1.57,152,13.15,107,-10.72,248,1.33,1.2,4.75,1.15,1.43,124.7,0.175,13.01,True,True,True,True,False,True,False,False,False,True,True,False,True,True,True,False,2026-11-04,False,False,5,LoD>60% ATR,"EMA, near21, RVOL",6,https://www.tradingview.com/chart/?symbol=NYSE:DXC&interval=D,False,False,False
MNDY,monday.com Ltd.,NASDAQ,Packaged Software,82.66,81.64,85.04,88.72,88.79,83.5,79.24,88.24,81.98,84.68,82.66,78.78,5.22,6.01,4.96,1150725.4,1198802.8,99093039.0,106354588.0,0.76,0.67,3494378606.0482235,-12.8,274,-2.9,174,19.35,175,1.22,-1.15,-2.8,0.4,0.78,78.3,0.252,11.55,False,False,False,False,True,True,True,False,False,True,False,False,False,False,False,False,2026-11-16,False,False,3,"LoD>60% ATR, thin RVOL, below 200-MA",near21,4,https://www.tradingview.com/chart/?symbol=NASDAQ:MNDY&interval=D,False,False,False
CRWV,"CoreWeave, Inc.",NASDAQ,Packaged Software,87.39,87.51,87.09,86.56,87.01,92.3,93.9,92.37,87.3,87.05,90.85,87.09,4.96,5.79,5.06,24603095.4,26029396.033333335,2274708919.0,2253104521.0,0.68,1.24,48198783691.451126,1.94,144,4.36,141,-5.0,234,0.44,0.08,0.34,0.07,0.74,5.9,0.208,7.88,False,False,True,False,True,True,True,False,False,True,False,True,False,True,False,False,2026-11-16,False,False,5,below 200-MA,"EMA, near21",6,https://www.tradingview.com/chart/?symbol=NASDAQ:CRWV&interval=D,False,False,False
IREN,IREN Limited,NASDAQ,Data Processing Services,40.48,43.27,43.86,42.49,41.46,46.19,45.41,45.59,42.32,42.76,42.2,39.97,6.16,6.66,2.7,33636536.0,38439733.53333333,1556040413.0,1633329904.0,0.97,0.56,15930395216.999998,-1.39,174,-4.16,181,4.6,209,-0.31,-0.36,-7.71,0.8,0.83,19.1,0.225,11.67,False,False,False,False,False,True,True,False,False,True,False,True,False,True,False,False,2026-12-01,False,False,5,below 200-MA,near21,4,https://www.tradingview.com/chart/?symbol=NASDAQ:IREN&interval=D,False,False,False
EQPT,EquipmentShare.com Inc,NASDAQ,Internet Software/Services,18.9,17.93,18.04,18.07,18.73,19.52,20.53,,18.09,18.12,19.41,18.38,6.14,6.27,1.19,3889459.7,3111041.9,58798692.0,56214453.0,0.76,1.35,4796952717.843244,3.85,135,1.02,159,-6.62,240,-0.59,0.14,4.76,0.68,0.87,43.9,0.146,13.78,False,True,False,False,False,True,True,False,False,True,False,True,False,False,False,False,2026-12-02,False,False,4,"thin RVOL, below 200-MA",near21,5,https://www.tradingview.com/chart/?symbol=NASDAQ:EQPT&interval=D,False,False,False
BHVN,Biohaven Ltd.,NYSE,Pharmaceuticals: Major,12.97,13.36,13.38,14.08,14.07,13.47,12.2,12.05,13.25,13.55,13.31,12.45,6.83,7.23,0.94,1970792.0,3356278.3333333335,43530930.0,47248568.0,0.78,-0.16,1959037776.614608,-16.43,311,-20.28,280,34.27,131,-0.82,-1.08,-3.04,0.59,0.92,55.4,0.238,15.59,False,False,False,True,False,True,True,False,False,True,False,True,False,False,False,False,2026-11-17,False,False,5,thin RVOL,near21,5,https://www.tradingview.com/chart/?symbol=NYSE:BHVN&interval=D,False,False,False
EPAM,"EPAM Systems, Inc.",NYSE,Information Technology Services,109.95,109.25,113.17,113.72,109.3,100.14,109.33,130.06,110.38,111.21,110.24,106.39,4.27,4.84,5.32,1042708.0,1099202.8,120857348.0,125006106.0,1.02,-0.59,5671988379.723889,-7.27,226,22.92,83,-19.24,302,-1.2,0.12,-2.85,0.23,0.72,67.0,0.173,27.21,False,False,False,False,True,True,True,False,False,True,False,False,False,False,False,False,2026-10-29,False,False,3,"LoD>60% ATR, thin RVOL, below 200-MA",near21,4,https://www.tradingview.com/chart/?symbol=NYSE:EPAM&interval=D,False,False,False
CIEN,Ciena Corporation,NYSE,Telecommunications Equipment,389.69,365.09,353.39,358.18,373.94,428.55,434.31,392.22,368.34,363.82,397.47,382.5,5.22,5.52,21.52,2158931.4,2539501.6333333333,989618391.0,909603774.0,1.12,0.62,55261366596.21141,21.15,52,-6.94,194,-18.05,296,-1.28,0.76,10.27,1.29,0.7,33.4,0.204,20.76,False,True,True,False,False,True,True,True,False,True,False,True,False,True,False,False,2026-12-10,False,False,5,below 200-MA,"EMA, near21, ADR",7,https://www.tradingview.com/chart/?symbol=NYSE:CIEN&interval=D,False,False,False
JBL,Jabil Inc.,NYSE,Industrial Machinery,300.94,307.49,305.54,305.64,316.62,334.18,321.24,302.1,304.62,306.99,307.9,300.36,4.35,4.52,13.59,1761008.5,1295211.6,389780979.0,395865451.0,0.58,0.28,31534626186.51864,-2.74,187,-8.65,204,6.72,203,-1.56,-1.1,-1.5,0.44,0.55,4.3,0.114,10.66,False,False,False,False,True,True,True,True,False,True,False,True,False,True,False,False,2026-12-10,False,False,5,below 200-MA,"near21, ADR",6,https://www.tradingview.com/chart/?symbol=NYSE:JBL&interval=D,False,False,False
RKLB,Rocket Lab Corporation,NASDAQ,Aerospace & Defense,73.02,71.88,68.24,67.19,69.94,86.56,82.99,81.5,71.13,69.88,73.81,71.37,5.15,5.4,3.95,21185641.6,19365789.5,1414089949.0,1301168031.0,0.87,-0.3,43699531895.28734,12.75,81,-18.88,274,1.42,218,-1.57,0.81,7.01,0.83,0.62,41.8,0.245,25.09,False,True,True,False,False,True,True,True,False,True,False,True,False,True,False,False,2026-11-16,False,False,5,below 200-MA,"EMA, near21, ADR",7,https://www.tradingview.com/chart/?symbol=NASDAQ:RKLB&interval=D,False,False,False
BTBT,"Bit Digital, Inc.",NASDAQ,Miscellaneous Commercial Services,1.54,1.69,1.65,1.6,1.53,1.67,1.64,1.73,1.64,1.63,1.66,1.51,7.39,8.03,0.12,20112412.2,27621036.333333332,42536396.0,44221279.0,0.81,1.23,555375610.7852762,-3.45,191,-10.98,220,9.22,195,-1.74,0.12,-6.47,0.68,1.21,24.3,0.282,12.98,False,False,False,False,False,True,False,False,False,True,True,True,False,False,False,False,2026-11-12,False,False,4,"thin RVOL, below 200-MA",near21,3,https://www.tradingview.com/chart/?symbol=NASDAQ:BTBT&interval=D,False,False,False
QUBT,Quantum Computing Inc.,NASDAQ,Information Technology Services,7.94,8.63,8.41,8.34,8.44,9.13,8.81,9.17,8.41,8.44,8.23,7.83,5.05,5.33,0.42,7629813.2,6811475.533333333,54083116.0,56780460.0,1.09,0.24,1797194157.8948658,0.13,163,-13.22,232,7.59,200,-1.84,-1.1,-5.64,1.1,0.94,26.0,0.21,9.48,False,False,False,False,False,True,True,False,False,True,False,True,False,False,False,False,2026-11-18,False,False,4,"thin RVOL, below 200-MA",near21,4,https://www.tradingview.com/chart/?symbol=NASDAQ:QUBT&interval=D,False,False,False
COCO,"The Vita Coco Company, Inc.",NASDAQ,Food: Specialty/Candy,55.32,57.51,55.97,57.24,60.46,67.93,63.66,61.38,56.73,57.33,58.18,54.75,4.34,4.5,2.49,979388.4,1315152.7666666666,72754251.0,75279783.0,1.24,0.23,3175206716.057174,1.41,156,-17.45,256,10.24,193,-1.93,-1.89,-1.17,0.78,1.38,22.9,0.168,21.61,False,False,False,False,True,True,False,False,False,True,True,True,False,False,True,False,2026-11-04,False,False,4,"thin RVOL, below 200-MA","near21, RVOL",4,https://www.tradingview.com/chart/?symbol=NASDAQ:COCO&interval=D,False,False,False
GLW,Corning Incorporated,NYSE,Electronic Components,159.37,157.31,156.26,153.71,153.2,170.78,164.98,150.87,157.61,156.08,164.84,158.44,4.1,5.0,7.97,6655581.5,8303438.066666666,1323318925.0,1276313162.0,0.95,0.3,137279456314.96254,7.29,113,-14.79,241,1.54,216,-1.99,0.8,1.99,0.42,0.8,11.7,0.192,12.49,False,True,True,True,True,True,True,False,False,True,False,True,False,True,False,False,2026-10-27,False,False,6,,"EMA, near21",8,https://www.tradingview.com/chart/?symbol=NYSE:GLW&interval=D,False,False,False
RDW,Redwire Corporation,NYSE,Aerospace & Defense,10.43,11.05,10.99,10.94,11.13,12.55,11.56,11.07,10.86,10.98,10.98,10.24,6.83,7.14,0.74,13652999.5,12531566.133333333,130704235.0,137137105.0,1.36,0.18,2607422999.182904,-1.42,175,-6.04,190,0.48,220,-2.32,-0.88,-5.11,0.7,0.99,25.5,0.157,14.94,False,False,False,False,False,True,True,False,False,True,False,True,False,False,True,False,2026-11-11,False,False,4,"thin RVOL, below 200-MA","near21, RVOL",4,https://www.tradingview.com/chart/?symbol=NYSE:RDW&interval=D,False,False,False
HUBS,"HubSpot, Inc.",NYSE,Packaged Software,220.61,213.73,222.27,231.38,231.0,215.83,223.55,245.61,215.78,221.3,221.2,212.12,5.62,6.13,13.51,1476872.3,1595656.8,352017847.0,369209453.0,0.7,-0.94,11000982207.182028,-10.72,254,10.34,120,-7.5,242,-2.63,-0.73,-0.75,0.05,0.67,62.8,0.236,14.45,False,False,False,False,True,True,True,True,False,True,False,False,False,True,False,False,2026-11-11,False,False,4,"LoD>60% ATR, below 200-MA","near21, ADR",5,https://www.tradingview.com/chart/?symbol=NYSE:HUBS&interval=D,False,False,False
NCNO,"nCino, Inc.",NASDAQ,Packaged Software,19.28,19.03,20.28,20.99,20.37,18.21,17.71,18.68,19.27,19.91,19.34,18.59,4.58,4.82,0.93,2219330.9,2628784.7333333334,50682970.0,55177315.0,0.73,0.05,2038593497.3490365,-17.11,315,3.43,145,5.3,207,-2.79,-1.11,-4.91,0.65,0.81,74.3,0.271,13.8,False,False,False,True,False,True,True,False,False,True,False,False,False,False,False,False,2026-12-02,False,False,4,"LoD>60% ATR, thin RVOL",near21,4,https://www.tradingview.com/chart/?symbol=NASDAQ:NCNO&interval=D,False,False,False
GLXY,Galaxy Digital Inc.,NASDAQ,Investment Banks/Brokers,22.65,24.01,24.13,24.28,23.0,25.58,24.88,24.87,23.49,23.79,23.58,22.53,6.39,7.07,1.6,4617166.6,5076377.866666666,114979959.0,123235841.0,0.91,1.86,8853637614.06765,-12.14,267,-8.85,205,11.41,189,-3.19,-0.22,-6.13,0.68,0.65,7.4,0.25,11.38,False,False,False,False,False,True,True,True,False,True,False,True,False,False,False,False,2026-10-27,False,False,4,"thin RVOL, below 200-MA","near21, ADR",5,https://www.tradingview.com/chart/?symbol=NASDAQ:GLXY&interval=D,False,False,False
EXPE,"Expedia Group, Inc.",NASDAQ,Other Consumer Services,260.17,264.74,273.26,288.49,298.03,270.56,260.36,259.95,266.72,275.73,268.0,257.51,4.15,4.37,11.37,2682197.1,2121186.2333333334,551869022.0,611933592.0,0.47,0.22,31225314027.144722,-13.91,283,-4.19,182,8.4,196,-3.23,-2.91,-4.79,1.29,0.92,23.4,0.152,14.63,False,False,False,True,False,True,True,False,False,True,False,True,False,True,False,False,2026-10-29,False,False,6,,near21,5,https://www.tradingview.com/chart/?symbol=NASDAQ:EXPE&interval=D,False,False,False
CRCL,"Circle Internet Group, Inc.",NYSE,Packaged Software,83.3,86.74,88.65,90.1,81.82,82.41,90.39,86.05,85.38,86.71,85.48,82.04,6.25,7.2,5.99,10636930.0,14513707.3,1208991818.0,1307704379.0,0.84,2.37,21250904711.481846,-14.98,295,22.95,82,-17.76,291,-3.26,0.25,-6.04,0.55,0.57,21.0,0.235,10.28,False,False,False,False,False,True,True,True,False,True,False,True,False,True,False,False,2026-11-18,False,True,4,"below 200-MA, large gap","near21, ADR",5,https://www.tradingview.com/chart/?symbol=NYSE:CRCL&interval=D,False,False,False
UCTT,"Ultra Clean Holdings, Inc.",NASDAQ,Industrial Machinery,74.02,77.3,73.93,72.67,76.72,88.07,81.62,72.01,75.87,75.24,76.26,71.42,5.27,6.51,4.82,1084512.4,883884.0,65425094.0,64229788.0,1.39,-0.98,3351405661.1123953,8.06,106,-23.69,311,5.76,205,-3.29,-0.54,0.12,0.25,1.0,53.9,0.247,21.69,False,False,False,True,True,True,False,False,False,True,True,True,False,False,True,False,2026-10-28,False,False,5,thin RVOL,"near21, RVOL",5,https://www.tradingview.com/chart/?symbol=NASDAQ:UCTT&interval=D,False,False,False
BTU,Peabody Energy Corporation,NYSE,Coal,25.5,25.33,26.41,27.13,25.88,25.37,27.2,28.84,25.35,25.94,25.74,24.33,4.52,4.6,1.17,1954753.3,2364680.0,60299340.0,64159286.0,1.15,0.0,3108449972.249093,-6.76,219,11.21,111,-16.2,282,-3.92,-0.32,-3.45,0.37,1.2,99.8,0.243,13.76,False,False,False,False,False,True,False,False,False,True,True,False,False,False,False,False,2026-10-29,False,False,3,"LoD>60% ATR, thin RVOL, below 200-MA",near21,2,https://www.tradingview.com/chart/?symbol=NYSE:BTU&interval=D,False,False,False
TMDX,"TransMedics Group, Inc.",NASDAQ,Medical Specialties,82.99,83.59,84.99,86.26,85.47,78.33,88.46,99.77,83.08,84.44,83.4,77.37,4.47,5.08,4.21,721585.4,728013.7,60417857.0,62795186.0,1.46,-0.37,2877690151.178896,-1.94,180,16.53,96,-27.21,326,-4.21,-0.57,-2.35,0.34,1.43,133.4,0.125,25.84,False,False,False,False,True,True,False,False,False,True,True,False,False,False,True,False,2026-11-04,False,False,3,"LoD>60% ATR, thin RVOL, below 200-MA","near21, RVOL",3,https://www.tradingview.com/chart/?symbol=NASDAQ:TMDX&interval=D,False,False,False
AKAM,"Akamai Technologies, Inc.",NASDAQ,Data Processing Services,107.99,110.88,109.17,108.45,111.72,122.15,117.56,111.78,109.1,109.61,109.54,106.27,6.06,5.69,6.14,8244089.2,4894512.866666666,528558444.0,530819709.0,0.43,-0.05,15519956860.438028,2.85,137,-8.5,203,-7.11,241,-4.25,-0.59,-1.09,0.26,0.53,28.0,0.159,12.02,False,False,False,False,True,True,True,True,False,True,False,True,False,True,False,False,2026-11-10,False,False,5,below 200-MA,"near21, ADR",6,https://www.tradingview.com/chart/?symbol=NASDAQ:AKAM&interval=D,False,False,False
STEP,StepStone Group Inc.,NASDAQ,Investment Managers,46.08,44.52,46.71,47.92,47.82,46.73,47.71,51.78,45.18,46.23,46.68,44.3,4.19,4.38,2.02,1085034.3,1084636.8666666667,49980067.0,51978691.0,1.21,0.13,5560781051.419482,-9.54,247,4.85,140,-8.28,243,-4.32,-0.83,-1.34,0.07,1.18,88.2,0.221,15.75,False,False,False,False,True,True,False,False,False,True,True,False,False,False,True,False,2026-11-05,False,False,3,"LoD>60% ATR, thin RVOL, below 200-MA","near21, RVOL",3,https://www.tradingview.com/chart/?symbol=NASDAQ:STEP&interval=D,False,False,False
RGTI,"Rigetti Computing, Inc.",NASDAQ,Computer Processing Hardware,15.15,15.91,15.7,15.71,16.16,17.81,17.4,18.28,15.67,15.8,15.3,14.82,5.58,5.87,0.89,15686718.8,16054522.1,243226010.0,252176406.0,0.77,0.0,5056596377.222952,-0.46,167,-13.33,234,0.07,222,-4.57,-1.07,-3.52,0.7,0.55,37.7,0.137,17.03,False,False,False,False,False,True,True,True,False,True,False,True,False,False,False,False,2026-11-16,False,False,4,"thin RVOL, below 200-MA","near21, ADR",5,https://www.tradingview.com/chart/?symbol=NASDAQ:RGTI&interval=D,False,False,False
VOYG,"Voyager Technologies, Inc.",NYSE,Information Technology Services,30.2,31.66,33.27,33.52,34.45,35.4,32.81,31.92,31.59,32.79,31.26,29.86,7.21,7.91,2.39,3634956.2,2083952.5333333334,62935367.0,69851310.0,0.32,1.07,1843077586.8089235,-8.54,239,-8.48,202,3.25,212,-4.59,-1.56,-9.23,1.0,0.59,14.2,0.294,12.39,False,False,False,False,False,True,True,True,False,True,False,True,False,False,False,False,2026-11-02,False,False,4,"thin RVOL, below 200-MA","near21, ADR",5,https://www.tradingview.com/chart/?symbol=NYSE:VOYG&interval=D,False,False,False
AAON,"AAON, Inc.",NASDAQ,Industrial Machinery,84.35,83.81,80.29,79.18,82.9,104.37,100.42,97.85,82.91,81.89,85.49,81.21,4.61,4.82,4.07,1244812.0999999996,1156731.3000000005,97570285.0,91584586.0,0.68,-0.31,6954964573.708419,8.17,104,-20.46,282,-1.92,227,-4.74,0.36,5.05,0.62,1.05,77.2,0.203,28.54,False,True,True,False,False,True,False,False,False,True,True,False,False,False,False,False,2026-11-09,False,False,3,"LoD>60% ATR, thin RVOL, below 200-MA","EMA, near21",4,https://www.tradingview.com/chart/?symbol=NASDAQ:AAON&interval=D,False,False,False
FIG,FIGMA INC,NYSE,Packaged Software,22.01,21.27,22.1,23.76,24.37,22.84,22.52,24.49,21.61,22.4,22.06,21.08,4.54,5.59,1.23,10707882.0,13721430.233333332,302008679.0,326057773.0,0.7,-0.51,11731542003.9059,-10.85,257,-1.43,169,-2.18,228,-4.82,-1.73,-0.39,0.31,0.8,75.7,0.183,14.63,False,False,False,False,True,True,True,False,False,True,False,False,False,True,False,False,2026-11-11,False,False,4,"LoD>60% ATR, below 200-MA",near21,4,https://www.tradingview.com/chart/?symbol=NYSE:FIG&interval=D,False,False,False
COMP,"Compass, Inc.",NYSE,Real Estate Development,9.29,9.21,9.81,10.22,11.04,10.47,9.63,10.08,9.35,9.81,9.49,9.12,5.07,5.34,0.5,18726943.2,14878816.633333333,138224207.0,152101183.0,0.99,0.11,7131419003.041214,-14.38,288,-28.54,337,26.57,147,-5.45,-2.96,-5.31,0.98,0.75,34.3,0.26,19.66,False,False,False,False,False,True,True,False,False,True,False,True,False,False,False,False,2026-11-11,False,False,4,"thin RVOL, below 200-MA",near21,4,https://www.tradingview.com/chart/?symbol=NYSE:COMP&interval=D,False,False,False
PRM,"Perimeter Solutions, SA",NYSE,Chemicals: Major Diversified,28.07,27.91,29.75,30.21,31.54,32.65,30.45,29.64,28.19,29.31,28.36,27.24,4.68,4.86,1.37,1571998.9,1199706.3333333333,33675757.0,36248327.0,0.7,-0.04,4594691976.313662,-11.62,262,-16.56,249,10.9,191,-5.76,-2.26,-5.66,0.87,0.81,60.4,0.269,16.89,False,False,False,False,False,True,True,False,False,True,False,False,False,False,False,False,2026-10-30,False,False,3,"LoD>60% ATR, thin RVOL, below 200-MA",near21,3,https://www.tradingview.com/chart/?symbol=NYSE:PRM&interval=D,False,False,False
PTRN,Pattern Group Inc. - Series A,NASDAQ,Advertising/Marketing Services,17.41,17.77,18.76,19.47,20.59,21.48,18.59,17.06,17.78,18.66,17.69,17.2,5.22,5.39,0.94,1676313.6,1586827.9,27626674.0,30899771.0,0.64,-0.52,3088518160.2152343,-14.87,293,-38.98,373,36.02,124,-5.94,-2.86,-7.2,1.24,0.52,21.8,0.274,25.38,False,False,False,True,False,True,True,True,False,True,False,True,False,False,False,False,2026-11-11,False,False,5,thin RVOL,"near21, ADR",6,https://www.tradingview.com/chart/?symbol=NASDAQ:PTRN&interval=D,False,False,False
MOD,Modine Manufacturing Company,NYSE,Industrial Machinery,182.91,175.99,173.63,172.46,177.04,209.67,210.54,197.15,175.76,175.24,186.08,176.51,4.89,5.45,9.98,1624078.2993819884,1433133.3920467242,262134429.0,247162072.0,0.78,0.71,9714844747.351852,6.75,117,-12.51,227,-13.25,265,-6.34,0.61,5.34,0.8,0.96,64.2,0.147,20.18,False,True,True,False,False,True,True,False,False,True,False,False,False,False,False,False,2026-11-03,False,False,3,"LoD>60% ATR, thin RVOL, below 200-MA","EMA, near21",5,https://www.tradingview.com/chart/?symbol=NYSE:MOD&interval=D,False,False,False
LPTH,"LightPath Technologies, Inc.",NASDAQ,Electronic Components,10.81,10.29,10.03,10.47,11.27,12.59,12.46,12.13,10.42,10.44,11.2,10.64,4.64,6.56,0.71,2227544.4,3230241.3,34918908.0,33834624.0,0.98,1.09,757091830.1875001,9.63,96,-21.27,288,-8.47,244,-6.7,-0.63,7.76,0.54,0.78,23.3,0.213,23.71,False,False,False,False,False,True,True,False,False,True,False,True,False,False,False,False,2026-11-05,False,False,4,"thin RVOL, below 200-MA",near21,4,https://www.tradingview.com/chart/?symbol=NASDAQ:LPTH&interval=D,False,False,False
TTAN,"ServiceTitan, Inc.",NASDAQ,Packaged Software,72.16,63.71,61.43,72.52,78.34,74.17,71.27,74.96,65.31,67.13,72.2,67.0,4.97,5.92,4.27,2278593.5,3407558.6666666665,245889433.0,247099685.0,0.71,1.22,6961123221.940676,-21.19,356,-9.44,210,10.32,192,-6.77,-1.33,17.47,1.27,1.22,120.8,0.427,23.43,False,False,False,False,False,True,False,False,False,True,True,False,False,False,False,False,2027-01-19,False,False,3,"LoD>60% ATR, thin RVOL, below 200-MA",near21,2,https://www.tradingview.com/chart/?symbol=NASDAQ:TTAN&interval=D,False,False,False
HLNE,Hamilton Lane Incorporated,NASDAQ,Investment Managers,87.33,86.55,90.04,95.08,96.58,89.59,92.42,102.95,87.67,90.37,87.92,85.24,4.16,4.13,3.61,721493.4,620445.7333333333,54183526.0,58994255.0,0.86,-0.92,4819359972.061006,-14.16,285,5.91,136,-13.7,268,-7.32,-2.32,-3.01,0.81,0.74,58.1,0.214,18.79,False,False,False,False,False,True,True,True,False,True,False,True,False,False,False,False,2026-11-10,False,False,4,"thin RVOL, below 200-MA","near21, ADR",5,https://www.tradingview.com/chart/?symbol=NASDAQ:HLNE&interval=D,False,False,False
AXGN,"Axogen, Inc.",NASDAQ,Medical Specialties,37.22,41.68,43.22,45.42,45.72,43.85,40.97,38.98,41.03,43.03,38.27,36.79,5.24,5.77,2.15,1486536.9,1287715.0666666667,47928755.0,58491667.0,1.58,0.21,2183753663.0221987,-20.35,349,-18.72,271,16.17,183,-7.63,-3.22,-13.88,2.34,0.69,20.0,0.243,18.1,False,False,False,False,False,False,True,False,False,False,False,True,True,True,True,False,2026-11-10,False,False,5,below 200-MA,RVOL,3,https://www.tradingview.com/chart/?symbol=NASDAQ:AXGN&interval=D,False,False,False
BTDR,Bitdeer Technologies Group,NASDAQ,Data Processing Services,10.93,11.41,11.68,11.48,10.91,13.09,12.14,12.01,11.21,11.36,11.52,10.65,7.36,8.15,0.89,9880075.6,10423993.466666667,113934249.0,119622274.0,0.86,3.45,2970580074.822141,-6.74,218,-22.1,300,4.94,208,-7.96,0.02,-6.39,0.46,0.98,31.4,0.284,19.93,False,False,False,False,False,True,True,False,False,True,False,True,False,False,False,False,2026-11-16,False,True,3,"thin RVOL, below 200-MA, large gap",near21,4,https://www.tradingview.com/chart/?symbol=NASDAQ:BTDR&interval=D,False,False,False
CNXC,Concentrix Corporation,NASDAQ,Information Technology Services,25.87,27.03,27.61,28.34,27.06,26.01,26.78,29.73,26.54,27.23,25.88,24.3,8.66,8.71,2.25,2785694.4,1941841.5,50235440.0,55035025.0,0.63,-0.96,1576724798.4259336,-20.35,350,6.07,135,-9.95,247,-8.08,-0.51,-6.31,0.57,0.7,69.7,0.247,14.37,False,False,False,False,False,True,True,True,False,True,False,False,False,False,False,False,2027-01-19,False,False,3,"LoD>60% ATR, thin RVOL, below 200-MA","near21, ADR",4,https://www.tradingview.com/chart/?symbol=NASDAQ:CNXC&interval=D,False,False,False
DPC,DPC Holdings PLC,NYSE,Electrical Products,41.26,41.4,41.2,41.83,44.85,,,,41.43,41.88,42.72,40.88,4.89,6.26,2.58,1312679.6,1277097.1666666667,52693029.0,53417143.0,0.56,3.31,6163955803.639662,-1.39,173,-16.65,251,-6.23,238,-8.09,-1.28,0.15,0.23,0.71,14.7,0.085,8.84,False,False,False,False,True,True,True,False,True,True,False,True,False,False,False,False,2026-12-02,False,True,3,"thin RVOL, below 200-MA, large gap","near21, BB",6,https://www.tradingview.com/chart/?symbol=NYSE:DPC&interval=D,False,False,False
GLOB,Globant S.A.,NYSE,Information Technology Services,35.75,34.9,36.24,37.43,37.54,36.12,39.12,44.68,35.49,36.17,36.28,34.61,4.43,5.33,1.9,879673.1,981958.1,35105002.0,36750437.0,0.78,-0.68,1543668987.8703704,-10.21,250,10.58,118,-24.93,316,-8.19,-0.89,-1.36,0.22,0.88,59.9,0.205,27.34,False,False,False,False,True,True,True,False,False,True,False,True,False,False,False,False,2026-11-12,False,False,4,"thin RVOL, below 200-MA",near21,5,https://www.tradingview.com/chart/?symbol=NYSE:GLOB&interval=D,False,False,False
PSKY,Paramount Skydance Corporation,NASDAQ,Cable/Satellite TV,9.78,9.94,10.26,10.43,9.93,9.91,10.1,10.54,9.93,10.11,9.87,9.16,6.53,5.78,0.56,30072962.5,22079603.6,215828125.0,230327065.0,0.95,-2.53,10967021053.142107,-10.81,255,-3.6,178,-10.81,249,-8.41,-0.27,-4.72,0.58,1.26,108.9,0.181,6.39,False,False,False,False,False,True,False,False,False,True,True,False,False,True,False,False,2026-11-16,False,True,3,"LoD>60% ATR, below 200-MA, large gap",near21,2,https://www.tradingview.com/chart/?symbol=NASDAQ:PSKY&interval=D,False,False,False
SGRY,"Surgery Partners, Inc.",NASDAQ,Hospital/Nursing Management,13.33,14.18,14.01,14.03,14.48,14.72,14.23,14.51,13.82,14.01,13.5,13.16,5.86,5.42,0.72,2467900.9,2378998.466666667,31712050.0,33371797.0,0.62,-0.45,1745140347.5563064,-5.93,211,-22.0,297,1.99,215,-8.65,-1.46,-4.88,0.9,0.47,23.5,0.173,5.32,False,False,False,False,False,True,True,True,False,True,False,True,False,False,False,False,2026-11-10,False,False,4,"thin RVOL, below 200-MA","near21, ADR",5,https://www.tradingview.com/chart/?symbol=NASDAQ:SGRY&interval=D,False,False,False
TNDM,"Tandem Diabetes Care, Inc.",NASDAQ,Medical Specialties,16.52,16.36,17.02,18.42,19.51,17.78,18.72,19.41,16.6,17.35,16.95,16.14,6.4,6.36,1.05,2431733.3,1931524.7666666666,31908789.0,35576755.0,0.73,0.0,1149440204.0969696,-17.56,319,5.56,137,-14.49,272,-8.83,-2.41,-2.93,0.75,0.77,36.2,0.252,19.05,False,False,False,False,True,True,True,False,False,True,False,True,False,False,False,False,2026-11-05,False,False,4,"thin RVOL, below 200-MA",near21,5,https://www.tradingview.com/chart/?symbol=NASDAQ:TNDM&interval=D,False,False,False
WYFI,"WhiteFiber, Inc.",NASDAQ,Data Processing Services,17.46,18.74,18.67,18.79,21.27,26.08,22.69,21.55,18.31,18.95,18.0,17.14,6.84,8.79,1.53,1208127.8,1680844.9666666666,29347553.0,31581396.0,0.85,0.39,678288149.2972673,-5.01,204,-48.5,386,25.79,150,-9.24,-2.04,-6.46,0.9,0.56,21.2,0.229,42.49,False,False,False,False,False,True,True,True,False,True,False,True,False,False,False,False,2026-11-12,False,False,4,"thin RVOL, below 200-MA","near21, ADR",5,https://www.tradingview.com/chart/?symbol=NASDAQ:WYFI&interval=D,False,False,False
CE,Celanese Corporation,NYSE,Chemicals: Specialty,45.53,45.96,45.79,45.55,45.2,47.82,52.33,51.28,45.37,45.58,46.15,43.85,4.01,4.14,1.88,1890576.8,1801515.4,82022996.0,82051820.0,0.73,0.75,4996868713.147092,1.86,145,-3.95,179,-25.91,321,-9.33,0.18,-0.58,0.03,1.22,89.1,0.114,15.66,False,False,False,False,True,True,False,False,False,True,True,False,False,False,False,False,2026-11-09,False,False,3,"LoD>60% ATR, thin RVOL, below 200-MA",near21,3,https://www.tradingview.com/chart/?symbol=NYSE:CE&interval=D,False,False,False
BSP,Bending Spoons S.p.A.,NASDAQ,Packaged Software,32.12,33.31,36.17,38.11,39.06,,,,33.69,35.67,33.22,31.48,6.51,7.52,2.42,3239735.9,2102690.1,67538406.0,80131067.0,0.54,0.25,20403243867.865128,-22.28,366,-9.46,212,3.61,210,-9.38,-2.36,-11.21,1.33,0.72,26.5,0.337,17.88,False,False,False,False,False,True,True,False,False,True,False,True,False,True,False,False,2026-11-12,False,False,5,below 200-MA,near21,4,https://www.tradingview.com/chart/?symbol=NASDAQ:BSP&interval=D,False,False,False
MDA,MDA Space Ltd.,NYSE,Electronic Production Equipment,29.5,30.46,30.03,29.75,30.96,34.53,33.42,31.2,30.01,30.19,29.7,29.15,4.04,4.51,1.33,1281745.5,1293692.4666666666,38163928.0,38481314.0,0.53,-0.84,4782858654.090268,0.68,162,-28.4,333,-0.61,223,-9.44,-1.04,-1.75,0.51,0.41,26.3,0.139,15.27,False,False,False,False,True,True,True,True,False,True,False,True,False,False,False,False,2026-11-06,False,False,4,"thin RVOL, below 200-MA","near21, ADR",6,https://www.tradingview.com/chart/?symbol=NYSE:MDA&interval=D,False,False,False
CVNA,Carvana Co.,NYSE,Specialty Stores,63.72,63.57,66.23,68.75,68.81,67.92,68.29,71.81,64.07,65.86,65.12,63.07,4.42,5.03,3.21,8582077.5,7359229.066666666,468930076.0,505976435.0,0.83,-0.1,70121553703.71144,-12.53,269,-9.39,209,-6.42,239,-9.45,-1.47,-3.79,0.65,0.64,20.3,0.218,12.93,False,False,False,False,False,True,True,True,False,True,False,True,False,True,False,False,2026-10-28,False,False,5,below 200-MA,"near21, ADR",5,https://www.tradingview.com/chart/?symbol=NYSE:CVNA&interval=D,False,False,False
MWH,"SOLV Energy, Inc.",NASDAQ,Engineering & Construction,25.09,24.92,25.32,25.66,26.98,30.35,31.3,,24.98,25.46,25.32,24.64,4.39,5.04,1.26,1313988.1,1380594.1666666667,34639108.0,35432029.0,0.95,0.28,5078005858.08396,1.95,143,-17.49,257,-13.21,264,-9.59,-1.39,-0.92,0.29,0.54,35.6,0.127,25.45,False,False,False,False,True,True,True,True,False,True,False,True,False,False,False,False,2026-12-02,False,False,4,"thin RVOL, below 200-MA","near21, ADR",6,https://www.tradingview.com/chart/?symbol=NASDAQ:MWH&interval=D,False,False,False
RDDT,"Reddit, Inc.",NYSE,Internet Software/Services,150.42,148.89,151.99,152.61,155.96,164.88,158.91,168.18,149.2,151.38,152.85,148.24,4.33,4.93,7.42,4164945.6,4533811.5,681975926.0,691906484.0,1.24,1.94,28940284725.382248,-3.42,190,-25.1,316,-0.77,224,-9.76,-0.72,-1.03,0.13,0.62,29.3,0.142,12.83,False,False,False,False,True,True,True,True,False,True,False,True,False,True,True,False,2026-11-04,False,False,5,below 200-MA,"near21, ADR, RVOL",6,https://www.tradingview.com/chart/?symbol=NYSE:RDDT&interval=D,False,False,False
RIVN,"Rivian Automotive, Inc.",NASDAQ,Motor Vehicles,14.6,14.93,15.3,15.58,15.7,15.94,15.82,16.14,14.89,15.2,14.62,14.13,4.43,4.64,0.68,27500259.9,23167124.333333332,338240015.0,360874296.0,0.97,-0.28,21138765335.832165,-7.42,227,-17.38,255,-5.75,237,-10.18,-1.51,-4.55,0.85,0.72,69.4,0.134,8.33,False,False,False,False,False,True,True,False,False,True,False,False,False,True,False,False,2027-02-25,False,False,4,"LoD>60% ATR, below 200-MA",near21,3,https://www.tradingview.com/chart/?symbol=NASDAQ:RIVN&interval=D,False,False,False
HL,Hecla Mining Company,NYSE,Precious Metals,17.01,17.58,18.43,19.14,18.29,17.19,17.81,19.17,17.54,18.12,17.43,16.6,4.28,5.08,0.86,38563672.4,34640902.2,589241746.0,662946039.0,0.96,1.28,11426781546.136047,-17.51,318,5.33,138,-18.46,300,-10.21,-1.38,-7.72,1.21,0.96,46.9,0.253,11.67,False,False,False,False,False,True,True,False,False,True,False,True,False,True,False,False,2026-11-11,False,False,5,below 200-MA,near21,4,https://www.tradingview.com/chart/?symbol=NYSE:HL&interval=D,False,False,False
MOS,Mosaic Company (The),NYSE,Chemicals: Agricultural,21.29,22.6,23.93,24.15,23.53,22.82,23.61,24.48,22.38,23.19,21.46,20.44,4.86,4.95,1.05,7849100.0,8118518.966666667,172843269.0,196037877.0,1.07,-0.88,6767998512.279069,-14.84,292,0.66,161,-17.0,285,-10.39,-1.93,-11.03,1.66,0.96,80.6,0.278,8.83,False,False,False,False,False,False,True,False,False,False,False,False,False,False,False,False,2026-11-10,False,False,3,"LoD>60% ATR, thin RVOL, below 200-MA",,2,https://www.tradingview.com/chart/?symbol=NYSE:MOS&interval=D,False,False,False
ENPH,"Enphase Energy, Inc.",NASDAQ,Electrical Products,33.45,32.82,34.57,35.36,36.89,44.01,41.79,41.24,33.29,34.36,33.56,31.98,4.45,5.2,1.74,5067939.8,4610762.766666667,154230015.0,163052709.0,0.72,-0.72,4420238304.142516,-7.66,231,-22.85,306,-1.59,226,-10.7,-1.79,-3.23,0.51,0.9,84.4,0.235,33.45,False,False,False,False,False,True,True,False,False,True,False,False,False,False,False,False,2026-10-27,False,False,3,"LoD>60% ATR, thin RVOL, below 200-MA",near21,3,https://www.tradingview.com/chart/?symbol=NASDAQ:ENPH&interval=D,False,False,False
ONDS,Ondas Inc,NASDAQ,Telecommunications Equipment,7.42,7.46,7.39,7.56,7.99,8.53,8.99,9.44,7.4,7.51,7.69,7.38,4.9,5.63,0.42,60724226.7,60177669.233333334,446518306.0,454852913.0,0.58,5.32,4320685699.895027,-2.5,185,-3.01,175,-27.04,325,-10.85,-1.27,0.37,0.21,0.75,10.8,0.094,27.58,False,False,False,False,True,True,True,False,True,True,False,True,False,False,False,False,2026-11-16,False,True,3,"thin RVOL, below 200-MA, large gap","near21, BB",6,https://www.tradingview.com/chart/?symbol=NASDAQ:ONDS&interval=D,False,False,False
GRML,Greenland Mines Ltd,NASDAQ,Miscellaneous Commercial Services,7.34,11.21,7.61,6.97,8.1,11.21,14.39,14.79,9.23,8.57,8.65,7.0,35.1,31.47,2.31,25383839.1,16405410.966666667,120415716.0,114422273.0,0.1,9.84,64791151.52538072,65.32,9,-41.28,377,-56.81,394,-10.93,-0.3,-3.54,0.46,0.72,14.7,2.23,97.87,False,False,False,False,False,True,True,True,False,True,False,True,False,False,False,False,,False,True,3,"thin RVOL, below 200-MA, large gap","near21, ADR",5,https://www.tradingview.com/chart/?symbol=NASDAQ:GRML&interval=D,True,False,False
LGN,Legence Corp.,NASDAQ,Engineering & Construction,53.79,53.2,53.96,54.14,57.93,69.25,68.54,63.44,53.43,54.31,56.55,52.2,4.63,5.46,2.94,1030295.9,927148.1,49871296.0,50198734.0,1.6,-0.04,5813379955.017906,1.7,149,-28.92,338,-5.6,235,-10.94,-1.31,-0.31,0.18,1.48,54.1,0.1,29.84,False,False,False,False,True,True,False,False,False,True,True,True,True,True,True,False,2026-11-13,False,False,5,below 200-MA,"near21, RVOL",4,https://www.tradingview.com/chart/?symbol=NASDAQ:LGN&interval=D,False,False,False
MBLY,Mobileye Global Inc.,NASDAQ,Packaged Software,7.58,7.61,7.86,8.08,8.29,8.85,8.55,8.9,7.63,7.85,7.66,7.42,4.49,4.63,0.35,6767617.2,5058829.066666666,38345924.0,40885457.0,0.88,0.4,6444421967.137466,-8.78,241,-22.65,303,-1.56,225,-11.0,-1.85,-3.53,0.75,0.68,45.6,0.158,16.96,False,False,False,False,False,True,True,True,False,True,False,True,False,False,False,False,2026-10-22,False,False,4,"thin RVOL, below 200-MA","near21, ADR",5,https://www.tradingview.com/chart/?symbol=NASDAQ:MBLY&interval=D,False,False,False
KVYO,"Klaviyo, Inc. Series A",NYSE,Packaged Software,16.7,15.95,16.2,17.21,17.59,16.55,17.35,19.14,16.08,16.46,16.75,15.8,4.83,5.59,0.93,6017915.9,6262046.0,104576168.0,107740589.0,0.69,0.7,4754948113.634626,-14.18,286,-4.63,185,-14.36,271,-11.06,-0.9,3.12,0.26,1.01,95.8,0.163,19.06,False,False,False,False,False,True,False,False,False,True,True,False,False,False,False,False,2026-11-11,False,False,3,"LoD>60% ATR, thin RVOL, below 200-MA",near21,2,https://www.tradingview.com/chart/?symbol=NYSE:KVYO&interval=D,False,False,False
GEN,Gen Digital Inc.,NASDAQ,Packaged Software,22.28,22.84,26.5,27.77,27.92,26.58,24.42,24.57,23.33,25.35,22.64,21.98,6.21,5.37,1.2,18080808.8,10305988.1,229617415.0,286209313.0,0.68,0.18,13336519026.677582,-28.27,390,-18.06,264,12.92,186,-11.13,-3.76,-15.91,2.25,0.56,25.5,0.599,22.79,False,False,False,False,False,False,True,True,False,True,False,True,False,True,False,False,2026-11-10,False,False,5,below 200-MA,ADR,4,https://www.tradingview.com/chart/?symbol=NASDAQ:GEN&interval=D,False,False,False
PPC,Pilgrim's Pride Corporation,NASDAQ,Agricultural Commodities/Milling,27.99,27.48,28.69,29.56,29.13,28.8,30.89,33.51,27.66,28.4,28.46,27.01,4.3,4.31,1.21,1675769.5,1436477.9,40207016.0,42458456.0,1.2,-0.18,6664657916.533091,-6.92,222,-4.8,186,-21.99,308,-11.23,-0.91,-2.44,0.33,1.2,81.2,0.194,21.57,False,False,False,False,True,True,False,False,False,True,True,False,False,False,False,False,2026-10-28,False,False,3,"LoD>60% ATR, thin RVOL, below 200-MA",near21,3,https://www.tradingview.com/chart/?symbol=NASDAQ:PPC&interval=D,False,False,False
QBTS,D-Wave Quantum Inc.,NASDAQ,Computer Processing Hardware,15.64,16.7,16.86,17.04,18.12,20.44,19.64,20.75,16.49,16.92,15.78,15.26,6.13,6.35,0.99,16482059.1,16279500.633333333,254611390.0,277473235.0,0.99,-0.13,5937360619.0539,-6.85,221,-29.44,341,2.56,214,-11.24,-2.16,-7.26,1.19,0.52,38.3,0.14,25.92,False,False,False,False,False,True,True,True,False,True,False,True,False,False,False,False,2026-11-05,False,False,4,"thin RVOL, below 200-MA","near21, ADR",5,https://www.tradingview.com/chart/?symbol=NASDAQ:QBTS&interval=D,False,False,False
KD,"Kyndryl Holdings, Inc.",NYSE,Data Processing Services,11.61,11.66,12.25,12.54,12.87,12.32,12.58,14.82,11.77,12.12,11.86,11.43,4.85,5.23,0.61,4637522.3,3937486.2333333334,45714215.0,49366890.0,0.97,-0.09,2528870180.784602,-12.64,271,-8.08,196,-13.55,267,-11.42,-1.87,-5.26,0.8,0.7,29.6,0.231,27.24,False,False,False,False,False,True,True,False,False,True,False,True,False,False,False,False,2026-11-10,False,False,4,"thin RVOL, below 200-MA",near21,4,https://www.tradingview.com/chart/?symbol=NYSE:KD&interval=D,False,False,False
CIFR,Cipher Digital Inc.,NASDAQ,Data Processing Services,15.48,16.9,16.94,16.63,17.43,20.28,18.97,18.32,16.39,16.76,15.86,14.86,7.97,8.86,1.37,29657868.3,32885437.166666668,509066567.0,546830011.0,0.96,0.54,6424675734.59198,-10.65,252,-25.58,319,1.51,217,-11.57,-1.26,-8.62,0.86,0.73,45.2,0.291,21.82,False,False,False,False,False,True,True,False,False,True,False,True,False,False,False,False,2026-11-11,False,False,4,"thin RVOL, below 200-MA",near21,4,https://www.tradingview.com/chart/?symbol=NASDAQ:CIFR&interval=D,False,False,False
CDE,"Coeur Mining, Inc.",NYSE,Precious Metals,17.05,18.35,19.21,19.89,18.96,17.92,18.45,19.27,18.16,18.83,17.86,16.8,4.82,5.44,0.93,36803449.0,34890440.63333333,594882013.0,693970864.0,0.79,1.13,17526292597.672703,-19.02,340,1.07,158,-17.83,293,-11.93,-1.85,-11.23,1.74,1.14,26.9,0.247,7.92,False,False,False,False,False,False,False,False,False,False,True,True,False,True,False,False,2026-11-11,False,False,5,below 200-MA,,2,https://www.tradingview.com/chart/?symbol=NYSE:CDE&interval=D,False,False,False
BRUN,Boost Run Inc.,NASDAQ,Packaged Software,14.33,16.32,16.35,16.83,18.0,24.05,20.45,18.29,16.08,16.62,16.43,14.15,9.0,10.85,1.55,1762337.9,2202554.966666667,31562613.0,37063127.0,2.37,-0.61,1201500877.551787,-15.95,305,-53.88,390,33.93,132,-11.97,-1.88,-12.33,1.27,1.47,11.6,0.282,53.93,False,False,False,False,False,True,False,False,False,True,True,True,True,True,True,False,2026-12-02,False,False,5,below 200-MA,"near21, RVOL",3,https://www.tradingview.com/chart/?symbol=NASDAQ:BRUN&interval=D,False,False,False
CRML,Critical Metals Corp.,NASDAQ,Precious Metals,7.51,7.63,7.3,7.33,6.94,8.23,8.81,9.59,7.42,7.36,7.63,7.15,7.3,8.2,0.62,9222139.7,9790353.0,73525551.0,71808976.0,0.85,8.39,1103923049.146515,-3.96,194,-17.2,254,-14.85,275,-12.01,1.0,2.84,0.25,0.78,58.4,0.407,35.26,False,False,True,False,True,True,True,False,False,True,False,True,False,False,False,False,2027-03-03,False,True,3,"thin RVOL, below 200-MA, large gap","EMA, near21",6,https://www.tradingview.com/chart/?symbol=NASDAQ:CRML&interval=D,False,False,False
CORZ,"Core Scientific, Inc.",NASDAQ,Packaged Software,16.6,17.06,17.3,17.26,18.47,21.92,20.69,19.8,16.81,17.25,16.79,15.88,5.72,6.21,1.03,11400475.7,11385766.833333334,189003729.0,196548698.0,1.33,0.0,5334251278.7720375,-5.9,209,-24.51,313,-5.74,236,-12.05,-1.63,-4.06,0.61,0.88,69.8,0.204,29.29,False,False,False,False,False,True,True,False,False,True,False,False,False,False,True,False,2026-11-11,False,False,3,"LoD>60% ATR, thin RVOL, below 200-MA","near21, RVOL",3,https://www.tradingview.com/chart/?symbol=NASDAQ:CORZ&interval=D,False,False,False
NESR,National Energy Services Reunited Corp,NASDAQ,Oilfield Services/Equipment,24.08,28.63,30.81,32.0,31.64,29.04,26.93,25.08,27.59,29.77,25.11,24.01,6.3,6.62,1.59,2715673.1,2049616.6333333333,49354769.0,65595589.0,1.15,-1.5,2428510408.911228,-29.78,394,-11.99,223,5.57,206,-12.07,-3.61,-21.85,2.88,0.69,4.4,0.448,27.26,False,False,False,False,False,False,True,True,False,True,False,True,False,False,False,False,2026-11-04,False,False,4,"thin RVOL, below 200-MA",ADR,4,https://www.tradingview.com/chart/?symbol=NASDAQ:NESR&interval=D,False,False,False
AG,First Majestic Silver Corp.,NYSE,Precious Metals,17.51,18.37,18.99,19.64,18.98,18.53,19.59,20.18,18.2,18.76,17.82,17.11,4.23,5.13,0.9,9414341.2,9310306.666666666,163023470.0,182891664.0,0.8,0.85,8630790679.447578,-15.45,303,2.88,149,-24.07,313,-12.21,-1.51,-7.78,1.3,0.79,44.5,0.223,10.31,False,False,False,False,False,True,True,False,False,True,False,True,False,False,False,False,2026-11-11,False,False,4,"thin RVOL, below 200-MA",near21,4,https://www.tradingview.com/chart/?symbol=NYSE:AG&interval=D,False,False,False
PBLS,"Parabilis Medicines, Inc.",NASDAQ,Pharmaceuticals: Major,29.53,32.22,35.11,36.58,36.27,,,,32.24,34.22,30.82,28.56,11.6,9.54,2.82,841505.4,943059.5333333333,27848548.0,34493345.0,0.6,0.43,3647936777.9025764,-26.54,386,0.27,164,-11.45,251,-12.57,-1.95,-15.89,1.44,0.8,34.4,0.411,13.73,False,False,False,False,False,True,True,True,False,True,False,True,False,False,False,False,2026-12-02,False,False,4,"thin RVOL, below 200-MA","near21, ADR",5,https://www.tradingview.com/chart/?symbol=NASDAQ:PBLS&interval=D,False,False,False
EXK,Endeavour Silver Corporation,NYSE,Precious Metals,8.6,9.04,9.64,10.07,9.78,9.21,9.42,9.94,8.99,9.44,8.71,8.38,4.97,5.98,0.51,7926629.3,8236658.566666666,70835264.0,82973353.0,0.56,0.93,2546842443.755102,-22.94,370,2.38,153,-17.94,294,-12.83,-2.02,-10.76,1.48,0.64,42.8,0.339,10.51,False,False,False,False,False,True,True,False,False,True,False,True,False,False,False,False,2026-11-10,False,False,4,"thin RVOL, below 200-MA",near21,4,https://www.tradingview.com/chart/?symbol=NYSE:EXK&interval=D,False,False,False
CPRI,Capri Holdings Limited,NYSE,Apparel/Footwear Retail,14.49,14.79,14.37,14.01,14.56,16.46,17.28,18.75,14.55,14.47,14.57,14.1,4.95,4.84,0.7,4201955.4,5177691.233333333,75024746.0,72527373.0,0.69,-0.62,1646811910.7825487,9.94,94,-23.94,312,-24.53,314,-12.84,-0.09,0.83,0.03,0.67,55.6,0.206,30.24,False,False,False,False,True,True,True,True,False,True,False,True,False,False,False,False,2026-11-05,False,False,4,"thin RVOL, below 200-MA","near21, ADR",6,https://www.tradingview.com/chart/?symbol=NYSE:CPRI&interval=D,False,False,False
FTFT,Future FinTech Group Inc.,NASDAQ,Finance/Rental/Leasing,3.47,3.89,4.21,3.52,3.49,8.17,12.8,19.27,3.83,3.9,3.6,3.33,26.63,27.23,0.94,781889.7,11025794.575,38259507.0,38781321.0,0.06,-1.47,28028897.52492669,111.59,3,-65.73,402,-85.04,403,-13.06,-0.02,-17.61,0.4,0.29,14.8,1.546,454.77,False,False,False,False,False,True,True,True,False,True,False,True,False,False,False,False,,False,False,4,"thin RVOL, below 200-MA","near21, ADR",5,https://www.tradingview.com/chart/?symbol=NASDAQ:FTFT&interval=D,True,False,False
MP,MP Materials Corp.,NYSE,Other Metals/Minerals,46.84,47.71,49.21,51.59,51.13,53.8,55.6,56.68,47.59,49.15,47.8,46.46,4.29,5.3,2.48,5171374.6,5184377.966666667,242836264.0,267456875.0,0.74,0.64,8342278833.307218,-17.2,316,-10.49,218,-11.62,254,-13.1,-1.58,-4.81,0.89,0.54,15.3,0.204,19.15,False,False,False,False,False,True,True,True,False,True,False,True,False,False,False,False,2026-10-29,False,False,4,"thin RVOL, below 200-MA","near21, ADR",5,https://www.tradingview.com/chart/?symbol=NYSE:MP&interval=D,False,False,False
RBLX,Roblox Corporation,NYSE,Packaged Software,44.58,45.12,46.32,44.22,42.38,45.55,49.01,55.2,44.62,44.78,45.15,43.14,4.96,5.34,2.38,14040111.8,11378108.9,507236095.0,503139976.0,0.72,0.14,31846878364.663197,7.55,110,-22.31,302,-25.83,320,-13.53,0.97,-3.77,0.08,0.84,60.5,0.262,28.76,False,False,False,False,False,True,True,False,False,True,False,False,False,True,False,False,2026-11-11,False,False,4,"LoD>60% ATR, below 200-MA",near21,3,https://www.tradingview.com/chart/?symbol=NYSE:RBLX&interval=D,False,False,False
APLD,Applied Digital Corporation,NASDAQ,Data Processing Services,24.7,25.76,26.02,26.09,27.17,33.07,32.13,32.11,25.38,25.95,25.63,24.22,6.05,6.86,1.7,16808667.4,16114359.166666675,398024671.0,420391402.0,1.47,0.67,7387630456.678487,-5.0,203,-23.36,309,-13.17,263,-13.84,-1.32,-5.07,0.7,0.83,28.3,0.237,29.6,False,False,False,False,False,True,True,False,False,True,False,True,False,False,True,False,2026-10-07,True,False,3,"thin RVOL, earnings soon, below 200-MA","near21, RVOL",3,https://www.tradingview.com/chart/?symbol=NASDAQ:APLD&interval=D,False,False,False
KGS,"Kodiak Gas Services, Inc.",NYSE,Oilfield Services/Equipment,53.56,53.26,56.66,57.79,58.71,64.03,63.21,58.07,54.11,55.87,55.34,52.74,4.07,4.57,2.45,1813663.5,1870103.9,100162765.0,108065201.0,1.07,1.23,5415132265.875207,-13.56,281,-18.82,273,-9.24,246,-13.87,-1.92,-5.46,0.91,1.07,33.5,0.287,20.1,False,False,False,False,False,True,False,False,False,True,True,True,False,False,False,False,2026-11-11,False,False,4,"thin RVOL, below 200-MA",near21,3,https://www.tradingview.com/chart/?symbol=NYSE:KGS&interval=D,False,False,False
PRAX,"Praxis Precision Medicines, Inc.",NASDAQ,Pharmaceuticals: Major,283.56,286.92,305.04,323.17,332.22,321.42,320.22,316.72,291.5,304.65,299.12,278.01,5.18,5.45,15.46,541911.1,414109.6000000004,117424918.0,133827523.0,0.94,1.22,7916992237.833847,-19.67,347,-10.01,214,-12.37,260,-14.02,-2.69,-7.04,1.27,1.37,35.9,0.299,15.98,False,False,False,False,False,True,False,False,False,True,True,True,False,False,False,False,2026-11-11,False,False,4,"thin RVOL, below 200-MA",near21,3,https://www.tradingview.com/chart/?symbol=NASDAQ:PRAX&interval=D,False,False,False
PENN,"PENN Entertainment, Inc.",NASDAQ,Casinos/Gaming,15.1,15.15,16.2,16.56,17.77,18.85,17.72,16.75,15.26,16.0,15.32,14.69,4.31,4.27,0.64,3596645.7,3077944.2,46476957.0,50973834.0,0.81,0.2,2024405561.8551114,-11.9,265,-28.1,330,-2.89,232,-14.3,-3.53,-6.79,1.32,0.98,63.7,0.29,24.49,False,False,False,False,False,True,True,False,False,True,False,False,False,False,False,False,2026-10-29,False,False,3,"LoD>60% ATR, thin RVOL, below 200-MA",near21,3,https://www.tradingview.com/chart/?symbol=NASDAQ:PENN&interval=D,False,False,False
LEN,Lennar Corporation,NYSE,Homebuilding,74.44,81.12,80.12,81.84,83.51,85.61,87.76,94.05,80.02,80.94,79.73,73.75,4.47,4.34,3.23,6647945.1,4910316.4,365523953.0,401884846.0,1.76,-1.05,17900487763.3675,-11.38,260,-15.26,243,-16.32,283,-14.32,-2.5,-7.09,1.85,1.85,21.4,0.108,18.71,False,False,False,False,False,False,False,False,False,False,True,True,True,True,True,False,2026-12-16,False,False,5,below 200-MA,RVOL,2,https://www.tradingview.com/chart/?symbol=NYSE:LEN&interval=D,False,False,False
COUR,"Coursera, Inc.",NYSE,Miscellaneous Commercial Services,5.18,4.99,5.13,5.48,5.58,5.54,5.69,5.92,5.05,5.2,5.24,5.0,4.2,4.81,0.25,8892556.0,6163381.333333333,31926315.0,33750676.0,0.69,-0.4,1369591962.8525898,-12.65,272,-12.79,229,-17.78,292,-14.41,-1.51,1.04,0.08,0.94,72.2,0.163,17.88,False,False,False,False,True,True,True,False,False,True,False,False,False,False,False,False,2026-10-22,False,False,3,"LoD>60% ATR, thin RVOL, below 200-MA",near21,4,https://www.tradingview.com/chart/?symbol=NYSE:COUR&interval=D,False,False,False
NYT,New York Times Company (The),NYSE,Publishing: Newspapers,64.0,63.48,66.4,66.86,67.51,70.72,74.13,73.64,64.29,65.57,64.43,62.0,4.26,3.86,2.47,4139210.8,3020174.2,193291149.0,201927840.0,0.5,-0.14,10322149079.170652,-4.56,200,-13.51,237,-25.22,317,-14.43,-1.35,-3.61,0.62,0.98,80.9,0.2,16.63,False,False,False,False,False,True,True,False,False,True,False,False,False,True,False,False,2026-11-11,False,False,4,"LoD>60% ATR, below 200-MA",near21,3,https://www.tradingview.com/chart/?symbol=NYSE:NYT&interval=D,False,False,False
ERAS,"Erasca, Inc.",NASDAQ,Pharmaceuticals: Major,14.72,14.53,15.11,15.92,16.82,16.01,15.75,14.04,14.71,15.24,15.03,13.8,6.78,6.82,1.0,4377848.2,4625723.533333333,68090650.0,73642290.0,1.29,0.0,5148496912.62958,-8.23,237,-22.03,299,-14.27,270,-14.84,-1.83,-2.55,0.5,1.22,91.2,0.196,18.92,False,False,False,True,True,True,False,False,False,True,True,False,False,False,True,False,2026-11-11,False,False,4,"LoD>60% ATR, thin RVOL","near21, RVOL",4,https://www.tradingview.com/chart/?symbol=NASDAQ:ERAS&interval=D,False,False,False
RRR,"Red Rock Resorts, Inc.",NASDAQ,Hotels/Resorts/Cruise lines,51.06,50.12,51.94,53.92,57.61,59.09,58.12,59.27,50.57,52.26,52.24,50.1,4.19,3.89,1.99,1401151.8,1134354.8,57920156.0,61165923.0,0.84,-0.3,5362126825.916517,-10.94,258,-21.97,296,-12.24,258,-15.05,-2.93,-1.69,0.59,1.08,48.1,0.181,17.91,False,False,False,False,True,True,False,False,False,True,True,True,False,False,False,False,2026-11-03,False,False,4,"thin RVOL, below 200-MA",near21,4,https://www.tradingview.com/chart/?symbol=NASDAQ:RRR&interval=D,False,False,False
ACHR,Archer Aviation Inc.,NYSE,Aerospace & Defense,4.72,5.26,5.36,5.51,5.59,5.54,5.66,6.19,5.13,5.33,4.89,4.7,5.63,6.17,0.29,21983715.9,23618065.9,111477271.0,130143416.0,0.88,-0.61,3634512253.9550104,-17.63,322,-10.94,219,-18.06,297,-15.54,-2.53,-11.97,1.85,0.65,6.9,0.223,19.67,False,False,False,False,False,False,True,True,False,True,False,True,False,False,False,False,2026-11-05,False,False,4,"thin RVOL, below 200-MA",ADR,4,https://www.tradingview.com/chart/?symbol=NYSE:ACHR&interval=D,False,False,False
MIR,"Mirion Technologies, Inc.",NYSE,Aerospace & Defense,14.92,15.08,15.57,15.49,15.49,16.43,17.46,19.09,14.95,15.27,15.05,14.28,4.38,4.48,0.67,3629601.6,3694523.6333333333,55122293.0,57225708.0,1.22,-0.34,3715641781.942466,-10.12,249,-10.44,217,-26.39,324,-15.65,-0.82,-4.14,0.52,1.15,95.8,0.212,26.83,False,False,False,False,False,True,False,False,False,True,True,False,False,False,True,False,2026-11-03,False,False,3,"LoD>60% ATR, thin RVOL, below 200-MA","near21, RVOL",2,https://www.tradingview.com/chart/?symbol=NYSE:MIR&interval=D,False,False,False
NG,Novagold Resources Inc.,AMEX,Precious Metals,6.61,6.86,7.16,7.69,7.48,7.26,7.99,8.58,6.8,7.12,6.64,6.38,4.91,5.94,0.39,4689496.6,5707711.233333333,37727971.0,43899910.0,0.92,0.61,2900340112.1419854,-18.09,331,2.48,152,-31.43,343,-15.68,-1.95,-7.71,1.21,0.66,58.6,0.267,25.95,False,False,False,False,False,True,True,False,False,True,False,True,False,False,False,False,2026-10-08,True,False,3,"thin RVOL, earnings soon, below 200-MA",near21,3,https://www.tradingview.com/chart/?symbol=AMEX:NG&interval=D,False,False,False
LBRT,Liberty Energy Inc.,NYSE,Oilfield Services/Equipment,19.59,18.65,19.36,19.39,19.56,23.55,25.67,24.85,18.95,19.2,19.95,19.14,4.52,4.88,0.96,4535273.6,3788027.1333333333,74207452.0,73454897.0,0.78,0.52,3196919858.756085,-2.97,188,-16.25,247,-27.92,329,-15.71,0.04,1.19,0.41,0.84,46.6,0.226,35.86,False,True,False,False,True,True,True,False,False,True,False,True,False,False,False,False,2026-10-21,False,False,4,"thin RVOL, below 200-MA",near21,6,https://www.tradingview.com/chart/?symbol=NYSE:LBRT&interval=D,False,False,False
TRU,TransUnion,NYSE,Financial Publishing/Services,63.82,66.06,70.87,75.26,77.49,74.53,73.62,75.34,66.03,70.15,64.83,62.96,4.25,4.6,2.93,3079338.4,2581136.3666666667,164728123.0,194262346.0,1.02,-0.16,12227912124.742748,-16.53,313,-20.06,279,-12.35,259,-16.31,-3.84,-9.95,1.96,0.64,29.5,0.321,17.91,False,False,False,False,False,False,True,True,False,True,False,True,False,True,False,False,2026-10-27,False,False,5,below 200-MA,ADR,4,https://www.tradingview.com/chart/?symbol=NYSE:TRU&interval=D,False,False,False
CRK,"Comstock Resources, Inc.",NYSE,Oil & Gas Production,13.06,12.99,13.52,13.95,13.76,13.72,15.41,16.96,13.0,13.36,13.17,12.49,4.88,4.95,0.65,2565464.8,2822814.5,36865957.0,39377321.0,1.14,-0.39,3834684628.258217,-12.93,276,-8.35,199,-27.65,328,-16.31,-1.02,-3.41,0.46,1.05,88.3,0.266,30.41,False,False,False,False,False,True,False,False,False,True,True,False,False,False,False,False,2026-11-03,False,False,3,"LoD>60% ATR, thin RVOL, below 200-MA",near21,2,https://www.tradingview.com/chart/?symbol=NYSE:CRK&interval=D,False,False,False
CARG,"CarGurus, Inc.",NASDAQ,Internet Software/Services,29.35,30.7,32.24,33.35,34.72,32.93,33.59,33.59,30.84,32.08,30.04,29.02,4.2,4.34,1.27,1639420.4,1172878.6666666667,34423989.0,39118436.0,1.42,-0.63,2614306702.918055,-12.65,273,-19.12,275,-17.95,295,-16.57,-3.56,-8.96,1.96,0.8,25.9,0.216,13.67,False,False,False,False,False,False,True,False,False,False,False,True,False,False,True,False,2026-11-10,False,False,4,"thin RVOL, below 200-MA",RVOL,3,https://www.tradingview.com/chart/?symbol=NASDAQ:CARG&interval=D,False,False,False
GPK,Graphic Packaging Holding Company,NYSE,Containers/Packaging,8.61,9.18,9.37,9.96,10.59,10.58,10.35,11.32,9.1,9.51,8.72,8.4,4.04,4.45,0.38,6961772.8,6419023.833333333,55267795.0,63914220.0,1.59,-2.16,2549176085.70615,-18.31,334,-19.83,277,-11.69,256,-16.61,-4.2,-8.08,2.13,0.84,54.8,0.138,24.86,False,False,False,False,False,False,True,False,False,False,False,True,True,True,True,False,2026-11-03,False,True,4,"below 200-MA, large gap",RVOL,3,https://www.tradingview.com/chart/?symbol=NYSE:GPK&interval=D,False,False,False
ENOV,Enovis Corporation,NYSE,Medical Specialties,18.69,18.28,18.41,19.91,22.87,23.34,23.53,23.76,18.34,19.13,18.96,17.56,4.35,5.48,1.02,1524112.4,1825933.9000000001,34126705.0,36348866.0,0.83,-0.39,1077842810.907147,-1.68,177,-28.28,332,-22.16,309,-17.37,-3.34,1.53,0.42,1.37,110.4,0.112,29.33,False,False,False,False,True,True,False,False,False,True,True,False,False,False,False,False,2026-11-11,False,False,3,"LoD>60% ATR, thin RVOL, below 200-MA",near21,3,https://www.tradingview.com/chart/?symbol=NYSE:ENOV&interval=D,False,False,False
RH,RH,NYSE,Specialty Stores,117.45,122.5,127.05,133.48,150.91,152.89,146.12,159.71,122.53,129.03,120.68,115.66,4.17,5.3,6.22,755123.8,827601.0666666667,97201745.0,110469570.0,1.18,0.16,2223699493.2131004,-18.96,338,-30.5,344,-2.73,229,-17.4,-4.18,-7.56,1.69,0.81,28.8,0.206,31.67,False,False,False,False,False,False,True,False,False,False,False,True,False,False,False,False,2026-12-03,False,False,4,"thin RVOL, below 200-MA",,3,https://www.tradingview.com/chart/?symbol=NYSE:RH&interval=D,False,False,False
FSLR,"First Solar, Inc.",NASDAQ,Semiconductors,176.16,179.06,191.03,195.74,206.98,227.38,217.92,223.82,179.82,188.46,176.5,171.86,4.72,4.84,8.52,2628092.0,2239887.1,394578512.0,438432514.0,0.58,0.11,18931877849.35845,-15.4,300,-25.32,317,-11.47,252,-17.4,-3.08,-7.78,1.35,0.54,50.5,0.299,27.43,False,False,False,False,False,True,True,True,False,True,False,True,False,True,False,False,2026-10-29,False,False,5,below 200-MA,"near21, ADR",5,https://www.tradingview.com/chart/?symbol=NASDAQ:FSLR&interval=D,False,False,False
NN,NextNav Inc.,NASDAQ,Packaged Software,13.32,14.21,14.63,14.93,15.41,16.98,17.25,16.9,14.13,14.6,14.02,13.1,6.6,7.07,0.94,2202839.9,2388846.2333333334,31819432.0,35667067.0,1.18,0.21,2248547874.669528,-15.11,296,-22.78,305,-14.56,273,-17.48,-1.92,-8.97,1.24,0.98,23.9,0.171,22.8,False,False,False,False,False,True,True,False,False,True,False,True,False,False,False,False,2026-11-05,False,False,4,"thin RVOL, below 200-MA",near21,4,https://www.tradingview.com/chart/?symbol=NASDAQ:NN&interval=D,False,False,False
AVAV,"AeroVironment, Inc.",NASDAQ,Aerospace & Defense,139.3,147.58,150.51,149.42,157.89,161.84,173.3,200.77,145.68,149.54,143.5,138.7,4.89,5.52,7.68,1286283.5,1964992.8,273723497.0,293617412.0,1.05,1.04,7079324100.55603,-4.35,198,-20.4,281,-28.42,331,-17.72,-2.14,-7.45,1.24,0.62,7.8,0.202,38.18,False,False,False,False,False,True,True,True,False,True,False,True,False,False,False,False,2026-12-08,False,False,4,"thin RVOL, below 200-MA","near21, ADR",5,https://www.tradingview.com/chart/?symbol=NASDAQ:AVAV&interval=D,False,False,False
FLY,Firefly Aerospace Inc.,NASDAQ,Aerospace & Defense,22.59,23.16,22.3,22.09,22.76,27.81,28.89,27.85,22.88,22.67,23.26,22.04,7.15,7.34,1.66,3580332.2,2993324.2666666666,67619195.0,66111558.0,1.03,-0.26,3781670944.6929674,4.97,125,-17.88,261,-40.71,365,-17.87,-0.1,1.31,0.05,0.74,33.5,0.206,29.17,False,False,False,False,True,True,True,False,False,True,False,True,False,False,False,False,2026-11-18,False,False,4,"thin RVOL, below 200-MA",near21,5,https://www.tradingview.com/chart/?symbol=NASDAQ:FLY&interval=D,False,False,False
LUMN,"Lumen Technologies, Inc.",NYSE,Major Telecommunications,5.62,5.77,6.24,6.26,6.28,7.27,7.4,7.54,5.81,6.05,5.78,5.58,4.77,5.33,0.3,12239430.5,13152837.9,73918949.0,82306075.0,1.09,0.0,5796723342.50087,-19.48,343,-12.73,228,-21.51,304,-17.91,-1.97,-9.92,1.32,0.63,11.7,0.336,31.5,False,False,False,False,False,True,True,True,False,True,False,True,False,False,False,False,2026-11-04,False,False,4,"thin RVOL, below 200-MA","near21, ADR",5,https://www.tradingview.com/chart/?symbol=NYSE:LUMN&interval=D,False,False,False
MIAX,"Miami International Holdings, Inc.",NYSE,Investment Banks/Brokers,34.32,34.55,37.48,39.3,41.23,42.31,42.54,42.6,34.86,36.9,34.79,32.74,4.0,4.46,1.53,1514084.3,1580134.5,54230216.0,62100866.0,1.15,1.51,3405604177.1342025,-17.86,325,-18.32,270,-17.56,290,-17.91,-3.75,-8.42,1.56,1.34,103.1,0.362,23.43,False,False,False,False,False,False,False,False,False,False,True,False,False,False,False,False,2026-10-29,False,False,3,"LoD>60% ATR, thin RVOL, below 200-MA",,1,https://www.tradingview.com/chart/?symbol=NYSE:MIAX&interval=D,False,False,False
VKTX,"Viking Therapeutics, Inc.",NASDAQ,Pharmaceuticals: Major,29.28,34.2,32.6,32.95,33.24,33.46,33.41,33.13,31.99,32.67,30.18,28.71,8.53,8.58,2.51,14232388.6,6169200.333333333,180634186.0,203281320.0,0.44,0.67,3723398664.737475,-13.24,279,-25.1,315,-15.42,279,-17.92,-1.39,-10.17,1.21,0.59,22.7,0.432,5.47,False,False,False,False,False,True,True,True,False,True,False,True,False,False,False,False,2026-10-28,False,False,4,"thin RVOL, below 200-MA","near21, ADR",5,https://www.tradingview.com/chart/?symbol=NASDAQ:VKTX&interval=D,False,False,False
FOUR,"Shift4 Payments, Inc.",NYSE,Miscellaneous Commercial Services,37.55,37.37,39.73,41.42,44.27,44.39,44.7,48.76,37.62,39.51,38.17,36.3,4.48,5.79,2.18,2270695.7,2152335.7333333334,80820207.0,89146159.0,0.88,0.8,2964952113.162842,-15.31,298,-26.92,328,-11.65,255,-17.96,-2.62,-5.5,0.86,0.86,57.5,0.287,30.34,False,False,False,False,False,True,True,False,False,True,False,True,False,False,False,False,2026-11-11,False,False,4,"thin RVOL, below 200-MA",near21,4,https://www.tradingview.com/chart/?symbol=NYSE:FOUR&interval=D,False,False,False
LAZ,"Lazard, Inc.",NYSE,Investment Banks/Brokers,35.28,36.19,37.74,39.67,41.18,42.74,43.37,45.52,36.37,37.8,36.18,35.26,4.13,4.43,1.56,1517187.3,1661805.4666666666,58628497.0,65927700.0,0.79,-0.44,3438056051.011921,-19.51,344,-17.95,262,-16.77,284,-18.08,-3.23,-6.52,1.51,0.59,1.3,0.273,26.44,False,False,False,False,False,False,True,True,False,True,False,True,False,False,False,False,2026-10-22,False,False,4,"thin RVOL, below 200-MA",ADR,4,https://www.tradingview.com/chart/?symbol=NYSE:LAZ&interval=D,False,False,False
FIGR,"Figure Technology Solutions, Inc.",NASDAQ,Finance/Rental/Leasing,27.94,30.88,33.17,34.33,32.73,32.16,32.9,36.44,30.3,32.03,28.62,27.58,6.86,7.83,2.19,4807629.1,4633211.3,129451924.0,159078993.0,0.9,-0.28,6269117801.303189,-21.27,358,-17.61,259,-15.41,278,-18.1,-1.87,-15.76,1.63,0.48,16.5,0.4,19.9,False,False,False,False,False,False,True,True,False,True,False,True,False,False,False,False,2026-11-12,False,False,4,"thin RVOL, below 200-MA",ADR,4,https://www.tradingview.com/chart/?symbol=NASDAQ:FIGR&interval=D,False,False,False
CBRS,Cerebras Systems Inc.,NASDAQ,Packaged Software,181.55,191.77,192.68,190.42,200.7,,,,185.65,191.04,185.29,174.5,6.09,7.85,14.24,8753185.2,7041077.9,1278307693.0,1340789045.0,1.96,5.16,40639699279.86481,-4.94,202,-1.86,173,-48.13,382,-18.31,-1.22,-5.78,0.63,0.76,49.5,0.258,4.92,False,False,False,False,False,True,True,False,False,True,False,True,True,True,True,True,2026-12-02,False,True,4,"below 200-MA, large gap","near21, RVOL",5,https://www.tradingview.com/chart/?symbol=NASDAQ:CBRS&interval=D,False,False,False
AXON,"Axon Enterprise, Inc.",NASDAQ,Aerospace & Defense,411.81,429.93,450.34,489.43,527.98,503.12,481.99,496.25,429.63,457.06,418.0,408.0,4.28,5.26,21.65,948382.0,981207.9666666667,404071253.0,480229344.0,1.12,-0.15,33454378923.444023,-22.48,368,-35.42,358,2.71,213,-18.4,-4.19,-8.56,1.88,0.46,17.6,0.242,23.81,False,False,False,False,False,False,True,True,False,True,False,True,False,True,False,False,2026-11-10,False,False,5,below 200-MA,ADR,4,https://www.tradingview.com/chart/?symbol=NASDAQ:AXON&interval=D,False,False,False
ALGT,Allegiant Travel Company,NASDAQ,Airlines,75.14,77.24,77.62,77.85,83.42,89.78,87.08,89.06,76.88,78.06,77.75,74.71,4.48,4.71,3.54,463534.6,501087.8333333333,37651740.0,39010272.0,0.9,-0.76,2054158942.117253,-0.79,171,-37.28,367,-17.14,287,-18.4,-2.11,-3.2,0.79,0.86,12.2,0.085,16.68,False,False,False,False,False,True,True,False,True,True,False,True,False,False,False,False,2026-11-04,False,False,4,"thin RVOL, below 200-MA","near21, BB",5,https://www.tradingview.com/chart/?symbol=NASDAQ:ALGT&interval=D,False,False,False
AN,"AutoNation, Inc.",NYSE,Specialty Stores,161.67,162.92,178.76,186.44,195.9,194.09,195.06,198.4,165.66,175.28,162.39,155.55,5.37,4.56,7.38,583708.9,583788.5333333333,94381092.0,108840950.0,1.08,-2.75,5344940770.965344,-21.65,359,-15.3,244,-18.32,299,-18.43,-3.83,-9.56,1.7,0.93,83.0,0.441,21.94,False,False,False,False,False,False,True,False,False,False,False,False,False,False,False,False,2026-10-22,False,True,2,"LoD>60% ATR, thin RVOL, below 200-MA, large gap",,2,https://www.tradingview.com/chart/?symbol=NYSE:AN&interval=D,False,False,False
WULF,TeraWulf Inc.,NASDAQ,Data Processing Services,14.79,15.59,16.0,15.9,16.36,20.02,19.4,18.07,15.42,15.79,15.96,14.52,6.28,7.39,1.09,26527686.3,27718876.066666666,409962177.0,440739369.0,1.45,2.78,7379746800.879276,-8.02,234,-31.65,347,-16.16,281,-18.61,-1.3,-7.58,0.86,1.31,24.2,0.247,29.97,False,False,False,False,False,True,False,False,False,True,True,True,False,False,True,False,2026-11-16,False,True,3,"thin RVOL, below 200-MA, large gap","near21, RVOL",3,https://www.tradingview.com/chart/?symbol=NASDAQ:WULF&interval=D,False,False,False
WEN,Wendy's Company (The),NASDAQ,Restaurants,6.1,6.44,6.86,7.36,7.62,7.54,7.36,7.54,6.45,6.85,6.14,5.94,4.12,4.7,0.29,5308589.5,6555272.366666666,39987161.0,48279581.0,1.13,0.0,1163086594.3300653,-21.69,360,-21.19,287,-13.35,266,-18.75,-4.25,-11.04,2.33,0.68,55.8,0.3,19.45,False,False,False,False,False,False,True,False,False,False,False,True,False,False,False,False,2026-11-11,False,False,4,"thin RVOL, below 200-MA",,3,https://www.tradingview.com/chart/?symbol=NASDAQ:WEN&interval=D,False,False,False
SRPT,"Sarepta Therapeutics, Inc.",NASDAQ,Pharmaceuticals: Major,17.49,18.5,19.56,20.04,18.89,18.03,18.67,19.09,18.42,19.08,17.55,17.1,5.47,6.03,1.05,2399737.6,2970998.2666666666,51962760.0,59549699.0,0.93,-0.66,1847416610.7822855,-22.54,369,-9.24,207,-26.08,323,-19.29,-1.23,-10.6,1.38,0.43,37.0,0.269,8.78,False,False,False,False,False,True,True,True,False,True,False,True,False,False,False,False,2026-11-04,False,False,4,"thin RVOL, below 200-MA","near21, ADR",5,https://www.tradingview.com/chart/?symbol=NASDAQ:SRPT&interval=D,False,False,False
UPST,"Upstart Holdings, Inc.",NASDAQ,Finance/Rental/Leasing,24.35,23.81,24.66,26.15,27.42,29.32,29.18,32.14,23.86,24.91,24.45,22.72,4.02,4.8,1.17,4827153.5,4257379.033333333,103667179.0,111340396.0,1.33,0.57,2369572695.442788,-12.82,275,-30.39,343,-15.19,277,-19.46,-2.33,-1.27,0.47,1.48,139.5,0.192,34.19,False,False,False,False,True,True,False,False,False,True,True,False,False,False,True,False,2026-11-10,False,False,3,"LoD>60% ATR, thin RVOL, below 200-MA","near21, RVOL",3,https://www.tradingview.com/chart/?symbol=NASDAQ:UPST&interval=D,False,False,False
LEU,Centrus Energy Corp.,NYSE,Other Metals/Minerals,141.44,144.14,150.2,159.61,168.59,169.93,179.6,200.02,143.51,150.64,143.84,139.5,4.73,6.08,8.6,549348.2,718946.1999999989,101687751.0,114747888.0,1.07,1.83,2892887642.074244,-17.84,324,-17.07,253,-23.96,312,-19.62,-2.65,-5.83,1.0,0.51,22.6,0.351,39.51,False,False,False,False,False,True,True,True,False,True,False,True,False,False,False,False,2026-11-11,False,False,4,"thin RVOL, below 200-MA","near21, ADR",5,https://www.tradingview.com/chart/?symbol=NYSE:LEU&interval=D,False,False,False
ALM,Almonty Industries Inc.,NASDAQ,Other Metals/Minerals,13.52,13.37,14.41,15.63,14.99,15.98,17.07,15.73,13.58,14.27,13.67,12.95,5.91,7.74,1.05,6020445.1,6116457.366666666,82694504.0,95623675.0,0.62,-1.27,3900259540.2268662,-23.14,371,-14.16,239,-21.62,305,-19.64,-1.27,-6.14,0.68,0.69,54.5,0.473,27.3,False,False,False,False,False,True,True,False,False,True,False,True,False,False,False,False,2026-11-17,False,False,4,"thin RVOL, below 200-MA",near21,4,https://www.tradingview.com/chart/?symbol=NASDAQ:ALM&interval=D,False,False,False
AIR,AAR Corp.,NYSE,Aerospace & Defense,102.24,110.18,115.08,120.3,129.29,127.36,122.44,117.44,108.07,114.53,105.0,100.86,5.58,5.56,5.68,909054.7,550639.0333333333,56297335.0,66242059.0,0.9,0.02,4109456121.0605793,-18.02,329,-28.26,331,-13.72,269,-20.0,-3.76,-11.15,1.93,0.73,24.3,0.295,18.69,False,False,False,False,False,False,True,True,False,True,False,True,False,False,False,False,2027-01-06,False,False,4,"thin RVOL, below 200-MA",ADR,4,https://www.tradingview.com/chart/?symbol=NYSE:AIR&interval=D,False,False,False
SEDG,"SolarEdge Technologies, Inc.",NASDAQ,Electrical Products,34.38,32.73,34.1,33.55,34.42,46.11,45.0,42.21,32.99,33.52,34.66,31.84,5.89,7.0,2.41,2658109.2,3089459.2333333334,106215608.0,103656506.0,1.19,0.33,2115255135.9057117,1.54,154,-37.18,365,-24.62,315,-20.09,-0.02,0.83,0.36,1.17,105.6,0.211,38.91,False,False,False,False,True,True,False,False,False,True,True,False,False,False,False,False,2026-11-11,False,False,3,"LoD>60% ATR, thin RVOL, below 200-MA",near21,3,https://www.tradingview.com/chart/?symbol=NASDAQ:SEDG&interval=D,False,False,False
ESAB,ESAB Corporation,NYSE,Industrial Machinery,71.46,68.48,68.61,71.42,77.46,84.5,89.97,97.86,68.8,70.15,73.3,68.86,4.29,4.41,3.15,1047889.5,914870.3666666667,65376636.0,65339432.0,1.34,-0.13,4442511694.421458,-4.34,197,-26.6,326,-29.53,335,-20.16,-1.76,4.16,0.42,1.41,82.6,0.145,41.11,False,False,False,False,False,True,False,False,False,True,True,False,False,False,True,False,2026-11-04,False,False,3,"LoD>60% ATR, thin RVOL, below 200-MA","near21, RVOL",2,https://www.tradingview.com/chart/?symbol=NYSE:ESAB&interval=D,False,False,False
VSEC,VSE Corporation,NASDAQ,Engineering & Construction,168.13,173.03,180.15,190.31,201.62,199.0,197.4,198.57,171.99,180.82,171.73,163.59,4.8,5.32,8.94,405663.4,379423.63333333336,63792495.0,72209756.0,0.93,-0.04,4718563694.960366,-16.52,312,-28.46,336,-15.62,280,-20.2,-3.13,-6.67,1.32,0.91,50.8,0.252,17.01,False,False,False,False,False,True,True,False,False,True,False,True,False,False,False,False,2026-10-28,False,False,4,"thin RVOL, below 200-MA",near21,4,https://www.tradingview.com/chart/?symbol=NASDAQ:VSEC&interval=D,False,False,False
SMR,NuScale Power Corporation,NYSE,Electrical Products,7.68,8.12,8.67,8.94,9.0,9.63,10.29,11.9,8.07,8.46,7.87,7.63,5.99,7.25,0.56,30096056.0,36737513.5,282144104.0,328249683.0,0.56,0.0,3300274762.652903,-20.74,352,-18.21,267,-21.79,306,-20.25,-2.03,-11.42,1.27,0.43,9.0,0.444,49.13,False,False,False,False,False,True,True,True,False,True,False,True,False,False,False,False,2026-11-05,False,False,4,"thin RVOL, below 200-MA","near21, ADR",5,https://www.tradingview.com/chart/?symbol=NYSE:SMR&interval=D,False,False,False
DKNG,DraftKings Inc.,NASDAQ,Movies/Entertainment,19.6,20.36,21.98,22.86,23.48,24.54,24.24,25.65,20.3,21.54,20.22,18.96,6.22,6.07,1.19,19108992.5,13336440.966666667,261394243.0,304862150.0,1.43,3.55,9730499871.845078,-18.33,335,-25.7,321,-17.33,289,-20.46,-2.72,-10.83,1.48,1.05,53.4,0.361,26.95,False,False,False,False,False,True,False,False,False,True,True,True,False,False,True,False,2026-10-30,False,True,3,"thin RVOL, below 200-MA, large gap","near21, RVOL",3,https://www.tradingview.com/chart/?symbol=NASDAQ:DKNG&interval=D,False,False,False
NNE,Nano Nuclear Energy Inc.,NASDAQ,Electrical Products,15.51,16.3,16.57,17.11,17.5,20.11,21.22,23.33,16.08,16.58,15.96,15.26,5.61,6.27,0.97,1692287.1,1823674.6333333333,28285194.0,31205505.0,1.23,0.51,832858192.3098592,-12.62,270,-21.47,291,-27.35,327,-20.48,-1.81,-6.4,1.03,0.72,25.7,0.237,45.3,False,False,False,False,False,True,True,False,False,True,False,True,False,False,True,False,2026-12-17,False,False,4,"thin RVOL, below 200-MA","near21, RVOL",4,https://www.tradingview.com/chart/?symbol=NASDAQ:NNE&interval=D,False,False,False
INSM,Insmed Incorporated,NASDAQ,Pharmaceuticals: Major,103.83,114.95,119.63,120.93,119.75,112.77,122.72,132.6,113.6,117.32,108.75,101.65,4.67,5.12,5.32,2769489.0,2263970.7666666666,235068085.0,273774438.0,2.24,-5.06,22674551730.865818,-17.6,321,-8.29,198,-36.28,355,-20.72,-2.6,-13.21,2.24,1.33,41.0,0.216,19.1,False,False,False,False,False,False,False,False,False,False,True,True,True,True,True,False,2026-10-22,False,True,4,"below 200-MA, large gap",RVOL,2,https://www.tradingview.com/chart/?symbol=NASDAQ:INSM&interval=D,False,False,False
PUMP,ProPetro Holding Corp.,NYSE,Oilfield Services/Equipment,9.59,9.38,10.16,10.47,10.83,12.78,13.43,12.73,9.49,9.98,9.86,9.29,4.73,5.42,0.52,4072433.8,3777917.433333333,36230228.0,39556055.0,1.03,0.32,1177881389.2826324,-14.3,287,-22.03,298,-25.95,322,-20.76,-2.11,-5.63,0.72,1.09,58.1,0.384,42.2,False,False,False,False,False,True,False,False,False,True,True,True,False,False,False,False,2026-11-04,False,False,4,"thin RVOL, below 200-MA",near21,3,https://www.tradingview.com/chart/?symbol=NYSE:PUMP&interval=D,False,False,False
ACAD,ACADIA Pharmaceuticals Inc.,NASDAQ,Pharmaceuticals: Major,20.11,21.56,24.47,26.02,26.86,25.01,23.97,24.36,21.59,23.68,20.45,19.57,4.85,4.71,0.95,3052478.0,2048790.8333333333,41201184.0,53308513.0,1.1,0.48,3465063967.887218,-27.58,389,-23.13,307,-11.99,257,-20.9,-5.34,-17.81,3.2,0.93,57.5,0.546,26.36,False,False,False,False,False,False,True,False,False,False,False,True,False,False,False,False,2026-11-11,False,False,4,"thin RVOL, below 200-MA",,3,https://www.tradingview.com/chart/?symbol=NASDAQ:ACAD&interval=D,False,False,False
SPHR,Sphere Entertainment Co.,NYSE,Media Conglomerates,110.8,133.24,138.62,141.05,147.59,146.71,139.07,129.12,130.98,137.06,122.44,110.03,5.75,6.43,7.12,783584.1,635223.8666666667,70382804.0,89599809.0,5.48,-5.66,3979227768.1278753,-21.97,363,-26.25,325,-15.16,276,-21.13,-3.88,-20.07,2.98,1.74,10.8,0.238,16.67,False,False,False,False,False,False,False,False,False,False,True,True,True,True,True,False,2026-11-10,False,True,4,"below 200-MA, large gap",RVOL,2,https://www.tradingview.com/chart/?symbol=NYSE:SPHR&interval=D,False,False,False
UEC,Uranium Energy Corp.,AMEX,Other Metals/Minerals,9.35,9.51,10.03,10.8,10.79,11.19,12.16,13.02,9.55,10.01,9.65,9.29,5.27,6.11,0.57,10421329.0,9459592.366666667,88447189.0,102176210.0,1.04,0.86,4633716626.295698,-17.98,327,-11.04,221,-34.39,351,-21.14,-2.18,-6.78,1.09,0.63,10.5,0.296,37.47,False,False,False,False,False,True,True,True,False,True,False,True,False,False,False,False,2026-12-16,False,False,4,"thin RVOL, below 200-MA","near21, ADR",5,https://www.tradingview.com/chart/?symbol=AMEX:UEC&interval=D,False,False,False
RSI,"Rush Street Interactive, Inc.",NYSE,Casinos/Gaming,20.99,20.17,22.83,23.97,24.99,27.27,25.85,24.01,20.83,22.27,21.72,20.31,5.66,5.58,1.17,4590891.7,3256832.566666667,68360916.0,78066277.0,0.86,1.72,4864922751.293353,-20.55,351,-34.85,355,-8.74,245,-21.38,-2.87,-8.04,1.03,1.2,58.1,0.513,33.84,False,False,False,False,False,True,False,False,False,True,True,True,False,False,False,False,2026-11-04,False,False,4,"thin RVOL, below 200-MA",near21,3,https://www.tradingview.com/chart/?symbol=NYSE:RSI&interval=D,False,False,False
UAA,"Under Armour, Inc.",NYSE,Apparel/Footwear,4.7,4.53,4.75,4.87,5.35,5.72,5.89,5.97,4.61,4.77,4.74,4.58,4.25,4.5,0.21,11356624.1,9120890.566666666,42868186.0,44464342.0,0.67,0.21,1994165810.0212317,-8.56,240,-31.88,348,-23.95,311,-21.46,-2.69,-0.96,0.31,0.73,54.4,0.216,30.75,False,False,False,False,True,True,True,False,False,True,False,True,False,False,False,False,2026-11-05,False,False,4,"thin RVOL, below 200-MA",near21,5,https://www.tradingview.com/chart/?symbol=NYSE:UAA&interval=D,False,False,False
RKT,"Rocket Companies, Inc.",NYSE,Finance/Rental/Leasing,11.68,11.92,12.48,12.94,13.34,13.67,14.09,15.53,11.96,12.42,11.77,11.46,4.81,5.25,0.61,40574485.5,32898805.833333332,384258052.0,425677649.0,0.65,-1.79,33073582136.875214,-15.73,304,-23.46,310,-25.37,318,-21.52,-2.37,-6.41,1.13,0.51,35.9,0.224,30.95,False,False,False,False,False,True,True,True,False,True,False,True,False,True,False,False,2026-10-29,False,False,5,below 200-MA,"near21, ADR",5,https://www.tradingview.com/chart/?symbol=NYSE:RKT&interval=D,False,False,False
IBP,"Installed Building Products, Inc.",NYSE,Engineering & Construction,191.11,197.0,200.66,214.21,224.1,220.21,240.2,255.01,196.12,203.93,194.92,188.81,4.05,4.69,8.97,420236.1,417077.8333333333,79707745.0,89341130.0,1.19,-0.44,5079546679.8541975,-19.6,346,-16.59,250,-30.25,338,-22.15,-3.14,-4.76,1.34,0.68,25.6,0.166,30.36,False,False,False,False,False,True,True,False,False,True,False,True,False,False,False,False,2026-11-11,False,False,4,"thin RVOL, below 200-MA",near21,4,https://www.tradingview.com/chart/?symbol=NYSE:IBP&interval=D,False,False,False
OKLO,Oklo Inc.,NYSE,Industrial Machinery,35.97,37.48,38.12,39.01,40.52,48.17,52.55,59.22,37.08,38.17,36.71,35.64,5.06,5.98,2.15,7763170.5,9982575.933333334,359073256.0,389453562.0,0.94,1.14,6691054829.887092,-8.96,242,-29.26,340,-28.8,333,-22.34,-1.88,-5.65,0.96,0.5,15.3,0.231,60.43,False,False,False,False,False,True,True,True,False,True,False,True,False,False,False,False,2026-11-18,False,False,4,"thin RVOL, below 200-MA","near21, ADR",5,https://www.tradingview.com/chart/?symbol=NYSE:OKLO&interval=D,False,False,False
LUNR,"Intuitive Machines, Inc.",NASDAQ,Aerospace & Defense,14.29,14.98,14.77,15.03,15.3,20.29,21.05,20.24,14.68,14.93,14.71,14.02,6.87,7.14,1.02,7812440.0,7076473.633333334,101122808.0,106345246.0,0.92,-0.34,3271324876.075459,-3.93,193,-21.74,292,-42.24,368,-22.64,-0.93,-3.27,0.6,0.68,26.5,0.194,43.9,False,False,False,False,False,True,True,True,False,True,False,True,False,False,False,False,2026-11-18,False,False,4,"thin RVOL, below 200-MA","near21, ADR",5,https://www.tradingview.com/chart/?symbol=NASDAQ:LUNR&interval=D,False,False,False
PLUG,"Plug Power, Inc.",NASDAQ,Electronic Production Equipment,1.89,1.95,2.03,2.07,2.11,2.52,2.58,2.46,1.94,2.01,1.9,1.83,4.76,5.46,0.1,46557397.6,49733568.9,93996445.0,103180578.0,0.92,0.0,2640698877.268421,-10.43,251,-28.41,334,-30.0,337,-22.95,-1.88,-6.78,1.09,0.68,58.2,0.208,33.32,False,False,False,False,False,True,True,False,False,True,False,True,False,False,False,False,2026-11-10,False,False,4,"thin RVOL, below 200-MA",near21,4,https://www.tradingview.com/chart/?symbol=NASDAQ:PLUG&interval=D,False,False,False
USAR,"USA Rare Earth, Inc.",NASDAQ,Metal Fabrication,13.65,14.7,15.37,16.31,16.71,19.17,19.46,19.29,14.47,15.33,13.76,13.28,5.04,6.54,0.89,12221207.6,12935919.233333332,176575298.0,211023650.0,0.75,0.52,5119795219.37086,-26.81,387,-27.47,329,-14.74,274,-23.01,-2.8,-11.16,1.68,0.53,41.5,0.3,34.86,False,False,False,False,False,False,True,True,False,True,False,True,False,False,False,False,2026-11-05,False,False,4,"thin RVOL, below 200-MA",ADR,4,https://www.tradingview.com/chart/?symbol=NASDAQ:USAR&interval=D,False,False,False
MIRM,"Mirum Pharmaceuticals, Inc.",NASDAQ,Pharmaceuticals: Major,81.43,86.9,91.82,94.15,97.57,103.08,100.28,98.33,86.64,90.61,83.35,81.23,4.57,4.54,3.7,852315.7,697267.3666666667,56778482.0,65650744.0,1.19,0.45,5287429488.842518,-17.81,323,-34.12,353,-17.12,286,-23.02,-3.64,-11.31,2.23,0.57,5.4,0.252,19.87,False,False,False,False,False,False,True,True,False,True,False,True,False,False,False,False,2026-11-17,False,False,4,"thin RVOL, below 200-MA",ADR,4,https://www.tradingview.com/chart/?symbol=NASDAQ:MIRM&interval=D,False,False,False
BBAI,"BigBear.ai, Inc.",NYSE,Packaged Software,2.61,2.73,2.78,2.87,2.95,3.38,3.52,3.95,2.71,2.79,2.66,2.57,4.75,5.34,0.14,14908116.2,15582240.133333333,40669647.0,44710641.0,1.06,-0.19,1251480708.0339622,-11.82,263,-26.69,327,-30.77,341,-23.09,-2.15,-6.28,1.23,0.65,28.7,0.135,46.83,False,False,False,False,False,True,True,True,False,True,False,True,False,False,False,False,2026-11-11,False,False,4,"thin RVOL, below 200-MA","near21, ADR",5,https://www.tradingview.com/chart/?symbol=NYSE:BBAI&interval=D,False,False,False
DNN,Denison Mines Corp,AMEX,Other Metals/Minerals,2.63,2.65,2.83,3.04,3.06,3.12,3.32,3.39,2.67,2.82,2.65,2.56,4.17,5.07,0.13,25952579.8,25265665.733333334,66448701.0,76874999.0,1.12,0.39,2380718459.809264,-22.42,367,-18.32,269,-29.3,334,-23.35,-2.8,-7.21,1.3,0.67,52.5,0.346,27.89,False,False,False,False,False,True,True,False,False,True,False,True,False,False,False,False,2026-11-03,False,False,4,"thin RVOL, below 200-MA",near21,4,https://www.tradingview.com/chart/?symbol=AMEX:DNN&interval=D,False,False,False
MRP,"Millrose Properties, Inc.",NYSE,Real Estate Development,22.51,26.09,27.78,28.82,29.03,28.77,28.98,29.35,25.8,27.25,23.25,21.85,4.62,4.69,1.06,3765218.4,2135451.566666667,48069015.0,61538020.0,2.3,-5.57,3471674699.2990656,-28.72,393,-20.74,285,-21.02,303,-23.49,-4.79,-18.98,3.71,1.33,62.5,0.301,14.45,False,False,False,False,False,False,False,False,False,False,True,False,True,True,True,False,2026-10-22,False,True,3,"LoD>60% ATR, below 200-MA, large gap",RVOL,1,https://www.tradingview.com/chart/?symbol=NYSE:MRP&interval=D,False,False,False
CHWY,"Chewy, Inc.",NYSE,Internet Retail,18.22,18.4,19.75,21.08,21.87,21.12,22.6,24.42,18.65,19.7,18.25,17.78,4.14,4.82,0.88,10245497.1,9768525.766666668,177982539.0,205962853.0,0.8,-0.61,7323114514.553658,-23.83,375,-16.23,246,-32.83,344,-24.3,-3.46,-7.75,1.56,0.53,50.1,0.303,33.03,False,False,False,False,False,False,True,True,False,True,False,True,False,False,False,False,2026-12-03,False,False,4,"thin RVOL, below 200-MA",ADR,4,https://www.tradingview.com/chart/?symbol=NYSE:CHWY&interval=D,False,False,False
ALKT,"Alkami Technology, Inc.",NASDAQ,Packaged Software,14.15,14.32,16.76,17.87,18.48,17.64,17.36,18.01,14.73,16.17,14.28,13.9,5.15,6.01,0.85,2674354.8,1889074.1333333333,26730399.0,33759644.0,0.5,0.29,1513229032.0770338,-28.57,392,-25.64,320,-19.14,301,-24.45,-3.9,-15.59,2.08,0.44,28.8,0.631,29.41,False,False,False,False,False,False,True,True,False,True,False,True,False,False,False,False,2026-10-29,False,False,4,"thin RVOL, below 200-MA",ADR,4,https://www.tradingview.com/chart/?symbol=NASDAQ:ALKT&interval=D,False,False,False
AMPX,"Amprius Technologies, Inc.",NYSE,Electrical Products,9.45,9.67,9.6,9.7,10.14,12.56,14.45,13.44,9.61,9.71,9.85,9.31,5.93,6.22,0.59,6354600.7,5009635.7,47341057.0,48603486.0,0.92,1.5,1380461940.698035,-1.77,178,-24.7,314,-47.41,380,-24.63,-1.1,-1.57,0.43,0.92,23.8,0.118,51.29,False,False,False,False,True,True,True,False,False,True,False,True,False,False,False,False,2026-11-05,False,False,4,"thin RVOL, below 200-MA",near21,5,https://www.tradingview.com/chart/?symbol=NYSE:AMPX&interval=D,False,False,False
GIL,"Gildan Activewear, Inc.",NYSE,Apparel/Footwear,40.68,42.64,45.24,47.84,51.0,53.04,54.94,57.85,42.75,45.23,40.76,40.01,4.3,4.37,1.78,2604306.5,1601796.5666666667,65161084.0,76629414.0,0.78,-0.78,7533604328.7631445,-23.38,374,-21.81,294,-28.73,332,-24.64,-4.63,-10.08,2.31,0.42,37.7,0.29,37.39,False,False,False,False,False,False,True,True,False,True,False,True,False,False,False,False,2026-10-29,False,False,4,"thin RVOL, below 200-MA",ADR,4,https://www.tradingview.com/chart/?symbol=NYSE:GIL&interval=D,False,False,False
OCUL,"Ocular Therapeutix, Inc.",NASDAQ,Pharmaceuticals: Major,7.25,8.47,9.48,9.88,9.74,9.44,9.32,9.59,8.18,9.01,7.27,6.79,8.39,8.51,0.62,4846103.0,3060315.2,22187285.0,30232344.0,1.25,-0.43,1592215104.1666667,-31.02,396,-26.02,323,-17.24,288,-24.76,-3.0,-23.49,2.29,0.78,74.5,0.595,17.51,False,False,False,False,False,False,True,False,False,False,False,False,False,False,True,False,2026-11-09,False,False,3,"LoD>60% ATR, thin RVOL, below 200-MA",RVOL,2,https://www.tradingview.com/chart/?symbol=NASDAQ:OCUL&interval=D,False,False,False
ASTS,"AST SpaceMobile, Inc.",NASDAQ,Specialty Telecommunications,58.44,59.97,60.46,60.49,62.74,73.46,77.21,81.04,59.39,60.41,59.26,57.3,6.3,6.76,3.95,10566319.2,10106249.9,590609244.0,611316950.0,0.74,0.41,22742948741.992813,-7.82,233,-26.1,324,-41.94,367,-25.29,-1.01,-3.34,0.48,0.5,29.0,0.139,36.05,False,False,False,False,False,True,True,True,False,True,False,True,False,True,False,False,2026-11-16,False,False,5,below 200-MA,"near21, ADR",5,https://www.tradingview.com/chart/?symbol=NASDAQ:ASTS&interval=D,False,False,False
MPT,"Medical Properties Trust, Inc.",NYSE,Real Estate Investment Trusts,3.31,3.48,3.56,3.72,3.99,4.41,4.6,4.77,3.45,3.59,3.35,3.2,4.27,4.25,0.14,10331500.9,10489691.466666667,34720879.0,39063611.0,1.19,-0.92,1976732029.3547401,-18.07,330,-28.43,335,-30.75,340,-25.75,-4.03,-7.0,1.84,1.03,74.7,0.193,39.06,False,False,False,False,False,False,False,False,False,False,True,False,False,False,False,False,2026-10-22,False,False,3,"LoD>60% ATR, thin RVOL, below 200-MA",,1,https://www.tradingview.com/chart/?symbol=NYSE:MPT&interval=D,False,False,False
Z,"Zillow Group, Inc.",NASDAQ,Internet Software/Services,27.41,28.06,29.82,31.62,32.78,33.23,36.65,42.54,28.23,29.73,27.9,27.2,4.29,4.66,1.28,4825391.0,3904067.4,107010487.0,123442707.0,0.5,0.33,6192182692.0,-21.26,357,-19.57,276,-36.54,357,-25.79,-3.51,-8.09,1.67,0.55,16.4,0.276,52.8,False,False,False,False,False,False,True,True,False,True,False,True,False,False,False,False,2026-11-04,False,False,4,"thin RVOL, below 200-MA",ADR,4,https://www.tradingview.com/chart/?symbol=NASDAQ:Z&interval=D,False,False,False
QXO,"QXO, Inc.",NYSE,Wholesale Distributors,11.88,12.12,12.09,12.55,13.32,14.71,16.68,18.39,12.02,12.3,12.15,11.77,4.54,4.88,0.58,21193138.0,17438102.733333334,207164660.0,218917942.0,0.71,-0.58,12325390214.41791,-10.68,253,-25.52,318,-41.68,366,-25.96,-2.21,-1.72,0.69,0.66,19.0,0.161,53.04,False,False,False,False,True,True,True,True,False,True,False,True,False,True,False,False,2026-11-17,False,False,5,below 200-MA,"near21, ADR",6,https://www.tradingview.com/chart/?symbol=NYSE:QXO&interval=D,False,False,False
ALNY,"Alnylam Pharmaceuticals, Inc.",NASDAQ,Pharmaceuticals: Major,219.89,243.07,245.1,245.85,240.45,266.17,282.36,302.02,237.7,242.22,222.08,215.46,4.14,4.65,10.23,1257166.2,1524271.8666666667,335172141.0,374743763.0,1.03,-0.62,29423289276.853493,-14.96,294,-30.65,345,-32.86,345,-26.16,-1.84,-10.29,1.98,0.65,43.3,0.178,28.0,False,False,False,False,False,False,True,True,False,True,False,True,False,True,False,False,2026-10-29,False,False,5,below 200-MA,ADR,4,https://www.tradingview.com/chart/?symbol=NASDAQ:ALNY&interval=D,False,False,False
EOSE,"Eos Energy Enterprises, Inc.",NASDAQ,Electrical Products,3.27,3.29,3.66,3.58,3.68,5.01,5.39,7.33,3.32,3.49,3.28,3.05,7.56,8.5,0.28,29163215.7,26645522.466666665,87130858.0,95399852.0,0.81,-0.31,1190828573.5700934,-7.1,225,-37.12,364,-34.34,350,-26.19,-1.3,-10.58,0.74,0.83,79.1,0.47,123.44,False,False,False,False,False,True,True,False,False,True,False,False,False,False,False,False,2026-11-11,False,False,3,"LoD>60% ATR, thin RVOL, below 200-MA",near21,3,https://www.tradingview.com/chart/?symbol=NASDAQ:EOSE&interval=D,False,False,False
BLDR,"Builders FirstSource, Inc.",NYSE,Home Improvement Chains,55.63,57.93,58.85,61.41,65.53,71.08,75.74,85.34,57.58,59.62,56.99,54.99,4.12,4.57,2.54,2223120.2,3236905.2,180069036.0,198790217.0,1.29,0.43,5985590558.498489,-13.13,278,-32.18,350,-33.93,348,-26.42,-3.31,-5.47,1.46,0.79,25.2,0.117,49.28,False,False,False,False,False,True,True,False,False,True,False,True,False,False,True,False,2026-10-29,False,False,4,"thin RVOL, below 200-MA","near21, RVOL",4,https://www.tradingview.com/chart/?symbol=NYSE:BLDR&interval=D,False,False,False
WING,Wingstop Inc.,NASDAQ,Restaurants,106.84,103.11,105.52,107.62,113.48,131.5,147.51,175.92,104.97,106.46,107.72,103.65,4.07,5.22,5.58,1322623.8,1267399.1,135408920.0,136400026.0,0.83,-0.51,2910593606.703715,-3.62,192,-38.03,368,-38.57,362,-26.74,-1.12,1.25,0.07,0.73,57.2,0.196,68.15,False,False,False,False,True,True,True,False,False,True,False,True,False,False,False,False,2026-10-28,False,False,4,"thin RVOL, below 200-MA",near21,5,https://www.tradingview.com/chart/?symbol=NASDAQ:WING&interval=D,False,False,False
KTOS,"Kratos Defense & Security Solutions, Inc.",NASDAQ,Aerospace & Defense,42.02,44.35,45.93,47.56,51.06,52.25,59.46,68.79,44.1,46.12,43.86,41.74,4.62,5.26,2.21,4677776.2,3813867.566666667,160258715.0,181406611.0,1.24,1.69,7888050177.232878,-12.0,266,-21.79,293,-47.06,379,-26.95,-3.36,-8.51,1.69,0.96,12.7,0.181,58.17,False,False,False,False,False,False,True,False,False,False,False,True,False,False,True,False,2026-10-29,False,False,4,"thin RVOL, below 200-MA",RVOL,3,https://www.tradingview.com/chart/?symbol=NASDAQ:KTOS&interval=D,False,False,False
QS,QuantumScape Corporation,NASDAQ,Electrical Products,4.62,4.74,4.96,5.18,5.4,6.39,6.56,7.29,4.74,4.96,4.64,4.46,4.69,5.23,0.24,12137618.5,12531827.933333334,57897045.0,64927401.0,1.28,-0.22,2860304571.1772428,-15.23,297,-35.29,357,-30.73,339,-27.09,-2.76,-6.85,1.3,0.74,66.2,0.226,55.33,False,False,False,False,False,True,True,False,False,True,False,False,False,False,True,False,2026-10-28,False,False,3,"LoD>60% ATR, thin RVOL, below 200-MA","near21, RVOL",3,https://www.tradingview.com/chart/?symbol=NASDAQ:QS&interval=D,False,False,False
NAMS,NewAmsterdam Pharma Company N.V.,NASDAQ,Pharmaceuticals: Major,22.8,23.32,22.9,23.98,25.5,29.25,30.12,31.1,23.3,23.64,23.34,22.23,5.82,5.97,1.36,1785720.2,1678805.9666666666,38276776.0,40254969.0,0.59,-1.55,2725447575.2586207,-11.11,259,-35.52,359,-34.86,352,-27.16,-1.78,-0.43,0.6,0.82,41.9,0.181,35.98,False,False,False,False,True,True,True,False,False,True,False,True,False,False,False,False,2026-11-11,False,False,4,"thin RVOL, below 200-MA",near21,5,https://www.tradingview.com/chart/?symbol=NASDAQ:NAMS&interval=D,False,False,False
PLNT,"Planet Fitness, Inc.",NYSE,Other Consumer Services,42.07,41.68,45.79,47.89,49.89,50.98,57.53,67.47,42.88,45.17,42.51,40.94,5.23,4.68,1.97,3598757.0,2398828.3666666667,100918709.0,114868696.0,0.6,-0.73,3177672135.492101,-17.86,326,-20.62,283,-44.07,373,-27.52,-3.35,-8.12,1.47,0.8,57.7,0.368,61.3,False,False,False,False,False,True,True,True,False,True,False,True,False,False,False,False,2026-11-10,False,False,4,"thin RVOL, below 200-MA","near21, ADR",5,https://www.tradingview.com/chart/?symbol=NYSE:PLNT&interval=D,False,False,False
HUBG,"Hub Group, Inc.",NASDAQ,Air Freight/Couriers,28.74,30.25,32.26,34.37,38.19,41.35,40.66,41.7,30.44,32.46,31.46,28.62,4.13,5.34,1.53,1323610.5,1283114.5666666667,36876713.0,44107063.0,0.66,1.51,1757551866.1048033,-21.11,355,-37.19,366,-25.5,319,-27.93,-4.63,-10.92,2.15,1.85,7.8,0.292,39.84,False,False,False,False,False,False,False,False,False,False,True,True,False,False,False,False,2026-10-22,False,False,4,"thin RVOL, below 200-MA",,2,https://www.tradingview.com/chart/?symbol=NASDAQ:HUBG&interval=D,False,False,False
XRAY,DENTSPLY SIRONA Inc.,NASDAQ,Medical Specialties,8.56,9.17,9.66,10.14,11.05,11.05,11.32,11.6,9.09,9.63,8.7,8.44,4.13,4.61,0.39,5067436.5,4546295.1,38916286.0,46085036.0,0.96,-1.38,1706469243.8016148,-24.18,376,-31.19,346,-29.72,336,-28.36,-4.88,-11.35,2.42,0.67,31.7,0.287,28.27,False,False,False,False,False,False,True,True,False,True,False,True,False,False,False,False,2026-10-29,False,False,4,"thin RVOL, below 200-MA",ADR,4,https://www.tradingview.com/chart/?symbol=NASDAQ:XRAY&interval=D,False,False,False
MTZ,"MasTec, Inc.",NYSE,Engineering & Construction,219.4,214.09,221.07,228.23,250.01,313.18,324.96,305.28,216.04,223.72,224.02,212.88,4.73,5.2,11.42,1348909.2,1516657.0,332754546.0,346144099.0,0.94,0.26,17618904752.291946,-6.54,216,-40.87,376,-37.78,360,-28.4,-2.35,-0.76,0.37,0.98,57.1,0.203,50.53,False,False,False,False,True,True,True,False,False,True,False,True,False,True,False,False,2026-10-29,False,False,5,below 200-MA,near21,5,https://www.tradingview.com/chart/?symbol=NYSE:MTZ&interval=D,False,False,False
STLA,Stellantis N.V.,NYSE,Motor Vehicles,4.49,4.55,4.84,5.01,5.22,5.9,6.4,7.2,4.59,4.79,4.52,4.44,4.05,4.63,0.21,31914855.200000025,25045823.866666667,112455749.0,125504623.0,0.69,1.36,16899993902.804895,-19.1,341,-22.72,304,-43.8,372,-28.54,-3.02,-7.27,1.37,0.36,21.7,0.283,58.96,False,False,False,False,False,True,True,True,False,True,False,True,False,True,False,False,2026-10-28,False,False,5,below 200-MA,"near21, ADR",5,https://www.tradingview.com/chart/?symbol=NYSE:STLA&interval=D,False,False,False
FLUT,Flutter Entertainment plc,NYSE,Casinos/Gaming,75.73,79.23,87.93,91.99,95.24,99.08,101.48,119.77,79.54,85.49,78.26,74.81,5.67,5.54,4.2,2980945.1,2879448.2333333334,218060615.0,264877564.0,0.92,2.23,13142116240.398075,-25.01,379,-29.92,342,-30.8,342,-28.57,-3.7,-13.87,2.06,0.82,21.9,0.454,53.54,False,False,False,False,False,False,True,False,False,False,False,True,False,True,False,False,2026-11-18,False,True,4,"below 200-MA, large gap",,3,https://www.tradingview.com/chart/?symbol=NYSE:FLUT&interval=D,False,False,False
QNT,Quantinuum Inc.,NASDAQ,Computer Processing Hardware,45.53,48.46,49.43,49.86,52.93,,,,47.97,49.49,46.2,44.58,6.55,6.93,3.15,2034003.8,1788945.8333333333,81450704.0,89205188.0,1.16,0.04,11988420138.664497,-7.67,232,-45.26,381,-33.04,346,-28.66,-2.02,-7.9,1.15,0.51,30.1,0.165,9.82,False,False,False,False,False,True,True,True,False,True,False,True,False,True,False,False,2026-11-12,False,False,5,below 200-MA,"near21, ADR",5,https://www.tradingview.com/chart/?symbol=NASDAQ:QNT&interval=D,False,False,False
TE,T1 Energy Inc.,NYSE,Electrical Products,3.7,3.85,4.17,4.29,4.51,6.37,6.18,6.47,3.88,4.11,3.91,3.6,6.38,8.73,0.32,19921363.3,19578765.066666666,72441431.0,84025533.0,1.01,-0.26,1089563189.6938777,-17.59,320,-55.95,393,-12.94,261,-28.83,-2.06,-11.25,1.13,0.96,31.0,0.389,70.78,False,False,False,False,False,True,True,False,False,True,False,True,False,False,False,False,2026-11-11,False,False,4,"thin RVOL, below 200-MA",near21,4,https://www.tradingview.com/chart/?symbol=NYSE:TE&interval=D,False,False,False
JOBY,"Joby Aviation, Inc.",NYSE,Aerospace & Defense,5.78,6.11,6.22,6.47,6.99,8.18,8.52,9.54,6.06,6.3,5.96,5.72,4.1,4.87,0.28,20509953.1,23971808.233333334,138557052.0,155001712.0,1.01,0.0,5744594140.8,-16.11,309,-34.21,354,-36.62,358,-28.98,-3.55,-7.03,1.69,0.85,21.3,0.146,59.18,False,False,False,False,False,False,True,False,False,False,False,True,False,False,False,False,2026-11-11,False,False,4,"thin RVOL, below 200-MA",,3,https://www.tradingview.com/chart/?symbol=NYSE:JOBY&interval=D,False,False,False
FRMI,Fermi Inc.,NASDAQ,Real Estate Development,4.06,4.39,4.78,4.92,5.47,6.28,6.28,7.0,4.34,4.69,4.1,3.94,6.16,8.05,0.33,15828388.8,16549329.533333333,67190278.0,81444767.0,0.83,0.0,2600297561.389578,-15.42,301,-49.81,388,-21.85,307,-29.03,-3.2,-15.06,1.66,0.49,38.3,0.429,64.14,False,False,False,False,False,False,True,True,False,True,False,True,False,False,False,False,2026-11-17,False,False,4,"thin RVOL, below 200-MA",ADR,4,https://www.tradingview.com/chart/?symbol=NASDAQ:FRMI&interval=D,False,False,False
HYMC,Hycroft Mining Holding Corporation,NASDAQ,Precious Metals,18.8,20.08,20.69,21.84,22.8,24.65,29.19,30.83,19.72,20.76,18.97,17.87,6.29,7.56,1.42,1941598.9,2049522.966666662,38531032.0,44760557.0,0.8,0.75,1751815475.681454,-16.07,308,-18.72,272,-53.88,390,-29.56,-2.32,-9.15,1.25,0.77,65.5,0.249,57.2,False,False,False,False,False,True,True,False,False,True,False,False,False,False,False,False,2026-11-03,False,False,3,"LoD>60% ATR, thin RVOL, below 200-MA",near21,3,https://www.tradingview.com/chart/?symbol=NASDAQ:HYMC&interval=D,False,False,False
UUUU,Energy Fuels Inc,AMEX,Other Metals/Minerals,10.82,11.17,11.97,12.95,13.12,14.19,16.06,17.11,11.21,11.92,11.0,10.61,4.16,5.6,0.61,6935251.6,6767438.166666667,73223681.0,87620278.0,1.12,0.65,2864361756.900279,-25.53,383,-20.73,284,-42.75,369,-29.67,-3.12,-9.6,1.64,0.63,34.6,0.381,54.87,False,False,False,False,False,False,True,False,False,False,False,True,False,False,False,False,2026-10-30,False,False,4,"thin RVOL, below 200-MA",,3,https://www.tradingview.com/chart/?symbol=AMEX:UUUU&interval=D,False,False,False
KNF,Knife Riv Holding Co.,NYSE,Construction Materials,51.97,52.46,54.59,57.62,62.49,71.18,75.7,76.33,52.52,55.15,52.29,49.16,4.57,4.65,2.42,1289044.0,1077195.2666666666,55981838.0,62066555.0,0.87,-1.47,2949995050.3647923,-15.97,306,-38.32,370,-35.5,353,-29.93,-3.62,-4.8,1.24,1.3,116.4,0.207,45.94,False,False,False,False,False,True,False,False,False,True,True,False,False,False,False,False,2026-11-09,False,False,3,"LoD>60% ATR, thin RVOL, below 200-MA",near21,2,https://www.tradingview.com/chart/?symbol=NYSE:KNF&interval=D,False,False,False
GT,The Goodyear Tire & Rubber Company,NASDAQ,Automotive Aftermarket,4.68,5.06,5.2,5.53,5.92,6.13,6.38,7.07,5.0,5.25,4.86,4.61,4.53,5.08,0.24,9592144.5,9485272.833333334,44391077.0,52426684.0,1.55,0.0,1347366157.735537,-23.15,372,-33.24,351,-33.62,347,-30.0,-4.14,-10.02,2.15,1.05,29.5,0.219,43.13,False,False,False,False,False,False,False,False,False,False,True,True,True,True,True,False,2026-11-09,False,False,5,below 200-MA,RVOL,2,https://www.tradingview.com/chart/?symbol=NASDAQ:GT&interval=D,False,False,False
FUN,Six Flags Entertainment Corporation,NYSE,Movies/Entertainment,12.13,11.72,12.47,13.55,14.92,17.77,17.87,17.52,11.79,12.62,12.27,11.13,5.41,6.24,0.76,2899502.0,2310326.1333333333,28024256.0,31303379.0,1.15,0.0,1241096938.594828,-19.35,342,-37.02,363,-34.08,349,-30.15,-2.99,-2.71,0.62,1.51,132.1,0.37,50.75,False,False,False,False,True,True,False,False,False,True,True,False,False,False,False,False,2026-11-05,False,False,3,"LoD>60% ATR, thin RVOL, below 200-MA",near21,3,https://www.tradingview.com/chart/?symbol=NYSE:FUN&interval=D,False,False,False
WHR,Whirlpool Corporation,NYSE,Electronics/Appliances,30.03,31.48,32.87,35.16,37.46,38.61,44.01,53.16,31.33,33.1,30.6,29.49,4.42,5.03,1.51,2800605.0,2724831.1666666665,81826680.0,95801431.0,1.07,-0.2,1957937316.2078526,-22.12,365,-22.22,301,-46.94,378,-30.43,-3.94,-8.64,1.85,0.74,35.8,0.257,72.22,False,False,False,False,False,False,True,False,False,False,False,True,False,False,False,False,2026-10-15,False,False,4,"thin RVOL, below 200-MA",,3,https://www.tradingview.com/chart/?symbol=NYSE:WHR&interval=D,False,False,False
INIO,INNIO N.V.,NASDAQ,Electrical Products,18.98,18.95,19.42,20.0,22.38,,,,19.07,19.77,20.29,18.79,6.57,7.58,1.44,5670672.0,5125911.433333334,97289799.0,102530189.0,0.73,0.5,14234999836.690346,-7.1,223,-46.95,383,-38.77,364,-30.94,-2.0,-2.28,0.53,1.04,13.2,0.246,18.03,False,False,False,False,True,True,False,False,False,True,True,True,False,True,False,False,2026-12-02,False,False,5,below 200-MA,near21,4,https://www.tradingview.com/chart/?symbol=NASDAQ:INIO&interval=D,False,False,False
APP,Applovin Corporation,NASDAQ,Packaged Software,281.97,300.3,310.53,311.18,328.51,413.35,424.86,454.24,295.21,306.74,287.2,270.0,5.3,5.64,15.89,5577199.1,5093177.6,1436123288.0,1584871237.0,1.26,0.89,94361540971.94896,-9.18,246,-47.86,384,-35.99,354,-31.01,-2.51,-9.2,1.43,1.08,75.3,0.228,54.59,False,False,False,False,False,True,False,False,False,True,True,False,False,True,True,False,2026-11-11,False,False,4,"LoD>60% ATR, below 200-MA","near21, RVOL",2,https://www.tradingview.com/chart/?symbol=NASDAQ:APP&interval=D,False,False,False
XE,"X-Energy, Inc.",NASDAQ,Industrial Machinery,14.41,14.92,15.5,16.39,17.43,19.28,,,14.78,15.58,14.6,13.94,5.88,7.85,1.13,5229671.7,6599790.8,95102985.0,108188171.0,0.81,0.28,5855735312.607788,-18.45,336,-19.94,278,-55.0,391,-31.13,-2.2,-7.05,0.96,0.58,41.5,0.318,30.25,False,False,False,False,False,True,True,False,False,True,False,True,False,False,False,False,2026-12-02,False,False,4,"thin RVOL, below 200-MA",near21,4,https://www.tradingview.com/chart/?symbol=NASDAQ:XE&interval=D,False,False,False
CELC,Celcuity Inc.,NASDAQ,Medical Specialties,73.62,78.04,81.54,85.33,87.08,96.19,103.62,104.3,77.54,81.21,74.6,69.0,5.86,6.14,4.52,1179859.3,947790.2666666667,69776319.0,80875891.0,1.59,0.85,3602366965.056034,-23.18,373,-33.34,352,-37.61,359,-31.38,-2.52,-9.71,1.52,1.24,102.3,0.241,35.67,False,False,False,False,False,False,False,False,False,False,True,False,True,True,True,False,2026-11-18,False,False,4,"LoD>60% ATR, below 200-MA",RVOL,1,https://www.tradingview.com/chart/?symbol=NASDAQ:CELC&interval=D,False,False,False
STUB,"StubHub Holdings, Inc.",NYSE,Internet Software/Services,5.53,5.46,5.72,5.98,6.86,8.68,8.2,9.22,5.55,5.83,5.62,5.41,5.12,5.63,0.31,6961100.6,6622997.566666666,36625177.0,39601110.0,0.84,0.0,2112957451.6099813,-16.21,310,-59.96,395,-18.32,298,-31.49,-3.45,-3.3,0.91,0.66,38.6,0.197,67.97,False,False,False,False,False,True,True,True,False,True,False,True,False,False,False,False,2026-11-12,False,False,4,"thin RVOL, below 200-MA","near21, ADR",5,https://www.tradingview.com/chart/?symbol=NYSE:STUB&interval=D,False,False,False
LCID,"Lucid Group, Inc.",NASDAQ,Motor Vehicles,4.17,4.12,4.18,4.41,5.36,5.62,6.57,7.61,4.15,4.34,4.19,4.06,5.4,6.81,0.28,8804675.89999998,11481547.200000018,47878052.0,50637450.0,0.84,0.0,1643272740.0581112,-9.15,245,-35.05,356,-55.4,392,-33.2,-3.26,-0.14,0.56,0.48,40.5,0.137,83.69,False,False,False,False,True,True,True,True,False,True,False,True,False,False,False,False,2026-11-10,False,False,4,"thin RVOL, below 200-MA","near21, ADR",6,https://www.tradingview.com/chart/?symbol=NASDAQ:LCID&interval=D,False,False,False
FMC,FMC Corporation,NYSE,Chemicals: Agricultural,9.0,9.29,10.25,10.77,10.7,11.3,12.64,13.19,9.28,9.93,9.17,8.42,5.72,6.37,0.57,5021917.4,3977392.2,35796530.0,42856401.0,1.32,1.9,1399913977.6066353,-30.5,395,-21.4,289,-49.27,384,-33.72,-2.5,-12.21,1.48,1.31,101.2,0.48,43.39,False,False,False,False,False,True,False,False,False,True,True,False,False,False,True,False,2026-10-29,False,False,3,"LoD>60% ATR, thin RVOL, below 200-MA","near21, RVOL",2,https://www.tradingview.com/chart/?symbol=NYSE:FMC&interval=D,False,False,False
RUN,Sunrun Inc.,NASDAQ,Semiconductors,7.61,7.92,8.27,8.47,9.03,11.14,11.68,13.49,7.89,8.24,7.72,7.45,5.15,5.69,0.43,7744333.8,7331402.733333333,55791975.0,62122641.0,1.25,-1.43,1832845563.4007785,-14.4,289,-40.57,375,-46.93,377,-33.97,-2.76,-7.98,1.35,0.64,37.0,0.231,73.28,False,False,False,False,False,True,True,True,False,True,False,True,False,False,True,False,2026-11-04,False,False,4,"thin RVOL, below 200-MA","near21, ADR, RVOL",5,https://www.tradingview.com/chart/?symbol=NASDAQ:RUN&interval=D,False,False,False
CHTR,"Charter Communications, Inc.",NASDAQ,Cable/Satellite TV,107.77,112.57,124.81,133.95,139.95,138.21,161.4,174.37,114.36,123.12,109.36,104.91,4.61,5.38,5.8,3231097.1,2895954.5,312097016.0,387900556.0,0.97,-0.18,18872163722.48504,-28.49,391,-21.45,290,-52.45,387,-34.13,-4.28,-13.65,2.32,0.77,49.4,0.431,57.35,False,False,False,False,False,False,True,False,False,False,False,True,False,True,False,False,2026-10-30,False,False,5,below 200-MA,,3,https://www.tradingview.com/chart/?symbol=NASDAQ:CHTR&interval=D,False,False,False
RARE,Ultragenyx Pharmaceutical Inc.,NASDAQ,Pharmaceuticals: Major,14.5,14.9,14.51,17.61,20.94,24.12,23.74,23.99,14.91,16.1,15.31,14.21,5.95,7.7,1.12,4954823.2,5800621.0,84109004.0,102147969.0,0.93,0.2,1429538709.8883052,-6.3,214,-57.59,394,-38.66,363,-34.18,-3.99,-0.04,1.29,0.98,26.0,0.182,66.34,False,False,False,False,True,True,True,False,False,True,False,True,False,False,False,False,2026-11-04,False,False,4,"thin RVOL, below 200-MA",near21,5,https://www.tradingview.com/chart/?symbol=NASDAQ:RARE&interval=D,False,False,False
TTD,"The Trade Desk, Inc.",NASDAQ,Packaged Software,11.98,12.37,13.32,13.48,14.42,17.01,19.22,22.48,12.46,13.08,12.06,11.74,4.04,4.62,0.55,21747299.299999993,23497634.533333343,281501662.0,316842104.0,1.16,-0.17,5629169210.053557,-21.08,354,-39.31,374,-44.33,374,-34.91,-3.66,-10.06,1.82,0.57,43.4,0.309,84.38,False,False,False,False,False,False,True,True,False,True,False,True,False,False,False,False,2026-11-05,False,False,4,"thin RVOL, below 200-MA",ADR,4,https://www.tradingview.com/chart/?symbol=NASDAQ:TTD&interval=D,False,False,False
PL,Planet Labs PBC,NYSE,Packaged Software,17.36,16.89,16.79,17.89,19.75,26.52,28.66,27.34,16.95,17.47,17.68,16.97,5.09,5.88,1.02,10644280.4,11143611.6,193453097.0,199381499.0,0.64,0.8,6316400985.375999,-11.61,261,-41.8,378,-52.95,388,-35.46,-2.05,3.4,0.11,0.7,38.2,0.131,68.41,False,False,False,False,False,True,True,False,False,True,False,True,False,False,False,False,2026-12-14,False,False,4,"thin RVOL, below 200-MA",near21,4,https://www.tradingview.com/chart/?symbol=NYSE:PL&interval=D,False,False,False
CAR,"Avis Budget Group, Inc.",NASDAQ,Finance/Rental/Leasing,107.98,106.89,114.41,123.51,131.67,149.05,168.15,155.92,109.43,115.59,113.29,106.52,5.37,5.5,5.94,426489.3,416064.63333333336,44926659.0,51386479.0,0.86,1.52,3814474770.4353538,-21.73,361,-31.93,349,-56.46,393,-36.71,-3.27,-5.62,1.2,1.14,24.7,0.311,56.73,False,False,False,False,False,True,False,False,False,True,True,True,False,False,False,False,2026-11-02,False,False,4,"thin RVOL, below 200-MA",near21,3,https://www.tradingview.com/chart/?symbol=NASDAQ:CAR&interval=D,False,False,False
FICO,Fair Isaac Corporation,NYSE,Financial Publishing/Services,689.61,757.75,862.97,946.96,1017.47,1111.28,1110.58,1213.14,746.14,844.35,692.92,648.95,5.89,8.4,57.92,1486629.3,755253.6666666666,520830481.0,715194257.0,0.82,0.07,14893945258.24487,-26.2,385,-46.75,382,-38.37,361,-37.11,-3.84,-20.09,2.18,0.76,70.2,0.626,66.04,False,False,False,False,False,False,True,False,False,False,False,False,False,True,False,False,2026-11-11,False,False,4,"LoD>60% ATR, below 200-MA",,2,https://www.tradingview.com/chart/?symbol=NYSE:FICO&interval=D,False,False,False
XENE,Xenon Pharmaceuticals Inc.,NASDAQ,Pharmaceuticals: Major,37.57,37.63,45.98,50.89,55.87,57.07,56.58,53.07,39.62,44.75,38.22,37.0,5.16,6.14,2.31,2610313.3,2009131.9333333333,75483087.0,102254770.0,0.6,0.0,3638295044.430037,-37.4,398,-38.51,371,-36.47,356,-37.46,-5.34,-18.29,2.62,0.53,24.7,0.863,51.73,False,False,False,False,False,False,True,True,False,True,False,True,False,False,False,False,2026-11-11,False,False,4,"thin RVOL, below 200-MA",ADR,4,https://www.tradingview.com/chart/?symbol=NASDAQ:XENE&interval=D,False,False,False
RCAT,"Red Cat Holdings, Inc.",NASDAQ,Packaged Software,6.34,6.55,7.1,7.63,8.23,9.26,10.58,10.94,6.61,7.1,6.55,6.3,5.62,6.57,0.42,7268823.8,7738056.3,49097967.0,59014286.0,0.66,1.72,968972600.3203125,-25.35,381,-36.55,361,-52.04,386,-37.98,-3.49,-10.63,1.62,0.6,10.8,0.4,69.25,False,False,False,False,False,False,True,True,False,True,False,True,False,False,False,False,2026-11-12,False,False,4,"thin RVOL, below 200-MA",ADR,4,https://www.tradingview.com/chart/?symbol=NASDAQ:RCAT&interval=D,False,False,False
SOC,Sable Offshore Corp.,NYSE,Integrated Oil,3.47,3.7,4.22,4.39,4.46,6.86,9.44,9.41,3.71,4.04,3.68,3.3,9.04,10.1,0.35,8748762.7,7951952.166666667,27593274.0,34893166.0,0.77,-0.28,665787451.6951568,-27.56,388,-13.25,233,-74.12,401,-38.31,-2.2,-17.84,1.4,1.07,48.5,0.57,165.51,False,False,False,False,False,True,False,False,False,True,True,True,False,False,False,False,2026-11-12,False,False,4,"thin RVOL, below 200-MA",near21,3,https://www.tradingview.com/chart/?symbol=NYSE:SOC&interval=D,False,False,False
IONS,"Ionis Pharmaceuticals, Inc.",NASDAQ,Pharmaceuticals: Major,43.5,44.51,47.37,51.92,53.65,62.58,66.51,70.21,44.96,47.76,43.96,42.63,4.28,4.7,2.04,3789580.4,3836145.1,166872312.0,199171375.0,0.73,0.48,7229018340.8130455,-25.46,382,-48.47,385,-42.82,370,-38.92,-4.02,-8.16,1.9,0.65,42.5,0.38,59.08,False,False,False,False,False,False,True,True,False,True,False,True,False,False,False,False,2026-11-04,False,False,4,"thin RVOL, below 200-MA",ADR,4,https://www.tradingview.com/chart/?symbol=NASDAQ:IONS&interval=D,False,False,False
BRBR,"BellRing Brands, Inc.",NYSE,Beverages: Non-Alcoholic,7.73,7.88,8.55,9.23,10.24,10.41,12.21,15.0,7.93,8.57,7.85,7.4,5.22,6.04,0.47,4586909.4,3468023.0,26807818.0,32004072.0,1.35,0.27,898830451.667564,-25.24,380,-42.01,379,-52.02,385,-39.76,-4.06,-9.54,1.62,0.96,70.7,0.356,92.18,False,False,False,False,False,False,True,False,False,False,False,False,False,False,True,False,2026-11-23,False,False,3,"LoD>60% ATR, thin RVOL, below 200-MA",RVOL,2,https://www.tradingview.com/chart/?symbol=NYSE:BRBR&interval=D,False,False,False
KRMN,Karman Holdings Inc.,NYSE,Aerospace & Defense,33.02,33.52,34.76,38.02,45.0,48.91,60.92,68.62,33.8,36.2,34.71,32.62,6.73,7.51,2.48,3668473.3,3692668.7666666666,121931923.0,140384189.0,0.81,0.67,4376262916.1775055,-18.15,332,-38.72,372,-62.57,396,-39.81,-3.54,-4.99,1.17,0.84,16.1,0.209,106.32,False,False,False,False,False,True,True,False,False,True,False,True,False,False,False,False,2026-11-05,False,False,4,"thin RVOL, below 200-MA",near21,4,https://www.tradingview.com/chart/?symbol=NYSE:KRMN&interval=D,False,False,False
UTI,Universal Technical Institute Inc,NYSE,Miscellaneous Commercial Services,19.17,19.51,20.19,20.67,25.01,33.19,34.3,32.86,19.51,20.54,19.84,18.6,5.26,6.53,1.25,1895117.9,1843587.7666666666,35341577.0,38100199.0,0.73,-0.31,1056175515.1811147,-9.7,248,-62.1,397,-48.44,383,-40.08,-3.57,-5.03,1.02,0.99,45.5,0.185,77.14,False,False,False,False,False,True,True,False,False,True,False,True,False,False,False,False,2026-11-25,False,False,4,"thin RVOL, below 200-MA",near21,4,https://www.tradingview.com/chart/?symbol=NYSE:UTI&interval=D,False,False,False
FLNC,"Fluence Energy, Inc.",NASDAQ,Electrical Products,7.65,7.6,8.35,9.16,10.71,15.32,15.21,16.87,7.78,8.49,7.66,7.35,5.71,7.69,0.59,7128641.6,7705430.5,58946543.0,70563764.0,0.74,-0.13,1412162258.9487517,-24.33,377,-55.92,392,-47.46,381,-42.57,-3.72,-8.33,1.29,0.53,51.0,0.542,121.21,False,False,False,False,False,True,True,True,False,True,False,True,False,False,False,False,2026-11-30,False,False,4,"thin RVOL, below 200-MA","near21, ADR",5,https://www.tradingview.com/chart/?symbol=NASDAQ:FLNC&interval=D,False,False,False
NKTR,Nektar Therapeutics,NASDAQ,Pharmaceuticals: Major,42.22,54.8,62.1,65.93,68.91,67.37,71.11,65.38,53.72,59.89,43.5,41.35,10.05,9.84,4.15,2622350.0999999996,1422234.0,60046719.0,93770495.0,0.81,-0.18,1441517264.303809,-43.46,401,-42.28,380,-45.8,375,-43.85,-3.94,-32.01,3.0,0.52,20.9,0.584,38.63,False,False,False,False,False,False,True,True,False,True,False,True,False,False,False,False,2026-11-05,False,False,4,"thin RVOL, below 200-MA",ADR,4,https://www.tradingview.com/chart/?symbol=NASDAQ:NKTR&interval=D,False,False,False
OPEN,Opendoor Technologies Inc,NASDAQ,Real Estate Development,2.31,2.48,2.61,2.83,3.16,3.87,4.26,4.62,2.47,2.65,2.43,2.29,5.61,6.63,0.15,29201459.4,30225463.266666666,69820820.0,85608587.0,0.92,-0.82,2243220411.6516395,-25.6,384,-54.35,391,-53.33,389,-44.43,-4.06,-11.58,1.96,0.91,13.1,0.31,92.63,False,False,False,False,False,False,True,False,False,False,False,True,False,False,False,False,2026-11-05,False,False,4,"thin RVOL, below 200-MA",,3,https://www.tradingview.com/chart/?symbol=NASDAQ:OPEN&interval=D,False,False,False
FRVO,Fervo Energy Company,NASDAQ,Alternative Power Generation,13.46,14.85,15.59,15.95,17.95,25.3,,,14.65,15.58,14.69,13.1,8.98,10.57,1.42,8732070.9,7835376.2,105464164.0,124946827.0,1.49,1.25,3967512554.6325264,-22.06,364,-51.0,389,-62.61,397,-45.22,-2.37,-13.68,1.29,1.12,25.3,0.354,77.62,False,False,False,False,False,True,False,False,False,True,True,True,False,False,True,False,2026-12-02,False,False,4,"thin RVOL, below 200-MA","near21, RVOL",3,https://www.tradingview.com/chart/?symbol=NASDAQ:FRVO&interval=D,False,False,False
BW,"Babcock & Wilcox Enterprises, Inc.",NYSE,Electronic Equipment/Instruments,5.64,6.09,6.7,6.92,7.86,11.55,12.77,11.62,6.08,6.62,5.79,5.4,6.95,8.98,0.51,5497706.0,4810568.266666667,27131605.0,33285925.0,0.96,-0.53,840162895.8526314,-20.11,348,-48.96,387,-69.03,399,-46.03,-3.14,-15.85,1.64,0.77,47.4,0.444,118.39,False,False,False,False,False,False,True,False,False,False,False,True,False,False,False,False,2026-11-11,False,False,4,"thin RVOL, below 200-MA",,3,https://www.tradingview.com/chart/?symbol=NYSE:BW&interval=D,False,False,False
LQDA,Liquidia Corporation,NASDAQ,Pharmaceuticals: Major,27.64,53.44,60.35,63.29,70.8,70.65,59.87,54.16,46.86,56.67,28.48,25.92,23.18,21.65,5.98,6732968.3,3041679.6666666665,84072026.0,192514496.0,1.28,-1.99,2474025618.652235,-59.3,403,-64.95,399,-28.06,330,-50.77,-2.82,-54.2,2.37,0.43,28.7,1.059,62.82,False,False,False,False,False,False,True,True,False,True,False,True,False,False,True,False,2026-11-10,False,False,4,"thin RVOL, below 200-MA","ADR, RVOL",4,https://www.tradingview.com/chart/?symbol=NASDAQ:LQDA&interval=D,False,False,False
CAPR,"Capricor Therapeutics, Inc.",NASDAQ,Pharmaceuticals: Major,7.78,8.74,8.75,8.92,7.76,16.73,21.7,22.7,8.68,8.77,8.8,7.37,9.0,11.79,0.92,4857991.5,5525830.133333334,42990958.0,49295931.0,1.53,-2.23,452321320.90279335,-17.23,317,-65.5,400,-76.33,402,-53.02,0.02,-11.11,0.96,1.56,44.6,0.183,192.06,False,False,False,False,False,True,False,False,False,True,True,True,True,True,True,False,2026-11-17,False,True,4,"below 200-MA, large gap","near21, RVOL",3,https://www.tradingview.com/chart/?symbol=NASDAQ:CAPR&interval=D,False,False,False
XNDU,Xanadu Quantum Technologies Limited,NASDAQ,Computer Processing Hardware,4.52,4.86,6.53,7.77,8.95,10.88,12.36,11.96,5.13,6.37,4.62,4.25,8.75,11.21,0.51,11557182.8,4964860.7,22441170.0,38595172.0,0.58,0.23,1375857782.2232556,-55.34,402,-61.17,396,-43.5,371,-53.33,-4.42,-30.79,2.59,0.72,53.3,1.09,165.88,False,False,False,False,False,False,True,False,False,False,False,True,False,False,False,False,2026-12-02,False,False,4,"thin RVOL, below 200-MA",,3,https://www.tradingview.com/chart/?symbol=NASDAQ:XNDU&interval=D,False,False,False
ALHC,"Alignment Healthcare, Inc.",NASDAQ,Managed Health Care,8.5,7.99,9.46,10.83,12.34,15.84,16.95,17.96,8.36,9.48,8.56,8.0,7.62,8.04,0.68,11653993.3,9990924.766666668,84922861.0,108213371.0,0.86,2.02,1763198788.9168766,-36.28,397,-65.65,401,-61.8,395,-54.58,-3.87,-10.13,1.29,0.83,73.1,0.888,117.29,False,False,False,False,False,True,True,False,False,True,False,False,False,False,False,False,2026-10-29,False,True,2,"LoD>60% ATR, thin RVOL, below 200-MA, large gap",near21,3,https://www.tradingview.com/chart/?symbol=NASDAQ:ALHC&interval=D,False,False,False
BENF,Beneficient,NASDAQ,Investment Managers,1.31,1.48,1.23,1.54,2.03,2.76,3.02,3.54,1.38,1.46,1.4,1.3,31.21,34.3,0.45,36205571.8,20432371.333333332,26766406.0,31485807.0,0.03,-3.5,20246996.31468532,-40.45,400,-63.25,398,-64.97,398,-56.23,-1.03,6.9,0.29,0.22,2.2,1.807,176.45,False,False,False,False,False,True,True,True,False,True,False,True,False,False,False,False,2026-11-12,False,True,3,"thin RVOL, below 200-MA, large gap","near21, ADR",5,https://www.tradingview.com/chart/?symbol=NASDAQ:BENF&interval=D,False,False,False
ALMS,Alumis Inc.,NASDAQ,Pharmaceuticals: Major,6.84,7.27,8.06,11.38,17.29,20.9,22.16,22.11,7.45,9.45,7.17,6.78,6.31,12.71,0.87,2349373.2,3974283.466666667,27184099.0,45237944.0,1.76,2.04,913106811.521168,-39.09,399,-75.29,403,-70.69,400,-61.69,-4.75,-15.13,2.17,0.45,6.9,0.533,217.7,False,False,False,False,False,False,True,False,False,False,False,True,True,True,True,False,2026-11-12,False,True,4,"below 200-MA, large gap",RVOL,3,https://www.tradingview.com/chart/?symbol=NASDAQ:ALMS&interval=D,False,False,False
CTVA,"Corteva, Inc.",NYSE,Agricultural Commodities/Milling,12.39,58.89,70.8,75.66,77.32,79.4,79.86,77.88,49.03,63.72,12.63,11.74,15.62,48.42,6.0,37865829.4,16018452.933333334,198468632.0,1211993525.0,9.24,-0.92,8267846901.254194,-85.86,404,-85.74,404,-85.29,404,-85.63,-1.73,-82.5,1.66,0.15,10.8,1.395,169.31,False,False,False,False,False,False,True,True,False,True,False,True,True,True,True,False,2026-11-11,False,False,5,below 200-MA,"ADR, RVOL",4,https://www.tradingview.com/chart/?symbol=NYSE:CTVA&interval=D,False,False,False
