name,description,exchange,industry,close,SMA10,SMA20,SMA30,SMA50,SMA100,SMA150,SMA200,EMA10,EMA21,high,low,ADRP,ATRP,atr_abs,average_volume_10d_calc,average_volume_30d_calc,dollar_volume_30d,average_dollar_volume_30d,rvol,gap_pct,market_cap_basic,Perf.1M,perf_1m_rank,Perf.3M,perf_3m_rank,Perf.6M,perf_6m_rank,momentum_score,atr_extension_from_50d,sma20_distance_pct,ema21_atr_dist,day_range_atr,lod_atr_pct,bb_width,ma_spread_pct,above_all_mas,ma_aligned,ema_aligned,above_sma200,near_sma20,near_ema,range_tight,adr_tight,bb_tight,plan_tight,wide_day,lod_ok,rvol_ok,rvol_pass,rvol_expand,ma_coiled,earnings_date,earnings_soon,large_gap,hard_rule_passes,hard_rule_fails,tightness_flags,focus_score,tradingview_url,is_top_1m,is_top_3m,is_top_6m
QMCO,Quantum Corporation,NASDAQ,Computer Peripherals,30.42,32.05,28.97,27.24,23.86,17.67,14.0,12.1,30.95,29.16,30.8,28.3,10.89,8.93,2.72,1809209.8,1633549.9666666666,49700758.0,44499535.0,0.57,2.43,1199049258.3413298,24.69,29,193.96,3,411.34,1,210.0,3.09,5.03,0.49,0.92,78.2,0.52,65.56,False,False,False,True,False,True,True,False,False,True,False,False,False,False,False,False,2026-11-13,False,True,3,"LoD>60% ATR, thin RVOL, large gap",near21,4,https://www.tradingview.com/chart/?symbol=NASDAQ:QMCO&interval=D,False,True,True
USDE,StablecoinX Inc.,NASDAQ,Packaged Software,12.3,14.48,12.65,11.0,8.02,7.13,8.74,9.77,13.61,12.44,13.28,12.25,13.16,13.53,1.66,2982410.8,4841364.733333333,59548786.0,53241295.0,0.25,3.75,334401686.7865521,53.56,6,477.46,1,11.82,178,180.95,3.94,-2.75,0.08,0.62,3.0,1.034,59.8,False,False,False,True,True,True,True,True,False,True,False,True,False,False,False,False,,False,True,4,"thin RVOL, large gap","near21, ADR",7,https://www.tradingview.com/chart/?symbol=NASDAQ:USDE&interval=D,True,True,False
CYPH,Cypherpunk Technologies Inc.,NASDAQ,Financial Conglomerates,2.94,3.11,3.2,2.84,2.09,1.44,1.24,1.15,3.09,2.97,3.17,2.88,14.42,14.82,0.44,14818238.4,16769183.933333335,49301401.0,47546226.0,0.65,5.69,316827275.31672597,9.09,81,319.94,2,185.44,11,171.49,2.75,-7.98,0.06,0.68,14.9,0.6,69.64,False,False,False,True,False,True,True,True,False,True,False,True,False,False,False,False,2026-11-16,False,True,4,"thin RVOL, large gap","near21, ADR",6,https://www.tradingview.com/chart/?symbol=NASDAQ:CYPH&interval=D,False,True,True
PDSB,PDS Biotechnology Corporation,NASDAQ,Pharmaceuticals: Major,1.38,0.94,0.86,0.66,0.55,0.73,0.8,0.8,1.01,0.84,1.4,1.0,11.29,11.78,0.16,14081148.3,48040554.13333333,66295965.0,31552876.0,1.24,1.96,77240448.11764705,360.0,1,75.8,13,26.61,133,154.13,12.66,60.28,5.39,2.46,233.8,0.974,28.14,True,True,True,True,False,False,False,False,False,False,True,False,False,False,True,False,2026-11-12,False,False,3,"LoD>60% ATR, >4x 50-MA, thin RVOL","EMA, RVOL",5,https://www.tradingview.com/chart/?symbol=NASDAQ:PDSB&interval=D,True,True,False
CDNA,"CareDx, Inc.",NASDAQ,Medical Specialties,63.67,64.96,60.32,56.87,53.05,40.46,33.33,29.88,63.4,60.39,65.13,62.21,6.41,5.27,3.36,1552404.0,1365108.6,86916465.0,77639869.0,0.53,0.01,3293918038.0676794,27.66,24,119.17,4,281.49,3,142.77,3.8,5.55,1.03,0.87,43.5,0.365,55.08,False,False,True,True,False,True,True,True,False,True,False,True,False,False,False,False,2026-11-10,False,False,5,thin RVOL,"EMA, near21, ADR",7,https://www.tradingview.com/chart/?symbol=NASDAQ:CDNA&interval=D,False,True,True
MXL,"MaxLinear, Inc",NASDAQ,Semiconductors,96.16,98.31,88.88,80.7,76.5,82.13,68.22,55.74,97.15,90.29,101.2,91.65,7.85,7.84,7.54,3046970.9,2913241.9,280137341.0,235092795.0,0.95,3.62,8721056280.136606,40.85,10,4.17,127,379.0,2,141.34,3.28,8.2,0.83,1.27,59.8,0.568,44.27,False,False,False,True,False,True,False,False,False,True,True,True,False,False,False,False,2026-10-22,False,True,4,"thin RVOL, large gap",near21,4,https://www.tradingview.com/chart/?symbol=NASDAQ:MXL&interval=D,True,False,True
GRAL,"GRAIL, Inc.",NASDAQ,Medical Specialties,140.58,138.26,115.73,103.73,91.36,78.9,69.93,74.87,133.2,119.79,142.57,133.31,9.41,7.38,10.38,1251888.7,1300951.3,182887734.0,134951148.0,0.59,0.67,6279179073.165824,78.04,3,85.44,10,200.9,8,121.46,7.29,21.47,2.35,0.89,70.0,0.938,48.61,True,True,True,True,False,False,True,True,False,True,False,False,False,False,False,False,2026-11-18,False,False,3,"LoD>60% ATR, >4x 50-MA, thin RVOL","EMA, ADR",7,https://www.tradingview.com/chart/?symbol=NASDAQ:GRAL&interval=D,True,True,True
OKTA,"Okta, Inc.",NASDAQ,Packaged Software,232.13,214.76,204.01,192.27,173.11,149.78,125.52,115.42,215.43,203.01,232.98,219.26,4.05,4.06,9.42,2863349.5,3735891.9,867212587.0,718281879.0,0.83,1.11,40581143153.09618,37.36,14,53.51,25,239.32,5,110.06,8.4,13.79,3.53,1.46,136.6,0.261,42.79,True,True,True,True,False,False,False,False,False,False,True,False,False,True,False,False,2026-12-08,False,False,4,"LoD>60% ATR, >4x 50-MA",EMA,5,https://www.tradingview.com/chart/?symbol=NASDAQ:OKTA&interval=D,True,False,True
P,"Everpure, Inc.",NYSE,Computer Peripherals,154.49,141.33,124.59,115.09,109.7,92.57,84.35,80.66,141.5,129.08,156.1,148.9,4.23,4.23,6.54,4530243.0,6408879.466666667,990107789.0,737570166.0,0.85,0.95,51480282582.005585,52.58,7,91.72,8,153.18,20,99.16,9.65,24.0,4.65,1.1,85.5,0.621,39.27,True,True,True,True,False,False,False,False,False,False,True,False,False,True,False,False,2026-12-02,False,False,4,"LoD>60% ATR, >4x 50-MA",EMA,5,https://www.tradingview.com/chart/?symbol=NYSE:P&interval=D,True,True,True
ASST,"Strive, Inc.",NASDAQ,Financial Conglomerates,27.8,29.21,29.13,27.97,22.7,18.33,16.52,15.82,28.88,28.08,29.28,27.54,5.67,6.28,1.75,7356252.1,9353283.533333333,260021282.0,261619135.0,1.21,1.74,2821737102.1183143,-0.71,151,107.77,5,179.4,12,95.49,3.58,-4.55,0.16,0.99,14.6,0.124,48.18,False,False,False,True,False,True,True,False,False,True,False,True,False,False,True,False,2026-11-13,False,False,5,thin RVOL,"near21, RVOL",5,https://www.tradingview.com/chart/?symbol=NASDAQ:ASST&interval=D,False,True,True
PLSE,"Pulse Biosciences, Inc",NASDAQ,Medical Specialties,53.81,50.4,51.45,51.63,48.6,37.99,32.49,28.63,50.84,50.7,53.97,49.98,5.33,6.14,3.31,441346.3,622471.1333333333,33495172.0,32137147.0,0.78,0.0,3912123097.9573836,8.14,91,98.85,6,177.37,13,94.79,1.75,4.59,1.0,1.21,115.9,0.148,42.41,True,True,True,True,False,True,False,False,False,True,True,False,False,False,False,False,2026-11-16,False,False,4,"LoD>60% ATR, thin RVOL","EMA, near21",6,https://www.tradingview.com/chart/?symbol=NASDAQ:PLSE&interval=D,False,True,True
PENG,"Penguin Solutions, Inc.",NASDAQ,Semiconductors,76.28,62.72,57.5,54.88,55.19,58.76,48.09,40.96,65.06,60.07,78.75,70.75,5.7,6.04,4.61,5973137.2,2961110.6333333333,225873519.0,162498842.0,1.04,8.44,3908793037.6951237,50.28,8,-3.3,167,231.65,6,92.88,6.33,32.66,4.47,1.74,120.1,0.552,28.52,True,True,True,True,False,False,False,False,False,False,True,False,False,False,False,False,2027-01-05,False,True,2,"LoD>60% ATR, >4x 50-MA, thin RVOL, large gap",EMA,5,https://www.tradingview.com/chart/?symbol=NASDAQ:PENG&interval=D,True,False,True
HPE,Hewlett Packard Enterprise Company,NYSE,Computer Processing Hardware,73.46,67.73,63.93,60.82,58.17,51.91,43.34,38.07,68.55,64.77,73.56,70.46,4.26,4.76,3.5,19355787.7,25232880.533333357,1853607404.0,1534646972.0,0.69,1.2,97515558454.32309,29.01,21,49.83,30,193.72,9,90.85,5.52,14.9,2.82,0.89,85.8,0.323,40.37,True,True,True,True,False,False,True,False,False,False,False,False,False,True,False,False,2026-12-03,False,False,4,"LoD>60% ATR, >4x 50-MA",EMA,6,https://www.tradingview.com/chart/?symbol=NYSE:HPE&interval=D,True,False,True
NTSK,"Netskope, Inc.",NASDAQ,Packaged Software,20.76,18.58,18.2,16.97,16.0,13.62,12.37,12.79,18.95,17.98,20.84,19.49,4.37,4.8,1.0,5762816.6,7056847.566666666,146464871.0,119762936.0,1.11,1.17,8480238467.072666,43.43,9,66.44,14,141.34,23,83.74,6.18,14.02,3.22,1.36,126.9,0.212,29.93,True,True,True,True,False,False,False,False,False,False,True,False,False,False,False,False,2026-12-11,False,False,3,"LoD>60% ATR, >4x 50-MA, thin RVOL",EMA,5,https://www.tradingview.com/chart/?symbol=NASDAQ:NTSK&interval=D,True,True,False
LIFE,Ethos Technologies Inc.,NASDAQ,Packaged Software,36.96,34.77,35.72,36.66,35.03,26.7,23.1,,35.47,35.52,38.12,35.94,7.08,6.87,2.54,1502554.0,1581436.1,58449878.0,57968595.0,0.67,0.17,2356525539.843181,-10.77,233,94.83,7,166.86,16,83.64,0.8,3.46,0.59,0.86,40.0,0.216,34.17,False,True,False,False,False,True,True,False,False,True,False,True,False,False,False,False,2026-12-02,False,False,4,"thin RVOL, below 200-MA",near21,5,https://www.tradingview.com/chart/?symbol=NASDAQ:LIFE&interval=D,False,True,True
SDGR,"Schrodinger, Inc.",NASDAQ,Packaged Software,27.28,29.41,28.49,25.62,22.64,18.92,16.65,16.23,28.49,27.39,28.16,26.37,8.3,7.67,2.09,3569144.2,2641674.933333333,72064892.0,67674428.0,0.59,0.83,2040697449.2247064,37.22,15,61.32,16,135.78,24,78.11,2.67,-4.24,0.05,0.86,43.5,0.402,48.32,False,False,False,True,False,True,True,False,False,True,False,True,False,False,False,False,2026-11-11,False,False,5,thin RVOL,near21,5,https://www.tradingview.com/chart/?symbol=NASDAQ:SDGR&interval=D,True,True,False
APPS,"Digital Turbine, Inc.",NASDAQ,Packaged Software,10.43,11.02,11.18,11.09,11.34,10.22,7.97,7.16,10.9,11.05,10.96,10.25,7.69,7.76,0.81,3161404.7,2942632.1,30691653.0,32638694.0,0.58,1.11,1269558917.7532468,-8.11,207,-6.96,181,244.22,4,76.39,-1.03,-6.69,0.72,0.87,21.9,0.172,40.04,False,False,False,True,False,True,True,False,False,True,False,True,False,False,False,False,2026-11-11,False,False,5,thin RVOL,near21,5,https://www.tradingview.com/chart/?symbol=NASDAQ:APPS&interval=D,False,False,True
CORT,Corcept Therapeutics Incorporated,NASDAQ,Pharmaceuticals: Major,121.19,117.68,115.76,114.93,115.18,98.9,80.36,70.86,118.26,116.63,122.34,117.41,4.45,4.32,5.23,842047.1,1435793.6333333333,174003830.0,165021984.0,0.73,-0.46,13100444749.421545,6.12,102,30.8,55,186.23,10,74.39,1.21,4.69,0.9,0.94,72.2,0.114,38.63,True,True,True,True,False,True,True,False,False,True,False,False,False,True,False,False,2026-11-04,False,False,5,LoD>60% ATR,"EMA, near21",7,https://www.tradingview.com/chart/?symbol=NASDAQ:CORT&interval=D,False,False,True
FIVN,"Five9, Inc.",NASDAQ,Packaged Software,36.4,34.58,34.87,34.12,33.21,28.18,24.51,22.94,34.87,34.46,36.62,34.88,5.13,5.26,1.91,2113640.7,2200438.4,80095958.0,75070156.0,0.61,-0.11,2719936742.088193,17.42,46,41.1,42,163.58,17,74.03,1.83,4.39,1.07,0.91,79.2,0.198,32.77,True,True,True,True,False,True,True,False,False,True,False,False,False,False,False,False,2026-11-09,False,False,4,"LoD>60% ATR, thin RVOL","EMA, near21",7,https://www.tradingview.com/chart/?symbol=NASDAQ:FIVN&interval=D,False,False,True
XMTR,"Xometry, Inc.",NASDAQ,Information Technology Services,111.07,106.07,101.33,97.71,94.35,92.56,78.52,73.59,106.07,102.07,112.33,106.88,5.1,4.76,5.29,727236.9,772835.1333333333,85838798.0,75512819.0,0.66,1.5,6366929540.96572,22.05,37,18.31,79,170.84,15,70.4,3.72,9.62,1.85,1.03,79.2,0.27,29.24,True,True,True,True,False,False,False,False,False,False,True,False,False,False,False,False,2026-11-05,False,False,4,"LoD>60% ATR, thin RVOL",EMA,5,https://www.tradingview.com/chart/?symbol=NASDAQ:XMTR&interval=D,False,False,True
QLYS,"Qualys, Inc.",NASDAQ,Packaged Software,202.42,190.95,185.42,180.92,180.44,153.66,132.28,129.14,192.55,186.71,202.97,195.62,4.22,4.61,9.33,669252.1,727428.1333333333,147246003.0,131608965.0,0.99,1.06,7002720169.392138,19.64,40,26.32,65,161.49,18,69.15,2.64,9.17,1.83,0.79,72.8,0.193,30.53,True,True,True,True,False,False,True,False,False,False,False,False,False,False,False,False,2026-11-04,False,False,4,"LoD>60% ATR, thin RVOL",EMA,6,https://www.tradingview.com/chart/?symbol=NASDAQ:QLYS&interval=D,False,False,True
CVI,CVR Energy Inc.,NYSE,Oil Refining/Marketing,58.02,55.08,53.62,50.73,44.61,38.16,36.12,33.06,55.88,52.93,61.09,57.78,4.79,4.7,2.72,885494.8,1119424.6666666667,64949019.0,56791398.0,0.74,-0.1,5832785588.379241,24.29,31,83.38,11,93.4,47,67.02,6.4,8.21,2.05,1.21,8.8,0.213,37.95,True,True,True,True,False,False,False,False,False,False,True,True,False,False,False,False,2026-11-02,False,False,4,">4x 50-MA, thin RVOL",EMA,6,https://www.tradingview.com/chart/?symbol=NYSE:CVI&interval=D,False,True,False
ILMN,"Illumina, Inc.",NASDAQ,Medical Specialties,278.17,273.41,258.19,242.57,226.92,200.54,176.79,166.27,269.88,257.79,278.59,265.25,5.55,5.06,14.08,2955615.3,3627805.9,1009146767.0,879999296.0,0.58,1.38,42003671162.85301,31.44,17,43.88,38,122.41,31,65.91,4.46,7.74,1.56,0.95,91.7,0.328,38.51,True,True,True,True,False,False,True,False,False,False,False,False,False,True,False,False,2026-10-29,False,False,4,"LoD>60% ATR, >4x 50-MA",EMA,6,https://www.tradingview.com/chart/?symbol=NASDAQ:ILMN&interval=D,True,False,False
BAND,Bandwidth Inc.,NASDAQ,Packaged Software,53.27,59.55,56.98,54.24,52.12,56.91,46.73,38.6,57.49,56.68,54.17,52.01,8.34,8.1,4.32,758893.1,921543.7333333333,49090635.0,49986375.0,0.77,0.58,1714270561.789028,22.18,35,-32.46,353,204.23,7,64.65,0.27,-6.52,0.74,0.5,29.2,0.364,39.32,False,False,False,True,False,True,True,True,False,True,False,True,False,False,False,False,2026-10-29,False,False,5,thin RVOL,"near21, ADR",6,https://www.tradingview.com/chart/?symbol=NASDAQ:BAND&interval=D,False,False,True
AMC,"AMC Entertainment Holdings, Inc.",NYSE,Movies/Entertainment,2.98,2.94,2.85,2.75,2.68,2.37,2.02,1.87,2.9,2.84,3.0,2.86,7.05,6.5,0.19,28872965.500000037,27667322.56666667,82448621.0,76140472.0,0.49,0.35,2659961855.965278,16.86,48,54.4,24,120.74,32,64.0,1.7,4.41,0.78,0.75,62.0,0.25,35.79,True,True,True,True,False,True,True,True,False,True,False,False,False,False,False,False,2026-11-11,False,False,4,"LoD>60% ATR, thin RVOL","EMA, near21, ADR",8,https://www.tradingview.com/chart/?symbol=NYSE:AMC&interval=D,False,False,False
TWLO,Twilio Inc.,NYSE,Packaged Software,289.47,288.56,275.27,260.64,246.39,223.95,198.12,179.71,283.55,273.86,293.0,276.86,5.58,5.07,14.66,6248832.3,3632475.0,1051492538.0,946769495.0,0.41,0.69,44455418850.05548,28.07,22,26.68,64,132.32,25,62.36,3.45,5.16,1.13,1.1,86.0,0.321,37.6,True,True,True,True,False,True,False,False,False,True,True,False,False,True,False,False,2026-10-29,False,False,5,LoD>60% ATR,"EMA, near21",6,https://www.tradingview.com/chart/?symbol=NYSE:TWLO&interval=D,False,False,False
SECZ,Securitize Corp.,NYSE,Packaged Software,13.82,13.61,12.66,10.87,9.19,9.83,10.31,10.63,13.04,12.23,13.87,12.63,11.79,10.47,1.45,4276295.2,4346016.566666666,60061949.0,47252789.0,1.3,4.27,2256331753.491311,67.92,5,87.01,9,27.37,129,60.77,4.82,9.18,1.24,0.86,82.2,0.857,31.98,True,True,True,True,False,True,True,False,False,True,False,False,False,False,True,False,2026-11-13,False,True,2,"LoD>60% ATR, >4x 50-MA, thin RVOL, large gap","EMA, near21, RVOL",7,https://www.tradingview.com/chart/?symbol=NYSE:SECZ&interval=D,True,True,False
TENB,"Tenable Holdings, Inc.",NASDAQ,Packaged Software,41.59,37.63,36.75,35.96,35.89,33.77,29.06,27.27,38.27,37.03,41.61,39.01,4.42,4.94,2.05,3507381.5,5086490.5,211547140.0,182917828.0,1.54,0.72,4580721742.825943,23.08,33,-0.98,156,152.21,21,58.11,3.22,13.16,2.49,1.27,125.7,0.207,24.92,True,True,True,True,False,False,False,False,False,False,True,False,True,True,True,False,2026-11-04,False,False,5,LoD>60% ATR,"EMA, RVOL",5,https://www.tradingview.com/chart/?symbol=NASDAQ:TENB&interval=D,False,False,True
PBF,PBF Energy Inc.,NYSE,Oil Refining/Marketing,84.27,81.4,77.47,76.75,73.73,61.12,55.21,49.71,82.05,78.86,88.58,83.53,5.38,5.53,4.66,3040607.7,3686190.7,310635290.0,282912679.0,1.17,-1.18,9989099578.864338,8.15,89,55.59,22,109.37,36,57.7,2.59,8.78,1.24,1.08,15.9,0.274,37.6,True,True,True,True,False,True,False,False,False,True,True,True,False,False,False,False,2026-10-29,False,False,5,thin RVOL,"EMA, near21",7,https://www.tradingview.com/chart/?symbol=NYSE:PBF&interval=D,False,False,False
HTFL,"Heartflow, Inc.",NASDAQ,Packaged Software,49.74,49.74,49.48,49.22,44.54,36.75,33.66,32.37,49.51,48.89,50.0,47.26,5.32,5.39,2.68,1699572.5,1930185.9666666666,96007450.0,95002466.0,0.47,0.02,4325073580.323326,5.27,109,79.24,12,86.15,56,56.89,2.16,0.53,0.32,1.02,92.5,0.088,34.91,True,True,True,True,True,True,False,False,True,True,True,False,False,False,False,False,2026-11-18,False,False,4,"LoD>60% ATR, thin RVOL","EMA, near21, BB",8,https://www.tradingview.com/chart/?symbol=NASDAQ:HTFL&interval=D,False,True,False
U,Unity Software Inc.,NYSE,Packaged Software,46.88,43.66,43.09,42.8,42.78,35.88,31.71,31.94,44.54,43.55,47.04,46.16,4.57,4.27,2.0,10258504.9,10084316.533333333,472752759.0,431588579.0,0.57,0.59,20631368681.15581,8.57,85,45.41,35,114.16,35,56.05,2.25,8.8,1.79,0.44,36.0,0.182,25.48,True,True,True,True,False,False,True,True,False,True,False,True,False,True,False,False,2026-11-11,False,False,6,,"EMA, ADR",8,https://www.tradingview.com/chart/?symbol=NYSE:U&interval=D,False,False,False
ZETA,Zeta Global Holdings Corp.,NYSE,Packaged Software,33.09,32.02,31.19,31.11,29.65,25.18,22.47,21.65,32.32,31.42,33.86,32.98,4.43,4.32,1.43,6822105.0,6645533.266666667,219900696.0,206746970.0,0.8,1.57,8306039513.073571,6.33,101,47.07,34,114.45,34,55.95,2.69,6.09,1.23,0.61,7.3,0.189,31.36,True,True,True,True,False,True,True,True,False,True,False,True,False,False,False,False,2026-11-10,False,False,5,thin RVOL,"EMA, near21, ADR",9,https://www.tradingview.com/chart/?symbol=NYSE:ZETA&interval=D,False,False,False
ATRC,"AtriCure, Inc.",NASDAQ,Medical Specialties,55.81,55.34,56.8,55.09,50.69,40.78,36.74,36.67,55.19,54.99,55.89,52.44,4.83,4.42,2.47,1075691.4,1372364.2,76591646.0,75601943.0,0.61,0.57,2838847924.1612415,4.99,110,60.33,17,99.61,42,54.98,2.29,-1.75,0.34,1.4,136.7,0.157,36.06,False,False,True,True,True,True,False,False,False,True,True,False,False,False,False,False,2026-11-04,False,False,4,"LoD>60% ATR, thin RVOL","EMA, near21",5,https://www.tradingview.com/chart/?symbol=NASDAQ:ATRC&interval=D,False,True,False
APPN,Appian Corporation,NASDAQ,Packaged Software,40.1,37.2,37.43,37.7,36.61,30.19,27.76,28.05,37.89,37.42,40.17,38.55,4.67,4.85,1.95,872610.9,896240.8333333334,35939257.0,33790968.0,0.91,0.65,2872294647.4443874,15.46,54,56.76,19,90.86,50,54.36,1.96,7.15,1.48,0.83,79.6,0.132,24.11,True,True,True,True,False,True,True,False,False,True,False,False,False,False,False,False,2026-10-29,False,False,4,"LoD>60% ATR, thin RVOL","EMA, near21",7,https://www.tradingview.com/chart/?symbol=NASDAQ:APPN&interval=D,False,True,False
MRVL,"Marvell Technology, Inc.",NASDAQ,Semiconductors,275.28,271.26,258.47,245.68,236.49,237.86,201.83,171.78,271.51,260.35,283.78,267.7,4.72,5.3,14.59,21320157.6,20501795.1,5643734155.0,5036884437.0,0.72,1.65,241393041939.386,23.0,34,15.77,85,122.61,30,53.79,3.09,6.5,1.08,1.1,51.9,0.287,36.14,True,True,True,True,False,True,False,False,False,True,True,True,False,True,False,False,2026-11-26,False,False,6,,"EMA, near21",7,https://www.tradingview.com/chart/?symbol=NASDAQ:MRVL&interval=D,False,False,False
SMTC,Semtech Corporation,NASDAQ,Semiconductors,187.3,187.33,178.99,168.21,153.59,150.0,132.4,119.9,186.83,178.01,195.47,178.1,5.31,6.08,11.39,2856961.7,3127969.3333333335,585868656.0,526155200.0,0.88,2.94,17479889617.194515,14.14,58,40.83,43,103.37,39,52.78,3.61,4.64,0.86,1.53,80.8,0.289,36.0,False,False,True,True,False,True,False,False,False,True,True,False,False,True,False,False,2026-12-02,False,True,4,"LoD>60% ATR, large gap","EMA, near21",4,https://www.tradingview.com/chart/?symbol=NASDAQ:SMTC&interval=D,False,False,False
ALAB,"Astera Labs, Inc.",NASDAQ,Semiconductors,342.21,359.55,338.04,321.99,317.46,335.66,277.33,246.36,355.6,342.73,349.95,326.25,6.89,7.19,24.6,4354924.4,4143896.6333333333,1418082867.0,1334297421.0,0.96,-0.59,59368336522.61268,19.6,41,-16.41,240,154.0,19,52.4,1.08,1.23,0.02,0.96,64.9,0.465,33.08,False,False,False,True,True,True,True,False,False,True,False,False,False,True,False,False,2026-11-03,False,False,5,LoD>60% ATR,near21,5,https://www.tradingview.com/chart/?symbol=NASDAQ:ALAB&interval=D,False,False,True
FROG,JFrog Ltd.,NASDAQ,Packaged Software,102.23,96.33,94.41,93.29,91.83,87.52,74.61,69.22,97.08,94.95,102.4,98.71,4.35,4.61,4.72,1325941.6,1691840.2666666666,172956830.0,157825575.0,0.81,1.5,12605093464.249048,18.98,42,5.66,120,130.4,27,51.68,2.45,8.28,1.66,0.78,74.6,0.148,26.51,True,True,True,True,False,False,True,False,False,False,False,False,False,True,False,False,2026-11-04,False,False,5,LoD>60% ATR,EMA,6,https://www.tradingview.com/chart/?symbol=NASDAQ:FROG&interval=D,False,False,False
MU,"Micron Technology, Inc.",NASDAQ,Semiconductors,1029.0,1061.88,1038.26,1016.72,976.19,969.27,810.34,701.68,1053.28,1037.75,1054.17,1017.0,4.25,4.47,45.97,26683700.2,25565054.033333335,26306440600.0,25992552867.0,0.74,1.77,1162145426984.6853,3.02,126,6.63,115,144.83,22,51.5,1.21,-0.89,0.19,0.81,26.1,0.211,35.0,False,False,False,True,True,True,True,False,False,True,False,True,False,True,False,False,2026-12-23,False,False,6,,near21,6,https://www.tradingview.com/chart/?symbol=NASDAQ:MU&interval=D,False,False,False
FCEL,"FuelCell Energy, Inc.",NASDAQ,Electronic Equipment/Instruments,18.03,17.69,17.23,16.88,18.32,20.18,16.73,14.57,17.84,17.61,18.07,16.87,6.81,9.17,1.65,7376157.299999999,7053925.299999996,127182273.0,119091421.0,0.86,3.16,1441574171.6329367,0.73,140,-20.36,272,174.01,14,51.46,-0.17,4.65,0.26,0.73,70.2,0.294,31.14,False,False,True,True,False,True,True,False,False,True,False,False,False,False,False,False,2026-12-17,False,True,3,"LoD>60% ATR, thin RVOL, large gap","EMA, near21",5,https://www.tradingview.com/chart/?symbol=NASDAQ:FCEL&interval=D,False,False,True
MANE,"Veradermics, Incorporated",NYSE,Pharmaceuticals: Major,130.9,118.43,114.34,109.2,108.43,107.95,97.56,,118.97,114.85,135.12,123.02,6.37,6.07,7.94,960084.9,818828.3,107184624.0,89415232.0,1.22,-0.73,5469019698.325042,26.84,26,5.17,124,117.95,33,49.99,3.42,14.48,2.3,1.52,99.2,0.258,15.94,False,True,True,False,False,False,False,False,False,False,True,False,False,False,True,False,2026-12-02,False,False,3,"LoD>60% ATR, thin RVOL, below 200-MA","EMA, RVOL",3,https://www.tradingview.com/chart/?symbol=NYSE:MANE&interval=D,False,False,False
SAIL,"SailPoint, Inc.",NASDAQ,Packaged Software,20.77,20.32,20.46,19.86,19.33,17.32,15.75,16.04,20.3,20.1,20.84,20.03,5.35,5.35,1.11,5185475.9,5210611.166666667,108224394.0,103460158.0,0.55,1.5,11857834641.624376,21.89,38,35.88,50,87.79,53,48.52,1.39,1.5,0.62,0.73,66.6,0.116,22.71,True,True,True,True,True,True,True,True,False,True,False,False,False,True,False,False,2026-12-15,False,False,5,LoD>60% ATR,"EMA, near21, ADR",9,https://www.tradingview.com/chart/?symbol=NASDAQ:SAIL&interval=D,False,False,False
ETON,"Eton Pharmaceuticals, Inc.",NASDAQ,Pharmaceuticals: Major,55.21,55.24,55.95,57.11,55.54,45.62,38.69,33.08,55.3,55.85,56.35,54.2,6.44,5.89,3.25,757613.3,580127.1333333333,32028819.0,33128643.0,0.48,0.2,1578074916.37516,-6.28,194,48.02,31,103.8,38,48.51,-0.1,-1.33,0.19,0.66,31.0,0.147,41.43,False,False,False,True,True,True,True,True,False,True,False,True,False,False,False,False,2026-11-05,False,False,5,thin RVOL,"near21, ADR",7,https://www.tradingview.com/chart/?symbol=NASDAQ:ETON&interval=D,False,False,False
COHU,"Cohu, Inc.",NASDAQ,Semiconductors,68.19,69.82,64.11,59.49,57.14,56.49,50.46,45.0,68.75,64.99,70.99,67.73,4.72,5.26,3.59,1048426.9,1022161.0,69701159.0,60805802.0,0.61,2.76,3228007828.8420353,29.74,19,24.32,67,89.47,52,47.84,3.68,6.36,0.94,0.91,12.8,0.466,36.4,False,False,False,True,False,True,True,False,False,True,False,True,False,False,False,False,2026-10-29,False,True,4,"thin RVOL, large gap",near21,5,https://www.tradingview.com/chart/?symbol=NASDAQ:COHU&interval=D,True,False,False
AZTA,"Azenta, Inc.",NASDAQ,Medical/Nursing Services,37.72,36.83,35.19,33.91,33.54,28.89,26.59,28.27,36.78,35.5,38.34,35.88,6.51,5.98,2.25,1578994.7,1098681.1666666667,41442254.0,37254081.0,0.75,-0.17,1652452674.068889,23.39,32,47.86,33,67.2,71,46.15,2.09,7.18,1.05,1.09,81.9,0.287,27.16,True,True,True,True,False,True,False,False,False,True,True,False,False,False,False,False,2026-11-17,False,False,4,"LoD>60% ATR, thin RVOL","EMA, near21",6,https://www.tradingview.com/chart/?symbol=NASDAQ:AZTA&interval=D,False,False,False
NET,"Cloudflare, Inc.",NYSE,Information Technology Services,360.93,351.39,345.93,328.71,316.02,281.87,257.18,239.1,349.87,340.94,363.21,343.34,4.0,4.46,16.1,2634529.3,3016664.3333333335,1088804658.0,991609744.0,0.98,0.94,128519856829.92372,22.14,36,29.02,58,86.81,54,45.99,3.19,4.34,1.31,1.23,109.3,0.133,31.11,True,True,True,True,False,True,False,False,False,True,True,False,False,True,False,False,2026-10-29,False,False,5,LoD>60% ATR,"EMA, near21",6,https://www.tradingview.com/chart/?symbol=NYSE:NET&interval=D,False,False,False
OSCR,"Oscar Health, Inc.",NYSE,Managed Health Care,33.37,31.52,31.45,31.47,31.05,29.43,24.94,22.37,32.04,31.59,34.14,32.69,4.29,4.7,1.57,4556618.9,5243569.633333334,174977919.0,165015136.0,1.18,0.18,9125659914.01601,0.66,141,5.2,123,127.47,29,44.45,1.59,6.12,1.2,0.92,43.3,0.178,27.44,True,True,True,True,False,True,True,False,False,True,False,True,False,False,False,False,2026-11-10,False,False,5,thin RVOL,"EMA, near21",8,https://www.tradingview.com/chart/?symbol=NYSE:OSCR&interval=D,False,False,False
SMCI,"Super Micro Computer, Inc.",NASDAQ,Computer Processing Hardware,41.86,42.57,41.17,40.18,38.0,35.22,32.74,32.32,42.52,41.33,43.45,40.62,5.02,5.62,2.35,31433073.4,35786187.666666664,1497830885.0,1438026201.0,0.81,1.4,27497286820.914425,4.62,115,47.9,32,77.05,60,43.19,1.8,1.67,0.23,1.2,52.2,0.23,24.49,False,False,False,True,True,True,False,False,False,True,True,True,False,True,False,False,2026-11-03,False,False,6,,near21,5,https://www.tradingview.com/chart/?symbol=NASDAQ:SMCI&interval=D,False,False,False
ASAN,"Asana, Inc.",NYSE,Packaged Software,10.07,9.06,9.26,9.29,9.26,8.29,7.66,8.28,9.35,9.24,10.23,9.89,5.52,5.66,0.57,5847301.7,7824486.9,78792583.0,72658185.0,0.84,0.91,2305729083.505573,16.55,50,32.85,51,76.05,61,41.82,1.55,8.73,1.58,0.6,31.8,0.217,15.86,True,True,True,True,False,False,True,True,False,True,False,True,False,False,False,False,2026-12-08,False,False,5,thin RVOL,"EMA, ADR",8,https://www.tradingview.com/chart/?symbol=NYSE:ASAN&interval=D,False,False,False
BB,BlackBerry Limited,NYSE,Packaged Software,8.91,9.0,8.58,8.32,8.4,8.94,7.45,6.5,8.88,8.67,8.92,8.59,6.63,5.75,0.51,19605899.3,16359229.300000008,145760733.0,136097882.0,0.38,0.93,5230457334.066014,13.07,60,-21.29,281,128.46,28,40.08,1.05,3.85,0.47,0.65,63.5,0.249,28.09,False,False,True,True,False,True,True,True,False,True,False,False,False,False,False,False,2026-12-17,False,False,4,"LoD>60% ATR, thin RVOL","EMA, near21, ADR",6,https://www.tradingview.com/chart/?symbol=NYSE:BB&interval=D,False,False,False
CBRL,"Cracker Barrel Old Country Store, Inc.",NASDAQ,Restaurants,57.46,54.82,50.87,51.63,53.96,49.66,42.82,39.8,54.69,53.21,58.4,54.9,4.77,4.43,2.54,882194.8,1057227.3666666667,60748284.0,54583063.0,1.25,-0.42,1284370651.4734368,9.45,79,15.7,86,93.86,46,39.67,1.46,12.96,1.81,1.38,100.6,0.371,26.12,True,True,True,True,False,False,False,False,False,False,True,False,False,False,True,False,2026-11-27,False,False,4,"LoD>60% ATR, thin RVOL","EMA, RVOL",5,https://www.tradingview.com/chart/?symbol=NASDAQ:CBRL&interval=D,False,False,False
CLMT,"Calumet, Inc",NASDAQ,Oil Refining/Marketing,56.42,54.99,55.83,54.93,51.33,44.17,40.08,36.01,55.79,54.93,58.13,55.64,4.11,4.0,2.26,1412570.8,1467445.7,82793286.0,80613640.0,0.76,-0.62,4959218221.10788,3.11,125,44.96,36,70.09,68,39.39,2.48,1.07,0.68,1.1,34.6,0.146,35.13,True,True,True,True,True,True,False,False,False,True,True,True,False,False,False,False,2026-11-06,False,False,5,thin RVOL,"EMA, near21",8,https://www.tradingview.com/chart/?symbol=NASDAQ:CLMT&interval=D,False,False,False
SG,"Sweetgreen, Inc.",NYSE,Restaurants,9.63,9.02,8.22,7.75,7.12,7.62,7.14,6.96,9.0,8.39,9.7,9.46,4.59,4.58,0.44,5547331.9,5184857.033333333,49930173.0,40186099.0,0.52,0.31,1146367840.7586207,39.36,11,18.89,78,59.17,81,39.14,7.67,17.2,3.23,0.54,38.5,0.454,21.44,True,True,True,True,False,False,True,True,False,True,False,True,False,False,False,False,2026-11-05,False,False,4,">4x 50-MA, thin RVOL","EMA, ADR",8,https://www.tradingview.com/chart/?symbol=NYSE:SG&interval=D,True,False,False
MAN,ManpowerGroup,NYSE,Personnel Services,52.78,54.57,56.07,57.3,57.57,47.73,41.39,38.66,54.37,55.63,54.46,52.74,4.5,4.36,2.3,936936.4,830699.6666666666,43844328.0,47601029.0,0.57,-0.81,2454563983.434879,-7.42,199,36.91,48,86.04,57,38.51,-1.91,-5.87,1.17,0.75,1.7,0.138,35.83,False,False,False,True,False,True,True,True,False,True,False,True,False,False,False,False,2026-10-15,True,False,4,"thin RVOL, earnings soon","near21, ADR",5,https://www.tradingview.com/chart/?symbol=NYSE:MAN&interval=D,False,False,False
CRDO,Credo Technology Group Holding Ltd,NASDAQ,Information Technology Services,216.55,209.04,193.85,190.05,209.86,221.47,195.54,179.21,209.74,203.06,225.29,209.15,6.52,6.85,14.83,8047498.9,9190190.266666668,1990135702.0,1746614041.0,0.73,2.69,40700988297.26045,31.23,18,-17.89,254,100.18,41,37.84,0.47,11.71,0.97,1.09,49.9,0.453,19.51,False,True,True,True,False,True,False,False,False,True,True,True,False,True,False,False,2026-12-02,False,True,5,large gap,"EMA, near21",6,https://www.tradingview.com/chart/?symbol=NASDAQ:CRDO&interval=D,True,False,False
PURR,Hyperliquid Strategies Inc,NASDAQ,Financial Conglomerates,11.11,11.98,12.48,12.25,10.64,9.39,8.22,7.19,11.98,12.02,11.56,11.06,6.86,8.63,0.96,13649920.3,22652857.366666667,251673245.0,277576788.0,0.56,1.5,3091593870.6575217,-12.1,250,38.36,45,86.72,55,37.66,0.51,-10.96,0.88,0.52,4.7,0.313,47.63,False,False,False,True,False,True,True,True,False,True,False,True,False,False,False,False,2026-12-02,False,False,5,thin RVOL,"near21, ADR",6,https://www.tradingview.com/chart/?symbol=NASDAQ:PURR&interval=D,False,False,False
BFLY,"Butterfly Network, Inc.",NYSE,Medical Specialties,8.25,8.73,8.58,8.26,8.5,7.48,6.45,5.8,8.57,8.55,8.64,8.08,8.93,8.29,0.68,5812785.6,5585454.733333333,46080002.0,46150751.0,0.68,1.49,2238102684.2465754,9.85,75,3.51,136,97.84,43,37.07,-0.36,-3.9,0.42,0.82,24.9,0.336,35.59,False,False,False,True,False,True,True,False,False,True,False,True,False,False,False,False,2026-10-29,False,False,5,thin RVOL,near21,5,https://www.tradingview.com/chart/?symbol=NYSE:BFLY&interval=D,False,False,False
NEO,"NeoGenomics, Inc.",NASDAQ,Medical/Nursing Services,16.35,17.66,18.41,18.13,17.45,14.96,12.74,12.45,17.33,17.76,16.66,16.0,6.39,6.03,0.99,2649240.6,2209951.2333333334,36132703.0,40074151.0,0.51,0.0,2100573395.2153559,-5.38,188,11.22,102,105.14,37,37.0,-1.05,-11.19,1.32,0.66,35.5,0.265,36.46,False,False,False,True,False,True,True,True,False,True,False,True,False,False,False,False,2026-11-10,False,False,5,thin RVOL,"near21, ADR",6,https://www.tradingview.com/chart/?symbol=NASDAQ:NEO&interval=D,False,False,False
CRL,"Charles River Laboratories International, Inc.",NYSE,Miscellaneous Commercial Services,301.79,297.84,289.31,287.74,283.17,243.04,218.21,212.62,297.4,292.15,305.2,294.6,4.28,3.93,11.86,995907.2,974710.2666666667,294157811.0,280467031.0,0.67,-1.14,14407114339.876747,8.35,87,28.42,60,71.37,64,36.05,1.67,4.31,0.84,0.89,60.6,0.153,28.24,True,True,True,True,False,True,True,False,False,True,False,False,False,True,False,False,2026-11-11,False,False,5,LoD>60% ATR,"EMA, near21",7,https://www.tradingview.com/chart/?symbol=NYSE:CRL&interval=D,False,False,False
DK,"Delek US Holdings, Inc.",NYSE,Oil Refining/Marketing,74.51,73.37,74.0,73.92,70.68,61.26,55.3,49.56,74.28,73.46,77.54,73.07,4.73,5.13,3.82,1692051.6,2481204.7,184874562.0,183400727.0,0.53,-1.1,4562409188.05209,-2.6,169,31.11,54,77.24,59,35.25,1.06,0.7,0.28,1.17,37.7,0.21,32.8,True,True,True,True,True,True,False,False,False,True,True,True,False,False,False,False,2026-11-11,False,False,5,thin RVOL,"EMA, near21",8,https://www.tradingview.com/chart/?symbol=NYSE:DK&interval=D,False,False,False
SLS,"SELLAS Life Sciences Group, Inc.",NASDAQ,Pharmaceuticals: Major,11.65,11.57,11.59,12.21,12.4,11.41,9.31,8.01,11.56,11.82,11.8,11.26,5.87,6.81,0.79,4573106.0,6049903.9,70481380.0,73869327.0,0.9,1.07,2352667560.195382,-15.03,274,-12.21,212,131.61,26,34.79,-0.89,0.49,0.21,0.69,49.2,0.091,37.71,False,False,False,True,True,True,True,False,True,True,False,True,False,False,False,False,2026-11-18,False,False,5,thin RVOL,"near21, BB",7,https://www.tradingview.com/chart/?symbol=NASDAQ:SLS&interval=D,False,False,False
AYA,Aya Gold & Silver Inc.,NASDAQ,Precious Metals,27.42,26.9,27.52,27.84,27.12,23.11,21.02,20.07,27.1,27.31,27.78,26.65,4.2,5.22,1.43,1007432.0,1238973.3333333333,33972649.0,34488475.0,1.0,2.2,3949472032.6888056,-8.8,211,37.58,47,71.27,65,33.35,0.21,-0.35,0.08,0.79,53.8,0.149,27.14,False,False,False,True,True,True,True,False,False,True,False,True,False,False,False,False,2026-11-17,False,True,4,"thin RVOL, large gap",near21,6,https://www.tradingview.com/chart/?symbol=NASDAQ:AYA&interval=D,False,False,False
AMLX,"Amylyx Pharmaceuticals, Inc.",NASDAQ,Pharmaceuticals: Major,28.14,28.27,30.2,31.3,30.14,23.21,20.58,18.91,28.45,29.55,28.6,26.94,4.8,5.44,1.53,1414276.2,1535670.3,43213762.0,48062641.0,1.05,0.44,3531937220.792647,-16.0,287,53.48,26,62.1,78,33.19,-1.22,-6.83,0.88,1.08,78.4,0.3,40.15,False,False,False,True,False,True,False,False,False,True,True,False,False,False,False,False,2026-11-05,False,False,4,"LoD>60% ATR, thin RVOL",near21,3,https://www.tradingview.com/chart/?symbol=NASDAQ:AMLX&interval=D,False,False,False
GCT,GigaCloud Technology Inc,NASDAQ,Wholesale Distributors,57.26,54.07,53.52,52.67,51.69,43.49,43.5,42.59,54.84,53.6,57.4,55.3,4.62,4.3,2.46,660863.8,674820.8666666667,38640243.0,35542253.0,1.17,1.36,2044768125.4168735,9.8,76,65.4,15,23.27,145,32.82,2.51,6.99,1.59,0.85,79.5,0.121,20.05,True,True,True,True,False,False,True,False,False,False,False,False,False,False,False,False,2026-11-26,False,False,4,"LoD>60% ATR, thin RVOL",EMA,6,https://www.tradingview.com/chart/?symbol=NASDAQ:GCT&interval=D,False,True,False
GPRO,"GoPro, Inc.",NASDAQ,Electronics/Appliances,1.19,1.29,1.3,1.3,1.04,0.94,0.96,1.01,1.26,1.25,1.23,1.18,5.73,8.56,0.1,9068871.1,65903671.9,78425370.0,85787029.0,0.47,0.85,222699840.22881356,-17.93,313,56.68,20,59.56,80,32.77,1.65,-8.16,0.58,0.44,9.8,0.154,30.28,False,False,False,True,False,True,True,True,False,True,False,True,False,False,False,False,2026-11-05,False,False,5,thin RVOL,"near21, ADR",6,https://www.tradingview.com/chart/?symbol=NASDAQ:GPRO&interval=D,False,True,False
GH,"Guardant Health, Inc.",NASDAQ,Medical Specialties,167.47,174.52,175.36,170.59,167.86,154.35,132.64,125.75,172.42,172.35,170.81,166.03,4.61,4.85,8.12,1862598.7,1874724.6666666667,313960140.0,319813030.0,0.81,0.28,22473831755.179996,3.85,120,2.16,142,92.25,48,32.75,-0.05,-4.5,0.58,0.59,17.7,0.118,29.62,False,False,False,True,False,True,True,True,False,True,False,True,False,True,False,False,2026-10-29,False,False,6,,"near21, ADR",6,https://www.tradingview.com/chart/?symbol=NASDAQ:GH&interval=D,False,False,False
SDEV,Stablecoin Development Corporation,AMEX,Investment Banks/Brokers,1.54,3.21,2.14,1.72,1.45,1.33,1.38,6.14,2.69,2.32,2.0,1.54,83.02,68.88,1.06,71181307.9,24764829.5,38137837.0,42578171.0,0.22,0.0,79697091.76884423,77.52,4,14.07,92,-1.28,220,30.1,0.1,-27.87,0.49,0.43,0.0,2.961,312.48,False,False,False,False,False,True,True,True,False,True,False,True,False,False,False,False,2026-11-05,False,False,4,"thin RVOL, below 200-MA","near21, ADR",5,https://www.tradingview.com/chart/?symbol=AMEX:SDEV&interval=D,True,False,False
IBRX,"ImmunityBio, Inc.",NASDAQ,Pharmaceuticals: Major,10.51,9.66,9.07,8.72,8.3,7.99,7.92,7.4,9.71,9.21,10.8,9.87,6.75,6.12,0.64,16430753.3,12266530.6,128921237.0,106913036.0,1.23,0.4,11138879380.431887,27.86,23,17.83,81,42.99,104,29.56,4.36,15.87,2.3,1.45,99.5,0.341,21.47,True,True,True,True,False,False,False,False,False,False,True,False,False,True,True,False,2026-11-05,False,False,4,"LoD>60% ATR, >4x 50-MA","EMA, RVOL",5,https://www.tradingview.com/chart/?symbol=NASDAQ:IBRX&interval=D,False,False,False
OUST,"Ouster, Inc.",NASDAQ,Semiconductors,39.9,41.66,39.49,38.11,39.72,40.74,35.16,31.92,41.16,40.2,40.5,39.0,6.6,6.74,2.69,2534963.2,2234632.8666666667,89161851.0,85170052.0,0.47,1.87,2877282086.2054133,8.42,86,-16.12,237,96.17,44,29.49,0.07,1.05,0.11,0.56,33.4,0.365,24.42,False,False,False,True,True,True,True,True,False,True,False,True,False,False,False,False,2026-11-05,False,False,5,thin RVOL,"near21, ADR",7,https://www.tradingview.com/chart/?symbol=NASDAQ:OUST&interval=D,False,False,False
BE,Bloom Energy Corporation,NYSE,Electronic Production Equipment,280.5,282.49,276.88,265.16,246.48,254.15,236.8,212.43,281.56,273.68,280.5,271.0,6.45,6.79,19.04,13398943.1,15597320.266666668,4375048335.0,4135775044.0,0.59,1.11,82614922139.72398,2.75,130,11.66,101,73.28,63,29.23,2.03,1.31,0.37,0.5,49.9,0.158,24.98,False,False,False,True,True,True,True,True,False,True,False,True,False,True,False,False,2026-10-29,False,False,6,,"near21, ADR",7,https://www.tradingview.com/chart/?symbol=NYSE:BE&interval=D,False,False,False
RVMD,"Revolution Medicines, Inc.",NASDAQ,Pharmaceuticals: Other,189.76,201.03,199.26,202.03,203.43,187.12,165.22,148.91,198.15,200.15,193.5,184.37,4.61,4.61,8.75,2036756.3,2048261.1,388678026.0,413806094.0,1.07,-1.12,40672479100.15394,-7.89,204,-1.28,157,95.57,45,28.8,-1.46,-4.77,1.13,1.04,61.6,0.127,28.73,False,False,False,True,False,True,False,False,False,True,True,False,False,True,False,False,2026-11-11,False,False,5,LoD>60% ATR,near21,3,https://www.tradingview.com/chart/?symbol=NASDAQ:RVMD&interval=D,False,False,False
PRGO,Perrigo Company plc,NYSE,Pharmaceuticals: Major,15.06,14.57,14.29,14.31,13.78,12.17,11.71,12.32,14.53,14.35,15.52,14.24,4.83,4.53,0.68,2593782.2,2799265.2,42156934.0,40053753.0,1.7,-1.79,2089865004.7075863,2.73,131,42.61,40,40.62,108,28.65,2.05,5.37,1.09,1.88,120.3,0.161,18.95,True,True,True,True,False,True,False,False,False,True,True,False,True,True,True,False,2026-11-11,False,False,5,LoD>60% ATR,"EMA, near21, RVOL",6,https://www.tradingview.com/chart/?symbol=NYSE:PRGO&interval=D,False,False,False
MSTR,Strategy Inc,NASDAQ,Internet Software/Services,154.34,157.36,153.54,146.51,129.82,121.96,132.24,135.86,156.14,151.17,158.11,150.5,4.94,5.69,8.79,19422850.6,23011836.533333335,3551646851.0,3371540877.0,0.82,1.81,65128030483.16842,8.83,83,56.29,21,18.68,159,27.93,3.32,0.52,0.37,0.87,43.7,0.318,22.93,False,False,False,True,True,True,True,False,False,True,False,True,False,True,False,False,2026-10-29,False,False,6,,near21,6,https://www.tradingview.com/chart/?symbol=NASDAQ:MSTR&interval=D,False,True,False
SMCIP,"Super Micro Computer, Inc. - Depositary Shares Each Representing a 1/20th Interest in a Share of 7% Series A Mandatory Convertible Preferred Stock",NASDAQ,Computer Processing Hardware,70.01,71.01,68.88,67.42,64.27,,,,70.94,69.15,72.21,68.14,4.1,4.65,3.26,774151.1,711860.2666666667,49837337.0,47990772.0,0.05,0.87,28098410162.0,4.32,116,39.71,44,37.95,110,27.33,1.92,1.63,0.27,1.25,57.4,0.207,9.62,False,False,False,False,True,True,False,False,False,True,True,True,False,True,False,False,2026-11-03,False,False,5,below 200-MA,near21,4,https://www.tradingview.com/chart/?symbol=NASDAQ:SMCIP&interval=D,False,False,False
SBET,"Sharplink, Inc.",NASDAQ,Advertising/Marketing Services,8.59,9.26,9.26,9.02,8.18,6.93,7.01,7.38,9.14,9.07,8.98,8.58,5.64,6.55,0.56,6681304.8,8271480.600000026,71052018.0,74633569.0,1.14,1.93,1865950832.2281497,-4.45,180,54.77,23,31.15,120,27.16,0.77,-7.28,0.81,0.71,1.8,0.256,27.22,False,False,False,True,False,True,True,False,False,True,False,True,False,False,False,False,2026-11-12,False,False,5,thin RVOL,near21,5,https://www.tradingview.com/chart/?symbol=NASDAQ:SBET&interval=D,False,False,False
TEM,"Tempus AI, Inc.",NASDAQ,Packaged Software,70.93,76.88,76.35,71.7,65.6,58.33,55.42,56.65,74.51,73.78,72.96,69.2,8.23,7.9,5.61,7663204.4,7271918.266666667,515797163.0,521389268.0,0.8,1.33,12798237652.934183,11.84,65,13.04,97,56.58,83,27.15,1.03,-7.1,0.49,0.67,30.9,0.323,30.25,False,False,False,True,False,True,True,True,False,True,False,True,False,True,False,False,2026-11-10,False,False,6,,"near21, ADR",6,https://www.tradingview.com/chart/?symbol=NASDAQ:TEM&interval=D,False,False,False
CLF,Cleveland-Cliffs Inc.,NYSE,Steel,12.98,11.77,12.04,12.03,11.96,11.66,10.92,11.36,12.12,12.02,13.22,12.23,4.78,5.03,0.65,17896173.2,14540363.233333332,188733915.0,174915723.0,1.52,0.74,7405609452.359311,4.26,117,37.87,46,39.12,109,27.08,1.7,7.85,1.59,1.52,114.8,0.193,8.62,True,True,True,True,False,False,False,False,False,False,True,False,True,True,True,False,2026-10-19,False,False,5,LoD>60% ATR,"EMA, RVOL",5,https://www.tradingview.com/chart/?symbol=NYSE:CLF&interval=D,False,False,False
KSS,Kohl's Corporation,NYSE,Department Stores,20.35,19.24,18.18,18.16,18.42,17.56,16.22,16.83,19.35,18.73,20.56,19.8,4.49,4.54,0.92,4218235.1,4103579.433333333,83507841.0,74525106.0,0.76,0.6,2307210663.896072,10.54,69,23.18,70,46.19,95,26.64,2.31,11.95,1.91,0.82,59.5,0.279,14.84,True,True,True,True,False,False,True,False,False,False,False,True,False,False,False,False,2026-11-12,False,False,5,thin RVOL,EMA,7,https://www.tradingview.com/chart/?symbol=NYSE:KSS&interval=D,False,False,False
MDB,"MongoDB, Inc.",NASDAQ,Packaged Software,385.93,357.04,378.94,383.07,395.17,365.19,331.41,341.42,370.24,376.01,387.85,371.53,5.46,6.0,23.15,4849215.9,2971336.9,1146728050.0,1138233988.0,0.41,1.21,31089109995.393616,7.21,96,3.87,129,67.42,70,26.17,-0.39,1.84,0.44,0.7,62.2,0.294,16.52,False,False,False,True,True,True,True,False,False,True,False,False,False,True,False,False,2026-12-07,False,False,5,LoD>60% ATR,near21,5,https://www.tradingview.com/chart/?symbol=NASDAQ:MDB&interval=D,False,False,False
VICR,Vicor Corporation,NASDAQ,Electronic Components,266.07,289.83,261.17,235.9,227.95,256.57,242.67,220.99,278.81,263.47,272.5,259.1,6.93,7.04,18.73,837939.9,880547.7333333333,234287335.0,207717982.0,0.7,2.15,12267618844.317245,38.58,13,-2.54,163,42.09,106,26.04,2.38,1.88,0.14,0.72,37.2,0.636,25.87,False,False,False,True,True,True,True,True,False,True,False,True,False,True,False,False,2026-10-20,False,True,5,large gap,"near21, ADR",7,https://www.tradingview.com/chart/?symbol=NASDAQ:VICR&interval=D,True,False,False
LITE,Lumentum Holdings Inc.,NASDAQ,Electrical Products,1103.36,1048.54,980.56,957.31,920.34,875.0,858.5,764.19,1054.01,1004.1,1143.0,1077.38,5.47,6.07,67.0,4756974.2,4512569.233333333,4978965826.0,4319925396.0,1.14,6.29,99945052317.08168,12.58,62,43.38,39,21.5,151,25.82,3.27,12.52,1.63,0.98,38.8,0.358,25.77,True,True,True,True,False,False,True,False,False,False,False,True,False,True,False,False,2026-11-05,False,True,5,large gap,EMA,7,https://www.tradingview.com/chart/?symbol=NASDAQ:LITE&interval=D,False,False,False
VSXY,Victorias Secret & Co.,NYSE,Apparel/Footwear Retail,82.87,87.6,83.4,82.09,85.25,80.61,69.89,67.21,85.81,84.76,86.81,81.51,4.68,4.98,4.12,1678532.2,2038528.8666666667,168932887.0,167340117.0,0.88,-0.94,6610045882.469577,7.4,95,8.37,106,60.32,79,25.36,-0.56,-0.63,0.45,1.29,33.0,0.26,24.6,False,False,False,True,True,True,False,False,False,True,True,True,False,False,False,False,2026-12-02,False,False,5,thin RVOL,near21,5,https://www.tradingview.com/chart/?symbol=NYSE:VSXY&interval=D,False,False,False
FIGS,"FIGS, Inc.",NYSE,Apparel/Footwear,15.78,14.17,13.6,13.86,13.79,12.43,13.14,12.84,14.29,13.94,15.89,14.92,4.72,4.57,0.72,3607686.5,2950045.4,46551716.0,40888613.0,1.02,0.07,2621692890.0761013,16.46,51,51.88,28,7.71,191,25.35,3.16,16.06,2.89,1.34,119.3,0.242,11.03,True,True,True,True,False,False,False,False,False,False,True,False,False,False,False,False,2026-11-05,False,False,4,"LoD>60% ATR, thin RVOL",EMA,5,https://www.tradingview.com/chart/?symbol=NYSE:FIGS&interval=D,False,False,False
GME,GameStop Corporation,NYSE,Electronics/Appliance Stores,26.56,24.76,23.87,22.34,20.88,21.37,22.15,22.34,24.83,23.69,26.76,24.9,4.03,3.68,0.98,11274425.9,10196956.666666666,270831169.0,227796613.0,1.48,-0.2,13399547111.582277,39.06,12,21.06,73,15.73,171,25.28,7.4,11.26,3.29,1.9,169.9,0.218,14.61,True,True,True,True,False,False,False,False,False,False,True,False,False,True,True,False,2026-12-09,False,False,4,"LoD>60% ATR, >4x 50-MA","EMA, RVOL",5,https://www.tradingview.com/chart/?symbol=NYSE:GME&interval=D,True,False,False
GEO,Geo Group Inc (The) REIT,NYSE,Miscellaneous Commercial Services,31.13,30.87,31.0,31.14,31.25,29.65,25.83,23.35,30.95,31.03,31.54,30.5,4.92,4.57,1.42,3255457.3,2654907.8,82647280.0,82680024.0,0.52,-1.49,4097317501.4693146,-2.84,173,3.63,133,73.33,62,24.71,-0.08,0.43,0.07,0.73,44.3,0.09,25.37,False,False,False,True,True,True,True,True,True,True,False,True,False,False,False,False,2026-11-05,False,False,5,thin RVOL,"near21, ADR, BB",8,https://www.tradingview.com/chart/?symbol=NYSE:GEO&interval=D,False,False,False
WIX,Wix.com Ltd.,NASDAQ,Packaged Software,76.56,73.02,76.33,77.8,75.64,63.01,68.16,72.19,74.48,75.31,76.76,73.93,5.42,5.57,4.26,853755.6,1235392.1666666667,94581624.0,96116599.0,0.55,0.93,3203998382.012141,4.69,113,53.26,27,16.03,170,24.66,0.22,0.3,0.3,0.66,61.7,0.216,17.4,True,True,False,True,True,True,True,True,False,True,False,False,False,False,False,False,2026-11-05,False,False,4,"LoD>60% ATR, thin RVOL","near21, ADR",8,https://www.tradingview.com/chart/?symbol=NASDAQ:WIX&interval=D,False,False,False
SEZL,Sezzle Inc.,NASDAQ,Packaged Software,128.64,112.48,113.35,115.47,122.94,135.76,116.07,104.18,115.33,115.35,129.53,119.22,4.3,4.75,6.11,482906.9000000001,495058.10000000003,63684274.0,57163121.0,1.46,2.37,4331953909.517147,8.83,82,-28.43,325,90.95,49,23.78,0.98,13.49,2.43,1.69,154.2,0.192,24.55,False,True,False,True,False,False,False,False,False,False,True,False,False,False,True,False,2026-11-05,False,True,3,"LoD>60% ATR, thin RVOL, large gap",RVOL,3,https://www.tradingview.com/chart/?symbol=NASDAQ:SEZL&interval=D,False,False,False
NAVN,"Navan, Inc.",NASDAQ,Packaged Software,23.64,21.68,21.38,22.95,25.28,24.13,20.71,18.8,22.08,22.37,23.68,22.73,4.34,5.05,1.19,2837401.4,4219841.566666666,99757055.0,96866463.0,0.68,-0.17,6161422993.637782,-11.41,243,-8.69,193,90.8,51,23.57,-1.28,10.58,1.13,0.8,76.3,0.211,27.41,False,False,False,True,False,True,True,False,False,True,False,False,False,False,False,False,2026-12-15,False,False,4,"LoD>60% ATR, thin RVOL",near21,4,https://www.tradingview.com/chart/?symbol=NASDAQ:NAVN&interval=D,False,False,False
SNAP,Snap Inc.,NYSE,Packaged Software,6.23,5.65,5.63,5.58,5.48,5.25,5.25,5.59,5.76,5.64,6.35,5.94,4.01,4.46,0.28,34043340.9,33062277.633333333,205977990.0,184641800.0,1.59,2.3,10536162380.114336,15.8,53,30.61,56,23.73,142,23.38,3.08,10.75,2.36,1.46,102.6,0.165,6.4,True,True,True,True,False,False,False,False,False,False,True,False,True,True,True,False,2026-11-03,False,True,4,"LoD>60% ATR, large gap","EMA, RVOL",5,https://www.tradingview.com/chart/?symbol=NYSE:SNAP&interval=D,False,False,False
INOD,Innodata Inc.,NASDAQ,Data Processing Services,62.04,66.13,64.23,61.14,61.7,72.32,64.74,61.71,64.78,63.99,62.72,60.03,8.72,7.07,4.39,1355524.0,1394035.5666666667,86485967.0,85232729.0,0.56,2.48,2133099774.278431,11.16,67,-11.75,208,70.49,66,23.3,0.08,-3.4,0.43,0.61,45.8,0.363,17.11,False,False,False,True,False,True,True,True,False,True,False,True,False,False,False,False,2026-11-05,False,True,4,"thin RVOL, large gap","near21, ADR",6,https://www.tradingview.com/chart/?symbol=NASDAQ:INOD&interval=D,False,False,False
AMBQ,"Ambiq Micro, Inc.",NYSE,Semiconductors,58.56,64.72,65.27,63.19,63.08,71.14,59.17,52.14,63.36,64.13,60.5,57.4,6.45,6.73,3.94,485309.4,548322.2666666667,32109752.0,34648484.0,0.55,2.16,1416246463.5544991,-1.05,154,-30.17,342,100.62,40,23.13,-1.07,-10.28,1.29,0.79,29.4,0.255,32.43,False,False,False,True,False,True,True,False,False,True,False,True,False,False,False,False,2026-11-05,False,True,4,"thin RVOL, large gap",near21,5,https://www.tradingview.com/chart/?symbol=NYSE:AMBQ&interval=D,False,False,False
ERO,Ero Copper Corp.,NYSE,Other Metals/Minerals,37.61,37.16,36.05,36.11,35.5,31.36,30.06,30.35,37.0,36.53,38.11,36.87,4.3,4.99,1.88,1293863.1,1359957.6333333333,51148007.0,49112603.0,1.33,3.39,3922822062.710207,-1.67,161,51.71,29,19.21,156,23.08,1.19,4.32,0.59,0.66,39.2,0.208,18.89,True,True,True,True,False,True,True,False,False,True,False,True,False,False,True,False,2026-11-02,False,True,4,"thin RVOL, large gap","EMA, near21, RVOL",8,https://www.tradingview.com/chart/?symbol=NYSE:ERO&interval=D,False,False,False
BRZE,"Braze, Inc.",NASDAQ,Internet Software/Services,29.06,26.14,25.62,27.14,27.8,25.57,24.19,24.09,26.95,26.64,29.38,28.63,4.68,5.14,1.49,2310164.3,2585330.5,75129704.0,70169317.0,0.63,0.91,3300763338.9353476,11.0,68,14.26,90,43.93,99,23.06,0.88,13.4,1.76,0.5,28.8,0.239,12.75,True,True,True,True,False,False,True,True,False,True,False,True,False,False,False,False,2026-12-15,False,False,5,thin RVOL,"EMA, ADR",8,https://www.tradingview.com/chart/?symbol=NASDAQ:BRZE&interval=D,False,False,False
WK,Workiva Inc.,NYSE,Information Technology Services,73.25,70.13,71.28,72.74,71.38,61.26,59.59,63.41,71.42,71.34,74.76,72.97,4.21,4.21,3.08,2256127.4,1384227.2666666666,101394647.0,100682693.0,0.41,1.17,3986007859.5976386,-1.12,155,36.63,49,33.13,117,22.88,0.62,2.76,0.64,0.58,9.1,0.145,16.1,True,True,True,True,True,True,True,True,False,True,False,True,False,False,False,False,2026-11-05,False,False,5,thin RVOL,"EMA, near21, ADR",10,https://www.tradingview.com/chart/?symbol=NYSE:WK&interval=D,False,False,False
FSLY,"Fastly, Inc.",NASDAQ,Information Technology Services,29.3,25.97,25.78,24.48,24.85,21.81,23.0,20.36,26.24,25.59,30.19,26.54,7.89,7.65,2.24,5158534.4,7174684.366666666,210218252.0,175633882.0,3.29,6.37,4667490258.3590355,29.13,20,41.55,41,-2.4,225,22.76,2.34,13.66,1.9,1.63,123.2,0.237,19.12,True,True,True,True,False,False,False,False,False,False,True,False,True,True,True,False,2026-11-04,False,True,4,"LoD>60% ATR, large gap","EMA, RVOL",5,https://www.tradingview.com/chart/?symbol=NASDAQ:FSLY&interval=D,True,False,False
RGEN,Repligen Corporation,NASDAQ,Pharmaceuticals: Major,173.88,180.91,180.61,177.1,173.19,153.11,141.57,143.85,176.92,177.89,174.82,164.21,5.58,5.21,9.06,1535805.3,1198708.9,208431504.0,212292145.0,0.86,0.23,11039704258.031982,3.17,124,20.46,74,44.16,98,22.6,0.08,-3.73,0.43,1.17,106.7,0.201,22.63,False,False,False,True,False,True,False,False,False,True,True,False,False,True,False,False,2026-11-03,False,False,5,LoD>60% ATR,near21,3,https://www.tradingview.com/chart/?symbol=NASDAQ:RGEN&interval=D,False,False,False
INTC,Intel Corporation,NASDAQ,Semiconductors,104.7,114.51,113.83,107.87,103.08,108.15,95.7,83.03,112.54,111.48,108.38,104.0,4.97,5.64,5.9,95632150.7,102352941.4,10716352965.0,11040334142.0,0.77,1.16,553455252042.2404,1.95,135,-4.45,171,70.19,67,22.56,0.28,-8.02,1.08,0.74,11.9,0.308,30.07,False,False,False,True,False,True,True,False,False,True,False,True,False,True,False,False,2026-10-29,False,False,6,,near21,5,https://www.tradingview.com/chart/?symbol=NASDAQ:INTC&interval=D,False,False,False
INSP,"Inspire Medical Systems, Inc.",NYSE,Medical Specialties,68.89,69.53,71.09,68.86,64.98,55.39,54.55,60.41,69.11,68.92,69.73,66.83,4.84,4.77,3.29,979853.1,881374.8333333334,60717912.0,60692352.0,0.91,0.76,1991635847.6369772,10.35,72,32.84,52,23.02,146,22.07,1.26,-3.1,0.01,0.88,62.6,0.153,24.01,False,False,False,True,False,True,True,False,False,True,False,False,False,False,False,False,2026-11-02,False,False,4,"LoD>60% ATR, thin RVOL",near21,4,https://www.tradingview.com/chart/?symbol=NYSE:INSP&interval=D,False,False,False
W,Wayfair Inc.,NYSE,Specialty Stores,105.74,103.26,102.84,101.36,101.91,92.15,85.5,88.35,103.82,102.69,106.37,104.1,4.24,4.28,4.53,2092751.3,2304184.433333333,243644462.0,233557511.0,0.41,-0.1,14483012829.239607,6.03,103,15.96,83,43.36,102,21.78,0.88,2.81,0.69,0.5,36.3,0.105,16.79,True,True,True,True,True,True,True,True,False,True,False,True,False,True,False,False,2026-11-04,False,False,6,,"EMA, near21, ADR",10,https://www.tradingview.com/chart/?symbol=NYSE:W&interval=D,False,False,False
SWKS,"Skyworks Solutions, Inc.",NASDAQ,Semiconductors,76.35,83.65,85.94,82.02,76.13,72.44,68.21,66.2,82.71,82.68,79.58,73.93,5.55,6.22,4.75,9417303.7,8633474.566666666,659165783.0,708077294.0,1.02,-1.73,17954889177.557274,1.43,137,28.84,59,33.85,116,21.38,0.05,-11.16,1.23,1.19,50.9,0.187,25.86,False,False,False,True,False,True,False,False,False,True,True,True,False,True,False,False,2026-10-29,False,False,6,,near21,4,https://www.tradingview.com/chart/?symbol=NASDAQ:SWKS&interval=D,False,False,False
IMAX,Imax Corporation,NYSE,Electronics/Appliances,50.8,52.92,53.21,52.66,52.27,46.44,43.3,41.68,52.24,52.59,52.16,50.65,4.26,4.13,2.1,1227495.3,1027179.9,52180739.0,54094033.0,0.54,1.31,2785979440.3664,-2.98,175,32.19,53,34.32,115,21.18,-0.68,-4.53,0.83,0.72,7.1,0.128,22.69,False,False,False,True,False,True,True,True,False,True,False,True,False,False,False,False,2026-10-22,False,False,5,thin RVOL,"near21, ADR",6,https://www.tradingview.com/chart/?symbol=NYSE:IMAX&interval=D,False,False,False
FORM,"FormFactor, Inc.",NASDAQ,Semiconductors,139.67,142.0,129.73,121.36,119.8,121.84,121.04,110.67,138.81,132.02,142.81,137.68,4.88,5.21,7.28,2773374.4,1686080.1666666667,235494817.0,204619598.0,0.29,2.88,10911122404.016846,27.52,25,21.3,72,14.34,174,21.06,3.18,7.66,1.11,0.71,27.4,0.467,22.43,False,False,True,True,False,True,True,False,False,True,False,True,False,True,False,False,2026-10-28,False,True,5,large gap,"EMA, near21",6,https://www.tradingview.com/chart/?symbol=NASDAQ:FORM&interval=D,False,False,False
BMNR,"BitMine Immersion Technologies, Inc.",NYSE,Financial Conglomerates,24.03,25.87,26.04,25.53,23.32,19.87,20.35,21.54,25.49,25.47,24.59,23.81,5.37,6.39,1.53,30664931.6,39006615.733333334,937328976.0,995981924.0,0.74,1.5,14495530448.97629,-5.76,190,57.37,18,11.35,182,20.99,0.48,-7.72,0.88,0.51,14.3,0.252,25.67,False,False,False,True,False,True,True,True,False,True,False,True,False,True,False,False,2026-11-20,False,False,6,,"near21, ADR",6,https://www.tradingview.com/chart/?symbol=NYSE:BMNR&interval=D,False,True,False
CXW,"CoreCivic, Inc.",NYSE,Miscellaneous Commercial Services,32.93,32.55,33.17,33.43,33.08,30.39,26.91,24.88,32.71,32.95,33.42,32.02,5.72,5.17,1.7,2365789.3,2169294.1333333333,71434856.0,72523118.0,0.59,-0.34,3256562654.9957204,-6.16,193,5.54,122,62.22,77,20.54,-0.09,-0.73,0.01,0.82,53.5,0.157,25.19,False,False,False,True,True,True,True,True,False,True,False,True,False,False,False,False,2026-11-04,False,False,5,thin RVOL,"near21, ADR",7,https://www.tradingview.com/chart/?symbol=NYSE:CXW&interval=D,False,False,False
SANM,Sanmina Corporation,NASDAQ,Electronic Production Equipment,217.49,220.92,214.1,209.09,205.25,218.83,202.34,190.28,218.81,215.14,219.75,207.96,4.36,4.82,10.48,567791.0,592721.9,128911086.0,123933408.0,0.95,2.02,11656888478.143864,5.94,106,3.61,134,51.17,91,20.24,1.24,1.58,0.23,1.13,91.0,0.218,14.09,False,False,False,True,True,True,False,False,False,True,True,False,False,True,False,False,2026-11-09,False,True,4,"LoD>60% ATR, large gap",near21,4,https://www.tradingview.com/chart/?symbol=NASDAQ:SANM&interval=D,False,False,False
SNDK,Sandisk Corporation,NASDAQ,Computer Peripherals,1581.82,1693.85,1697.46,1673.81,1582.5,1647.54,1411.28,1181.52,1674.61,1677.63,1637.95,1575.69,5.18,6.01,95.1,7324383.5,9546214.766666668,15100393442.0,15978554512.0,0.75,1.48,228616575255.16385,-9.68,222,-11.08,203,81.0,58,20.08,-0.01,-6.81,0.95,0.65,6.4,0.233,32.62,False,False,False,True,False,True,True,False,False,True,False,True,False,True,False,False,2026-10-29,False,False,6,,near21,5,https://www.tradingview.com/chart/?symbol=NASDAQ:SNDK&interval=D,False,False,False
GENI,Genius Sports Limited,NYSE,Internet Software/Services,6.65,6.16,6.19,6.56,7.05,6.65,5.96,6.56,6.3,6.39,6.81,6.42,6.05,6.51,0.43,8078800.9,7399871.366666666,49209145.0,48572756.0,0.73,2.41,1846219472.7677224,-9.52,219,5.56,121,62.59,76,19.54,-0.87,7.36,0.64,0.9,53.2,0.227,16.47,False,False,False,True,False,True,True,False,False,True,False,True,False,False,False,False,2026-11-11,False,True,4,"thin RVOL, large gap",near21,5,https://www.tradingview.com/chart/?symbol=NYSE:GENI&interval=D,False,False,False
GDDY,GoDaddy Inc.,NYSE,Data Processing Services,104.35,98.01,98.95,98.76,96.78,91.95,89.54,92.78,99.63,98.72,105.46,103.02,4.43,4.12,4.3,1790747.6,2396097.3666666667,250032760.0,236645764.0,1.2,-0.16,13215688337.364086,12.62,61,16.58,82,29.24,125,19.48,1.9,5.46,1.38,0.57,30.9,0.132,9.02,True,True,True,True,False,True,True,True,False,True,False,True,False,True,False,False,2026-10-29,False,False,6,,"EMA, near21, ADR",9,https://www.tradingview.com/chart/?symbol=NYSE:GDDY&interval=D,False,False,False
PARR,"Par Pacific Holdings, Inc. Common Stock",NYSE,Oil Refining/Marketing,81.89,83.82,82.58,82.24,80.08,71.4,67.94,60.82,84.09,82.78,88.01,81.66,5.34,5.51,4.51,829920.1000000015,938166.2000000003,76826430.0,77157290.0,1.3,-0.91,4102658645.1100965,-1.33,157,23.44,69,35.62,114,19.25,0.41,-0.83,0.2,1.41,5.1,0.177,28.09,False,False,False,True,True,True,False,False,False,True,True,True,False,False,True,False,2026-11-09,False,False,5,thin RVOL,"near21, RVOL",5,https://www.tradingview.com/chart/?symbol=NYSE:PARR&interval=D,False,False,False
MAT,"Mattel, Inc.",NASDAQ,Recreational Products,16.69,15.11,14.21,14.27,14.48,14.37,14.57,15.79,15.47,14.79,17.16,16.58,5.16,4.41,0.74,13425970.3,7132582.133333334,119042796.0,101759361.0,0.64,0.06,4768333182.200846,18.37,43,25.96,66,13.38,177,19.24,3.46,17.48,2.91,0.78,14.9,0.387,9.49,True,True,True,True,False,False,True,True,False,True,False,True,False,False,False,False,2026-10-27,False,False,5,thin RVOL,"EMA, ADR",8,https://www.tradingview.com/chart/?symbol=NASDAQ:MAT&interval=D,False,False,False
MTSI,"MACOM Technology Solutions Holdings, Inc.",NASDAQ,Semiconductors,330.06,313.8,290.68,283.31,283.68,311.44,297.3,277.28,316.77,301.13,336.14,318.76,4.29,4.94,16.29,1253027.5,1299187.9333333333,428809969.0,368076831.0,0.99,2.3,25206987135.44887,20.21,39,6.35,117,30.69,121,19.08,3.31,13.55,1.95,1.07,69.3,0.425,11.06,True,True,True,True,False,False,False,False,False,False,True,False,False,True,False,False,2026-11-05,False,True,4,"LoD>60% ATR, large gap",EMA,5,https://www.tradingview.com/chart/?symbol=NASDAQ:MTSI&interval=D,False,False,False
DOCN,"DigitalOcean Holdings, Inc.",NYSE,Packaged Software,134.82,133.88,133.92,128.31,126.16,137.22,124.52,107.53,132.82,131.93,135.21,124.46,5.8,6.52,8.8,1769437.3,2491465.1333333333,335899329.0,319684044.0,1.03,1.38,15852074325.996607,7.12,97,-5.16,175,55.0,86,18.99,1.05,0.67,0.34,1.22,117.8,0.236,22.02,False,True,True,True,True,True,False,False,False,True,True,False,False,True,False,False,2026-11-09,False,False,5,LoD>60% ATR,"EMA, near21",6,https://www.tradingview.com/chart/?symbol=NYSE:DOCN&interval=D,False,False,False
NBIS,Nebius Group N.V.,NASDAQ,Packaged Software,221.07,234.06,229.37,226.01,224.42,224.13,197.03,171.46,231.42,230.07,225.3,218.5,6.18,7.18,15.88,15124197.8,15141094.633333333,3347241791.0,3422096839.0,0.63,1.18,60099037533.10103,-10.82,235,3.77,132,63.9,75,18.95,-0.21,-3.62,0.54,0.43,16.2,0.2,28.32,False,False,False,True,False,True,True,True,False,True,False,True,False,True,False,False,2026-10-22,False,False,6,,"near21, ADR",6,https://www.tradingview.com/chart/?symbol=NASDAQ:NBIS&interval=D,False,False,False
BRKR,Bruker Corporation,NASDAQ,Medical Specialties,58.84,61.86,61.14,59.69,58.72,57.94,51.24,49.66,60.74,60.61,59.56,57.56,5.43,5.37,3.16,2295356.7,2261479.1,133065430.0,134977134.0,0.61,0.0,8964821750.418507,1.57,136,-2.32,161,54.68,89,17.98,0.04,-3.76,0.54,0.64,40.7,0.199,20.73,False,False,False,True,False,True,True,True,False,True,False,True,False,False,False,False,2026-10-29,False,False,5,thin RVOL,"near21, ADR",6,https://www.tradingview.com/chart/?symbol=NASDAQ:BRKR&interval=D,False,False,False
ICLR,ICON plc,NASDAQ,Miscellaneous Commercial Services,164.17,166.26,167.92,166.53,166.6,160.28,143.47,146.09,165.52,166.5,169.85,163.47,4.43,4.36,7.15,945398.3,966861.8,158729702.0,161015041.0,0.77,1.54,12666407140.725046,3.44,122,-2.73,164,52.35,90,17.69,-0.33,-2.24,0.32,0.89,9.8,0.102,14.89,False,False,False,True,True,True,True,False,False,True,False,True,False,True,False,False,2026-10-27,False,False,6,,near21,6,https://www.tradingview.com/chart/?symbol=NASDAQ:ICLR&interval=D,False,False,False
MNDY,monday.com Ltd.,NASDAQ,Packaged Software,88.96,82.1,85.48,87.59,88.75,84.08,79.5,87.04,84.7,85.31,90.06,88.04,4.42,5.12,4.55,1141758.6,1099808.8333333333,97838994.0,96330606.0,0.46,0.0,3760705559.91272,6.54,100,3.59,135,42.34,105,17.49,0.05,4.07,0.84,0.44,20.1,0.252,10.4,True,True,False,True,False,True,True,True,False,True,False,True,False,False,False,False,2026-11-16,False,False,5,thin RVOL,"near21, ADR",8,https://www.tradingview.com/chart/?symbol=NASDAQ:MNDY&interval=D,False,False,False
HIMS,"Hims & Hers Health, Inc.",NYSE,Medical/Nursing Services,30.92,29.32,29.03,28.76,29.45,30.03,28.12,27.39,29.4,29.23,31.45,28.31,5.82,5.75,1.78,9900334.2,9844133.666666666,304380613.0,283094315.0,1.76,1.0,7214050624.417677,10.04,74,-13.72,221,54.99,87,17.1,0.87,6.5,1.01,1.77,146.9,0.114,8.54,True,True,True,True,False,True,False,False,False,True,True,False,True,True,True,False,2026-11-09,False,False,5,LoD>60% ATR,"EMA, near21, RVOL",6,https://www.tradingview.com/chart/?symbol=NYSE:HIMS&interval=D,False,False,False
SYRE,"Spyre Therapeutics, Inc.",NASDAQ,Pharmaceuticals: Major,85.69,86.19,88.14,88.37,94.33,90.68,80.14,68.89,85.59,87.83,86.22,78.73,6.25,6.39,5.47,1815018.4000000004,1463888.3333333333,125440591.0,129370156.0,0.63,0.0,7908450621.53717,-2.7,171,-13.23,216,66.71,73,16.93,-1.43,-2.78,0.38,1.37,127.2,0.189,29.7,False,False,False,True,True,True,False,False,False,True,True,False,False,False,False,False,2026-11-05,False,False,4,"LoD>60% ATR, thin RVOL",near21,4,https://www.tradingview.com/chart/?symbol=NASDAQ:SYRE&interval=D,False,False,False
BETA,"Beta Technologies, Inc.",NYSE,Aerospace & Defense,20.98,21.47,21.78,21.37,22.24,19.72,18.64,19.75,21.28,21.58,21.06,20.32,6.62,6.88,1.44,1828120.1,3256209.4,68315273.0,69599305.0,0.7,0.93,4908083422.425366,-0.1,148,23.92,68,26.84,131,16.89,-0.82,-3.66,0.4,0.52,46.1,0.221,17.12,False,False,False,True,False,True,True,True,False,True,False,True,False,False,False,False,2026-12-03,False,False,5,thin RVOL,"near21, ADR",6,https://www.tradingview.com/chart/?symbol=NYSE:BETA&interval=D,False,False,False
FLEX,Flex Ltd.,NASDAQ,Electronic Production Equipment,119.83,115.83,113.27,112.21,114.68,127.01,113.41,100.98,116.39,114.78,119.87,114.14,4.14,4.56,5.47,2505337.500000001,3056415.099999992,366250221.0,342953207.0,0.86,1.98,44272444805.50654,6.0,105,-13.57,220,57.92,82,16.78,0.98,5.79,0.96,1.05,104.1,0.14,21.72,False,True,True,True,False,True,False,False,False,True,True,False,False,True,False,False,2026-10-28,False,False,5,LoD>60% ATR,"EMA, near21",5,https://www.tradingview.com/chart/?symbol=NASDAQ:FLEX&interval=D,False,False,False
TGB,Trekor Metals Limited,AMEX,Other Metals/Minerals,8.85,8.73,8.64,8.62,8.58,7.81,7.53,7.49,8.69,8.67,9.01,8.54,5.18,5.6,0.5,4646165.9,5084033.9,44993700.0,43812509.0,0.73,3.61,3239306393.9999995,-0.9,152,27.89,62,22.07,150,16.35,0.55,2.48,0.37,0.94,62.5,0.181,13.96,True,True,True,True,True,True,True,False,False,True,False,False,False,False,False,False,2026-11-04,False,True,3,"LoD>60% ATR, thin RVOL, large gap","EMA, near21",8,https://www.tradingview.com/chart/?symbol=AMEX:TGB&interval=D,False,False,False
WAY,Waystar Holding Corp.,NASDAQ,Packaged Software,26.68,25.81,25.69,25.45,24.96,22.83,22.95,24.22,25.95,25.6,26.76,25.98,4.03,4.09,1.09,2025569.3,2033780.8,54261272.0,51764467.0,0.65,-0.38,5115847980.007552,10.52,70,13.92,95,23.75,141,16.06,1.68,3.84,1.03,0.72,64.6,0.111,11.18,True,True,True,True,False,True,True,True,False,True,False,False,False,False,False,False,2026-11-11,False,False,4,"LoD>60% ATR, thin RVOL","EMA, near21, ADR",8,https://www.tradingview.com/chart/?symbol=NASDAQ:WAY&interval=D,False,False,False
ETSY,"Etsy, Inc.",NYSE,Internet Retail,76.71,72.09,72.38,74.09,77.3,75.85,69.62,66.16,73.04,73.4,76.96,73.88,4.01,3.91,3.0,2795321.8,3117285.533333333,239126973.0,230971115.0,1.08,-0.93,7040578256.887809,6.62,99,-1.69,160,43.22,103,16.05,-0.2,5.99,1.15,1.03,94.4,0.123,14.53,False,False,False,True,False,True,False,False,False,True,True,False,False,False,False,False,2026-11-04,False,False,4,"LoD>60% ATR, thin RVOL",near21,3,https://www.tradingview.com/chart/?symbol=NYSE:ETSY&interval=D,False,False,False
SITM,SiTime Corporation,NASDAQ,Semiconductors,612.37,669.21,637.45,620.24,626.06,639.15,589.51,536.48,657.22,645.28,659.66,600.63,5.67,6.5,39.81,352996.8,428484.9666666667,262391339.0,265764016.0,1.05,1.8,18414599868.986515,3.27,123,-3.72,170,48.19,94,15.92,-0.34,-3.94,0.78,1.48,29.5,0.298,21.68,False,False,False,True,False,True,False,False,False,True,True,True,False,True,False,False,2026-11-04,False,False,6,,near21,4,https://www.tradingview.com/chart/?symbol=NASDAQ:SITM&interval=D,False,False,False
SEI,"Solaris Energy Infrastructure, Inc.",NYSE,Oilfield Services/Equipment,76.4,73.54,70.24,65.98,62.45,65.92,65.65,62.14,73.75,70.29,77.18,73.38,4.88,5.56,4.25,2351860.6,2631799.8,201069505.0,173635624.0,0.65,2.03,6124662716.650247,14.23,57,6.11,119,25.99,136,15.45,4.02,8.77,1.56,0.9,71.3,0.269,14.92,True,True,True,True,False,False,True,False,False,False,False,False,False,False,False,False,2026-11-02,False,True,2,"LoD>60% ATR, >4x 50-MA, thin RVOL, large gap",EMA,6,https://www.tradingview.com/chart/?symbol=NYSE:SEI&interval=D,False,False,False
UMAC,"Unusual Machines, Inc.",AMEX,Electronic Equipment/Instruments,20.83,22.58,22.98,23.28,24.57,23.12,20.49,18.95,22.22,22.9,21.69,20.39,7.31,8.17,1.7,2810163.3,2688316.6,55997635.0,62586699.0,0.9,0.75,1040593966.0888264,-19.42,329,-0.71,154,65.32,74,15.06,-1.86,-9.34,1.11,0.77,26.1,0.197,26.96,False,False,False,True,False,True,True,False,False,True,False,True,False,False,False,False,2026-11-12,False,False,5,thin RVOL,near21,5,https://www.tradingview.com/chart/?symbol=AMEX:UMAC&interval=D,False,False,False
DFTX,"Definium Therapeutics, Inc.",NASDAQ,Pharmaceuticals: Major,36.9,36.77,37.51,37.91,40.4,37.62,31.95,27.99,36.46,37.48,38.04,34.57,5.3,5.76,2.13,2299141.1999999974,2313733.2666666643,85376758.0,87712857.0,1.21,1.96,4958140817.738443,-2.43,167,-22.69,299,67.69,69,14.19,-1.5,-1.63,0.27,1.63,109.6,0.166,33.65,False,False,False,True,True,True,False,False,False,True,True,False,False,False,True,False,2026-11-05,False,False,4,"LoD>60% ATR, thin RVOL","near21, RVOL",4,https://www.tradingview.com/chart/?symbol=NASDAQ:DFTX&interval=D,False,False,False
VSH,"Vishay Intertechnology, Inc.",NYSE,Electronic Production Equipment,34.04,35.01,33.54,32.73,32.97,41.1,35.5,31.14,34.95,34.08,35.46,34.01,4.49,5.44,1.85,4293342.4,3771239.1333333333,128372980.0,123427629.0,0.8,2.08,5221035730.420137,8.34,88,-20.76,277,54.8,88,14.12,0.59,1.5,0.02,0.78,1.6,0.262,29.26,False,False,False,True,True,True,True,False,False,True,False,True,False,False,False,False,2026-11-04,False,True,4,"thin RVOL, large gap",near21,6,https://www.tradingview.com/chart/?symbol=NYSE:VSH&interval=D,False,False,False
AUGO,Aura Minerals Inc.,NASDAQ,Other Metals/Minerals,91.26,82.42,84.65,84.72,81.33,71.81,76.03,73.68,84.5,83.96,93.24,84.91,4.24,5.23,4.77,893661.1000000013,1059952.9666666654,96731308.0,89797625.0,1.54,3.72,7646604963.078193,3.99,119,44.49,37,-7.98,247,13.5,2.33,7.8,1.66,1.75,133.0,0.194,14.07,True,True,True,True,False,False,False,False,False,False,True,False,True,True,True,False,2026-11-05,False,True,4,"LoD>60% ATR, large gap","EMA, RVOL",5,https://www.tradingview.com/chart/?symbol=NASDAQ:AUGO&interval=D,False,False,False
VECO,Veeco Instruments Inc.,NASDAQ,Electronic Production Equipment,52.28,53.21,48.44,46.96,48.3,54.9,50.92,46.02,52.25,50.19,53.28,51.17,4.89,5.29,2.76,770404.5,655270.6666666666,34257550.0,30769326.0,0.36,0.94,3195857757.023129,14.85,56,-6.36,178,31.56,119,13.35,1.56,7.94,0.79,0.76,40.1,0.448,17.0,False,False,True,True,False,True,True,False,False,True,False,True,False,False,False,False,2026-11-09,False,False,5,thin RVOL,"EMA, near21",6,https://www.tradingview.com/chart/?symbol=NASDAQ:VECO&interval=D,False,False,False
FPS,"Forgent Power Solutions, Inc.",NYSE,Electrical Products,40.03,38.97,37.81,35.4,35.62,42.54,40.2,,39.27,37.86,40.52,38.83,5.1,5.89,2.36,8263869.7,9657870.866666667,386604571.0,341895067.0,0.74,-0.28,12186288417.416836,24.98,28,-12.64,214,27.32,130,13.22,2.1,5.88,0.97,0.72,50.9,0.321,17.3,False,True,True,False,False,True,True,False,False,True,False,True,False,True,False,False,2026-12-02,False,False,5,below 200-MA,"EMA, near21",6,https://www.tradingview.com/chart/?symbol=NYSE:FPS&interval=D,False,False,False
MRX,Marex Group Limited,NASDAQ,Internet Software/Services,71.92,72.13,72.23,72.92,70.88,66.07,59.75,54.83,72.3,72.27,73.3,70.51,4.39,4.4,3.16,737078.8,796486.0333333333,57283276.0,58078965.0,0.83,0.76,5173268041.152171,-6.11,192,2.16,143,43.5,101,13.18,0.33,-0.42,0.11,0.88,44.6,0.095,24.19,False,False,False,True,True,True,True,False,True,True,False,True,False,False,False,False,2026-11-05,False,False,5,thin RVOL,"near21, BB",7,https://www.tradingview.com/chart/?symbol=NASDAQ:MRX&interval=D,False,False,False
DXC,DXC Technology Company,NYSE,Data Processing Services,12.4,11.45,11.33,11.33,11.14,10.26,10.73,11.57,11.71,11.42,12.56,12.19,4.01,4.23,0.52,4314331.100000009,3180698.5999999996,39440663.0,36034134.0,1.16,0.08,1981255694.5513344,10.22,73,30.12,57,-0.96,217,13.13,2.68,9.42,2.02,0.71,40.1,0.226,10.59,True,True,True,True,False,False,True,True,False,True,False,True,False,False,False,False,2026-11-04,False,False,5,thin RVOL,"EMA, ADR",8,https://www.tradingview.com/chart/?symbol=NYSE:DXC&interval=D,False,False,False
NEOG,Neogen Corporation,NASDAQ,Medical Specialties,11.85,12.39,12.75,12.42,12.13,10.74,10.23,10.11,12.27,12.4,12.11,11.57,6.73,5.98,0.71,7153992.0,4503800.2,53370032.0,55922936.0,0.5,0.0,2586926467.3398805,-1.99,163,21.79,71,18.98,158,12.93,-0.38,-7.06,0.74,0.76,39.5,0.233,22.25,False,False,False,True,False,True,True,True,False,True,False,True,False,False,False,False,2027-01-14,False,False,5,thin RVOL,"near21, ADR",6,https://www.tradingview.com/chart/?symbol=NASDAQ:NEOG&interval=D,False,False,False
HOOD,"Robinhood Markets, Inc.",NASDAQ,Investment Banks/Brokers,109.02,112.07,114.5,113.83,107.23,101.81,93.37,94.1,111.74,112.55,109.85,106.7,4.23,5.07,5.53,20331846.1,22162948.2,2416204613.0,2522837944.0,0.68,1.71,98017952997.00252,-9.73,223,-8.51,191,55.5,84,12.42,0.33,-4.79,0.62,0.57,42.0,0.194,19.39,False,False,False,True,False,True,True,True,False,True,False,True,False,True,False,False,2026-10-27,False,False,6,,"near21, ADR",6,https://www.tradingview.com/chart/?symbol=NASDAQ:HOOD&interval=D,False,False,False
TLN,Talen Energy Corporation,NASDAQ,Alternative Power Generation,378.57,339.6,316.86,313.9,321.82,348.77,346.69,351.7,346.3,330.33,379.35,362.56,4.25,4.66,17.63,1428319.8,980861.4,371324700.0,307892557.0,0.92,1.19,17906360772.364788,16.69,49,-0.81,155,21.24,152,12.37,3.79,19.48,3.14,0.95,90.8,0.386,9.2,True,True,True,True,False,False,True,False,False,False,False,False,False,True,False,False,2026-11-18,False,False,5,LoD>60% ATR,EMA,6,https://www.tradingview.com/chart/?symbol=NASDAQ:TLN&interval=D,False,False,False
GLND,Greenland Energy Company,NASDAQ,Financial Conglomerates,2.51,3.7,3.11,2.51,2.19,2.35,3.8,5.45,3.22,3.04,2.83,2.42,37.38,26.08,0.65,10575630.7,24030074.933333334,60315488.0,60347528.0,0.1,5.95,109762787.54702495,90.15,2,14.61,88,-67.65,399,12.37,0.56,-19.36,0.67,0.63,13.7,1.848,129.91,False,False,False,False,False,True,True,True,False,True,False,True,False,False,False,False,2026-12-02,False,True,3,"thin RVOL, below 200-MA, large gap","near21, ADR",5,https://www.tradingview.com/chart/?symbol=NASDAQ:GLND&interval=D,True,False,False
TVTX,"Travere Therapeutics, Inc.",NASDAQ,Pharmaceuticals: Major,52.12,56.55,59.39,61.68,62.02,57.42,50.1,45.48,55.87,58.55,52.71,51.63,4.61,4.64,2.42,2047000.0,1701536.2666666666,88692578.0,104954444.0,0.57,0.0,4913358770.760473,-20.78,339,-10.13,198,66.8,72,11.96,-3.44,-12.23,2.36,0.45,20.5,0.259,31.74,False,False,False,True,False,False,True,True,False,True,False,True,False,False,False,False,2026-10-22,False,False,5,thin RVOL,ADR,5,https://www.tradingview.com/chart/?symbol=NASDAQ:TVTX&interval=D,False,False,False
GKOS,Glaukos Corporation,NYSE,Medical Specialties,165.69,163.3,162.43,167.49,172.75,155.2,143.08,136.29,163.85,164.93,166.97,159.89,4.85,4.89,8.11,1162208.7,910961.5333333333,150937216.0,152573303.0,1.06,-0.76,9773047999.949097,-9.53,220,7.56,113,37.31,111,11.78,-0.83,2.01,0.09,0.87,71.5,0.125,22.0,False,False,False,True,True,True,True,False,False,True,False,False,False,False,False,False,2026-10-28,False,False,4,"LoD>60% ATR, thin RVOL",near21,5,https://www.tradingview.com/chart/?symbol=NYSE:GKOS&interval=D,False,False,False
PGY,Pagaya Technologies Ltd.,NASDAQ,Packaged Software,18.22,17.82,19.0,19.88,20.48,18.22,16.4,16.83,18.26,18.88,18.52,18.03,4.97,5.38,0.98,2186323.499999996,2341576.5,42663524.0,46561468.0,1.25,0.0,1520018916.155531,-16.54,294,0.5,151,50.83,92,11.6,-2.05,-4.12,0.65,0.5,19.4,0.322,22.37,False,False,False,True,False,True,True,True,False,True,False,True,False,False,True,False,2026-10-29,False,False,5,thin RVOL,"near21, ADR, RVOL",6,https://www.tradingview.com/chart/?symbol=NASDAQ:PGY&interval=D,False,False,False
STX,Seagate Technology Holdings PLC,NASDAQ,Computer Peripherals,783.0,861.0,858.81,853.01,855.24,871.57,763.51,663.81,836.86,852.27,789.59,766.09,5.39,6.7,52.44,5144941.1,4220135.7,3304366253.0,3599806700.0,0.78,1.2,178048737957.93243,-12.33,255,-9.13,195,55.15,85,11.23,-1.26,-8.83,1.21,0.45,32.2,0.277,26.53,False,False,False,True,False,True,True,True,False,True,False,True,False,True,False,False,2026-10-28,False,False,6,,"near21, ADR",6,https://www.tradingview.com/chart/?symbol=NASDAQ:STX&interval=D,False,False,False
WLTH,Wealthfront Corporation,NASDAQ,Packaged Software,10.82,10.47,10.34,10.08,9.81,9.75,9.82,9.84,10.55,10.31,11.0,10.8,4.56,4.33,0.47,2213408.5,3234613.8,34998521.0,32599516.0,0.9,0.09,1689829106.0367312,12.12,64,14.14,91,7.23,195,11.16,2.38,4.66,1.15,0.43,4.3,0.131,6.58,True,True,True,True,False,True,True,True,False,True,False,True,False,False,False,False,2027-01-12,False,False,5,thin RVOL,"EMA, near21, ADR",9,https://www.tradingview.com/chart/?symbol=NASDAQ:WLTH&interval=D,False,False,False
TER,"Teradyne, Inc.",NASDAQ,Electronic Production Equipment,402.68,415.81,392.07,380.82,382.89,381.2,366.82,340.7,409.86,399.0,414.26,399.31,4.33,5.03,20.25,2253451.9,2421922.033333333,975259564.0,922308276.0,0.81,1.62,62955290994.209656,9.28,80,13.93,94,8.55,190,10.59,1.03,2.71,0.18,0.74,16.6,0.331,18.65,False,False,False,True,True,True,True,False,False,True,False,True,False,True,False,False,2026-10-27,False,False,6,,near21,6,https://www.tradingview.com/chart/?symbol=NASDAQ:TER&interval=D,False,False,False
PAY,"Paymentus Holdings, Inc.",NYSE,Miscellaneous Commercial Services,31.88,31.06,32.47,33.63,35.92,30.62,29.09,28.66,31.62,32.51,32.31,31.57,4.05,4.2,1.34,935074.0,1121227.6,35744736.0,37707632.0,0.43,-0.03,4014955945.121554,-10.65,230,13.98,93,28.34,128,10.56,-2.68,-1.82,0.46,0.55,23.1,0.294,22.77,False,False,False,True,True,True,True,True,False,True,False,True,False,False,False,False,2026-11-09,False,False,5,thin RVOL,"near21, ADR",7,https://www.tradingview.com/chart/?symbol=NYSE:PAY&interval=D,False,False,False
AEHR,Aehr Test Systems,NASDAQ,Electronic Production Equipment,84.64,96.55,94.77,91.66,98.02,94.57,85.5,71.36,93.56,94.67,89.76,82.86,9.6,10.19,8.62,2472226.4,2729686.933333333,231040702.0,250194915.0,0.82,2.87,2764303935.9192758,-5.56,189,15.88,84,20.61,154,10.31,-1.34,-10.69,1.04,0.8,20.6,0.319,31.49,False,False,False,True,False,True,True,False,False,True,False,True,False,False,False,False,2026-10-09,False,True,4,"thin RVOL, large gap",near21,5,https://www.tradingview.com/chart/?symbol=NASDAQ:AEHR&interval=D,False,False,False
BSP,Bending Spoons S.p.A.,NASDAQ,Packaged Software,38.01,34.64,35.92,37.37,39.39,,,,35.95,36.31,38.8,37.0,7.09,7.72,2.93,3364022.0,2512949.7666666666,95517221.0,93920241.0,0.43,1.82,24144685389.0,-2.54,168,10.75,103,22.61,148,10.28,-0.46,5.82,0.61,0.61,34.4,0.347,12.5,False,False,False,False,False,True,True,True,False,True,False,True,False,True,False,False,2026-11-12,False,False,5,below 200-MA,"near21, ADR",5,https://www.tradingview.com/chart/?symbol=NASDAQ:BSP&interval=D,False,False,False
VIAV,Viavi Solutions Inc.,NASDAQ,Information Technology Services,45.46,44.74,40.32,39.04,39.32,42.53,42.19,37.5,44.25,41.97,46.69,44.33,5.27,5.43,2.47,5557731.699999998,5286268.833333326,240313781.0,206368887.0,0.45,3.19,11179619574.375143,17.41,47,8.24,107,4.55,203,10.07,2.88,12.74,1.53,0.96,45.7,0.488,15.92,True,True,True,True,False,False,True,False,False,False,False,True,False,True,False,False,2026-10-29,False,True,5,large gap,EMA,7,https://www.tradingview.com/chart/?symbol=NASDAQ:VIAV&interval=D,False,False,False
IONQ,"IonQ, Inc.",NYSE,Computer Processing Hardware,39.89,42.7,41.61,40.56,41.33,46.12,43.83,43.27,41.77,41.67,40.24,38.99,6.34,6.42,2.56,20390536.1,22805866.166666668,909726001.0,925028738.0,0.61,1.39,16160958803.944233,0.96,139,-11.98,210,41.03,107,10.0,-0.54,-4.13,0.66,0.49,35.1,0.254,12.0,False,False,False,False,False,True,True,True,False,True,False,True,False,True,False,False,2026-11-11,False,False,5,below 200-MA,"near21, ADR",5,https://www.tradingview.com/chart/?symbol=NYSE:IONQ&interval=D,False,False,False
WTTR,"Select Water Solutions, Inc.",NYSE,Oil & Gas Production,19.76,19.8,19.99,20.03,20.07,19.56,18.3,16.79,19.79,19.9,20.12,19.61,4.2,4.05,0.8,1835189.6,1780912.2666666666,35190826.0,35670485.0,0.61,0.66,2547911484.2204084,-5.36,187,2.92,137,32.0,118,9.85,-0.38,-1.13,0.18,0.64,18.7,0.086,16.6,False,False,False,True,True,True,True,True,True,True,False,True,False,False,False,False,2026-11-03,False,False,5,thin RVOL,"near21, ADR, BB",8,https://www.tradingview.com/chart/?symbol=NYSE:WTTR&interval=D,False,False,False
SHLS,"Shoals Technologies Group, Inc.",NASDAQ,Semiconductors,8.74,8.19,7.84,7.57,7.79,9.04,8.45,8.57,8.25,7.98,8.82,8.3,4.59,5.14,0.45,4098447.0,4206086.833333333,36761199.0,31859005.0,0.96,1.19,1470941639.8123517,17.79,44,-14.23,224,24.86,139,9.47,2.36,11.55,1.86,1.15,97.9,0.262,14.2,False,True,True,True,False,False,False,False,False,False,True,False,False,False,False,False,2026-11-10,False,False,4,"LoD>60% ATR, thin RVOL",EMA,4,https://www.tradingview.com/chart/?symbol=NASDAQ:SHLS&interval=D,False,False,False
ARXS,"Arxis, Inc.",NASDAQ,Aerospace & Defense,47.89,48.6,49.54,50.48,52.74,47.49,,,48.63,49.62,47.98,46.06,4.12,4.67,2.24,1327120.3,1018579.0,48779748.0,51419566.0,0.49,1.41,20632273547.72632,-9.96,227,12.18,98,26.03,135,9.41,-1.97,-3.33,0.75,0.86,81.8,0.114,10.96,False,False,False,False,False,True,True,False,False,True,False,False,False,True,False,False,2026-12-02,False,False,4,"LoD>60% ATR, below 200-MA",near21,3,https://www.tradingview.com/chart/?symbol=NASDAQ:ARXS&interval=D,False,False,False
STNE,StoneCo Ltd.,NASDAQ,Miscellaneous Commercial Services,12.46,10.56,10.09,10.06,10.07,10.53,11.38,12.49,10.96,10.43,12.5,11.62,4.09,4.54,0.57,8898707.7,7091124.3,88355409.0,71340256.0,1.01,0.26,3030623808.1000004,26.37,27,12.15,99,-11.32,262,9.07,5.21,23.54,4.28,1.54,147.5,0.395,19.36,False,True,True,False,False,False,False,False,False,False,True,False,False,False,False,False,2026-11-17,False,False,2,"LoD>60% ATR, >4x 50-MA, thin RVOL, below 200-MA",EMA,3,https://www.tradingview.com/chart/?symbol=NASDAQ:STNE&interval=D,False,False,False
RUM,RUM Group Inc.,NASDAQ,Internet Software/Services,6.96,7.49,8.04,8.14,7.95,7.47,7.02,6.78,7.51,7.81,7.16,6.82,6.98,8.01,0.56,4075755.8,5260312.133333334,36611772.0,42806667.0,0.86,1.14,3450838850.8114285,-16.65,295,8.07,109,35.67,113,9.03,-1.56,-13.42,1.35,0.61,25.1,0.321,18.14,False,False,False,True,False,True,True,True,False,True,False,True,False,False,False,False,2026-11-16,False,False,5,thin RVOL,"near21, ADR",6,https://www.tradingview.com/chart/?symbol=NASDAQ:RUM&interval=D,False,False,False
VCYT,"Veracyte, Inc.",NASDAQ,Medical Specialties,45.23,45.17,43.73,43.53,43.76,48.49,43.67,42.56,44.7,44.37,46.17,43.5,6.13,5.7,2.58,1336792.0,1410887.9333333333,63814461.0,61411014.0,0.68,0.24,3636072672.255046,5.7,107,-23.47,301,44.64,97,8.96,0.59,3.44,0.34,1.04,67.1,0.242,13.11,False,True,True,True,False,True,False,False,False,True,True,False,False,False,False,False,2026-11-10,False,False,4,"LoD>60% ATR, thin RVOL","EMA, near21",5,https://www.tradingview.com/chart/?symbol=NASDAQ:VCYT&interval=D,False,False,False
CEG,Constellation Energy Corporation,NASDAQ,Electric Utilities,298.07,274.62,268.1,274.39,273.98,268.57,277.81,286.14,280.52,275.2,300.98,286.83,4.15,4.77,14.23,5146235.0,3640697.6333333333,1085182744.0,998957068.0,0.86,1.05,105608401396.92719,0.46,143,19.08,77,6.3,198,8.61,1.84,11.18,1.74,0.99,79.0,0.216,6.05,True,True,True,True,False,False,True,False,False,False,False,False,False,True,False,False,2026-11-09,False,False,5,LoD>60% ATR,EMA,6,https://www.tradingview.com/chart/?symbol=NASDAQ:CEG&interval=D,False,False,False
AUR,"Aurora Innovation, Inc.",NASDAQ,Packaged Software,5.83,5.62,5.98,6.03,6.22,6.35,5.96,5.58,5.77,5.9,5.85,5.68,5.15,5.2,0.3,25426164.9,30665655.633333333,178780772.0,184852572.0,0.53,1.4,11684171907.478184,-9.75,224,-8.48,190,43.77,100,8.51,-1.21,-2.54,0.22,0.56,49.5,0.266,13.26,False,False,False,True,True,True,True,True,False,True,False,True,False,True,False,False,2026-10-28,False,False,6,,"near21, ADR",7,https://www.tradingview.com/chart/?symbol=NASDAQ:AUR&interval=D,False,False,False
RHI,Robert Half Inc.,NYSE,Personnel Services,33.93,35.43,36.38,38.1,39.92,36.44,32.76,31.44,35.12,36.53,34.57,33.9,4.02,4.23,1.44,1718124.0,1823985.0333333334,61887812.0,69502342.0,0.58,-0.38,3473136793.3935485,-13.64,262,1.4,148,36.65,112,8.14,-3.55,-6.73,1.68,0.47,2.1,0.167,24.99,False,False,False,True,False,False,True,True,False,True,False,True,False,False,False,False,2026-10-27,False,False,5,thin RVOL,ADR,5,https://www.tradingview.com/chart/?symbol=NYSE:RHI&interval=D,False,False,False
EXPE,"Expedia Group, Inc.",NASDAQ,Other Consumer Services,274.22,264.5,271.18,279.61,295.87,272.52,261.19,259.53,266.97,272.79,274.98,268.78,4.15,4.03,11.06,1725086.3,2145667.4,588384914.0,599958644.0,0.68,0.73,32911579995.801727,2.94,129,2.4,140,18.41,161,7.92,-1.81,1.12,0.13,0.56,49.2,0.161,13.25,False,False,False,True,True,True,True,True,False,True,False,True,False,True,False,False,2026-11-04,False,False,6,,"near21, ADR",7,https://www.tradingview.com/chart/?symbol=NASDAQ:EXPE&interval=D,False,False,False
VSAT,"ViaSat, Inc.",NASDAQ,Telecommunications Equipment,72.01,70.79,72.12,71.96,74.82,73.46,68.06,61.78,71.19,71.94,74.92,70.44,5.36,6.14,4.42,1854914.3,1767384.7666666666,127269377.0,127181008.0,1.78,5.0,9919796675.967808,-7.59,200,2.45,139,28.59,127,7.82,-0.61,-0.15,0.01,1.01,35.4,0.127,18.11,False,False,False,True,True,True,False,False,False,True,True,True,True,True,True,False,2026-11-11,False,True,5,large gap,"near21, RVOL",5,https://www.tradingview.com/chart/?symbol=NASDAQ:VSAT&interval=D,False,False,False
TH,Target Hospitality Corp.,NASDAQ,Hotels/Resorts/Cruise lines,18.41,19.01,19.69,19.44,18.4,18.09,16.45,14.23,18.98,19.2,18.55,18.03,4.5,4.89,0.9,2575388.0,2419177.3,44537054.0,47028000.0,0.39,-0.27,1834067167.623568,-1.81,162,0.6,150,23.56,143,7.45,0.01,-6.5,0.84,0.58,42.2,0.234,29.67,False,False,False,True,False,True,True,True,False,True,False,True,False,False,False,False,2026-11-11,False,False,5,thin RVOL,"near21, ADR",6,https://www.tradingview.com/chart/?symbol=NASDAQ:TH&interval=D,False,False,False
DIOD,Diodes Incorporated,NASDAQ,Semiconductors,94.94,99.48,96.04,94.2,94.6,97.66,93.79,85.42,98.55,96.94,97.72,94.34,4.26,5.15,4.89,520140.2,531541.6,50464560.0,50072193.0,0.7,1.54,4372148719.596426,6.01,104,2.08,144,14.25,175,7.44,0.07,-1.14,0.4,0.69,12.4,0.2,14.8,False,False,False,True,True,True,True,False,False,True,False,True,False,False,False,False,2026-11-05,False,False,5,thin RVOL,near21,6,https://www.tradingview.com/chart/?symbol=NASDAQ:DIOD&interval=D,False,False,False
TTAN,"ServiceTitan, Inc.",NASDAQ,Packaged Software,72.59,68.18,63.25,69.37,77.71,74.68,71.09,74.23,68.88,68.55,75.24,71.88,5.14,5.63,4.08,2106337.9,3561776.066666667,258549325.0,247069720.0,0.79,1.03,7002604828.153847,8.14,90,-10.38,200,23.85,140,7.2,-1.17,14.76,1.05,0.82,17.4,0.376,19.91,False,False,True,False,False,True,True,False,False,True,False,True,False,False,False,False,2027-01-19,False,False,4,"thin RVOL, below 200-MA","EMA, near21",5,https://www.tradingview.com/chart/?symbol=NASDAQ:TTAN&interval=D,False,False,False
CIEN,Ciena Corporation,NYSE,Telecommunications Equipment,449.77,397.69,373.51,364.93,380.65,423.73,437.61,396.64,408.72,388.43,454.73,424.02,4.86,5.49,24.7,3153793.6,2935351.433333333,1320233014.0,1071185079.0,1.29,2.36,63781222662.81024,31.55,16,-0.71,153,-9.7,256,7.04,3.31,20.42,2.88,1.24,104.3,0.408,14.25,True,True,True,True,False,False,False,False,False,False,True,False,False,True,True,False,2026-12-10,False,True,4,"LoD>60% ATR, large gap","EMA, RVOL",5,https://www.tradingview.com/chart/?symbol=NYSE:CIEN&interval=D,True,False,False
EAT,"Brinker International, Inc.",NYSE,Restaurants,193.87,194.54,200.09,208.32,218.45,192.16,176.23,170.95,194.9,201.25,196.82,187.76,4.46,4.68,9.07,1204351.1,1366004.8,264827351.0,284560656.0,0.9,-0.25,8119519730.440747,-11.91,248,6.52,116,25.48,137,6.7,-2.4,-3.11,0.78,1.0,67.3,0.152,24.5,False,False,False,True,False,True,True,False,False,True,False,False,False,False,False,False,2026-11-04,False,False,4,"LoD>60% ATR, thin RVOL",near21,4,https://www.tradingview.com/chart/?symbol=NYSE:EAT&interval=D,False,False,False
RMBS,"Rambus, Inc.",NASDAQ,Semiconductors,107.47,108.31,100.84,95.84,95.51,110.5,110.4,108.3,107.52,102.9,110.82,104.54,4.88,4.86,5.22,1471076.1,2352651.3333333335,252839439.0,225467125.0,0.7,2.17,11656368418.520052,24.3,30,-3.46,169,-0.99,219,6.62,2.58,6.57,0.91,1.2,56.0,0.423,13.95,False,False,False,False,False,True,False,False,False,True,True,True,False,True,False,False,2026-10-26,False,True,4,"below 200-MA, large gap",near21,3,https://www.tradingview.com/chart/?symbol=NASDAQ:RMBS&interval=D,False,False,False
TSEM,Tower Semiconductor Ltd.,NASDAQ,Semiconductors,228.71,238.38,228.19,222.24,227.44,239.01,224.07,199.85,236.47,231.67,238.58,224.8,5.24,6.42,14.68,1706391.4,1859876.0,425372240.0,413333573.0,0.67,2.74,25804192837.258366,4.77,112,3.81,131,11.02,183,6.54,0.09,0.23,0.2,0.94,26.6,0.294,17.12,False,False,False,True,True,True,True,False,False,True,False,True,False,True,False,False,2026-11-16,False,True,5,large gap,near21,6,https://www.tradingview.com/chart/?symbol=NASDAQ:TSEM&interval=D,False,False,False
CLS,"Celestica, Inc.",NYSE,Electronic Components,362.16,370.6,356.33,341.75,334.33,347.5,344.98,332.83,367.11,357.33,369.0,354.0,4.93,5.35,19.36,1973570.1,2175096.2,787732840.0,743349277.0,0.61,2.58,45672400017.396194,8.59,84,2.31,141,7.55,193,6.15,1.56,1.64,0.25,0.77,42.1,0.243,10.43,False,False,False,True,True,True,True,False,False,True,False,True,False,True,False,False,2026-10-26,False,True,5,large gap,near21,6,https://www.tradingview.com/chart/?symbol=NYSE:CLS&interval=D,False,False,False
AMBA,"Ambarella, Inc.",NASDAQ,Semiconductors,67.43,67.77,67.4,67.24,71.77,72.26,68.46,67.99,67.16,67.84,67.83,62.43,5.34,5.72,3.86,1112727.1,1757453.0333333334,118505058.0,118170556.0,1.86,1.76,2976425722.5748134,6.91,98,-13.84,222,25.31,138,6.13,-1.06,0.05,0.11,1.4,129.7,0.148,7.21,False,False,False,False,True,True,False,False,False,True,True,False,True,True,True,False,2026-12-01,False,False,4,"LoD>60% ATR, below 200-MA","near21, RVOL",3,https://www.tradingview.com/chart/?symbol=NASDAQ:AMBA&interval=D,False,False,False
ONTO,Onto Innovation Inc.,NYSE,Electronic Equipment/Instruments,294.53,307.46,286.77,280.49,288.35,290.53,276.29,257.42,301.3,294.27,299.22,290.0,4.02,5.2,15.31,760648.1,840895.1333333333,247668844.0,235858752.0,0.76,2.08,14453838176.732426,5.58,108,-4.64,173,16.92,166,5.95,0.41,2.7,0.02,0.6,29.6,0.355,16.99,False,False,False,True,True,True,True,False,False,True,False,True,False,True,False,False,2026-10-29,False,True,5,large gap,near21,6,https://www.tradingview.com/chart/?symbol=NYSE:ONTO&interval=D,False,False,False
EPAM,"EPAM Systems, Inc.",NYSE,Information Technology Services,113.24,110.04,112.29,113.71,110.1,100.85,108.48,128.12,111.06,111.27,115.79,111.88,4.15,4.44,5.03,913314.5,1070918.1666666667,121270773.0,121771249.0,0.49,0.74,5841709522.905321,-2.38,165,27.18,63,-8.7,251,5.37,0.64,0.85,0.4,0.78,26.9,0.173,24.08,False,True,False,False,True,True,True,False,False,True,False,True,False,False,False,False,2026-11-05,False,False,4,"thin RVOL, below 200-MA",near21,6,https://www.tradingview.com/chart/?symbol=NYSE:EPAM&interval=D,False,False,False
WOLF,"Wolfspeed, Inc.",NYSE,Semiconductors,30.61,30.87,28.32,27.83,28.03,36.49,33.67,29.85,30.62,29.4,31.62,29.94,8.36,8.81,2.7,5799488.800000114,3521597.933333355,107796113.0,98016635.0,0.57,0.74,1620204731.5167634,7.78,93,-14.92,228,22.73,147,5.2,1.04,8.1,0.47,0.62,24.7,0.461,27.64,False,False,False,True,False,True,True,True,False,True,False,True,False,False,False,False,2026-10-28,False,False,5,thin RVOL,"near21, ADR",6,https://www.tradingview.com/chart/?symbol=NYSE:WOLF&interval=D,False,False,False
AXTI,AXT Inc,NASDAQ,Electronic Production Equipment,68.46,78.76,74.5,70.27,71.61,75.09,74.55,61.94,76.69,74.89,75.49,68.2,9.03,9.96,6.82,7617281.9,8376164.066666666,573432192.0,588573505.0,1.17,2.94,4489142299.950879,-0.19,150,11.86,100,3.73,206,5.13,-0.44,-8.1,0.86,1.07,3.8,0.439,24.57,False,False,False,True,False,True,False,False,False,True,True,True,False,False,False,False,2026-10-29,False,True,4,"thin RVOL, large gap",near21,4,https://www.tradingview.com/chart/?symbol=NASDAQ:AXTI&interval=D,False,False,False
VST,Vistra Corp.,NYSE,Electric Utilities,161.48,148.67,144.46,144.56,143.9,149.89,151.87,154.74,151.94,147.6,161.95,155.73,4.07,4.34,7.01,9408146.7,6138789.366666666,991291707.0,887445900.0,0.77,0.71,54198370732.92429,7.65,94,2.49,138,5.2,202,5.12,2.82,11.78,2.17,0.89,82.1,0.241,6.72,True,True,True,True,False,False,True,False,False,False,False,False,False,True,False,False,2026-11-06,False,False,5,LoD>60% ATR,EMA,6,https://www.tradingview.com/chart/?symbol=NYSE:VST&interval=D,False,False,False
HUBS,"HubSpot, Inc.",NYSE,Packaged Software,228.3,215.56,221.17,228.81,230.05,217.11,221.92,242.26,221.12,222.44,235.59,227.02,5.0,5.48,12.51,1474799.0,1617936.4666666666,369374895.0,370197346.0,1.03,0.82,11384453164.580746,-4.65,182,7.69,111,11.79,179,4.94,-0.14,3.22,0.48,0.68,10.2,0.227,11.7,False,False,False,False,False,True,True,False,False,True,False,True,False,True,False,False,2026-11-11,False,False,5,below 200-MA,near21,4,https://www.tradingview.com/chart/?symbol=NYSE:HUBS&interval=D,False,False,False
ACMR,"ACM Research, Inc.",NASDAQ,Industrial Machinery,71.37,76.59,74.03,73.56,76.27,83.65,72.41,67.9,74.79,75.13,72.9,69.36,6.55,6.76,4.82,1357897.5,1178066.4000000001,84078599.0,86654245.0,0.55,1.5,4970863245.736018,-6.56,195,-28.63,327,49.43,93,4.75,-0.95,-3.59,0.74,0.73,41.6,0.303,22.07,False,False,False,True,False,True,True,False,False,True,False,True,False,False,False,False,2026-10-28,False,False,5,thin RVOL,near21,5,https://www.tradingview.com/chart/?symbol=NASDAQ:ACMR&interval=D,False,False,False
FIG,FIGMA INC,NYSE,Packaged Software,22.5,21.56,22.03,22.97,24.23,22.87,22.32,24.17,21.96,22.34,23.19,22.23,4.45,5.14,1.16,8937887.0,12852190.7,289174291.0,295257661.0,0.85,0.35,11992715936.367655,-2.39,166,-1.53,159,17.92,162,4.67,-1.39,2.15,0.14,0.83,23.3,0.179,11.85,False,False,False,False,True,True,True,False,False,True,False,True,False,True,False,False,2026-11-11,False,False,5,below 200-MA,near21,5,https://www.tradingview.com/chart/?symbol=NYSE:FIG&interval=D,False,False,False
NCNO,"nCino, Inc.",NASDAQ,Packaged Software,19.73,18.96,19.83,20.69,20.45,18.38,17.78,18.56,19.38,19.76,20.13,19.6,4.34,4.38,0.87,2108046.6,2253312.3,44457852.0,46622534.0,0.88,1.12,2086174775.8592482,-11.37,242,13.85,96,11.41,181,4.63,-0.8,-0.5,0.03,0.61,15.0,0.244,13.55,False,False,False,True,True,True,True,True,False,True,False,True,False,False,False,False,2026-12-02,False,False,5,thin RVOL,"near21, ADR",7,https://www.tradingview.com/chart/?symbol=NASDAQ:NCNO&interval=D,False,False,False
KLIC,"Kulicke and Soffa Industries, Inc.",NASDAQ,Industrial Machinery,92.01,95.1,89.9,87.08,88.35,98.78,92.11,84.28,93.57,91.39,92.78,90.13,4.06,4.42,4.07,613649.8,692010.3,63671868.0,60260603.0,0.41,1.68,4814801591.031568,11.78,66,-15.64,232,16.67,168,4.27,0.94,2.35,0.15,0.65,46.2,0.291,15.75,False,False,False,True,True,True,True,True,False,True,False,True,False,False,False,False,2026-11-18,False,False,5,thin RVOL,"near21, ADR",7,https://www.tradingview.com/chart/?symbol=NASDAQ:KLIC&interval=D,False,False,False
KOS,Kosmos Energy Ltd.,NYSE,Integrated Oil,2.64,2.58,2.68,2.74,2.71,2.62,2.68,2.39,2.62,2.66,2.74,2.62,5.54,5.89,0.16,13736668.0,12755446.0,33674377.0,35013699.0,0.64,0.74,1572087323.8661711,-10.81,234,19.46,76,3.53,207,4.06,-0.42,-1.44,0.13,0.77,12.9,0.221,12.14,False,False,False,True,True,True,True,False,False,True,False,True,False,False,False,False,2026-11-09,False,False,5,thin RVOL,near21,6,https://www.tradingview.com/chart/?symbol=NYSE:KOS&interval=D,False,False,False
ARQT,"Arcutis Biotherapeutics, Inc.",NASDAQ,Pharmaceuticals: Major,26.58,25.53,25.72,25.09,25.39,25.29,24.53,25.11,25.37,25.44,26.97,24.3,5.17,4.88,1.3,2275670.0,2981666.3,79252690.0,74814480.0,0.75,0.04,3340892350.6329117,10.52,71,-7.26,183,8.62,189,3.96,0.96,3.36,0.92,2.06,175.8,0.181,4.45,True,True,False,True,False,True,False,False,False,True,True,False,False,False,False,True,2026-10-29,False,False,4,"LoD>60% ATR, thin RVOL",near21,6,https://www.tradingview.com/chart/?symbol=NASDAQ:ARQT&interval=D,False,False,False
COIN,"Coinbase Global, Inc.",NASDAQ,Investment Banks/Brokers,179.39,184.43,186.76,184.41,174.57,169.93,177.14,183.78,182.98,183.72,183.61,171.6,5.08,6.01,10.78,8372628.6,9504219.166666666,1704961876.0,1752657216.0,1.59,1.64,47329719430.0,-2.8,172,7.63,112,5.93,200,3.59,0.46,-3.95,0.39,1.11,72.3,0.22,9.38,False,False,False,False,False,True,False,False,False,True,True,False,True,True,True,False,2026-10-29,False,False,4,"LoD>60% ATR, below 200-MA","near21, RVOL",2,https://www.tradingview.com/chart/?symbol=NASDAQ:COIN&interval=D,False,False,False
ORKA,"Oruka Therapeutics, Inc.",NASDAQ,Pharmaceuticals: Major,82.11,82.1,87.16,88.8,94.65,85.92,76.12,65.19,82.57,86.07,82.24,77.0,5.55,5.62,4.62,1031864.1,961296.4333333333,78932050.0,85364405.0,1.26,-0.05,5436477880.5,-12.27,253,-6.65,179,29.37,124,3.48,-2.36,-5.79,0.82,1.14,110.7,0.278,35.88,False,False,False,True,False,True,False,False,False,True,True,False,False,False,True,False,2026-11-18,False,False,4,"LoD>60% ATR, thin RVOL","near21, RVOL",3,https://www.tradingview.com/chart/?symbol=NASDAQ:ORKA&interval=D,False,False,False
COCO,"The Vita Coco Company, Inc.",NASDAQ,Food: Specialty/Candy,58.39,55.93,56.55,56.18,59.42,67.03,63.7,61.42,55.95,56.62,58.49,54.34,4.89,4.97,2.9,1138374.8,1418390.3333333333,82819812.0,79682805.0,1.28,-1.07,3351415665.584852,9.59,78,-17.92,256,17.32,165,3.0,-0.35,3.25,0.63,1.43,139.5,0.135,19.02,False,False,False,False,False,True,False,False,False,True,True,False,False,False,True,False,2026-11-04,False,False,3,"LoD>60% ATR, thin RVOL, below 200-MA","near21, RVOL",2,https://www.tradingview.com/chart/?symbol=NASDAQ:COCO&interval=D,False,False,False
WRBY,Warby Parker Inc.,NYSE,Specialty Stores,25.3,26.29,25.28,24.98,25.66,25.93,25.19,25.19,25.77,25.58,25.34,24.57,6.21,5.81,1.47,3188501.5,3164147.8,80052939.0,79035138.0,0.45,-0.12,3127283700.9979963,2.39,133,-14.24,225,20.59,155,2.91,-0.24,0.07,0.19,0.52,49.7,0.254,4.35,False,False,False,True,True,True,True,True,False,True,False,True,False,False,False,True,2026-11-05,False,False,5,thin RVOL,"near21, ADR",8,https://www.tradingview.com/chart/?symbol=NYSE:WRBY&interval=D,False,False,False
BLSH,Bullish,NYSE,Packaged Software,32.59,33.91,35.79,35.32,31.77,29.29,32.55,33.17,33.79,34.36,33.6,31.54,6.28,6.91,2.25,938880.5,1350096.0666666667,43999631.0,47679543.0,0.99,1.62,4898348684.511621,-9.19,215,28.06,61,-11.1,261,2.59,0.37,-8.94,0.75,0.91,46.6,0.318,19.94,False,False,False,False,False,True,True,False,False,True,False,True,False,False,False,False,2026-11-25,False,False,4,"thin RVOL, below 200-MA",near21,4,https://www.tradingview.com/chart/?symbol=NYSE:BLSH&interval=D,False,False,False
IDYA,"IDEAYA Biosciences, Inc.",NASDAQ,Pharmaceuticals: Major,36.11,37.28,37.63,38.17,38.06,35.71,34.2,34.14,36.98,37.52,36.72,35.94,4.42,3.98,1.44,743729.5,805161.2666666667,29074373.0,30732469.0,0.97,-0.33,3484235497.5188575,-7.86,202,-2.43,162,16.86,167,2.19,-1.29,-4.05,0.94,0.54,11.8,0.102,10.85,False,False,False,True,False,True,True,True,False,True,False,True,False,False,False,False,2026-11-10,False,False,5,thin RVOL,"near21, ADR",6,https://www.tradingview.com/chart/?symbol=NASDAQ:IDYA&interval=D,False,False,False
COHR,Coherent Corp.,NYSE,Semiconductors,312.62,314.02,305.01,298.27,304.1,326.66,317.98,292.64,315.32,308.82,332.09,302.35,6.36,7.05,22.03,7277789.3,6591554.466666667,2060651757.0,1966038782.0,1.17,5.34,61221077628.4586,3.56,121,-2.73,165,5.63,201,2.16,0.4,2.5,0.17,1.35,46.6,0.275,10.88,False,False,False,True,True,True,False,False,False,True,True,True,False,True,False,False,2026-11-11,False,True,5,large gap,near21,5,https://www.tradingview.com/chart/?symbol=NYSE:COHR&interval=D,False,False,False
KMX,CarMax Inc,NYSE,Specialty Stores,52.61,55.15,56.66,58.26,58.82,54.8,50.12,48.55,54.85,56.39,53.74,52.45,5.11,4.48,2.36,4557959.0,2926904.7,153984456.0,170511711.0,0.43,-0.53,7467611364.280164,-11.82,246,2.06,145,15.37,173,1.87,-2.36,-7.15,1.5,0.55,6.8,0.158,19.52,False,False,False,True,False,True,True,True,False,True,False,True,False,False,False,False,2026-12-17,False,False,5,thin RVOL,"near21, ADR",6,https://www.tradingview.com/chart/?symbol=NYSE:KMX&interval=D,False,False,False
CRCL,"Circle Internet Group, Inc.",NYSE,Packaged Software,84.51,82.94,86.66,88.98,83.32,80.95,89.84,86.03,83.87,85.41,87.6,80.4,5.38,6.66,5.63,9854465.9,13647261.633333333,1153330081.0,1214365184.0,1.34,1.61,21559590345.81754,-14.55,270,19.6,75,-4.02,232,0.34,0.22,-2.49,0.16,1.28,73.0,0.24,10.51,False,False,False,False,True,True,False,False,False,True,True,False,False,True,True,False,2026-11-04,False,False,4,"LoD>60% ATR, below 200-MA","near21, RVOL",3,https://www.tradingview.com/chart/?symbol=NYSE:CRCL&interval=D,False,False,False
CNXC,Concentrix Corporation,NASDAQ,Information Technology Services,25.95,25.71,27.28,28.18,27.12,26.1,26.58,29.43,26.29,26.86,27.97,25.81,9.17,8.37,2.17,2393848.5,1991938.6333333333,51690808.0,56131503.0,0.4,0.37,1585686203.6608791,-7.75,201,17.85,80,-10.92,258,-0.27,-0.51,-4.89,0.4,1.0,6.4,0.269,14.35,False,False,False,False,False,True,True,False,False,True,False,True,False,False,False,False,2027-01-19,False,False,4,"thin RVOL, below 200-MA",near21,4,https://www.tradingview.com/chart/?symbol=NASDAQ:CNXC&interval=D,False,False,False
CAMT,Camtek Ltd.,NASDAQ,Electronic Components,152.81,154.18,149.12,146.15,148.93,155.13,161.43,156.93,153.06,150.84,156.65,149.68,4.37,5.11,7.81,406408.8,386159.6,59009048.0,56437740.0,0.6,1.28,7131363782.659069,4.04,118,8.22,108,-14.25,279,-0.66,0.51,2.47,0.26,0.89,40.2,0.208,8.18,False,False,False,False,True,True,True,False,False,True,False,True,False,False,False,False,2026-11-17,False,False,4,"thin RVOL, below 200-MA",near21,5,https://www.tradingview.com/chart/?symbol=NASDAQ:CAMT&interval=D,False,False,False
FIVE,"Five Below, Inc.",NASDAQ,Discount Stores,214.73,216.65,225.08,231.92,234.79,217.08,219.89,215.5,216.3,223.19,216.05,206.95,4.14,4.24,9.11,966220.3,1196273.9333333333,256875902.0,277444436.0,1.05,0.51,11821752735.338055,-15.1,278,15.46,87,-3.92,231,-1.18,-2.01,-4.6,0.89,1.0,85.4,0.197,8.98,False,False,False,False,False,True,True,False,False,True,False,False,False,True,False,False,2026-12-02,False,False,4,"LoD>60% ATR, below 200-MA",near21,3,https://www.tradingview.com/chart/?symbol=NASDAQ:FIVE&interval=D,False,False,False
COMP,"Compass, Inc.",NYSE,Real Estate Development,9.39,9.2,9.58,9.94,10.85,10.53,9.63,10.06,9.36,9.66,9.52,9.28,4.59,4.91,0.46,16920031.2,15485355.233333332,145407486.0,153945078.0,0.62,-0.74,7208183607.734244,-12.24,251,-21.75,291,30.06,123,-1.31,-2.74,-1.95,0.57,0.53,25.0,0.224,17.57,False,False,False,False,True,True,True,True,False,True,False,True,False,False,False,False,2026-11-11,False,False,4,"thin RVOL, below 200-MA","near21, ADR",6,https://www.tradingview.com/chart/?symbol=NYSE:COMP&interval=D,False,False,False
FN,Fabrinet,NYSE,Semiconductors,486.28,458.81,426.48,420.33,451.26,508.37,544.68,532.47,463.47,445.37,515.0,475.0,4.49,5.05,24.55,890224.1,813597.8333333334,395636354.0,341979035.0,0.77,3.0,17425776094.193752,16.25,52,2.05,146,-23.17,308,-1.62,1.54,14.02,1.82,1.63,46.0,0.371,24.31,False,True,True,False,False,False,False,False,False,False,True,True,False,True,False,False,2026-11-09,False,True,4,"below 200-MA, large gap",EMA,4,https://www.tradingview.com/chart/?symbol=NYSE:FN&interval=D,False,False,False
BLLN,"BillionToOne, Inc.",NASDAQ,Medical/Nursing Services,98.09,105.62,108.19,104.35,104.35,107.74,98.51,95.29,103.19,105.18,100.31,94.46,8.18,7.13,6.99,567502.7,614416.6333333333,60268128.0,64117243.0,0.55,-1.0,4628576567.104602,0.56,142,-23.01,300,17.5,163,-1.65,-0.84,-9.34,0.95,0.84,51.9,0.321,13.16,False,False,False,True,False,True,True,True,False,True,False,True,False,False,False,False,2026-12-15,False,False,5,thin RVOL,"near21, ADR",6,https://www.tradingview.com/chart/?symbol=NASDAQ:BLLN&interval=D,False,False,False
HUT,Hut 8 Corp.,NASDAQ,Data Processing Services,84.27,88.23,92.55,91.12,90.35,100.76,90.17,81.37,88.34,90.38,84.45,77.71,7.35,8.6,7.25,5705541.20000001,4944696.533333333,416689577.0,450541793.0,1.2,2.44,10387074897.066338,-15.3,280,-20.58,274,30.65,122,-1.74,-0.78,-8.94,0.79,0.93,90.5,0.296,23.01,False,False,False,True,False,True,True,False,False,True,False,False,False,True,False,False,2026-11-04,False,True,4,"LoD>60% ATR, large gap",near21,4,https://www.tradingview.com/chart/?symbol=NASDAQ:HUT&interval=D,False,False,False
JBL,Jabil Inc.,NYSE,Industrial Machinery,306.28,304.39,304.01,304.88,316.7,332.44,322.65,303.72,303.94,305.86,307.31,298.0,4.23,4.23,12.94,1842052.1,1365705.9333333333,418288413.0,416382343.0,0.69,1.28,32094189241.91589,-1.55,158,-7.24,182,3.16,208,-1.88,-0.78,0.75,0.03,0.72,64.0,0.107,9.38,False,False,False,True,True,True,True,True,False,True,False,False,False,True,False,False,2026-12-10,False,False,5,LoD>60% ATR,"near21, ADR",6,https://www.tradingview.com/chart/?symbol=NYSE:JBL&interval=D,False,False,False
VRDN,"Viridian Therapeutics, Inc.",NASDAQ,Pharmaceuticals: Major,18.66,19.2,20.44,21.2,21.84,19.87,19.71,22.49,19.2,20.15,18.72,18.16,4.78,4.75,0.89,1918545.1,1741343.6333333333,32493472.0,36920258.0,0.67,-0.16,2114033716.6881132,-19.26,327,-7.58,186,20.93,153,-1.97,-3.07,-8.69,1.56,0.63,56.4,0.282,17.6,False,False,False,False,False,False,True,True,False,True,False,True,False,False,False,False,2026-11-16,False,False,4,"thin RVOL, below 200-MA",ADR,4,https://www.tradingview.com/chart/?symbol=NASDAQ:VRDN&interval=D,False,False,False
VG,"Venture Global, Inc.",NYSE,Oil & Gas Pipelines,13.16,13.04,13.49,13.96,13.87,13.21,13.31,12.23,13.22,13.46,13.45,13.05,4.61,4.93,0.65,10519226.2,13439338.766666668,176861698.0,187545972.0,0.56,-0.41,32901221960.95711,-12.33,254,4.44,125,1.46,210,-2.14,-1.04,-2.44,0.45,0.62,16.9,0.24,12.46,False,False,False,True,True,True,True,True,False,True,False,True,False,True,False,False,2026-11-16,False,False,6,,"near21, ADR",7,https://www.tradingview.com/chart/?symbol=NYSE:VG&interval=D,False,False,False
STRL,"Sterling Infrastructure, Inc.",NASDAQ,Engineering & Construction,513.0,518.62,509.62,499.55,516.25,641.39,602.11,544.75,520.55,515.38,533.0,508.0,5.15,5.87,30.12,515827.7,542057.8333333334,278075668.0,270783545.0,0.74,2.14,15691908994.419476,2.59,132,-26.6,319,17.36,164,-2.22,-0.11,0.66,0.08,0.83,16.6,0.173,25.69,False,False,False,False,True,True,True,False,False,True,False,True,False,True,False,False,2026-11-09,False,True,4,"below 200-MA, large gap",near21,5,https://www.tradingview.com/chart/?symbol=NASDAQ:STRL&interval=D,False,False,False
KVYO,"Klaviyo, Inc. Series A",NYSE,Packaged Software,17.32,16.39,16.31,17.06,17.48,16.67,17.27,18.85,16.74,16.71,17.95,17.06,4.97,5.43,0.94,5703755.7,6436788.733333333,111485181.0,109824489.0,0.66,0.91,4931479023.426296,-2.97,174,-1.48,158,-2.26,224,-2.24,-0.17,6.21,0.67,0.95,28.2,0.176,14.67,False,False,True,False,False,True,True,False,False,True,False,True,False,False,False,False,2026-11-11,False,False,4,"thin RVOL, below 200-MA","EMA, near21",5,https://www.tradingview.com/chart/?symbol=NYSE:KVYO&interval=D,False,False,False
GEN,Gen Digital Inc.,NASDAQ,Packaged Software,23.25,22.14,25.06,26.86,27.56,26.55,24.43,24.48,23.06,24.55,23.27,22.76,5.79,4.63,1.08,13790416.1,10867482.8,252668975.0,291887909.0,0.46,1.01,13917148590.065933,-22.5,344,-12.0,211,26.77,132,-2.58,-3.38,-7.24,1.14,0.47,45.6,0.598,23.31,False,False,False,False,False,True,True,True,False,True,False,True,False,True,False,False,2026-11-10,False,False,5,below 200-MA,"near21, ADR",5,https://www.tradingview.com/chart/?symbol=NASDAQ:GEN&interval=D,False,False,False
GLOB,Globant S.A.,NYSE,Information Technology Services,36.32,35.47,36.08,36.95,37.58,36.1,38.71,44.04,35.88,36.17,37.4,36.14,4.1,4.86,1.76,820145.1,942940.8,34247610.0,34843863.0,0.61,0.24,1568281368.2439947,-2.18,164,14.61,89,-20.49,300,-2.69,-0.69,0.67,0.09,0.71,10.2,0.203,23.6,False,False,False,False,True,True,True,False,False,True,False,True,False,False,False,False,2026-11-12,False,False,4,"thin RVOL, below 200-MA",near21,5,https://www.tradingview.com/chart/?symbol=NYSE:GLOB&interval=D,False,False,False
VIRT,"Virtu Financial, Inc.",NYSE,Investment Banks/Brokers,57.51,57.39,56.78,59.09,59.52,58.62,54.77,50.45,57.94,58.04,57.93,56.7,4.42,4.38,2.52,1544113.1,1199684.2,68993838.0,70883341.0,0.46,0.21,8925565500.574469,-9.3,217,-15.35,230,16.32,169,-2.78,-0.77,1.29,0.21,0.49,32.2,0.205,15.78,False,False,False,True,True,True,True,True,False,True,False,True,False,False,False,False,2026-11-05,False,False,5,thin RVOL,"near21, ADR",7,https://www.tradingview.com/chart/?symbol=NYSE:VIRT&interval=D,False,False,False
CNH,CNH Industrial N.V.,NYSE,Trucks/Construction/Farm Machinery,11.39,12.8,13.18,13.2,12.27,11.42,11.18,11.19,12.65,12.84,12.34,11.38,4.54,4.96,0.56,15745512.700000003,22173025.466666665,252550760.0,292728282.0,1.61,0.08,14097698727.781534,-16.5,293,10.05,105,-2.65,227,-3.03,-1.44,-13.57,2.28,1.71,1.8,0.182,17.52,False,False,False,True,False,False,False,False,False,False,True,True,True,True,True,False,2026-11-10,False,False,6,,RVOL,3,https://www.tradingview.com/chart/?symbol=NYSE:CNH&interval=D,False,False,False
KEEL,Keel Infrastructure Corp.,NASDAQ,Data Processing Services,3.05,3.42,3.6,3.52,3.54,4.33,3.82,3.47,3.39,3.5,3.23,3.02,6.74,8.36,0.25,24727429.1,30675595.333333332,93560566.0,108100798.0,1.23,2.54,1883598260.0,-18.01,316,-37.76,369,45.24,96,-3.51,-1.67,-15.16,1.54,0.82,11.8,0.334,29.68,False,False,False,False,False,False,True,False,False,False,False,True,False,False,True,False,2026-11-16,False,True,3,"thin RVOL, below 200-MA, large gap",RVOL,3,https://www.tradingview.com/chart/?symbol=NASDAQ:KEEL&interval=D,False,False,False
SGRY,"Surgery Partners, Inc.",NASDAQ,Hospital/Nursing Management,13.89,13.75,13.92,13.98,14.31,14.7,14.23,14.47,13.75,13.91,14.06,13.6,5.16,4.7,0.65,1387324.9,2236675.2,31067419.0,31276920.0,0.63,0.37,1818454658.4875367,0.14,145,-18.25,260,6.6,196,-3.83,-0.62,-0.19,0.03,0.7,43.7,0.177,6.86,False,False,False,False,True,True,True,True,False,True,False,True,False,False,False,False,2026-11-10,False,False,4,"thin RVOL, below 200-MA","near21, ADR",6,https://www.tradingview.com/chart/?symbol=NASDAQ:SGRY&interval=D,False,False,False
HRI,Herc Holdings Inc.,NYSE,Finance/Rental/Leasing,123.46,129.82,134.13,137.28,148.34,146.01,135.48,140.68,129.7,134.35,125.15,121.85,6.0,6.02,7.44,589729.1,791506.3,97719368.0,108654819.0,0.78,1.03,4127446352.504925,-15.93,286,-15.69,234,19.15,157,-4.16,-2.78,-7.95,1.35,0.44,21.6,0.188,15.0,False,False,False,False,False,True,True,True,False,True,False,True,False,False,False,False,2026-10-15,True,False,3,"thin RVOL, earnings soon, below 200-MA","near21, ADR",4,https://www.tradingview.com/chart/?symbol=NYSE:HRI&interval=D,False,False,False
WGS,GeneDx Holdings Corp.,NASDAQ,Medical/Nursing Services,67.33,72.94,83.4,84.19,82.01,70.77,68.11,76.67,73.54,78.55,69.73,67.22,9.14,8.32,5.6,761250.3000000013,714245.5666666662,48090154.0,60130906.0,0.52,1.06,2007951736.2983906,-20.05,334,-3.46,168,10.72,185,-4.26,-2.15,-19.27,1.72,0.45,2.0,0.57,22.71,False,False,False,False,False,False,True,True,False,True,False,True,False,False,False,False,2026-11-03,False,False,4,"thin RVOL, below 200-MA",ADR,4,https://www.tradingview.com/chart/?symbol=NASDAQ:WGS&interval=D,False,False,False
MIR,"Mirion Technologies, Inc.",NYSE,Aerospace & Defense,16.62,15.22,15.57,15.7,15.54,16.35,17.33,18.95,15.76,15.63,16.8,16.0,4.12,4.47,0.74,4796712.2,4123652.7333333334,68535108.0,64755093.0,1.63,1.42,4139005508.3526516,0.0,146,0.36,152,-13.75,277,-4.46,1.56,6.71,1.42,1.08,84.2,0.209,22.4,False,True,True,False,False,True,False,False,False,True,True,False,True,True,True,False,2026-11-03,False,False,4,"LoD>60% ATR, below 200-MA","EMA, near21, RVOL",4,https://www.tradingview.com/chart/?symbol=NYSE:MIR&interval=D,False,False,False
TTMI,"TTM Technologies, Inc.",NASDAQ,Electronic Components,121.01,126.08,123.33,122.62,124.09,146.0,138.35,126.71,125.14,124.65,126.59,118.22,5.92,6.58,7.96,1987257.1,1837598.1666666667,222367754.0,225320774.0,1.1,3.92,12748266677.340088,-6.74,196,-18.24,258,10.84,184,-4.71,-0.38,-1.88,0.44,1.05,35.1,0.207,18.73,False,False,False,False,True,True,False,False,False,True,True,True,False,True,False,False,2026-11-04,False,True,4,"below 200-MA, large gap",near21,4,https://www.tradingview.com/chart/?symbol=NASDAQ:TTMI&interval=D,False,False,False
BHVN,Biohaven Ltd.,NYSE,Pharmaceuticals: Major,12.08,12.69,13.01,13.64,13.92,13.59,12.24,12.07,12.56,13.06,12.27,11.74,6.21,7.19,0.87,1919799.4,2798884.8,33810528.0,38173990.0,0.71,-0.25,1824608878.196144,-17.37,304,-26.12,317,28.65,126,-4.95,-1.84,-7.18,1.04,0.6,38.6,0.243,15.31,False,False,False,True,False,True,True,True,False,True,False,True,False,False,False,False,2026-11-17,False,False,5,thin RVOL,"near21, ADR",6,https://www.tradingview.com/chart/?symbol=NYSE:BHVN&interval=D,False,False,False
RKLB,Rocket Lab Corporation,NASDAQ,Aerospace & Defense,68.21,71.26,69.72,67.68,70.53,84.27,83.0,81.61,70.68,70.11,69.25,66.98,5.29,5.79,3.95,21190568.5,20477202.766666666,1396750001.0,1385869780.0,0.69,0.45,40820942356.674995,1.32,138,-17.11,247,0.75,215,-5.01,-0.57,-2.17,0.47,0.57,31.2,0.21,21.32,False,False,False,False,True,True,True,True,False,True,False,True,False,True,False,False,2026-11-16,False,False,5,below 200-MA,"near21, ADR",6,https://www.tradingview.com/chart/?symbol=NASDAQ:RKLB&interval=D,False,False,False
NUAI,"New Era Energy & Digital, Inc.",NASDAQ,Engineering & Construction,4.7,6.01,6.19,5.96,5.64,5.34,5.08,5.05,5.73,5.93,4.95,4.62,11.84,12.61,0.59,8326639.4,8259036.166666667,38776175.0,49236244.0,1.31,1.76,500296064.1677019,-28.43,376,3.87,128,8.93,188,-5.21,-1.33,-24.16,1.65,0.55,11.8,0.508,24.37,False,False,False,False,False,False,True,True,False,True,False,True,False,False,True,False,2026-12-02,False,False,4,"thin RVOL, below 200-MA","ADR, RVOL",4,https://www.tradingview.com/chart/?symbol=NASDAQ:NUAI&interval=D,False,False,False
NVTS,Navitas Semiconductor Corporation,NASDAQ,Semiconductors,10.78,11.69,11.61,11.56,12.11,15.6,14.74,13.3,11.53,11.68,11.29,10.59,6.86,7.44,0.8,19292234.5,13865436.666666666,149469407.0,160224364.0,0.69,2.56,2814587742.6075025,-9.75,225,-20.5,273,13.71,176,-5.51,-1.48,-7.13,1.04,0.87,23.7,0.204,37.05,False,False,False,False,False,True,True,False,False,True,False,True,False,False,False,False,2026-11-09,False,True,3,"thin RVOL, below 200-MA, large gap",near21,4,https://www.tradingview.com/chart/?symbol=NASDAQ:NVTS&interval=D,False,False,False
BTU,Peabody Energy Corporation,NYSE,Coal,25.13,24.94,25.63,26.74,26.11,25.42,26.96,28.74,25.2,25.67,25.77,25.1,4.21,4.41,1.11,1796809.5,2336845.2,58724920.0,62491914.0,0.75,1.52,3063347038.1976004,-15.5,282,7.26,114,-8.92,252,-5.72,-0.85,-1.95,0.48,0.6,2.7,0.149,15.13,False,False,False,False,True,True,True,True,False,True,False,True,False,False,False,False,2026-10-29,False,False,4,"thin RVOL, below 200-MA","near21, ADR",6,https://www.tradingview.com/chart/?symbol=NYSE:BTU&interval=D,False,False,False
AAON,"AAON, Inc.",NASDAQ,Industrial Machinery,86.16,85.04,82.02,80.41,82.5,102.39,100.26,98.09,84.98,83.43,88.0,85.01,4.96,4.68,4.03,956222.7999999986,1097261.1333333326,94540019.0,88232596.0,0.47,1.29,7104205697.583245,9.72,77,-20.65,276,-6.35,239,-5.76,0.95,5.05,0.7,0.74,28.5,0.223,23.64,False,True,True,False,False,True,True,True,False,True,False,True,False,False,False,False,2026-11-09,False,False,4,"thin RVOL, below 200-MA","EMA, near21, ADR",7,https://www.tradingview.com/chart/?symbol=NASDAQ:AAON&interval=D,False,False,False
MWH,"SOLV Energy, Inc.",NASDAQ,Engineering & Construction,26.21,25.12,25.47,25.38,26.96,29.63,31.23,,25.56,25.64,26.46,25.4,4.36,5.07,1.33,1370487.1,1380278.3666666667,36177096.0,35031005.0,0.86,1.91,5304684587.917867,2.95,128,-7.74,188,-13.56,276,-6.12,-0.55,2.91,0.44,0.8,61.0,0.13,23.31,False,False,False,False,True,True,True,False,False,True,False,False,False,False,False,False,2026-12-02,False,False,3,"LoD>60% ATR, thin RVOL, below 200-MA",near21,4,https://www.tradingview.com/chart/?symbol=NASDAQ:MWH&interval=D,False,False,False
PPC,Pilgrim's Pride Corporation,NASDAQ,Agricultural Commodities/Milling,28.65,27.62,28.33,29.11,29.03,28.82,30.55,33.29,28.05,28.37,28.92,28.18,4.06,3.76,1.08,1582868.0,1418879.3666666667,40650894.0,41301687.0,0.61,-0.21,6821809549.363158,-3.89,178,3.84,130,-19.7,296,-6.58,-0.35,1.13,0.26,0.69,44.1,0.17,19.78,False,False,False,False,True,True,True,True,False,True,False,True,False,False,False,False,2026-10-28,False,False,4,"thin RVOL, below 200-MA","near21, ADR",6,https://www.tradingview.com/chart/?symbol=NASDAQ:PPC&interval=D,False,False,False
AESI,Atlas Energy Solutions Inc.,NYSE,Oilfield Services/Equipment,12.29,12.2,12.48,12.82,12.46,14.08,14.3,13.45,12.32,12.46,12.48,12.18,5.84,6.25,0.77,3528625.1,3530791.1333333333,43393423.0,45250619.0,0.4,1.48,1536292456.0879934,-13.39,261,-14.0,223,7.62,192,-6.59,-0.22,-1.52,0.21,0.39,14.3,0.237,17.08,False,False,False,False,True,True,True,True,False,True,False,True,False,False,False,False,2026-11-02,False,False,4,"thin RVOL, below 200-MA","near21, ADR",6,https://www.tradingview.com/chart/?symbol=NYSE:AESI&interval=D,False,False,False
QUBT,Quantum Computing Inc.,NASDAQ,Information Technology Services,7.44,8.04,8.33,8.23,8.42,9.01,8.8,9.1,7.94,8.16,7.58,7.34,5.28,5.4,0.4,6490782.6,6863782.9,51066545.0,56454614.0,0.74,1.54,1684020616.4295304,-8.32,208,-18.95,262,7.36,194,-6.64,-2.16,-10.68,1.64,0.59,24.9,0.26,14.31,False,False,False,False,False,False,True,True,False,True,False,True,False,False,False,False,2026-11-18,False,False,4,"thin RVOL, below 200-MA",ADR,4,https://www.tradingview.com/chart/?symbol=NASDAQ:QUBT&interval=D,False,False,False
ACHR,Archer Aviation Inc.,NYSE,Aerospace & Defense,4.96,4.89,5.19,5.35,5.59,5.48,5.61,6.12,4.93,5.15,5.04,4.79,4.91,5.56,0.28,24998233.6,24371807.866666667,120884167.0,130348552.0,1.54,6.36,3819317896.6779666,-13.74,264,1.43,147,-7.81,244,-6.7,-2.03,-4.51,0.66,0.91,61.7,0.272,24.91,False,False,False,False,False,True,True,False,False,True,False,False,True,True,True,False,2026-11-05,False,True,3,"LoD>60% ATR, below 200-MA, large gap","near21, RVOL",3,https://www.tradingview.com/chart/?symbol=NYSE:ACHR&interval=D,False,False,False
KD,"Kyndryl Holdings, Inc.",NYSE,Data Processing Services,11.75,11.56,12.0,12.37,12.72,12.33,12.54,14.51,11.71,11.97,12.02,11.61,4.4,4.82,0.57,4807139.3,4023349.8333333335,47274361.0,49754085.0,0.53,0.0,2559364671.9065657,-7.99,205,-4.94,174,-7.92,246,-6.95,-1.59,-2.09,0.38,0.72,24.7,0.218,25.11,False,False,False,False,True,True,True,False,False,True,False,True,False,False,False,False,2026-11-10,False,False,4,"thin RVOL, below 200-MA",near21,5,https://www.tradingview.com/chart/?symbol=NYSE:KD&interval=D,False,False,False
RBLX,Roblox Corporation,NYSE,Packaged Software,48.09,44.27,46.62,45.29,42.15,45.65,48.49,54.46,45.7,45.32,49.06,45.7,4.8,5.14,2.47,12934870.6,11653627.533333333,560422948.0,527750061.0,0.75,0.43,34354339009.747147,8.04,92,-16.6,241,-12.91,274,-7.16,2.74,3.16,1.19,1.36,96.7,0.256,25.58,False,True,True,False,False,True,False,False,False,True,True,False,False,True,False,False,2026-10-29,False,False,4,"LoD>60% ATR, below 200-MA","EMA, near21",4,https://www.tradingview.com/chart/?symbol=NYSE:RBLX&interval=D,False,False,False
AKAM,"Akamai Technologies, Inc.",NASDAQ,Data Processing Services,106.95,106.87,108.71,108.13,111.23,120.18,117.66,112.11,106.89,108.21,109.65,101.52,5.79,5.67,6.06,5238187.5,5073891.5,542652696.0,548646653.0,0.74,1.49,15370492075.476212,-1.66,160,-17.84,253,-2.45,226,-7.32,-0.68,-1.62,0.2,1.34,89.5,0.173,12.44,False,False,False,False,True,True,False,False,False,True,True,False,False,True,False,False,2026-11-05,False,False,4,"LoD>60% ATR, below 200-MA",near21,3,https://www.tradingview.com/chart/?symbol=NASDAQ:AKAM&interval=D,False,False,False
POET,POET Technologies Inc.,NASDAQ,Electrical Products,6.97,7.49,7.61,7.62,7.93,9.25,8.97,8.37,7.44,7.6,7.26,6.87,5.4,6.75,0.47,8460839.6,8303904.366666701,57878213.0,63288207.0,0.96,3.12,1206214881.7556818,-15.0,273,-18.67,261,11.7,180,-7.32,-1.8,-8.4,1.23,0.83,21.3,0.176,25.19,False,False,False,False,False,True,True,False,False,True,False,True,False,False,False,False,2026-11-12,False,True,3,"thin RVOL, below 200-MA, large gap",near21,4,https://www.tradingview.com/chart/?symbol=NASDAQ:POET&interval=D,False,False,False
RDW,Redwire Corporation,NYSE,Aerospace & Defense,9.58,10.44,10.83,10.77,11.26,12.42,11.59,11.12,10.36,10.67,9.9,9.4,6.92,7.52,0.72,13691101.6,13059955.866666667,125114377.0,140655725.0,0.65,0.72,2394929305.2930326,-15.89,284,-8.24,189,1.38,211,-7.58,-1.98,-11.55,1.36,0.69,25.0,0.221,20.59,False,False,False,False,False,True,True,False,False,True,False,True,False,False,False,False,2026-11-11,False,False,4,"thin RVOL, below 200-MA",near21,4,https://www.tradingview.com/chart/?symbol=NYSE:RDW&interval=D,False,False,False
PRM,"Perimeter Solutions, SA",NYSE,Chemicals: Major Diversified,27.75,27.63,29.11,29.79,30.99,32.43,30.56,29.65,28.11,28.92,28.01,27.24,4.81,4.51,1.25,1424406.6,1235999.5333333334,34298987.0,36824134.0,0.36,1.08,4542312159.232853,-13.69,263,-19.98,269,10.65,186,-7.67,-2.32,-4.68,0.9,0.62,40.8,0.26,17.27,False,False,False,False,False,True,True,True,False,True,False,True,False,False,False,False,2026-10-30,False,False,4,"thin RVOL, below 200-MA","near21, ADR",5,https://www.tradingview.com/chart/?symbol=NYSE:PRM&interval=D,False,False,False
ERAS,"Erasca, Inc.",NASDAQ,Pharmaceuticals: Major,16.03,14.7,14.91,15.45,16.55,16.19,15.75,14.26,14.95,15.18,16.2,15.22,6.17,6.43,1.03,5438469.9,5044410.966666667,80861908.0,77938672.0,1.56,-0.26,5606685257.120957,-0.19,149,-15.23,229,-8.08,249,-7.83,-0.49,7.54,0.87,0.96,79.1,0.186,14.27,False,False,False,True,False,True,True,False,False,True,False,False,True,True,True,False,2026-11-11,False,False,5,LoD>60% ATR,"near21, RVOL",4,https://www.tradingview.com/chart/?symbol=NASDAQ:ERAS&interval=D,False,False,False
CVNA,Carvana Co.,NYSE,Specialty Stores,63.73,63.07,64.53,67.33,68.73,67.72,68.27,71.28,63.7,65.08,64.46,62.84,4.24,4.57,2.91,8578499.1,7265534.9,463032539.0,489224792.0,0.82,1.2,70132558684.91217,-14.46,268,-6.13,177,-2.99,229,-7.86,-1.59,-1.24,0.45,0.56,30.5,0.13,12.88,False,False,False,False,True,True,True,True,False,True,False,True,False,True,False,False,2026-10-28,False,False,5,below 200-MA,"near21, ADR",6,https://www.tradingview.com/chart/?symbol=NYSE:CVNA&interval=D,False,False,False
BULL,Webull Corporation,NASDAQ,Packaged Software,6.31,6.84,7.41,8.08,8.06,7.47,6.99,7.02,6.8,7.33,6.43,6.05,5.23,7.92,0.5,19074208.4,16097026.166666666,101572235.0,130047874.0,1.28,4.54,3410906299.440336,-34.81,396,-15.75,236,26.2,134,-8.12,-2.74,-14.81,1.76,0.76,52.0,0.428,19.37,False,False,False,False,False,False,True,False,False,False,False,True,False,False,True,False,2026-11-19,False,True,3,"thin RVOL, below 200-MA, large gap",RVOL,3,https://www.tradingview.com/chart/?symbol=NASDAQ:BULL&interval=D,False,False,False
COUR,"Coursera, Inc.",NYSE,Miscellaneous Commercial Services,5.16,5.02,5.09,5.34,5.54,5.53,5.66,5.87,5.12,5.19,5.32,5.16,4.26,4.53,0.23,8501260.0,6439688.966666667,33228795.0,34405112.0,0.71,0.19,1364303963.7722962,-7.36,198,-10.42,201,-8.02,248,-8.6,-1.51,1.31,0.12,0.68,0.0,0.14,16.37,False,False,False,False,True,True,True,True,False,True,False,True,False,False,False,False,2026-10-22,False,False,4,"thin RVOL, below 200-MA","near21, ADR",6,https://www.tradingview.com/chart/?symbol=NYSE:COUR&interval=D,False,False,False
ICHR,Ichor Holdings,NASDAQ,Industrial Machinery,59.91,61.18,57.99,57.05,60.61,72.27,67.61,59.24,60.31,59.57,61.03,58.32,4.89,5.51,3.3,681265.8,687259.0333333333,41173689.0,39211106.0,0.5,3.67,2243883065.027027,4.66,114,-37.03,366,6.22,199,-8.71,-0.21,3.31,0.1,0.82,48.3,0.268,23.84,False,False,False,True,False,True,True,False,False,True,False,True,False,False,False,False,2026-11-02,False,True,4,"thin RVOL, large gap",near21,5,https://www.tradingview.com/chart/?symbol=NASDAQ:ICHR&interval=D,False,False,False
CPRI,Capri Holdings Limited,NYSE,Apparel/Footwear Retail,14.95,14.57,14.68,14.17,14.45,16.35,17.18,18.54,14.64,14.54,14.98,14.47,4.48,4.54,0.68,3336347.8,5199863.7,77737962.0,73701135.0,0.59,-0.2,1699091738.756812,15.09,55,-18.13,257,-24.34,313,-9.13,0.76,1.85,0.62,0.75,70.8,0.101,27.36,False,True,True,False,True,True,True,False,False,True,False,False,False,False,False,False,2026-11-05,False,False,3,"LoD>60% ATR, thin RVOL, below 200-MA","EMA, near21",6,https://www.tradingview.com/chart/?symbol=NYSE:CPRI&interval=D,False,False,False
EXK,Endeavour Silver Corporation,NYSE,Precious Metals,8.65,8.62,9.2,9.75,9.84,9.14,9.33,9.92,8.75,9.16,8.82,8.61,4.55,5.48,0.47,6857218.5,7919626.6,68504770.0,77184681.0,0.95,1.81,2561649635.481086,-23.86,352,6.13,118,-11.01,260,-9.58,-2.21,-5.96,1.01,0.45,8.4,0.287,14.98,False,False,False,False,False,True,True,True,False,True,False,True,False,False,False,False,2026-11-09,False,False,4,"thin RVOL, below 200-MA","near21, ADR",5,https://www.tradingview.com/chart/?symbol=NYSE:EXK&interval=D,False,False,False
AXGN,"Axogen, Inc.",NASDAQ,Medical Specialties,36.13,38.69,41.56,43.5,45.31,43.66,41.15,39.07,38.34,40.85,36.8,35.6,4.81,5.28,1.91,1653337.9,1395169.0666666667,50407458.0,60684041.0,0.55,0.47,2119801768.3449423,-21.81,342,-16.79,244,9.35,187,-9.75,-3.84,-13.06,2.19,0.63,27.8,0.34,18.32,False,False,False,False,False,False,True,True,False,True,False,True,False,False,False,False,2026-11-10,False,False,4,"thin RVOL, below 200-MA",ADR,4,https://www.tradingview.com/chart/?symbol=NASDAQ:AXGN&interval=D,False,False,False
FOUR,"Shift4 Payments, Inc.",NYSE,Miscellaneous Commercial Services,40.0,37.66,39.01,40.45,43.12,44.28,44.45,48.26,38.59,39.45,40.35,39.08,4.17,5.21,2.08,2276015.5,2154759.6666666665,86190387.0,87150691.0,0.74,0.23,3158404577.9352217,-4.76,183,-20.19,270,-5.24,235,-10.06,-1.39,2.54,0.27,0.61,44.1,0.237,26.5,False,False,False,False,True,True,True,False,False,True,False,True,False,False,False,False,2026-11-11,False,False,4,"thin RVOL, below 200-MA",near21,5,https://www.tradingview.com/chart/?symbol=NYSE:FOUR&interval=D,False,False,False
AAOI,"Applied Optoelectronics, Inc.",NASDAQ,Semiconductors,109.64,110.95,105.98,105.8,113.89,129.33,131.91,110.96,111.84,109.74,117.16,108.62,7.65,8.69,9.52,11025187.2,8078359.0,885711281.0,854725388.0,1.43,6.7,9309125566.233805,-1.03,153,-7.64,187,-21.54,303,-10.07,-0.43,3.45,0.01,0.9,10.7,0.359,23.65,False,False,False,False,False,True,True,False,False,True,False,True,False,False,True,False,2026-11-05,False,True,3,"thin RVOL, below 200-MA, large gap","near21, RVOL",4,https://www.tradingview.com/chart/?symbol=NASDAQ:AAOI&interval=D,False,False,False
WDC,Western Digital Corporation,NASDAQ,Computer Peripherals,397.28,428.77,435.12,442.95,457.61,508.56,459.98,405.9,420.98,434.79,398.28,386.01,5.44,6.69,26.58,10047691.6,7644696.466666667,3037085012.0,3386205559.0,0.71,1.03,148711148857.41708,-16.3,290,-29.56,336,15.51,172,-10.12,-1.97,-8.7,1.29,0.46,42.4,0.218,25.84,False,False,False,False,False,True,True,True,False,True,False,True,False,True,False,False,2026-10-22,False,False,5,below 200-MA,"near21, ADR",5,https://www.tradingview.com/chart/?symbol=NASDAQ:WDC&interval=D,False,False,False
HIVE,HIVE Digital Technologies Ltd,NASDAQ,Data Processing Services,2.5,2.85,3.03,3.0,2.94,3.31,2.98,2.9,2.82,2.93,2.62,2.47,6.69,7.54,0.19,9537973.699999994,12139173.866666688,30347935.0,36417522.0,0.75,2.34,685693377.3972604,-20.63,337,-28.77,329,18.48,160,-10.31,-1.98,-17.57,1.95,0.8,15.9,0.36,18.3,False,False,False,False,False,False,True,False,False,False,False,True,False,False,False,False,2026-11-16,False,True,3,"thin RVOL, below 200-MA, large gap",,3,https://www.tradingview.com/chart/?symbol=NASDAQ:HIVE&interval=D,False,False,False
CRK,"Comstock Resources, Inc.",NYSE,Oil & Gas Production,13.71,13.1,13.26,13.86,13.84,13.68,15.21,16.8,13.39,13.47,14.07,13.7,4.14,4.31,0.59,2350090.5,2809671.6666666665,38520599.0,38939240.0,0.68,0.15,4025538093.9999995,-9.56,221,1.11,149,-22.67,306,-10.38,-0.22,3.37,0.41,0.63,2.5,0.165,26.99,False,False,False,False,False,True,True,True,False,True,False,True,False,False,False,False,2026-11-04,False,False,4,"thin RVOL, below 200-MA","near21, ADR",5,https://www.tradingview.com/chart/?symbol=NYSE:CRK&interval=D,False,False,False
RGTI,"Rigetti Computing, Inc.",NASDAQ,Computer Processing Hardware,14.03,15.14,15.52,15.45,16.16,17.66,17.32,18.09,14.96,15.37,14.38,13.78,5.63,6.05,0.85,13524624.2,15725617.9,220630419.0,242942450.0,0.72,1.13,4682775504.951201,-10.24,229,-18.24,259,-2.7,228,-10.39,-2.17,-9.63,1.44,0.7,29.4,0.193,21.06,False,False,False,False,False,True,True,False,False,True,False,True,False,False,False,False,2026-11-16,False,False,4,"thin RVOL, below 200-MA",near21,4,https://www.tradingview.com/chart/?symbol=NASDAQ:RGTI&interval=D,False,False,False
TNDM,"Tandem Diabetes Care, Inc.",NASDAQ,Medical Specialties,16.11,16.26,16.49,17.66,19.34,17.87,18.54,19.28,16.24,16.9,16.13,15.38,6.17,6.22,1.0,2141963.0,2054490.8666666667,33097848.0,36281281.0,0.63,-0.22,1120912948.983732,-18.1,317,4.2,126,-18.26,291,-10.72,-2.68,-2.29,0.75,0.75,72.9,0.152,19.09,False,False,False,False,True,True,True,False,False,True,False,False,False,False,False,False,2026-11-05,False,False,3,"LoD>60% ATR, thin RVOL, below 200-MA",near21,4,https://www.tradingview.com/chart/?symbol=NASDAQ:TNDM&interval=D,False,False,False
TMDX,"TransMedics Group, Inc.",NASDAQ,Medical Specialties,77.87,80.99,83.8,84.49,85.74,78.93,86.81,98.87,81.0,82.85,81.34,76.86,5.03,5.32,4.14,774579.0,767139.3,59737137.0,64815983.0,0.95,0.16,2700153478.0654426,-10.98,236,7.69,110,-29.19,338,-10.83,-1.73,-7.08,1.13,1.08,24.4,0.157,25.6,False,False,False,False,False,True,False,False,False,True,True,True,False,False,False,False,2026-11-04,False,False,4,"thin RVOL, below 200-MA",near21,3,https://www.tradingview.com/chart/?symbol=NASDAQ:TMDX&interval=D,False,False,False
MMYT,MakeMyTrip Limited,NASDAQ,Internet Software/Services,44.73,45.41,46.65,49.3,53.71,51.75,49.29,53.52,45.19,47.27,44.76,43.53,4.36,4.61,2.06,1404205.2,982127.8333333334,43930578.0,48415956.0,0.73,0.09,4207243742.807718,-15.04,276,-24.06,306,6.35,197,-10.92,-3.63,-4.11,1.16,0.6,58.2,0.16,18.56,False,False,False,False,False,True,True,True,False,True,False,True,False,False,False,False,2026-11-03,False,False,4,"thin RVOL, below 200-MA","near21, ADR",5,https://www.tradingview.com/chart/?symbol=NASDAQ:MMYT&interval=D,False,False,False
CE,Celanese Corporation,NYSE,Chemicals: Specialty,45.02,44.76,45.68,45.52,45.24,47.31,52.16,51.32,44.99,45.29,46.04,44.54,4.09,3.98,1.79,1585747.5,1856699.0,83588589.0,84515082.0,0.64,1.25,4940897064.399911,0.29,144,-4.46,172,-28.81,335,-10.99,-0.12,-1.45,0.15,0.83,26.5,0.118,16.44,False,False,False,False,True,True,True,False,False,True,False,True,False,False,False,False,2026-11-02,False,False,4,"thin RVOL, below 200-MA",near21,5,https://www.tradingview.com/chart/?symbol=NYSE:CE&interval=D,False,False,False
GLW,Corning Incorporated,NYSE,Electronic Components,156.68,158.98,155.15,155.16,155.46,169.35,165.59,152.34,158.55,157.28,159.18,151.2,4.39,5.36,8.4,7303663.3,8232598.833333333,1289883585.0,1277345337.0,0.93,2.38,134962321348.54254,-6.74,197,-17.34,249,-9.23,254,-11.1,0.15,0.98,0.07,0.95,65.2,0.175,10.86,False,False,False,True,True,True,True,False,False,True,False,False,False,True,False,False,2026-10-27,False,True,4,"LoD>60% ATR, large gap",near21,5,https://www.tradingview.com/chart/?symbol=NYSE:GLW&interval=D,False,False,False
SKYD,Skydance Corporation,NYSE,Cable/Satellite TV,9.16,9.61,10.0,10.24,10.03,9.88,10.02,10.46,9.53,9.83,9.62,9.13,6.53,6.47,0.59,33745253.9,25803110.233333334,236356490.0,264266854.0,0.75,0.75,10300610588.211206,-15.03,275,-2.76,166,-15.96,283,-11.25,-1.34,-8.42,1.05,0.83,5.1,0.239,9.29,False,False,False,False,False,True,True,False,False,True,False,True,False,True,False,False,2026-11-16,False,False,5,below 200-MA,near21,4,https://www.tradingview.com/chart/?symbol=NYSE:SKYD&interval=D,False,False,False
MOD,Modine Manufacturing Company,NYSE,Industrial Machinery,181.56,178.08,176.39,174.21,176.97,207.06,210.5,198.4,180.8,178.43,185.5,179.45,5.22,5.44,9.88,1585916.8765057665,1407358.888221856,255520080.0,245169897.0,0.43,0.94,9643142729.332674,3.01,127,-17.59,252,-19.23,295,-11.27,0.48,2.93,0.32,0.61,21.4,0.177,18.78,False,True,True,False,True,True,True,True,False,True,False,True,False,False,False,False,2026-11-03,False,False,4,"thin RVOL, below 200-MA","EMA, near21, ADR",8,https://www.tradingview.com/chart/?symbol=NYSE:MOD&interval=D,False,False,False
MDA,MDA Space Ltd.,NYSE,Electronic Production Equipment,28.15,29.34,29.92,29.6,30.87,34.13,33.37,31.41,29.17,29.68,28.35,27.03,4.23,4.94,1.39,1245185.1,1281651.0,36078476.0,37936870.0,0.95,0.15,4563982134.601906,-6.06,191,-20.35,271,-7.74,242,-11.38,-1.79,-5.93,1.05,0.95,80.6,0.162,17.0,False,False,False,False,False,True,True,False,False,True,False,False,False,False,False,False,2026-11-06,False,False,3,"LoD>60% ATR, thin RVOL, below 200-MA",near21,3,https://www.tradingview.com/chart/?symbol=NYSE:MDA&interval=D,False,False,False
NG,Novagold Resources Inc.,AMEX,Precious Metals,6.71,6.53,6.9,7.3,7.52,7.18,7.83,8.51,6.63,6.92,6.76,6.26,4.52,5.79,0.39,4852342.5,5543366.033333333,37195986.0,40494289.0,1.33,1.91,2944455522.407643,-17.36,303,10.54,104,-29.07,337,-11.96,-1.86,-2.82,0.53,1.27,115.8,0.24,29.52,False,False,False,False,True,True,False,False,False,True,True,False,False,False,True,False,2027-01-27,False,False,3,"LoD>60% ATR, thin RVOL, below 200-MA","near21, RVOL",3,https://www.tradingview.com/chart/?symbol=AMEX:NG&interval=D,False,False,False
CECO,CECO Environmental Corp.,NASDAQ,Industrial Machinery,65.82,71.1,71.27,72.25,72.44,78.21,74.3,72.3,70.46,71.54,69.5,64.17,5.42,6.28,4.14,753611.1,743379.6333333333,48929247.0,53710541.0,1.18,2.04,3855066260.30389,-16.15,288,-21.53,284,1.04,213,-12.21,-1.45,-7.65,1.27,1.29,39.9,0.155,10.8,False,False,False,False,False,True,False,False,False,True,True,True,False,False,False,False,2026-11-09,False,True,3,"thin RVOL, below 200-MA, large gap",near21,3,https://www.tradingview.com/chart/?symbol=NASDAQ:CECO&interval=D,False,False,False
CSQR,"Csquare, Inc.",NYSE,Data Processing Services,17.49,17.0,17.42,17.69,19.03,,,,17.38,17.62,17.92,17.02,4.9,5.24,0.92,1646087.6,1699191.5,29718859.0,30056432.0,0.45,0.81,2914428299.734177,-4.84,184,-16.32,239,-16.32,285,-12.49,-1.55,0.39,0.14,0.98,51.3,0.184,11.64,False,False,False,False,True,True,True,False,False,True,False,True,False,False,False,False,2026-12-02,False,False,4,"thin RVOL, below 200-MA",near21,5,https://www.tradingview.com/chart/?symbol=NYSE:CSQR&interval=D,False,False,False
TRU,TransUnion,NYSE,Financial Publishing/Services,65.48,63.74,68.22,72.5,76.11,74.41,73.24,74.89,65.07,68.25,65.64,64.19,4.1,4.13,2.7,3285388.6,2718648.3666666667,178017095.0,197113787.0,0.68,0.43,12545967688.769777,-15.06,277,-15.66,233,-6.78,241,-12.5,-3.39,-4.01,0.98,0.53,47.7,0.301,18.9,False,False,False,False,False,True,True,True,False,True,False,True,False,True,False,False,2026-10-27,False,False,5,below 200-MA,"near21, ADR",5,https://www.tradingview.com/chart/?symbol=NYSE:TRU&interval=D,False,False,False
AVAV,"AeroVironment, Inc.",NASDAQ,Aerospace & Defense,137.11,141.02,149.2,148.17,157.05,160.95,170.98,198.76,141.88,146.21,139.89,135.33,4.64,5.32,7.29,1436814.1,2012861.2333333334,275983404.0,298242630.0,0.87,0.92,6968026705.112646,-8.01,206,-6.74,180,-22.86,307,-12.54,-2.39,-8.1,1.17,0.63,24.4,0.234,42.11,False,False,False,False,False,True,True,True,False,True,False,True,False,False,False,False,2026-12-08,False,False,4,"thin RVOL, below 200-MA","near21, ADR",5,https://www.tradingview.com/chart/?symbol=NASDAQ:AVAV&interval=D,False,False,False
INFQ,"Infleqtion, Inc.",NYSE,Computer Processing Hardware,11.04,12.7,13.14,13.09,12.8,12.85,12.58,13.18,12.35,12.8,11.37,10.88,6.55,7.26,0.8,6342180.9,7776772.5,85855568.0,101764253.0,0.76,0.9,2487941692.5161285,-18.88,324,-7.54,185,-11.33,263,-12.58,-1.89,-16.0,1.89,0.61,20.0,0.298,5.44,False,False,False,False,False,False,True,True,False,True,False,True,False,False,False,False,2026-12-02,False,False,4,"thin RVOL, below 200-MA",ADR,4,https://www.tradingview.com/chart/?symbol=NYSE:INFQ&interval=D,False,False,False
SNEX,StoneX Group Inc.,NASDAQ,Investment Banks/Brokers,61.24,64.32,66.01,66.99,67.81,73.55,69.81,64.95,63.95,65.59,61.35,59.66,4.53,4.32,2.65,966805.4,888979.6000000004,54436666.0,59548743.0,0.58,-0.35,7385965725.441264,-10.67,231,-25.12,310,-2.08,221,-12.62,-2.24,-7.24,1.54,0.64,59.5,0.15,15.07,False,False,False,False,False,False,True,True,False,True,False,True,False,False,False,False,2026-11-30,False,False,4,"thin RVOL, below 200-MA",ADR,4,https://www.tradingview.com/chart/?symbol=NASDAQ:SNEX&interval=D,False,False,False
ENPH,"Enphase Energy, Inc.",NASDAQ,Electrical Products,32.81,32.86,33.78,34.73,36.62,43.41,41.56,41.25,33.23,34.0,33.36,31.96,4.2,5.09,1.67,4679733.7,4596084.9,150797546.0,159612836.0,0.79,0.4,4335665554.256457,-15.68,283,-26.91,321,4.52,204,-12.69,-2.04,-2.88,0.69,0.84,50.9,0.18,32.16,False,False,False,False,True,True,True,False,False,True,False,True,False,False,False,False,2026-10-27,False,False,4,"thin RVOL, below 200-MA",near21,5,https://www.tradingview.com/chart/?symbol=NASDAQ:ENPH&interval=D,False,False,False
ABUS,Arbutus Biopharma Corporation,NASDAQ,Pharmaceuticals: Major,4.22,4.52,4.75,4.88,4.83,4.67,4.58,4.53,4.48,4.66,4.27,4.13,4.7,4.23,0.18,9844494.600000024,6865574.466666667,28972724.0,33478830.0,0.28,-0.24,836006202.4066985,-18.22,319,-17.9,255,-2.09,222,-12.73,-2.99,-11.24,2.26,0.78,50.5,0.246,7.43,False,False,False,False,False,False,True,True,False,True,False,True,False,False,False,False,2026-11-11,False,False,4,"thin RVOL, below 200-MA",ADR,4,https://www.tradingview.com/chart/?symbol=NASDAQ:ABUS&interval=D,False,False,False
TIGO,Millicom International Cellular S.A.,NASDAQ,Wireless Telecommunications,79.48,88.24,91.21,92.42,93.12,91.84,87.53,81.06,88.08,90.23,87.99,79.44,4.49,4.43,3.52,962959.6,846247.7,67259767.0,78210495.0,1.52,0.05,13316144906.780216,-17.63,308,-16.6,242,-4.19,233,-12.81,-3.31,-12.86,2.69,2.43,1.1,0.176,15.17,False,False,False,False,False,False,False,False,False,False,True,True,True,True,True,False,2026-11-05,False,False,5,below 200-MA,RVOL,2,https://www.tradingview.com/chart/?symbol=NASDAQ:TIGO&interval=D,False,False,False
CRWV,"CoreWeave, Inc.",NASDAQ,Packaged Software,82.08,86.75,85.64,86.38,88.43,91.37,94.18,92.59,86.08,86.57,83.45,81.21,5.17,6.13,5.03,24469151.3,27580514.433333334,2263808625.0,2382524352.0,0.81,1.43,45270123960.98259,-17.95,314,-8.69,192,-12.16,266,-12.93,-1.17,-4.16,0.85,0.44,17.3,0.154,10.41,False,False,False,False,False,True,True,True,False,True,False,True,False,True,False,False,2026-11-16,False,False,5,below 200-MA,"near21, ADR",5,https://www.tradingview.com/chart/?symbol=NASDAQ:CRWV&interval=D,False,False,False
THRM,Gentherm Inc,NASDAQ,Auto Parts: OEM,29.68,31.9,34.23,35.9,38.11,37.14,34.49,34.53,31.79,33.85,30.11,28.5,6.02,5.88,1.75,3247447.2,1328833.0333333334,39439764.0,47711086.0,0.63,0.6,1616817405.011694,-23.88,353,-16.82,245,1.12,212,-13.19,-3.76,-13.29,2.09,0.92,67.6,0.322,20.92,False,False,False,False,False,False,True,False,False,False,False,False,False,False,False,False,2026-10-22,False,False,3,"LoD>60% ATR, thin RVOL, below 200-MA",,2,https://www.tradingview.com/chart/?symbol=NASDAQ:THRM&interval=D,False,False,False
CLSK,"CleanSpark, Inc.",NASDAQ,Data Processing Services,10.5,12.22,13.06,12.85,12.71,14.02,13.05,12.57,12.0,12.56,10.75,10.3,7.32,8.18,0.86,15290312.6,16705539.5,175324637.0,214635556.0,0.65,0.19,2695295259.1415796,-23.56,349,-19.52,266,1.99,209,-13.7,-2.13,-19.66,2.01,0.52,22.7,0.376,17.19,False,False,False,False,False,False,True,True,False,True,False,True,False,False,False,False,2026-12-16,False,False,4,"thin RVOL, below 200-MA",ADR,4,https://www.tradingview.com/chart/?symbol=NASDAQ:CLSK&interval=D,False,False,False
WING,Wingstop Inc.,NASDAQ,Restaurants,122.26,110.35,106.62,108.18,111.96,131.22,144.3,173.19,112.27,110.05,122.41,117.39,4.12,4.66,5.7,1241162.4,1284063.1666666667,156989563.0,138910809.0,0.69,1.54,3330673684.2773004,13.2,59,-22.48,298,-32.18,342,-13.82,1.97,14.67,2.38,0.88,85.4,0.255,54.45,False,True,True,False,False,False,True,False,False,False,False,False,False,False,False,False,2026-10-28,False,False,3,"LoD>60% ATR, thin RVOL, below 200-MA",EMA,4,https://www.tradingview.com/chart/?symbol=NASDAQ:WING&interval=D,False,False,False
POWI,"Power Integrations, Inc.",NASDAQ,Semiconductors,49.12,51.89,50.89,50.8,54.28,64.84,62.99,58.26,51.34,51.7,51.36,48.7,4.22,5.06,2.49,732448.8,812331.2333333333,39901710.0,41264802.0,0.47,1.8,2744496395.574263,-1.56,159,-29.32,333,-10.92,259,-13.93,-1.88,-3.48,0.99,1.07,16.9,0.145,28.39,False,False,False,False,False,True,False,False,False,True,True,True,False,False,False,False,2026-11-11,False,False,4,"thin RVOL, below 200-MA",near21,3,https://www.tradingview.com/chart/?symbol=NASDAQ:POWI&interval=D,False,False,False
PRIM,Primoris Services Corporation,NYSE,Engineering & Construction,83.6,78.92,77.15,76.01,78.05,88.96,108.37,117.88,80.15,78.32,85.48,82.39,4.35,4.68,3.91,1449469.4,1317142.7,110113130.0,100116017.0,1.07,1.54,4500382886.3053465,12.44,63,-5.87,176,-48.56,381,-14.0,1.52,8.36,1.44,0.79,30.9,0.197,48.72,False,True,True,False,False,True,True,False,False,True,False,True,False,False,False,False,2026-11-09,False,False,4,"thin RVOL, below 200-MA","EMA, near21",6,https://www.tradingview.com/chart/?symbol=NYSE:PRIM&interval=D,False,False,False
ALGT,Allegiant Travel Company,NASDAQ,Airlines,76.43,76.42,77.61,77.18,81.65,89.79,86.78,88.88,76.72,77.61,76.93,74.13,4.22,4.53,3.46,453631.5,485864.13333333336,37134596.0,37498022.0,0.66,-1.22,2089424655.3329844,2.26,134,-32.5,354,-12.22,268,-14.15,-1.41,-1.52,0.33,0.81,66.4,0.083,17.49,False,False,False,False,True,True,True,False,True,True,False,False,False,False,False,False,2026-11-04,False,False,3,"LoD>60% ATR, thin RVOL, below 200-MA","near21, BB",5,https://www.tradingview.com/chart/?symbol=NASDAQ:ALGT&interval=D,False,False,False
ALGM,"Allegro MicroSystems, Inc.",NASDAQ,Semiconductors,35.57,37.19,35.86,35.88,37.8,44.55,42.53,40.54,36.79,36.69,36.83,35.07,4.21,5.14,1.83,3026941.2,2558596.3666666667,91009273.0,91790498.0,0.84,1.54,6630321138.667218,-1.17,156,-36.47,364,-5.55,236,-14.4,-1.15,-0.81,0.59,0.96,27.4,0.2,24.44,False,False,False,False,True,True,True,False,False,True,False,True,False,False,False,False,2026-10-29,False,False,4,"thin RVOL, below 200-MA",near21,5,https://www.tradingview.com/chart/?symbol=NASDAQ:ALGM&interval=D,False,False,False
DPC,DPC Holdings PLC,NYSE,Electrical Products,38.73,40.94,40.81,41.26,44.35,,,,40.54,41.27,39.76,38.56,5.38,6.26,2.43,1198900.2,1254449.8333333333,48584842.0,51756928.0,0.68,0.28,5785991711.666324,-10.76,232,-20.6,275,-11.98,265,-14.45,-2.02,-5.1,0.98,0.49,7.0,0.097,9.13,False,False,False,False,False,True,True,True,True,True,False,True,False,False,False,False,2026-12-02,False,False,4,"thin RVOL, below 200-MA","near21, ADR, BB",6,https://www.tradingview.com/chart/?symbol=NYSE:DPC&interval=D,False,False,False
PLNT,"Planet Fitness, Inc.",NYSE,Other Consumer Services,47.98,42.71,44.63,46.75,48.99,50.67,56.56,66.14,43.94,44.97,48.2,44.72,4.5,4.14,1.99,2539090.1,2503044.9,120096094.0,117019018.0,1.21,1.57,3624071912.477855,-2.62,170,-7.43,184,-33.57,347,-14.54,-0.5,7.51,1.61,1.75,164.1,0.336,48.82,False,False,False,False,False,False,False,False,False,False,True,False,False,False,True,False,2026-11-10,False,False,3,"LoD>60% ATR, thin RVOL, below 200-MA",RVOL,1,https://www.tradingview.com/chart/?symbol=NYSE:PLNT&interval=D,False,False,False
MBLY,Mobileye Global Inc.,NASDAQ,Packaged Software,7.1,7.39,7.64,7.89,8.22,8.74,8.53,8.84,7.37,7.64,7.22,7.07,4.52,4.64,0.33,5883344.4,5338524.733333333,37903526.0,42133417.0,0.65,0.57,6036331811.161473,-16.17,289,-25.65,314,-2.2,223,-14.68,-2.93,-7.09,1.52,0.47,9.1,0.169,20.42,False,False,False,False,False,False,True,True,False,True,False,True,False,False,False,False,2026-10-22,False,False,4,"thin RVOL, below 200-MA",ADR,4,https://www.tradingview.com/chart/?symbol=NASDAQ:MBLY&interval=D,False,False,False
CARG,"CarGurus, Inc.",NASDAQ,Internet Software/Services,28.85,29.78,31.37,32.33,34.14,32.9,33.47,33.39,29.78,31.07,29.82,28.44,4.6,4.29,1.24,1902725.3,1399702.7333333334,40381424.0,45254489.0,0.9,0.65,2569769902.7359786,-11.45,244,-17.29,248,-16.16,284,-14.96,-3.61,-8.03,1.67,1.12,33.1,0.261,15.1,False,False,False,False,False,False,False,False,False,False,True,True,False,False,False,False,2026-11-10,False,False,4,"thin RVOL, below 200-MA",,2,https://www.tradingview.com/chart/?symbol=NASDAQ:CARG&interval=D,False,False,False
QBTS,D-Wave Quantum Inc.,NASDAQ,Computer Processing Hardware,14.57,15.79,16.46,16.6,17.9,20.21,19.55,20.52,15.63,16.31,14.86,14.31,5.81,6.34,0.92,14373497.8,15525351.4,226204370.0,257757059.0,0.72,1.64,5531160099.892467,-16.93,297,-32.17,351,3.77,205,-15.11,-2.93,-11.48,1.68,0.6,28.1,0.225,32.42,False,False,False,False,False,False,True,True,False,True,False,True,False,False,False,False,2026-11-05,False,False,4,"thin RVOL, below 200-MA",ADR,4,https://www.tradingview.com/chart/?symbol=NASDAQ:QBTS&interval=D,False,False,False
RIOT,"Riot Platforms, Inc.",NASDAQ,Information Technology Services,16.89,19.3,21.0,20.8,20.61,22.49,20.75,19.45,19.09,20.14,17.17,16.48,7.46,8.33,1.41,16133078.2,16285166.833333334,274975042.0,338745041.0,0.74,1.07,6336247287.528207,-25.12,361,-21.65,289,0.87,214,-15.3,-2.17,-19.58,1.94,0.49,28.8,0.451,18.9,False,False,False,False,False,False,True,True,False,True,False,True,False,False,False,False,2026-11-10,False,False,4,"thin RVOL, below 200-MA",ADR,4,https://www.tradingview.com/chart/?symbol=NASDAQ:RIOT&interval=D,False,False,False
AMKR,"Amkor Technology, Inc.",NASDAQ,Semiconductors,49.12,52.9,51.67,50.65,51.68,61.58,60.8,57.58,52.11,52.01,51.8,48.77,4.61,5.46,2.68,3626660.8,3893462.2666666666,191246867.0,197214246.0,1.23,1.57,12203985270.538038,-3.36,176,-29.94,341,-12.6,270,-15.3,-0.91,-4.94,1.02,1.13,13.2,0.218,20.16,False,False,False,False,False,True,False,False,False,True,True,True,False,True,True,False,2026-10-26,False,False,5,below 200-MA,"near21, RVOL",3,https://www.tradingview.com/chart/?symbol=NASDAQ:AMKR&interval=D,False,False,False
AGCO,AGCO Corporation,NYSE,Trucks/Construction/Farm Machinery,103.28,112.74,116.56,118.94,112.93,113.94,115.06,116.52,111.89,114.56,109.68,103.18,4.01,4.37,4.52,937382.8,1158027.5,119601080.0,137740037.0,1.71,0.1,7232876169.971702,-19.12,326,-11.22,205,-15.88,282,-15.4,-1.95,-11.39,2.25,1.44,2.2,0.176,3.7,False,False,False,False,False,False,False,False,False,False,True,True,True,True,True,True,2026-10-29,False,False,5,below 200-MA,RVOL,3,https://www.tradingview.com/chart/?symbol=NYSE:AGCO&interval=D,False,False,False
RRR,"Red Rock Resorts, Inc.",NASDAQ,Hotels/Resorts/Cruise lines,49.51,50.18,50.98,52.72,56.43,59.05,57.88,59.02,50.51,51.72,50.76,49.35,4.11,3.73,1.85,1036476.6,1159997.0,57431451.0,61158908.0,0.45,0.48,5199351474.210047,-11.84,247,-22.02,295,-12.63,272,-15.5,-3.29,-2.89,1.15,0.76,8.8,0.126,17.92,False,False,False,False,True,True,True,True,False,True,False,True,False,False,False,False,2026-11-03,False,False,4,"thin RVOL, below 200-MA","near21, ADR",6,https://www.tradingview.com/chart/?symbol=NASDAQ:RRR&interval=D,False,False,False
RIVN,"Rivian Automotive, Inc.",NASDAQ,Motor Vehicles,13.96,14.55,14.94,15.27,15.52,15.95,15.8,16.02,14.53,14.9,14.43,13.82,4.07,4.43,0.62,28464571.3,23871236.266666666,333242458.0,364418293.0,0.93,-0.45,20212134149.40405,-13.08,259,-24.3,308,-9.17,253,-15.51,-2.27,-6.56,1.43,0.99,22.6,0.128,10.53,False,False,False,False,False,True,True,False,False,True,False,True,False,True,False,False,2026-10-29,False,False,5,below 200-MA,near21,4,https://www.tradingview.com/chart/?symbol=NASDAQ:RIVN&interval=D,False,False,False
SRPT,"Sarepta Therapeutics, Inc.",NASDAQ,Pharmaceuticals: Major,17.85,17.91,18.91,19.8,19.06,18.02,18.71,19.03,18.06,18.65,18.52,17.68,4.81,5.56,0.99,2536050.0,2927204.0,52250591.0,57966445.0,1.23,0.19,1885442244.0691926,-14.2,267,-13.1,215,-19.74,297,-15.68,-1.14,-5.61,0.77,0.85,17.1,0.261,6.45,False,False,False,False,False,True,True,False,False,True,False,True,False,False,True,False,2026-11-04,False,False,4,"thin RVOL, below 200-MA","near21, RVOL",4,https://www.tradingview.com/chart/?symbol=NASDAQ:SRPT&interval=D,False,False,False
ZG,"Zillow Group, Inc.",NASDAQ,Internet Software/Services,29.87,28.46,29.74,31.31,33.05,33.24,36.45,41.83,29.06,29.99,30.17,29.2,4.0,4.31,1.29,1135567.3,985439.7,29435084.0,30854117.0,1.76,0.0,6583213882.701004,-9.15,213,-11.5,206,-26.86,324,-15.84,-2.23,0.44,0.09,0.76,52.4,0.239,44.78,False,False,False,False,True,True,True,False,False,True,False,True,True,True,True,False,2026-11-04,False,False,5,below 200-MA,"near21, RVOL",5,https://www.tradingview.com/chart/?symbol=NASDAQ:ZG&interval=D,False,False,False
CRML,Critical Metals Corp.,NASDAQ,Precious Metals,6.86,7.21,7.33,7.24,7.05,8.07,8.74,9.58,7.18,7.25,6.94,6.6,6.54,7.84,0.54,5140331.6,8607564.666666666,59047894.0,62361806.0,0.69,0.81,1008377072.2693996,-4.85,185,-19.39,265,-23.52,310,-15.92,-0.35,-6.42,0.68,0.62,47.4,0.393,36.8,False,False,False,False,False,True,True,True,False,True,False,True,False,False,False,False,2027-03-03,False,False,4,"thin RVOL, below 200-MA","near21, ADR",5,https://www.tradingview.com/chart/?symbol=NASDAQ:CRML&interval=D,False,False,False
STUB,"StubHub Holdings, Inc.",NYSE,Internet Software/Services,6.12,5.67,5.71,5.89,6.66,8.58,8.11,9.06,5.81,5.89,6.32,6.06,4.83,5.15,0.32,6070484.2,6579082.733333333,40263986.0,38763955.0,0.74,0.33,2338390539.850163,0.0,147,-47.29,385,-0.97,218,-16.09,-1.58,7.12,0.77,0.81,17.4,0.199,55.41,False,False,False,False,False,True,True,False,False,True,False,True,False,False,False,False,2026-11-12,False,False,4,"thin RVOL, below 200-MA",near21,4,https://www.tradingview.com/chart/?symbol=NYSE:STUB&interval=D,False,False,False
IREN,IREN Limited,NASDAQ,Data Processing Services,35.19,39.77,42.42,42.12,41.72,45.52,45.35,45.59,39.49,41.08,36.29,34.64,6.34,7.47,2.63,38129711.9,39340761.0,1384401380.0,1656849263.0,1.0,1.54,13848582407.76393,-24.9,358,-17.41,250,-6.71,240,-16.34,-2.1,-17.04,1.92,0.63,20.9,0.329,16.53,False,False,False,False,False,False,True,True,False,True,False,True,False,True,False,False,2026-12-01,False,False,5,below 200-MA,ADR,4,https://www.tradingview.com/chart/?symbol=NASDAQ:IREN&interval=D,False,False,False
KGS,"Kodiak Gas Services, Inc.",NYSE,Oilfield Services/Equipment,53.47,53.65,54.81,57.08,58.51,63.21,63.15,58.44,54.15,55.37,54.8,53.38,4.01,4.42,2.36,1630475.3,1813264.4,96955247.0,103501132.0,0.49,1.49,5406032689.615643,-17.73,310,-19.97,268,-11.39,264,-16.36,-1.95,-2.44,0.78,0.6,3.8,0.154,17.89,False,False,False,False,True,True,True,True,False,True,False,True,False,False,False,False,2026-11-11,False,False,4,"thin RVOL, below 200-MA","near21, ADR",6,https://www.tradingview.com/chart/?symbol=NYSE:KGS&interval=D,False,False,False
UCTT,"Ultra Clean Holdings, Inc.",NASDAQ,Industrial Machinery,68.59,74.58,73.18,72.23,75.99,87.52,81.99,72.91,72.51,73.58,70.0,66.85,6.12,6.74,4.62,1235085.8,956823.5333333333,65628526.0,69112321.0,0.72,3.58,3105551374.635099,-8.64,210,-33.27,356,-7.81,245,-16.57,-1.44,-6.27,1.01,0.68,37.6,0.265,21.31,False,False,False,False,False,True,True,False,False,True,False,True,False,False,False,False,2026-10-27,False,True,3,"thin RVOL, below 200-MA, large gap",near21,4,https://www.tradingview.com/chart/?symbol=NASDAQ:UCTT&interval=D,False,False,False
ROAD,"Construction Partners, Inc.",NASDAQ,Engineering & Construction,86.81,90.29,92.35,95.65,102.71,106.56,110.6,113.15,90.3,93.29,89.58,85.22,4.43,4.82,4.18,660626.8,600102.8,52094924.0,57398233.0,0.72,0.2,4926949758.886336,-15.27,279,-8.72,194,-26.12,320,-16.7,-3.22,-6.0,1.44,1.04,38.0,0.121,26.33,False,False,False,False,False,True,False,False,False,True,True,True,False,False,False,False,2026-11-24,False,False,4,"thin RVOL, below 200-MA",near21,3,https://www.tradingview.com/chart/?symbol=NASDAQ:ROAD&interval=D,False,False,False
VOYG,"Voyager Technologies, Inc.",NYSE,Information Technology Services,27.26,30.03,32.23,32.71,34.78,35.12,32.83,31.98,29.88,31.48,28.45,26.7,7.54,8.31,2.27,2056097.0,2230859.6,60813233.0,72969187.0,0.61,-1.45,1663652154.5117104,-24.28,356,-16.64,243,-9.31,255,-16.74,-2.6,-15.42,1.61,0.77,24.7,0.373,18.69,False,False,False,False,False,False,True,False,False,False,False,True,False,False,False,False,2026-11-02,False,False,4,"thin RVOL, below 200-MA",,3,https://www.tradingview.com/chart/?symbol=NYSE:VOYG&interval=D,False,False,False
CHWY,"Chewy, Inc.",NYSE,Internet Retail,18.95,18.34,19.18,20.39,21.54,21.0,22.41,24.14,18.64,19.35,19.0,18.5,4.0,4.31,0.82,8109019.2,9828308.9,186246454.0,200428703.0,0.76,-0.16,7616521314.846642,-13.27,260,-9.76,197,-27.2,328,-16.74,-2.79,-1.22,0.48,0.62,55.7,0.251,30.59,False,False,False,False,True,True,True,True,False,True,False,True,False,False,False,False,2026-12-03,False,False,4,"thin RVOL, below 200-MA","near21, ADR",6,https://www.tradingview.com/chart/?symbol=NYSE:CHWY&interval=D,False,False,False
MARA,"MARA Holdings, Inc.",NASDAQ,Data Processing Services,9.65,10.99,11.72,11.55,11.15,12.15,11.56,10.98,10.85,11.28,10.09,9.49,7.23,8.15,0.79,35030824.2,42401538.43333333,409174846.0,489780170.0,1.0,1.51,3727788346.271443,-20.18,335,-29.25,331,-0.87,216,-16.77,-1.65,-17.63,1.77,0.76,20.4,0.382,12.12,False,False,False,False,False,False,True,False,False,False,False,True,False,False,False,False,2026-11-11,False,False,4,"thin RVOL, below 200-MA",,3,https://www.tradingview.com/chart/?symbol=NASDAQ:MARA&interval=D,False,False,False
ONDS,Ondas Inc,NASDAQ,Telecommunications Equipment,6.73,7.25,7.33,7.38,7.95,8.41,8.91,9.41,7.17,7.35,6.91,6.64,5.43,5.91,0.4,49250283.4,59393670.4,399719402.0,438493570.0,0.7,0.88,3918896937.1693435,-11.21,239,-12.26,213,-27.09,327,-16.85,-2.59,-8.21,1.43,0.68,22.6,0.133,32.19,False,False,False,False,False,True,True,True,False,True,False,True,False,False,False,False,2026-11-16,False,False,4,"thin RVOL, below 200-MA","near21, ADR",5,https://www.tradingview.com/chart/?symbol=NASDAQ:ONDS&interval=D,False,False,False
JMKE,Jersey Mike's Subs Inc.,NYSE,Restaurants,17.7,16.77,17.99,19.08,20.55,,,,17.15,18.04,17.7,17.13,4.61,5.38,0.95,3709587.1,3549678.8666666667,62829316.0,67739705.0,0.72,1.16,5622208225.109826,-19.76,332,-15.71,235,-15.71,281,-17.06,-2.57,-1.64,0.35,0.6,59.8,0.364,21.36,False,False,False,False,True,True,True,True,False,True,False,True,False,False,False,False,2026-10-28,False,False,4,"thin RVOL, below 200-MA","near21, ADR",6,https://www.tradingview.com/chart/?symbol=NYSE:JMKE&interval=D,False,False,False
UPST,"Upstart Holdings, Inc.",NASDAQ,Finance/Rental/Leasing,24.1,23.54,24.29,25.31,27.16,29.14,29.07,31.68,23.97,24.64,24.5,23.82,4.08,4.45,1.07,4227242.8,4345025.9,104715124.0,109978399.0,0.61,1.03,2345244540.367921,-10.11,228,-29.2,330,-12.68,273,-17.33,-2.53,-0.8,0.49,0.64,26.6,0.161,33.75,False,False,False,False,True,True,True,True,False,True,False,True,False,False,False,False,2026-11-03,False,False,4,"thin RVOL, below 200-MA","near21, ADR",6,https://www.tradingview.com/chart/?symbol=NASDAQ:UPST&interval=D,False,False,False
LPTH,"LightPath Technologies, Inc.",NASDAQ,Electronic Components,9.72,10.36,10.08,10.03,11.27,12.52,12.42,12.18,10.23,10.34,9.98,9.62,5.27,6.96,0.68,2403305.0,3296162.7666666666,32038702.0,33068204.0,0.89,1.64,680752307.0882958,-7.87,203,-22.24,297,-22.12,305,-17.41,-1.97,-3.57,0.87,0.53,14.8,0.205,25.1,False,False,False,False,False,True,True,True,False,True,False,True,False,False,False,False,2026-11-05,False,False,4,"thin RVOL, below 200-MA","near21, ADR",5,https://www.tradingview.com/chart/?symbol=NASDAQ:LPTH&interval=D,False,False,False
GLXY,Galaxy Digital Inc.,NASDAQ,Investment Banks/Brokers,20.33,22.17,23.29,23.82,23.01,25.22,24.85,24.82,22.02,22.88,20.95,19.81,6.73,7.6,1.55,4874356.4,4966759.2,100974215.0,118323932.0,0.79,3.68,7946774774.931042,-24.93,359,-21.81,293,-5.88,237,-17.54,-1.53,-12.72,1.47,0.74,33.7,0.307,14.98,False,False,False,False,False,True,True,False,False,True,False,True,False,False,False,False,2026-10-27,False,True,3,"thin RVOL, below 200-MA, large gap",near21,4,https://www.tradingview.com/chart/?symbol=NASDAQ:GLXY&interval=D,False,False,False
Z,"Zillow Group, Inc.",NASDAQ,Internet Software/Services,29.01,27.76,29.07,30.61,32.37,32.85,36.18,41.73,28.34,29.3,29.44,28.42,4.02,4.38,1.27,4526036.9,4099227.5,118918590.0,125465056.0,0.97,0.48,6553679977.699006,-9.96,226,-14.27,226,-28.6,334,-17.61,-2.37,-0.2,0.22,0.81,46.5,0.247,48.15,False,False,False,False,True,True,True,False,False,True,False,True,False,False,False,False,2026-11-04,False,False,4,"thin RVOL, below 200-MA",near21,5,https://www.tradingview.com/chart/?symbol=NASDAQ:Z&interval=D,False,False,False
RH,RH,NYSE,Specialty Stores,116.99,118.75,122.71,129.65,146.18,152.51,145.2,158.55,118.77,124.82,118.87,113.25,4.01,4.92,5.75,801743.6,835440.8,97738219.0,108313507.0,1.15,0.29,2214990221.462567,-16.46,292,-31.09,348,-6.05,238,-17.87,-4.06,-4.66,1.27,0.98,65.0,0.165,34.03,False,False,False,False,False,True,True,False,False,True,False,False,False,False,False,False,2026-12-03,False,False,3,"LoD>60% ATR, thin RVOL, below 200-MA",near21,3,https://www.tradingview.com/chart/?symbol=NYSE:RH&interval=D,False,False,False
LGN,Legence Corp.,NASDAQ,Engineering & Construction,51.53,53.26,53.48,53.6,57.39,67.81,68.53,63.64,53.09,53.9,53.37,50.96,4.93,5.92,3.05,1132390.1,942602.0666666667,48572284.0,50521114.0,0.46,1.82,5569129229.498933,-9.18,214,-30.62,344,-14.12,278,-17.97,-1.72,-3.64,0.74,0.79,18.8,0.093,29.64,False,False,False,False,False,True,True,False,True,True,False,True,False,False,False,False,2026-11-13,False,False,4,"thin RVOL, below 200-MA","near21, BB",5,https://www.tradingview.com/chart/?symbol=NASDAQ:LGN&interval=D,False,False,False
APLD,Applied Digital Corporation,NASDAQ,Data Processing Services,23.68,24.52,25.47,25.64,27.02,32.3,32.05,32.09,24.65,25.37,24.11,22.77,6.04,6.95,1.65,26467929.3,19318109.799999993,457452840.0,495361411.0,0.93,0.0,7160527009.542975,-17.46,306,-26.25,318,-10.24,257,-17.98,-1.78,-7.03,0.96,0.82,55.3,0.249,32.85,False,False,False,False,False,True,True,False,False,True,False,True,False,False,False,False,2027-01-12,False,False,4,"thin RVOL, below 200-MA",near21,4,https://www.tradingview.com/chart/?symbol=NASDAQ:APLD&interval=D,False,False,False
VSEC,VSE Corporation,NASDAQ,Engineering & Construction,173.63,168.65,174.51,183.61,199.68,198.82,196.17,198.55,171.07,177.41,174.33,168.56,4.47,4.98,8.64,455737.5,403099.1,69990097.0,74013026.0,0.85,0.86,4872921109.975642,-14.99,272,-19.61,267,-20.58,301,-18.39,-2.62,-0.51,0.43,0.67,58.7,0.161,17.87,False,False,False,False,True,True,True,True,False,True,False,True,False,False,False,False,2026-10-28,False,False,4,"thin RVOL, below 200-MA","near21, ADR",6,https://www.tradingview.com/chart/?symbol=NASDAQ:VSEC&interval=D,False,False,False
BTBT,"Bit Digital, Inc.",NASDAQ,Miscellaneous Commercial Services,1.29,1.54,1.6,1.58,1.53,1.65,1.63,1.71,1.5,1.56,1.4,1.28,8.34,9.36,0.12,17085521.0,24480228.466666665,31579495.0,38695081.0,0.54,2.57,465217238.71323526,-25.43,363,-25.43,312,-4.44,234,-18.44,-1.69,-19.5,1.83,0.99,8.3,0.386,13.87,False,False,False,False,False,False,True,False,False,False,False,True,False,False,False,False,2026-11-12,False,True,3,"thin RVOL, below 200-MA, large gap",,3,https://www.tradingview.com/chart/?symbol=NASDAQ:BTBT&interval=D,False,False,False
ALKT,"Alkami Technology, Inc.",NASDAQ,Packaged Software,14.29,13.94,15.73,17.06,18.18,17.54,17.29,17.84,14.46,15.56,14.45,14.04,4.39,5.14,0.73,1617088.0,1927935.8333333333,27550203.0,32895084.0,0.71,0.0,1528200863.884857,-26.36,367,-21.27,280,-8.13,250,-18.59,-4.16,-9.14,1.59,0.56,34.0,0.608,29.65,False,False,False,False,False,False,True,True,False,True,False,True,False,False,False,False,2026-10-29,False,False,4,"thin RVOL, below 200-MA",ADR,4,https://www.tradingview.com/chart/?symbol=NASDAQ:ALKT&interval=D,False,False,False
FIGR,"Figure Technology Solutions, Inc.",NASDAQ,Finance/Rental/Leasing,28.54,28.37,31.34,32.88,32.81,31.62,32.83,36.18,28.97,30.7,28.84,27.03,6.06,7.0,2.0,4772529.3,4679964.333333333,133566182.0,153865527.0,0.99,1.45,6403744460.468841,-28.65,379,-13.46,218,-14.4,280,-18.84,-1.86,-8.92,1.01,0.91,75.6,0.407,27.37,False,False,False,False,False,True,True,False,False,True,False,False,False,False,False,False,2026-11-12,False,False,3,"LoD>60% ATR, thin RVOL, below 200-MA",near21,3,https://www.tradingview.com/chart/?symbol=NASDAQ:FIGR&interval=D,False,False,False
NESR,National Energy Services Reunited Corp,NASDAQ,Oilfield Services/Equipment,22.78,24.96,28.71,30.62,31.46,28.94,26.96,25.26,25.28,27.77,23.46,22.58,6.39,6.37,1.45,3220140.7,2154523.3,49080041.0,65979044.0,0.64,0.0,2297403089.467298,-33.39,393,-19.36,264,-3.84,230,-18.87,-4.33,-20.66,2.82,0.61,13.8,0.557,28.53,False,False,False,False,False,False,True,True,False,True,False,True,False,False,False,False,2026-11-04,False,False,4,"thin RVOL, below 200-MA",ADR,4,https://www.tradingview.com/chart/?symbol=NASDAQ:NESR&interval=D,False,False,False
MIRM,"Mirum Pharmaceuticals, Inc.",NASDAQ,Pharmaceuticals: Major,86.01,83.65,88.35,91.96,95.18,102.17,100.1,98.47,84.27,87.9,87.79,81.01,4.36,4.65,4.0,953347.0,769227.8333333334,66161286.0,70738704.0,1.24,-0.42,5584818864.559804,-12.25,252,-32.16,350,-13.08,275,-19.16,-2.07,-2.65,0.46,1.69,125.0,0.255,21.53,False,False,False,False,True,True,False,False,False,True,True,False,False,False,True,False,2026-11-17,False,False,3,"LoD>60% ATR, thin RVOL, below 200-MA","near21, RVOL",3,https://www.tradingview.com/chart/?symbol=NASDAQ:MIRM&interval=D,False,False,False
DKNG,DraftKings Inc.,NASDAQ,Movies/Entertainment,19.58,19.56,21.1,22.11,23.1,24.32,24.09,25.35,19.91,20.92,20.09,19.22,5.74,5.67,1.11,16650937.5,14100395.3,276085740.0,311792641.0,0.54,0.0,9720571121.320583,-18.21,318,-26.75,320,-12.63,271,-19.2,-2.69,-7.2,1.13,0.78,32.4,0.353,29.55,False,False,False,False,False,True,True,False,False,True,False,True,False,False,False,False,2026-10-30,False,False,4,"thin RVOL, below 200-MA",near21,4,https://www.tradingview.com/chart/?symbol=NASDAQ:DKNG&interval=D,False,False,False
PBLS,"Parabilis Medicines, Inc.",NASDAQ,Pharmaceuticals: Major,27.48,30.03,33.19,35.14,35.98,,,,30.0,32.33,29.5,27.21,9.95,9.83,2.7,860272.6,1042105.8,28637067.0,36623766.0,1.26,0.21,3394693563.746529,-30.9,386,-9.49,196,-17.6,288,-19.33,-2.4,-17.19,1.52,0.85,10.0,0.492,21.66,False,False,False,False,False,False,True,False,False,False,False,True,False,False,True,False,2026-12-02,False,False,4,"thin RVOL, below 200-MA",RVOL,3,https://www.tradingview.com/chart/?symbol=NASDAQ:PBLS&interval=D,False,False,False
RKT,"Rocket Companies, Inc.",NYSE,Finance/Rental/Leasing,11.48,11.65,12.11,12.6,13.18,13.58,13.98,15.39,11.74,12.15,11.72,11.3,4.48,5.14,0.59,38355800.8,34922378.7,400908907.0,439917204.0,0.72,-0.43,32507254838.88096,-15.9,285,-22.12,296,-23.52,309,-20.51,-2.51,-5.22,1.07,0.71,30.1,0.192,32.6,False,False,False,False,False,True,True,False,False,True,False,True,False,True,False,False,2026-10-29,False,False,5,below 200-MA,near21,4,https://www.tradingview.com/chart/?symbol=NYSE:RKT&interval=D,False,False,False
BRUN,Boost Run Inc.,NASDAQ,Packaged Software,13.18,15.03,15.59,16.12,17.65,23.57,20.53,18.32,14.58,15.62,13.23,12.22,10.21,12.14,1.6,2919112.6,2492179.2,32846922.0,40168114.0,1.04,2.73,1105078984.413223,-29.41,381,-56.36,397,23.41,144,-20.78,-2.09,-15.47,1.29,0.63,60.0,0.381,64.76,False,False,False,False,False,True,True,False,False,True,False,True,False,False,False,False,2026-12-02,False,True,3,"thin RVOL, below 200-MA, large gap",near21,4,https://www.tradingview.com/chart/?symbol=NASDAQ:BRUN&interval=D,False,False,False
SHAZ,"SharonAI Holdings, Inc.",NASDAQ,Data Processing Services,37.93,48.03,52.03,53.2,56.13,63.37,53.97,,46.62,50.68,39.79,37.08,9.76,11.97,4.54,1606972.4,1572120.8333333333,59630543.0,83638662.0,1.59,-1.79,1358026912.3536494,-32.62,390,-52.21,393,22.35,149,-20.82,-2.71,-27.1,2.1,0.6,18.7,0.477,40.45,False,False,False,False,False,False,True,True,False,True,False,True,True,True,True,False,2026-11-04,False,False,5,below 200-MA,"ADR, RVOL",4,https://www.tradingview.com/chart/?symbol=NASDAQ:SHAZ&interval=D,False,False,False
TEX,Terex Corporation,NYSE,Trucks/Construction/Farm Machinery,50.67,54.39,56.33,58.21,61.26,63.0,62.3,62.19,54.48,56.47,52.5,50.37,4.33,4.74,2.4,1772221.9,1266112.8666666667,64153939.0,73695788.0,0.99,0.15,5791580985.481376,-19.47,330,-21.99,294,-21.31,302,-20.92,-3.65,-10.05,2.17,0.89,12.5,0.175,16.98,False,False,False,False,False,False,True,False,False,False,False,True,False,False,False,False,2026-10-22,False,False,4,"thin RVOL, below 200-MA",,3,https://www.tradingview.com/chart/?symbol=NYSE:TEX&interval=D,False,False,False
LBRT,Liberty Energy Inc.,NYSE,Oilfield Services/Equipment,19.0,19.04,18.97,19.48,19.71,22.99,25.46,24.89,19.12,19.23,19.51,18.9,4.87,4.93,0.94,4214536.4,3773003.933333333,71687075.0,73509436.0,0.52,0.53,3100637071.724138,-11.46,245,-21.78,292,-29.63,339,-20.96,-0.73,0.16,0.25,0.66,11.2,0.114,34.13,False,False,False,False,True,True,True,True,False,True,False,True,False,False,False,False,2026-10-21,False,False,4,"thin RVOL, below 200-MA","near21, ADR",6,https://www.tradingview.com/chart/?symbol=NYSE:LBRT&interval=D,False,False,False
KTOS,"Kratos Defense & Security Solutions, Inc.",NASDAQ,Aerospace & Defense,42.36,42.77,45.0,46.15,50.69,51.81,58.26,68.15,43.16,44.95,43.11,41.52,4.6,5.02,2.13,5080394.9,4185915.6333333333,177315386.0,193188378.0,0.84,2.81,7951875542.942046,-12.02,249,-13.55,219,-37.72,359,-21.1,-3.27,-5.86,1.15,0.75,39.2,0.209,59.93,False,False,False,False,False,True,True,False,False,True,False,True,False,False,False,False,2026-10-29,False,True,3,"thin RVOL, below 200-MA, large gap",near21,4,https://www.tradingview.com/chart/?symbol=NASDAQ:KTOS&interval=D,False,False,False
ALNY,"Alnylam Pharmaceuticals, Inc.",NASDAQ,Pharmaceuticals: Major,232.68,233.25,239.66,244.31,237.38,263.64,279.82,298.57,231.84,237.3,232.94,222.7,4.17,4.3,10.01,1309135.5,1491879.3,347130476.0,364487994.0,0.73,0.09,31134707688.69212,-9.49,218,-26.07,316,-28.07,331,-21.21,-0.46,-2.91,0.45,1.02,99.7,0.199,28.07,False,False,False,False,True,True,False,False,False,True,True,False,False,True,False,False,2026-10-29,False,False,4,"LoD>60% ATR, below 200-MA",near21,3,https://www.tradingview.com/chart/?symbol=NASDAQ:ALNY&interval=D,False,False,False
EQPT,EquipmentShare.com Inc,NASDAQ,Internet Software/Services,15.08,17.63,17.72,17.86,18.57,19.21,20.2,,17.21,17.66,15.81,14.43,9.44,9.12,1.38,4006811.7,3587147.2,54112116.0,64068243.0,1.25,0.96,3828678890.72765,-21.8,341,-16.19,238,-25.8,318,-21.26,-2.06,-14.86,1.6,1.0,47.8,0.222,17.05,False,False,False,False,False,False,False,False,False,False,True,True,False,False,True,False,2026-12-02,False,False,4,"thin RVOL, below 200-MA",RVOL,2,https://www.tradingview.com/chart/?symbol=NASDAQ:EQPT&interval=D,False,False,False
TRIP,"TripAdvisor, Inc.",NASDAQ,Other Consumer Services,8.68,8.56,8.64,8.86,9.78,11.29,11.02,11.41,8.65,8.81,9.03,8.59,4.38,4.46,0.39,3226379.8,4065244.3666666667,35265995.0,36010612.0,0.91,0.78,1016704285.7310268,-3.5,177,-35.98,362,-24.5,314,-21.33,-2.53,0.38,0.34,1.15,23.3,0.128,32.8,False,False,False,False,True,True,False,False,False,True,True,True,False,False,False,False,2026-11-09,False,False,4,"thin RVOL, below 200-MA",near21,4,https://www.tradingview.com/chart/?symbol=NASDAQ:TRIP&interval=D,False,False,False
NN,NextNav Inc.,NASDAQ,Packaged Software,12.35,13.35,14.1,14.51,15.35,16.61,17.14,16.82,13.17,13.92,13.19,11.99,7.86,8.65,1.07,3661000.5,2833492.933333333,34993638.0,41113038.0,1.6,12.07,2084802407.6637933,-18.75,322,-27.78,323,-17.83,289,-21.45,-2.26,-12.39,1.3,1.12,33.7,0.289,30.68,False,False,False,False,False,True,False,False,False,True,True,True,True,True,True,False,2026-11-05,False,True,4,"below 200-MA, large gap","near21, RVOL",3,https://www.tradingview.com/chart/?symbol=NASDAQ:NN&interval=D,False,False,False
VKTX,"Viking Therapeutics, Inc.",NASDAQ,Pharmaceuticals: Major,28.51,30.03,31.73,32.2,32.79,33.37,33.31,33.01,29.94,31.28,28.86,27.58,8.35,7.73,2.2,6837005.0,6772385.166666667,193080701.0,218082090.0,0.52,0.43,3625481294.4641185,-14.54,269,-30.7,345,-19.12,294,-21.45,-1.69,-10.15,1.15,0.58,42.4,0.493,11.7,False,False,False,False,False,True,True,True,False,True,False,True,False,False,False,False,2026-10-28,False,False,4,"thin RVOL, below 200-MA","near21, ADR",5,https://www.tradingview.com/chart/?symbol=NASDAQ:VKTX&interval=D,False,False,False
LEU,Centrus Energy Corp.,NYSE,Other Metals/Minerals,142.44,142.34,145.21,154.03,166.66,168.39,178.28,198.08,144.58,149.15,146.2,141.02,4.43,6.34,9.03,716749.5,754566.4666666656,107480448.0,116222855.0,0.82,2.89,2913340585.510029,-23.91,355,-19.02,263,-21.84,304,-21.59,-2.29,-1.91,0.71,0.57,15.7,0.158,39.13,False,False,False,False,True,True,True,False,False,True,False,True,False,False,False,False,2026-11-11,False,True,3,"thin RVOL, below 200-MA, large gap",near21,5,https://www.tradingview.com/chart/?symbol=NYSE:LEU&interval=D,False,False,False
ACAD,ACADIA Pharmaceuticals Inc.,NASDAQ,Pharmaceuticals: Major,19.78,19.96,22.86,24.66,26.34,24.94,23.89,24.21,20.54,22.41,20.05,19.58,4.37,4.19,0.83,2454839.8,2105421.566666667,41645239.0,51920047.0,0.56,0.1,3408203004.1654754,-27.92,373,-25.39,311,-12.17,267,-21.82,-5.95,-13.48,2.8,0.57,24.1,0.582,32.28,False,False,False,False,False,False,True,True,False,True,False,True,False,False,False,False,2026-11-11,False,False,4,"thin RVOL, below 200-MA",ADR,4,https://www.tradingview.com/chart/?symbol=NASDAQ:ACAD&interval=D,False,False,False
BTDR,Bitdeer Technologies Group,NASDAQ,Data Processing Services,9.63,10.57,11.28,11.36,10.9,12.96,12.21,12.0,10.57,10.96,10.01,9.57,7.41,8.61,0.83,9284165.1,9924533.0,95573253.0,112719538.0,0.6,2.47,2617263103.1666665,-24.53,357,-33.72,358,-7.76,243,-22.0,-1.35,-14.66,1.41,0.52,6.6,0.349,24.8,False,False,False,False,False,True,True,True,False,True,False,True,False,False,False,False,2026-11-16,False,True,3,"thin RVOL, below 200-MA, large gap","near21, ADR",5,https://www.tradingview.com/chart/?symbol=NASDAQ:BTDR&interval=D,False,False,False
MOS,Mosaic Company (The),NYSE,Chemicals: Agricultural,18.74,20.96,22.73,23.59,23.31,22.73,23.43,24.4,20.89,22.11,19.88,18.68,5.1,5.42,1.02,9472007.2,8711505.1,163253606.0,205475367.0,1.55,0.41,5957364537.514445,-30.07,384,-10.16,199,-26.16,321,-22.13,-3.61,-17.56,2.81,1.18,5.9,0.352,18.34,False,False,False,False,False,False,False,False,False,False,True,True,True,True,True,False,2026-11-10,False,False,5,below 200-MA,RVOL,2,https://www.tradingview.com/chart/?symbol=NYSE:MOS&interval=D,False,False,False
AIR,AAR Corp.,NYSE,Aerospace & Defense,100.43,103.36,110.09,115.67,126.35,127.17,122.11,117.81,104.28,110.34,102.68,100.08,5.19,5.13,5.16,921452.0,576242.9,57872074.0,66655745.0,0.36,0.01,4036704588.6033673,-22.6,345,-25.89,315,-18.31,292,-22.27,-4.0,-8.78,1.75,0.5,6.8,0.278,23.71,False,False,False,False,False,False,True,True,False,True,False,True,False,False,False,False,2027-01-06,False,False,4,"thin RVOL, below 200-MA",ADR,4,https://www.tradingview.com/chart/?symbol=NYSE:AIR&interval=D,False,False,False
EROC,"ERock, Inc.",NYSE,Electrical Products,11.95,12.44,12.41,12.33,12.58,,,,12.48,12.49,12.59,11.63,8.37,9.42,1.13,2610327.1,2618054.066666667,31285746.0,32288461.0,0.74,0.66,2621830960.1105647,-12.9,257,-13.41,217,-40.55,366,-22.28,-0.53,-3.72,0.46,0.85,28.4,0.203,1.37,False,False,False,False,False,True,True,False,False,True,False,True,False,False,False,True,2026-12-02,False,False,4,"thin RVOL, below 200-MA",near21,5,https://www.tradingview.com/chart/?symbol=NYSE:EROC&interval=D,False,False,False
UEC,Uranium Energy Corp.,AMEX,Other Metals/Minerals,9.19,9.39,9.68,10.31,10.78,11.0,12.04,12.96,9.47,9.83,9.34,9.11,5.35,6.29,0.58,11302016.8,9604908.233333332,88269107.0,99065024.0,0.57,2.19,4554423157.719913,-22.25,343,-11.21,204,-33.65,348,-22.37,-2.35,-5.04,1.04,0.4,13.8,0.167,38.91,False,False,False,False,False,True,True,True,False,True,False,True,False,False,False,False,2026-12-16,False,True,3,"thin RVOL, below 200-MA, large gap","near21, ADR",5,https://www.tradingview.com/chart/?symbol=AMEX:UEC&interval=D,False,False,False
ESAB,ESAB Corporation,NYSE,Industrial Machinery,66.85,67.99,67.76,69.74,75.88,83.62,88.74,96.93,67.96,69.3,67.29,63.33,4.79,5.09,3.4,1220536.0,1040578.3666666667,69562664.0,72574444.0,0.9,0.18,4155917824.629316,-9.2,216,-23.6,302,-34.47,351,-22.42,-2.34,-1.35,0.7,1.16,103.5,0.117,43.63,False,False,False,False,True,True,False,False,False,True,True,False,False,False,False,False,2026-11-04,False,False,3,"LoD>60% ATR, thin RVOL, below 200-MA",near21,3,https://www.tradingview.com/chart/?symbol=NYSE:ESAB&interval=D,False,False,False
PRAX,"Praxis Precision Medicines, Inc.",NASDAQ,Pharmaceuticals: Major,259.86,280.54,290.57,309.85,329.65,318.68,319.0,316.69,278.82,293.51,267.85,259.0,5.54,5.85,15.19,491808.1000000001,440426.63333333295,114449265.0,136464431.0,1.06,1.27,7255287909.721798,-26.34,366,-21.57,286,-20.08,298,-22.66,-3.62,-10.57,1.96,0.58,5.7,0.227,18.9,False,False,False,False,False,False,True,True,False,True,False,True,False,False,False,False,2026-11-11,False,False,4,"thin RVOL, below 200-MA",ADR,4,https://www.tradingview.com/chart/?symbol=NASDAQ:PRAX&interval=D,False,False,False
NNE,Nano Nuclear Energy Inc.,NASDAQ,Electrical Products,15.34,15.78,16.16,16.71,17.47,19.7,20.96,23.01,15.85,16.31,15.46,14.92,4.9,6.46,0.99,1927862.0,1910601.3333333333,29308624.0,31919143.0,0.83,0.98,823729526.5072083,-19.39,328,-21.53,285,-27.78,329,-22.9,-1.89,-5.08,0.92,0.55,42.4,0.161,47.16,False,False,False,False,False,True,True,True,False,True,False,True,False,False,False,False,2026-12-17,False,False,4,"thin RVOL, below 200-MA","near21, ADR",5,https://www.tradingview.com/chart/?symbol=NASDAQ:NNE&interval=D,False,False,False
ENOV,Enovis Corporation,NYSE,Medical Specialties,17.69,18.03,18.12,18.91,21.94,23.03,23.34,23.57,17.98,18.68,17.89,17.14,4.29,5.49,0.97,1502309.5,1943554.7666666666,34381484.0,36750677.0,0.76,0.98,1020173309.8668964,-11.28,240,-30.9,346,-26.93,325,-23.04,-3.53,-2.37,0.96,0.77,56.1,0.073,31.3,False,False,False,False,True,True,True,False,True,True,False,True,False,False,False,False,2026-11-05,False,False,4,"thin RVOL, below 200-MA","near21, BB",6,https://www.tradingview.com/chart/?symbol=NYSE:ENOV&interval=D,False,False,False
CORZ,"Core Scientific, Inc.",NASDAQ,Packaged Software,15.41,16.16,16.87,17.03,18.11,21.58,20.7,19.82,16.22,16.79,15.66,15.09,5.57,6.3,0.97,11444825.8,11396236.7,175616008.0,194089307.0,0.6,1.4,4951855816.8203125,-17.81,312,-34.7,360,-16.61,286,-23.04,-2.37,-8.63,1.3,0.59,33.2,0.227,35.2,False,False,False,False,False,True,True,True,False,True,False,True,False,False,False,False,2026-11-11,False,False,4,"thin RVOL, below 200-MA","near21, ADR",5,https://www.tradingview.com/chart/?symbol=NASDAQ:CORZ&interval=D,False,False,False
RZLV,Rezolve AI PLC,NASDAQ,Packaged Software,1.91,2.09,2.18,2.26,2.41,2.49,2.54,2.62,2.08,2.17,1.94,1.88,5.18,6.29,0.12,12324152.1,15012220.7,28673342.0,33887586.0,0.56,2.11,796219581.9105263,-16.96,298,-28.6,326,-24.8,315,-23.45,-3.32,-12.24,1.93,0.5,25.0,0.218,28.03,False,False,False,False,False,False,True,True,False,True,False,True,False,False,False,False,2027-04-29,False,True,3,"thin RVOL, below 200-MA, large gap",ADR,4,https://www.tradingview.com/chart/?symbol=NASDAQ:RZLV&interval=D,False,False,False
IBP,"Installed Building Products, Inc.",NYSE,Engineering & Construction,185.44,190.92,195.96,206.6,220.63,219.23,236.72,253.48,191.19,198.7,188.86,182.57,4.24,4.81,8.91,436767.1,457810.6666666667,84896410.0,94583836.0,0.78,-0.4,4928842789.309482,-18.63,321,-16.91,246,-34.95,353,-23.5,-3.32,-5.37,1.39,0.71,32.2,0.129,33.73,False,False,False,False,False,True,True,False,False,True,False,True,False,False,False,False,2026-11-11,False,False,4,"thin RVOL, below 200-MA",near21,4,https://www.tradingview.com/chart/?symbol=NYSE:IBP&interval=D,False,False,False
INSM,Insmed Incorporated,NASDAQ,Pharmaceuticals: Major,100.6,107.9,114.52,118.07,119.65,112.35,121.57,131.06,107.01,112.41,101.82,99.15,4.75,5.05,5.08,3303811.0,2524834.3333333335,253998334.0,298115606.0,0.74,0.04,21969179658.905254,-18.87,323,-14.81,227,-36.96,356,-23.55,-3.15,-12.15,2.08,0.53,28.5,0.282,23.02,False,False,False,False,False,False,True,True,False,True,False,True,False,True,False,False,2026-10-29,False,False,5,below 200-MA,ADR,4,https://www.tradingview.com/chart/?symbol=NASDAQ:INSM&interval=D,False,False,False
FTAI,FTAI Aviation Ltd.,NASDAQ,Aerospace & Defense,169.96,169.74,177.18,181.58,194.38,216.39,226.87,235.66,172.56,177.65,173.99,166.5,4.07,5.05,8.58,1343954.7000000018,1390259.5333333334,236295462.0,252438924.0,0.69,1.05,17456610691.549984,-12.84,256,-25.01,309,-33.39,346,-23.75,-2.49,-4.07,0.86,0.87,40.4,0.219,38.79,False,False,False,False,False,True,True,False,False,True,False,True,False,True,False,False,2026-10-29,False,False,5,below 200-MA,near21,4,https://www.tradingview.com/chart/?symbol=NASDAQ:FTAI&interval=D,False,False,False
SPHR,Sphere Entertainment Co.,NYSE,Media Conglomerates,106.41,120.23,131.55,134.57,144.74,145.6,138.89,129.43,117.72,127.49,111.0,106.01,6.42,6.71,7.14,1217546.1,775971.2333333333,82571099.0,104418569.0,0.62,-0.25,3821567029.2280087,-23.9,354,-29.86,340,-17.53,287,-23.77,-3.95,-19.11,2.46,0.7,5.6,0.449,23.83,False,False,False,False,False,False,True,True,False,True,False,True,False,False,False,False,2026-11-10,False,False,4,"thin RVOL, below 200-MA",ADR,4,https://www.tradingview.com/chart/?symbol=NYSE:SPHR&interval=D,False,False,False
AMPX,"Amprius Technologies, Inc.",NYSE,Electrical Products,9.44,9.52,9.52,9.6,10.16,12.26,14.33,13.45,9.5,9.61,9.57,9.14,5.68,5.85,0.55,6771314.4,5236259.366666666,49430288.0,50257617.0,0.77,1.06,1379001173.6400425,-8.53,209,-21.2,279,-41.91,369,-23.88,-1.21,-0.84,0.31,0.78,54.4,0.089,50.98,False,False,False,False,True,True,True,False,True,True,False,True,False,False,False,False,2026-11-05,False,False,4,"thin RVOL, below 200-MA","near21, BB",6,https://www.tradingview.com/chart/?symbol=NYSE:AMPX&interval=D,False,False,False
LUMN,"Lumen Technologies, Inc.",NASDAQ,Major Telecommunications,5.28,5.63,6.01,6.22,6.23,7.1,7.37,7.5,5.7,5.92,5.58,5.13,5.13,6.1,0.32,13890873.2,13591196.733333332,71761519.0,84534978.0,1.39,0.0,5446031838.302158,-20.6,336,-21.43,282,-30.07,340,-24.03,-2.49,-12.17,1.76,1.4,46.6,0.325,35.4,False,False,False,False,False,False,False,False,False,False,True,True,False,False,True,False,2026-11-04,False,False,4,"thin RVOL, below 200-MA",RVOL,2,https://www.tradingview.com/chart/?symbol=NASDAQ:LUMN&interval=D,False,False,False
MRP,"Millrose Properties, Inc.",NYSE,Real Estate Development,22.36,24.19,26.29,27.76,28.58,28.6,28.77,29.21,24.06,25.8,22.78,21.91,4.8,4.56,1.02,4697148.8,2657824.533333333,59428957.0,73768806.0,1.01,0.04,3448540269.5607605,-27.36,370,-21.63,288,-25.81,319,-24.93,-4.77,-14.96,2.92,0.85,44.1,0.378,22.44,False,False,False,False,False,False,True,False,False,False,False,True,False,False,False,False,2026-10-27,False,False,4,"thin RVOL, below 200-MA",,3,https://www.tradingview.com/chart/?symbol=NYSE:MRP&interval=D,False,False,False
FLUT,Flutter Entertainment plc,NYSE,Casinos/Gaming,79.78,76.61,83.64,89.18,93.02,98.42,100.56,116.92,79.11,83.3,82.65,78.69,5.26,5.28,4.21,3005982.8,3051238.6,243427816.0,272111493.0,0.89,0.26,13844950369.09022,-20.66,338,-29.68,337,-25.53,316,-25.29,-2.7,-4.61,0.8,0.94,25.9,0.407,50.52,False,False,False,False,False,True,True,False,False,True,False,True,False,True,False,False,2026-11-18,False,False,5,below 200-MA,near21,4,https://www.tradingview.com/chart/?symbol=NYSE:FLUT&interval=D,False,False,False
BBAI,"BigBear.ai, Inc.",NYSE,Packaged Software,2.39,2.59,2.71,2.79,2.93,3.31,3.48,3.88,2.57,2.69,2.47,2.37,5.0,5.63,0.13,16906682.9,15729316.533333333,37593067.0,43821876.0,0.74,0.83,1145991907.3429754,-18.43,320,-29.5,335,-28.01,330,-25.31,-3.26,-11.74,1.98,0.74,14.9,0.218,54.23,False,False,False,False,False,False,True,False,False,False,False,True,False,False,False,False,2026-11-11,False,False,4,"thin RVOL, below 200-MA",,3,https://www.tradingview.com/chart/?symbol=NYSE:BBAI&interval=D,False,False,False
OKLO,Oklo Inc.,NYSE,Industrial Machinery,34.7,36.39,37.25,38.23,40.23,47.04,51.85,58.34,36.39,37.48,35.13,34.1,4.58,6.42,2.23,9996242.4,10055487.866666667,348925429.0,384438060.0,0.75,1.24,6454812550.859128,-19.02,325,-29.81,339,-28.98,336,-25.94,-2.14,-6.86,1.15,0.46,26.8,0.178,63.27,False,False,False,False,False,True,True,True,False,True,False,True,False,False,False,False,2026-11-18,False,False,4,"thin RVOL, below 200-MA","near21, ADR",5,https://www.tradingview.com/chart/?symbol=NYSE:OKLO&interval=D,False,False,False
QS,QuantumScape Corporation,NASDAQ,Electrical Products,4.58,4.59,4.81,5.02,5.36,6.24,6.5,7.16,4.65,4.84,4.74,4.51,4.41,5.18,0.24,13612718.2,12078039.9,55317423.0,60623708.0,0.89,2.84,2835539875.0,-17.03,299,-34.48,359,-27.07,326,-26.19,-2.8,-4.84,1.03,0.95,27.4,0.195,56.17,False,False,False,False,False,True,True,False,False,True,False,True,False,False,False,False,2026-10-28,False,True,3,"thin RVOL, below 200-MA, large gap",near21,4,https://www.tradingview.com/chart/?symbol=NASDAQ:QS&interval=D,False,False,False
SEDG,"SolarEdge Technologies, Inc.",NASDAQ,Electrical Products,32.21,32.51,33.54,33.73,33.78,45.33,44.92,42.29,32.89,33.33,32.83,31.63,5.48,7.0,2.25,2420798.1,2921656.2333333334,94106547.0,98544543.0,0.49,1.11,1981744333.5965507,-12.95,258,-41.87,376,-23.76,311,-26.19,-0.66,-3.95,0.48,0.53,25.7,0.191,39.77,False,False,False,False,False,True,True,True,False,True,False,True,False,False,False,False,2026-11-11,False,False,4,"thin RVOL, below 200-MA","near21, ADR",5,https://www.tradingview.com/chart/?symbol=NASDAQ:SEDG&interval=D,False,False,False
LUNR,"Intuitive Machines, Inc.",NASDAQ,Aerospace & Defense,13.19,14.34,14.61,14.72,15.44,19.46,20.94,20.25,14.27,14.64,13.91,13.06,7.1,7.69,1.01,8673038.9,7573278.3,99891541.0,111491279.0,0.88,1.35,3019508355.251095,-17.04,300,-21.72,290,-40.24,365,-26.33,-1.9,-9.73,1.29,0.83,12.3,0.217,50.05,False,False,False,False,False,True,True,False,False,True,False,True,False,False,False,False,2026-11-18,False,False,4,"thin RVOL, below 200-MA",near21,4,https://www.tradingview.com/chart/?symbol=NASDAQ:LUNR&interval=D,False,False,False
OCUL,"Ocular Therapeutix, Inc.",NASDAQ,Pharmaceuticals: Major,7.54,7.43,8.76,9.42,9.65,9.37,9.23,9.48,7.77,8.5,7.68,7.38,7.95,7.43,0.56,5266148.7,3236166.6333333333,24400696.0,30499252.0,0.51,-0.27,1655903749.4567244,-32.92,392,-28.26,324,-19.01,293,-26.73,-2.94,-13.92,1.52,0.54,28.5,0.62,29.42,False,False,False,False,False,False,True,True,False,True,False,True,False,False,False,False,2026-11-09,False,False,4,"thin RVOL, below 200-MA",ADR,4,https://www.tradingview.com/chart/?symbol=NASDAQ:OCUL&interval=D,False,False,False
SMR,NuScale Power Corporation,NYSE,Electrical Products,7.2,7.7,8.14,8.68,8.95,9.47,10.17,11.73,7.74,8.16,7.42,7.07,5.3,7.64,0.55,32504016.7,35629878.6,256535126.0,309255470.0,0.99,0.68,3094007662.622951,-34.6,395,-21.48,283,-24.21,312,-26.77,-2.55,-11.55,1.54,0.64,23.6,0.247,55.96,False,False,False,False,False,False,True,False,False,False,False,True,False,False,False,False,2026-11-05,False,False,4,"thin RVOL, below 200-MA",,3,https://www.tradingview.com/chart/?symbol=NYSE:SMR&interval=D,False,False,False
HYMC,Hycroft Mining Holding Corporation,NASDAQ,Precious Metals,19.19,18.89,20.0,20.88,22.69,23.86,28.52,30.85,19.12,20.08,19.27,18.2,5.46,6.73,1.29,1955084.2,2082225.8333333386,39957914.0,43476528.0,0.81,2.69,1788156325.5985723,-17.99,315,-11.97,209,-50.55,385,-26.84,-2.29,-4.04,0.66,0.82,76.2,0.252,62.33,False,False,False,False,False,True,True,False,False,True,False,False,False,False,False,False,2026-11-03,False,True,2,"LoD>60% ATR, thin RVOL, below 200-MA, large gap",near21,3,https://www.tradingview.com/chart/?symbol=NASDAQ:HYMC&interval=D,False,False,False
FLY,Firefly Aerospace Inc.,NASDAQ,Aerospace & Defense,20.0,22.39,22.21,21.93,22.91,27.0,28.91,27.82,21.86,22.18,20.96,19.65,8.1,8.16,1.63,3692643.4,3153060.5,63061210.0,69138209.0,0.72,0.24,3348092968.553458,-13.94,266,-21.57,287,-46.56,378,-27.36,-1.56,-9.96,1.21,0.8,21.4,0.225,33.47,False,False,False,False,False,True,True,False,False,True,False,True,False,False,False,False,2026-11-18,False,False,4,"thin RVOL, below 200-MA",near21,4,https://www.tradingview.com/chart/?symbol=NASDAQ:FLY&interval=D,False,False,False
DNN,Denison Mines Corp,AMEX,Other Metals/Minerals,2.43,2.56,2.69,2.89,3.04,3.09,3.29,3.38,2.57,2.72,2.47,2.37,4.73,5.92,0.14,30866811.4,26524907.7,64455526.0,76727716.0,0.74,1.69,2199675110.020772,-27.46,372,-23.82,304,-31.55,341,-27.61,-3.39,-9.67,1.78,0.7,41.7,0.245,34.08,False,False,False,False,False,False,True,False,False,False,False,True,False,False,False,False,2026-11-03,False,False,4,"thin RVOL, below 200-MA",,3,https://www.tradingview.com/chart/?symbol=AMEX:DNN&interval=D,False,False,False
RSI,"Rush Street Interactive, Inc.",NYSE,Casinos/Gaming,18.9,20.05,21.5,23.14,24.2,26.99,25.84,24.02,20.3,21.53,20.65,18.82,5.68,6.05,1.14,2800084.6,3369746.3666666667,63688206.0,77961329.0,0.95,0.44,4380516320.580708,-29.5,383,-42.36,378,-12.56,269,-28.14,-3.62,-12.09,2.02,1.6,7.0,0.439,36.69,False,False,False,False,False,False,False,False,False,False,True,True,False,False,False,False,2026-10-28,False,False,4,"thin RVOL, below 200-MA",,2,https://www.tradingview.com/chart/?symbol=NYSE:RSI&interval=D,False,False,False
GT,The Goodyear Tire & Rubber Company,NASDAQ,Automotive Aftermarket,4.68,4.83,5.01,5.33,5.72,6.09,6.3,6.99,4.83,5.08,4.78,4.62,4.17,4.58,0.21,8849241.4,9454063.433333334,44245017.0,50416945.0,0.67,0.63,1347366116.008421,-19.79,333,-30.31,343,-34.45,350,-28.18,-3.98,-6.68,1.71,0.72,25.6,0.187,46.13,False,False,False,False,False,False,True,False,False,False,False,True,False,False,False,False,2026-11-09,False,False,4,"thin RVOL, below 200-MA",,3,https://www.tradingview.com/chart/?symbol=NASDAQ:GT&interval=D,False,False,False
APP,Applovin Corporation,NASDAQ,Packaged Software,277.04,285.31,303.62,307.42,318.17,405.21,419.43,445.79,286.33,298.02,282.49,275.35,4.14,5.1,14.14,5587429.2,5131181.7,1421542578.0,1577431299.0,0.6,0.5,92711709530.02228,-11.07,237,-47.39,386,-26.32,322,-28.26,-2.53,-8.75,1.38,0.5,12.0,0.279,57.93,False,False,False,False,False,True,True,True,False,True,False,True,False,True,False,False,2026-11-04,False,False,5,below 200-MA,"near21, ADR",5,https://www.tradingview.com/chart/?symbol=NASDAQ:APP&interval=D,False,False,False
MIAX,"Miami International Holdings, Inc.",NYSE,Investment Banks/Brokers,30.71,32.47,35.08,37.52,40.04,41.3,42.23,42.31,32.51,34.9,31.19,30.0,4.71,5.29,1.62,2186986.1,1856260.8,57005769.0,69646905.0,0.63,-0.33,3047380891.9846907,-29.42,382,-29.71,338,-25.73,317,-28.29,-4.41,-12.45,2.27,0.73,43.7,0.358,32.03,False,False,False,False,False,False,True,False,False,False,False,True,False,False,False,False,2026-10-29,False,False,4,"thin RVOL, below 200-MA",,3,https://www.tradingview.com/chart/?symbol=NYSE:MIAX&interval=D,False,False,False
CBRS,Cerebras Systems Inc.,NASDAQ,Packaged Software,164.17,177.11,187.93,188.63,199.31,207.14,,,176.97,184.53,170.11,162.48,6.62,7.89,12.95,10080823.1,7255668.233333333,1191163054.0,1368610095.0,0.71,1.23,36749213173.42407,-16.41,291,-15.46,231,-53.09,390,-28.32,-2.23,-12.64,1.4,0.59,13.0,0.321,18.29,False,False,False,False,False,True,True,True,False,True,False,True,False,True,False,False,2026-12-02,False,False,5,below 200-MA,"near21, ADR",5,https://www.tradingview.com/chart/?symbol=NASDAQ:CBRS&interval=D,False,False,False
PUMP,ProPetro Holding Corp.,NYSE,Oilfield Services/Equipment,9.09,9.18,9.65,10.26,10.72,12.45,13.34,12.73,9.33,9.74,9.4,9.06,4.98,5.46,0.5,3716938.1,3802120.0,34561271.0,39012286.0,0.7,0.77,1116469369.652655,-23.81,351,-29.26,332,-32.21,344,-28.43,-2.78,-5.8,1.22,0.69,5.0,0.23,45.78,False,False,False,False,False,True,True,False,False,True,False,True,False,False,False,False,2026-11-04,False,False,4,"thin RVOL, below 200-MA",near21,4,https://www.tradingview.com/chart/?symbol=NYSE:PUMP&interval=D,False,False,False
INIO,INNIO N.V.,NASDAQ,Electrical Products,19.79,19.26,19.33,19.69,22.0,,,,19.6,19.88,19.98,18.97,6.23,7.45,1.47,5002500.6,5430624.833333333,107472065.0,106939864.0,0.71,1.25,14842500589.577084,-8.8,212,-40.8,374,-36.16,355,-28.59,-1.35,2.38,0.06,0.68,55.6,0.229,13.86,False,False,False,False,True,True,True,False,False,True,False,True,False,True,False,False,2026-12-02,False,False,5,below 200-MA,near21,5,https://www.tradingview.com/chart/?symbol=NASDAQ:INIO&interval=D,False,False,False
RARE,Ultragenyx Pharmaceutical Inc.,NASDAQ,Pharmaceuticals: Major,15.48,14.93,14.62,16.12,20.07,23.71,23.56,23.61,15.02,15.77,15.73,15.23,5.35,6.65,1.03,4428154.9,6074749.3,94037119.0,97911797.0,0.64,0.07,1526155778.1661217,4.81,111,-55.27,395,-35.55,354,-28.67,-3.44,5.91,0.28,0.49,24.3,0.193,58.75,False,False,False,False,False,True,True,True,False,True,False,True,False,False,False,False,2026-11-04,False,False,4,"thin RVOL, below 200-MA","near21, ADR",5,https://www.tradingview.com/chart/?symbol=NASDAQ:RARE&interval=D,False,False,False
BRBR,"BellRing Brands, Inc.",NYSE,Beverages: Non-Alcoholic,8.55,7.77,8.26,8.87,9.81,10.36,11.96,14.57,8.01,8.4,8.55,7.92,5.15,5.36,0.46,4426115.2,3710524.4,31724984.0,32923483.0,0.83,-0.13,994178566.1264081,-11.31,241,-30.94,347,-44.37,373,-28.87,-2.4,3.48,0.33,1.37,137.5,0.313,79.53,False,False,False,False,False,True,False,False,False,True,True,False,False,False,False,False,2026-11-23,False,False,3,"LoD>60% ATR, thin RVOL, below 200-MA",near21,2,https://www.tradingview.com/chart/?symbol=NYSE:BRBR&interval=D,False,False,False
JOBY,"Joby Aviation, Inc.",NYSE,Aerospace & Defense,5.44,5.86,6.05,6.27,6.87,7.98,8.41,9.37,5.84,6.1,5.7,5.23,4.35,5.2,0.28,23470967.2,24978534.6,135883228.0,156532150.0,1.82,-1.04,5406677011.311305,-19.76,331,-32.34,352,-34.85,352,-28.98,-4.01,-10.16,2.08,1.66,74.3,0.167,64.58,False,False,False,False,False,False,False,False,False,False,True,False,True,True,True,False,2026-11-11,False,False,4,"LoD>60% ATR, below 200-MA",RVOL,1,https://www.tradingview.com/chart/?symbol=NYSE:JOBY&interval=D,False,False,False
CIFR,Cipher Digital Inc.,NASDAQ,Data Processing Services,13.52,15.28,16.39,16.38,16.92,20.02,18.96,18.3,15.13,15.95,13.68,13.12,7.69,9.37,1.27,31447790.8,33267264.866666667,449773421.0,544995422.0,0.57,0.81,5611215485.623704,-27.27,369,-42.07,377,-17.84,290,-29.06,-2.15,-17.49,1.62,0.44,31.6,0.394,35.04,False,False,False,False,False,False,True,True,False,True,False,True,False,False,False,False,2026-11-11,False,False,4,"thin RVOL, below 200-MA",ADR,4,https://www.tradingview.com/chart/?symbol=NASDAQ:CIFR&interval=D,False,False,False
USAR,"USA Rare Earth, Inc.",NASDAQ,Metal Fabrication,12.56,13.58,14.66,15.52,16.62,18.74,19.31,19.28,13.62,14.59,12.79,12.4,4.85,6.5,0.82,13014210.8,12920033.6,162275622.0,200553375.0,0.85,0.55,4710961743.961996,-28.06,374,-33.19,355,-26.85,323,-29.37,-3.76,-14.31,2.14,0.48,19.6,0.337,45.61,False,False,False,False,False,False,True,True,False,True,False,True,False,False,False,False,2026-11-05,False,False,4,"thin RVOL, below 200-MA",ADR,4,https://www.tradingview.com/chart/?symbol=NASDAQ:USAR&interval=D,False,False,False
LASR,"nLIGHT, Inc.",NASDAQ,Semiconductors,38.48,39.42,39.54,39.98,46.02,57.47,61.06,57.91,39.4,40.39,39.02,37.42,4.11,5.15,1.98,886512.5,1034099.4666666667,39792147.0,41342090.0,0.73,1.38,2219918859.8402505,-5.06,186,-47.71,387,-38.73,360,-30.5,-3.18,-2.67,0.92,0.81,53.5,0.096,56.22,False,False,False,False,True,True,True,False,True,True,False,True,False,False,False,False,2026-10-29,False,False,4,"thin RVOL, below 200-MA","near21, BB",6,https://www.tradingview.com/chart/?symbol=NASDAQ:LASR&interval=D,False,False,False
ALM,Almonty Industries Inc.,NASDAQ,Other Metals/Minerals,11.87,12.82,13.36,14.78,15.0,15.74,16.88,15.8,12.74,13.58,11.92,11.42,6.2,8.24,0.98,5601514.0,6380709.666666667,75739024.0,94276049.0,1.02,2.85,3424266333.7346582,-37.53,397,-20.92,278,-33.28,345,-30.57,-2.53,-11.14,1.53,0.51,45.5,0.252,34.15,False,False,False,False,False,False,True,True,False,True,False,True,False,False,False,False,2026-11-17,False,True,3,"thin RVOL, below 200-MA, large gap",ADR,4,https://www.tradingview.com/chart/?symbol=NASDAQ:ALM&interval=D,False,False,False
PL,Planet Labs PBC,NYSE,Packaged Software,17.18,17.12,16.91,17.4,19.54,25.56,28.46,27.32,17.28,17.52,17.32,16.55,4.99,6.06,1.04,11199974.5,12348567.9,212148397.0,214869198.0,0.66,-0.99,6250908542.057009,-4.56,181,-37.16,367,-50.75,386,-30.82,-1.99,1.57,0.32,0.74,60.5,0.156,67.21,False,False,False,False,True,True,True,False,False,True,False,False,False,False,False,False,2026-12-14,False,False,3,"LoD>60% ATR, thin RVOL, below 200-MA",near21,4,https://www.tradingview.com/chart/?symbol=NYSE:PL&interval=D,False,False,False
QXO,"QXO, Inc.",NYSE,Wholesale Distributors,10.81,11.68,11.83,12.23,13.12,14.48,16.38,18.18,11.59,11.98,11.2,10.75,5.02,5.76,0.62,25135264.6,20148549.266666666,217805818.0,246369744.0,0.83,0.36,11215274596.292269,-17.79,311,-25.55,313,-49.63,384,-30.99,-3.06,-8.61,1.69,0.73,9.6,0.164,60.2,False,False,False,False,False,False,True,False,False,False,False,True,False,True,False,False,2026-11-17,False,False,5,below 200-MA,,3,https://www.tradingview.com/chart/?symbol=NYSE:QXO&interval=D,False,False,False
OLN,Olin Corporation,NYSE,Industrial Specialties,14.89,15.77,16.27,16.63,17.38,20.23,22.59,22.8,15.82,16.29,15.76,14.82,4.23,4.42,0.66,5875205.5,3690974.2,54958606.0,61388283.0,0.76,0.38,1697199246.6252406,-17.51,307,-27.19,322,-48.35,380,-31.02,-3.24,-8.49,1.95,1.44,10.6,0.148,47.17,False,False,False,False,False,False,False,False,False,False,True,True,False,False,False,False,2026-10-29,False,False,4,"thin RVOL, below 200-MA",,2,https://www.tradingview.com/chart/?symbol=NYSE:OLN&interval=D,False,False,False
WULF,TeraWulf Inc.,NASDAQ,Data Processing Services,13.77,14.7,15.45,15.65,16.13,19.68,19.38,18.12,14.69,15.27,13.91,13.5,6.2,7.35,1.01,27399439.5,28063731.933333334,386437589.0,439234823.0,0.53,1.03,6870798655.002196,-23.71,350,-41.13,375,-28.43,332,-31.09,-1.99,-10.87,1.34,0.41,26.7,0.274,36.2,False,False,False,False,False,True,True,True,False,True,False,True,False,False,False,False,2026-11-16,False,False,4,"thin RVOL, below 200-MA","near21, ADR",5,https://www.tradingview.com/chart/?symbol=NASDAQ:WULF&interval=D,False,False,False
PLUG,"Plug Power, Inc.",NASDAQ,Electronic Production Equipment,1.68,1.84,1.95,2.01,2.09,2.45,2.56,2.45,1.84,1.93,1.75,1.68,4.72,5.86,0.1,48029871.7,46962278.06666667,78896627.0,94566374.0,0.87,0.58,2347287945.710983,-25.0,360,-28.66,328,-39.89,364,-31.19,-3.33,-13.76,2.2,0.71,0.0,0.255,42.85,False,False,False,False,False,False,True,False,False,False,False,True,False,False,False,False,2026-11-10,False,False,4,"thin RVOL, below 200-MA",,3,https://www.tradingview.com/chart/?symbol=NASDAQ:PLUG&interval=D,False,False,False
HTZ,"Hertz Global Holdings, Inc",NASDAQ,Finance/Rental/Leasing,1.92,1.83,1.84,1.95,2.01,2.76,3.67,4.03,1.89,1.9,1.99,1.85,6.5,7.74,0.15,21627442.3,16408876.7,31505043.0,32052006.0,0.66,1.53,684386732.0816326,-11.11,238,-11.52,207,-70.96,402,-31.2,-0.56,4.56,0.15,0.94,47.1,0.255,114.4,False,False,False,False,False,True,True,False,False,True,False,True,False,False,False,False,2026-11-05,False,False,4,"thin RVOL, below 200-MA",near21,4,https://www.tradingview.com/chart/?symbol=NASDAQ:HTZ&interval=D,False,False,False
NAMS,NewAmsterdam Pharma Company N.V.,NASDAQ,Pharmaceuticals: Major,21.58,22.91,22.61,23.27,24.96,28.68,29.9,30.84,22.44,23.05,21.79,21.02,5.82,6.01,1.3,1533855.6,1713806.8,36975382.0,39886283.0,0.83,-0.05,2579014479.080433,-14.87,271,-40.09,372,-39.12,361,-31.36,-2.26,-4.56,1.07,0.59,42.8,0.161,38.17,False,False,False,False,False,True,True,True,False,True,False,True,False,False,False,False,2026-11-11,False,False,4,"thin RVOL, below 200-MA","near21, ADR",5,https://www.tradingview.com/chart/?symbol=NASDAQ:NAMS&interval=D,False,False,False
KNF,Knife Riv Holding Co.,NYSE,Construction Materials,49.84,51.53,53.17,55.72,60.47,70.14,74.81,75.89,51.83,53.95,51.97,49.53,4.91,4.95,2.47,1092884.7,1076259.1,53640754.0,59969516.0,0.52,-0.57,2829088882.9309354,-17.24,302,-36.17,363,-42.05,370,-31.82,-3.55,-6.27,1.54,0.99,12.6,0.161,48.88,False,False,False,False,False,False,True,False,False,False,False,True,False,False,False,False,2026-11-09,False,False,4,"thin RVOL, below 200-MA",,3,https://www.tradingview.com/chart/?symbol=NYSE:KNF&interval=D,False,False,False
WHR,Whirlpool Corporation,NYSE,Electronics/Appliances,28.83,30.09,31.46,33.71,36.75,38.14,43.19,52.25,30.18,31.89,29.25,28.48,4.13,4.79,1.38,3098437.2,2951651.7666666666,85096120.0,99505100.0,0.75,-0.1,1879698086.050411,-22.91,346,-23.71,303,-49.47,383,-32.03,-4.5,-8.36,2.01,0.56,25.4,0.196,76.88,False,False,False,False,False,False,True,True,False,True,False,True,False,False,False,False,2026-10-15,True,False,3,"thin RVOL, earnings soon, below 200-MA",ADR,3,https://www.tradingview.com/chart/?symbol=NYSE:WHR&interval=D,False,False,False
RUN,Sunrun Inc.,NASDAQ,Semiconductors,7.64,7.67,8.04,8.28,8.87,10.88,11.57,13.28,7.76,8.06,7.69,7.46,4.39,5.2,0.4,7783008.0,7675426.1,58640255.0,63581951.0,0.7,0.33,1840071001.486166,-16.78,296,-38.54,370,-42.96,372,-32.76,-2.66,-4.98,0.99,0.58,45.3,0.213,73.34,False,False,False,False,False,True,True,True,False,True,False,True,False,False,False,False,2026-11-04,False,False,4,"thin RVOL, below 200-MA","near21, ADR",5,https://www.tradingview.com/chart/?symbol=NASDAQ:RUN&interval=D,False,False,False
ASTS,"AST SpaceMobile, Inc.",NASDAQ,Specialty Telecommunications,50.96,58.49,59.63,60.02,62.85,72.49,76.21,80.75,58.02,59.47,55.85,47.57,8.11,8.91,4.54,17328455.9,12334968.033333333,628651646.0,740367395.0,4.33,-4.34,19833921522.01634,-23.44,348,-31.2,349,-45.11,374,-33.25,-2.12,-14.53,1.61,1.82,74.8,0.182,43.69,False,False,False,False,False,False,False,False,False,False,True,False,True,True,True,False,2026-11-16,False,True,3,"LoD>60% ATR, below 200-MA, large gap",RVOL,1,https://www.tradingview.com/chart/?symbol=NASDAQ:ASTS&interval=D,False,False,False
XE,"X-Energy, Inc.",NASDAQ,Industrial Machinery,13.71,14.3,15.01,15.84,17.31,18.72,,,14.46,15.16,13.99,13.5,6.01,8.41,1.15,6008414.1,6959110.766666667,95409409.0,110220716.0,0.59,0.73,5571279193.165578,-25.2,362,-17.46,251,-57.18,393,-33.28,-2.47,-8.66,1.14,0.43,18.6,0.24,32.26,False,False,False,False,False,True,True,True,False,True,False,True,False,False,False,False,2026-12-02,False,False,4,"thin RVOL, below 200-MA","near21, ADR",5,https://www.tradingview.com/chart/?symbol=NASDAQ:XE&interval=D,False,False,False
MTZ,"MasTec, Inc.",NYSE,Engineering & Construction,212.65,215.79,217.15,224.19,242.4,305.4,322.93,305.36,217.63,222.42,220.2,210.01,4.25,5.49,11.67,1447962.4,1502312.3,319466711.0,336806399.0,1.27,1.04,17076847246.49612,-15.49,281,-44.17,381,-40.57,367,-33.41,-2.24,-2.07,0.8,0.87,22.6,0.12,50.38,False,False,False,False,True,True,True,False,False,True,False,True,False,True,True,False,2026-10-29,False,False,5,below 200-MA,"near21, RVOL",5,https://www.tradingview.com/chart/?symbol=NYSE:MTZ&interval=D,False,False,False
QNT,Quantinuum Inc.,NASDAQ,Computer Processing Hardware,41.3,45.68,48.21,48.51,52.36,,,,45.11,47.42,42.34,41.04,5.93,6.85,2.83,1915097.0,1890470.6,78076436.0,91707989.0,0.57,0.99,10874626345.329958,-17.66,309,-43.71,380,-39.26,363,-33.55,-3.08,-14.34,1.88,0.46,9.2,0.277,16.16,False,False,False,False,False,False,True,True,False,True,False,True,False,True,False,False,2026-11-12,False,False,5,below 200-MA,ADR,4,https://www.tradingview.com/chart/?symbol=NASDAQ:QNT&interval=D,False,False,False
UTI,Universal Technical Institute Inc,NYSE,Miscellaneous Commercial Services,20.64,19.39,20.02,20.41,23.44,32.4,33.88,32.73,19.89,20.42,21.07,20.28,4.53,5.42,1.12,1596126.3,1760925.3666666667,36345500.0,35936378.0,0.59,1.08,1137165519.4564254,-4.0,179,-57.7,398,-41.36,368,-34.35,-2.21,3.09,0.19,0.71,32.2,0.167,70.24,False,False,False,False,False,True,True,False,False,True,False,True,False,False,False,False,2026-11-25,False,False,4,"thin RVOL, below 200-MA",near21,4,https://www.tradingview.com/chart/?symbol=NYSE:UTI&interval=D,False,False,False
TE,T1 Energy Inc.,NYSE,Electrical Products,3.39,3.69,3.93,4.16,4.46,6.27,6.1,6.42,3.7,3.94,3.54,3.32,6.47,9.17,0.31,17905775.5,19297728.266666666,65419299.0,80194926.0,0.67,1.45,1015301189.2063954,-32.13,389,-52.39,394,-20.42,299,-34.98,-2.62,-13.72,1.52,0.71,22.5,0.314,80.47,False,False,False,False,False,False,True,False,False,False,False,True,False,False,False,False,2026-11-11,False,False,4,"thin RVOL, below 200-MA",,3,https://www.tradingview.com/chart/?symbol=NYSE:TE&interval=D,False,False,False
SOC,Sable Offshore Corp.,NYSE,Integrated Oil,3.72,3.55,3.97,4.25,4.41,6.44,9.23,9.34,3.71,3.94,3.84,3.67,7.84,8.95,0.33,8680537.6,7867137.133333334,29265750.0,33458934.0,0.52,-0.52,713754830.0829017,-23.3,347,-11.0,202,-71.38,403,-35.23,-1.75,-6.33,0.61,0.51,15.0,0.496,155.55,False,False,False,False,False,True,True,True,False,True,False,True,False,False,False,False,2026-11-12,False,False,4,"thin RVOL, below 200-MA","near21, ADR",5,https://www.tradingview.com/chart/?symbol=NYSE:SOC&interval=D,False,False,False
UUUU,Energy Fuels Inc,AMEX,Other Metals/Minerals,9.96,10.67,11.25,12.25,13.04,13.85,15.79,17.03,10.68,11.41,10.2,9.8,4.35,6.23,0.62,8224667.0,7255609.833333333,72265874.0,88893313.0,0.73,1.51,2636695296.8692155,-31.64,387,-29.36,334,-46.16,377,-35.72,-3.79,-11.49,2.03,0.64,25.8,0.249,63.81,False,False,False,False,False,False,True,False,False,False,False,True,False,False,False,False,2026-10-30,False,False,4,"thin RVOL, below 200-MA",,3,https://www.tradingview.com/chart/?symbol=AMEX:UUUU&interval=D,False,False,False
CHTR,"Charter Communications, Inc.",NASDAQ,Cable/Satellite TV,103.38,109.0,117.94,127.98,137.34,136.77,158.1,172.38,110.2,118.01,108.72,102.37,4.98,5.67,5.86,3176523.7,3090071.2666666666,319451568.0,395464231.0,1.73,-1.19,18207571112.427464,-29.09,380,-24.13,307,-53.98,391,-35.73,-4.36,-12.35,2.19,1.08,17.2,0.396,61.3,False,False,False,False,False,False,False,False,False,False,True,True,True,True,True,False,2026-11-06,False,False,5,below 200-MA,RVOL,2,https://www.tradingview.com/chart/?symbol=NASDAQ:CHTR&interval=D,False,False,False
HUBG,"Hub Group, Inc.",NASDAQ,Air Freight/Couriers,25.76,28.54,30.44,32.62,36.55,40.91,40.26,41.36,28.26,30.6,27.14,25.64,4.85,5.67,1.46,1506004.0,1389289.0333333334,35788085.0,45313514.0,0.8,0.53,1575314400.738555,-28.56,377,-45.07,383,-33.66,349,-35.77,-5.21,-15.38,2.79,1.03,8.2,0.326,49.79,False,False,False,False,False,False,False,False,False,False,True,True,False,False,False,False,2026-10-22,False,False,4,"thin RVOL, below 200-MA",,2,https://www.tradingview.com/chart/?symbol=NASDAQ:HUBG&interval=D,False,False,False
FUN,Six Flags Entertainment Corporation,NYSE,Movies/Entertainment,11.41,11.43,11.95,12.91,14.4,17.42,17.74,17.47,11.67,12.3,11.56,11.24,5.78,6.1,0.7,3391477.9,2521921.066666667,28775119.0,32568089.0,0.57,1.14,1167429135.0000002,-27.37,371,-38.98,371,-42.08,371,-36.15,-3.4,-4.55,1.19,0.46,24.4,0.217,55.31,False,False,False,False,False,True,True,True,False,True,False,True,False,False,False,False,2026-11-05,False,False,4,"thin RVOL, below 200-MA","near21, ADR",5,https://www.tradingview.com/chart/?symbol=NYSE:FUN&interval=D,False,False,False
FMC,FMC Corporation,NYSE,Chemicals: Agricultural,8.35,8.86,9.59,10.48,10.53,11.12,12.51,13.1,9.01,9.58,8.9,8.21,5.67,6.47,0.54,5322389.3,4294612.866666666,35860017.0,45014701.0,1.0,-0.78,1298809155.2298207,-34.51,394,-23.95,305,-51.71,388,-36.72,-3.2,-12.95,1.99,1.28,25.9,0.354,50.75,False,False,False,False,False,False,False,False,False,False,True,True,False,False,False,False,2026-10-29,False,False,4,"thin RVOL, below 200-MA",,2,https://www.tradingview.com/chart/?symbol=NYSE:FMC&interval=D,False,False,False
LCID,"Lucid Group, Inc.",NASDAQ,Motor Vehicles,3.79,4.02,4.09,4.25,5.06,5.53,6.41,7.46,4.0,4.2,3.89,3.74,5.42,7.06,0.27,9218810.49999998,10558239.233333353,40015727.0,44900672.0,0.73,1.57,1493525995.4947643,-17.07,301,-36.52,365,-56.98,392,-36.85,-3.56,-7.43,1.38,0.54,16.8,0.14,90.73,False,False,False,False,False,True,True,True,False,True,False,True,False,False,False,False,2026-11-09,False,False,4,"thin RVOL, below 200-MA","near21, ADR",5,https://www.tradingview.com/chart/?symbol=NASDAQ:LCID&interval=D,False,False,False
FRMI,Fermi Inc.,NASDAQ,Real Estate Development,3.43,4.02,4.44,4.67,5.25,6.17,6.15,6.9,4.02,4.4,3.74,3.42,7.76,9.63,0.33,15762576.0,16896859.5,57956228.0,78987186.0,0.87,0.96,2199520838.4754095,-38.75,399,-44.18,382,-28.54,333,-37.16,-3.6,-22.71,2.29,0.97,3.0,0.434,84.01,False,False,False,False,False,False,True,False,False,False,False,True,False,False,False,False,2026-11-17,False,False,4,"thin RVOL, below 200-MA",,3,https://www.tradingview.com/chart/?symbol=NASDAQ:FRMI&interval=D,False,False,False
CELC,Celcuity Inc.,NASDAQ,Medical Specialties,67.94,73.02,77.58,82.05,85.83,93.63,102.44,103.66,72.3,77.06,68.53,66.91,7.16,7.04,4.78,1721206.9,1157115.2666666666,78614411.0,94937065.0,0.77,-0.13,3324433940.674525,-26.15,365,-40.14,373,-45.65,376,-37.31,-2.96,-12.42,1.68,0.34,21.5,0.299,45.09,False,False,False,False,False,False,True,True,False,True,False,True,False,False,False,False,2026-11-18,False,False,4,"thin RVOL, below 200-MA",ADR,4,https://www.tradingview.com/chart/?symbol=NASDAQ:CELC&interval=D,False,False,False
FICO,Fair Isaac Corporation,NYSE,Financial Publishing/Services,667.58,681.61,807.45,885.56,969.93,1094.58,1089.84,1191.87,713.22,794.58,718.88,663.12,6.27,7.92,52.84,1859483.3,910471.0333333333,607812252.0,806273997.0,0.61,1.48,14418149203.450235,-28.6,378,-48.25,388,-37.5,357,-38.12,-3.94,-17.32,2.02,1.06,8.4,0.685,76.43,False,False,False,False,False,False,False,False,False,False,True,True,False,True,False,False,2026-11-11,False,False,5,below 200-MA,,2,https://www.tradingview.com/chart/?symbol=NYSE:FICO&interval=D,False,False,False
KRMN,Karman Holdings Inc.,NYSE,Aerospace & Defense,32.59,32.7,33.97,35.77,43.72,47.58,59.2,67.85,32.92,34.94,33.0,31.88,6.06,6.93,2.26,2828643.6,3764419.966666667,122682447.0,134653302.0,0.68,3.34,4319273573.008836,-17.39,305,-35.49,361,-61.6,395,-38.16,-3.67,-4.08,0.97,0.5,31.4,0.197,107.86,False,False,False,False,False,True,True,True,False,True,False,True,False,False,False,False,2026-11-05,False,True,3,"thin RVOL, below 200-MA, large gap","near21, ADR",5,https://www.tradingview.com/chart/?symbol=NYSE:KRMN&interval=D,False,False,False
GRML,Greenland Mines Ltd,NASDAQ,Miscellaneous Commercial Services,5.17,8.04,8.0,6.8,7.79,10.67,13.93,14.54,7.3,7.68,6.28,4.93,47.43,38.24,1.98,4615204.9,16563893.566666666,85635330.0,112601348.0,0.56,6.12,69004672.29931974,17.5,45,-58.47,399,-75.95,405,-38.98,-0.88,-35.35,0.86,0.68,12.1,1.981,130.62,False,False,False,False,False,True,True,True,False,True,False,True,False,False,False,False,,False,True,3,"thin RVOL, below 200-MA, large gap","near21, ADR",5,https://www.tradingview.com/chart/?symbol=NASDAQ:GRML&interval=D,False,False,False
CAR,"Avis Budget Group, Inc.",NASDAQ,Finance/Rental/Leasing,105.98,108.26,110.61,118.95,127.71,147.49,168.5,155.51,109.31,113.65,111.4,105.83,5.39,5.34,5.65,396236.6,433791.8,45973255.0,51599968.0,0.78,1.27,3743823223.9367275,-20.8,340,-33.57,357,-63.95,397,-39.44,-3.19,-4.19,1.27,0.99,2.7,0.179,56.84,False,False,False,False,False,True,True,False,False,True,False,True,False,False,False,False,2026-11-02,False,False,4,"thin RVOL, below 200-MA",near21,4,https://www.tradingview.com/chart/?symbol=NASDAQ:CAR&interval=D,False,False,False
RCAT,"Red Cat Holdings, Inc.",NASDAQ,Packaged Software,5.77,6.27,6.66,7.22,8.12,9.13,10.34,10.91,6.27,6.76,5.99,5.7,4.69,6.66,0.38,6081169.2,7839389.766666667,45233279.0,56633058.0,0.86,1.02,881161808.7749578,-32.75,391,-37.28,368,-52.2,389,-40.74,-4.35,-13.43,2.2,0.76,18.2,0.32,80.41,False,False,False,False,False,False,True,False,False,False,False,True,False,False,False,False,2026-11-12,False,False,4,"thin RVOL, below 200-MA",,3,https://www.tradingview.com/chart/?symbol=NASDAQ:RCAT&interval=D,False,False,False
XENE,Xenon Pharmaceuticals Inc.,NASDAQ,Pharmaceuticals: Major,36.44,37.13,41.46,47.52,53.62,56.32,56.41,52.91,37.83,42.1,36.7,35.98,4.29,5.54,2.02,2330238.4,2187103.5,79698052.0,103940636.0,0.51,-0.3,3528865298.626106,-38.28,398,-48.36,389,-37.66,358,-41.43,-5.78,-12.11,2.43,0.36,22.8,0.763,52.93,False,False,False,False,False,False,True,True,False,True,False,True,False,False,False,False,2026-11-11,False,False,4,"thin RVOL, below 200-MA",ADR,4,https://www.tradingview.com/chart/?symbol=NASDAQ:XENE&interval=D,False,False,False
FLNC,"Fluence Energy, Inc.",NASDAQ,Electrical Products,7.43,7.64,7.84,8.69,10.29,14.79,15.0,16.63,7.68,8.22,7.66,7.31,5.1,7.58,0.56,5765305.3,7627174.333333333,56669905.0,66280145.0,0.7,2.15,1371550997.6845636,-30.5,385,-55.85,396,-45.61,375,-43.99,-3.67,-5.17,1.26,0.62,21.3,0.319,121.02,False,False,False,False,False,True,True,False,False,True,False,True,False,False,False,False,2026-11-30,False,True,3,"thin RVOL, below 200-MA, large gap",near21,4,https://www.tradingview.com/chart/?symbol=NASDAQ:FLNC&interval=D,False,False,False
AVBP,"ArriVent BioPharma, Inc.",NASDAQ,Pharmaceuticals: Other,16.73,24.02,26.53,27.71,28.74,29.97,28.9,27.24,22.12,25.23,17.76,16.49,10.51,14.36,2.4,3207766.0,1455717.2333333334,24354149.0,40332587.0,0.56,-0.72,824918304.5780969,-44.27,402,-50.28,391,-39.21,362,-44.59,-2.91,-36.93,2.35,0.53,10.0,0.777,35.55,False,False,False,False,False,False,True,True,False,True,False,True,False,False,False,False,2026-11-18,False,False,4,"thin RVOL, below 200-MA",ADR,4,https://www.tradingview.com/chart/?symbol=NASDAQ:AVBP&interval=D,False,False,False
OPEN,Opendoor Technologies Inc,NASDAQ,Real Estate Development,2.22,2.34,2.48,2.67,3.04,3.79,4.19,4.54,2.35,2.53,2.34,2.18,5.64,6.61,0.15,30633224.7,30759401.766666666,68285872.0,82230134.0,1.03,1.09,2155822127.6069875,-26.49,368,-58.89,400,-49.2,382,-44.86,-4.07,-10.56,1.85,1.09,27.3,0.266,99.01,False,False,False,False,False,False,False,False,False,False,True,True,False,False,False,False,2026-11-05,False,False,4,"thin RVOL, below 200-MA",,2,https://www.tradingview.com/chart/?symbol=NASDAQ:OPEN&interval=D,False,False,False
NKTR,Nektar Therapeutics,NASDAQ,Pharmaceuticals: Major,41.17,47.51,55.75,61.44,66.47,66.09,70.31,65.29,46.5,53.77,42.38,40.33,10.3,8.92,3.67,2201915.0999999996,1570190.133333333,64644728.0,96468556.0,0.5,-1.03,1405667033.515196,-45.18,403,-43.63,379,-47.46,379,-45.42,-4.27,-26.15,2.63,0.56,22.9,0.763,55.38,False,False,False,False,False,False,True,True,False,True,False,True,False,False,False,False,2026-11-05,False,False,4,"thin RVOL, below 200-MA",ADR,4,https://www.tradingview.com/chart/?symbol=NASDAQ:NKTR&interval=D,False,False,False
FRVO,Fervo Energy Company,NASDAQ,Alternative Power Generation,13.75,13.97,15.01,15.7,17.38,24.29,,,14.24,15.06,14.06,13.31,8.36,9.39,1.29,8696064.9,8349714.633333334,114808576.0,131069645.0,0.65,1.23,4052993990.036232,-26.08,364,-49.73,390,-61.81,396,-45.87,-2.22,-8.41,0.93,0.58,34.1,0.319,75.06,False,False,False,False,False,True,True,True,False,True,False,True,False,False,False,False,2026-12-02,False,False,4,"thin RVOL, below 200-MA","near21, ADR",5,https://www.tradingview.com/chart/?symbol=NASDAQ:FRVO&interval=D,False,False,False
EOSE,"Eos Energy Enterprises, Inc.",NASDAQ,Electrical Products,2.52,3.05,3.42,3.51,3.64,4.8,5.29,7.13,3.06,3.3,2.77,2.44,9.29,10.99,0.28,27113452.8,27997879.566666666,70554657.0,98267891.0,1.66,-0.36,917702777.6202532,-39.71,400,-45.34,384,-59.29,394,-48.11,-2.79,-26.31,2.14,1.19,28.9,0.54,162.0,False,False,False,False,False,False,False,False,False,False,True,True,True,True,True,False,2026-11-11,False,False,5,below 200-MA,RVOL,2,https://www.tradingview.com/chart/?symbol=NASDAQ:EOSE&interval=D,False,False,False
BW,"Babcock & Wilcox Enterprises, Inc.",NYSE,Electronic Equipment/Instruments,5.46,5.7,6.31,6.65,7.59,10.95,12.61,11.64,5.81,6.3,5.63,5.35,6.74,8.67,0.47,5549271.5,5088711.8,27784366.0,33816186.0,0.67,2.36,813349213.7018181,-28.25,375,-51.85,392,-70.03,401,-50.05,-3.24,-13.53,1.54,0.59,23.2,0.435,126.55,False,False,False,False,False,False,True,False,False,False,False,True,False,False,False,False,2026-11-11,False,True,3,"thin RVOL, below 200-MA, large gap",,3,https://www.tradingview.com/chart/?symbol=NYSE:BW&interval=D,False,False,False
CAPR,"Capricor Therapeutics, Inc.",NASDAQ,Pharmaceuticals: Major,7.83,8.41,8.62,8.83,7.64,15.84,21.22,22.33,8.26,8.5,8.05,7.69,8.49,10.3,0.81,4886383.8,3807494.033333333,29812678.0,33608750.0,0.35,0.0,455228292.7752809,-13.77,265,-65.32,402,-75.17,404,-51.42,0.24,-9.14,0.77,0.45,17.4,0.237,187.55,False,False,False,False,False,True,True,True,False,True,False,True,False,False,False,False,2026-11-17,False,False,4,"thin RVOL, below 200-MA","near21, ADR",5,https://www.tradingview.com/chart/?symbol=NASDAQ:CAPR&interval=D,False,False,False
LQDA,Liquidia Corporation,NASDAQ,Pharmaceuticals: Major,27.38,36.69,52.18,57.49,66.07,69.42,59.68,54.01,35.97,47.28,28.53,26.66,22.99,18.61,5.1,8460802.6,3626989.6333333333,99306976.0,208515030.0,0.44,-3.43,2450753400.5781584,-59.37,404,-66.03,404,-32.19,343,-52.53,-3.15,-47.53,2.26,0.37,14.0,1.532,119.54,False,False,False,False,False,False,True,True,False,True,False,True,False,False,False,False,2026-11-10,False,True,3,"thin RVOL, below 200-MA, large gap",ADR,4,https://www.tradingview.com/chart/?symbol=NASDAQ:LQDA&interval=D,False,False,False
ALHC,"Alignment Healthcare, Inc.",NASDAQ,Managed Health Care,7.54,8.14,8.52,10.12,11.52,15.5,16.67,17.72,8.29,9.1,7.71,6.01,7.79,10.49,0.79,11865646.6,11166451.166666666,84250874.0,113015652.0,2.52,-20.38,1565098214.9793339,-44.11,401,-63.67,401,-64.73,398,-57.5,-3.29,-11.49,1.62,2.15,193.9,0.55,127.01,False,False,False,False,False,False,False,False,False,False,True,False,True,True,True,False,2026-10-29,False,True,3,"LoD>60% ATR, below 200-MA, large gap",RVOL,1,https://www.tradingview.com/chart/?symbol=NASDAQ:ALHC&interval=D,False,False,False
XNDU,Xanadu Quantum Technologies Limited,NASDAQ,Financial Conglomerates,3.9,4.5,5.6,6.97,8.48,10.5,12.2,11.83,4.67,5.73,4.19,3.85,10.52,13.25,0.52,8539025.4,6388163.0,24913836.0,44519108.0,0.93,1.7,1194518734.8786407,-59.59,405,-65.55,403,-51.13,387,-58.75,-4.08,-30.33,2.41,0.66,9.7,0.996,197.5,False,False,False,False,False,False,True,False,False,False,False,True,False,False,False,False,2026-12-02,False,False,4,"thin RVOL, below 200-MA",,3,https://www.tradingview.com/chart/?symbol=NASDAQ:XNDU&interval=D,False,False,False
ALMS,Alumis Inc.,NASDAQ,Pharmaceuticals: Major,7.16,7.06,7.48,9.18,15.66,20.24,21.6,22.02,7.19,8.67,7.28,6.9,5.61,10.25,0.73,2208463.6,4159467.3666666667,29781786.0,38196389.0,0.61,1.0,955825242.6685798,-31.74,388,-76.32,405,-68.92,400,-59.0,-5.3,-4.25,1.7,0.52,35.4,0.322,209.05,False,False,False,False,False,False,True,False,False,False,False,True,False,False,False,False,2026-11-12,False,False,4,"thin RVOL, below 200-MA",,3,https://www.tradingview.com/chart/?symbol=NASDAQ:ALMS&interval=D,False,False,False
CTVA,"Corteva, Inc.",NYSE,Agricultural Commodities/Milling,13.24,32.55,56.62,66.47,71.3,76.65,78.16,76.83,29.57,47.9,13.73,13.13,12.18,35.57,4.71,51381134.5,20426588.8,270448036.0,1357741740.0,0.63,-0.51,8835051838.231272,-84.68,406,-84.24,406,-84.17,406,-84.36,-2.29,-76.61,2.03,0.13,2.3,2.255,344.52,False,False,False,False,False,False,True,True,False,True,False,True,False,False,False,False,2026-11-11,False,False,4,"thin RVOL, below 200-MA",ADR,4,https://www.tradingview.com/chart/?symbol=NYSE:CTVA&interval=D,False,False,False
