name,description,exchange,industry,close,SMA10,SMA20,SMA30,SMA50,SMA100,SMA150,SMA200,EMA10,EMA21,high,low,ADRP,ATRP,atr_abs,average_volume_10d_calc,average_volume_30d_calc,dollar_volume_30d,average_dollar_volume_30d,rvol,gap_pct,market_cap_basic,Perf.1M,perf_1m_rank,Perf.3M,perf_3m_rank,Perf.6M,perf_6m_rank,momentum_score,atr_extension_from_50d,sma20_distance_pct,ema21_atr_dist,day_range_atr,lod_atr_pct,bb_width,ma_spread_pct,above_all_mas,ma_aligned,ema_aligned,above_sma200,near_sma20,near_ema,range_tight,adr_tight,bb_tight,plan_tight,wide_day,lod_ok,rvol_ok,rvol_pass,rvol_expand,ma_coiled,earnings_date,earnings_soon,large_gap,hard_rule_passes,hard_rule_fails,tightness_flags,focus_score,tradingview_url,is_top_1m,is_top_3m,is_top_6m
QMCO,Quantum Corporation,NASDAQ,Computer Peripherals,31.88,29.18,26.55,25.27,21.33,16.27,12.92,11.37,29.64,27.1,34.37,31.51,8.28,7.79,2.48,2402756.9,1475674.0333333334,47051867.0,37287331.0,0.81,4.63,1256587817.8335435,33.69,19,188.03,3,562.89,1,261.54,6.35,20.09,2.27,1.15,15.1,0.512,55.88,True,True,True,True,False,False,False,False,False,False,True,True,False,False,False,False,2026-11-13,False,True,3,">4x 50-MA, thin RVOL, large gap",EMA,6,https://www.tradingview.com/chart/?symbol=NASDAQ:QMCO&interval=D,True,True,True
CYPH,Cypherpunk Technologies Inc.,NASDAQ,Financial Conglomerates,2.92,3.53,2.99,2.54,1.8,1.32,1.15,1.09,3.27,2.92,3.27,2.92,17.85,15.89,0.46,21405029.8,17596185.6,51380862.0,44723638.0,0.68,-6.01,314671986.6186186,67.82,7,306.12,1,296.79,4,223.58,3.93,-2.46,0.0,0.77,1.1,0.829,83.67,False,False,False,True,True,True,True,True,False,True,False,True,False,False,False,False,2026-11-16,False,True,4,"thin RVOL, large gap","near21, ADR",7,https://www.tradingview.com/chart/?symbol=NASDAQ:CYPH&interval=D,True,True,True
MXL,"MaxLinear, Inc",NASDAQ,Semiconductors,92.12,88.32,78.18,73.02,72.35,81.45,64.78,53.17,87.06,81.04,95.47,90.41,6.55,6.97,6.42,3380130.6,2624550.533333333,241773595.0,191631557.0,0.64,1.31,8354655874.409478,57.55,10,-18.76,270,442.84,2,160.54,3.92,17.83,1.96,0.79,26.7,0.564,38.15,True,True,True,True,False,False,True,False,False,False,False,True,False,False,False,False,2026-10-28,False,False,5,thin RVOL,EMA,7,https://www.tradingview.com/chart/?symbol=NASDAQ:MXL&interval=D,True,False,True
USDE,StablecoinX Inc.,NASDAQ,Packaged Software,15.51,14.31,10.8,9.51,6.57,6.93,8.67,9.77,14.0,11.55,16.6,15.5,11.39,11.72,1.82,6295870.0,9284874.2,144008399.0,88316176.0,0.28,-0.25,421672369.5167911,90.31,3,299.74,2,55.1,119,148.38,11.62,43.56,2.93,0.61,0.6,1.411,49.95,True,True,True,True,False,False,True,True,False,True,False,True,False,False,False,False,,False,False,4,">4x 50-MA, thin RVOL","EMA, ADR",8,https://www.tradingview.com/chart/?symbol=NASDAQ:USDE&interval=D,True,True,False
CDNA,"CareDx, Inc.",NASDAQ,Medical Specialties,66.23,60.39,55.9,53.79,49.66,37.81,31.48,28.52,61.26,57.12,67.29,64.15,4.53,4.31,2.86,1643505.6,1276092.3,84515593.0,68643132.0,1.25,-0.07,3426357550.5709233,32.65,20,122.1,6,281.51,5,145.42,7.74,18.47,3.7,1.1,72.8,0.41,48.11,True,True,True,True,False,False,False,False,False,False,True,False,False,False,True,False,2026-11-10,False,False,3,"LoD>60% ATR, >4x 50-MA, thin RVOL","EMA, RVOL",5,https://www.tradingview.com/chart/?symbol=NASDAQ:CDNA&interval=D,True,True,True
ASST,"Strive, Inc.",NASDAQ,Financial Conglomerates,30.11,29.6,28.53,26.17,20.63,17.61,15.71,15.45,29.2,27.45,30.8,29.18,5.66,5.99,1.81,8075524.000000002,10105268.566666666,304269637.0,264407720.0,0.53,-0.24,2938650056.9891195,28.35,26,134.68,4,213.65,9,125.56,7.67,5.54,1.62,0.9,51.5,0.17,46.98,True,True,True,True,False,False,True,False,False,False,False,True,False,False,False,False,2026-11-13,False,False,4,">4x 50-MA, thin RVOL",EMA,7,https://www.tradingview.com/chart/?symbol=NASDAQ:ASST&interval=D,False,True,True
GRAL,"GRAIL, Inc.",NASDAQ,Medical Specialties,132.56,117.12,97.48,91.38,82.62,74.16,66.47,73.34,119.89,104.59,141.54,132.04,7.01,6.5,8.62,2110707.4,1201470.9333333333,159266987.0,109792416.0,0.5,-1.35,5920955648.794176,67.8,8,92.14,9,162.13,26,107.36,9.3,35.99,4.11,1.1,6.0,1.012,38.2,True,True,True,True,False,False,False,False,False,False,True,True,False,False,False,False,2026-11-18,False,False,4,">4x 50-MA, thin RVOL",EMA,6,https://www.tradingview.com/chart/?symbol=NASDAQ:GRAL&interval=D,True,True,False
SDGR,"Schrodinger, Inc.",NASDAQ,Packaged Software,30.46,29.88,25.74,23.79,21.01,17.94,16.0,15.9,29.09,26.51,31.93,30.01,7.9,5.92,1.8,3019129.1,2071512.8666666667,63098282.0,49281291.0,1.51,-0.9,2278579333.330757,58.23,9,83.16,12,171.24,21,104.21,7.6,18.33,2.51,1.07,25.0,0.743,45.89,True,True,True,True,False,False,False,False,False,False,True,True,True,True,True,False,2026-11-11,False,False,5,>4x 50-MA,"EMA, RVOL",6,https://www.tradingview.com/chart/?symbol=NASDAQ:SDGR&interval=D,True,True,True
TEAM,Atlassian Corporation,NASDAQ,Packaged Software,189.91,187.55,186.93,184.51,161.46,125.3,107.93,112.21,185.56,183.1,191.07,182.57,4.41,4.96,9.42,3422207.8,3517360.8333333335,667981996.0,648980626.0,0.72,2.47,48073591553.380165,-0.35,185,129.42,5,172.82,18,100.63,3.55,1.6,0.75,0.9,77.9,0.145,41.93,True,True,True,True,True,True,True,False,False,True,False,False,False,True,False,False,2026-10-29,False,True,4,"LoD>60% ATR, large gap","EMA, near21",8,https://www.tradingview.com/chart/?symbol=NASDAQ:TEAM&interval=D,False,True,True
APPS,"Digital Turbine, Inc.",NASDAQ,Packaged Software,11.55,11.39,11.32,11.12,11.04,9.82,7.71,6.99,11.35,11.29,11.92,11.09,7.25,7.36,0.85,3457739.3,2829471.3666666667,32680394.0,31451461.0,1.16,4.86,1397737742.6486487,10.0,101,-13.42,228,303.85,3,100.14,0.62,2.03,0.32,0.98,54.1,0.155,38.11,True,True,True,True,True,True,True,False,False,True,False,True,False,False,False,False,2026-11-11,False,True,4,"thin RVOL, large gap","EMA, near21",9,https://www.tradingview.com/chart/?symbol=NASDAQ:APPS&interval=D,False,False,True
GLND,Greenland Energy Company,NASDAQ,Financial Conglomerates,4.4,3.92,2.58,2.19,2.06,2.35,4.09,5.67,3.98,3.09,5.15,4.32,17.75,16.18,0.71,68746241.3,23272210.033333335,102397724.0,51063108.0,0.14,-1.46,192412858.5575049,221.17,1,109.52,7,-49.71,418,93.66,7.0,70.64,2.61,1.17,11.2,2.565,81.9,False,True,True,False,False,False,False,False,False,False,True,True,False,False,False,False,2026-12-02,False,False,3,">4x 50-MA, thin RVOL, below 200-MA",EMA,4,https://www.tradingview.com/chart/?symbol=NASDAQ:GLND&interval=D,True,True,False
BAND,Bandwidth Inc.,NASDAQ,Packaged Software,62.44,59.22,54.12,52.19,51.22,56.55,45.03,37.3,59.2,56.05,63.74,59.0,7.31,7.02,4.38,1029136.0,881319.9,55029615.0,45993882.0,0.8,1.76,2009368325.0891118,31.7,21,-3.22,176,252.37,6,93.62,3.12,15.37,1.62,1.08,78.5,0.466,35.09,True,True,True,True,False,False,False,False,False,False,True,False,False,False,False,False,2026-10-29,False,False,4,"LoD>60% ATR, thin RVOL",EMA,5,https://www.tradingview.com/chart/?symbol=NASDAQ:BAND&interval=D,True,False,True
DELL,Dell Technologies Inc.,NYSE,Computer Processing Hardware,541.74,550.37,545.84,514.8,486.49,430.91,347.58,290.99,544.87,533.4,550.28,520.18,4.58,5.38,29.17,7837867.799999999,9153724.033333333,4958938458.0,4712297466.0,0.82,0.57,344445211888.3725,18.88,49,30.2,67,224.41,8,91.17,2.11,-0.75,0.29,1.03,73.9,0.144,47.88,False,False,False,True,True,True,False,False,False,True,True,False,False,True,False,False,2026-12-01,False,False,5,LoD>60% ATR,near21,4,https://www.tradingview.com/chart/?symbol=NYSE:DELL&interval=D,False,False,True
LIFE,Ethos Technologies Inc.,NASDAQ,Packaged Software,32.57,34.64,36.97,36.92,33.08,26.01,22.2,,34.65,35.39,34.56,31.26,8.73,8.26,2.69,1790770.5,1626861.1,52986866.0,60069135.0,2.01,-2.03,2076624284.8168006,-7.1,248,66.94,19,198.53,10,86.12,-0.19,-11.9,0.96,1.23,48.7,0.291,45.37,False,False,False,False,False,True,False,False,False,True,True,True,True,True,True,False,2026-12-02,False,True,4,"below 200-MA, large gap","near21, RVOL",3,https://www.tradingview.com/chart/?symbol=NASDAQ:LIFE&interval=D,False,True,True
ALAB,"Astera Labs, Inc.",NASDAQ,Semiconductors,356.42,351.46,317.26,307.19,308.19,327.05,267.52,240.05,345.11,328.3,364.85,352.0,5.47,6.16,21.95,4244368.2,3684466.433333333,1313217526.0,1131844753.0,0.92,1.3,61833562199.607895,24.04,39,-17.69,259,250.53,7,85.63,2.54,12.34,1.39,0.59,20.1,0.484,31.26,True,True,True,True,False,True,True,True,False,True,False,True,False,True,False,False,2026-11-10,False,False,6,,"EMA, near21, ADR",9,https://www.tradingview.com/chart/?symbol=NASDAQ:ALAB&interval=D,False,False,True
OKTA,"Okta, Inc.",NASDAQ,Packaged Software,212.63,200.63,189.02,176.25,163.25,141.49,119.74,111.52,200.92,189.38,213.86,205.25,4.84,4.57,9.72,4237593.5,4345483.0,923980050.0,765873273.0,0.74,0.44,37172137297.275635,25.08,38,51.52,33,171.61,20,82.73,6.62,12.49,2.68,0.89,75.9,0.312,41.91,True,True,True,True,False,False,True,False,False,False,False,False,False,True,False,False,2026-12-08,False,False,4,"LoD>60% ATR, >4x 50-MA",EMA,6,https://www.tradingview.com/chart/?symbol=NASDAQ:OKTA&interval=D,False,False,True
P,"Everpure, Inc.",NYSE,Computer Peripherals,134.13,121.06,109.55,106.45,100.75,88.65,80.92,78.26,122.37,113.78,135.68,130.08,4.58,4.84,6.5,12488718.4,6275508.8,841733995.0,668038371.0,0.34,1.03,44695772557.334145,44.96,13,73.25,16,127.34,42,81.85,6.84,22.43,3.69,0.86,62.3,0.5,31.91,True,True,True,True,False,False,True,False,False,False,False,False,False,True,False,False,2026-12-02,False,False,4,"LoD>60% ATR, >4x 50-MA",EMA,6,https://www.tradingview.com/chart/?symbol=NYSE:P&interval=D,True,True,False
HPE,Hewlett Packard Enterprise Company,NYSE,Computer Processing Hardware,64.58,62.49,59.63,57.39,55.29,49.6,41.37,36.68,62.18,59.94,66.11,61.76,4.85,5.6,3.61,19230799.9,23535616.36666669,1519930105.0,1350716868.0,0.81,2.57,85727670907.20988,23.03,41,48.46,38,173.88,17,81.79,3.0,8.3,1.38,1.2,78.0,0.243,39.97,True,True,True,True,False,True,False,False,False,True,True,False,False,True,False,False,2026-12-03,False,True,4,"LoD>60% ATR, large gap","EMA, near21",6,https://www.tradingview.com/chart/?symbol=NYSE:HPE&interval=D,False,False,True
AEHR,Aehr Test Systems,NASDAQ,Electronic Production Equipment,101.6,99.07,93.39,92.2,95.81,94.86,83.35,69.2,98.31,96.07,103.73,98.33,6.84,8.41,8.54,2096549.3,2523751.1333333333,256413115.0,232693219.0,0.74,0.0,3318209954.6597066,30.42,23,20.49,85,180.43,11,77.12,0.72,8.79,0.68,0.63,38.3,0.317,29.4,True,True,True,True,False,True,True,False,False,True,False,True,False,False,False,False,2026-10-06,False,False,5,thin RVOL,"EMA, near21",8,https://www.tradingview.com/chart/?symbol=NASDAQ:AEHR&interval=D,False,False,True
CRWD,"CrowdStrike Holdings, Inc.",NASDAQ,Packaged Software,266.09,256.42,239.53,227.8,218.06,197.04,166.84,152.8,255.66,243.04,269.3,259.3,4.61,4.42,11.75,10274936.2,11545541.633333333,3072153173.0,2630066687.0,0.63,-0.43,272458814777.3648,16.71,62,39.13,53,172.09,19,75.97,4.99,11.09,2.15,0.85,57.8,0.351,38.94,True,True,True,True,False,False,True,False,False,False,False,True,False,True,False,False,2026-12-01,False,False,5,>4x 50-MA,EMA,7,https://www.tradingview.com/chart/?symbol=NASDAQ:CRWD&interval=D,False,False,True
SMTC,Semtech Corporation,NASDAQ,Semiconductors,186.59,178.26,168.13,155.78,144.83,146.66,128.28,116.28,176.54,167.39,188.35,175.01,5.61,6.09,11.37,3459735.2,3535525.8666666667,659693771.0,550769523.0,0.91,1.0,17413628509.202526,46.2,12,26.85,73,147.14,30,73.39,4.73,10.98,1.88,1.17,101.9,0.325,33.22,True,True,True,True,False,False,False,False,False,False,True,False,False,True,False,False,2026-12-02,False,False,4,"LoD>60% ATR, >4x 50-MA",EMA,5,https://www.tradingview.com/chart/?symbol=NASDAQ:SMTC&interval=D,True,False,False
AMC,"AMC Entertainment Holdings, Inc.",NYSE,Movies/Entertainment,2.76,2.94,2.74,2.7,2.64,2.28,1.96,1.84,2.91,2.8,2.98,2.7,7.49,7.63,0.21,38810058.50000004,27375152.633333337,75555421.0,73876412.0,0.89,-0.67,2463588735.5599995,5.75,133,42.27,46,170.59,22,72.87,0.57,0.62,0.19,1.33,28.5,0.347,39.89,False,False,False,True,True,True,False,False,False,True,True,True,False,False,False,False,2026-11-11,False,False,5,thin RVOL,near21,5,https://www.tradingview.com/chart/?symbol=NYSE:AMC&interval=D,False,False,True
RNG,"RingCentral, Inc.",NYSE,Packaged Software,78.31,76.77,74.41,72.35,67.14,53.76,48.95,43.94,76.03,73.9,78.89,75.52,4.42,4.28,3.35,1799767.0,1541891.9,120745555.0,111555879.0,0.74,2.52,6539367409.518207,11.86,84,94.41,8,107.11,54,71.13,3.89,5.24,1.39,1.01,83.3,0.182,41.92,True,True,True,True,False,True,False,False,False,True,True,False,False,False,False,False,2026-11-09,False,True,3,"LoD>60% ATR, thin RVOL, large gap","EMA, near21",6,https://www.tradingview.com/chart/?symbol=NYSE:RNG&interval=D,False,True,False
TWLO,Twilio Inc.,NYSE,Packaged Software,301.27,283.21,258.81,248.89,234.99,218.59,191.65,175.31,281.97,265.34,305.95,287.51,5.06,4.69,14.13,3522521.2,2266156.1333333333,682724858.0,564017557.0,0.74,0.61,46267606934.03262,30.42,24,44.05,43,135.37,36,69.95,6.01,16.4,2.89,1.3,97.4,0.424,35.82,True,True,True,True,False,False,False,False,False,False,True,False,False,True,False,False,2026-10-29,False,False,4,"LoD>60% ATR, >4x 50-MA",EMA,5,https://www.tradingview.com/chart/?symbol=NYSE:TWLO&interval=D,False,False,False
CORT,Corcept Therapeutics Incorporated,NASDAQ,Pharmaceuticals: Major,114.02,114.87,113.99,115.26,112.61,95.02,76.98,69.78,114.8,114.31,115.98,111.94,4.72,4.59,5.23,2586075.1,1453033.7666666666,165682175.0,167472313.0,0.33,-0.82,12325919997.658813,0.09,177,26.27,75,178.45,14,68.27,0.27,0.03,0.05,0.77,39.8,0.074,39.55,False,False,False,True,True,True,True,False,True,True,False,True,False,True,False,False,2026-11-04,False,False,6,,"near21, BB",7,https://www.tradingview.com/chart/?symbol=NASDAQ:CORT&interval=D,False,False,True
RBRK,"Rubrik, Inc.",NYSE,Information Technology Services,115.4,112.82,104.33,101.32,95.26,84.68,73.96,71.66,111.6,106.45,117.05,113.57,4.8,4.61,5.32,2920841.4,3501975.066666667,404127923.0,354830620.0,0.66,1.55,23922931675.55517,25.85,34,41.79,49,135.17,37,67.6,4.58,10.61,1.82,0.65,34.4,0.387,35.66,True,True,True,True,False,False,True,True,False,True,False,True,False,True,False,False,2026-12-03,False,False,5,>4x 50-MA,"EMA, ADR",8,https://www.tradingview.com/chart/?symbol=NYSE:RBRK&interval=D,False,False,False
FIVN,"Five9, Inc.",NASDAQ,Packaged Software,35.75,35.67,34.0,33.76,32.11,27.38,23.83,22.53,35.02,34.3,36.34,34.22,6.06,5.51,1.97,2959468.0,2117443.5,75698605.0,71485245.0,1.02,2.46,2671366195.0823283,5.74,134,55.03,28,140.42,33,67.06,2.06,5.16,0.77,1.08,77.6,0.28,36.75,True,True,True,True,False,True,False,False,False,True,True,False,False,False,False,False,2026-11-09,False,True,3,"LoD>60% ATR, thin RVOL, large gap","EMA, near21",6,https://www.tradingview.com/chart/?symbol=NASDAQ:FIVN&interval=D,False,False,False
PLSE,"Pulse Biosciences, Inc",NASDAQ,Medical Specialties,49.83,51.83,52.26,51.36,46.55,36.42,31.22,27.56,51.28,50.94,51.56,49.12,6.71,6.97,3.47,545032.5,604743.7666666667,30134382.0,31061253.0,0.81,-0.86,3622766932.5480766,-0.2,183,72.84,17,123.55,43,65.4,1.01,-4.65,0.31,0.7,20.4,0.138,49.57,False,False,False,True,False,True,True,True,False,True,False,True,False,False,False,False,2026-11-16,False,False,5,thin RVOL,"near21, ADR",6,https://www.tradingview.com/chart/?symbol=NASDAQ:PLSE&interval=D,False,True,False
COHU,"Cohu, Inc.",NASDAQ,Semiconductors,70.34,64.86,58.65,55.67,54.21,55.11,48.79,43.56,64.6,60.42,70.68,67.37,4.35,5.0,3.52,935309.1,946372.5333333333,66567844.0,52685032.0,0.92,0.32,3329785299.1584973,56.48,11,2.46,140,133.28,38,64.08,5.95,19.94,3.28,0.94,84.4,0.482,30.28,True,True,True,True,False,False,True,False,False,False,False,False,False,False,False,False,2026-10-29,False,False,3,"LoD>60% ATR, >4x 50-MA, thin RVOL",EMA,6,https://www.tradingview.com/chart/?symbol=NASDAQ:COHU&interval=D,True,False,False
INTC,Intel Corporation,NASDAQ,Semiconductors,120.0,119.94,110.25,103.34,100.49,108.45,93.01,80.77,117.27,111.57,122.15,117.35,4.52,5.06,6.07,117615204.6,101504991.26666667,12180598952.0,10489897982.0,0.84,-1.25,634332673961.241,38.19,17,-6.92,193,160.53,27,63.93,3.83,8.84,1.49,0.79,43.6,0.395,32.64,True,True,True,True,False,True,True,False,False,True,False,True,False,True,False,False,2026-10-22,False,False,6,,"EMA, near21",8,https://www.tradingview.com/chart/?symbol=NASDAQ:INTC&interval=D,True,False,False
PURR,Hyperliquid Strategies Inc,NASDAQ,Financial Conglomerates,12.03,13.08,12.48,12.12,9.96,9.07,7.93,6.93,12.53,12.17,12.4,11.85,7.85,8.57,1.03,24878737.5,26856464.2,323083264.0,325603296.0,0.43,-1.22,2862169057.425428,2.56,158,41.86,48,143.52,31,62.65,2.42,-3.61,0.14,0.53,17.5,0.307,51.11,False,False,False,True,False,True,True,True,False,True,False,True,False,False,False,False,2026-12-02,False,False,5,thin RVOL,"near21, ADR",6,https://www.tradingview.com/chart/?symbol=NASDAQ:PURR&interval=D,False,False,False
NTSK,"Netskope, Inc.",NASDAQ,Packaged Software,17.85,17.97,16.78,15.97,15.11,13.12,12.03,12.79,17.59,16.9,18.18,16.86,5.44,5.35,0.95,7216328.6,6644534.733333333,118604945.0,106133153.0,0.98,1.2,7293291089.81078,18.84,50,51.53,32,113.26,49,61.21,3.39,6.4,1.05,1.38,103.4,0.376,33.24,False,False,True,True,False,True,False,False,False,True,True,False,False,False,False,False,2026-12-11,False,False,4,"LoD>60% ATR, thin RVOL","EMA, near21",4,https://www.tradingview.com/chart/?symbol=NASDAQ:NTSK&interval=D,False,False,False
SNDK,Sandisk Corporation,NASDAQ,Computer Peripherals,1787.69,1776.37,1705.2,1646.7,1537.47,1633.56,1368.24,1138.26,1742.52,1695.99,1802.0,1708.0,4.93,5.72,102.32,9231461.9,10030576.433333334,17931561184.0,16517321793.0,1.0,-0.27,261751795661.34143,17.15,58,-12.53,222,178.42,15,61.01,2.84,4.84,0.94,0.92,77.9,0.236,35.69,True,True,True,True,False,True,True,False,False,True,False,False,False,True,False,False,2026-10-29,False,False,5,LoD>60% ATR,"EMA, near21",7,https://www.tradingview.com/chart/?symbol=NASDAQ:SNDK&interval=D,False,False,True
XMTR,"Xometry, Inc.",NASDAQ,Information Technology Services,104.23,101.92,95.74,93.61,91.58,91.24,75.92,72.18,100.97,97.51,106.24,101.52,5.04,4.88,5.09,1022186.9,737573.8333333334,76877321.0,69047606.0,0.51,-0.34,5974836007.658824,15.49,71,7.21,124,159.02,28,60.57,2.83,8.87,1.41,0.93,53.3,0.295,28.54,True,True,True,True,False,True,True,False,False,True,False,True,False,False,False,False,2026-11-05,False,False,5,thin RVOL,"EMA, near21",8,https://www.tradingview.com/chart/?symbol=NASDAQ:XMTR&interval=D,False,False,False
CVI,CVR Energy Inc.,NYSE,Oil Refining/Marketing,54.36,52.03,50.42,46.96,41.89,36.77,34.86,32.2,51.61,49.38,54.4,50.6,5.16,4.82,2.62,1181498.3,1162585.2333333334,63198133.0,54598878.0,0.82,-0.33,5464843677.192391,26.6,29,89.41,10,65.48,97,60.49,6.18,7.81,2.09,1.45,143.6,0.238,36.47,True,True,True,True,False,False,False,False,False,False,True,False,False,False,False,False,2026-11-02,False,False,3,"LoD>60% ATR, >4x 50-MA, thin RVOL",EMA,5,https://www.tradingview.com/chart/?symbol=NYSE:CVI&interval=D,False,True,False
ILMN,"Illumina, Inc.",NASDAQ,Medical Specialties,265.72,260.85,238.84,231.99,217.37,192.63,170.98,162.01,259.96,244.81,274.03,264.79,4.78,4.26,11.32,5933311.9,3413344.7000000007,906993954.0,791865250.0,0.32,-0.17,40123718926.168076,25.13,37,42.28,45,113.53,48,60.31,5.22,11.26,2.01,0.82,8.2,0.429,37.2,True,True,True,True,False,False,True,True,False,True,False,True,False,True,False,False,2026-10-29,False,False,5,>4x 50-MA,"EMA, ADR",8,https://www.tradingview.com/chart/?symbol=NASDAQ:ILMN&interval=D,False,False,False
ATRC,"AtriCure, Inc.",NASDAQ,Medical Specialties,53.59,58.06,56.36,53.91,48.67,39.15,35.79,36.27,56.94,55.39,56.99,52.6,4.35,4.36,2.34,1980573.6,1327921.0333333334,71163288.0,71591985.0,1.02,0.57,2725924778.61032,10.65,94,77.51,15,92.49,65,60.22,2.32,-4.91,0.75,1.88,42.4,0.191,41.55,False,False,False,True,False,True,False,False,False,True,True,True,False,False,False,False,2026-11-04,False,False,5,thin RVOL,near21,4,https://www.tradingview.com/chart/?symbol=NASDAQ:ATRC&interval=D,False,True,False
ZETA,Zeta Global Holdings Corp.,NYSE,Packaged Software,32.4,30.22,30.57,30.22,28.18,24.21,21.87,21.19,30.5,30.14,32.78,31.64,4.48,4.6,1.49,6098558.0,6388112.466666667,206974844.0,193074311.0,1.07,1.46,8132840361.875198,6.58,123,55.81,26,112.88,50,58.42,3.26,5.97,1.63,0.77,51.3,0.127,28.96,True,True,True,True,False,False,True,False,False,False,False,True,False,False,False,False,2026-11-10,False,False,5,thin RVOL,EMA,7,https://www.tradingview.com/chart/?symbol=NYSE:ZETA&interval=D,False,False,False
PENG,"Penguin Solutions, Inc.",NASDAQ,Semiconductors,54.98,54.84,52.29,51.62,53.21,57.47,46.15,39.52,54.27,53.41,55.67,53.44,4.42,5.6,3.08,1521639.3,1419199.8,78027605.0,73264770.0,0.74,-0.37,2817323502.2417264,15.75,69,-20.68,281,179.23,12,58.1,0.59,5.14,0.53,0.72,50.0,0.23,32.65,False,True,True,True,False,True,True,False,False,True,False,True,False,False,False,False,2026-10-06,False,False,5,thin RVOL,"EMA, near21",7,https://www.tradingview.com/chart/?symbol=NASDAQ:PENG&interval=D,False,False,True
AMBQ,"Ambiq Micro, Inc.",NYSE,Semiconductors,69.15,68.59,64.5,62.39,63.43,71.35,57.84,51.12,67.33,65.58,70.17,67.47,5.28,5.67,3.92,724538.4,527670.3333333334,36488404.0,32921000.0,0.68,1.11,1672360617.6169872,20.89,45,-21.24,288,167.71,23,55.79,1.59,7.21,0.96,0.69,42.8,0.285,29.26,False,True,True,True,False,True,True,True,False,True,False,True,False,False,False,False,2026-11-05,False,False,5,thin RVOL,"EMA, near21, ADR",8,https://www.tradingview.com/chart/?symbol=NYSE:AMBQ&interval=D,False,False,False
PANW,"Palo Alto Networks, Inc.",NASDAQ,Packaged Software,396.25,384.19,367.4,363.76,360.31,326.47,273.77,249.25,385.0,374.98,398.58,387.02,4.53,4.43,17.56,6491246.30000001,6550949.400000009,2595813700.0,2382966803.0,0.8,-0.33,324132498008.3279,5.77,132,12.73,108,147.81,29,55.44,2.25,7.85,1.28,0.66,52.6,0.254,34.05,True,True,True,True,False,True,True,True,False,True,False,True,False,True,False,False,2026-11-12,False,False,6,,"EMA, near21, ADR",9,https://www.tradingview.com/chart/?symbol=NASDAQ:PANW&interval=D,False,False,False
VICR,Vicor Corporation,NASDAQ,Electronic Components,308.59,272.95,230.95,218.19,218.06,256.6,238.91,215.37,272.35,247.14,331.0,305.93,5.3,6.08,18.78,1138159.1,858623.2333333333,264962544.0,187339569.0,1.26,14.21,14228076918.009865,68.54,6,-11.71,218,108.18,52,55.0,6.82,33.62,4.09,1.34,14.2,0.809,18.66,True,True,True,True,False,False,False,False,False,False,True,True,False,True,True,False,2026-10-27,False,True,4,">4x 50-MA, large gap","EMA, RVOL",6,https://www.tradingview.com/chart/?symbol=NASDAQ:VICR&interval=D,True,False,False
BB,BlackBerry Limited,NYSE,Packaged Software,9.18,8.62,8.18,8.11,8.32,8.77,7.22,6.35,8.64,8.41,9.3,8.92,6.01,5.66,0.52,26107331.6,14834030.200000009,136176397.0,120338598.0,0.8,-0.77,5388955904.14486,14.32,73,-28.59,344,179.03,13,54.92,1.83,12.25,1.61,0.73,50.0,0.249,26.31,True,True,True,True,False,False,True,True,False,True,False,True,False,False,False,False,2026-12-17,False,False,5,thin RVOL,"EMA, ADR",8,https://www.tradingview.com/chart/?symbol=NYSE:BB&interval=D,False,False,True
GPRO,"GoPro, Inc.",NASDAQ,Electronics/Appliances,1.33,1.3,1.35,1.17,0.97,0.93,0.95,1.02,1.31,1.25,1.34,1.27,6.23,9.33,0.12,11856877.2,65436305.13333333,87030286.0,76531031.0,0.64,-0.39,248899825.02325583,-1.48,193,79.73,13,84.07,75,54.11,3.93,-1.61,0.71,0.61,49.3,0.28,31.9,False,False,True,True,True,True,True,False,False,True,False,True,False,False,False,False,2026-11-05,False,False,5,thin RVOL,"EMA, near21",7,https://www.tradingview.com/chart/?symbol=NASDAQ:GPRO&interval=D,False,True,False
ECO,Okeanis Eco Tankers Corp.,NYSE,Marine Shipping,85.74,80.53,78.52,74.29,68.85,60.79,57.44,52.93,80.59,77.59,85.84,80.36,4.28,3.96,3.4,839444.5,689765.6666666666,59140508.0,51242002.0,0.84,-0.22,3288022786.5007415,26.87,28,65.01,20,69.82,93,53.9,6.19,9.19,2.65,1.61,158.5,0.262,32.2,True,True,True,True,False,False,False,False,False,False,True,False,False,False,False,False,2026-11-11,False,False,3,"LoD>60% ATR, >4x 50-MA, thin RVOL",EMA,5,https://www.tradingview.com/chart/?symbol=NYSE:ECO&interval=D,False,True,False
DDOG,"Datadog, Inc.",NASDAQ,Packaged Software,276.46,258.66,240.99,237.15,244.01,240.92,203.02,184.16,260.61,249.81,280.05,271.13,4.18,4.41,12.19,3482548.6,3541914.466666667,979197673.0,839953800.0,0.85,1.79,99269888480.99155,18.71,51,5.62,128,135.73,35,53.35,3.02,14.72,2.42,0.73,43.7,0.351,26.95,True,True,True,True,False,False,True,False,False,False,False,True,False,True,False,False,2026-11-05,False,False,6,,EMA,7,https://www.tradingview.com/chart/?symbol=NASDAQ:DDOG&interval=D,False,False,False
HTFL,"Heartflow, Inc.",NASDAQ,Packaged Software,48.91,49.49,48.95,49.04,41.58,35.52,32.62,31.72,49.28,48.25,51.08,48.84,4.45,4.72,2.31,1972454.4,1940073.3,94888985.0,95148308.0,0.56,0.12,4252901972.0241194,-2.72,211,58.13,24,103.54,58,52.98,3.74,-0.08,0.29,0.97,3.0,0.105,36.32,False,False,False,True,True,True,True,False,False,True,False,True,False,False,False,False,2026-11-18,False,False,5,thin RVOL,near21,6,https://www.tradingview.com/chart/?symbol=NASDAQ:HTFL&interval=D,False,False,False
STX,Seagate Technology Holdings PLC,NASDAQ,Computer Peripherals,945.57,910.54,869.99,856.44,856.0,870.51,745.73,647.89,906.17,882.86,946.36,893.74,4.73,5.1,48.24,3712771.7,3520250.1666666665,3328642950.0,3014888333.0,0.62,-1.21,215016024778.04858,16.7,63,4.98,134,135.8,34,52.49,2.05,8.69,1.39,1.09,107.4,0.244,27.78,True,True,True,True,False,True,False,False,False,True,True,False,False,True,False,False,2026-10-28,False,False,5,LoD>60% ATR,"EMA, near21",6,https://www.tradingview.com/chart/?symbol=NASDAQ:STX&interval=D,False,False,False
NBIS,Nebius Group N.V.,NASDAQ,Packaged Software,232.28,233.73,227.91,222.73,218.41,222.23,191.35,166.93,232.22,228.14,239.63,228.47,6.29,6.92,16.07,15349443.9,15386641.033333333,3574008979.0,3426997317.0,0.71,0.13,63146534131.738174,16.19,66,-0.31,160,140.93,32,52.27,0.92,1.92,0.26,0.69,23.7,0.195,28.76,False,False,True,True,True,True,True,False,False,True,False,True,False,True,False,False,2026-10-22,False,False,6,,"EMA, near21",7,https://www.tradingview.com/chart/?symbol=NASDAQ:NBIS&interval=D,False,False,False
ANDG,Andersen Group Inc.,NYSE,Other Consumer Services,57.36,54.31,54.62,54.27,51.53,44.94,39.75,,54.7,54.09,58.0,54.13,4.08,4.13,2.37,717476.1,607120.6666666666,34824441.0,32948439.0,2.07,0.53,6481017849.445588,2.89,155,54.15,30,98.89,63,51.98,2.74,5.01,1.47,1.63,136.3,0.099,25.93,False,True,True,False,False,True,False,False,True,True,True,False,True,True,True,False,2026-12-02,False,False,4,"LoD>60% ATR, below 200-MA","EMA, near21, BB, RVOL",5,https://www.tradingview.com/chart/?symbol=NYSE:ANDG&interval=D,False,False,False
OSCR,"Oscar Health, Inc.",NYSE,Managed Health Care,29.9,30.32,31.42,31.22,30.72,28.89,24.2,21.85,30.41,30.79,31.06,29.73,5.61,5.56,1.66,5933258.1,5253411.9,157077016.0,164022026.0,0.61,-0.47,8176722965.236707,0.3,174,-7.26,195,162.51,25,51.85,-0.48,-4.84,0.52,0.8,10.2,0.169,32.0,False,False,False,True,False,True,True,False,False,True,False,True,False,False,False,False,2026-11-10,False,False,5,thin RVOL,near21,5,https://www.tradingview.com/chart/?symbol=NYSE:OSCR&interval=D,False,False,False
SMCI,"Super Micro Computer, Inc.",NASDAQ,Computer Processing Hardware,41.92,41.38,39.88,38.96,36.27,34.55,32.28,31.94,41.08,39.85,42.02,40.13,4.77,5.39,2.26,36474182.0,37451898.36666667,1569983580.0,1459163412.0,0.66,-0.44,27539989072.962257,15.07,72,49.45,36,90.72,67,51.75,2.89,5.12,0.96,0.84,79.2,0.202,22.52,True,True,True,True,False,True,True,False,False,True,False,False,False,True,False,False,2026-11-03,False,False,5,LoD>60% ATR,"EMA, near21",7,https://www.tradingview.com/chart/?symbol=NASDAQ:SMCI&interval=D,False,False,False
AXTI,AXT Inc,NASDAQ,Electronic Production Equipment,81.81,76.66,69.96,68.01,67.57,77.48,72.95,59.98,75.73,72.25,83.3,77.25,7.36,8.7,7.11,8955608.6,8359089.333333333,683857098.0,568512811.0,0.99,0.88,5364544701.02519,40.98,15,28.79,71,83.76,76,51.18,2.42,16.94,1.52,0.85,64.1,0.449,21.39,True,True,True,True,False,False,True,False,False,False,False,False,False,False,False,False,2026-10-29,False,False,4,"LoD>60% ATR, thin RVOL",EMA,6,https://www.tradingview.com/chart/?symbol=NASDAQ:AXTI&interval=D,True,False,False
U,Unity Software Inc.,NYSE,Packaged Software,43.61,41.89,42.22,42.8,41.03,34.77,30.68,31.93,41.84,42.01,43.83,41.16,4.74,4.8,2.09,12855144.4,10010544.266666668,436559835.0,428444621.0,0.84,2.52,19192278302.400684,5.8,131,45.85,40,101.62,59,51.09,1.31,3.29,0.8,1.28,117.1,0.113,26.46,True,True,False,True,False,True,False,False,False,True,True,False,False,True,False,False,2026-11-11,False,True,4,"LoD>60% ATR, large gap",near21,5,https://www.tradingview.com/chart/?symbol=NYSE:U&interval=D,False,False,False
SECZ,Securitize Corp.,NYSE,Packaged Software,13.74,14.5,11.27,9.67,8.53,9.81,10.26,10.58,13.9,11.95,14.96,13.4,11.22,9.65,1.33,7574262.9,3776189.433333333,51884843.0,36501906.0,0.4,-0.27,2243270549.4283757,117.06,2,10.36,117,25.48,195,50.97,6.33,21.92,1.55,1.18,25.7,1.232,43.46,False,False,False,True,False,False,False,False,False,False,True,True,False,False,False,False,2026-11-13,False,False,4,">4x 50-MA, thin RVOL",,3,https://www.tradingview.com/chart/?symbol=NYSE:SECZ&interval=D,True,False,False
PBF,PBF Energy Inc.,NYSE,Oil Refining/Marketing,82.34,74.61,75.13,73.83,71.3,58.58,53.5,48.0,75.88,74.55,82.37,77.18,5.98,5.52,4.55,4059483.4,3538498.933333333,291360002.0,261235581.0,0.97,0.65,9760323760.380978,9.79,103,71.11,18,71.54,89,50.81,2.8,9.59,1.89,1.14,113.5,0.151,32.95,True,True,True,True,False,False,False,False,False,False,True,False,False,False,False,False,2026-10-29,False,False,4,"LoD>60% ATR, thin RVOL",EMA,5,https://www.tradingview.com/chart/?symbol=NYSE:PBF&interval=D,False,True,False
BE,Bloom Energy Corporation,NYSE,Electronic Production Equipment,277.58,275.43,269.53,250.0,234.72,253.91,231.59,206.43,274.81,264.72,287.15,272.38,6.64,7.56,20.99,20822024.3,15752085.133333333,4372463791.0,3938037035.0,0.54,2.76,81754903321.26016,36.4,18,-6.81,191,122.35,44,50.65,2.41,2.99,0.64,0.7,24.8,0.186,24.86,True,True,True,True,True,True,True,False,False,True,False,True,False,True,False,False,2026-10-29,False,True,5,large gap,"EMA, near21",9,https://www.tradingview.com/chart/?symbol=NYSE:BE&interval=D,True,False,False
SLS,"SELLAS Life Sciences Group, Inc.",NASDAQ,Pharmaceuticals: Major,11.33,11.67,12.17,12.79,12.32,11.11,9.06,7.73,11.77,12.08,12.25,11.2,7.03,8.27,0.94,6107943.2,7147825.0,80984857.0,91393282.0,1.04,-1.3,2288044963.237205,-12.98,316,-14.17,234,178.38,16,50.41,-0.97,-6.92,0.75,1.12,13.9,0.318,40.51,False,False,False,True,False,True,False,False,False,True,True,True,False,False,False,False,2026-11-18,False,False,5,thin RVOL,near21,4,https://www.tradingview.com/chart/?symbol=NASDAQ:SLS&interval=D,False,False,True
NEO,"NeoGenomics, Inc.",NASDAQ,Medical/Nursing Services,17.78,18.96,18.54,18.14,17.12,14.44,12.43,12.29,18.66,18.41,18.76,17.74,4.9,4.8,0.85,2665446.1,2046061.2666666666,36378969.0,37121008.0,0.94,-0.98,2284293281.1710243,0.62,171,18.53,94,131.51,40,50.22,0.8,-4.09,0.71,1.2,4.7,0.183,37.52,False,False,False,True,False,True,False,False,False,True,True,True,False,False,False,False,2026-11-10,False,False,5,thin RVOL,near21,4,https://www.tradingview.com/chart/?symbol=NASDAQ:NEO&interval=D,False,False,False
SBET,"Sharplink, Inc.",NASDAQ,Advertising/Marketing Services,9.58,9.68,9.14,8.84,7.82,6.8,6.95,7.39,9.44,9.06,9.69,9.27,5.49,5.82,0.56,9090086.9,9279123.16666669,88894000.0,82033635.0,0.57,0.22,2081002049.8038795,15.56,70,79.07,14,55.9,116,50.18,3.86,4.8,0.98,0.75,55.6,0.273,30.02,False,False,True,True,False,True,True,False,False,True,False,True,False,False,False,False,2026-11-12,False,False,5,thin RVOL,"EMA, near21",6,https://www.tradingview.com/chart/?symbol=NASDAQ:SBET&interval=D,False,True,False
QLYS,"Qualys, Inc.",NASDAQ,Packaged Software,187.43,180.63,176.2,177.63,173.16,147.26,128.27,127.51,180.81,178.51,190.92,184.38,5.15,4.9,9.18,662445.4,688251.6333333333,128999004.0,122254596.0,0.98,0.92,6484140973.151123,2.28,159,30.67,66,115.16,47,49.37,1.68,6.37,1.02,0.71,33.2,0.203,28.34,True,True,True,True,False,True,True,True,False,True,False,True,False,False,False,False,2026-11-04,False,False,5,thin RVOL,"EMA, near21, ADR",9,https://www.tradingview.com/chart/?symbol=NASDAQ:QLYS&interval=D,False,False,False
DINO,HF Sinclair Corporation,NYSE,Oil Refining/Marketing,112.7,108.24,108.79,105.3,98.88,86.01,77.5,70.8,108.37,106.7,113.03,107.43,4.73,4.13,4.66,3213283.8,2649273.1,298573078.0,278975522.0,0.77,0.16,20036239160.95882,9.65,106,55.04,27,79.52,81,48.07,3.38,3.6,1.36,1.2,113.1,0.126,33.71,True,True,True,True,False,True,False,False,False,True,True,False,False,True,False,False,2026-10-28,False,False,5,LoD>60% ATR,"EMA, near21",6,https://www.tradingview.com/chart/?symbol=NYSE:DINO&interval=D,False,False,False
S,"SentinelOne, Inc.",NYSE,Packaged Software,24.67,23.51,22.28,21.87,21.36,19.19,17.45,16.63,23.39,22.68,24.69,23.41,4.99,4.58,1.13,8404290.8,8862416.7,218635820.0,193818099.0,1.0,1.52,8586372200.320707,13.58,78,40.57,51,87.18,71,47.11,3.39,10.71,1.91,1.13,111.5,0.321,27.87,True,True,True,True,False,False,False,False,False,False,True,False,False,False,False,False,2026-12-08,False,False,4,"LoD>60% ATR, thin RVOL",EMA,5,https://www.tradingview.com/chart/?symbol=NYSE:S&interval=D,False,False,False
AMLX,"Amylyx Pharmaceuticals, Inc.",NASDAQ,Pharmaceuticals: Major,28.08,30.43,31.79,33.36,29.13,22.38,20.06,18.44,30.15,30.95,29.28,27.55,5.32,5.85,1.64,1383744.0,2021304.9666666666,56758243.0,67426354.0,0.96,-1.65,3524406385.138144,-16.15,344,54.97,29,100.57,60,46.46,-0.61,-11.66,1.59,1.05,32.3,0.232,47.53,False,False,False,True,False,False,False,False,False,False,True,True,False,False,False,False,2026-11-05,False,False,5,thin RVOL,,3,https://www.tradingview.com/chart/?symbol=NASDAQ:AMLX&interval=D,False,False,False
MPC,Marathon Petroleum Corporation,NYSE,Oil Refining/Marketing,420.15,398.68,399.61,388.88,363.25,314.66,286.89,260.54,399.72,393.12,420.73,392.83,4.13,3.63,15.25,3556135.4,2842686.466666667,1194354719.0,1105472441.0,0.58,-0.56,117988517487.39009,10.34,96,57.36,25,71.49,90,46.4,4.31,5.14,1.89,1.83,179.1,0.117,33.1,True,True,True,True,False,False,False,False,False,False,True,False,False,True,False,False,2026-11-03,False,False,4,"LoD>60% ATR, >4x 50-MA",EMA,5,https://www.tradingview.com/chart/?symbol=NYSE:MPC&interval=D,False,False,False
NET,"Cloudflare, Inc.",NYSE,Information Technology Services,351.0,349.3,329.44,315.84,305.99,272.49,250.49,234.44,345.79,332.76,353.84,342.11,4.92,4.69,16.47,3136058.2,3080309.2666666666,1081188553.0,972870504.0,0.88,0.79,124983979319.96375,16.37,65,45.04,42,74.19,86,45.2,3.13,6.55,1.17,0.71,54.0,0.304,32.72,True,True,True,True,False,True,True,True,False,True,False,True,False,True,False,False,2026-10-29,False,False,6,,"EMA, near21, ADR",9,https://www.tradingview.com/chart/?symbol=NYSE:NET&interval=D,False,False,False
BMNR,"BitMine Immersion Technologies, Inc.",NYSE,Financial Conglomerates,26.73,27.28,25.92,25.26,22.33,19.62,20.13,21.69,26.66,25.7,27.38,26.27,5.19,5.98,1.6,37671265.7,44182540.1,1180999297.0,1116227693.0,0.75,0.08,16124241306.902382,9.59,107,83.52,11,41.77,149,44.96,3.3,3.11,0.67,0.69,28.8,0.253,28.66,False,False,True,True,False,True,True,False,False,True,False,True,False,True,False,False,2026-11-20,False,False,6,,"EMA, near21",6,https://www.tradingview.com/chart/?symbol=NYSE:BMNR&interval=D,False,True,False
ETON,"Eton Pharmaceuticals, Inc.",NASDAQ,Pharmaceuticals: Major,51.98,56.25,57.0,58.62,54.39,44.14,37.18,31.91,55.87,56.45,54.0,49.67,6.59,6.9,3.59,762643.9,584059.6666666666,30359421.0,34240206.0,2.01,-2.54,1485751436.900369,-13.95,325,40.71,50,107.92,53,44.89,-0.64,-8.81,1.15,1.21,64.4,0.16,48.26,False,False,False,True,False,True,False,False,False,True,True,False,True,True,True,False,2026-11-05,False,True,4,"LoD>60% ATR, large gap","near21, RVOL",3,https://www.tradingview.com/chart/?symbol=NASDAQ:ETON&interval=D,False,False,False
BFLY,"Butterfly Network, Inc.",NYSE,Medical Specialties,8.53,8.97,8.21,8.35,8.32,7.2,6.26,5.64,8.8,8.55,8.96,8.48,7.83,7.51,0.64,6707179.9,5231539.133333334,44625029.0,43660682.0,0.82,0.0,2314062619.862723,6.62,121,6.76,125,117.6,46,43.66,0.33,3.9,0.04,0.75,7.8,0.43,39.02,False,False,False,True,False,True,True,True,False,True,False,True,False,False,False,False,2026-10-29,False,False,5,thin RVOL,"near21, ADR",6,https://www.tradingview.com/chart/?symbol=NYSE:BFLY&interval=D,False,False,False
VLO,Valero Energy Corporation,NYSE,Oil Refining/Marketing,408.46,390.29,389.39,376.62,353.06,307.9,284.16,259.1,391.34,383.44,408.46,384.58,4.48,3.79,15.47,4669370.699999976,3417461.3000000045,1395896243.0,1287078579.0,0.56,-0.09,117606845751.21326,12.24,83,51.34,34,64.3,101,42.63,4.14,4.9,1.72,1.54,154.4,0.124,32.12,True,True,True,True,False,False,False,False,False,False,True,False,False,True,False,False,2026-10-22,False,False,4,"LoD>60% ATR, >4x 50-MA",EMA,5,https://www.tradingview.com/chart/?symbol=NYSE:VLO&interval=D,False,False,False
SITM,SiTime Corporation,NASDAQ,Semiconductors,678.87,643.97,615.46,604.66,607.69,647.66,577.9,527.13,643.38,626.47,695.54,642.03,4.9,5.7,38.7,511211.8,417525.26666666666,283445378.0,252459088.0,0.78,0.46,20414324708.995308,22.98,42,-3.45,177,104.79,56,41.44,2.05,10.3,1.47,1.38,95.2,0.242,17.75,True,True,True,True,False,True,False,False,False,True,True,False,False,True,False,False,2026-11-04,False,False,5,LoD>60% ATR,"EMA, near21",6,https://www.tradingview.com/chart/?symbol=NASDAQ:SITM&interval=D,False,False,False
OUST,"Ouster, Inc.",NASDAQ,Semiconductors,40.87,40.0,37.59,36.99,38.78,40.08,34.29,31.31,39.77,38.73,42.16,39.36,5.79,6.42,2.62,2562747.9,2162504.033333333,88381540.0,79987420.0,0.75,0.15,2947231150.800942,22.37,43,-30.11,357,132.03,39,41.43,0.84,8.73,0.86,1.07,57.5,0.32,21.47,True,True,True,True,False,True,False,False,False,True,True,True,False,False,False,False,2026-11-05,False,False,5,thin RVOL,"EMA, near21",7,https://www.tradingview.com/chart/?symbol=NASDAQ:OUST&interval=D,False,False,False
HPQ,HP Inc.,NYSE,Information Technology Services,32.15,31.95,32.55,31.74,30.43,27.13,24.57,23.59,31.85,31.83,32.38,31.33,4.3,4.41,1.42,16022338.999999994,16548837.533333434,532045127.0,525309750.0,0.85,1.05,28992581788.81713,8.07,115,45.74,41,69.21,94,41.01,1.28,-1.23,0.23,0.74,57.8,0.159,27.87,False,False,True,True,True,True,True,False,False,True,False,True,False,True,False,False,2026-12-01,False,False,6,,"EMA, near21",7,https://www.tradingview.com/chart/?symbol=NYSE:HPQ&interval=D,False,False,False
INOD,Innodata Inc.,NASDAQ,Data Processing Services,71.85,67.26,61.12,60.02,60.87,74.09,63.92,61.28,66.52,63.59,75.19,65.2,6.86,6.28,4.51,2338118.3,1390868.1333333333,99933875.0,83482919.0,1.12,1.13,2470393647.244525,30.64,22,-0.53,164,90.53,69,40.21,2.87,17.56,2.07,2.21,147.3,0.46,18.39,False,True,True,True,False,False,False,False,False,False,True,False,False,False,False,False,2026-11-05,False,False,4,"LoD>60% ATR, thin RVOL",EMA,4,https://www.tradingview.com/chart/?symbol=NASDAQ:INOD&interval=D,True,False,False
MSTR,Strategy Inc,NASDAQ,Internet Software/Services,160.5,159.76,146.95,139.63,122.28,123.38,131.39,136.0,154.77,146.37,161.58,152.63,4.98,5.58,8.95,24656048.8,26453375.566666666,4245766778.0,3693702466.0,0.78,0.48,61668192920.88968,25.36,36,60.74,21,33.97,169,40.03,5.61,9.22,1.73,1.0,87.9,0.379,23.35,True,True,True,True,False,False,True,False,False,False,False,False,False,True,False,False,2026-11-04,False,False,4,"LoD>60% ATR, >4x 50-MA",EMA,6,https://www.tradingview.com/chart/?symbol=NASDAQ:MSTR&interval=D,False,True,False
AYA,Aya Gold & Silver Inc.,NASDAQ,Precious Metals,26.91,27.96,28.15,27.95,26.27,22.71,20.72,19.7,27.56,27.62,27.43,26.8,4.59,5.59,1.5,1384515.4,1292737.7,34787572.0,36130726.0,0.58,-0.11,3876013705.090055,1.36,167,37.3,55,77.62,83,38.76,0.43,-4.39,0.46,0.42,7.3,0.161,31.38,False,False,False,True,False,True,True,True,False,True,False,True,False,False,False,False,2026-11-17,False,False,5,thin RVOL,"near21, ADR",6,https://www.tradingview.com/chart/?symbol=NASDAQ:AYA&interval=D,False,False,False
MANE,"Veradermics, Incorporated",NYSE,Pharmaceuticals: Major,117.22,115.7,108.53,105.88,107.38,107.07,94.69,,115.03,111.13,123.83,116.04,5.4,5.27,6.18,901012.7,701078.2333333333,82180391.0,74231566.0,0.72,0.0,4897467690.555307,18.9,47,-8.45,199,103.83,57,38.09,1.74,8.01,1.04,1.26,19.1,0.294,17.93,False,True,True,False,False,True,False,False,False,True,True,True,False,False,False,False,2026-12-02,False,False,4,"thin RVOL, below 200-MA","EMA, near21",5,https://www.tradingview.com/chart/?symbol=NYSE:MANE&interval=D,False,False,False
TEM,"Tempus AI, Inc.",NASDAQ,Packaged Software,76.5,80.3,72.85,70.72,61.96,56.65,54.56,56.41,78.87,74.22,82.81,75.92,6.94,6.59,5.04,6991655.8,7819486.166666667,598190692.0,553009701.0,0.9,0.1,13803259776.0989,16.54,64,25.2,78,71.56,88,37.77,3.56,5.01,0.47,1.37,11.5,0.489,33.64,False,False,False,True,False,True,False,False,False,True,True,True,False,True,False,False,2026-11-10,False,False,6,,near21,4,https://www.tradingview.com/chart/?symbol=NASDAQ:TEM&interval=D,False,False,False
FCEL,"FuelCell Energy, Inc.",NASDAQ,Electronic Equipment/Instruments,16.57,17.0,16.46,17.0,18.65,20.21,16.31,14.27,16.68,16.99,17.13,16.02,5.83,8.49,1.41,4985829.6,6504826.133333328,107784969.0,110579876.0,0.67,0.37,1324840986.0225334,-1.78,196,-47.51,410,162.6,24,37.77,-1.31,0.67,0.29,0.79,39.1,0.251,35.85,False,False,False,True,True,True,True,False,False,True,False,True,False,False,False,False,2026-12-17,False,False,5,thin RVOL,near21,6,https://www.tradingview.com/chart/?symbol=NASDAQ:FCEL&interval=D,False,False,False
NUAI,"New Era Energy & Digital, Inc.",NASDAQ,Engineering & Construction,6.37,6.83,6.31,5.87,5.54,5.3,5.04,4.99,6.62,6.3,6.7,6.24,8.85,9.53,0.61,10919707.9,7604886.566666666,48443127.0,44607730.0,0.75,-0.74,678782935.3229167,38.78,16,18.84,92,55.37,117,37.66,1.57,0.95,0.12,0.75,20.6,0.431,28.89,False,False,False,True,True,True,True,False,False,True,False,True,False,False,False,False,2026-12-02,False,False,5,thin RVOL,near21,6,https://www.tradingview.com/chart/?symbol=NASDAQ:NUAI&interval=D,True,False,False
GH,"Guardant Health, Inc.",NASDAQ,Medical Specialties,174.75,176.86,171.64,169.56,164.78,149.82,129.44,123.56,175.83,172.69,180.91,173.96,4.34,4.23,7.4,2003540.2,1851105.2333333334,323480640.0,313873403.0,0.98,-0.67,23450780262.49299,10.25,98,1.63,143,99.33,62,37.07,1.43,1.81,0.28,0.94,10.7,0.184,30.5,False,False,False,True,True,True,True,False,False,True,False,True,False,True,False,False,2026-10-29,False,False,6,,near21,6,https://www.tradingview.com/chart/?symbol=NASDAQ:GH&interval=D,False,False,False
FROG,JFrog Ltd.,NASDAQ,Packaged Software,97.59,92.43,91.34,92.25,89.45,85.63,72.31,68.26,93.1,92.21,99.75,95.77,5.15,5.32,5.19,1726929.4,1848442.0666666667,180389461.0,170512003.0,1.28,0.62,12032975474.05709,-1.02,192,6.41,126,105.15,55,36.85,1.71,6.84,1.1,0.77,35.1,0.137,24.77,True,True,True,True,False,True,True,False,False,True,False,True,False,True,True,False,2026-11-04,False,False,6,,"EMA, near21, RVOL",8,https://www.tradingview.com/chart/?symbol=NASDAQ:FROG&interval=D,False,False,False
APPN,Appian Corporation,NASDAQ,Packaged Software,37.77,36.8,36.83,37.89,35.12,29.1,27.3,28.01,36.62,36.76,38.46,36.35,5.04,5.41,2.04,822290.3,890835.1666666666,33646844.0,33751072.0,1.11,3.4,2705400764.635951,-10.22,282,58.7,22,60.25,111,36.24,1.4,2.54,0.51,1.03,69.5,0.192,25.24,True,True,False,True,True,True,False,False,False,True,True,False,False,False,False,False,2026-10-29,False,True,3,"LoD>60% ATR, thin RVOL, large gap",near21,6,https://www.tradingview.com/chart/?symbol=NASDAQ:APPN&interval=D,False,True,False
SWKS,"Skyworks Solutions, Inc.",NASDAQ,Semiconductors,83.16,88.03,84.82,78.99,73.74,71.62,67.22,65.69,86.39,83.5,86.62,82.74,5.96,5.36,4.46,6238988.8,6977342.333333333,580235788.0,551168180.0,0.78,0.85,12513316736.585867,26.0,32,25.52,76,56.94,114,36.15,2.38,-1.95,0.07,0.87,9.4,0.282,26.86,False,False,False,True,True,True,True,False,False,True,False,True,False,True,False,False,2026-10-29,False,False,6,,near21,6,https://www.tradingview.com/chart/?symbol=NASDAQ:SWKS&interval=D,False,False,False
ACMR,"ACM Research, Inc.",NASDAQ,Industrial Machinery,83.58,76.73,73.48,74.38,76.65,82.98,71.48,66.8,77.2,75.71,85.23,81.25,5.03,5.98,5.0,1419258.9,1010997.9000000018,84499204.0,75201225.0,1.03,0.72,5821279567.920416,16.99,59,-28.35,343,119.77,45,36.14,1.51,13.74,1.74,0.8,46.6,0.285,19.36,True,True,True,True,False,False,True,False,False,False,False,True,False,False,False,False,2026-10-28,False,False,5,thin RVOL,EMA,7,https://www.tradingview.com/chart/?symbol=NASDAQ:ACMR&interval=D,False,False,False
CRDO,Credo Technology Group Holding Ltd,NASDAQ,Information Technology Services,210.17,194.65,178.52,192.63,208.42,219.58,191.21,176.99,193.99,192.59,211.05,195.0,4.89,6.52,13.71,8966767.0,8208569.2,1725194989.0,1581233102.0,1.05,1.2,39501853571.103035,-4.47,227,-19.17,273,130.73,41,35.7,0.13,17.73,1.4,1.17,110.7,0.407,20.27,False,True,True,True,False,True,False,False,False,True,True,False,False,True,False,False,2026-12-02,False,False,5,LoD>60% ATR,"EMA, near21",5,https://www.tradingview.com/chart/?symbol=NASDAQ:CRDO&interval=D,False,False,False
CLMT,"Calumet, Inc",NASDAQ,Oil Refining/Marketing,53.72,54.74,55.4,53.18,49.64,42.69,38.97,34.91,54.13,53.79,54.02,52.01,4.6,4.39,2.36,1745136.7,1388473.6666666667,74588805.0,73833013.0,1.2,-0.25,4721893092.615501,5.44,136,47.26,39,54.06,122,35.58,1.87,-3.03,0.03,0.85,72.6,0.155,38.14,False,False,False,True,False,True,True,False,False,True,False,False,False,False,True,False,2026-11-06,False,False,4,"LoD>60% ATR, thin RVOL","near21, RVOL",4,https://www.tradingview.com/chart/?symbol=NASDAQ:CLMT&interval=D,False,False,False
TENB,"Tenable Holdings, Inc.",NASDAQ,Packaged Software,36.11,35.51,34.95,35.03,35.03,32.71,28.31,26.84,35.47,35.32,37.15,35.41,6.34,5.96,2.15,3150788.2,4960251.966666667,179114699.0,173770854.0,0.89,1.95,3977154759.9629016,-3.09,214,-4.7,186,112.04,51,34.75,0.52,3.33,0.37,0.81,32.5,0.198,24.01,True,True,True,True,False,True,True,False,False,True,False,True,False,False,False,False,2026-11-04,False,False,5,thin RVOL,"EMA, near21",8,https://www.tradingview.com/chart/?symbol=NASDAQ:TENB&interval=D,False,False,False
CVLT,"Commvault Systems, Inc.",NASDAQ,Packaged Software,147.77,147.38,142.57,139.62,137.96,132.86,117.72,115.36,146.69,143.79,151.5,145.69,4.13,3.92,5.79,670280.7,562327.9333333333,83095199.0,78510539.0,1.07,0.87,6124262704.927295,9.69,104,0.51,151,90.3,70,33.5,1.81,3.65,0.71,1.0,35.9,0.185,21.66,True,True,True,True,False,True,False,False,False,True,True,True,False,False,False,False,2026-11-03,False,False,5,thin RVOL,"EMA, near21",7,https://www.tradingview.com/chart/?symbol=NASDAQ:CVLT&interval=D,False,False,False
INSP,"Inspire Medical Systems, Inc.",NYSE,Medical Specialties,70.78,71.55,70.24,67.42,62.82,53.81,54.37,61.56,70.79,69.22,75.31,68.98,5.22,5.07,3.59,1058215.2,785323.6666666666,55585209.0,52948354.0,2.21,1.64,2046276402.7079008,12.35,82,53.1,31,34.51,167,33.32,2.5,0.76,0.44,1.76,50.1,0.236,25.07,False,False,False,True,True,True,False,False,False,True,True,True,True,True,True,False,2026-11-09,False,False,6,,"near21, RVOL",5,https://www.tradingview.com/chart/?symbol=NYSE:INSP&interval=D,False,False,False
LITE,Lumentum Holdings Inc.,NASDAQ,Electrical Products,1045.78,955.06,929.82,916.76,873.99,868.6,841.8,741.67,960.06,933.94,1078.04,966.0,5.56,6.42,67.15,5111374.5,4450396.566666666,4654135721.0,4079925530.0,1.54,0.9,93806463751.79803,16.06,68,34.49,58,47.59,136,32.71,3.06,12.47,1.87,1.67,118.8,0.219,20.4,True,True,True,True,False,False,False,False,False,False,True,False,True,True,True,False,2026-11-10,False,False,5,LoD>60% ATR,"EMA, RVOL",5,https://www.tradingview.com/chart/?symbol=NASDAQ:LITE&interval=D,False,False,False
DK,"Delek US Holdings, Inc.",NYSE,Oil Refining/Marketing,74.34,71.48,73.71,72.6,69.41,59.45,53.96,48.24,71.75,72.01,74.93,70.05,5.63,5.68,4.22,3654475.0,2537664.1333333333,188649952.0,184228495.0,0.48,-1.56,4551999984.547289,-3.43,217,38.41,54,62.17,105,32.38,1.25,0.85,0.57,1.16,101.6,0.211,34.26,True,True,False,True,True,True,False,False,False,True,True,False,False,False,False,False,2026-11-11,False,False,4,"LoD>60% ATR, thin RVOL",near21,6,https://www.tradingview.com/chart/?symbol=NYSE:DK&interval=D,False,False,False
SYRE,"Spyre Therapeutics, Inc.",NASDAQ,Pharmaceuticals: Major,89.93,88.47,89.18,91.81,96.11,90.04,78.38,67.33,88.46,90.12,94.06,87.25,4.4,5.38,4.84,1509518.8999999994,1306147.7333333332,117461866.0,119916553.0,1.12,0.11,7929466765.289003,3.3,153,0.92,147,90.65,68,31.62,-1.2,0.84,0.04,1.41,55.5,0.101,32.01,False,False,False,True,True,True,False,False,False,True,True,True,False,False,False,False,2026-11-05,False,False,5,thin RVOL,near21,5,https://www.tradingview.com/chart/?symbol=NASDAQ:SYRE&interval=D,False,False,False
AMRX,"Amneal Pharmaceuticals, Inc.",NASDAQ,Pharmaceuticals: Major,20.07,19.82,18.6,18.34,18.27,16.74,15.41,14.97,19.65,19.01,20.26,19.61,4.87,4.01,0.8,3612154.1,2402355.7,48215279.0,44056401.0,0.84,-0.05,6409432826.812314,14.23,75,17.64,96,61.99,106,31.29,2.46,7.93,1.39,0.81,57.2,0.285,24.17,True,True,True,True,False,True,True,True,False,True,False,True,False,False,False,False,2026-10-29,False,False,5,thin RVOL,"EMA, near21, ADR",9,https://www.tradingview.com/chart/?symbol=NASDAQ:AMRX&interval=D,False,False,False
SAIL,"SailPoint, Inc.",NASDAQ,Packaged Software,20.58,20.79,19.84,19.55,18.76,16.87,15.52,16.06,20.54,20.05,20.89,19.89,5.88,5.68,1.17,5876229.4,4848906.166666667,99790489.0,94794499.0,1.57,1.13,11749361514.40668,1.63,162,34.42,59,56.15,115,30.73,1.71,3.75,0.47,0.86,59.1,0.269,25.58,False,False,True,True,False,True,True,False,False,True,False,True,True,True,True,False,2026-12-15,False,False,6,,"EMA, near21, RVOL",6,https://www.tradingview.com/chart/?symbol=NASDAQ:SAIL&interval=D,False,False,False
DOCN,"DigitalOcean Holdings, Inc.",NYSE,Packaged Software,139.8,138.93,130.97,124.86,124.56,138.66,121.43,104.94,136.08,131.98,140.74,132.0,6.15,6.42,8.98,2962580.7,2553911.066666667,357036767.0,318882187.0,0.47,1.91,16437620185.004875,28.6,25,-1.22,167,63.05,104,30.14,1.9,6.74,0.92,0.97,86.9,0.314,24.32,True,True,True,True,False,True,True,False,False,True,False,False,False,True,False,False,2026-11-09,False,False,5,LoD>60% ATR,"EMA, near21",7,https://www.tradingview.com/chart/?symbol=NYSE:DOCN&interval=D,False,False,False
ZS,"Zscaler, Inc.",NASDAQ,Packaged Software,198.78,203.27,190.55,186.45,177.95,160.76,154.74,166.59,199.01,193.16,203.44,198.44,5.03,4.84,9.61,3116199.9,3352842.433333333,666478019.0,625141383.0,0.44,1.62,32412013517.191257,7.66,116,37.0,57,45.75,138,30.14,2.42,4.32,0.6,0.52,3.5,0.352,24.41,False,False,False,True,False,True,True,True,False,True,False,True,False,True,False,False,2026-12-01,False,False,6,,"near21, ADR",6,https://www.tradingview.com/chart/?symbol=NASDAQ:ZS&interval=D,False,False,False
GCT,GigaCloud Technology Inc,NASDAQ,Wholesale Distributors,53.19,52.73,52.4,51.77,49.73,42.43,43.02,42.12,52.47,52.0,54.19,51.95,4.86,4.95,2.63,759489.2,605473.0666666667,32205112.0,31346653.0,0.62,1.03,1899427536.741873,11.77,85,58.3,23,19.85,211,29.97,1.4,1.52,0.46,0.85,47.1,0.069,19.95,True,True,True,True,True,True,True,False,True,True,False,True,False,False,False,False,2026-11-26,False,False,5,thin RVOL,"EMA, near21, BB",10,https://www.tradingview.com/chart/?symbol=NASDAQ:GCT&interval=D,False,False,False
WOLF,"Wolfspeed, Inc.",NYSE,Semiconductors,31.17,27.73,26.76,26.58,26.93,38.14,33.16,29.41,27.91,27.36,31.39,28.03,5.66,7.13,2.22,2558541.800000115,2761014.500000022,86060822.0,73386845.0,1.32,2.1,1649845777.0355494,19.29,46,-30.27,359,100.06,61,29.69,2.21,16.49,1.95,1.51,141.3,0.286,36.51,False,True,True,True,False,False,False,False,False,False,True,False,False,False,True,False,2026-10-28,False,True,3,"LoD>60% ATR, thin RVOL, large gap","EMA, RVOL",4,https://www.tradingview.com/chart/?symbol=NYSE:WOLF&interval=D,False,False,False
PARR,"Par Pacific Holdings, Inc. Common Stock",NYSE,Oil Refining/Marketing,86.21,80.08,81.71,80.19,79.43,69.92,66.4,59.39,80.98,80.62,86.3,80.63,5.19,5.17,4.45,1079143.3000000014,927636.0333333338,79971502.0,74384969.0,0.78,0.02,4319089114.341092,6.37,125,48.84,37,33.12,176,29.44,1.65,5.51,1.34,1.27,125.3,0.145,25.89,True,True,True,True,False,True,False,False,False,True,True,False,False,False,False,False,2026-11-09,False,False,4,"LoD>60% ATR, thin RVOL","EMA, near21",6,https://www.tradingview.com/chart/?symbol=NYSE:PARR&interval=D,False,False,False
QRVO,"Qorvo, Inc.",NASDAQ,Semiconductors,112.21,116.65,113.38,107.61,102.1,98.3,92.85,90.4,115.09,112.08,115.34,111.77,4.18,3.75,4.21,1957241.1,1479756.8333333333,166043514.0,159234906.0,2.47,0.43,9899349831.15531,18.08,54,23.84,79,46.13,137,29.35,2.64,-1.03,0.03,0.85,10.5,0.206,23.39,False,False,False,True,True,True,True,False,False,True,False,True,True,True,True,False,2026-11-04,False,False,6,,"near21, RVOL",6,https://www.tradingview.com/chart/?symbol=NASDAQ:QRVO&interval=D,False,False,False
BRKR,Bruker Corporation,NASDAQ,Medical Specialties,61.94,62.65,59.82,59.2,58.88,56.92,50.36,49.21,62.37,60.8,64.82,61.7,5.03,4.82,2.98,2255682.3,2204800.7333333334,136565357.0,130531553.0,1.02,-0.7,9437135906.768494,7.18,118,0.88,148,77.58,84,28.55,1.08,3.55,0.39,1.05,8.0,0.258,21.7,False,False,False,True,False,True,False,False,False,True,True,True,False,False,False,False,2026-10-29,False,False,5,thin RVOL,near21,4,https://www.tradingview.com/chart/?symbol=NASDAQ:BRKR&interval=D,False,False,False
SG,"Sweetgreen, Inc.",NYSE,Restaurants,8.68,8.11,7.48,7.26,6.76,7.5,6.99,6.89,8.17,7.67,8.84,8.48,4.96,5.3,0.46,5785544.1,5045919.7,43798583.0,36658607.0,0.98,-0.79,1033278614.1510711,25.98,33,-5.75,187,65.33,99,28.52,5.36,15.97,2.48,0.78,43.5,0.398,15.56,True,True,True,True,False,False,True,False,False,False,False,True,False,False,False,False,2026-11-05,False,False,4,">4x 50-MA, thin RVOL",EMA,7,https://www.tradingview.com/chart/?symbol=NYSE:SG&interval=D,False,False,False
BETA,"Beta Technologies, Inc.",NYSE,Aerospace & Defense,21.73,22.67,21.77,21.85,21.87,19.49,18.58,20.01,22.35,22.12,22.49,21.61,6.94,7.19,1.56,4955483.5,3320406.1,72152425.0,72559728.0,0.25,-0.63,5083539303.611312,10.81,92,23.75,80,50.59,127,28.38,-0.09,-0.18,0.25,0.56,7.7,0.227,18.82,False,False,False,True,True,True,True,True,False,True,False,True,False,False,False,False,2026-12-03,False,False,5,thin RVOL,"near21, ADR",7,https://www.tradingview.com/chart/?symbol=NYSE:BETA&interval=D,False,False,False
HUT,Hut 8 Corp.,NASDAQ,Data Processing Services,86.36,96.76,94.64,90.53,92.46,101.78,88.71,79.98,92.93,93.06,86.56,82.1,7.63,8.49,7.33,4334933.00000001,4628239.333333331,399694749.0,418995278.0,1.07,-0.16,10644687474.13101,8.78,111,-19.17,272,92.34,66,27.32,-0.78,-8.75,0.85,0.61,58.1,0.251,25.24,False,False,False,True,False,True,True,True,False,True,False,True,False,True,False,False,2026-11-18,False,False,6,,"near21, ADR",6,https://www.tradingview.com/chart/?symbol=NASDAQ:HUT&interval=D,False,False,False
SANM,Sanmina Corporation,NASDAQ,Electronic Production Equipment,221.96,217.3,208.87,203.38,201.78,219.76,199.0,188.12,216.45,210.82,224.33,211.28,4.6,4.97,11.04,693852.2,612093.5333333333,135860281.0,124485747.0,0.77,0.77,11896469093.390722,14.28,74,-9.92,206,77.3,85,27.22,2.01,6.26,1.06,1.18,96.7,0.211,14.26,True,True,True,True,False,True,False,False,False,True,True,False,False,True,False,False,2026-11-09,False,False,5,LoD>60% ATR,"EMA, near21",6,https://www.tradingview.com/chart/?symbol=NASDAQ:SANM&interval=D,False,False,False
RGEN,Repligen Corporation,NASDAQ,Pharmaceuticals: Major,177.23,186.73,178.09,178.3,168.78,149.07,139.55,143.4,185.38,180.71,194.0,177.12,4.14,4.22,7.49,1279931.1,1082193.3666666667,191797130.0,192957963.0,1.63,0.92,10002084595.528324,-1.92,199,26.68,74,55.19,118,26.65,1.18,-0.48,0.46,2.25,1.5,0.229,26.62,False,False,False,True,True,True,False,False,False,True,True,True,True,True,True,False,2026-11-03,False,False,6,,"near21, RVOL",5,https://www.tradingview.com/chart/?symbol=NASDAQ:RGEN&interval=D,False,False,False
GEO,Geo Group Inc (The) REIT,NYSE,Miscellaneous Commercial Services,30.79,30.8,31.14,31.41,31.21,29.13,25.18,22.91,30.87,31.04,31.41,30.19,4.54,4.28,1.32,2678441.4,2340783.6,72072727.0,73513089.0,0.64,-0.92,4052566873.6567116,-2.16,202,0.85,149,80.27,79,26.32,-0.31,-1.13,0.19,0.93,45.6,0.083,26.94,False,False,False,True,True,True,True,False,True,True,False,True,False,False,False,False,2026-11-05,False,False,5,thin RVOL,"near21, BB",7,https://www.tradingview.com/chart/?symbol=NYSE:GEO&interval=D,False,False,False
SEI,"Solaris Energy Infrastructure, Inc.",NYSE,Oilfield Services/Equipment,71.38,69.3,66.04,61.42,59.52,65.94,64.59,61.17,68.88,65.98,72.5,70.23,4.9,5.74,4.1,2479082.3,2675024.0,190943213.0,164296407.0,0.65,-0.01,5722230571.139926,44.2,14,-1.76,169,33.7,172,25.38,3.47,8.08,1.42,0.55,28.1,0.3,13.7,True,True,True,True,False,True,True,True,False,True,False,True,False,False,False,False,2026-11-02,False,False,5,thin RVOL,"EMA, near21, ADR",9,https://www.tradingview.com/chart/?symbol=NYSE:SEI&interval=D,True,False,False
TH,Target Hospitality Corp.,NASDAQ,Hotels/Resorts/Cruise lines,20.48,20.57,19.92,19.28,18.02,18.06,16.02,13.92,20.12,19.72,20.92,19.64,4.46,4.81,0.98,2118849.2,2071373.9666666666,42421739.0,39931947.0,0.83,-0.41,2040287585.1034486,11.0,91,3.64,136,61.01,109,25.22,2.84,2.82,0.8,1.3,85.3,0.199,32.45,False,False,True,True,True,True,False,False,False,True,True,False,False,False,False,False,2026-11-11,False,False,4,"LoD>60% ATR, thin RVOL","EMA, near21",5,https://www.tradingview.com/chart/?symbol=NASDAQ:TH&interval=D,False,False,False
ROG,Rogers Corporation,NYSE,Chemicals: Specialty,155.8,139.46,134.98,131.8,131.64,138.25,130.67,122.83,141.71,137.02,156.91,150.0,4.26,4.31,6.71,361035.1,243783.83333333334,37981521.0,32130140.0,0.91,0.56,2783886806.195176,26.2,31,-0.4,161,48.92,131,24.91,4.26,15.42,3.18,1.03,86.4,0.224,10.67,True,True,True,True,False,False,False,False,False,False,True,False,False,False,False,False,2026-11-04,False,False,3,"LoD>60% ATR, >4x 50-MA, thin RVOL",EMA,5,https://www.tradingview.com/chart/?symbol=NYSE:ROG&interval=D,False,False,False
CBRL,"Cracker Barrel Old Country Store, Inc.",NASDAQ,Restaurants,51.72,49.71,49.57,51.8,53.72,48.08,41.82,38.91,50.77,50.81,53.17,51.65,5.09,4.96,2.56,1408299.7,1026108.2333333333,53070318.0,53150696.0,0.54,-0.8,1156067674.095781,-4.47,228,-6.3,188,84.71,74,24.65,-0.75,4.34,0.36,0.59,2.7,0.295,28.63,False,False,False,True,False,True,True,True,False,True,False,True,False,False,False,False,2026-11-27,False,False,5,thin RVOL,"near21, ADR",6,https://www.tradingview.com/chart/?symbol=NASDAQ:CBRL&interval=D,False,False,False
CXW,"CoreCivic, Inc.",NYSE,Miscellaneous Commercial Services,32.49,32.7,33.71,33.63,32.84,29.66,26.32,24.47,32.81,33.15,33.28,31.96,5.63,5.16,1.68,2381323.2,1992177.1333333333,64725835.0,66992269.0,0.69,3.19,3213049608.4744186,-2.84,213,4.57,135,72.09,87,24.61,-0.21,-3.62,0.39,0.79,31.6,0.159,28.43,False,False,False,True,False,True,True,True,False,True,False,True,False,False,False,False,2026-11-09,False,True,4,"thin RVOL, large gap","near21, ADR",6,https://www.tradingview.com/chart/?symbol=NYSE:CXW&interval=D,False,False,False
MRX,Marex Group Limited,NASDAQ,Internet Software/Services,70.96,72.25,73.04,72.6,69.89,65.1,58.46,53.81,71.71,71.92,71.52,68.0,4.43,4.51,3.2,730439.8,754512.2333333333,53540188.0,54774319.0,0.88,-0.52,5104214695.714448,-1.81,197,8.39,121,66.85,95,24.47,0.34,-2.85,0.3,1.1,92.6,0.132,27.1,False,False,False,True,True,True,False,False,False,True,True,False,False,False,False,False,2026-11-05,False,False,4,"LoD>60% ATR, thin RVOL",near21,4,https://www.tradingview.com/chart/?symbol=NASDAQ:MRX&interval=D,False,False,False
UMAC,"Unusual Machines, Inc.",AMEX,Electronic Equipment/Instruments,21.78,23.73,23.7,24.01,24.34,22.73,20.2,18.59,23.63,23.83,24.8,21.55,7.35,8.8,1.92,2564977.2,2946425.6333333333,64173150.0,70742697.0,2.37,0.9,1088052654.522059,-5.1,234,-3.97,181,82.41,78,24.45,-1.19,-8.09,0.98,1.7,12.0,0.165,26.4,False,False,False,True,False,True,False,False,False,True,True,True,True,True,True,False,2026-11-12,False,False,6,,"near21, RVOL",4,https://www.tradingview.com/chart/?symbol=AMEX:UMAC&interval=D,False,False,False
TVTX,"Travere Therapeutics, Inc.",NASDAQ,Pharmaceuticals: Major,56.85,60.31,62.87,63.98,62.25,56.74,49.05,44.89,60.28,61.79,59.58,56.23,4.27,4.38,2.49,1837099.3,1489754.7333333334,84692557.0,95310535.0,1.38,-0.41,5358742374.441236,-13.86,324,0.12,156,85.24,73,23.83,-1.98,-9.57,1.83,1.35,24.9,0.191,31.63,False,False,False,True,False,False,False,False,False,False,True,True,False,False,True,False,2026-10-22,False,False,5,thin RVOL,RVOL,3,https://www.tradingview.com/chart/?symbol=NASDAQ:TVTX&interval=D,False,False,False
NEOG,Neogen Corporation,NASDAQ,Medical Specialties,12.24,13.31,12.67,12.35,11.85,10.52,10.18,9.97,12.96,12.7,12.82,12.19,4.74,4.45,0.55,6143708.7,3455664.7666666666,42297337.0,42689555.0,0.48,-0.94,2669617514.5875,4.62,142,31.33,65,33.92,171,23.29,0.74,-3.42,0.81,1.15,9.2,0.247,27.3,False,False,False,True,False,True,False,False,False,True,True,True,False,False,False,False,2026-10-06,False,False,5,thin RVOL,near21,4,https://www.tradingview.com/chart/?symbol=NASDAQ:NEOG&interval=D,False,False,False
HOOD,"Robinhood Markets, Inc.",NASDAQ,Investment Banks/Brokers,111.15,118.66,116.55,112.93,105.17,99.87,92.07,94.34,115.68,114.2,113.81,110.66,5.12,5.5,6.11,21297414.3,23084907.7,2565887491.0,2606893982.0,0.83,-0.38,99932996314.164,5.52,135,-1.43,168,65.4,98,23.16,1.03,-4.63,0.49,0.52,8.0,0.186,23.92,False,False,False,True,False,True,True,True,False,True,False,True,False,True,False,False,2026-11-04,False,False,6,,"near21, ADR",6,https://www.tradingview.com/chart/?symbol=NASDAQ:HOOD&interval=D,False,False,False
DFTX,"Definium Therapeutics, Inc.",NASDAQ,Pharmaceuticals: Major,37.6,38.12,38.19,39.59,41.24,36.74,31.22,27.29,38.02,38.74,38.95,37.29,5.62,5.5,2.07,2417471.299999998,2163868.566666664,81361458.0,85678376.0,0.89,-0.32,5052197826.799789,-4.52,229,-13.29,227,86.6,72,22.93,-1.61,-1.54,0.54,0.8,15.0,0.106,37.12,False,False,False,True,True,True,True,False,False,True,False,True,False,False,False,False,2026-11-05,False,False,5,thin RVOL,near21,6,https://www.tradingview.com/chart/?symbol=NASDAQ:DFTX&interval=D,False,False,False
CLS,"Celestica, Inc.",NYSE,Electronic Components,373.09,359.15,341.78,327.63,329.15,347.12,340.58,330.28,357.82,345.24,377.64,354.49,4.65,5.36,20.0,2398260.7,2180425.533333333,813494962.0,714366276.0,1.21,0.29,47050796824.7241,26.95,27,5.39,129,35.67,162,22.67,2.49,9.16,1.5,1.16,93.0,0.243,8.04,True,True,True,True,False,False,False,False,False,False,True,False,False,True,True,False,2026-10-26,False,False,5,LoD>60% ATR,"EMA, RVOL",5,https://www.tradingview.com/chart/?symbol=NYSE:CLS&interval=D,False,False,False
ERO,Ero Copper Corp.,NYSE,Other Metals/Minerals,35.75,36.46,35.66,36.41,34.14,30.87,29.81,30.0,36.33,35.88,36.77,35.34,4.45,5.32,1.9,1325165.7,1530259.7333333334,54706785.0,55711656.0,1.1,-0.7,3728819121.380069,-0.56,188,33.15,63,35.37,163,22.65,0.89,0.25,0.07,0.75,21.6,0.2,18.61,False,False,False,True,True,True,True,False,False,True,False,True,False,False,False,False,2026-11-10,False,False,5,thin RVOL,near21,6,https://www.tradingview.com/chart/?symbol=NYSE:ERO&interval=D,False,False,False
DUOL,"Duolingo, Inc.",NASDAQ,Packaged Software,146.57,144.22,146.51,147.07,141.99,130.67,120.58,127.59,144.31,144.94,147.33,142.96,4.41,4.9,7.18,1080053.3,1089433.3666666667,159678249.0,160218608.0,0.78,2.3,6857425555.691292,-7.82,252,22.15,84,53.39,123,22.57,0.66,0.04,0.23,0.61,50.3,0.147,17.69,True,True,False,True,True,True,True,True,False,True,False,True,False,False,False,False,2026-11-11,False,True,4,"thin RVOL, large gap","near21, ADR",9,https://www.tradingview.com/chart/?symbol=NASDAQ:DUOL&interval=D,False,False,False
RUM,RUM Group Inc.,NASDAQ,Internet Software/Services,7.64,8.33,8.24,8.53,7.78,7.5,6.95,6.76,8.07,8.19,7.96,7.39,7.5,7.93,0.61,5258950.7,5539618.4,42322685.0,47256638.0,0.84,0.13,3787989745.0846562,-12.08,305,20.22,87,58.51,113,22.21,-0.22,-7.27,0.84,0.94,41.3,0.29,20.59,False,False,False,True,False,True,True,False,False,True,False,True,False,False,False,False,2026-11-16,False,False,5,thin RVOL,near21,5,https://www.tradingview.com/chart/?symbol=NASDAQ:RUM&interval=D,False,False,False
IONQ,"IonQ, Inc.",NYSE,Computer Processing Hardware,43.99,42.97,40.61,40.6,40.41,46.88,43.64,43.47,42.96,41.77,45.09,43.55,5.97,6.22,2.74,29514845.3,22375257.133333333,984287561.0,908517482.0,0.57,0.21,17822024916.697674,16.18,67,-13.93,231,64.14,102,22.13,1.43,8.32,0.85,0.56,16.1,0.29,14.71,False,True,True,True,False,True,True,True,False,True,False,True,False,True,False,False,2026-11-11,False,False,6,,"EMA, near21, ADR",8,https://www.tradingview.com/chart/?symbol=NYSE:IONQ&interval=D,False,False,False
IT,"Gartner, Inc.",NYSE,Internet Software/Services,192.8,184.45,184.55,188.06,181.23,163.41,160.94,173.4,186.35,185.41,204.29,192.42,4.15,4.53,8.74,1068062.7,1082177.3666666667,208643796.0,203515358.0,1.06,5.17,12175122013.603518,-2.36,205,42.06,47,23.81,198,21.17,1.41,4.47,0.88,1.36,4.3,0.17,12.24,True,True,True,True,False,True,False,False,False,True,True,True,False,True,False,False,2026-11-03,False,True,5,large gap,"EMA, near21",7,https://www.tradingview.com/chart/?symbol=NYSE:IT&interval=D,False,False,False
TGTX,"TG Therapeutics, Inc.",NASDAQ,Pharmaceuticals: Major,53.62,56.49,55.83,55.49,53.73,50.89,44.96,41.2,55.83,55.56,56.12,53.59,4.21,4.3,2.3,2104250.4,1966989.2,105469961.0,109156426.0,1.04,-0.36,8207562067.8379345,1.17,168,0.19,155,61.9,107,21.08,-0.05,-3.96,0.81,1.1,1.3,0.097,28.51,False,False,False,True,False,True,False,False,True,True,True,True,False,False,False,False,2026-11-09,False,False,5,thin RVOL,"near21, BB",5,https://www.tradingview.com/chart/?symbol=NASDAQ:TGTX&interval=D,False,False,False
CLF,Cleveland-Cliffs Inc.,NYSE,Steel,11.47,11.94,12.04,11.87,11.9,11.57,10.86,11.39,11.71,11.85,11.47,10.83,4.78,5.27,0.6,17286753.5,14414847.166666666,165338297.0,171099431.0,0.87,-1.45,6544094384.438693,1.41,165,18.86,91,41.78,148,20.68,-0.69,-4.72,0.61,1.06,106.0,0.176,10.28,False,False,False,True,False,True,False,False,False,True,True,False,False,False,False,False,2026-10-26,False,False,4,"LoD>60% ATR, thin RVOL",near21,3,https://www.tradingview.com/chart/?symbol=NYSE:CLF&interval=D,False,False,False
MMED,"MiniMed Group, Inc.",NASDAQ,Medical Specialties,19.6,20.47,21.56,21.21,20.26,17.09,,,20.4,20.78,19.64,19.25,4.34,4.59,0.9,3186395.9,2612275.8,51200606.0,55402451.0,1.28,0.21,5514458728.567026,-3.92,220,27.77,72,37.35,158,20.4,-0.72,-9.1,1.23,0.43,38.9,0.236,22.8,False,False,False,False,False,True,True,True,False,True,False,True,False,False,True,False,2026-12-30,False,False,4,"thin RVOL, below 200-MA","near21, ADR, RVOL",5,https://www.tradingview.com/chart/?symbol=NASDAQ:MMED&interval=D,False,False,False
CHYM,"Chime Financial, Inc.",NASDAQ,Packaged Software,26.84,27.59,30.27,31.13,29.56,24.25,23.16,23.49,27.81,29.15,27.24,26.17,4.64,4.84,1.3,7297716.7,7203821.333333333,193386584.0,224227343.0,0.59,1.24,10163116653.783594,-17.74,360,29.84,69,49.06,130,20.39,-1.89,-11.31,1.63,0.82,52.0,0.393,26.5,False,False,False,True,False,False,True,False,False,False,False,True,False,True,False,False,2026-11-11,False,False,6,,,4,https://www.tradingview.com/chart/?symbol=NASDAQ:CHYM&interval=D,False,False,False
KEEL,Keel Infrastructure Corp.,NASDAQ,Data Processing Services,3.44,3.81,3.66,3.53,3.62,4.38,3.77,3.44,3.65,3.64,3.55,3.37,6.78,7.84,0.27,28809884.4,32524148.033333335,111883069.0,114886132.0,0.82,0.28,2124451726.141643,13.16,80,-36.53,386,82.98,77,19.87,-0.65,-5.88,0.72,0.67,26.0,0.275,27.34,False,False,False,False,False,True,True,False,False,True,False,True,False,False,False,False,2026-11-16,False,False,4,"thin RVOL, below 200-MA",near21,4,https://www.tradingview.com/chart/?symbol=NASDAQ:KEEL&interval=D,False,False,False
SHOP,Shopify Inc.,NASDAQ,Miscellaneous Commercial Services,149.09,143.36,138.16,141.66,139.96,126.49,124.92,129.59,143.95,141.59,152.64,148.01,4.16,4.45,6.63,11829901.9,9074122.1,1352860864.0,1285446186.0,0.4,1.26,191825756703.30692,3.78,149,25.23,77,30.39,184,19.8,1.47,7.91,1.19,0.7,16.3,0.238,12.36,True,True,True,True,False,True,True,True,False,True,False,True,False,True,False,False,2026-10-22,False,False,6,,"EMA, near21, ADR",9,https://www.tradingview.com/chart/?symbol=NASDAQ:SHOP&interval=D,False,False,False
PRGO,Perrigo Company plc,NYSE,Pharmaceuticals: Major,14.02,14.48,14.22,14.28,13.27,11.96,11.61,12.28,14.48,14.23,14.87,14.02,4.63,4.59,0.64,3505201.2,2809937.933333333,39395330.0,40114674.0,0.76,-0.27,1945545007.5325203,-3.44,218,33.65,61,29.1,186,19.77,1.23,-1.41,0.32,1.32,0.0,0.167,20.51,False,False,False,True,True,True,False,False,False,True,True,True,False,False,False,False,2026-11-11,False,False,5,thin RVOL,near21,5,https://www.tradingview.com/chart/?symbol=NYSE:PRGO&interval=D,False,False,False
KSS,Kohl's Corporation,NYSE,Department Stores,18.92,17.83,17.7,17.78,18.3,17.11,16.05,16.92,18.03,17.88,19.2,18.06,4.66,5.01,0.95,4082793.7,4593436.9,86907826.0,81652934.0,1.09,-0.49,2145082175.7204769,8.61,112,-0.16,159,50.4,128,19.62,0.68,6.91,1.16,1.2,90.6,0.21,11.84,True,True,True,True,False,True,False,False,False,True,True,False,False,False,False,False,2026-11-12,False,False,4,"LoD>60% ATR, thin RVOL","EMA, near21",6,https://www.tradingview.com/chart/?symbol=NYSE:KSS&interval=D,False,False,False
GKOS,Glaukos Corporation,NYSE,Medical Specialties,163.17,159.25,166.02,171.18,171.76,153.69,141.12,134.77,161.34,165.0,168.73,162.08,4.1,4.17,6.81,978757.1,762396.4,124400221.0,130506253.0,0.76,-0.12,9624409031.067606,-9.33,269,18.61,93,48.62,133,19.3,-1.2,-1.72,0.27,0.98,16.0,0.215,22.67,False,False,False,True,True,True,True,False,False,True,False,True,False,False,False,False,2026-11-04,False,False,5,thin RVOL,near21,6,https://www.tradingview.com/chart/?symbol=NYSE:GKOS&interval=D,False,False,False
AI,"C3.ai, Inc.",NYSE,Packaged Software,11.11,10.73,10.69,10.55,10.17,9.89,9.54,10.28,10.75,10.63,11.28,10.64,4.43,4.56,0.51,4638790.4,5142024.566666666,57127893.0,54265499.0,1.34,-0.09,1747379223.977252,6.11,128,17.4,97,33.37,173,18.96,2.02,3.9,0.99,1.24,91.9,0.09,10.69,True,True,True,True,False,True,False,False,True,True,True,False,False,False,True,False,2026-12-09,False,False,4,"LoD>60% ATR, thin RVOL","EMA, near21, BB, RVOL",7,https://www.tradingview.com/chart/?symbol=NYSE:AI&interval=D,False,False,False
VIAV,Viavi Solutions Inc.,NASDAQ,Information Technology Services,44.78,39.17,37.55,37.42,38.19,42.91,41.6,36.64,40.12,38.72,45.4,41.27,5.2,5.68,2.54,6660894.8999999985,4908143.999999992,219786688.0,183652932.0,1.15,0.83,11049457001.12977,25.61,35,-3.49,179,33.31,174,18.48,3.04,19.25,2.75,1.62,138.1,0.331,14.01,True,True,True,True,False,False,False,False,False,False,True,False,False,True,False,False,2026-10-29,False,False,5,LoD>60% ATR,EMA,5,https://www.tradingview.com/chart/?symbol=NASDAQ:VIAV&interval=D,False,False,False
QCOM,QUALCOMM Incorporated,NASDAQ,Semiconductors,182.09,190.14,184.48,177.66,171.17,188.2,172.7,169.23,187.18,183.68,186.37,181.77,4.91,4.65,8.46,16451786.1,13309737.566666666,2423570114.0,2364639032.0,0.55,0.62,191237081456.6045,10.04,100,-0.04,157,45.4,139,18.47,1.37,-1.29,0.19,0.54,3.8,0.2,11.48,False,False,False,True,True,True,True,True,False,True,False,True,False,True,False,False,2026-11-11,False,False,6,,"near21, ADR",7,https://www.tradingview.com/chart/?symbol=NASDAQ:QCOM&interval=D,False,False,False
ASAN,"Asana, Inc.",NYSE,Packaged Software,8.93,9.0,9.11,9.34,9.05,8.09,7.59,8.43,8.91,9.07,9.28,8.65,6.76,6.99,0.62,8657237.1,7649227.433333334,68307601.0,71431036.0,0.76,3.8,2044703247.2348757,-11.23,298,23.34,82,42.99,145,18.37,-0.19,-1.97,0.23,1.01,44.9,0.24,16.98,False,False,False,True,True,True,False,False,False,True,True,True,False,False,False,False,2026-12-08,False,True,4,"thin RVOL, large gap",near21,5,https://www.tradingview.com/chart/?symbol=NYSE:ASAN&interval=D,False,False,False
CLSK,"CleanSpark, Inc.",NASDAQ,Data Processing Services,12.52,13.91,13.48,12.99,12.99,14.14,12.99,12.57,13.4,13.33,12.95,12.09,6.53,7.08,0.89,17810856.2,17738343.533333335,222084061.0,230409257.0,1.05,-0.31,3215349840.2391305,10.6,95,-8.28,198,52.31,125,18.21,-0.52,-7.13,0.86,0.97,48.5,0.227,12.53,False,False,False,False,False,True,True,False,False,True,False,True,False,False,False,False,2026-12-16,False,False,4,"thin RVOL, below 200-MA",near21,4,https://www.tradingview.com/chart/?symbol=NASDAQ:CLSK&interval=D,False,False,False
IBRX,"ImmunityBio, Inc.",NASDAQ,Pharmaceuticals: Major,9.28,8.8,8.46,8.3,7.94,7.87,7.89,7.16,8.82,8.53,9.4,9.07,6.45,5.98,0.56,13890553.8,10557851.2,97976859.0,87630165.0,0.84,-1.69,9835280460.949152,18.67,52,0.54,150,34.69,165,17.97,2.82,9.74,1.46,0.59,37.8,0.217,17.62,True,True,True,True,False,True,True,True,False,True,False,True,False,False,False,False,2026-11-05,False,False,5,thin RVOL,"EMA, near21, ADR",9,https://www.tradingview.com/chart/?symbol=NASDAQ:IBRX&interval=D,False,False,False
ORKA,"Oruka Therapeutics, Inc.",NASDAQ,Pharmaceuticals: Major,83.42,87.58,90.43,92.97,95.91,84.82,74.21,63.65,86.58,89.93,85.0,82.5,5.45,5.71,4.76,1271400.2,947347.1666666666,79027701.0,88075182.0,0.72,-0.53,5523212726.302317,-8.11,259,-8.17,197,70.14,92,17.96,-2.28,-7.75,1.27,0.52,19.3,0.207,38.67,False,False,False,True,False,True,True,True,False,True,False,True,False,False,False,False,2026-11-18,False,False,5,thin RVOL,"near21, ADR",6,https://www.tradingview.com/chart/?symbol=NASDAQ:ORKA&interval=D,False,False,False
RIOT,"Riot Platforms, Inc.",NASDAQ,Information Technology Services,19.61,22.68,21.97,21.25,21.0,22.85,20.64,19.31,21.62,21.63,20.25,18.76,6.86,7.66,1.5,17865434.1,16355392.866666667,320729254.0,347486677.0,1.13,0.0,7358827706.347892,6.61,122,-17.97,263,64.6,100,17.74,-0.87,-10.74,1.22,0.99,56.6,0.282,18.07,False,False,False,True,False,True,True,False,False,True,False,True,False,False,False,False,2026-11-10,False,False,5,thin RVOL,near21,5,https://www.tradingview.com/chart/?symbol=NASDAQ:RIOT&interval=D,False,False,False
VSAT,"ViaSat, Inc.",NASDAQ,Telecommunications Equipment,70.35,72.96,73.07,72.34,75.14,73.5,67.05,60.67,71.84,72.68,72.2,68.01,5.02,5.65,3.98,1724016.9,1608840.0333333334,113181896.0,116376248.0,0.73,-0.72,9691121108.753197,5.39,137,-15.28,243,63.07,103,17.73,-1.13,-3.73,0.57,1.05,58.8,0.125,20.57,False,False,False,True,False,True,False,False,False,True,True,True,False,False,False,False,2026-11-11,False,False,5,thin RVOL,near21,4,https://www.tradingview.com/chart/?symbol=NASDAQ:VSAT&interval=D,False,False,False
TSEM,Tower Semiconductor Ltd.,NASDAQ,Semiconductors,241.3,230.15,219.68,217.46,224.75,239.7,219.33,196.08,228.39,224.24,247.91,233.0,4.52,5.72,13.81,2460461.2,1721410.3666666667,415376321.0,374339333.0,0.83,3.9,27224658000.56809,18.24,53,-0.43,163,34.81,164,17.54,1.29,9.84,1.33,1.08,60.1,0.246,18.08,True,True,True,True,False,True,False,False,False,True,True,False,False,True,False,False,2026-11-16,False,True,4,"LoD>60% ATR, large gap","EMA, near21",6,https://www.tradingview.com/chart/?symbol=NASDAQ:TSEM&interval=D,False,False,False
HIVE,HIVE Digital Technologies Ltd,NASDAQ,Information Technology Services,2.92,3.22,3.12,3.05,2.96,3.32,2.96,2.9,3.09,3.08,2.98,2.82,5.76,6.57,0.19,12367829.199999994,15604174.033333331,45564188.0,47532915.0,0.64,1.02,800889811.0047848,8.96,110,-18.66,269,61.33,108,17.21,-0.19,-6.56,0.81,0.81,49.5,0.243,14.43,False,False,False,True,False,True,True,False,False,True,False,True,False,False,False,False,2026-11-16,False,False,5,thin RVOL,near21,5,https://www.tradingview.com/chart/?symbol=NASDAQ:HIVE&interval=D,False,False,False
INFQ,"Infleqtion, Inc.",NYSE,Computer Processing Hardware,13.36,13.87,13.46,13.39,12.49,12.9,12.56,13.23,13.71,13.48,13.71,13.24,6.14,6.47,0.86,8309734.2,8257047.733333333,110314158.0,110583888.0,0.51,-0.37,3010770119.067557,5.36,139,-2.41,175,47.95,135,16.97,1.08,-0.73,0.14,0.54,13.3,0.17,10.33,False,False,False,True,True,True,True,True,False,True,False,True,False,False,False,False,2026-12-02,False,False,5,thin RVOL,"near21, ADR",7,https://www.tradingview.com/chart/?symbol=NYSE:INFQ&interval=D,False,False,False
SHAZ,"SharonAI Holdings, Inc.",NASDAQ,Data Processing Services,49.85,56.1,55.66,56.18,57.31,63.96,52.98,,54.53,55.81,55.0,48.63,8.08,9.79,4.88,1423703.9,1487009.7666666666,74127437.0,83538970.0,1.66,0.37,1784804666.7307694,-5.12,235,-36.98,388,92.69,64,16.86,-1.33,-10.43,1.09,1.31,25.0,0.232,22.03,False,False,False,False,False,True,False,False,False,True,True,True,True,True,True,False,2026-11-04,False,False,5,below 200-MA,"near21, RVOL",3,https://www.tradingview.com/chart/?symbol=NASDAQ:SHAZ&interval=D,False,False,False
FLEX,Flex Ltd.,NASDAQ,Electronic Production Equipment,112.78,112.36,111.25,110.71,114.32,128.32,111.22,99.37,112.12,112.17,113.5,108.06,4.13,4.74,5.35,3518980.6000000006,3111532.0666666585,350918586.0,344483938.0,0.58,1.29,41661264354.938995,4.33,144,-26.01,327,71.24,91,16.52,-0.28,1.37,0.11,1.02,88.2,0.094,25.67,False,False,False,True,True,True,False,False,True,True,True,False,False,True,False,False,2026-11-04,False,False,5,LoD>60% ATR,"near21, BB",5,https://www.tradingview.com/chart/?symbol=NASDAQ:FLEX&interval=D,False,False,False
SYNA,Synaptics Incorporated,NASDAQ,Semiconductors,106.15,99.24,97.25,96.85,101.16,115.34,103.85,98.58,100.15,98.98,106.62,100.42,4.04,4.2,4.46,539148.1,685850.2,72802999.0,66423792.0,1.62,-0.27,4213349535.119089,11.4,88,-15.67,246,52.98,124,16.23,1.18,9.15,1.72,1.39,128.6,0.166,17.04,False,True,True,True,False,False,False,False,False,False,True,False,True,True,True,False,2026-11-05,False,False,5,LoD>60% ATR,"EMA, RVOL",4,https://www.tradingview.com/chart/?symbol=NASDAQ:SYNA&interval=D,False,False,False
WDC,Western Digital Corporation,NASDAQ,Computer Peripherals,462.56,455.87,450.76,452.33,469.02,513.21,453.99,398.81,454.33,454.88,463.55,440.05,4.78,5.65,26.13,7442921.1000000015,6351394.899999996,2937901225.0,2872941275.0,0.82,-0.59,166771806703.07373,4.4,143,-22.32,299,66.29,96,16.12,-0.24,2.62,0.3,0.9,86.1,0.168,24.73,False,False,False,True,True,True,True,False,False,True,False,False,False,True,False,False,2026-10-22,False,False,5,LoD>60% ATR,near21,5,https://www.tradingview.com/chart/?symbol=NASDAQ:WDC&interval=D,False,False,False
W,Wayfair Inc.,NYSE,Specialty Stores,101.37,101.46,101.07,101.14,100.05,89.49,84.38,88.24,101.18,101.05,102.46,98.62,4.72,4.71,4.77,2473160.9,2310184.5,234183403.0,233662841.0,0.71,-0.37,13884462019.818838,3.44,152,5.29,130,39.48,154,16.07,0.28,0.3,0.07,0.81,57.6,0.111,16.85,False,False,True,True,True,True,True,False,False,True,False,True,False,True,False,False,2026-10-29,False,False,6,,"EMA, near21",7,https://www.tradingview.com/chart/?symbol=NYSE:W&interval=D,False,False,False
FSLY,"Fastly, Inc.",NASDAQ,Information Technology Services,26.39,26.11,24.51,23.96,24.16,21.32,22.76,19.89,25.66,25.01,26.67,25.27,10.08,9.0,2.37,10909252.7,6916623.8,182529702.0,165703862.0,0.32,1.46,4203927092.5243473,16.77,61,43.38,44,-14.32,320,15.28,1.03,7.68,0.61,0.59,47.2,0.354,23.59,True,True,True,True,False,True,True,True,False,True,False,True,False,False,False,False,2026-11-04,False,False,5,thin RVOL,"EMA, near21, ADR",9,https://www.tradingview.com/chart/?symbol=NASDAQ:FSLY&interval=D,False,False,False
NAVN,"Navan, Inc.",NASDAQ,Packaged Software,21.5,20.55,22.16,24.38,25.62,23.9,20.22,18.56,21.02,22.35,21.92,21.1,4.54,5.72,1.23,4363489.4,4147801.1,89177724.0,101112330.0,0.66,1.95,5603663001.09576,-24.67,406,-8.94,201,78.72,82,15.04,-2.81,-2.99,0.66,0.67,32.9,0.468,32.87,False,False,False,True,True,True,True,False,False,True,False,True,False,False,False,False,2026-12-15,False,False,5,thin RVOL,near21,6,https://www.tradingview.com/chart/?symbol=NASDAQ:NAVN&interval=D,False,False,False
IOT,Samsara Inc.,NYSE,Packaged Software,40.04,38.63,39.3,39.47,38.9,36.12,34.3,33.63,38.88,39.07,40.44,38.03,4.78,5.05,2.02,5171725.6,6872078.066666666,275158006.0,271227177.0,0.89,2.26,23447633416.655647,-0.52,187,17.73,95,26.59,190,14.6,0.58,1.87,0.49,1.19,99.4,0.134,14.17,True,True,False,True,True,True,False,False,False,True,True,False,False,True,False,False,2026-11-26,False,True,4,"LoD>60% ATR, large gap",near21,6,https://www.tradingview.com/chart/?symbol=NYSE:IOT&interval=D,False,False,False
COHR,Coherent Corp.,NYSE,Semiconductors,319.19,301.8,294.59,290.75,296.55,330.16,315.61,288.23,298.12,296.61,323.23,286.42,5.59,6.7,21.37,6991936.4,6242604.4,1992576898.0,1815008097.0,1.75,0.76,62507693711.00938,18.0,55,-10.86,210,35.83,161,14.32,1.14,8.35,1.14,1.72,153.4,0.215,13.13,False,True,True,True,False,True,False,False,False,True,True,False,True,True,True,False,2026-11-11,False,False,5,LoD>60% ATR,"EMA, near21, RVOL",5,https://www.tradingview.com/chart/?symbol=NYSE:COHR&interval=D,False,False,False
BLSH,Bullish,NYSE,Packaged Software,34.79,37.79,36.45,34.99,30.58,29.7,32.6,33.48,36.39,35.55,36.34,34.5,7.06,6.69,2.33,1346570.7,1526070.1333333333,53091980.0,53404316.0,0.52,0.6,5229013457.232159,6.39,124,33.81,60,2.29,256,14.16,2.06,-4.56,0.32,0.79,12.5,0.25,23.24,False,False,False,True,False,True,True,True,False,True,False,True,False,False,False,False,2026-11-25,False,False,5,thin RVOL,"near21, ADR",6,https://www.tradingview.com/chart/?symbol=NYSE:BLSH&interval=D,False,False,False
SNAP,Snap Inc.,NYSE,Packaged Software,5.65,5.46,5.54,5.51,5.33,5.24,5.23,5.64,5.47,5.48,5.66,5.34,4.51,4.84,0.27,31259288.5,34681102.766666666,195948231.0,191115997.0,1.48,1.48,9555267599.296295,3.86,148,19.2,90,19.2,215,14.09,1.24,2.03,0.65,1.15,111.5,0.128,7.27,True,True,False,True,True,True,False,False,False,True,True,False,False,False,True,False,2026-10-15,False,False,4,"LoD>60% ATR, thin RVOL","near21, RVOL",6,https://www.tradingview.com/chart/?symbol=NYSE:SNAP&interval=D,False,False,False
TGB,Trekor Metals Limited,AMEX,Other Metals/Minerals,8.31,8.82,8.56,8.73,8.38,7.73,7.51,7.39,8.69,8.64,8.88,8.29,4.93,5.79,0.48,5952809.8,5529260.033333333,45948151.0,48255695.0,1.13,-0.56,3041653834.037184,-4.92,233,15.58,101,30.25,185,13.64,-0.14,-2.92,0.66,1.23,4.2,0.194,17.25,False,False,False,True,True,True,False,False,False,True,True,True,False,False,False,False,2026-11-04,False,False,5,thin RVOL,near21,5,https://www.tradingview.com/chart/?symbol=AMEX:TGB&interval=D,False,False,False
WK,Workiva Inc.,NYSE,Information Technology Services,69.63,69.73,71.94,73.39,69.49,59.75,59.22,63.87,69.49,70.76,70.43,66.98,4.34,4.51,3.14,1138076.8,943531.4333333333,65698094.0,69249861.0,0.8,2.91,3789020024.755746,-12.96,315,37.09,56,16.48,223,13.54,0.04,-3.21,0.35,1.1,84.3,0.177,18.27,False,False,False,True,False,True,False,False,False,True,True,False,False,False,False,False,2026-11-04,False,True,3,"LoD>60% ATR, thin RVOL, large gap",near21,3,https://www.tradingview.com/chart/?symbol=NYSE:WK&interval=D,False,False,False
KMX,CarMax Inc,NYSE,Specialty Stores,55.89,56.97,58.85,59.99,59.36,53.82,49.64,48.12,57.21,58.24,56.21,54.39,4.83,4.69,2.62,4925397.9,2728918.8333333335,152519274.0,163701473.0,0.76,0.29,7932718105.657594,-8.47,263,7.63,123,41.01,150,13.39,-1.25,-5.04,0.86,0.69,57.2,0.155,20.11,False,False,False,True,False,True,True,True,False,True,False,True,False,False,False,False,2026-12-17,False,False,5,thin RVOL,"near21, ADR",6,https://www.tradingview.com/chart/?symbol=NYSE:KMX&interval=D,False,False,False
AFRM,"Affirm Holdings, Inc.",NASDAQ,Finance/Rental/Leasing,70.43,70.14,70.75,72.4,73.31,73.25,66.75,66.76,70.11,71.12,70.48,67.15,4.33,4.87,3.43,4187801.5,5289111.2,372512102.0,382951926.0,0.97,0.22,23764579931.039577,-3.94,222,-16.71,252,60.76,110,13.37,-0.81,-0.45,0.2,0.97,95.6,0.104,9.32,False,False,False,True,True,True,True,False,False,True,False,False,False,True,False,False,2026-11-11,False,False,5,LoD>60% ATR,near21,5,https://www.tradingview.com/chart/?symbol=NASDAQ:AFRM&interval=D,False,False,False
WRBY,Warby Parker Inc.,NYSE,Specialty Stores,27.49,25.24,24.81,25.06,25.59,26.08,25.2,25.21,25.96,25.41,28.34,27.0,6.16,6.07,1.67,4427026.4,3044024.6666666665,83680238.0,76277170.0,0.96,-0.18,3397985313.301656,13.78,77,-7.0,194,33.25,175,13.34,1.22,10.81,1.35,0.81,29.4,0.25,4.62,True,True,True,True,False,True,True,False,False,True,False,True,False,False,False,True,2026-11-05,False,False,5,thin RVOL,"EMA, near21",9,https://www.tradingview.com/chart/?symbol=NYSE:WRBY&interval=D,False,False,False
SM,SM Energy Company,NYSE,Integrated Oil,35.06,34.45,36.3,36.51,34.75,32.51,31.16,28.28,34.75,35.39,35.15,33.53,4.16,4.3,1.51,4102463.2,3988095.1,139822614.0,145598705.0,0.57,-0.44,8339163215.10894,-8.1,258,33.51,62,12.95,228,12.79,0.21,-3.41,0.22,1.07,101.5,0.24,22.86,False,False,False,True,False,True,False,False,False,True,True,False,False,False,False,False,2026-10-29,False,False,4,"LoD>60% ATR, thin RVOL",near21,3,https://www.tradingview.com/chart/?symbol=NYSE:SM&interval=D,False,False,False
WTTR,"Select Water Solutions, Inc.",NYSE,Oil & Gas Production,20.03,19.96,20.18,19.96,19.97,19.48,18.06,16.51,19.93,20.01,20.07,19.27,4.3,4.4,0.88,2222639.0,1654342.7666666666,33136486.0,33021785.0,0.87,-1.16,2582726133.156645,1.52,163,5.03,133,31.78,179,12.78,0.07,-0.74,0.02,0.9,85.6,0.086,18.3,False,False,False,True,True,True,True,False,True,True,False,False,False,False,False,False,2026-11-03,False,False,4,"LoD>60% ATR, thin RVOL","near21, BB",6,https://www.tradingview.com/chart/?symbol=NYSE:WTTR&interval=D,False,False,False
RMBS,"Rambus, Inc.",NASDAQ,Semiconductors,107.29,102.23,93.49,91.76,93.35,111.67,109.69,107.8,101.54,97.12,108.62,105.53,4.71,4.81,5.17,3387412.9,2371907.8,254481988.0,217641516.0,0.33,0.14,11636845431.816973,26.28,30,-13.62,229,25.19,196,12.62,3.1,14.77,2.17,0.6,34.1,0.416,17.08,False,True,True,False,False,False,True,True,False,True,False,True,False,True,False,False,2026-11-02,False,False,5,below 200-MA,"EMA, ADR",6,https://www.tradingview.com/chart/?symbol=NASDAQ:RMBS&interval=D,False,False,False
ETSY,"Etsy, Inc.",NYSE,Internet Retail,72.84,71.49,72.8,76.09,78.54,74.97,68.91,65.58,71.61,73.44,73.57,71.37,4.05,4.3,3.13,3701602.0,3213634.033333333,234081103.0,244536126.0,0.74,1.02,6685382728.585816,-10.07,278,-0.84,165,48.65,132,12.58,-1.69,0.05,0.19,0.7,46.9,0.164,17.8,False,False,False,True,True,True,True,True,False,True,False,True,False,False,False,False,2026-11-04,False,False,5,thin RVOL,"near21, ADR",7,https://www.tradingview.com/chart/?symbol=NYSE:ETSY&interval=D,False,False,False
SEZL,Sezzle Inc.,NASDAQ,Packaged Software,109.72,110.52,114.63,116.7,127.81,134.92,114.44,102.88,110.72,114.73,111.65,106.25,4.55,5.26,5.77,586210.2,458804.8666666668,50337776.0,53543981.0,0.61,0.0,3694654246.7591166,-4.6,230,-37.64,390,79.6,80,12.45,-2.69,-4.28,0.83,0.94,60.1,0.176,29.21,False,False,False,True,False,True,True,False,False,True,False,False,False,False,False,False,2026-11-05,False,False,4,"LoD>60% ATR, thin RVOL",near21,4,https://www.tradingview.com/chart/?symbol=NASDAQ:SEZL&interval=D,False,False,False
FPS,"Forgent Power Solutions, Inc.",NYSE,Electrical Products,37.33,38.21,35.06,33.85,34.92,42.83,39.95,,37.15,36.06,37.99,35.51,6.0,6.26,2.34,9926654.1,9039646.9,337450019.0,306028206.0,0.66,1.47,11364330218.821583,23.73,40,-22.87,304,34.52,166,11.79,1.11,6.47,0.56,1.06,77.8,0.424,21.21,False,False,True,False,False,True,False,False,False,True,True,False,False,True,False,False,2026-12-02,False,False,4,"LoD>60% ATR, below 200-MA","EMA, near21",3,https://www.tradingview.com/chart/?symbol=NYSE:FPS&interval=D,False,False,False
BLLN,"BillionToOne, Inc.",NASDAQ,Medical/Nursing Services,105.76,114.04,107.71,103.5,108.04,107.17,97.58,95.15,112.02,109.14,108.58,103.51,6.79,6.62,7.0,774009.3,633256.9,66973250.0,65541561.0,0.76,-0.72,4990501072.5862465,16.82,60,-14.38,237,32.3,177,11.58,-0.32,-1.81,0.47,0.72,32.1,0.323,17.86,False,False,False,True,True,True,True,True,False,True,False,True,False,False,False,False,2026-12-15,False,False,5,thin RVOL,"near21, ADR",7,https://www.tradingview.com/chart/?symbol=NASDAQ:BLLN&interval=D,False,False,False
EAT,"Brinker International, Inc.",NYSE,Restaurants,194.33,201.8,208.49,218.32,218.96,188.68,174.15,169.6,201.84,208.19,197.88,192.28,4.59,4.63,9.0,1912322.5,1294682.8,251595709.0,282648675.0,0.52,0.65,8116194504.4576025,-14.25,329,12.15,111,36.35,160,11.42,-2.43,-6.79,1.44,0.62,22.8,0.196,25.4,False,False,False,True,False,True,True,True,False,True,False,True,False,False,False,False,2026-11-04,False,False,5,thin RVOL,"near21, ADR",6,https://www.tradingview.com/chart/?symbol=NYSE:EAT&interval=D,False,False,False
HBM,Hudbay Minerals Inc.,NYSE,Other Metals/Minerals,26.18,26.79,26.83,27.59,26.61,25.87,24.81,24.43,26.68,26.85,26.6,25.68,4.02,4.87,1.27,4860147.4,4104722.2666666764,107461629.0,113269811.0,0.87,-1.14,11627709700.90326,-5.14,236,12.02,113,27.21,189,11.36,-0.33,-2.42,0.51,0.72,39.2,0.141,9.18,False,False,False,True,True,True,True,False,False,True,False,True,False,True,False,False,2026-11-04,False,False,6,,near21,6,https://www.tradingview.com/chart/?symbol=NYSE:HBM&interval=D,False,False,False
IREN,IREN Limited,NASDAQ,Data Processing Services,40.65,44.44,44.07,42.57,41.37,46.48,45.41,45.54,42.94,43.11,40.98,39.33,6.02,6.62,2.69,34742706.7,39085507.96666667,1588825899.0,1663687675.0,1.03,-0.29,15997297640.812134,12.67,81,-4.41,183,25.66,193,11.3,-0.26,-7.76,0.86,0.61,49.0,0.213,12.57,False,False,False,False,False,True,True,True,False,True,False,True,False,True,False,False,2026-12-01,False,False,5,below 200-MA,"near21, ADR",5,https://www.tradingview.com/chart/?symbol=NASDAQ:IREN&interval=D,False,False,False
PAY,"Paymentus Holdings, Inc.",NYSE,Miscellaneous Commercial Services,30.81,31.43,33.83,35.08,36.03,30.24,28.84,28.63,31.59,33.23,31.28,30.1,4.77,5.04,1.55,1426136.8,1191745.6666666667,36717684.0,41805643.0,0.8,0.91,3880200436.5068536,-12.6,311,20.21,88,25.86,192,11.16,-2.88,-8.93,1.44,0.76,45.8,0.325,24.03,False,False,False,True,False,True,True,False,False,True,False,True,False,False,False,False,2026-11-09,False,False,5,thin RVOL,near21,5,https://www.tradingview.com/chart/?symbol=NYSE:PAY&interval=D,False,False,False
MARA,"MARA Holdings, Inc.",NASDAQ,Data Processing Services,11.21,12.56,12.05,11.73,11.28,12.28,11.49,10.97,12.02,11.92,11.39,10.91,7.06,7.4,0.83,42047786.1,48135944.9,539603942.0,564393954.0,0.66,-0.44,4330415307.34775,6.97,119,-17.75,261,44.05,142,11.09,-0.09,-7.01,0.8,0.58,36.2,0.264,14.2,False,False,False,True,False,True,True,True,False,True,False,True,False,False,False,False,2026-11-11,False,False,5,thin RVOL,"near21, ADR",6,https://www.tradingview.com/chart/?symbol=NASDAQ:MARA&interval=D,False,False,False
NVTS,Navitas Semiconductor Corporation,NASDAQ,Semiconductors,12.12,11.91,11.59,11.76,12.02,16.17,14.64,13.18,11.8,11.81,12.28,11.43,5.62,6.75,0.82,16508359.3,13109212.933333334,158883661.0,154138126.0,1.02,-0.52,3164452827.483204,9.14,109,-26.19,328,49.26,129,10.74,0.12,4.61,0.38,1.04,84.3,0.174,37.81,False,True,False,False,False,True,False,False,False,True,True,False,False,False,False,False,2026-11-09,False,False,3,"LoD>60% ATR, thin RVOL, below 200-MA",near21,3,https://www.tradingview.com/chart/?symbol=NASDAQ:NVTS&interval=D,False,False,False
COIN,"Coinbase Global, Inc.",NASDAQ,Investment Banks/Brokers,189.29,194.63,186.35,184.78,172.4,171.29,177.6,185.75,190.09,186.17,192.31,185.7,5.49,5.78,10.94,9141487.0,10260664.866666667,1942241253.0,1895975915.0,0.61,-0.21,49941705730.00001,4.32,145,14.59,104,12.92,229,10.61,1.7,1.58,0.29,0.6,32.8,0.232,12.33,False,False,False,True,True,True,True,True,False,True,False,True,False,True,False,False,2026-10-29,False,False,6,,"near21, ADR",7,https://www.tradingview.com/chart/?symbol=NASDAQ:COIN&interval=D,False,False,False
FIGS,"FIGS, Inc.",NYSE,Apparel/Footwear,14.08,13.26,13.44,13.97,13.27,12.28,13.23,12.76,13.54,13.53,14.26,13.7,4.73,4.79,0.67,2636460.5,2600054.3333333335,36608765.0,36317559.0,0.99,-0.07,2339254505.650794,-7.67,251,40.1,52,-1.19,261,10.41,1.27,4.79,0.85,0.82,56.4,0.207,8.23,True,True,True,True,False,True,True,False,False,True,False,True,False,False,False,False,2026-11-05,False,False,5,thin RVOL,"EMA, near21",8,https://www.tradingview.com/chart/?symbol=NYSE:FIGS&interval=D,False,False,False
PGY,Pagaya Technologies Ltd.,NASDAQ,Packaged Software,17.44,18.63,20.04,20.64,20.29,17.94,16.14,16.96,18.41,19.42,17.74,16.92,6.3,6.43,1.12,2887767.4999999953,2431197.3999999994,42400083.0,50176673.0,0.75,0.75,1454946712.2309473,-17.05,352,-6.84,192,54.47,120,10.19,-2.19,-12.98,1.59,0.73,46.4,0.375,23.81,False,False,False,True,False,False,True,True,False,True,False,True,False,False,False,False,2026-11-17,False,False,5,thin RVOL,ADR,5,https://www.tradingview.com/chart/?symbol=NASDAQ:PGY&interval=D,False,False,False
GDDY,GoDaddy Inc.,NYSE,Data Processing Services,96.98,97.51,98.25,98.37,96.47,91.19,89.14,93.55,96.96,97.47,98.12,94.7,5.24,5.02,4.87,3569168.5,2371879.033333333,230024829.0,233321741.0,0.36,2.08,12282294713.63564,-0.47,186,10.8,115,19.86,210,10.06,0.1,-1.29,0.1,0.7,46.8,0.144,9.39,False,False,False,True,True,True,True,True,False,True,False,True,False,True,False,False,2026-10-29,False,True,5,large gap,"near21, ADR",7,https://www.tradingview.com/chart/?symbol=NYSE:GDDY&interval=D,False,False,False
BTBT,"Bit Digital, Inc.",NASDAQ,Miscellaneous Commercial Services,1.62,1.73,1.65,1.6,1.52,1.68,1.64,1.73,1.67,1.64,1.67,1.58,6.45,7.35,0.12,25142249.7,29991911.666666668,48586897.0,47972063.0,0.57,1.23,584226291.8650308,17.39,57,-10.99,211,23.66,199,10.02,0.9,-1.91,0.16,0.76,33.6,0.275,13.05,False,False,False,False,True,True,True,False,False,True,False,True,False,False,False,False,2026-11-12,False,False,4,"thin RVOL, below 200-MA",near21,5,https://www.tradingview.com/chart/?symbol=NASDAQ:BTBT&interval=D,False,False,False
HIMS,"Hims & Hers Health, Inc.",NYSE,Medical/Nursing Services,29.3,29.14,28.53,29.2,29.37,29.77,27.58,27.58,29.07,29.03,29.88,28.64,5.64,5.84,1.71,10682232.4,10339967.766666668,302961056.0,301937399.0,0.74,-0.44,6836083240.621015,0.07,178,-22.15,294,51.73,126,9.89,-0.04,2.71,0.16,0.73,38.6,0.115,7.48,False,False,True,True,True,True,True,False,False,True,False,True,False,False,False,False,2026-11-09,False,False,5,thin RVOL,"EMA, near21",7,https://www.tradingview.com/chart/?symbol=NYSE:HIMS&interval=D,False,False,False
ON,ON Semiconductor Corporation,NASDAQ,Semiconductors,80.08,74.83,73.22,73.25,76.75,92.74,86.46,80.31,75.54,74.74,80.46,76.12,4.08,4.25,3.4,11304385.7,9854502.433333334,789148555.0,721848873.0,0.9,-0.4,31176082573.64485,10.26,97,-15.48,245,33.97,170,9.58,1.02,9.37,1.68,1.28,116.4,0.174,24.38,False,True,True,False,False,False,False,False,False,False,True,False,False,True,False,False,2026-11-02,False,False,4,"LoD>60% ATR, below 200-MA",EMA,3,https://www.tradingview.com/chart/?symbol=NASDAQ:ON&interval=D,False,False,False
POET,POET Technologies Inc.,NASDAQ,Electrical Products,7.64,7.79,7.73,7.75,7.88,9.73,8.93,8.34,7.67,7.75,7.8,7.39,4.59,6.06,0.46,7965470.9,7849992.266666634,59973941.0,60845290.0,0.98,1.07,1322163812.5026739,6.11,129,-21.24,287,43.07,143,9.32,-0.49,-1.14,0.24,0.89,54.0,0.165,26.19,False,False,False,False,True,True,True,False,False,True,False,True,False,False,False,False,2026-11-12,False,False,4,"thin RVOL, below 200-MA",near21,5,https://www.tradingview.com/chart/?symbol=NASDAQ:POET&interval=D,False,False,False
CRWV,"CoreWeave, Inc.",NASDAQ,Packaged Software,88.57,86.49,86.94,86.58,86.53,92.75,93.77,92.19,86.75,86.75,88.88,84.5,4.83,5.91,5.23,31034078.5,25960432.466666665,2299315504.0,2247654243.0,0.55,0.52,48849596925.31072,7.57,117,2.67,139,16.91,222,9.05,0.4,1.88,0.35,0.84,77.8,0.21,8.22,False,True,False,False,True,True,True,False,False,True,False,False,False,True,False,False,2026-11-16,False,False,4,"LoD>60% ATR, below 200-MA",near21,5,https://www.tradingview.com/chart/?symbol=NASDAQ:CRWV&interval=D,False,False,False
HRI,Herc Holdings Inc.,NYSE,Finance/Rental/Leasing,131.86,134.14,137.81,142.91,151.19,146.45,135.67,141.42,133.36,138.39,132.44,120.39,5.71,6.0,7.91,1167995.8,754792.7,99526965.0,107866167.0,0.78,0.16,4408270587.050641,-11.98,304,-6.6,190,44.69,141,8.7,-2.13,-4.32,0.79,1.52,145.0,0.163,12.93,False,False,False,False,False,True,False,False,False,True,True,False,False,False,False,False,2026-10-15,False,False,3,"LoD>60% ATR, thin RVOL, below 200-MA",near21,2,https://www.tradingview.com/chart/?symbol=NYSE:HRI&interval=D,False,False,False
BULL,Webull Corporation,NASDAQ,Packaged Software,7.03,7.49,8.26,8.52,8.14,7.49,6.96,7.08,7.45,7.89,7.15,6.86,5.65,6.15,0.43,11323726.5,16448297.2,115631529.0,140188837.0,0.64,0.43,3724243623.070302,-24.49,404,-3.7,180,54.17,121,8.66,-2.22,-14.92,1.78,0.67,39.3,0.485,18.56,False,False,False,False,False,False,True,True,False,True,False,True,False,False,False,False,2026-11-19,False,False,4,"thin RVOL, below 200-MA",ADR,4,https://www.tradingview.com/chart/?symbol=NASDAQ:BULL&interval=D,False,False,False
AMBA,"Ambarella, Inc.",NASDAQ,Semiconductors,70.3,68.94,67.09,68.15,72.14,73.06,68.08,68.14,68.95,68.83,70.95,68.47,5.08,5.72,4.02,1416365.8,1674138.4666666666,117691934.0,114089746.0,0.38,0.0,3103110437.06517,3.5,151,-20.2,280,41.82,147,8.37,-0.45,4.79,0.37,0.62,45.5,0.163,8.5,False,False,True,True,False,True,True,True,False,True,False,True,False,False,False,False,2026-12-01,False,False,5,thin RVOL,"EMA, near21, ADR",7,https://www.tradingview.com/chart/?symbol=NASDAQ:AMBA&interval=D,False,False,False
SHLS,"Shoals Technologies Group, Inc.",NASDAQ,Semiconductors,8.13,7.76,7.46,7.32,7.87,9.09,8.35,8.58,7.74,7.62,8.26,7.78,5.3,5.74,0.47,4151486.8,4625057.433333334,37601717.0,33860816.0,0.91,-0.25,1368278716.9555557,21.52,44,-18.62,267,21.34,204,8.08,0.59,8.93,1.16,1.04,75.1,0.209,20.06,False,True,True,False,False,True,False,False,False,True,True,False,False,False,False,False,2026-11-10,False,False,3,"LoD>60% ATR, thin RVOL, below 200-MA","EMA, near21",4,https://www.tradingview.com/chart/?symbol=NASDAQ:SHLS&interval=D,False,False,False
QUBT,Quantum Computing Inc.,NASDAQ,Information Technology Services,8.39,8.78,8.41,8.37,8.42,9.19,8.81,9.2,8.58,8.52,8.57,8.32,4.57,4.86,0.41,7894778.8,7026022.066666666,58948325.0,58789069.0,0.54,0.77,1899050135.5420122,4.93,140,-12.1,220,31.09,183,7.97,-0.07,-0.2,0.31,0.61,17.2,0.212,9.42,False,False,False,False,True,True,True,True,False,True,False,True,False,False,False,False,2026-11-18,False,False,4,"thin RVOL, below 200-MA","near21, ADR",6,https://www.tradingview.com/chart/?symbol=NASDAQ:QUBT&interval=D,False,False,False
FDS,FactSet Research Systems Inc.,NYSE,Financial Publishing/Services,277.61,274.33,277.92,286.45,282.17,260.05,246.45,249.22,273.46,277.59,285.48,273.46,4.04,4.38,12.17,905979.8,921893.0,255926716.0,264080552.0,1.63,2.62,9873351152.353844,-10.73,293,11.04,114,23.35,200,7.89,-0.37,-0.11,0.0,0.99,34.1,0.18,12.87,False,False,False,True,True,True,True,False,False,True,False,True,True,True,True,False,2026-12-17,False,True,5,large gap,"near21, RVOL",6,https://www.tradingview.com/chart/?symbol=NYSE:FDS&interval=D,False,False,False
GLXY,Galaxy Digital Inc.,NASDAQ,Investment Banks/Brokers,23.02,24.52,24.49,24.32,23.03,25.75,24.86,24.88,23.82,23.99,23.59,22.07,6.36,7.13,1.64,5091790.5,5251364.433333334,120886409.0,127728937.0,1.19,0.79,8998266690.234829,-2.37,206,-12.7,225,37.6,157,7.51,-0.01,-5.99,0.57,0.93,57.9,0.259,11.84,False,False,False,False,False,True,True,False,False,True,False,True,False,False,False,False,2026-10-27,False,False,4,"thin RVOL, below 200-MA",near21,4,https://www.tradingview.com/chart/?symbol=NASDAQ:GLXY&interval=D,False,False,False
CCC,CCC Intelligent Solutions Holdings Inc.,NASDAQ,Packaged Software,6.62,6.65,6.76,6.98,6.8,5.9,5.81,6.15,6.68,6.75,6.87,6.49,4.4,4.68,0.31,12819505.5,10858812.266666668,71885337.0,75758314.0,0.64,1.5,3899144757.942943,-10.18,280,20.36,86,11.64,234,7.27,-0.56,-2.04,0.42,1.23,42.0,0.157,14.87,False,False,False,True,True,True,False,False,False,True,True,True,False,False,False,False,2026-10-29,False,False,5,thin RVOL,near21,5,https://www.tradingview.com/chart/?symbol=NASDAQ:CCC&interval=D,False,False,False
MDB,"MongoDB, Inc.",NASDAQ,Packaged Software,351.73,385.1,379.22,393.31,388.5,361.72,328.01,343.16,371.98,382.32,355.65,342.0,6.7,7.72,27.16,4451638.5,2802487.533333333,985718940.0,1102258516.0,0.6,1.11,28334081360.847736,-20.64,381,-1.88,173,43.04,144,6.84,-1.23,-7.25,1.04,0.5,35.8,0.293,17.2,False,False,False,True,False,True,True,True,False,True,False,True,False,True,False,False,2026-12-07,False,False,6,,"near21, ADR",6,https://www.tradingview.com/chart/?symbol=NASDAQ:MDB&interval=D,False,False,False
NCNO,"nCino, Inc.",NASDAQ,Packaged Software,19.35,19.38,20.71,21.09,20.26,18.16,17.67,18.74,19.4,20.1,19.57,18.45,4.6,4.87,0.94,2301640.5,2650893.3333333335,51294786.0,55908224.0,0.88,1.88,2045994902.2007723,-12.64,312,12.37,110,20.79,207,6.84,-0.93,-6.59,0.77,1.18,95.0,0.304,15.74,False,False,False,True,False,True,False,False,False,True,True,False,False,False,False,False,2026-12-02,False,False,4,"LoD>60% ATR, thin RVOL",near21,3,https://www.tradingview.com/chart/?symbol=NASDAQ:NCNO&interval=D,False,False,False
ARXS,"Arxis, Inc.",NASDAQ,Aerospace & Defense,47.52,50.14,50.82,51.46,52.2,46.73,,,49.65,50.57,49.29,47.21,5.17,5.04,2.39,1539167.3,897190.7,42634502.0,46173321.0,1.32,-0.2,20472867347.17149,-7.28,249,2.19,141,25.05,197,6.66,-1.78,-6.49,1.2,0.87,13.0,0.132,11.51,False,False,False,False,False,True,True,False,False,True,False,True,False,True,True,False,2026-12-02,False,False,5,below 200-MA,"near21, RVOL",4,https://www.tradingview.com/chart/?symbol=NASDAQ:ARXS&interval=D,False,False,False
RXO,"RXO, Inc.",NYSE,Packaged Software,21.36,20.2,20.0,20.49,21.28,23.59,21.13,19.52,20.36,20.43,21.49,20.2,4.71,5.03,1.07,1921300.0,1676891.1666666667,35818395.0,34351116.0,0.98,0.0,3522822026.346041,-1.61,195,-23.61,310,45.11,140,6.63,0.07,6.82,0.91,1.2,107.9,0.101,19.04,False,True,False,True,False,True,False,False,False,True,True,False,False,False,False,False,2026-11-05,False,False,4,"LoD>60% ATR, thin RVOL",near21,4,https://www.tradingview.com/chart/?symbol=NYSE:RXO&interval=D,False,False,False
TTMI,"TTM Technologies, Inc.",NASDAQ,Electronic Components,126.5,124.78,122.28,120.16,123.32,148.29,137.34,124.94,124.01,123.18,127.31,119.77,5.37,6.11,7.73,2080225.8,1990585.2,251809028.0,239192035.0,0.87,-1.12,13326631572.232174,8.42,113,-29.03,350,40.2,153,6.53,0.42,3.45,0.44,0.98,87.1,0.177,20.56,False,True,True,True,False,True,True,False,False,True,False,False,False,True,False,False,2026-11-04,False,False,5,LoD>60% ATR,"EMA, near21",6,https://www.tradingview.com/chart/?symbol=NASDAQ:TTMI&interval=D,False,False,False
JHX,James Hardie Industries plc.,NYSE,Construction Materials,25.2,25.99,27.17,28.03,28.26,25.94,24.16,23.88,25.97,26.86,25.35,24.5,4.11,3.93,0.99,17588901.0,11399840.1,287275971.0,319590717.0,0.36,-2.13,14629167244.930857,-13.96,326,-1.77,170,34.4,168,6.22,-2.75,-7.26,1.57,0.85,70.1,0.237,17.38,False,False,False,True,False,False,True,False,False,False,False,False,False,True,False,False,2026-11-09,False,True,4,"LoD>60% ATR, large gap",,3,https://www.tradingview.com/chart/?symbol=NYSE:JHX&interval=D,False,False,False
AUGO,Aura Minerals Inc.,NASDAQ,Other Metals/Minerals,78.85,83.68,85.01,85.41,77.79,71.48,76.0,72.59,82.06,83.0,79.83,77.32,4.8,5.48,4.32,1041944.7000000014,1044441.9999999986,82354252.0,89202484.0,0.55,-0.42,6606780838.213649,-2.65,209,23.49,81,-2.65,267,6.06,0.25,-7.25,0.91,0.58,35.4,0.179,17.16,False,False,False,True,False,True,True,True,False,True,False,True,False,False,False,False,2026-11-05,False,False,5,thin RVOL,"near21, ADR",6,https://www.tradingview.com/chart/?symbol=NASDAQ:AUGO&interval=D,False,False,False
WAY,Waystar Holding Corp.,NASDAQ,Packaged Software,25.35,25.26,25.15,25.19,24.56,22.4,22.96,24.41,25.27,25.16,26.55,24.98,4.38,4.4,1.11,1806257.6,2194619.8,55633612.0,55288325.0,1.08,2.09,4860822688.295186,-2.12,201,12.72,109,6.65,245,5.75,0.73,0.79,0.17,1.41,33.2,0.154,11.3,True,True,True,True,True,True,False,False,False,True,True,True,False,False,False,False,2026-11-11,False,True,4,"thin RVOL, large gap","EMA, near21",8,https://www.tradingview.com/chart/?symbol=NASDAQ:WAY&interval=D,False,False,False
VCYT,"Veracyte, Inc.",NASDAQ,Medical Specialties,44.19,44.4,43.04,43.16,45.19,48.16,43.28,42.5,44.51,43.97,47.14,44.18,5.81,5.54,2.45,1764509.4,1422606.2333333334,62864969.0,61400871.0,0.81,-0.83,3552466509.199392,2.84,156,-26.25,330,40.37,152,5.65,-0.4,2.67,0.09,1.21,0.4,0.23,12.8,False,False,False,True,True,True,False,False,False,True,True,True,False,False,False,False,2026-11-10,False,False,5,thin RVOL,near21,5,https://www.tradingview.com/chart/?symbol=NASDAQ:VCYT&interval=D,False,False,False
AUR,"Aurora Innovation, Inc.",NASDAQ,Packaged Software,5.52,5.94,6.18,6.06,6.26,6.47,5.91,5.53,5.82,6.01,5.63,5.4,6.59,6.53,0.36,38652100.1,32796516.2,181036769.0,198593838.0,0.55,0.72,11062886495.913359,0.0,180,-21.81,291,38.35,155,5.51,-1.82,-10.69,1.26,0.64,33.3,0.256,16.99,False,False,False,False,False,True,True,True,False,True,False,True,False,True,False,False,2026-11-04,False,False,5,below 200-MA,"near21, ADR",5,https://www.tradingview.com/chart/?symbol=NASDAQ:AUR&interval=D,False,False,False
WIX,Wix.com Ltd.,NASDAQ,Packaged Software,73.35,75.62,76.94,79.76,73.42,62.31,68.45,73.06,74.71,76.17,74.32,71.85,6.7,6.7,4.91,1158386.3,1293634.5666666667,94888095.0,103180724.0,0.7,1.5,3069661455.4866214,-15.14,336,49.69,35,-18.5,336,5.35,-0.01,-4.67,0.55,0.5,30.5,0.212,19.96,False,False,False,True,False,True,True,True,False,True,False,True,False,False,False,False,2026-11-05,False,False,5,thin RVOL,"near21, ADR",6,https://www.tradingview.com/chart/?symbol=NASDAQ:WIX&interval=D,False,False,False
EPAM,"EPAM Systems, Inc.",NYSE,Information Technology Services,114.35,110.13,114.1,113.69,108.46,99.88,109.75,131.06,110.95,111.64,121.9,114.22,4.06,4.65,5.32,1101021.5,1128658.4333333333,129062092.0,128313039.0,1.48,8.35,5898971071.401809,-2.08,200,32.66,64,-14.87,321,5.24,1.17,0.22,0.52,1.44,2.5,0.173,27.26,False,True,False,False,True,True,False,False,False,True,True,True,False,False,True,False,2026-10-29,False,True,3,"thin RVOL, below 200-MA, large gap","near21, RVOL",5,https://www.tradingview.com/chart/?symbol=NYSE:EPAM&interval=D,False,False,False
GRML,Greenland Mines Ltd,NASDAQ,Miscellaneous Commercial Services,9.11,10.91,7.31,7.08,8.19,11.48,14.68,14.91,10.04,8.77,10.19,8.89,26.49,26.71,2.43,46820518.6,16166907.622666666,147280528.0,114491345.0,0.08,-5.46,80415173.51506591,90.19,4,-27.12,336,-48.08,416,5.0,0.42,24.62,0.14,0.53,9.0,2.372,83.41,False,False,False,False,False,True,True,True,False,True,False,True,False,False,False,False,,False,True,3,"thin RVOL, below 200-MA, large gap","near21, ADR",5,https://www.tradingview.com/chart/?symbol=NASDAQ:GRML&interval=D,True,False,False
CRCL,"Circle Internet Group, Inc.",NYSE,Packaged Software,82.91,88.92,90.69,90.34,81.02,83.32,90.49,86.02,86.86,87.63,84.7,81.3,6.5,7.2,5.97,12943400.3,15321167.333333334,1270277984.0,1384078508.0,0.69,-0.43,21151410208.046124,-10.0,277,29.93,68,-5.19,275,4.91,0.32,-8.58,0.75,0.57,27.0,0.273,11.66,False,False,False,False,False,True,True,True,False,True,False,True,False,True,False,False,2026-11-18,False,False,5,below 200-MA,"near21, ADR",5,https://www.tradingview.com/chart/?symbol=NYSE:CRCL&interval=D,False,False,False
EGO,Eldorado Gold Corporation,NYSE,Precious Metals,37.61,41.18,41.9,43.07,40.13,35.82,35.63,36.98,40.32,41.2,38.43,37.38,4.04,5.04,1.9,3845387.4,3272990.2666666666,123097164.0,140968782.0,1.04,-0.23,9828239599.678831,-12.53,309,15.23,103,11.97,231,4.89,-1.24,-10.23,1.73,0.55,11.9,0.194,16.66,False,False,False,True,False,False,True,True,False,True,False,True,False,False,False,False,2026-10-28,False,False,5,thin RVOL,ADR,5,https://www.tradingview.com/chart/?symbol=NYSE:EGO&interval=D,False,False,False
ICHR,Ichor Holdings,NASDAQ,Industrial Machinery,62.48,58.47,56.5,56.44,62.52,72.98,66.97,57.93,58.94,58.36,63.72,60.65,4.01,5.36,3.35,777226.4,674358.9666666667,42133948.0,38059247.0,0.84,0.1,2340140392.6142898,18.9,48,-44.81,405,40.53,151,4.87,-0.01,10.59,1.32,0.92,54.6,0.228,26.38,False,False,True,True,False,True,True,False,False,True,False,True,False,False,False,False,2026-11-09,False,False,5,thin RVOL,"EMA, near21",6,https://www.tradingview.com/chart/?symbol=NASDAQ:ICHR&interval=D,False,False,False
MAT,"Mattel, Inc.",NASDAQ,Recreational Products,15.04,13.33,13.59,14.02,14.33,14.3,14.57,15.91,13.55,13.69,17.23,12.4,4.68,4.89,0.74,8693694.7,5274331.7,79325949.0,73941735.0,6.46,-0.47,4296928131.867298,0.67,170,8.67,120,4.81,251,4.72,1.01,10.67,2.01,6.57,358.9,0.17,17.17,False,True,False,False,False,False,False,False,False,False,True,False,True,True,True,False,2026-10-27,False,False,4,"LoD>60% ATR, below 200-MA",RVOL,2,https://www.tradingview.com/chart/?symbol=NASDAQ:MAT&interval=D,False,False,False
AAOI,"Applied Optoelectronics, Inc.",NASDAQ,Semiconductors,107.32,102.84,102.41,105.68,111.08,133.91,131.06,108.36,102.22,104.26,108.28,97.77,6.11,7.72,8.29,7578748.3,7227072.566666666,775609428.0,763773892.0,1.55,0.41,9112143040.205118,2.75,157,-21.0,286,31.52,181,4.42,-0.44,4.79,0.38,1.27,115.2,0.18,29.35,False,False,False,False,False,True,False,False,False,True,True,False,True,True,True,False,2026-11-05,False,False,4,"LoD>60% ATR, below 200-MA","near21, RVOL",2,https://www.tradingview.com/chart/?symbol=NASDAQ:AAOI&interval=D,False,False,False
ARQT,"Arcutis Biotherapeutics, Inc.",NASDAQ,Pharmaceuticals: Major,25.29,26.45,25.4,25.11,25.74,25.06,24.52,25.23,26.16,25.8,26.44,25.22,6.0,5.02,1.27,4034279.1,2943391.9,74438381.0,73913967.0,0.3,-1.25,3178749786.2860384,6.31,126,-2.2,174,8.08,243,4.06,-0.35,-0.42,0.4,0.96,5.5,0.218,7.63,False,False,False,True,True,True,True,False,False,True,False,True,False,False,False,False,2026-10-29,False,False,5,thin RVOL,near21,6,https://www.tradingview.com/chart/?symbol=NASDAQ:ARQT&interval=D,False,False,False
RELY,"Remitly Global, Inc.",NASDAQ,Miscellaneous Commercial Services,21.48,21.37,22.38,23.64,23.86,22.82,21.29,19.48,21.62,22.37,21.65,21.0,4.09,4.6,0.99,4376207.1,3991022.8333333335,85727170.0,94361748.0,0.46,-0.28,4546973459.426429,-18.17,364,-6.32,189,36.47,159,3.99,-2.17,-4.01,0.87,0.66,48.5,0.303,20.4,False,False,False,True,False,True,True,True,False,True,False,True,False,False,False,False,2026-11-04,False,False,5,thin RVOL,"near21, ADR",6,https://www.tradingview.com/chart/?symbol=NASDAQ:RELY&interval=D,False,False,False
RDW,Redwire Corporation,NYSE,Aerospace & Defense,10.57,11.15,10.97,11.03,11.06,12.57,11.54,11.03,10.97,11.05,10.95,10.38,6.65,7.02,0.74,14879991.1,12302579.666666666,130038267.0,135648243.0,0.84,2.2,2642421831.6101537,1.44,164,-11.33,215,21.77,202,3.96,-0.63,-3.66,0.62,0.78,26.3,0.163,15.17,False,False,False,False,False,True,True,False,False,True,False,True,False,False,False,False,2026-11-11,False,True,3,"thin RVOL, below 200-MA, large gap",near21,4,https://www.tradingview.com/chart/?symbol=NYSE:RDW&interval=D,False,False,False
PATH,"UiPath, Inc.",NYSE,Packaged Software,13.32,12.9,13.69,14.92,14.53,12.8,12.19,12.69,13.06,13.71,13.44,12.94,4.6,5.73,0.76,44845503.4,56722053.4,755537751.0,846047241.0,0.92,1.79,6941793888.728972,-27.57,417,17.25,98,21.53,203,3.74,-1.46,-2.73,0.49,0.66,49.8,0.373,17.57,False,False,False,True,True,True,True,False,False,True,False,True,False,False,False,False,2026-12-09,False,False,5,thin RVOL,near21,6,https://www.tradingview.com/chart/?symbol=NYSE:PATH&interval=D,False,False,False
VOYG,"Voyager Technologies, Inc.",NYSE,Information Technology Services,29.91,32.9,33.55,34.03,34.26,35.39,32.77,31.86,32.11,33.26,31.33,29.81,7.66,8.38,2.51,4086014.4,2107763.3666666667,63043202.0,71716649.0,0.49,1.36,1825379141.0945456,-9.36,270,-11.51,217,31.76,180,3.63,-1.52,-10.84,1.2,0.61,4.0,0.271,11.8,False,False,False,False,False,True,True,True,False,True,False,True,False,False,False,False,2026-11-09,False,False,4,"thin RVOL, below 200-MA","near21, ADR",5,https://www.tradingview.com/chart/?symbol=NYSE:VOYG&interval=D,False,False,False
UCTT,"Ultra Clean Holdings, Inc.",NASDAQ,Industrial Machinery,78.64,77.0,73.55,72.76,77.65,88.28,81.47,71.53,77.07,75.63,81.87,77.76,4.26,5.65,4.44,940447.2,846644.5333333333,66580126.0,61600727.0,1.35,0.7,3560585306.6340985,17.76,56,-39.62,394,32.08,178,3.41,0.23,6.93,0.71,0.92,19.8,0.263,21.31,False,True,True,True,False,True,True,False,False,True,False,True,False,False,True,False,2026-10-28,False,False,5,thin RVOL,"EMA, near21, RVOL",7,https://www.tradingview.com/chart/?symbol=NASDAQ:UCTT&interval=D,False,False,False
LAD,"Lithia Motors, Inc.",NYSE,Specialty Stores,306.07,306.8,333.07,345.47,356.4,327.41,307.72,312.22,309.9,326.15,308.57,287.57,4.52,4.53,13.87,381423.1,267260.1,81800299.0,92329634.0,1.03,0.12,6728372050.578659,-16.5,347,3.58,137,22.03,201,3.03,-3.12,-8.11,1.36,1.51,133.3,0.36,16.21,False,False,False,False,False,True,False,False,False,True,True,False,False,False,False,False,2026-10-21,False,False,3,"LoD>60% ATR, thin RVOL, below 200-MA",near21,2,https://www.tradingview.com/chart/?symbol=NYSE:LAD&interval=D,False,False,False
CNXC,Concentrix Corporation,NASDAQ,Information Technology Services,27.01,27.49,28.32,28.34,26.93,25.96,26.88,29.86,27.08,27.61,28.24,25.96,8.01,8.49,2.29,3086287.3,1886433.2,50952561.0,53453342.0,0.72,4.09,1646205580.6785572,-9.82,273,13.65,105,5.1,248,2.98,0.03,-4.63,0.26,0.99,45.8,0.293,14.44,False,False,False,False,False,True,True,False,False,True,False,True,False,False,False,False,2027-01-19,False,True,3,"thin RVOL, below 200-MA, large gap",near21,4,https://www.tradingview.com/chart/?symbol=NASDAQ:CNXC&interval=D,False,False,False
RGTI,"Rigetti Computing, Inc.",NASDAQ,Computer Processing Hardware,15.62,16.1,15.7,15.83,16.13,17.9,17.43,18.37,15.9,15.92,15.98,15.51,5.49,5.87,0.92,16664013.5,16625234.366666667,259686161.0,263122043.0,0.74,0.13,5213467608.050825,4.01,146,-16.6,251,21.18,205,2.86,-0.54,-0.52,0.32,0.52,12.0,0.137,17.07,False,False,False,False,True,True,True,True,False,True,False,True,False,False,False,False,2026-11-16,False,False,4,"thin RVOL, below 200-MA","near21, ADR",6,https://www.tradingview.com/chart/?symbol=NASDAQ:RGTI&interval=D,False,False,False
FIVE,"Five Below, Inc.",NASDAQ,Discount Stores,221.17,226.57,235.25,239.83,234.24,217.06,220.22,214.56,226.52,231.65,222.76,216.44,4.16,4.27,9.45,1150569.9,1245821.3,275538297.0,298789060.0,0.61,0.2,12176301368.235779,-8.74,267,19.34,89,-3.5,269,2.37,-1.31,-5.99,1.06,0.67,50.0,0.179,9.36,False,False,False,True,False,True,True,True,False,True,False,True,False,True,False,False,2026-12-02,False,False,6,,"near21, ADR",6,https://www.tradingview.com/chart/?symbol=NASDAQ:FIVE&interval=D,False,False,False
BHVN,Biohaven Ltd.,NYSE,Pharmaceuticals: Major,13.14,13.56,13.66,14.13,14.14,13.39,12.18,12.03,13.41,13.68,13.62,13.04,6.37,7.22,0.95,2602633.0,3446148.0,45282385.0,48687179.0,0.5,-0.3,1984715292.8224723,-14.62,331,-17.31,257,37.74,156,1.94,-0.97,-3.82,0.55,0.62,11.1,0.308,16.0,False,False,False,True,False,True,True,True,False,True,False,True,False,False,False,False,2026-11-17,False,False,5,thin RVOL,"near21, ADR",6,https://www.tradingview.com/chart/?symbol=NYSE:BHVN&interval=D,False,False,False
CECO,CECO Environmental Corp.,NASDAQ,Industrial Machinery,71.87,72.04,72.92,72.32,72.34,78.86,73.69,71.95,71.84,72.33,72.63,68.24,4.7,5.23,3.76,646780.4,674762.6333333333,48495190.0,48796922.0,0.69,-0.2,4209413504.385842,1.9,161,-15.99,248,19.68,213,1.86,-0.12,-1.44,0.12,1.17,96.6,0.171,9.62,False,False,False,False,True,True,False,False,False,True,True,False,False,False,False,False,2026-11-09,False,False,3,"LoD>60% ATR, thin RVOL, below 200-MA",near21,3,https://www.tradingview.com/chart/?symbol=NASDAQ:CECO&interval=D,False,False,False
MNDY,monday.com Ltd.,NASDAQ,Packaged Software,80.31,82.8,86.39,89.4,88.54,83.38,79.12,88.94,82.5,85.49,83.54,79.69,5.84,6.49,5.21,1221521.7,1186064.9666666666,95252877.0,106037766.0,0.93,3.71,3395034257.6386695,-18.62,366,6.29,127,17.93,220,1.86,-1.43,-7.03,0.93,0.74,11.8,0.27,12.23,False,False,False,False,False,True,True,False,False,True,False,True,False,False,False,False,2026-11-16,False,True,3,"thin RVOL, below 200-MA, large gap",near21,4,https://www.tradingview.com/chart/?symbol=NASDAQ:MNDY&interval=D,False,False,False
KOS,Kosmos Energy Ltd.,NYSE,Integrated Oil,2.58,2.63,2.77,2.8,2.7,2.65,2.67,2.34,2.65,2.71,2.63,2.48,5.74,6.12,0.16,14222344.0,12810293.5,33050557.0,35877362.0,1.0,0.39,1536358010.031496,-11.95,303,29.0,70,-11.95,310,1.7,-0.72,-6.69,0.76,0.91,60.2,0.229,16.6,False,False,False,True,False,True,True,False,False,True,False,False,False,False,False,False,2026-11-09,False,False,4,"LoD>60% ATR, thin RVOL",near21,4,https://www.tradingview.com/chart/?symbol=NYSE:KOS&interval=D,False,False,False
ATRO,Astronics Corporation,NASDAQ,Aerospace & Defense,68.38,68.25,70.06,71.86,74.02,73.4,68.98,66.08,68.49,70.14,69.51,66.95,4.33,4.62,3.16,637820.4999999997,611355.1333333331,41804464.0,43931470.0,0.46,0.07,2943759381.353901,-6.65,247,-9.76,203,21.13,206,1.58,-1.65,-2.39,0.54,0.81,45.3,0.202,11.61,False,False,False,True,True,True,True,False,False,True,False,True,False,False,False,False,2026-11-11,False,False,5,thin RVOL,near21,6,https://www.tradingview.com/chart/?symbol=NASDAQ:ATRO&interval=D,False,False,False
WYFI,"WhiteFiber, Inc.",NASDAQ,Data Processing Services,17.48,19.08,18.81,19.01,21.58,26.26,22.68,21.52,18.63,19.22,18.39,16.83,6.63,9.01,1.58,1240339.1,1796047.9333333333,31394918.0,34134490.0,1.36,0.78,679065108.2887286,-4.32,225,-51.32,415,58.91,112,1.09,-2.11,-7.08,1.01,0.99,41.3,0.219,42.61,False,False,False,False,False,True,True,False,False,True,False,True,False,False,True,False,2026-11-12,False,False,4,"thin RVOL, below 200-MA","near21, RVOL",4,https://www.tradingview.com/chart/?symbol=NASDAQ:WYFI&interval=D,False,False,False
EXPE,"Expedia Group, Inc.",NASDAQ,Other Consumer Services,262.67,268.26,277.06,292.51,297.87,269.74,259.72,260.17,268.89,278.52,268.62,260.5,4.19,4.46,11.72,2915439.5,2106997.7,553445086.0,616312630.0,0.49,0.49,31525359493.055397,-16.15,343,-1.09,166,18.98,216,0.58,-2.65,-5.19,1.27,0.69,18.5,0.18,14.53,False,False,False,True,False,True,True,True,False,True,False,True,False,True,False,False,2026-10-29,False,False,6,,"near21, ADR",6,https://www.tradingview.com/chart/?symbol=NASDAQ:EXPE&interval=D,False,False,False
ACHC,"Acadia Healthcare Company, Inc.",NASDAQ,Medical/Nursing Services,26.93,28.09,28.11,28.29,29.29,28.29,27.25,24.1,27.87,28.2,27.74,26.72,4.26,4.69,1.26,1661849.6,1446063.2666666666,38942484.0,40903346.0,0.69,-0.36,2507190355.317454,-3.09,215,-14.51,238,18.48,218,0.29,-1.72,-4.21,0.96,0.8,16.6,0.075,19.27,False,False,False,True,False,True,True,False,True,True,False,True,False,False,False,False,2026-11-04,False,False,5,thin RVOL,"near21, BB",6,https://www.tradingview.com/chart/?symbol=NASDAQ:ACHC&interval=D,False,False,False
COCO,"The Vita Coco Company, Inc.",NASDAQ,Food: Specialty/Candy,57.01,57.69,55.92,57.81,60.94,68.29,63.67,61.35,57.28,57.68,58.51,56.55,4.41,4.27,2.43,1213736.1,1299759.4,74099283.0,75145156.0,0.91,1.51,3272207779.331936,-2.73,212,-17.24,255,20.73,208,0.25,-1.51,1.95,0.27,0.81,18.9,0.169,21.69,False,False,False,False,True,True,True,False,False,True,False,True,False,False,False,False,2026-11-04,False,False,4,"thin RVOL, below 200-MA",near21,5,https://www.tradingview.com/chart/?symbol=NASDAQ:COCO&interval=D,False,False,False
GLW,Corning Incorporated,NYSE,Electronic Components,160.42,155.87,155.1,152.97,152.78,171.6,164.88,150.13,155.67,154.9,160.99,151.15,4.26,5.16,8.28,7620082.0,8391346.666666666,1346139832.0,1283596328.0,1.02,0.08,138183907057.76367,11.21,90,-28.35,342,17.62,221,0.16,0.97,3.43,0.69,1.19,111.9,0.194,13.39,False,True,True,True,False,True,False,False,False,True,True,False,False,True,False,False,2026-10-27,False,False,5,LoD>60% ATR,"EMA, near21",5,https://www.tradingview.com/chart/?symbol=NYSE:GLW&interval=D,False,False,False
CIFR,Cipher Digital Inc.,NASDAQ,Data Processing Services,15.46,17.5,17.14,16.69,17.79,20.37,18.97,18.32,16.79,17.01,15.86,14.88,7.88,9.22,1.43,32008772.2,33931145.63333333,524575511.0,566237303.0,1.23,-0.6,6416375026.939653,3.86,147,-32.28,373,28.83,187,0.14,-1.42,-9.79,0.99,0.69,40.7,0.27,20.9,False,False,False,False,False,True,True,False,False,True,False,True,False,False,True,False,2026-11-11,False,False,4,"thin RVOL, below 200-MA","near21, RVOL",4,https://www.tradingview.com/chart/?symbol=NASDAQ:CIFR&interval=D,False,False,False
GNRC,Generac Holdings Inc.,NYSE,Electrical Products,207.91,205.65,195.33,195.33,200.68,229.81,225.27,212.29,203.9,200.46,209.2,201.95,4.43,4.75,9.87,1338445.8,1338282.5666666667,278242328.0,261405842.0,0.48,-0.46,12279982405.119064,14.1,76,-23.06,307,8.51,242,-0.15,0.76,6.44,0.78,0.73,60.4,0.255,16.59,False,True,True,False,False,True,True,False,False,True,False,False,False,True,False,False,2026-11-04,False,False,4,"LoD>60% ATR, below 200-MA","EMA, near21",5,https://www.tradingview.com/chart/?symbol=NYSE:GNRC&interval=D,False,False,False
STRL,"Sterling Infrastructure, Inc.",NASDAQ,Engineering & Construction,505.12,508.61,497.31,494.15,525.05,660.35,597.47,538.05,502.75,504.29,505.58,483.74,4.3,5.15,26.02,472882.4,526796.6,266095499.0,260318471.0,0.74,0.02,15450872246.014072,9.58,108,-35.66,381,25.52,194,-0.19,-0.74,1.57,0.03,0.84,82.2,0.141,32.28,False,False,False,False,True,True,True,False,False,True,False,False,False,True,False,False,2026-11-09,False,False,4,"LoD>60% ATR, below 200-MA",near21,4,https://www.tradingview.com/chart/?symbol=NASDAQ:STRL&interval=D,False,False,False
ATEN,"A10 Networks, Inc.",NYSE,Information Technology Services,27.6,26.43,25.89,25.79,27.17,30.01,28.01,25.59,26.45,26.33,27.64,26.87,4.0,3.84,1.06,1373837.2,1275066.9666666666,35191848.0,32879727.0,0.77,1.14,2004009108.5798597,10.18,99,-26.65,332,15.63,224,-0.28,0.41,6.59,1.25,0.73,69.0,0.152,16.0,False,True,True,True,False,True,True,True,False,True,False,False,False,False,False,False,2026-11-10,False,False,4,"LoD>60% ATR, thin RVOL","EMA, near21, ADR",7,https://www.tradingview.com/chart/?symbol=NYSE:ATEN&interval=D,False,False,False
BRZE,"Braze, Inc.",NASDAQ,Internet Software/Services,25.65,24.73,25.78,27.96,27.38,25.14,23.88,24.31,24.93,25.91,26.55,24.91,4.96,6.09,1.56,2071275.6,2866311.8333333335,73520899.0,80142079.0,1.26,4.74,2913440593.733067,-24.12,401,12.11,112,9.59,237,-0.81,-1.04,-0.5,0.17,1.05,47.4,0.419,13.64,False,False,False,True,True,True,False,False,False,True,True,True,False,False,True,False,2026-12-15,False,True,4,"thin RVOL, large gap","near21, RVOL",5,https://www.tradingview.com/chart/?symbol=NASDAQ:BRZE&interval=D,False,False,False
PCOR,"Procore Technologies, Inc.",NYSE,Packaged Software,51.66,50.57,52.7,55.8,55.39,50.16,52.08,54.95,51.14,52.73,53.29,51.5,4.18,4.39,2.27,2806190.1,2777364.2,143478635.0,154971368.0,0.86,2.73,7850012921.533643,-16.34,346,23.23,83,-9.61,295,-0.9,-1.54,-1.98,0.46,0.79,6.8,0.227,10.12,False,False,False,False,True,True,True,False,False,True,False,True,False,False,False,False,2026-11-04,False,True,3,"thin RVOL, below 200-MA, large gap",near21,5,https://www.tradingview.com/chart/?symbol=NYSE:PCOR&interval=D,False,False,False
ARIS,Aris Mining Corporation,NYSE,Precious Metals,17.32,18.47,18.94,19.42,18.07,17.14,17.78,17.92,18.19,18.57,17.6,16.91,4.21,5.21,0.9,1860571.4,1556559.3333333326,26959608.0,30225788.0,1.36,-0.06,3574847960.1437225,-10.44,286,13.57,106,-6.58,278,-1.15,-0.79,-8.55,1.3,0.77,45.5,0.196,10.41,False,False,False,False,False,True,True,False,False,True,False,True,False,False,True,False,2026-11-17,False,False,4,"thin RVOL, below 200-MA","near21, RVOL",4,https://www.tradingview.com/chart/?symbol=NYSE:ARIS&interval=D,False,False,False
QBTS,D-Wave Quantum Inc.,NASDAQ,Computer Processing Hardware,16.56,17.04,16.96,17.3,18.16,20.59,19.69,20.84,16.87,17.17,16.89,16.4,5.84,6.11,1.01,16239759.9,16106365.7,266721416.0,278699183.0,0.65,0.66,6286616827.799637,0.06,179,-29.99,356,26.41,191,-1.17,-1.44,-2.38,0.58,0.48,15.8,0.108,23.44,False,False,False,False,True,True,True,True,False,True,False,True,False,False,False,False,2026-11-05,False,False,4,"thin RVOL, below 200-MA","near21, ADR",6,https://www.tradingview.com/chart/?symbol=NASDAQ:QBTS&interval=D,False,False,False
RKLB,Rocket Lab Corporation,NASDAQ,Aerospace & Defense,70.46,70.63,67.29,67.14,69.68,87.44,82.95,81.32,70.0,69.13,72.64,69.42,5.28,5.58,3.93,22411930.9,18804833.366666667,1324988559.0,1262587854.0,1.04,3.77,42167476130.753716,13.21,79,-30.23,358,13.23,226,-1.26,0.2,4.7,0.34,0.82,26.3,0.235,28.59,False,False,True,False,False,True,True,False,False,True,False,True,False,True,False,False,2026-11-16,False,True,4,"below 200-MA, large gap","EMA, near21",5,https://www.tradingview.com/chart/?symbol=NASDAQ:RKLB&interval=D,False,False,False
FIG,FIGMA INC,NYSE,Packaged Software,21.57,21.43,22.4,24.13,24.32,22.8,22.62,24.63,21.56,22.55,22.03,20.92,4.87,5.97,1.29,13615188.8,14071424.366666667,303520624.0,339552851.0,0.82,3.24,11497017687.699333,-20.29,379,10.67,116,5.43,247,-1.4,-1.9,-3.69,0.72,0.86,50.5,0.226,14.8,False,False,False,False,False,True,True,False,False,True,False,True,False,True,False,False,2026-11-11,False,True,4,"below 200-MA, large gap",near21,4,https://www.tradingview.com/chart/?symbol=NYSE:FIG&interval=D,False,False,False
RDDT,"Reddit, Inc.",NYSE,Internet Software/Services,149.53,150.02,152.6,152.79,156.74,165.01,158.87,168.9,149.17,151.84,150.22,143.02,4.58,5.13,7.68,5266750.8,4663247.366666666,697295379.0,712486684.0,0.75,1.19,28769052196.38999,3.27,154,-22.93,305,15.32,225,-1.45,-0.9,-2.01,0.3,0.94,84.8,0.141,12.63,False,False,False,False,True,True,True,False,False,True,False,False,False,True,False,False,2026-11-04,False,False,4,"LoD>60% ATR, below 200-MA",near21,4,https://www.tradingview.com/chart/?symbol=NYSE:RDDT&interval=D,False,False,False
GENI,Genius Sports Limited,NYSE,Internet Software/Services,5.68,5.96,6.45,6.89,7.13,6.54,5.95,6.69,6.07,6.41,5.8,5.4,7.33,7.67,0.44,9916524.7,6561460.633333334,37269096.0,45182218.0,0.72,0.35,1576921272.767888,-21.98,393,-10.69,209,28.22,188,-1.48,-2.65,-11.96,1.49,0.91,63.1,0.367,20.85,False,False,False,False,False,True,True,False,False,True,False,False,False,False,False,False,2026-11-11,False,False,3,"LoD>60% ATR, thin RVOL, below 200-MA",near21,3,https://www.tradingview.com/chart/?symbol=NYSE:GENI&interval=D,False,False,False
WGS,GeneDx Holdings Corp.,NASDAQ,Medical/Nursing Services,70.96,85.68,87.92,87.43,81.07,68.92,68.48,78.77,82.24,84.93,75.49,70.69,9.68,8.65,6.14,984517.0,677669.8000000002,48087449.0,59248784.0,0.87,0.65,2116207547.3427389,-15.36,337,-1.83,171,11.7,233,-1.83,-1.44,-19.29,1.9,0.78,4.4,0.385,27.4,False,False,False,False,False,False,True,True,False,True,False,True,False,False,False,False,2026-11-03,False,False,4,"thin RVOL, below 200-MA",ADR,4,https://www.tradingview.com/chart/?symbol=NASDAQ:WGS&interval=D,False,False,False
STEP,StepStone Group Inc.,NASDAQ,Investment Managers,44.71,44.76,47.23,48.17,47.65,46.94,47.68,51.96,44.92,46.34,46.07,43.38,4.47,4.42,1.98,1160973.1,1053620.6,47107377.0,50755012.0,1.64,0.23,5395454146.46129,-12.32,307,7.73,122,-2.14,265,-2.24,-1.4,-5.34,0.79,1.36,67.3,0.24,16.09,False,False,False,False,False,True,False,False,False,True,True,False,True,True,True,False,2026-11-05,False,False,4,"LoD>60% ATR, below 200-MA","near21, RVOL",2,https://www.tradingview.com/chart/?symbol=NASDAQ:STEP&interval=D,False,False,False
PTRN,Pattern Group Inc. - Series A,NASDAQ,Advertising/Marketing Services,17.4,18.28,19.06,19.68,20.81,21.46,18.5,17.01,17.99,18.93,17.6,16.77,5.57,5.77,1.0,2185129.4,1623426.3666666667,28247619.0,31946325.0,0.85,0.0,3086744155.4545455,-15.12,335,-34.29,376,42.51,146,-2.3,-2.84,-8.72,1.4,0.83,62.7,0.268,25.58,False,False,False,True,False,True,True,False,False,True,False,False,False,False,False,False,2026-11-11,False,False,4,"LoD>60% ATR, thin RVOL",near21,4,https://www.tradingview.com/chart/?symbol=NASDAQ:PTRN&interval=D,False,False,False
MDA,MDA Space Ltd.,NYSE,Electronic Production Equipment,28.97,30.7,29.99,29.84,30.98,34.68,33.42,31.09,30.17,30.3,29.84,28.6,4.22,4.73,1.37,1442374.3,1306855.8666666667,37859614.0,38993965.0,0.79,-0.13,4696929397.65338,2.11,160,-27.56,337,18.54,217,-2.3,-1.37,-3.39,0.93,0.91,27.0,0.142,16.22,False,False,False,False,False,True,True,False,False,True,False,True,False,False,False,False,2026-11-06,False,False,4,"thin RVOL, below 200-MA",near21,4,https://www.tradingview.com/chart/?symbol=NYSE:MDA&interval=D,False,False,False
COMP,"Compass, Inc.",NYSE,Real Estate Development,9.12,9.38,9.99,10.39,11.11,10.46,9.63,10.1,9.39,9.92,9.14,8.59,5.47,5.57,0.51,18702082.5,14058894.133333333,128217114.0,146137518.0,1.2,-0.45,7000919296.324324,-11.46,302,-26.98,333,31.22,182,-2.4,-3.21,-8.75,1.45,1.1,105.4,0.285,18.89,False,False,False,False,False,True,False,False,False,True,True,False,False,False,True,False,2026-11-11,False,False,3,"LoD>60% ATR, thin RVOL, below 200-MA","near21, RVOL",2,https://www.tradingview.com/chart/?symbol=NYSE:COMP&interval=D,False,False,False
LION,Lionsgate Studios Corp,NYSE,Movies/Entertainment,11.25,11.12,11.18,11.26,11.82,12.91,12.15,11.34,11.16,11.26,11.26,10.78,4.04,3.82,0.43,3680373.1,2694205.8,30309815.0,30334961.0,1.09,-0.18,3347546482.3660717,-0.09,181,-25.45,325,18.3,219,-2.41,-1.25,0.65,0.03,1.11,109.4,0.071,15.9,False,False,False,False,True,True,False,False,True,True,True,False,False,False,False,False,2026-11-05,False,False,3,"LoD>60% ATR, thin RVOL, below 200-MA","near21, BB",4,https://www.tradingview.com/chart/?symbol=NYSE:LION&interval=D,False,False,False
JBL,Jabil Inc.,NYSE,Industrial Machinery,299.79,307.28,306.09,306.45,317.21,335.29,320.71,301.24,305.66,307.91,300.05,285.46,4.47,4.82,14.45,2038573.1,1270083.3,380758273.0,389222954.0,1.3,2.45,31414119054.10322,-0.75,191,-19.46,275,12.53,230,-2.56,-1.14,-2.06,0.55,1.01,99.2,0.114,11.36,False,False,False,False,True,True,False,False,False,True,True,False,False,True,True,False,2026-12-10,False,True,3,"LoD>60% ATR, below 200-MA, large gap","near21, RVOL",3,https://www.tradingview.com/chart/?symbol=NYSE:JBL&interval=D,False,False,False
LPTH,"LightPath Technologies, Inc.",NASDAQ,Electronic Components,10.85,10.11,9.9,10.66,11.3,12.63,12.46,12.09,10.18,10.34,11.0,10.1,4.82,6.79,0.74,2473897.1,3235611.8666666667,35106389.0,34493780.0,1.11,0.58,759893314.0785644,11.28,89,-31.07,364,11.74,232,-2.68,-0.59,9.55,0.73,1.21,101.1,0.181,25.09,False,False,False,False,False,True,False,False,False,True,True,False,False,False,False,False,2026-11-05,False,False,3,"LoD>60% ATR, thin RVOL, below 200-MA",near21,2,https://www.tradingview.com/chart/?symbol=NASDAQ:LPTH&interval=D,False,False,False
HUBS,"HubSpot, Inc.",NYSE,Packaged Software,217.45,213.21,225.65,232.87,230.2,215.19,224.17,247.12,214.74,222.06,218.95,208.41,5.99,6.51,14.16,2299334.2,1582950.0666666667,344212492.0,368629497.0,0.57,4.01,10843404853.71524,-15.95,342,16.42,99,-9.4,292,-2.97,-0.85,-3.63,0.32,0.74,63.8,0.276,15.59,False,False,False,False,False,True,True,False,False,True,False,False,False,True,False,False,2026-11-11,False,True,3,"LoD>60% ATR, below 200-MA, large gap",near21,3,https://www.tradingview.com/chart/?symbol=NYSE:HUBS&interval=D,False,False,False
BRUN,Boost Run Inc.,NASDAQ,Packaged Software,15.89,16.68,16.53,17.1,18.29,24.14,20.39,18.26,16.45,16.89,16.51,14.92,7.67,9.36,1.49,1952607.9,2154417.0,34233686.0,36832272.0,1.1,-0.91,1332299280.3781817,-5.42,237,-52.55,419,48.37,134,-3.2,-1.4,-3.88,0.63,1.07,65.2,0.264,47.85,False,False,False,False,False,True,False,False,False,True,True,False,False,False,False,False,2026-12-02,False,False,3,"LoD>60% ATR, thin RVOL, below 200-MA",near21,2,https://www.tradingview.com/chart/?symbol=NASDAQ:BRUN&interval=D,False,False,False
ACHR,Archer Aviation Inc.,NYSE,Aerospace & Defense,5.03,5.37,5.46,5.6,5.6,5.57,5.69,6.22,5.29,5.44,5.12,4.92,5.2,5.85,0.29,24489960.5,24358246.4,122521979.0,136479255.0,0.8,-0.2,3873219569.273642,-10.66,291,0.2,154,0.6,258,-3.29,-1.73,-7.79,1.28,0.68,37.4,0.184,16.93,False,False,False,False,False,True,True,False,False,True,False,True,False,False,False,False,2026-11-05,False,False,4,"thin RVOL, below 200-MA",near21,4,https://www.tradingview.com/chart/?symbol=NYSE:ACHR&interval=D,False,False,False
AXGN,"Axogen, Inc.",NASDAQ,Medical Specialties,39.92,43.24,44.26,46.16,45.81,43.92,40.89,38.9,42.88,44.23,42.2,39.68,4.88,5.36,2.14,1186398.8,1203966.2666666666,48062333.0,55579698.0,1.4,-0.86,2342166680.914122,-21.17,385,-9.89,204,20.68,209,-3.46,-2.4,-9.81,1.82,1.18,11.2,0.188,17.3,False,False,False,True,False,False,False,False,False,False,True,True,False,False,True,False,2026-11-10,False,False,5,thin RVOL,RVOL,3,https://www.tradingview.com/chart/?symbol=NASDAQ:AXGN&interval=D,False,False,False
HL,Hecla Mining Company,NYSE,Precious Metals,17.0,17.89,18.82,19.38,18.21,17.26,17.92,19.19,17.77,18.34,17.29,16.9,4.3,5.27,0.9,40942053.3,34334049.96666667,583678849.0,665462556.0,0.53,-0.58,11420063815.208454,-10.33,284,5.26,131,-5.45,277,-3.51,-1.27,-9.66,1.39,0.44,11.2,0.275,11.37,False,False,False,False,False,True,True,True,False,True,False,True,False,True,False,False,2026-11-11,False,False,5,below 200-MA,"near21, ADR",5,https://www.tradingview.com/chart/?symbol=NYSE:HL&interval=D,False,False,False
SYM,Symbotic Inc.,NASDAQ,Industrial Machinery,43.17,43.09,42.83,41.99,42.05,43.44,47.24,50.52,42.79,42.59,44.3,42.0,4.03,4.11,1.78,1675135.4,1624467.5,70128262.0,68214910.0,1.03,0.29,26109289612.700027,10.75,93,-4.49,184,-16.98,328,-3.57,0.65,0.79,0.33,1.3,65.9,0.1,19.62,False,True,True,False,True,True,False,False,False,True,True,False,False,True,False,False,2026-11-23,False,False,4,"LoD>60% ATR, below 200-MA","EMA, near21",5,https://www.tradingview.com/chart/?symbol=NASDAQ:SYM&interval=D,False,False,False
CDE,"Coeur Mining, Inc.",NYSE,Precious Metals,17.56,18.81,19.62,20.14,18.87,17.98,18.58,19.27,18.57,19.15,17.82,17.45,4.56,5.35,0.94,38867642.4,35509413.13333333,623545295.0,715005706.0,0.74,-0.17,18050540019.765907,-11.27,300,1.8,142,-1.79,264,-3.75,-1.3,-10.49,1.55,0.39,11.7,0.241,9.35,False,False,False,False,False,False,True,True,False,True,False,True,False,True,False,False,2026-11-11,False,False,5,below 200-MA,ADR,4,https://www.tradingview.com/chart/?symbol=NYSE:CDE&interval=D,False,False,False
AKAM,"Akamai Technologies, Inc.",NASDAQ,Data Processing Services,106.93,111.38,108.92,108.57,112.04,123.01,117.42,111.57,109.44,109.86,108.1,104.0,6.19,5.96,6.37,8322904.7,4774403.866666666,510527005.0,518366577.0,0.69,0.76,15367617289.789846,-1.83,198,-4.34,182,-5.12,274,-3.76,-0.76,-1.82,0.45,0.64,46.0,0.164,13.18,False,False,False,False,True,True,True,True,False,True,False,True,False,True,False,False,2026-11-10,False,False,5,below 200-MA,"near21, ADR",6,https://www.tradingview.com/chart/?symbol=NASDAQ:AKAM&interval=D,False,False,False
GLOB,Globant S.A.,NYSE,Information Technology Services,36.98,34.96,36.68,37.71,37.36,36.14,39.31,44.99,35.51,36.33,38.79,36.82,4.28,5.17,1.91,1012945.6,1016802.5666666667,37601359.0,38339219.0,2.32,9.14,1596779941.2357345,-7.6,250,16.33,100,-20.28,342,-3.85,-0.2,0.83,0.35,1.03,8.4,0.23,27.12,False,False,False,False,True,True,False,False,False,True,True,True,True,True,True,False,2026-11-12,False,True,4,"below 200-MA, large gap","near21, RVOL",4,https://www.tradingview.com/chart/?symbol=NYSE:GLOB&interval=D,False,False,False
BTDR,Bitdeer Technologies Group,NASDAQ,Data Processing Services,10.64,11.82,11.79,11.47,10.95,13.13,12.1,11.99,11.32,11.44,10.78,10.06,7.37,8.18,0.87,10937637.9,11392936.933333334,121220849.0,130684582.0,0.72,-0.38,2891763037.0486174,0.09,176,-31.4,365,19.28,214,-4.01,-0.35,-9.78,0.86,0.82,66.7,0.273,20.52,False,False,False,False,False,True,True,False,False,True,False,False,False,False,False,False,2026-11-16,False,False,3,"LoD>60% ATR, thin RVOL, below 200-MA",near21,3,https://www.tradingview.com/chart/?symbol=NASDAQ:BTDR&interval=D,False,False,False
TMDX,"TransMedics Group, Inc.",NASDAQ,Medical Specialties,78.64,84.69,85.69,87.02,85.08,77.98,89.32,100.2,83.83,85.06,84.24,78.02,5.03,5.22,4.1,702921.3,694638.3333333334,54626359.0,60445112.0,1.29,0.56,2726853239.5360093,-8.39,262,15.34,102,-19.19,338,-4.08,-1.45,-8.23,1.45,1.52,15.1,0.119,28.25,False,False,False,False,False,True,False,False,False,True,True,True,False,False,True,False,2026-11-04,False,False,4,"thin RVOL, below 200-MA","near21, RVOL",3,https://www.tradingview.com/chart/?symbol=NASDAQ:TMDX&interval=D,False,False,False
KD,"Kyndryl Holdings, Inc.",NYSE,Data Processing Services,12.12,11.77,12.42,12.59,12.88,12.32,12.59,14.97,11.86,12.23,12.53,11.59,4.61,5.0,0.61,4972215.6,3901963.066666667,47291792.0,49141323.0,2.49,4.62,2639957460.170515,-8.73,266,0.5,152,-4.94,272,-4.39,-1.18,-2.42,0.18,1.55,87.5,0.234,26.42,False,False,False,False,True,True,False,False,False,True,True,False,True,True,True,False,2026-11-10,False,True,3,"LoD>60% ATR, below 200-MA, large gap","near21, RVOL",3,https://www.tradingview.com/chart/?symbol=NYSE:KD&interval=D,False,False,False
VRDN,"Viridian Therapeutics, Inc.",NASDAQ,Pharmaceuticals: Major,18.99,20.84,21.61,22.31,21.96,19.77,20.15,22.9,20.65,21.34,20.61,18.99,4.84,4.99,0.95,2309654.5,1534778.4666666666,29145443.0,34240652.0,1.61,0.1,2151420163.6755705,-17.51,356,1.61,144,2.32,255,-4.53,-2.71,-12.11,2.21,1.71,0.0,0.2,16.5,False,False,False,False,False,False,False,False,False,False,True,True,True,True,True,False,2026-11-16,False,False,5,below 200-MA,RVOL,2,https://www.tradingview.com/chart/?symbol=NASDAQ:VRDN&interval=D,False,False,False
DPC,DPC Holdings PLC,NYSE,Electrical Products,42.17,41.33,41.39,42.11,45.17,,,,41.5,42.0,43.32,41.08,5.14,6.19,2.61,1354714.0,1240905.9666666666,52329005.0,52259100.0,1.62,0.14,6299903429.677474,-0.19,182,-11.2,212,-4.16,270,-5.18,-1.07,1.89,0.07,0.86,41.7,0.115,9.1,False,False,False,False,True,True,True,False,False,True,False,True,True,True,True,False,2026-12-02,False,False,5,below 200-MA,"near21, RVOL",5,https://www.tradingview.com/chart/?symbol=NYSE:DPC&interval=D,False,False,False
SGRY,"Surgery Partners, Inc.",NASDAQ,Hospital/Nursing Management,13.23,14.21,14.1,14.09,14.56,14.73,14.26,14.53,14.07,14.16,14.28,13.14,6.2,5.87,0.78,2695933.7,2628334.4,34772864.0,37027975.0,0.65,-0.43,1732048548.1319396,-4.75,231,-20.83,283,9.98,236,-5.2,-1.56,-6.19,1.12,1.47,11.6,0.159,4.77,False,False,False,False,False,True,False,False,False,True,True,True,False,False,False,True,2026-11-10,False,False,4,"thin RVOL, below 200-MA",near21,4,https://www.tradingview.com/chart/?symbol=NASDAQ:SGRY&interval=D,False,False,False
CVNA,Carvana Co.,NYSE,Specialty Stores,63.04,64.05,67.26,69.22,68.67,68.14,68.32,72.08,64.23,66.3,63.29,58.92,4.7,5.27,3.32,8985157.9,7620569.166666667,480400680.0,527485637.0,1.33,-0.77,69373238832.98752,-12.58,310,-7.9,196,4.84,249,-5.21,-1.56,-6.27,0.93,1.32,124.1,0.249,12.73,False,False,False,False,False,True,False,False,False,True,True,False,False,True,True,False,2026-10-28,False,False,4,"LoD>60% ATR, below 200-MA","near21, RVOL",2,https://www.tradingview.com/chart/?symbol=NYSE:CVNA&interval=D,False,False,False
AEIS,"Advanced Energy Industries, Inc.",NASDAQ,Electronic Production Equipment,294.11,277.26,273.73,275.27,289.43,307.58,320.27,304.79,279.49,278.35,298.08,280.33,4.01,4.66,13.71,540998.3,520631.93333333335,153123058.0,143315220.0,0.84,0.15,11779235726.798489,8.13,114,-17.47,258,-6.77,280,-5.37,0.35,7.45,1.21,1.29,100.5,0.187,15.82,False,True,True,False,False,True,False,False,False,True,True,False,False,True,False,False,2026-11-03,False,False,4,"LoD>60% ATR, below 200-MA","EMA, near21",4,https://www.tradingview.com/chart/?symbol=NASDAQ:AEIS&interval=D,False,False,False
CORZ,"Core Scientific, Inc.",NASDAQ,Packaged Software,16.35,17.39,17.44,17.37,18.74,22.04,20.69,19.79,16.95,17.4,16.48,15.51,5.74,6.44,1.05,11196698.3,11287482.366666667,184550337.0,196037231.0,1.14,0.13,5253915775.325407,3.61,150,-31.73,369,11.15,235,-5.66,-1.98,-6.25,0.94,0.92,79.8,0.196,28.49,False,False,False,False,False,True,True,False,False,True,False,False,False,False,False,False,2026-11-11,False,False,3,"LoD>60% ATR, thin RVOL, below 200-MA",near21,3,https://www.tradingview.com/chart/?symbol=NASDAQ:CORZ&interval=D,False,False,False
AAON,"AAON, Inc.",NASDAQ,Industrial Machinery,82.28,82.36,79.78,78.93,83.76,105.44,100.68,97.78,82.43,81.48,83.86,81.0,4.56,5.0,4.12,1324777.0999999994,1166240.9000000006,95958301.0,92052172.0,0.79,-1.16,6784285986.954566,9.66,105,-29.32,351,2.48,254,-5.73,-0.35,3.13,0.2,0.7,31.1,0.197,31.19,False,False,False,False,False,True,True,False,False,True,False,True,False,False,False,False,2026-11-09,False,False,4,"thin RVOL, below 200-MA",near21,4,https://www.tradingview.com/chart/?symbol=NASDAQ:AAON&interval=D,False,False,False
FN,Fabrinet,NYSE,Semiconductors,451.44,412.03,405.34,411.21,449.05,521.07,547.34,531.87,417.85,417.57,452.99,418.79,4.02,4.95,22.33,796666.3,834608.1333333333,376775496.0,343199767.0,1.21,-0.91,16177289571.665026,10.0,102,-16.86,253,-10.72,300,-5.86,0.11,11.37,1.64,1.53,146.2,0.172,31.45,False,True,True,False,False,False,False,False,False,False,True,False,False,True,True,False,2026-11-09,False,False,4,"LoD>60% ATR, below 200-MA","EMA, RVOL",3,https://www.tradingview.com/chart/?symbol=NYSE:FN&interval=D,False,False,False
SPHR,Sphere Entertainment Co.,NYSE,Media Conglomerates,128.55,138.37,140.94,143.57,148.2,146.94,139.03,128.81,137.06,140.82,134.2,123.93,4.81,4.97,6.39,578336.3,573428.6666666666,73714255.0,82327345.0,1.5,-0.18,4616694394.915948,-4.09,223,-23.99,313,9.57,238,-6.17,-2.67,-8.79,1.75,1.61,72.3,0.128,15.08,False,False,False,False,False,False,False,False,False,False,True,False,True,True,True,False,2026-11-10,False,False,4,"LoD>60% ATR, below 200-MA",RVOL,1,https://www.tradingview.com/chart/?symbol=NYSE:SPHR&interval=D,False,False,False
PSKY,Paramount Skydance Corporation,NASDAQ,Cable/Satellite TV,9.34,10.03,10.39,10.48,9.88,9.94,10.15,10.58,10.07,10.21,10.26,9.32,6.31,5.81,0.54,37677902.9,20334229.2,189921701.0,213045108.0,1.22,-2.13,10478974514.317522,-13.6,321,-8.7,200,3.55,252,-6.25,-0.94,-10.11,1.47,1.72,2.8,0.175,7.5,False,False,False,False,False,True,False,False,False,True,True,True,False,True,True,False,2026-11-16,False,True,4,"below 200-MA, large gap","near21, RVOL",3,https://www.tradingview.com/chart/?symbol=NASDAQ:PSKY&interval=D,False,False,False
VG,"Venture Global, Inc.",NYSE,Oil & Gas Pipelines,12.77,13.05,14.02,14.16,13.89,13.21,13.24,12.02,13.14,13.61,12.88,12.36,4.63,5.11,0.65,14559412.6,13988956.133333333,178638970.0,198083619.0,0.66,-0.47,31926186705.795094,-14.64,332,13.31,107,-18.92,337,-6.75,-1.58,-8.92,1.21,0.8,62.8,0.306,15.7,False,False,False,True,False,True,True,False,False,True,False,False,False,True,False,False,2026-11-16,False,False,5,LoD>60% ATR,near21,4,https://www.tradingview.com/chart/?symbol=NYSE:VG&interval=D,False,False,False
EXK,Endeavour Silver Corporation,NYSE,Precious Metals,8.56,9.35,9.91,10.22,9.75,9.27,9.48,9.95,9.19,9.61,8.69,8.48,5.15,6.35,0.54,8303902.2,8724338.933333334,74680341.0,89162744.0,0.8,-0.58,2534996625.3114758,-16.24,345,-1.83,172,-2.95,268,-7.01,-1.92,-13.59,1.73,0.4,15.6,0.353,7.95,False,False,False,False,False,False,True,True,False,True,False,True,False,False,False,False,2026-11-10,False,False,4,"thin RVOL, below 200-MA",ADR,4,https://www.tradingview.com/chart/?symbol=NYSE:EXK&interval=D,False,False,False
CIEN,Ciena Corporation,NYSE,Telecommunications Equipment,379.14,358.46,346.26,358.42,374.29,432.33,433.78,390.45,357.43,358.22,381.0,350.68,5.27,5.87,22.26,2433648.1,2462192.4,933515627.0,882507207.0,1.0,0.96,53765288212.394165,0.6,172,-16.52,250,-5.45,276,-7.12,0.22,9.5,0.99,1.36,127.8,0.183,23.08,False,True,False,False,False,True,False,False,False,True,True,False,False,True,False,False,2026-12-10,False,False,4,"LoD>60% ATR, below 200-MA",near21,3,https://www.tradingview.com/chart/?symbol=NYSE:CIEN&interval=D,False,False,False
PBLS,"Parabilis Medicines, Inc.",NASDAQ,Pharmaceuticals: Major,30.44,34.1,36.18,37.21,36.36,,,,33.41,35.12,32.63,29.71,10.91,9.53,2.9,1775303.6,913281.1333333333,27800278.0,33986540.0,0.49,-0.93,3760352054.1121097,-22.25,396,9.34,118,-8.73,289,-7.21,-1.71,-15.86,1.4,1.01,25.2,0.386,7.41,False,False,False,False,False,True,False,False,False,True,True,True,False,False,False,False,2026-12-02,False,False,4,"thin RVOL, below 200-MA",near21,3,https://www.tradingview.com/chart/?symbol=NASDAQ:PBLS&interval=D,False,False,False
GEN,Gen Digital Inc.,NASDAQ,Packaged Software,22.25,24.23,27.38,28.2,28.06,26.58,24.42,24.63,23.91,26.02,22.56,21.82,6.18,5.65,1.26,18120712.6,9924776.933333334,220826287.0,279868785.0,0.62,2.13,13318561831.176205,-27.6,418,-14.98,241,19.75,212,-7.61,-3.66,-18.74,2.56,0.58,34.2,0.567,17.18,False,False,False,False,False,False,True,True,False,True,False,True,False,True,False,False,2026-11-10,False,True,4,"below 200-MA, large gap",ADR,4,https://www.tradingview.com/chart/?symbol=NASDAQ:GEN&interval=D,False,False,False
FLY,Firefly Aerospace Inc.,NASDAQ,Aerospace & Defense,22.85,22.95,22.14,22.16,22.65,28.12,28.85,27.83,22.87,22.61,24.37,22.76,7.18,7.41,1.69,3952764.6,2898573.7666666666,66232411.0,64228530.0,1.02,0.86,3825196139.483802,11.68,86,-18.48,266,-17.09,329,-7.96,0.12,3.21,0.14,0.95,5.3,0.209,29.37,False,False,False,False,False,True,True,False,False,True,False,True,False,False,False,False,2026-11-18,False,False,4,"thin RVOL, below 200-MA",near21,4,https://www.tradingview.com/chart/?symbol=NASDAQ:FLY&interval=D,False,False,False
AG,First Majestic Silver Corp.,NYSE,Precious Metals,17.66,18.77,19.35,19.88,18.93,18.66,19.78,20.16,18.51,19.01,17.9,17.45,4.2,5.3,0.94,9966501.5,9578057.6,169148497.0,190418170.0,0.9,-0.17,8704726636.153297,-10.49,288,-0.06,158,-13.85,316,-8.13,-1.27,-8.72,1.34,0.49,22.5,0.234,8.52,False,False,False,False,False,True,True,True,False,True,False,True,False,False,False,False,2026-11-11,False,False,4,"thin RVOL, below 200-MA","near21, ADR",5,https://www.tradingview.com/chart/?symbol=NYSE:AG&interval=D,False,False,False
RIVN,"Rivian Automotive, Inc.",NASDAQ,Motor Vehicles,14.76,15.07,15.43,15.71,15.77,15.93,15.83,16.18,15.1,15.36,15.02,14.54,4.01,4.32,0.64,24499029.2,22021202.033333335,325032942.0,346019148.0,1.34,0.27,21370422152.698795,-5.87,240,-17.89,262,-1.2,262,-8.32,-1.48,-4.36,0.9,0.75,33.7,0.115,7.52,False,False,False,False,False,True,True,False,False,True,False,True,False,True,True,False,2026-11-10,False,False,5,below 200-MA,"near21, RVOL",4,https://www.tradingview.com/chart/?symbol=NASDAQ:RIVN&interval=D,False,False,False
EQPT,EquipmentShare.com Inc,NASDAQ,Internet Software/Services,17.48,17.81,18.06,18.05,18.76,19.62,20.68,,17.78,18.0,17.94,16.5,6.5,6.8,1.19,4669694.4,3109610.6333333333,54355994.0,56124326.0,0.56,-0.83,4436546960.780657,0.4,173,-11.49,216,-13.93,318,-8.34,-1.01,-3.19,0.43,1.21,82.5,0.157,16.41,False,False,False,False,False,True,False,False,False,True,True,False,False,False,False,False,2026-12-02,False,False,3,"LoD>60% ATR, thin RVOL, below 200-MA",near21,2,https://www.tradingview.com/chart/?symbol=NASDAQ:EQPT&interval=D,False,False,False
PRM,"Perimeter Solutions, SA",NYSE,Chemicals: Major Diversified,27.2,28.73,30.17,30.45,31.79,32.73,30.39,29.65,28.39,29.63,27.31,25.29,4.69,5.16,1.4,1630100.5,1193822.6,32471975.0,36348715.0,1.03,-0.09,4452284177.082067,-9.99,276,-23.16,308,7.72,244,-8.48,-2.8,-9.84,1.59,1.44,136.0,0.261,14.7,False,False,False,False,False,False,False,False,False,False,True,False,False,False,False,False,2026-10-30,False,False,3,"LoD>60% ATR, thin RVOL, below 200-MA",,1,https://www.tradingview.com/chart/?symbol=NYSE:PRM&interval=D,False,False,False
WULF,TeraWulf Inc.,NASDAQ,Data Processing Services,14.91,16.01,16.13,15.96,16.52,20.18,19.41,18.05,15.58,15.93,15.18,14.36,5.87,7.02,1.05,25817323.8,28219495.833333332,420752683.0,450401966.0,1.13,0.81,7439623248.494595,1.39,166,-36.53,385,8.64,240,-8.83,-1.39,-7.54,0.91,0.78,52.6,0.234,27.99,False,False,False,False,False,True,True,False,False,True,False,True,False,False,False,False,2026-11-16,False,False,4,"thin RVOL, below 200-MA",near21,4,https://www.tradingview.com/chart/?symbol=NASDAQ:WULF&interval=D,False,False,False
APLD,Applied Digital Corporation,NASDAQ,Data Processing Services,24.16,26.39,26.13,26.28,27.31,33.46,32.16,32.1,25.57,26.15,24.74,23.59,5.86,6.8,1.64,15983333.5,15499685.300000008,374472397.0,407342063.0,1.03,0.29,7226119995.161264,-2.19,203,-31.96,370,6.06,246,-9.36,-1.7,-7.53,1.12,0.7,34.7,0.23,30.34,False,False,False,False,False,True,True,False,False,True,False,True,False,False,False,False,2026-10-07,False,False,4,"thin RVOL, below 200-MA",near21,4,https://www.tradingview.com/chart/?symbol=NASDAQ:APLD&interval=D,False,False,False
MOD,Modine Manufacturing Company,NYSE,Industrial Machinery,189.21,190.56,188.04,187.19,194.27,229.42,229.17,213.57,188.2,189.1,190.17,181.15,5.09,5.78,10.93,1568323.2,1340456.7,253627812.0,250922324.0,0.78,0.24,10049454792.772278,6.25,127,-23.24,309,-11.31,304,-9.44,-0.45,0.62,0.01,0.83,73.8,0.141,21.87,False,False,False,False,True,True,True,False,False,True,False,False,False,True,False,False,2026-11-03,False,False,4,"LoD>60% ATR, below 200-MA",near21,4,https://www.tradingview.com/chart/?symbol=NYSE:MOD&interval=D,False,False,False
CPRI,Capri Holdings Limited,NYSE,Apparel/Footwear Retail,14.48,14.8,14.26,13.96,14.6,16.52,17.36,18.87,14.6,14.47,14.67,13.9,5.01,4.96,0.72,6361892.7,5271266.033333333,76327932.0,73572817.0,0.63,-0.57,1645675429.5014164,11.47,87,-22.23,298,-17.82,332,-9.53,-0.16,1.51,0.02,1.07,80.7,0.223,31.78,False,False,False,False,True,True,False,False,False,True,True,False,False,False,False,False,2026-11-05,False,False,3,"LoD>60% ATR, thin RVOL, below 200-MA",near21,3,https://www.tradingview.com/chart/?symbol=NYSE:CPRI&interval=D,False,False,False
ASND,Ascendis Pharma A/S,NASDAQ,Pharmaceuticals: Major,227.31,230.46,244.67,248.15,249.19,246.11,241.27,235.49,232.25,239.6,229.88,226.0,4.15,3.8,8.64,895553.7,763141.4666666667,173469687.0,189372919.0,0.87,0.09,14178881049.655884,-13.12,317,-16.09,249,0.32,259,-9.63,-2.31,-7.09,1.35,0.45,15.2,0.275,8.24,False,False,False,False,False,True,True,True,False,True,False,True,False,True,False,False,2026-11-11,False,False,5,below 200-MA,"near21, ADR",5,https://www.tradingview.com/chart/?symbol=NASDAQ:ASND&interval=D,False,False,False
CRML,Critical Metals Corp.,NASDAQ,Precious Metals,7.2,7.78,7.31,7.28,6.89,8.33,8.85,9.59,7.48,7.38,7.34,7.06,7.63,8.89,0.64,14404434.8,10004550.833333334,72032766.0,72836465.0,0.32,0.0,1058354989.090909,4.8,141,-27.05,335,-6.98,282,-9.74,0.51,-1.47,0.27,0.45,22.7,0.405,37.61,False,False,False,False,True,True,True,True,False,True,False,True,False,False,False,False,2027-03-03,False,False,4,"thin RVOL, below 200-MA","near21, ADR",6,https://www.tradingview.com/chart/?symbol=NASDAQ:CRML&interval=D,False,False,False
NESR,National Energy Services Reunited Corp,NASDAQ,Oilfield Services/Equipment,24.94,30.25,31.84,32.57,31.78,29.07,26.94,24.98,29.19,30.9,25.62,24.36,6.13,6.57,1.64,2601068.9,1961335.0666666667,48905890.0,63881664.0,1.17,-0.47,2514738589.391441,-28.76,421,-14.02,233,13.14,227,-9.88,-3.28,-21.68,2.94,0.77,35.1,0.358,27.51,False,False,False,False,False,False,True,False,False,False,False,True,False,False,False,False,2026-11-04,False,False,4,"thin RVOL, below 200-MA",,3,https://www.tradingview.com/chart/?symbol=NASDAQ:NESR&interval=D,False,False,False
MOS,Mosaic Company (The),NYSE,Chemicals: Agricultural,21.55,23.22,24.38,24.33,23.58,22.84,23.69,24.51,22.97,23.62,21.58,20.38,4.72,4.95,1.07,8667017.5,8434191.133333333,181756819.0,205178568.0,1.49,-1.62,6850651360.521941,-9.98,275,0.23,153,-20.04,341,-9.93,-1.74,-11.6,1.77,1.13,109.8,0.239,7.74,False,False,False,False,False,False,False,False,False,False,True,False,False,False,True,False,2026-11-10,False,False,3,"LoD>60% ATR, thin RVOL, below 200-MA",RVOL,1,https://www.tradingview.com/chart/?symbol=NYSE:MOS&interval=D,False,False,False
MP,MP Materials Corp.,NYSE,Other Metals/Minerals,46.09,48.06,49.93,52.3,50.97,54.19,55.79,56.75,47.92,49.62,46.89,44.49,4.66,5.79,2.67,5859201.2,5374968.766666667,247732310.0,281101908.0,1.22,-1.65,8208702581.237682,-13.85,322,-15.38,244,-0.82,260,-10.02,-1.65,-7.69,1.23,0.9,60.0,0.223,18.86,False,False,False,False,False,True,True,False,False,True,False,True,False,False,True,False,2026-10-29,False,False,4,"thin RVOL, below 200-MA","near21, RVOL",4,https://www.tradingview.com/chart/?symbol=NYSE:MP&interval=D,False,False,False
TTAN,"ServiceTitan, Inc.",NASDAQ,Packaged Software,67.34,60.94,63.52,74.12,78.34,73.95,71.33,75.31,63.05,66.58,67.82,65.56,5.34,6.5,4.38,2769934.2,3360422.7,226290865.0,249079571.0,0.52,1.05,6496148418.753914,-30.71,423,-9.09,202,9.51,239,-10.1,-2.16,6.02,0.18,0.51,40.5,0.68,25.84,False,False,False,False,False,True,True,True,False,True,False,True,False,False,False,False,2027-01-19,False,False,4,"thin RVOL, below 200-MA","near21, ADR",5,https://www.tradingview.com/chart/?symbol=NASDAQ:TTAN&interval=D,False,False,False
VKTX,"Viking Therapeutics, Inc.",NASDAQ,Pharmaceuticals: Major,30.51,34.19,33.08,33.25,33.45,33.5,33.46,33.2,33.18,33.32,32.48,30.43,8.17,8.85,2.7,13739861.4,5852202.3,178550692.0,194597431.0,0.51,-2.09,3879811678.2957053,-6.44,246,-19.5,276,-4.95,273,-10.3,-0.99,-7.76,0.95,0.76,3.0,0.413,3.63,False,False,False,False,False,True,True,False,False,True,False,True,False,False,False,True,2026-10-28,False,True,3,"thin RVOL, below 200-MA, large gap",near21,5,https://www.tradingview.com/chart/?symbol=NASDAQ:VKTX&interval=D,False,False,False
ONDS,Ondas Inc,NASDAQ,Telecommunications Equipment,7.12,7.47,7.42,7.64,8.01,8.57,9.03,9.44,7.42,7.54,7.42,7.12,5.25,5.94,0.42,64340408.4,61776459.833333336,439848394.0,471941265.0,0.61,0.3,4145994990.8758535,-4.24,224,-10.33,208,-16.38,327,-10.32,-1.87,-4.07,0.95,0.72,0.0,0.098,28.41,False,False,False,False,False,True,True,False,True,True,False,True,False,False,False,False,2026-11-16,False,False,4,"thin RVOL, below 200-MA","near21, BB",5,https://www.tradingview.com/chart/?symbol=NASDAQ:ONDS&interval=D,False,False,False
TNDM,"Tandem Diabetes Care, Inc.",NASDAQ,Medical Specialties,16.5,16.51,17.38,18.81,19.53,17.75,18.83,19.47,16.64,17.52,16.58,16.04,6.36,6.47,1.07,2471820.2,1913943.6333333333,31580070.0,36010211.0,0.98,0.67,1148048592.4892704,-24.93,408,3.51,138,-9.59,294,-10.34,-2.4,-5.09,0.9,0.51,43.1,0.324,18.3,False,False,False,False,False,True,True,True,False,True,False,True,False,False,False,False,2026-11-04,False,False,4,"thin RVOL, below 200-MA","near21, ADR",5,https://www.tradingview.com/chart/?symbol=NASDAQ:TNDM&interval=D,False,False,False
PIPR,Piper Sandler Companies,NYSE,Investment Banks/Brokers,65.78,70.3,72.78,73.42,74.35,75.86,77.05,79.54,69.45,71.59,66.27,62.96,4.01,3.95,2.6,1078194.7,739843.5333333333,48666908.0,54317586.0,0.97,-1.24,4648691636.016068,-11.25,299,-9.89,205,-12.14,311,-11.09,-2.92,-9.62,2.06,1.28,108.7,0.205,14.05,False,False,False,False,False,False,False,False,False,False,True,False,False,False,False,False,2026-10-23,False,False,3,"LoD>60% ATR, thin RVOL, below 200-MA",,1,https://www.tradingview.com/chart/?symbol=NYSE:PIPR&interval=D,False,False,False
BTU,Peabody Energy Corporation,NYSE,Coal,24.74,25.33,26.72,27.27,25.8,25.36,27.29,28.87,25.43,26.1,24.81,23.75,4.81,4.83,1.2,2731403.0,2378075.933333333,58833599.0,64852509.0,0.66,0.08,3015805962.469044,-16.56,348,9.32,119,-26.41,362,-11.22,-0.85,-7.41,1.08,0.89,82.8,0.245,14.31,False,False,False,False,False,True,True,False,False,True,False,False,False,False,False,False,2026-10-29,False,False,3,"LoD>60% ATR, thin RVOL, below 200-MA",near21,3,https://www.tradingview.com/chart/?symbol=NYSE:BTU&interval=D,False,False,False
MBLY,Mobileye Global Inc.,NASDAQ,Packaged Software,7.35,7.71,7.95,8.18,8.3,8.88,8.57,8.93,7.69,7.93,7.5,7.3,4.55,4.72,0.35,6900856.0,4848657.9,35637636.0,39657173.0,0.8,0.61,6248878643.179973,-12.71,313,-24.15,314,3.09,253,-11.26,-2.42,-7.56,1.54,0.58,13.0,0.167,16.52,False,False,False,False,False,False,True,True,False,True,False,True,False,False,False,False,2026-10-22,False,False,4,"thin RVOL, below 200-MA",ADR,4,https://www.tradingview.com/chart/?symbol=NASDAQ:MBLY&interval=D,False,False,False
BSP,Bending Spoons S.p.A.,NASDAQ,Packaged Software,32.5,34.59,37.03,38.68,39.12,,,,34.48,36.43,34.0,31.86,7.06,7.87,2.56,3277257.2,2034945.3,66135722.0,78711345.0,1.42,1.07,20644627798.169266,-21.5,387,-17.7,260,4.84,250,-11.45,-2.15,-12.24,1.37,0.84,25.0,0.323,13.96,False,False,False,False,False,True,True,False,False,True,False,True,False,True,True,False,2026-11-12,False,False,5,below 200-MA,"near21, RVOL",4,https://www.tradingview.com/chart/?symbol=NASDAQ:BSP&interval=D,False,False,False
KVYO,"Klaviyo, Inc. Series A",NYSE,Packaged Software,16.19,15.84,16.49,17.34,17.58,16.53,17.37,19.27,15.99,16.51,16.38,15.84,4.99,5.8,0.94,6931777.5,6266097.466666667,101448118.0,108652041.0,0.53,2.61,4609736977.556898,-19.21,372,-0.43,162,-15.68,324,-11.77,-1.36,-1.84,0.34,0.57,36.7,0.271,21.18,False,False,False,False,True,True,True,True,False,True,False,True,False,False,False,False,2026-11-11,False,True,3,"thin RVOL, below 200-MA, large gap","near21, ADR",6,https://www.tradingview.com/chart/?symbol=NYSE:KVYO&interval=D,False,False,False
PRAX,"Praxis Precision Medicines, Inc.",NASDAQ,Pharmaceuticals: Major,286.91,288.79,311.44,328.55,333.6,322.38,320.81,316.58,292.76,307.89,292.47,282.0,5.12,5.3,15.22,581252.9,411766.80000000034,118140013.0,135286394.0,0.61,-1.17,8010524240.560245,-18.03,361,-10.29,207,-7.14,285,-11.82,-2.64,-7.88,1.28,0.69,32.3,0.336,15.62,False,False,False,False,False,True,True,True,False,True,False,True,False,False,False,False,2026-11-11,False,False,4,"thin RVOL, below 200-MA","near21, ADR",5,https://www.tradingview.com/chart/?symbol=NASDAQ:PRAX&interval=D,False,False,False
CE,Celanese Corporation,NYSE,Chemicals: Specialty,44.2,45.97,45.8,45.68,45.28,48.12,52.4,51.25,45.59,45.73,44.41,42.17,4.08,4.22,1.87,2193823.9,1765883.2333333334,78052039.0,80667901.0,0.63,0.09,4850902673.02682,-2.41,207,-3.47,178,-30.22,374,-12.03,-0.57,-3.5,0.79,1.2,108.8,0.112,16.1,False,False,False,False,False,True,False,False,False,True,True,False,False,False,False,False,2026-11-09,False,False,3,"LoD>60% ATR, thin RVOL, below 200-MA",near21,2,https://www.tradingview.com/chart/?symbol=NYSE:CE&interval=D,False,False,False
LAZ,"Lazard, Inc.",NYSE,Investment Banks/Brokers,36.44,36.27,38.64,40.19,41.5,42.95,43.57,45.67,36.74,38.26,36.73,35.28,4.35,4.45,1.62,2332574.8,1651401.4333333333,60177068.0,66372025.0,0.59,-1.74,3551098695.264698,-14.0,327,-13.75,230,-9.56,293,-12.43,-2.74,-5.69,1.07,0.9,71.6,0.331,25.77,False,False,False,False,False,True,True,False,False,True,False,False,False,False,False,False,2026-10-22,False,False,3,"LoD>60% ATR, thin RVOL, below 200-MA",near21,3,https://www.tradingview.com/chart/?symbol=NYSE:LAZ&interval=D,False,False,False
RH,RH,NYSE,Specialty Stores,120.51,124.09,129.89,135.87,152.96,153.12,146.68,160.17,124.36,131.16,123.1,118.36,4.64,5.36,6.46,734861.6,830871.9333333333,100128377.0,112892231.0,1.03,-0.11,2281634975.9953184,-17.34,355,-28.7,346,8.57,241,-12.49,-3.96,-7.22,1.51,0.73,33.3,0.256,29.94,False,False,False,False,False,False,True,False,False,False,False,True,False,False,False,False,2026-12-03,False,False,4,"thin RVOL, below 200-MA",,3,https://www.tradingview.com/chart/?symbol=NYSE:RH&interval=D,False,False,False
SHAK,"Shake Shack, Inc.",NYSE,Restaurants,60.19,57.57,60.22,64.05,65.56,62.03,72.61,77.1,58.61,60.55,61.08,58.81,4.22,4.5,2.71,1695094.1,1305406.7666666666,78572433.0,83606952.0,0.87,0.22,2576068134.7994204,-10.55,289,5.04,132,-32.14,382,-12.55,-1.82,-0.05,0.13,0.84,50.9,0.289,32.45,False,False,False,False,True,True,True,False,False,True,False,True,False,False,False,False,2026-10-29,False,False,4,"thin RVOL, below 200-MA",near21,5,https://www.tradingview.com/chart/?symbol=NYSE:SHAK&interval=D,False,False,False
RBLX,Roblox Corporation,NYSE,Packaged Software,43.0,46.16,46.13,43.83,42.51,45.49,49.32,55.63,44.75,44.87,43.49,41.8,5.46,5.67,2.44,14325165.9,11428911.5,491443194.0,500929191.0,0.68,1.51,30718164386.051453,5.39,138,-20.96,285,-23.72,354,-13.09,0.21,-6.79,0.74,0.69,49.0,0.28,30.51,False,False,False,False,False,True,True,True,False,True,False,True,False,True,False,False,2026-11-11,False,False,5,below 200-MA,"near21, ADR",5,https://www.tradingview.com/chart/?symbol=NYSE:RBLX&interval=D,False,False,False
MWH,"SOLV Energy, Inc.",NASDAQ,Engineering & Construction,24.63,25.22,25.3,25.89,27.12,30.75,31.39,,24.89,25.53,24.76,23.36,4.7,5.34,1.32,1377975.7,1595337.1333333333,39293154.0,41311255.0,1.45,0.08,4984905806.294338,-2.3,204,-22.33,300,-15.59,322,-13.41,-1.72,-2.66,0.66,1.06,96.5,0.129,25.04,False,False,False,False,True,True,False,False,False,True,True,False,False,False,True,False,2026-12-02,False,False,3,"LoD>60% ATR, thin RVOL, below 200-MA","near21, RVOL",3,https://www.tradingview.com/chart/?symbol=NASDAQ:MWH&interval=D,False,False,False
SRPT,"Sarepta Therapeutics, Inc.",NASDAQ,Pharmaceuticals: Major,17.57,19.03,20.09,20.14,18.82,18.07,18.66,19.14,18.88,19.41,18.25,17.52,5.77,6.5,1.14,2729657.6,2965604.8,52105676.0,59740132.0,1.07,-0.44,1855866702.4412732,-15.85,340,-4.56,185,-19.88,340,-13.43,-1.02,-12.54,1.46,0.64,4.4,0.285,11.52,False,False,False,False,False,True,True,True,False,True,False,True,False,False,False,False,2026-11-04,False,False,4,"thin RVOL, below 200-MA","near21, ADR",5,https://www.tradingview.com/chart/?symbol=NASDAQ:SRPT&interval=D,False,False,False
ALGT,Allegiant Travel Company,NASDAQ,Airlines,75.46,77.83,77.69,78.03,84.22,89.82,87.4,89.17,77.19,78.42,77.33,74.45,4.43,4.78,3.6,498535.9,523525.1,39505204.0,40853194.0,1.06,-0.4,2062907032.6734395,0.86,169,-37.12,389,-4.2,271,-13.49,-2.18,-2.87,0.79,0.8,28.0,0.082,16.08,False,False,False,False,True,True,True,False,True,True,False,True,False,False,False,False,2026-11-04,False,False,4,"thin RVOL, below 200-MA","near21, BB",6,https://www.tradingview.com/chart/?symbol=NASDAQ:ALGT&interval=D,False,False,False
CARG,"CarGurus, Inc.",NASDAQ,Internet Software/Services,29.73,31.4,32.67,33.83,34.85,32.98,33.61,33.67,31.43,32.59,31.46,28.64,4.1,4.36,1.3,1549875.5,1094210.5666666667,32530880.0,37018785.0,1.49,0.87,2648154572.9942236,-15.54,338,-15.13,242,-10.02,298,-13.56,-3.37,-8.99,2.01,2.17,84.4,0.193,11.61,False,False,False,False,False,False,False,False,False,False,True,False,False,False,True,False,2026-11-10,False,False,3,"LoD>60% ATR, thin RVOL, below 200-MA",RVOL,1,https://www.tradingview.com/chart/?symbol=NASDAQ:CARG&interval=D,False,False,False
NYT,New York Times Company (The),NYSE,Publishing: Newspapers,63.71,64.89,66.78,67.0,67.81,71.0,74.35,73.68,64.72,66.02,63.98,62.96,4.12,3.6,2.29,4515980.3,2891017.2,184186706.0,193705862.0,0.34,0.41,10275376838.793251,-5.61,239,-11.24,214,-25.26,359,-14.04,-1.68,-4.6,0.97,0.44,32.9,0.19,14.85,False,False,False,False,False,True,True,True,False,True,False,True,False,True,False,False,2026-11-11,False,False,5,below 200-MA,"near21, ADR",5,https://www.tradingview.com/chart/?symbol=NYSE:NYT&interval=D,False,False,False
KGS,"Kodiak Gas Services, Inc.",NYSE,Oilfield Services/Equipment,53.56,53.97,57.48,58.26,59.04,64.45,63.24,57.9,54.2,56.28,53.92,52.52,4.37,4.53,2.43,2055875.6,1887171.2666666666,101076893.0,109942824.0,0.45,0.06,5415132208.686427,-8.63,265,-26.64,331,-7.03,283,-14.1,-2.05,-6.81,1.06,0.58,43.0,0.296,19.58,False,False,False,False,False,True,True,True,False,True,False,True,False,False,False,False,2026-11-11,False,False,4,"thin RVOL, below 200-MA","near21, ADR",5,https://www.tradingview.com/chart/?symbol=NYSE:KGS&interval=D,False,False,False
INSM,Insmed Incorporated,NASDAQ,Pharmaceuticals: Major,108.59,117.56,121.53,122.12,119.74,112.82,123.26,133.52,116.8,119.42,116.19,108.48,4.53,4.54,4.94,2341987.9,2042438.9333333333,221788444.0,249429451.0,1.18,0.47,23714046985.105576,-10.96,296,1.01,146,-32.77,383,-14.24,-2.05,-10.65,2.0,1.56,2.2,0.17,19.06,False,False,False,False,False,False,False,False,False,False,True,True,False,True,False,False,2026-10-22,False,False,5,below 200-MA,,2,https://www.tradingview.com/chart/?symbol=NASDAQ:INSM&interval=D,False,False,False
FIGR,"Figure Technology Solutions, Inc.",NASDAQ,Finance/Rental/Leasing,28.54,32.31,33.95,34.96,32.74,32.38,32.89,36.54,31.33,32.83,29.0,27.51,7.52,8.19,2.34,5657875.5,4656060.233333333,132883959.0,162764226.0,0.9,0.0,6403744455.800346,-19.51,377,-12.64,224,-11.78,308,-14.64,-1.57,-15.94,1.6,0.64,44.1,0.349,14.82,False,False,False,False,False,False,True,True,False,True,False,True,False,False,False,False,2026-11-12,False,False,4,"thin RVOL, below 200-MA",ADR,4,https://www.tradingview.com/chart/?symbol=NASDAQ:FIGR&interval=D,False,False,False
NN,NextNav Inc.,NASDAQ,Packaged Software,13.76,14.47,14.81,15.18,15.36,17.11,17.29,16.93,14.39,14.81,14.61,13.74,6.45,6.95,0.96,2529527.4,2333633.7,32110800.0,35432338.0,0.97,0.35,2322824325.4297633,-11.17,297,-22.22,297,-11.4,306,-14.93,-1.5,-7.11,1.02,0.91,2.1,0.154,20.47,False,False,False,False,False,True,True,False,False,True,False,True,False,False,False,False,2026-11-05,False,False,4,"thin RVOL, below 200-MA",near21,4,https://www.tradingview.com/chart/?symbol=NASDAQ:NN&interval=D,False,False,False
AN,"AutoNation, Inc.",NYSE,Specialty Stores,164.99,164.22,183.53,188.95,197.68,194.81,195.49,198.85,167.46,178.06,167.59,156.5,5.1,4.58,7.55,695235.4,566880.6,93529630.0,107114357.0,0.98,0.51,5454702512.263657,-17.67,359,-11.21,213,-16.11,326,-15.0,-3.61,-10.1,1.6,1.47,112.4,0.455,20.99,False,False,False,False,False,False,False,False,False,False,True,False,False,False,False,False,2026-10-22,False,False,3,"LoD>60% ATR, thin RVOL, below 200-MA",,1,https://www.tradingview.com/chart/?symbol=NYSE:AN&interval=D,False,False,False
AESI,Atlas Energy Solutions Inc.,NYSE,Oilfield Services/Equipment,11.69,12.15,12.92,12.82,12.33,14.47,14.22,13.36,12.17,12.51,12.3,11.67,6.52,7.4,0.86,4546519.2,3513019.1333333333,41067194.0,45043931.0,0.64,2.41,1461290430.2689426,-10.49,287,-26.25,329,-8.89,290,-15.21,-0.7,-9.53,0.88,0.73,2.3,0.306,19.86,False,False,False,False,False,True,True,False,False,True,False,True,False,False,False,False,2026-11-02,False,True,3,"thin RVOL, below 200-MA, large gap",near21,4,https://www.tradingview.com/chart/?symbol=NYSE:AESI&interval=D,False,False,False
NG,Novagold Resources Inc.,AMEX,Precious Metals,6.42,7.01,7.32,7.83,7.45,7.31,8.08,8.61,6.9,7.24,6.52,6.33,5.37,6.41,0.41,5466329.7,5734195.366666666,36813534.0,44910218.0,0.79,-0.31,2816971706.824615,-21.52,388,1.42,145,-26.04,361,-15.38,-2.15,-12.34,1.76,0.46,21.9,0.287,24.92,False,False,False,False,False,False,True,True,False,True,False,True,False,False,False,False,2026-10-08,False,False,4,"thin RVOL, below 200-MA",ADR,4,https://www.tradingview.com/chart/?symbol=AMEX:NG&interval=D,False,False,False
MIAX,"Miami International Holdings, Inc.",NYSE,Investment Banks/Brokers,33.75,35.48,38.36,39.85,41.57,42.68,42.66,42.69,35.42,37.57,34.47,33.51,4.2,4.51,1.52,1958488.1,1543904.7,52106784.0,61530263.0,0.98,0.6,3349042740.0,-18.18,365,-14.23,235,-13.86,317,-15.42,-4.17,-12.03,2.25,0.63,16.1,0.358,21.35,False,False,False,False,False,False,True,True,False,True,False,True,False,False,False,False,2026-11-11,False,False,4,"thin RVOL, below 200-MA",ADR,4,https://www.tradingview.com/chart/?symbol=NYSE:MIAX&interval=D,False,False,False
MIR,"Mirion Technologies, Inc.",NYSE,Aerospace & Defense,14.35,15.33,15.77,15.51,15.57,16.51,17.55,19.18,15.03,15.38,14.65,14.04,4.51,4.69,0.67,4046380.4,3660505.8333333335,52528259.0,56763464.0,0.92,0.99,3573690197.2131734,-5.96,242,-20.72,282,-19.83,339,-15.5,-1.67,-9.02,1.43,0.91,46.0,0.218,26.85,False,False,False,False,False,True,True,False,False,True,False,True,False,False,False,False,2026-11-03,False,False,4,"thin RVOL, below 200-MA",near21,4,https://www.tradingview.com/chart/?symbol=NYSE:MIR&interval=D,False,False,False
ERAS,"Erasca, Inc.",NASDAQ,Pharmaceuticals: Major,14.58,14.57,15.26,16.1,17.0,15.92,15.74,13.92,14.7,15.35,15.01,14.33,6.55,6.93,1.01,4729312.6,4485322.2,65395998.0,72192008.0,0.72,0.0,5099530255.379264,-17.06,353,-18.37,265,-11.15,303,-15.53,-2.06,-4.43,0.72,0.67,24.8,0.209,21.11,False,False,False,True,False,True,True,True,False,True,False,True,False,False,False,False,2026-11-11,False,False,5,thin RVOL,"near21, ADR",6,https://www.tradingview.com/chart/?symbol=NASDAQ:ERAS&interval=D,False,False,False
AVAV,"AeroVironment, Inc.",NASDAQ,Aerospace & Defense,140.31,151.65,151.1,150.75,158.46,162.39,174.5,201.72,148.49,151.54,143.53,138.4,5.59,5.83,8.17,1374395.9,1971664.9666666666,276644311.0,297236052.0,0.89,0.39,7130652702.118759,-3.88,219,-22.16,295,-20.56,344,-15.53,-1.97,-7.14,1.27,0.63,23.4,0.185,36.08,False,False,False,False,False,True,True,True,False,True,False,True,False,False,False,False,2026-12-08,False,False,4,"thin RVOL, below 200-MA","near21, ADR",5,https://www.tradingview.com/chart/?symbol=NASDAQ:AVAV&interval=D,False,False,False
RRR,"Red Rock Resorts, Inc.",NASDAQ,Hotels/Resorts/Cruise lines,48.93,50.1,52.58,54.61,58.12,59.13,58.25,59.38,50.5,52.59,49.94,47.5,4.25,4.05,1.98,1492222.5,1072626.1666666667,52483598.0,58581478.0,1.1,0.0,5138442288.703673,-12.87,314,-23.92,312,-9.87,297,-15.55,-3.9,-6.94,1.72,1.23,72.3,0.21,18.97,False,False,False,False,False,False,False,False,False,False,True,False,False,False,False,False,2026-11-03,False,False,3,"LoD>60% ATR, thin RVOL, below 200-MA",,1,https://www.tradingview.com/chart/?symbol=NASDAQ:RRR&interval=D,False,False,False
LGN,Legence Corp.,NASDAQ,Engineering & Construction,51.67,53.5,53.87,54.54,58.69,70.13,68.59,63.32,53.29,54.44,54.34,50.59,4.37,5.47,2.83,954076.0,891973.8333333334,46088288.0,48652564.0,2.13,-0.75,5584259910.681818,-1.58,194,-35.41,378,-9.72,296,-15.57,-2.19,-4.08,0.93,1.33,38.2,0.104,32.19,False,False,False,False,False,True,False,False,False,True,True,True,True,True,True,False,2026-11-13,False,False,5,below 200-MA,"near21, RVOL",3,https://www.tradingview.com/chart/?symbol=NASDAQ:LGN&interval=D,False,False,False
EYE,"National Vision Holdings, Inc.",NASDAQ,Specialty Stores,16.4,16.45,16.67,17.03,18.64,18.39,20.79,22.43,16.47,16.86,16.62,16.24,4.42,4.47,0.73,2465358.0,2276903.1333333333,37341211.0,38785906.0,0.68,0.61,1296736667.1794872,-3.93,221,-14.54,239,-28.57,369,-15.68,-2.69,-1.6,0.61,0.52,21.8,0.097,36.47,False,False,False,False,True,True,True,True,True,True,False,True,False,False,False,False,2026-11-11,False,False,4,"thin RVOL, below 200-MA","near21, ADR, BB",7,https://www.tradingview.com/chart/?symbol=NASDAQ:EYE&interval=D,False,False,False
PENN,"PENN Entertainment, Inc.",NASDAQ,Casinos/Gaming,14.52,15.42,16.42,16.8,17.99,18.86,17.72,16.74,15.42,16.22,14.84,14.13,4.3,4.42,0.64,3697786.4,2957009.7333333334,42935781.0,49682199.0,1.33,0.2,1946646826.83686,-13.42,319,-32.43,374,-1.43,263,-15.76,-4.36,-11.57,2.38,1.11,60.8,0.273,23.72,False,False,False,False,False,False,False,False,False,False,True,False,False,False,True,False,2026-10-29,False,False,3,"LoD>60% ATR, thin RVOL, below 200-MA",RVOL,1,https://www.tradingview.com/chart/?symbol=NASDAQ:PENN&interval=D,False,False,False
RKT,"Rocket Companies, Inc.",NYSE,Finance/Rental/Leasing,11.97,12.04,12.72,13.09,13.39,13.73,14.17,15.6,12.09,12.57,12.04,11.25,4.69,5.09,0.61,42811103.8,32216590.766666666,385632591.0,421801084.0,1.19,-0.78,33894759631.99653,-8.63,264,-24.67,318,-14.13,319,-15.81,-2.09,-5.93,0.94,1.29,118.2,0.252,29.69,False,False,False,False,False,True,False,False,False,True,True,False,False,True,False,False,2026-10-29,False,False,4,"LoD>60% ATR, below 200-MA",near21,2,https://www.tradingview.com/chart/?symbol=NYSE:RKT&interval=D,False,False,False
LUMN,"Lumen Technologies, Inc.",NYSE,Major Telecommunications,5.59,5.92,6.35,6.28,6.31,7.32,7.42,7.57,5.88,6.12,5.72,5.38,5.28,5.54,0.31,13947787.2,12859356.3,71883802.0,80718179.0,1.72,-0.18,5765779880.830357,-8.21,261,-22.36,301,-17.19,331,-15.92,-2.06,-12.03,1.57,1.1,67.8,0.325,29.43,False,False,False,False,False,False,False,False,False,False,True,False,True,True,True,False,2026-11-04,False,False,4,"LoD>60% ATR, below 200-MA",RVOL,1,https://www.tradingview.com/chart/?symbol=NYSE:LUMN&interval=D,False,False,False
COUR,"Coursera, Inc.",NYSE,Miscellaneous Commercial Services,5.08,4.99,5.21,5.53,5.6,5.55,5.7,5.95,5.02,5.22,5.17,4.9,4.07,4.97,0.25,8946887.0,5958329.5,30268314.0,32955520.0,0.84,0.4,1343151979.516129,-20.87,383,-15.89,247,-11.65,307,-16.14,-1.85,-2.44,0.54,1.06,70.1,0.241,18.78,False,False,False,False,True,True,False,False,False,True,True,False,False,False,False,False,2026-10-22,False,False,3,"LoD>60% ATR, thin RVOL, below 200-MA",near21,3,https://www.tradingview.com/chart/?symbol=NYSE:COUR&interval=D,False,False,False
ENPH,"Enphase Energy, Inc.",NASDAQ,Electrical Products,32.82,33.07,34.85,35.7,37.07,44.09,41.92,41.22,33.21,34.54,33.24,31.58,4.76,5.43,1.78,5474755.3,4548028.866666666,149266307.0,162357808.0,0.95,-1.21,4336987241.388906,-7.96,254,-29.98,355,-10.92,302,-16.29,-2.11,-5.83,0.92,0.93,69.5,0.236,33.58,False,False,False,False,False,True,True,False,False,True,False,False,False,False,False,False,2026-10-27,False,False,3,"LoD>60% ATR, thin RVOL, below 200-MA",near21,3,https://www.tradingview.com/chart/?symbol=NASDAQ:ENPH&interval=D,False,False,False
AXON,"Axon Enterprise, Inc.",NASDAQ,Aerospace & Defense,422.21,437.39,461.78,503.32,531.36,502.75,483.92,497.65,438.08,466.4,429.17,411.8,4.72,5.36,22.63,980205.4,966609.0666666667,408112014.0,486515286.0,0.84,0.98,34299246617.090176,-24.27,402,-28.08,339,1.73,257,-16.87,-3.83,-8.57,1.77,0.77,46.0,0.283,22.26,False,False,False,False,False,False,True,False,False,False,False,True,False,True,False,False,2026-11-10,False,False,5,below 200-MA,,3,https://www.tradingview.com/chart/?symbol=NASDAQ:AXON&interval=D,False,False,False
ALM,Almonty Industries Inc.,NASDAQ,Other Metals/Minerals,13.18,13.53,14.83,15.94,15.01,16.14,17.15,15.67,13.64,14.44,13.36,12.76,6.59,8.41,1.11,6457198.0,6429666.466666667,84743004.0,102509244.0,1.03,-1.44,3802176153.800912,-23.53,398,-19.76,278,-7.38,286,-16.89,-1.45,-11.12,1.04,0.54,37.9,0.52,27.42,False,False,False,False,False,True,True,True,False,True,False,True,False,False,False,False,2026-11-17,False,False,4,"thin RVOL, below 200-MA","near21, ADR",5,https://www.tradingview.com/chart/?symbol=NASDAQ:ALM&interval=D,False,False,False
FSLR,"First Solar, Inc.",NASDAQ,Semiconductors,172.11,183.56,194.08,198.32,208.14,228.48,218.23,224.64,181.97,191.2,174.75,168.6,5.09,5.25,9.03,2743087.7,2228919.566666667,383619347.0,442048987.0,0.92,-0.38,18496625529.977108,-13.51,320,-25.84,326,-12.53,312,-17.29,-3.3,-11.32,1.9,0.68,38.9,0.286,26.1,False,False,False,False,False,False,True,True,False,True,False,True,False,True,False,False,2026-10-29,False,False,5,below 200-MA,ADR,4,https://www.tradingview.com/chart/?symbol=NASDAQ:FSLR&interval=D,False,False,False
BBAI,"BigBear.ai, Inc.",NYSE,Packaged Software,2.74,2.77,2.82,2.9,2.96,3.41,3.54,3.98,2.75,2.83,2.86,2.63,4.42,4.93,0.13,14226495.8,15485339.4,42429830.0,44964264.0,1.66,0.75,1313814996.1735852,-9.87,274,-24.93,320,-17.1,330,-17.3,-1.48,-2.73,0.63,1.69,81.5,0.128,44.2,False,False,False,False,True,True,False,False,False,True,True,False,True,True,True,False,2026-11-11,False,False,4,"LoD>60% ATR, below 200-MA","near21, RVOL",3,https://www.tradingview.com/chart/?symbol=NYSE:BBAI&interval=D,False,False,False
TRU,TransUnion,NYSE,Financial Publishing/Services,62.18,67.72,72.75,76.68,77.95,74.65,73.82,75.54,67.21,71.51,64.13,60.96,4.08,4.6,2.86,3247139.3,2437420.966666667,151558836.0,186895752.0,1.31,1.91,11913688170.913612,-26.34,412,-17.29,256,-8.6,288,-17.41,-4.39,-14.52,2.83,1.11,42.6,0.337,16.46,False,False,False,False,False,False,False,False,False,False,True,True,False,True,True,False,2026-10-27,False,False,5,below 200-MA,RVOL,2,https://www.tradingview.com/chart/?symbol=NYSE:TRU&interval=D,False,False,False
EROC,"ERock, Inc.",NYSE,Electrical Products,12.15,12.49,12.37,12.45,12.31,,,,12.3,12.4,12.62,11.72,7.21,8.93,1.08,2677996.1,2474400.566666667,30063967.0,30806287.0,0.95,0.73,2665711017.7854815,5.84,130,-19.85,279,-39.55,402,-17.86,-0.14,-1.75,0.23,0.83,39.6,0.209,1.5,False,False,False,False,True,True,True,False,False,True,False,True,False,False,False,True,2026-12-02,False,False,4,"thin RVOL, below 200-MA",near21,6,https://www.tradingview.com/chart/?symbol=NYSE:EROC&interval=D,False,False,False
PLUG,"Plug Power, Inc.",NASDAQ,Electronic Production Equipment,1.89,1.99,2.05,2.1,2.12,2.56,2.58,2.47,1.97,2.03,1.93,1.86,4.8,5.74,0.11,47570708.1,50457432.833333336,95364548.0,105826056.0,0.92,-1.03,2640698987.427835,-10.43,285,-29.48,353,-13.7,314,-17.87,-1.86,-7.89,1.23,0.65,27.7,0.196,31.19,False,False,False,False,False,True,True,False,False,True,False,True,False,False,False,False,2026-11-10,False,False,4,"thin RVOL, below 200-MA",near21,4,https://www.tradingview.com/chart/?symbol=NASDAQ:PLUG&interval=D,False,False,False
USAR,"USA Rare Earth, Inc.",NASDAQ,Metal Fabrication,13.8,15.19,15.77,16.62,16.75,19.42,19.54,19.31,14.88,15.69,14.2,13.47,5.16,6.91,0.95,13649389.8,13402918.633333333,184960277.0,222720767.0,0.98,0.0,5176056618.366477,-19.46,376,-31.65,368,-2.65,266,-17.92,-2.55,-12.48,1.74,0.76,34.5,0.298,31.53,False,False,False,False,False,False,True,False,False,False,False,True,False,False,False,False,2026-11-05,False,False,4,"thin RVOL, below 200-MA",,3,https://www.tradingview.com/chart/?symbol=NASDAQ:USAR&interval=D,False,False,False
UAA,"Under Armour, Inc.",NYSE,Apparel/Footwear,4.64,4.55,4.8,4.92,5.43,5.74,5.93,5.97,4.57,4.78,4.72,4.4,4.2,4.6,0.21,11641129.5,8921421.633333333,41395396.0,43872578.0,1.47,-1.12,1969487372.3766816,-6.26,244,-29.59,354,-18.17,334,-18.01,-3.18,-3.27,0.63,1.47,112.3,0.244,30.55,False,False,False,False,False,True,False,False,False,True,True,False,False,False,True,False,2026-11-05,False,False,3,"LoD>60% ATR, thin RVOL, below 200-MA","near21, RVOL",2,https://www.tradingview.com/chart/?symbol=NYSE:UAA&interval=D,False,False,False
DKNG,DraftKings Inc.,NASDAQ,Movies/Entertainment,19.35,20.92,22.48,23.29,23.63,24.65,24.31,25.8,20.86,22.05,19.39,18.55,6.15,5.97,1.15,18002740.7,12441716.566666666,240747216.0,289804904.0,0.77,0.95,9606386274.868422,-18.97,371,-24.6,316,-11.36,305,-18.31,-3.04,-13.93,2.05,0.73,69.3,0.322,25.27,False,False,False,False,False,False,True,True,False,True,False,False,False,False,False,False,2026-10-30,False,False,3,"LoD>60% ATR, thin RVOL, below 200-MA",ADR,3,https://www.tradingview.com/chart/?symbol=NASDAQ:DKNG&interval=D,False,False,False
TPL,Texas Pacific Land Corporation,NYSE,Investment Trusts/Mutual Funds,336.46,341.89,353.58,359.54,366.93,380.59,410.93,396.71,340.47,349.97,338.29,325.22,4.07,4.12,13.86,468614.8999999996,390142.69999999995,131267413.0,140271646.0,0.73,0.05,23207219216.329803,-10.79,295,-19.4,274,-25.08,358,-18.42,-2.02,-4.84,0.94,0.94,81.1,0.182,20.52,False,False,False,False,False,True,True,False,False,True,False,False,False,True,False,False,2026-11-04,False,False,4,"LoD>60% ATR, below 200-MA",near21,3,https://www.tradingview.com/chart/?symbol=NYSE:TPL&interval=D,False,False,False
NNE,Nano Nuclear Energy Inc.,NASDAQ,Electrical Products,15.73,16.47,16.78,17.31,17.53,20.35,21.37,23.49,16.33,16.79,16.15,15.52,5.34,6.4,1.01,2102402.5,1793802.4666666666,28216513.0,31050123.0,0.86,0.0,844671809.6851736,-9.65,272,-25.02,322,-20.84,347,-18.5,-1.6,-6.27,0.99,0.63,20.8,0.231,44.62,False,False,False,False,False,True,True,False,False,True,False,True,False,False,False,False,2026-12-17,False,False,4,"thin RVOL, below 200-MA",near21,4,https://www.tradingview.com/chart/?symbol=NASDAQ:NNE&interval=D,False,False,False
MIRM,"Mirum Pharmaceuticals, Inc.",NASDAQ,Pharmaceuticals: Major,83.92,88.85,93.68,95.12,98.83,103.57,100.4,98.16,88.88,92.39,86.17,83.68,4.61,4.6,3.86,889188.8,662934.3333333334,55633449.0,63059419.0,0.7,-0.07,5449110873.918577,-14.23,328,-30.98,363,-10.38,299,-18.53,-3.28,-10.42,1.99,0.64,6.1,0.228,17.54,False,False,False,False,False,False,True,True,False,True,False,True,False,False,False,False,2026-11-17,False,False,4,"thin RVOL, below 200-MA",ADR,4,https://www.tradingview.com/chart/?symbol=NASDAQ:MIRM&interval=D,False,False,False
LEU,Centrus Energy Corp.,NYSE,Other Metals/Minerals,139.11,146.08,153.38,162.33,169.67,171.28,180.46,200.94,145.01,152.79,140.68,135.74,4.92,6.59,9.16,679286.5,711480.7333333321,98974085.0,115493482.0,0.77,-0.35,2845231923.769088,-16.64,349,-18.65,268,-20.59,345,-18.63,-2.74,-9.3,1.36,0.54,36.7,0.371,39.44,False,False,False,False,False,True,True,True,False,True,False,True,False,False,False,False,2026-11-11,False,False,4,"thin RVOL, below 200-MA","near21, ADR",5,https://www.tradingview.com/chart/?symbol=NYSE:LEU&interval=D,False,False,False
BOOT,"Boot Barn Holdings, Inc.",NYSE,Apparel/Footwear Retail,120.98,123.98,131.95,140.15,147.86,154.44,157.36,165.59,124.96,131.83,123.42,119.52,4.55,4.67,5.65,668714.5,664811.9333333333,80428948.0,93173392.0,0.74,0.39,3663860397.314353,-18.95,370,-24.93,321,-12.84,313,-18.91,-3.89,-8.31,1.76,0.69,25.9,0.34,34.39,False,False,False,False,False,False,True,True,False,True,False,True,False,False,False,False,2026-11-04,False,False,4,"thin RVOL, below 200-MA",ADR,4,https://www.tradingview.com/chart/?symbol=NYSE:BOOT&interval=D,False,False,False
SMR,NuScale Power Corporation,NYSE,Electrical Products,7.79,8.29,8.87,9.04,9.03,9.73,10.36,11.99,8.24,8.62,8.08,7.78,6.2,7.6,0.59,35680840.3,37567223.13333333,292648668.0,339469951.0,0.81,0.25,3347544363.0329113,-12.47,308,-23.63,311,-21.47,349,-19.19,-1.81,-12.19,1.26,0.51,1.7,0.429,47.57,False,False,False,False,False,True,True,True,False,True,False,True,False,False,False,False,2026-11-05,False,False,4,"thin RVOL, below 200-MA","near21, ADR",5,https://www.tradingview.com/chart/?symbol=NYSE:SMR&interval=D,False,False,False
PRIM,Primoris Services Corporation,NYSE,Engineering & Construction,76.25,74.56,74.78,74.96,78.23,90.81,110.85,119.21,74.52,75.19,76.73,72.9,4.0,4.47,3.41,1373698.4,1224554.7,93372296.0,91792620.0,0.99,0.27,4104714885.6179547,6.85,120,-18.02,264,-47.82,415,-19.66,-0.57,1.97,0.32,1.12,98.2,0.091,58.57,False,False,False,False,True,True,False,False,True,True,True,False,False,False,False,False,2026-11-09,False,False,3,"LoD>60% ATR, thin RVOL, below 200-MA","near21, BB",4,https://www.tradingview.com/chart/?symbol=NYSE:PRIM&interval=D,False,False,False
AIR,AAR Corp.,NYSE,Aerospace & Defense,99.9,112.61,117.45,122.38,130.36,127.6,122.65,117.24,110.88,117.09,103.75,99.3,5.67,5.85,5.84,894790.7,510392.06666666665,50988167.0,62462972.0,1.16,-0.05,4015401632.4598403,-21.55,389,-30.52,361,-7.12,284,-19.73,-4.0,-14.94,2.51,0.76,10.3,0.269,17.77,False,False,False,False,False,False,True,False,False,False,False,True,False,False,False,False,2027-01-06,False,False,4,"thin RVOL, below 200-MA",,3,https://www.tradingview.com/chart/?symbol=NYSE:AIR&interval=D,False,False,False
FOUR,"Shift4 Payments, Inc.",NYSE,Miscellaneous Commercial Services,35.58,37.83,40.55,42.15,44.69,44.47,44.81,49.05,37.96,40.06,37.26,35.27,5.16,6.3,2.24,2390343.3,2144111.0,76287469.0,90382855.0,2.26,1.74,2809400697.372408,-14.72,334,-28.88,347,-15.63,323,-19.74,-3.24,-12.27,1.78,0.89,13.8,0.304,31.53,False,False,False,False,False,False,True,False,False,False,False,True,True,True,True,False,2026-11-11,False,False,5,below 200-MA,RVOL,3,https://www.tradingview.com/chart/?symbol=NYSE:FOUR&interval=D,False,False,False
ENOV,Enovis Corporation,NYSE,Medical Specialties,18.05,18.24,18.48,20.43,23.2,23.48,23.63,23.84,18.37,19.31,18.51,17.74,4.89,5.68,1.03,1727158.0,1761258.2000000002,31790711.0,35987789.0,0.61,-0.44,1040934335.6978655,-26.3,411,-12.34,221,-20.66,346,-19.76,-3.91,-2.34,1.15,0.75,30.2,0.116,31.03,False,False,False,False,True,True,True,False,False,True,False,True,False,False,False,False,2026-11-11,False,False,4,"thin RVOL, below 200-MA",near21,5,https://www.tradingview.com/chart/?symbol=NYSE:ENOV&interval=D,False,False,False
UEC,Uranium Energy Corp.,AMEX,Other Metals/Minerals,9.36,9.64,10.25,10.98,10.8,11.32,12.25,13.04,9.66,10.16,9.52,9.11,5.31,6.34,0.59,11068028.1,9591488.5,89776332.0,105282572.0,0.9,-0.63,4638672283.885715,-19.31,374,-12.85,226,-27.22,363,-19.79,-2.1,-8.69,1.24,0.69,42.1,0.321,36.42,False,False,False,False,False,True,True,False,False,True,False,True,False,False,False,False,2026-12-16,False,False,4,"thin RVOL, below 200-MA",near21,4,https://www.tradingview.com/chart/?symbol=AMEX:UEC&interval=D,False,False,False
NAMS,NewAmsterdam Pharma Company N.V.,NASDAQ,Pharmaceuticals: Major,24.16,23.23,23.16,24.3,25.79,29.58,30.27,31.22,23.46,23.78,24.84,24.06,5.19,5.49,1.33,2073232.4,1630071.3333333333,39382523.0,39610733.0,0.76,-0.37,2888018000.9736843,-4.39,226,-31.5,366,-23.67,353,-19.85,-1.15,4.31,0.29,0.58,7.5,0.228,33.35,False,False,False,False,False,True,True,True,False,True,False,True,False,False,False,False,2026-11-11,False,False,4,"thin RVOL, below 200-MA","near21, ADR",5,https://www.tradingview.com/chart/?symbol=NASDAQ:NAMS&interval=D,False,False,False
OKLO,Oklo Inc.,NYSE,Industrial Machinery,36.14,38.12,38.59,39.41,40.77,48.97,52.92,59.69,37.65,38.64,37.53,36.03,5.22,6.27,2.27,8572741.6,9839818.766666668,355611050.0,387790538.0,0.89,-0.73,6722678114.0810375,-8.16,260,-31.55,367,-21.35,348,-20.35,-1.81,-6.34,1.03,0.66,4.9,0.227,59.69,False,False,False,False,False,True,True,False,False,True,False,True,False,False,False,False,2026-11-18,False,False,4,"thin RVOL, below 200-MA",near21,4,https://www.tradingview.com/chart/?symbol=NYSE:OKLO&interval=D,False,False,False
GIL,"Gildan Activewear, Inc.",NYSE,Apparel/Footwear,41.92,43.78,46.51,48.84,51.35,53.37,55.29,58.06,43.69,46.16,42.87,41.18,4.31,4.47,1.87,2492471.3,1518258.0333333334,63645377.0,74148180.0,0.72,-0.05,7763242436.697344,-18.76,367,-18.95,271,-23.56,352,-20.42,-4.11,-9.87,2.06,0.9,39.5,0.323,34.07,False,False,False,False,False,False,True,False,False,False,False,True,False,False,False,False,2026-10-29,False,False,4,"thin RVOL, below 200-MA",,3,https://www.tradingview.com/chart/?symbol=NYSE:GIL&interval=D,False,False,False
UPST,"Upstart Holdings, Inc.",NASDAQ,Finance/Rental/Leasing,22.95,24.16,25.13,26.55,27.57,29.42,29.24,32.37,23.96,25.18,23.38,22.56,4.22,5.02,1.15,4898600.3,4327802.8,99323074.0,114913263.0,1.02,0.0,2233334460.0652456,-18.09,363,-36.32,383,-6.93,281,-20.45,-3.34,-8.69,1.76,0.72,34.3,0.243,35.79,False,False,False,False,False,False,True,False,False,False,False,True,False,False,False,False,2026-11-10,False,False,4,"thin RVOL, below 200-MA",,3,https://www.tradingview.com/chart/?symbol=NASDAQ:UPST&interval=D,False,False,False
IBP,"Installed Building Products, Inc.",NYSE,Engineering & Construction,192.7,198.6,205.27,217.78,225.42,220.45,242.0,255.75,198.17,206.44,194.01,186.64,4.07,4.71,9.08,440380.6,402103.73333333334,77485389.0,87571893.0,1.36,-0.46,5121807703.397435,-19.43,375,-14.61,240,-27.56,365,-20.53,-3.08,-6.12,1.41,0.81,66.7,0.262,29.66,False,False,False,False,False,True,True,False,False,True,False,False,False,False,True,False,2026-11-11,False,False,3,"LoD>60% ATR, thin RVOL, below 200-MA","near21, RVOL",3,https://www.tradingview.com/chart/?symbol=NYSE:IBP&interval=D,False,False,False
ACAD,ACADIA Pharmaceuticals Inc.,NASDAQ,Pharmaceuticals: Major,19.89,22.92,25.26,26.64,27.05,25.05,24.01,24.43,22.35,24.44,20.19,19.59,5.03,5.01,1.0,3164225.4,1938621.2,38559176.0,51636145.0,0.9,-0.99,3427156557.870968,-31.03,424,-21.72,290,-8.97,291,-20.58,-5.28,-21.25,3.72,0.6,30.1,0.495,20.77,False,False,False,False,False,False,True,True,False,True,False,True,False,False,False,False,2026-11-11,False,False,4,"thin RVOL, below 200-MA",ADR,4,https://www.tradingview.com/chart/?symbol=NASDAQ:ACAD&interval=D,False,False,False
ZG,"Zillow Group, Inc.",NASDAQ,Internet Software/Services,28.41,29.28,31.24,32.92,33.49,33.84,37.12,43.0,29.3,30.89,28.69,27.25,4.44,4.92,1.4,1170553.3,923142.5,26226478.0,30392774.0,0.67,1.08,6281437053.459206,-19.29,373,-13.94,232,-28.73,371,-20.65,-3.08,-9.06,1.63,1.03,83.0,0.308,48.3,False,False,False,False,False,False,False,False,False,False,True,False,False,False,False,False,2026-11-04,False,False,3,"LoD>60% ATR, thin RVOL, below 200-MA",,1,https://www.tradingview.com/chart/?symbol=NASDAQ:ZG&interval=D,False,False,False
NXT,Nextpower Inc.,NASDAQ,Electronic Equipment/Instruments,79.48,80.46,81.42,82.73,89.11,105.92,109.02,107.76,80.15,82.19,81.2,77.01,4.36,4.81,3.82,2202039.7,2068337.8333333333,164391491.0,171117036.0,1.01,1.1,12059462512.119596,-0.63,190,-32.17,372,-30.3,376,-21.03,-2.25,-2.39,0.69,1.1,64.7,0.102,35.94,False,False,False,False,True,True,False,False,False,True,True,False,False,True,False,False,2026-10-22,False,False,4,"LoD>60% ATR, below 200-MA",near21,3,https://www.tradingview.com/chart/?symbol=NASDAQ:NXT&interval=D,False,False,False
ASTS,"AST SpaceMobile, Inc.",NASDAQ,Specialty Telecommunications,57.04,60.33,60.84,61.05,62.71,73.85,77.54,81.14,59.86,60.82,60.09,56.92,6.54,7.19,4.1,11458253.7,9983717.433333334,569471242.0,609502621.0,1.11,0.77,22198114181.587498,-0.56,189,-34.75,377,-27.98,367,-21.1,-1.26,-6.24,0.86,0.77,2.9,0.135,36.49,False,False,False,False,False,True,True,False,False,True,False,True,False,True,False,False,2026-11-16,False,False,5,below 200-MA,near21,4,https://www.tradingview.com/chart/?symbol=NASDAQ:ASTS&interval=D,False,False,False
LUNR,"Intuitive Machines, Inc.",NASDAQ,Aerospace & Defense,14.05,15.05,14.8,15.27,15.26,20.65,21.08,20.2,14.78,15.02,14.53,13.92,6.72,7.31,1.03,8829354.3,7058321.8,99169421.0,107778221.0,0.93,0.46,3216383040.632023,-5.96,241,-30.5,360,-27.24,364,-21.23,-1.08,-5.06,0.89,0.59,12.7,0.192,44.73,False,False,False,False,False,True,True,True,False,True,False,True,False,False,False,False,2026-11-18,False,False,4,"thin RVOL, below 200-MA","near21, ADR",5,https://www.tradingview.com/chart/?symbol=NASDAQ:LUNR&interval=D,False,False,False
FDXF,"FedEx Freight Holding Company, Inc.",NYSE,Trucking,110.67,114.74,120.53,124.34,132.57,,,,114.7,120.06,112.08,107.67,4.04,4.33,4.8,2194103.1,1608213.1333333333,177980947.0,199969510.0,1.19,-0.27,16547172437.24136,-17.14,354,-28.91,348,-18.02,333,-21.36,-3.81,-8.18,1.8,0.92,62.5,0.221,16.11,False,False,False,False,False,False,True,False,False,False,False,False,False,True,False,False,2026-12-02,False,False,4,"LoD>60% ATR, below 200-MA",,2,https://www.tradingview.com/chart/?symbol=NYSE:FDXF&interval=D,False,False,False
LBRT,Liberty Energy Inc.,NYSE,Oilfield Services/Equipment,18.47,18.58,19.46,19.38,19.52,23.83,25.79,24.84,18.7,19.15,18.77,18.0,4.67,5.15,0.95,4391341.8,3705641.1333333333,68443192.0,71820266.0,0.91,-0.27,3014145441.841932,-6.34,245,-24.24,315,-33.7,387,-21.43,-1.04,-5.1,0.69,0.81,49.4,0.235,39.06,False,False,False,False,False,True,True,False,False,True,False,True,False,False,False,False,2026-10-21,False,False,4,"thin RVOL, below 200-MA",near21,4,https://www.tradingview.com/chart/?symbol=NYSE:LBRT&interval=D,False,False,False
AMPX,"Amprius Technologies, Inc.",NYSE,Electrical Products,9.61,9.67,9.62,9.75,10.14,12.74,14.47,13.45,9.63,9.74,9.99,9.36,5.76,6.33,0.61,6170724.1,4946552.433333334,47536369.0,48225589.0,0.87,-0.62,1403834873.7582645,-0.31,184,-28.18,341,-35.93,393,-21.47,-0.83,-0.11,0.22,1.04,41.1,0.119,50.45,False,False,False,False,True,True,False,False,False,True,True,True,False,False,False,False,2026-11-05,False,False,4,"thin RVOL, below 200-MA",near21,4,https://www.tradingview.com/chart/?symbol=NYSE:AMPX&interval=D,False,False,False
VSEC,VSE Corporation,NASDAQ,Engineering & Construction,160.76,174.98,183.71,193.54,202.77,199.37,198.16,198.59,174.09,183.57,165.6,157.9,4.94,5.56,8.93,428428.2,365541.9,58764516.0,70745883.0,1.46,-0.45,4511724802.673953,-20.53,380,-30.92,362,-13.82,315,-21.76,-3.73,-12.49,2.24,0.86,32.0,0.27,17.29,False,False,False,False,False,False,True,False,False,False,False,True,False,False,True,False,2026-10-28,False,False,4,"thin RVOL, below 200-MA",RVOL,3,https://www.tradingview.com/chart/?symbol=NASDAQ:VSEC&interval=D,False,False,False
PPC,Pilgrim's Pride Corporation,NASDAQ,Agricultural Commodities/Milling,25.2,27.86,28.97,29.82,29.15,28.82,31.09,33.63,27.61,28.53,27.16,25.12,4.06,4.28,1.08,1618174.8,1405348.1333333333,35414773.0,41913103.0,1.46,-0.22,6000335152.580525,-20.15,378,-11.76,219,-33.49,386,-21.8,-3.17,-13.0,2.73,1.89,7.0,0.2,22.9,False,False,False,False,False,False,False,False,False,False,True,True,False,False,True,False,2026-10-28,False,False,4,"thin RVOL, below 200-MA",RVOL,2,https://www.tradingview.com/chart/?symbol=NASDAQ:PPC&interval=D,False,False,False
MAIR,Madison Air Solutions Corporation,NYSE,Industrial Machinery,24.31,24.68,24.72,25.32,27.68,33.23,,,24.68,25.2,24.59,23.66,4.31,4.82,1.17,2769565.9,2896614.6333333333,70416702.0,73327799.0,1.9,-0.08,12196876642.18252,-5.99,243,-35.48,380,-24.03,356,-21.84,-2.53,-1.66,0.73,0.79,55.4,0.119,35.21,False,False,False,False,True,True,True,False,False,True,False,True,True,True,True,False,2026-12-02,False,False,5,below 200-MA,"near21, RVOL",5,https://www.tradingview.com/chart/?symbol=NYSE:MAIR&interval=D,False,False,False
CRK,"Comstock Resources, Inc.",NYSE,Oil & Gas Production,12.84,12.99,13.74,14.02,13.78,13.76,15.5,17.05,13.03,13.45,13.0,12.21,5.09,5.16,0.66,2709323.1,2805287.2333333334,36019888.0,39338543.0,0.89,-0.16,3770088089.201298,-18.84,368,-12.59,223,-34.39,390,-21.94,-1.33,-6.55,0.88,1.18,95.0,0.287,31.59,False,False,False,False,False,True,False,False,False,True,True,False,False,False,False,False,2026-11-03,False,False,3,"LoD>60% ATR, thin RVOL, below 200-MA",near21,2,https://www.tradingview.com/chart/?symbol=NYSE:CRK&interval=D,False,False,False
RSI,"Rush Street Interactive, Inc.",NYSE,Casinos/Gaming,19.95,20.56,23.45,24.32,25.43,27.42,25.84,24.0,20.97,22.64,20.41,19.55,5.92,5.87,1.17,5138506.8,3197715.8,63794430.0,77758855.0,0.6,-0.05,4623878390.887851,-21.95,392,-36.46,384,-7.64,287,-22.02,-3.67,-14.92,2.02,0.73,34.1,0.515,34.4,False,False,False,False,False,False,True,True,False,True,False,True,False,False,False,False,2026-11-04,False,False,4,"thin RVOL, below 200-MA",ADR,4,https://www.tradingview.com/chart/?symbol=NYSE:RSI&interval=D,False,False,False
Z,"Zillow Group, Inc.",NASDAQ,Internet Software/Services,27.75,28.63,30.58,32.18,32.89,33.48,36.87,42.95,28.63,30.22,28.06,26.67,4.34,4.88,1.35,5231383.6,3849897.4,106834653.0,123883282.0,0.87,1.99,6264418177.497235,-18.86,369,-16.99,254,-30.24,375,-22.03,-3.2,-9.25,1.67,1.03,79.7,0.314,51.62,False,False,False,False,False,False,False,False,False,False,True,False,False,False,False,False,2026-11-04,False,False,3,"LoD>60% ATR, thin RVOL, below 200-MA",,1,https://www.tradingview.com/chart/?symbol=NASDAQ:Z&interval=D,False,False,False
ALKT,"Alkami Technology, Inc.",NASDAQ,Packaged Software,14.04,15.28,17.35,18.28,18.58,17.7,17.4,18.09,15.08,16.63,14.32,13.78,5.76,6.56,0.92,2877191.7,1874908.2666666666,26323712.0,34272073.0,0.66,1.1,1501465331.3075237,-30.22,422,-25.36,324,-10.91,301,-22.16,-3.73,-19.08,2.37,0.59,28.8,0.604,23.52,False,False,False,False,False,False,True,True,False,True,False,True,False,False,False,False,2026-10-29,False,False,4,"thin RVOL, below 200-MA",ADR,4,https://www.tradingview.com/chart/?symbol=NASDAQ:ALKT&interval=D,False,False,False
XRAY,DENTSPLY SIRONA Inc.,NASDAQ,Medical Specialties,8.74,9.35,9.94,10.29,11.21,11.1,11.4,11.62,9.32,9.85,8.9,8.61,4.3,4.75,0.42,5499635.6,4412490.1,38565163.0,45386138.0,1.02,-0.11,1742352860.1015804,-21.68,391,-22.52,302,-23.0,351,-22.4,-4.64,-12.03,2.37,0.7,31.3,0.312,26.01,False,False,False,False,False,False,True,False,False,False,False,True,False,False,False,False,2026-10-29,False,False,4,"thin RVOL, below 200-MA",,3,https://www.tradingview.com/chart/?symbol=NASDAQ:XRAY&interval=D,False,False,False
FTFT,Future FinTech Group Inc.,NASDAQ,Finance/Rental/Leasing,3.36,4.2,4.03,3.47,3.55,8.48,13.06,19.88,4.02,3.99,3.46,3.2,43.42,31.2,1.05,933567.5,11026239.35,37048164.0,38234808.0,0.08,0.0,27140373.317647062,82.61,5,-67.79,431,-82.93,433,-22.7,-0.17,-16.66,0.51,0.25,15.3,1.78,486.02,False,False,False,False,False,True,True,True,False,True,False,True,False,False,False,False,,False,False,4,"thin RVOL, below 200-MA","near21, ADR",5,https://www.tradingview.com/chart/?symbol=NASDAQ:FTFT&interval=D,True,False,False
TRIP,"TripAdvisor, Inc.",NASDAQ,Other Consumer Services,8.38,8.47,8.76,9.12,10.44,11.34,11.08,11.58,8.51,8.9,8.51,8.25,4.11,4.66,0.39,4612873.5,3981480.533333333,33344899.0,36315748.0,0.67,0.72,981544465.6959381,-10.71,292,-39.75,395,-18.37,335,-22.94,-4.24,-4.39,1.27,0.67,32.0,0.16,37.13,False,False,False,False,False,True,True,False,False,True,False,True,False,False,False,False,2026-11-09,False,False,4,"thin RVOL, below 200-MA",near21,4,https://www.tradingview.com/chart/?symbol=NASDAQ:TRIP&interval=D,False,False,False
DNN,Denison Mines Corp,AMEX,Other Metals/Minerals,2.54,2.71,2.92,3.09,3.08,3.15,3.35,3.39,2.7,2.86,2.61,2.52,4.74,5.52,0.14,25189565.1,25977483.566666666,65982808.0,80287743.0,0.69,-0.39,2299248994.498645,-22.8,397,-19.62,277,-27.64,366,-23.35,-3.18,-12.89,2.03,0.64,14.3,0.392,26.7,False,False,False,False,False,False,True,True,False,True,False,True,False,False,False,False,2026-11-03,False,False,4,"thin RVOL, below 200-MA",ADR,4,https://www.tradingview.com/chart/?symbol=AMEX:DNN&interval=D,False,False,False
ESAB,ESAB Corporation,NYSE,Industrial Machinery,67.11,67.54,69.02,72.04,77.99,84.99,90.68,98.3,67.84,70.03,68.73,64.99,4.22,4.54,3.05,1064806.5,902776.4333333333,60585326.0,65036014.0,0.72,-0.17,4172081456.3000913,-10.3,283,-29.36,352,-30.56,378,-23.41,-3.07,-2.77,0.92,1.23,69.6,0.178,45.84,False,False,False,False,True,True,False,False,False,True,True,False,False,False,False,False,2026-11-04,False,False,3,"LoD>60% ATR, thin RVOL, below 200-MA",near21,3,https://www.tradingview.com/chart/?symbol=NYSE:ESAB&interval=D,False,False,False
QXO,"QXO, Inc.",NYSE,Wholesale Distributors,12.05,12.08,12.23,12.66,13.39,14.83,16.83,18.48,12.05,12.37,12.18,11.37,4.55,4.98,0.6,23066062.8,17381701.7,209449505.0,220040756.0,0.96,-0.77,12501762759.764757,-8.02,255,-27.01,334,-35.39,392,-23.47,-2.01,-1.49,0.51,1.35,113.4,0.203,53.13,False,False,False,False,True,True,False,False,False,True,True,False,False,True,False,False,2026-11-17,False,False,4,"LoD>60% ATR, below 200-MA",near21,3,https://www.tradingview.com/chart/?symbol=NYSE:QXO&interval=D,False,False,False
KTOS,"Kratos Defense & Security Solutions, Inc.",NASDAQ,Aerospace & Defense,42.82,45.45,46.47,48.51,51.29,52.54,60.08,69.1,44.89,46.88,43.5,41.83,4.83,5.33,2.28,4590745.2,3737139.6333333333,160024319.0,181277432.0,1.06,0.81,8038227037.9508095,-14.68,333,-22.69,303,-34.41,391,-23.93,-3.1,-7.86,1.62,0.73,43.4,0.155,55.25,False,False,False,False,False,False,True,False,False,False,False,True,False,False,False,False,2026-10-29,False,False,4,"thin RVOL, below 200-MA",,3,https://www.tradingview.com/chart/?symbol=NASDAQ:KTOS&interval=D,False,False,False
HUBG,"Hub Group, Inc.",NASDAQ,Air Freight/Couriers,30.15,30.84,33.0,35.12,38.99,41.55,40.84,41.85,31.05,33.14,30.33,29.37,4.81,4.8,1.45,1279799.7,1278266.4666666666,38539734.0,44889310.0,0.72,0.61,1843778280.836714,-24.04,400,-31.99,371,-15.88,325,-23.97,-4.72,-8.63,1.88,0.66,53.9,0.296,36.49,False,False,False,False,False,False,True,True,False,True,False,True,False,False,False,False,2026-10-22,False,False,4,"thin RVOL, below 200-MA",ADR,4,https://www.tradingview.com/chart/?symbol=NASDAQ:HUBG&interval=D,False,False,False
CHWY,"Chewy, Inc.",NYSE,Internet Retail,17.72,18.87,20.31,21.47,21.97,21.21,22.73,24.57,18.87,20.02,18.49,17.58,4.61,5.26,0.93,10790819.3,9626622.8,170583756.0,206664338.0,0.72,0.33,7122151157.219781,-24.95,409,-14.35,236,-32.8,384,-24.03,-3.67,-12.76,2.18,0.98,15.0,0.36,32.14,False,False,False,False,False,False,True,False,False,False,False,True,False,False,False,False,2026-12-03,False,False,4,"thin RVOL, below 200-MA",,3,https://www.tradingview.com/chart/?symbol=NYSE:CHWY&interval=D,False,False,False
WING,Wingstop Inc.,NASDAQ,Restaurants,104.36,102.87,105.81,108.13,114.61,131.87,149.42,177.28,104.04,106.38,106.31,102.63,5.2,5.62,5.86,1409561.9,1275366.2333333334,133097220.0,137909177.0,0.62,0.28,2843032182.744614,-2.47,208,-41.04,398,-28.64,370,-24.05,-1.59,-1.37,0.34,0.63,29.5,0.201,71.3,False,False,False,False,True,True,True,True,False,True,False,True,False,False,False,False,2026-10-28,False,False,4,"thin RVOL, below 200-MA","near21, ADR",6,https://www.tradingview.com/chart/?symbol=NASDAQ:WING&interval=D,False,False,False
FLUT,Flutter Entertainment plc,NYSE,Casinos/Gaming,76.47,81.81,90.52,93.71,96.28,99.47,101.89,121.21,81.63,87.64,77.12,74.54,5.52,5.51,4.22,3497094.6,2824116.7,215960204.0,264648917.0,0.84,1.44,13270535773.092297,-22.09,395,-28.16,340,-23.75,355,-24.67,-3.73,-15.53,2.31,0.61,45.8,0.43,51.52,False,False,False,False,False,False,True,True,False,True,False,True,False,True,False,False,2026-11-18,False,False,5,below 200-MA,ADR,4,https://www.tradingview.com/chart/?symbol=NYSE:FLUT&interval=D,False,False,False
STUB,"StubHub Holdings, Inc.",NYSE,Internet Software/Services,5.59,5.55,5.83,6.07,6.98,8.72,8.25,9.3,5.58,5.9,5.68,5.46,4.96,5.71,0.32,8498483.1,6677868.833333333,37329287.0,40501274.0,0.62,0.36,2135882879.6057346,-11.27,301,-56.26,422,-6.68,279,-24.74,-3.49,-4.08,0.93,0.69,40.7,0.25,67.05,False,False,False,False,False,True,True,False,False,True,False,True,False,False,False,False,2026-11-12,False,False,4,"thin RVOL, below 200-MA",near21,4,https://www.tradingview.com/chart/?symbol=NYSE:STUB&interval=D,False,False,False
AAP,Advance Auto Parts Inc.,NYSE,Specialty Stores,38.74,40.76,42.04,42.38,48.06,52.31,52.94,51.53,40.53,42.25,38.91,38.05,4.08,4.77,1.85,1981384.2,2378476.933333333,92142196.0,100801438.0,1.09,-0.36,2339896049.7815475,-8.74,268,-38.12,391,-27.99,368,-24.95,-4.06,-7.85,1.74,0.46,37.3,0.166,31.43,False,False,False,False,False,False,True,True,False,True,False,True,False,False,False,False,2026-11-18,False,False,4,"thin RVOL, below 200-MA",ADR,4,https://www.tradingview.com/chart/?symbol=NYSE:AAP&interval=D,False,False,False
CELC,Celcuity Inc.,NASDAQ,Medical Specialties,75.13,79.93,83.86,86.61,87.59,97.24,104.11,104.58,79.82,82.96,79.18,75.0,5.28,5.87,4.41,1067876.3,900525.3333333334,67656468.0,77994799.0,0.96,-1.43,3676254066.488431,-15.58,339,-29.02,349,-31.2,379,-25.27,-2.42,-10.41,1.61,0.95,2.9,0.271,32.81,False,False,False,False,False,False,True,False,False,False,False,True,False,False,False,False,2026-11-18,False,False,4,"thin RVOL, below 200-MA",,3,https://www.tradingview.com/chart/?symbol=NASDAQ:CELC&interval=D,False,False,False
QNT,Quantinuum Inc.,NASDAQ,Computer Processing Hardware,46.68,49.57,49.77,50.53,53.28,,,,49.06,50.26,49.57,46.19,6.64,7.1,3.31,2404112.7,1737852.4333333333,81122952.0,87809628.0,1.11,0.92,12291224374.981274,-4.75,232,-40.15,396,-31.35,380,-25.42,-1.74,-6.21,1.0,1.02,14.8,0.134,7.93,False,False,False,False,False,True,False,False,False,True,True,True,False,True,False,False,2026-11-12,False,False,5,below 200-MA,near21,3,https://www.tradingview.com/chart/?symbol=NASDAQ:QNT&interval=D,False,False,False
EOSE,"Eos Energy Enterprises, Inc.",NASDAQ,Electrical Products,3.14,3.45,3.7,3.61,3.69,5.11,5.42,7.43,3.35,3.54,3.2,2.96,8.33,9.32,0.29,29469122.7,27211674.6,85444658.0,98143440.0,0.84,-0.82,1143486772.1370308,0.16,175,-43.22,401,-33.33,385,-25.46,-1.6,-15.18,1.22,0.82,61.5,0.444,126.87,False,False,False,False,False,True,True,False,False,True,False,False,False,False,False,False,2026-11-11,False,False,3,"LoD>60% ATR, thin RVOL, below 200-MA",near21,3,https://www.tradingview.com/chart/?symbol=NASDAQ:EOSE&interval=D,False,False,False
FTAI,FTAI Aviation Ltd.,NASDAQ,Aerospace & Defense,167.32,177.92,183.01,187.58,198.93,221.53,231.37,235.56,175.03,182.5,169.28,164.23,4.07,5.18,8.68,1212009.9000000015,1321256.3666666686,221072615.0,247839948.0,0.81,-0.02,17184950555.54499,-10.75,294,-36.2,382,-30.16,373,-25.7,-3.06,-8.58,1.6,0.58,35.6,0.231,34.45,False,False,False,False,False,False,True,True,False,True,False,True,False,True,False,False,2026-11-03,False,False,5,below 200-MA,ADR,4,https://www.tradingview.com/chart/?symbol=NASDAQ:FTAI&interval=D,False,False,False
HYMC,Hycroft Mining Holding Corporation,NASDAQ,Precious Metals,18.93,20.52,21.12,22.36,22.86,25.17,29.65,30.77,20.2,21.18,19.44,18.77,6.31,7.84,1.48,2397077.9,2133045.9999999953,40378561.0,47700952.0,0.64,-0.26,1763929263.8429623,-14.44,330,-21.48,289,-41.7,406,-25.88,-2.19,-10.36,1.35,0.45,10.8,0.243,54.17,False,False,False,False,False,True,True,True,False,True,False,True,False,False,False,False,2026-11-03,False,False,4,"thin RVOL, below 200-MA","near21, ADR",5,https://www.tradingview.com/chart/?symbol=NASDAQ:HYMC&interval=D,False,False,False
QS,QuantumScape Corporation,NASDAQ,Electrical Products,4.59,4.83,5.05,5.26,5.42,6.46,6.59,7.36,4.8,5.03,4.78,4.56,4.77,5.45,0.25,12161681.4,13142012.933333334,60321839.0,69179556.0,0.87,0.11,2841731046.5231433,-15.93,341,-40.43,397,-22.6,350,-26.32,-2.8,-9.05,1.62,0.88,12.0,0.228,55.02,False,False,False,False,False,False,True,False,False,False,False,True,False,False,False,False,2026-10-28,False,False,4,"thin RVOL, below 200-MA",,3,https://www.tradingview.com/chart/?symbol=NASDAQ:QS&interval=D,False,False,False
CBRS,Cerebras Systems Inc.,NASDAQ,Packaged Software,169.52,197.65,195.31,192.36,202.13,,,,191.04,194.54,184.67,168.4,6.32,8.37,14.2,7713228.0,6587259.2,1116672180.0,1267106516.0,1.72,2.41,37946801918.63777,-5.53,238,-22.95,306,-51.57,420,-26.68,-1.93,-13.2,1.54,1.15,7.9,0.227,4.02,False,False,False,False,False,False,False,False,False,False,True,True,True,True,True,True,2026-12-02,False,True,4,"below 200-MA, large gap",RVOL,3,https://www.tradingview.com/chart/?symbol=NASDAQ:CBRS&interval=D,False,False,False
PLNT,"Planet Fitness, Inc.",NYSE,Other Consumer Services,41.85,42.88,46.68,48.65,50.36,51.12,58.06,68.14,43.21,45.78,42.97,41.24,5.35,4.9,2.05,3867997.6,2370649.533333333,99211683.0,115324198.0,0.56,0.64,3161054984.420891,-17.57,358,-22.1,293,-41.91,407,-27.19,-3.45,-10.35,1.75,0.84,29.8,0.37,60.35,False,False,False,False,False,False,True,False,False,False,False,True,False,False,False,False,2026-11-10,False,False,4,"thin RVOL, below 200-MA",,3,https://www.tradingview.com/chart/?symbol=NYSE:PLNT&interval=D,False,False,False
APP,Applovin Corporation,NASDAQ,Packaged Software,281.31,309.11,314.73,313.32,333.33,417.54,426.98,458.25,304.81,313.32,291.54,275.13,5.26,5.6,15.74,5678673.5,4893289.133333334,1376531166.0,1533166982.0,1.49,0.2,94140668513.298,-7.92,253,-48.87,411,-25.33,360,-27.37,-2.79,-10.62,1.83,1.04,39.3,0.166,53.02,False,False,False,False,False,False,False,False,False,False,True,True,False,True,True,False,2026-11-11,False,False,5,below 200-MA,RVOL,2,https://www.tradingview.com/chart/?symbol=NASDAQ:APP&interval=D,False,False,False
TE,T1 Energy Inc.,NYSE,Electrical Products,3.73,3.95,4.24,4.33,4.57,6.41,6.22,6.49,3.93,4.17,3.85,3.64,6.34,8.67,0.32,20202713.5,19631489.533333335,73225456.0,85010894.0,0.77,-1.55,1098397434.8678756,-13.86,323,-59.46,425,-11.82,309,-28.38,-2.13,-12.13,1.22,0.65,27.8,0.378,67.92,False,False,False,False,False,True,True,False,False,True,False,True,False,False,False,False,2026-11-11,False,False,4,"thin RVOL, below 200-MA",near21,4,https://www.tradingview.com/chart/?symbol=NYSE:TE&interval=D,False,False,False
UUUU,Energy Fuels Inc,AMEX,Other Metals/Minerals,10.71,11.42,12.33,13.2,13.15,14.4,16.21,17.14,11.42,12.16,11.03,10.64,4.41,5.97,0.64,7384010.6,6898587.366666666,73883871.0,91040657.0,0.84,-0.73,2835241679.594742,-24.84,407,-25.31,323,-37.0,398,-29.05,-3.11,-13.16,1.99,0.61,11.0,0.413,53.45,False,False,False,False,False,False,True,False,False,False,False,True,False,False,False,False,2026-10-30,False,False,4,"thin RVOL, below 200-MA",,3,https://www.tradingview.com/chart/?symbol=AMEX:UUUU&interval=D,False,False,False
SEDG,"SolarEdge Technologies, Inc.",NASDAQ,Electrical Products,30.87,33.01,34.12,33.36,34.83,46.25,45.06,42.17,32.59,33.47,31.76,29.6,6.78,7.67,2.37,2661407.0,3054241.466666667,94284434.0,101890513.0,1.37,-0.35,1899299809.9965482,-3.14,216,-45.57,407,-38.99,401,-29.23,-1.48,-9.53,1.01,0.91,53.6,0.209,42.9,False,False,False,False,False,True,True,False,False,True,False,True,False,False,True,False,2026-11-11,False,False,4,"thin RVOL, below 200-MA","near21, RVOL",4,https://www.tradingview.com/chart/?symbol=NASDAQ:SEDG&interval=D,False,False,False
PUMP,ProPetro Holding Corp.,NYSE,Oilfield Services/Equipment,9.0,9.56,10.36,10.6,10.93,12.91,13.47,12.73,9.51,10.1,9.07,8.74,5.25,5.79,0.52,4431439.4,3679204.566666667,33112841.0,38988531.0,0.61,-0.23,1105415241.515837,-21.12,384,-32.99,375,-34.26,389,-29.46,-3.06,-13.09,1.87,0.64,50.9,0.387,43.42,False,False,False,False,False,False,True,True,False,True,False,True,False,False,False,False,2026-11-04,False,False,4,"thin RVOL, below 200-MA",ADR,4,https://www.tradingview.com/chart/?symbol=NYSE:PUMP&interval=D,False,False,False
MTZ,"MasTec, Inc.",NYSE,Engineering & Construction,213.66,214.29,222.78,231.65,255.23,317.24,326.08,305.3,215.15,224.97,215.59,206.15,4.88,5.42,11.58,1541124.3,1517864.5,324306929.0,351620395.0,0.67,0.79,17157954562.802639,-10.19,281,-45.52,406,-33.97,388,-29.89,-3.0,-4.09,0.93,0.81,64.8,0.213,52.32,False,False,False,False,False,True,True,False,False,True,False,False,False,True,False,False,2026-10-29,False,False,4,"LoD>60% ATR, below 200-MA",near21,3,https://www.tradingview.com/chart/?symbol=NYSE:MTZ&interval=D,False,False,False
FRMI,Fermi Inc.,NASDAQ,Real Estate Development,4.05,4.59,4.87,5.05,5.58,6.31,6.36,7.05,4.49,4.82,4.21,3.92,6.77,8.53,0.35,19488952.8,16569001.366666667,67104456.0,83640319.0,1.32,-0.24,2593892775.67696,-16.84,350,-52.46,418,-20.43,343,-29.91,-3.22,-16.91,1.88,0.84,37.6,0.372,60.75,False,False,False,False,False,False,True,False,False,False,False,True,False,False,True,False,2026-11-17,False,False,4,"thin RVOL, below 200-MA",RVOL,3,https://www.tradingview.com/chart/?symbol=NASDAQ:FRMI&interval=D,False,False,False
TTD,"The Trade Desk, Inc.",NASDAQ,Packaged Software,12.1,12.76,13.6,13.57,14.62,17.2,19.38,22.72,12.71,13.31,12.42,12.07,4.41,4.8,0.58,34076168.8,22824465.366666675,276176031.0,309720387.0,0.41,1.73,5685555004.478225,-10.57,290,-36.58,387,-44.34,410,-30.5,-3.59,-11.03,1.89,0.6,5.2,0.297,82.37,False,False,False,False,False,False,True,True,False,True,False,True,False,False,False,False,2026-11-05,False,False,4,"thin RVOL, below 200-MA",ADR,4,https://www.tradingview.com/chart/?symbol=NASDAQ:TTD&interval=D,False,False,False
AGX,"Argan, Inc.",NYSE,Engineering & Construction,379.58,373.21,388.44,409.32,473.96,574.33,568.27,516.28,377.3,397.66,383.0,370.39,4.05,5.56,21.12,415755.4,410559.6,155840213.0,168048887.0,0.65,-0.08,5325447379.257732,-10.13,279,-50.19,414,-31.56,381,-30.63,-3.58,-2.28,0.82,0.6,43.5,0.206,52.99,False,False,False,False,True,True,True,False,False,True,False,True,False,False,False,False,2026-12-09,False,False,4,"thin RVOL, below 200-MA",near21,5,https://www.tradingview.com/chart/?symbol=NYSE:AGX&interval=D,False,False,False
WHR,Whirlpool Corporation,NYSE,Electronics/Appliances,30.48,31.9,33.74,35.84,37.71,38.83,44.49,53.62,31.91,33.72,30.94,29.81,4.51,5.13,1.56,2879805.6,2701431.4,82339629.0,96822903.0,1.03,0.03,1987277091.0743153,-24.48,403,-24.68,319,-42.81,408,-30.66,-3.74,-9.67,1.87,0.72,42.9,0.305,71.27,False,False,False,False,False,False,True,False,False,False,False,True,False,False,False,False,2026-10-15,False,False,4,"thin RVOL, below 200-MA",,3,https://www.tradingview.com/chart/?symbol=NYSE:WHR&interval=D,False,False,False
CHTR,"Charter Communications, Inc.",NASDAQ,Cable/Satellite TV,111.37,116.02,129.12,136.64,140.6,139.0,163.07,175.39,117.28,126.2,112.56,108.65,4.53,5.39,6.0,3590688.7,2901592.566666667,323150364.0,396477477.0,0.85,0.44,19502578501.418488,-23.77,399,-20.83,284,-48.55,417,-31.05,-3.86,-13.75,2.18,0.65,45.3,0.447,53.31,False,False,False,False,False,False,True,False,False,False,False,True,False,True,False,False,2026-10-30,False,False,5,below 200-MA,,3,https://www.tradingview.com/chart/?symbol=NASDAQ:CHTR&interval=D,False,False,False
RUN,Sunrun Inc.,NASDAQ,Semiconductors,7.64,8.12,8.4,8.58,9.13,11.27,11.75,13.59,8.01,8.37,7.96,7.47,5.0,5.97,0.46,8031138.5,7269126.466666667,55536126.0,62370317.0,0.96,0.26,1840070960.041184,-8.06,256,-41.72,400,-43.95,409,-31.24,-2.73,-9.0,1.46,1.06,37.3,0.221,71.66,False,False,False,False,False,True,False,False,False,True,True,True,False,False,False,False,2026-11-04,False,False,4,"thin RVOL, below 200-MA",near21,3,https://www.tradingview.com/chart/?symbol=NASDAQ:RUN&interval=D,False,False,False
CAR,"Avis Budget Group, Inc.",NASDAQ,Finance/Rental/Leasing,106.12,108.47,117.32,125.89,133.65,149.87,167.98,156.13,109.43,116.87,110.95,103.7,5.15,5.5,5.84,516702.7,405771.43333333335,43060465.0,51080807.0,1.17,-0.56,3748768765.5899506,-27.7,419,-28.67,345,-37.58,399,-31.32,-3.75,-9.54,1.67,1.24,41.5,0.384,56.07,False,False,False,False,False,False,False,False,False,False,True,True,False,False,False,False,2026-11-02,False,False,4,"thin RVOL, below 200-MA",,2,https://www.tradingview.com/chart/?symbol=NASDAQ:CAR&interval=D,False,False,False
KNF,Knife Riv Holding Co.,NYSE,Construction Materials,50.62,53.21,55.67,58.61,63.56,71.84,76.21,76.58,53.16,55.98,51.18,49.68,4.44,4.72,2.39,1342653.3,1067869.4,54055549.0,62591029.0,1.1,0.93,2873364221.6096787,-18.04,362,-39.41,393,-36.57,395,-31.34,-4.31,-9.08,2.03,0.62,39.1,0.239,46.17,False,False,False,False,False,False,True,True,False,True,False,True,False,False,False,False,2026-11-09,False,False,4,"thin RVOL, below 200-MA",ADR,4,https://www.tradingview.com/chart/?symbol=NYSE:KNF&interval=D,False,False,False
NKTR,Nektar Therapeutics,NASDAQ,Pharmaceuticals: Major,46.99,59.62,65.34,68.02,70.0,68.08,71.46,65.46,59.1,63.47,56.69,46.29,8.87,9.27,4.35,2483048.1999999997,1291767.0,60700131.0,87870513.0,3.15,-8.49,1604379236.2697167,-33.26,427,-27.74,338,-36.11,394,-32.37,-3.55,-28.08,2.8,2.39,16.1,0.443,25.2,False,False,False,False,False,False,False,False,False,False,True,True,True,True,True,False,2026-11-05,False,True,4,"below 200-MA, large gap",RVOL,2,https://www.tradingview.com/chart/?symbol=NASDAQ:NKTR&interval=D,False,False,False
FMC,FMC Corporation,NYSE,Chemicals: Agricultural,8.56,9.58,10.68,10.92,10.81,11.39,12.72,13.24,9.54,10.19,8.97,8.46,5.97,6.46,0.55,4963169.8,3694752.466666667,31627081.0,40360244.0,1.87,0.0,1331473816.6188343,-25.17,410,-22.18,296,-49.91,419,-32.42,-3.22,-19.83,2.47,0.91,17.2,0.507,42.72,False,False,False,False,False,False,True,False,False,False,False,True,True,True,True,False,2026-10-29,False,False,5,below 200-MA,RVOL,3,https://www.tradingview.com/chart/?symbol=NYSE:FMC&interval=D,False,False,False
INIO,INNIO N.V.,NASDAQ,Electrical Products,18.28,19.2,19.53,20.24,22.68,,,,18.9,19.84,18.55,17.53,6.73,7.67,1.4,6413859.1,5085551.1,92963874.0,102941725.0,0.76,-1.27,13709999365.79592,-8.09,257,-52.01,417,-41.03,405,-33.71,-2.53,-6.39,1.02,0.73,53.5,0.252,19.03,False,False,False,False,False,True,True,False,False,True,False,True,False,True,False,False,2026-12-02,False,False,5,below 200-MA,near21,4,https://www.tradingview.com/chart/?symbol=NASDAQ:INIO&interval=D,False,False,False
XENE,Xenon Pharmaceuticals Inc.,NASDAQ,Pharmaceuticals: Major,38.93,37.95,48.21,52.39,56.98,57.42,56.65,53.12,40.53,46.21,39.92,38.08,5.08,6.24,2.43,4446296.3,1935188.7333333334,75336897.0,101388408.0,0.86,3.01,3769997848.0968003,-35.63,428,-35.47,379,-30.48,377,-33.86,-5.07,-19.25,2.52,0.76,35.0,0.857,50.02,False,False,False,False,False,False,True,False,False,False,False,True,False,False,False,False,2026-11-11,False,True,3,"thin RVOL, below 200-MA, large gap",,3,https://www.tradingview.com/chart/?symbol=NASDAQ:XENE&interval=D,False,False,False
XE,"X-Energy, Inc.",NASDAQ,Industrial Machinery,13.95,15.25,15.84,16.66,17.46,19.64,,,14.98,15.83,14.25,13.72,6.64,8.48,1.18,6421258.5,6622299.966666667,92381085.0,110360629.0,0.74,-0.07,5668806989.735542,-21.56,390,-24.64,317,-56.43,425,-34.21,-2.37,-11.95,1.4,0.45,19.4,0.34,31.43,False,False,False,False,False,True,True,True,False,True,False,True,False,False,False,False,2026-12-02,False,False,4,"thin RVOL, below 200-MA","near21, ADR",5,https://www.tradingview.com/chart/?symbol=NASDAQ:XE&interval=D,False,False,False
LCID,"Lucid Group, Inc.",NASDAQ,Motor Vehicles,4.19,4.13,4.22,4.5,5.45,5.66,6.65,7.69,4.14,4.38,4.31,4.03,5.39,7.19,0.3,9885287.89999998,11766794.400000015,49302869.0,53007448.0,0.72,1.23,1651154167.8550367,-13.25,318,-38.92,392,-55.35,423,-35.84,-3.21,-0.83,0.59,0.93,53.1,0.188,84.87,False,False,False,False,True,True,True,False,False,True,False,True,False,False,False,False,2026-11-10,False,False,4,"thin RVOL, below 200-MA",near21,5,https://www.tradingview.com/chart/?symbol=NASDAQ:LCID&interval=D,False,False,False
FUN,Six Flags Entertainment Corporation,NYSE,Movies/Entertainment,10.88,11.8,12.81,13.88,15.13,17.92,17.94,17.55,11.74,12.78,10.95,10.57,5.56,6.62,0.72,2720335.8,2192967.9,23859491.0,30428892.0,2.21,0.09,1113201507.5555553,-27.05,413,-46.25,409,-36.96,396,-36.75,-4.24,-15.06,2.24,0.53,43.0,0.437,56.43,False,False,False,False,False,False,True,True,False,True,False,True,True,True,True,False,2026-11-05,False,False,5,below 200-MA,"ADR, RVOL",4,https://www.tradingview.com/chart/?symbol=NYSE:FUN&interval=D,False,False,False
PL,Planet Labs PBC,NYSE,Packaged Software,16.14,16.75,16.87,18.21,19.9,27.0,28.77,27.34,16.71,17.48,16.62,16.11,5.04,6.22,1.0,10371121.2,10684263.033333333,172444005.0,194581798.0,0.75,0.61,5872506226.641855,-17.53,357,-48.91,412,-45.18,411,-37.2,-3.04,-4.32,1.24,0.51,3.4,0.161,74.46,False,False,False,False,False,True,True,True,False,True,False,True,False,False,False,False,2026-12-14,False,False,4,"thin RVOL, below 200-MA","near21, ADR",5,https://www.tradingview.com/chart/?symbol=NYSE:PL&interval=D,False,False,False
IONS,"Ionis Pharmaceuticals, Inc.",NASDAQ,Pharmaceuticals: Major,44.0,44.74,48.83,52.97,54.15,63.23,67.02,70.57,45.68,48.65,45.95,43.96,5.3,4.98,2.19,4460250.5,3824969.6666666665,168298665.0,202602268.0,0.44,-0.04,7312110601.298993,-27.12,414,-44.67,404,-40.33,404,-37.37,-3.77,-9.89,1.92,0.91,1.7,0.435,58.69,False,False,False,False,False,False,True,False,False,False,False,True,False,False,False,False,2026-11-04,False,False,4,"thin RVOL, below 200-MA",,3,https://www.tradingview.com/chart/?symbol=NASDAQ:IONS&interval=D,False,False,False
RCAT,"Red Cat Holdings, Inc.",NASDAQ,Packaged Software,6.33,6.64,7.31,7.84,8.29,9.35,10.66,10.95,6.72,7.26,6.54,6.3,6.0,6.92,0.44,9843006.6,7881427.966666667,49889439.0,61790395.0,0.54,0.31,966681875.6749227,-24.64,405,-41.52,399,-45.99,413,-37.39,-3.41,-13.38,1.85,0.54,5.7,0.422,68.07,False,False,False,False,False,False,True,True,False,True,False,True,False,False,False,False,2026-11-12,False,False,4,"thin RVOL, below 200-MA",ADR,4,https://www.tradingview.com/chart/?symbol=NASDAQ:RCAT&interval=D,False,False,False
UTI,Universal Technical Institute Inc,NYSE,Miscellaneous Commercial Services,19.03,19.88,20.45,20.89,25.76,33.55,34.54,32.93,19.62,20.81,19.75,18.84,5.33,6.69,1.27,2224771.9,1899268.1,36143072.0,39676344.0,0.72,2.36,1048462232.9137654,-9.42,271,-59.52,426,-47.72,414,-38.89,-3.9,-6.93,1.28,0.71,14.9,0.197,77.02,False,False,False,False,False,True,True,False,False,True,False,True,False,False,False,False,2026-11-25,False,True,3,"thin RVOL, below 200-MA, large gap",near21,4,https://www.tradingview.com/chart/?symbol=NYSE:UTI&interval=D,False,False,False
OPEN,Opendoor Technologies Inc,NASDAQ,Real Estate Development,2.4,2.53,2.69,2.91,3.22,3.92,4.3,4.66,2.51,2.71,2.43,2.25,5.55,6.47,0.16,30478610.8,30009482.233333334,72022757.0,87247568.0,1.32,-0.63,2330618442.5316453,-22.08,394,-51.95,416,-45.21,412,-39.75,-3.94,-10.75,1.79,1.16,96.5,0.355,88.87,False,False,False,False,False,False,False,False,False,False,True,False,False,False,True,False,2026-11-05,False,False,3,"LoD>60% ATR, thin RVOL, below 200-MA",RVOL,1,https://www.tradingview.com/chart/?symbol=NASDAQ:OPEN&interval=D,False,False,False
FRVO,Fervo Energy Company,NASDAQ,Alternative Power Generation,14.46,15.43,15.96,16.15,18.4,,,,15.01,15.93,14.6,13.53,7.84,9.97,1.44,8102197.3,7388604.066666666,106839215.0,119302558.0,1.18,1.14,4262275850.7196474,-12.2,306,-50.07,413,-59.83,427,-40.7,-2.15,-9.42,0.92,0.75,64.5,0.348,20.51,False,False,False,False,False,True,True,False,False,True,False,False,False,False,False,False,2026-12-02,False,False,3,"LoD>60% ATR, thin RVOL, below 200-MA",near21,3,https://www.tradingview.com/chart/?symbol=NASDAQ:FRVO&interval=D,False,False,False
FICO,Fair Isaac Corporation,NYSE,Financial Publishing/Services,661.75,810.08,897.98,979.34,1039.33,1119.55,1120.35,1224.39,780.36,879.68,675.87,620.0,5.64,8.83,58.41,1333890.9,679195.0333333333,449457313.0,665165807.0,2.8,7.18,14292234432.437506,-41.74,430,-45.79,408,-36.98,397,-41.5,-4.12,-26.31,2.81,0.96,71.5,0.581,62.61,False,False,False,False,False,False,True,False,False,False,False,False,True,True,True,False,2026-11-11,False,True,3,"LoD>60% ATR, below 200-MA, large gap",RVOL,2,https://www.tradingview.com/chart/?symbol=NYSE:FICO&interval=D,False,False,False
KRMN,Karman Holdings Inc.,NYSE,Aerospace & Defense,31.89,33.9,35.42,39.37,45.6,49.46,61.68,68.96,33.93,36.76,33.04,31.66,7.17,7.82,2.49,4628982.6,3602910.433333333,114896814.0,141847785.0,0.51,0.0,4226499666.441394,-21.26,386,-43.51,402,-60.16,428,-41.64,-3.85,-9.97,1.69,0.56,9.4,0.27,109.96,False,False,False,False,False,False,True,True,False,True,False,True,False,False,False,False,2026-11-05,False,False,4,"thin RVOL, below 200-MA",ADR,4,https://www.tradingview.com/chart/?symbol=NYSE:KRMN&interval=D,False,False,False
FLNC,"Fluence Energy, Inc.",NASDAQ,Electrical Products,7.57,7.54,8.61,9.41,10.96,15.63,15.31,17.01,7.86,8.68,7.85,7.45,5.73,8.22,0.62,8606361.5,7768050.9,58804145.0,73071465.0,0.48,0.0,1397394493.6953125,-28.46,420,-59.03,424,-38.63,400,-42.04,-3.76,-12.07,1.55,0.64,19.3,0.574,125.04,False,False,False,False,False,False,True,False,False,False,False,True,False,False,False,False,2026-11-30,False,False,4,"thin RVOL, below 200-MA",,3,https://www.tradingview.com/chart/?symbol=NASDAQ:FLNC&interval=D,False,False,False
RARE,Ultragenyx Pharmaceutical Inc.,NASDAQ,Pharmaceuticals: Major,14.75,14.84,14.53,18.32,21.43,24.36,23.85,24.19,14.95,16.36,15.25,14.62,5.77,7.85,1.16,5961432.1,5723899.566666666,84427519.0,104885690.0,0.61,0.0,1454185877.5449104,-41.5,429,-55.03,421,-29.93,372,-42.15,-3.97,1.54,1.25,0.54,11.2,0.184,66.65,False,False,False,False,True,True,True,True,False,True,False,True,False,False,False,False,2026-11-04,False,False,4,"thin RVOL, below 200-MA","near21, ADR",6,https://www.tradingview.com/chart/?symbol=NASDAQ:RARE&interval=D,False,False,False
BRBR,"BellRing Brands, Inc.",NYSE,Beverages: Non-Alcoholic,7.4,8.15,8.83,9.41,10.45,10.45,12.35,15.25,8.09,8.78,7.88,7.33,5.29,6.43,0.48,4077124.9,3205202.8,23718501.0,30164164.0,0.89,1.04,860458673.2639792,-32.36,425,-44.15,403,-52.32,421,-42.94,-4.54,-16.17,2.44,1.16,14.7,0.392,95.83,False,False,False,False,False,False,False,False,False,False,True,True,False,False,False,False,2026-11-23,False,False,4,"thin RVOL, below 200-MA",,2,https://www.tradingview.com/chart/?symbol=NYSE:BRBR&interval=D,False,False,False
YSS,York Space Systems Inc.,NYSE,Aerospace & Defense,8.61,9.24,8.74,8.87,10.67,18.59,21.74,,8.97,9.18,8.93,8.48,7.53,8.71,0.75,4347718.6,3429205.3333333335,29525458.0,30426196.0,0.34,0.58,1182648927.0416183,-2.71,210,-65.41,430,-62.24,429,-43.45,-2.21,-1.44,0.71,0.6,17.5,0.331,151.03,False,False,False,False,True,True,True,True,False,True,False,True,False,False,False,False,2026-12-02,False,False,4,"thin RVOL, below 200-MA","near21, ADR",6,https://www.tradingview.com/chart/?symbol=NYSE:YSS&interval=D,False,False,False
SOC,Sable Offshore Corp.,NYSE,Integrated Oil,3.29,3.89,4.35,4.49,4.51,7.06,9.51,9.43,3.81,4.15,3.5,3.28,9.85,10.45,0.34,9167610.8,8096305.433333334,26636845.0,36387495.0,0.66,-0.29,631250935.5057805,-32.58,426,-21.85,292,-79.06,432,-44.5,-2.59,-24.32,1.99,0.64,2.9,0.52,170.76,False,False,False,False,False,False,True,True,False,True,False,True,False,False,False,False,2026-11-12,False,False,4,"thin RVOL, below 200-MA",ADR,4,https://www.tradingview.com/chart/?symbol=NYSE:SOC&interval=D,False,False,False
BW,"Babcock & Wilcox Enterprises, Inc.",NYSE,Electronic Equipment/Instruments,5.79,6.43,6.85,7.1,8.04,11.82,12.82,11.62,6.28,6.82,5.96,5.63,6.81,9.16,0.53,5526499.8,4827002.1,27948342.0,34263670.0,1.11,0.0,862507704.9349316,-20.79,382,-54.94,420,-59.4,426,-45.04,-3.06,-15.44,1.64,0.61,30.2,0.389,110.27,False,False,False,False,False,False,True,False,False,False,False,True,False,False,False,False,2026-11-11,False,False,4,"thin RVOL, below 200-MA",,3,https://www.tradingview.com/chart/?symbol=NYSE:BW&interval=D,False,False,False
BENF,Beneficient,NASDAQ,Investment Managers,1.51,1.32,1.31,1.6,2.11,2.8,3.06,3.56,1.38,1.48,1.78,1.36,28.3,33.26,0.5,42691346.8,20370318.933333334,30759182.0,32666726.0,0.1,0.0,23338141.419117644,-27.4,416,-58.17,423,-52.96,422,-46.18,-0.86,15.05,0.07,0.84,29.9,1.928,148.98,False,False,False,False,False,True,True,False,False,True,False,True,False,False,False,False,2026-11-12,False,False,4,"thin RVOL, below 200-MA",near21,4,https://www.tradingview.com/chart/?symbol=NASDAQ:BENF&interval=D,False,False,False
CAPR,"Capricor Therapeutics, Inc.",NASDAQ,Pharmaceuticals: Major,8.94,8.86,8.85,8.8,8.2,17.18,21.96,22.88,8.87,8.86,9.39,8.83,7.16,10.03,0.9,4480542.1,5759859.066666666,51493140.0,50691560.0,0.85,-1.16,519762572.2048574,-16.99,351,-61.35,427,-69.27,431,-49.2,0.9,1.02,0.09,0.63,12.3,0.167,164.22,False,True,True,False,True,True,True,False,False,True,False,True,False,False,False,False,2026-11-17,False,False,4,"thin RVOL, below 200-MA","EMA, near21",7,https://www.tradingview.com/chart/?symbol=NASDAQ:CAPR&interval=D,False,False,False
LQDA,Liquidia Corporation,NASDAQ,Pharmaceuticals: Major,27.99,61.14,64.4,66.07,73.18,71.18,59.91,54.23,56.13,62.66,28.1,22.31,22.74,23.2,6.49,5604519.3,2611455.9,73094651.0,172543679.0,6.06,-20.82,2505353801.130535,-58.66,433,-64.99,429,-24.25,357,-49.3,-2.66,-56.54,2.38,0.89,87.5,0.74,67.73,False,False,False,False,False,False,True,False,False,False,False,False,True,True,True,False,2026-11-10,False,True,3,"LoD>60% ATR, below 200-MA, large gap",RVOL,2,https://www.tradingview.com/chart/?symbol=NASDAQ:LQDA&interval=D,False,False,False
XNDU,Xanadu Quantum Technologies Limited,NASDAQ,Computer Processing Hardware,4.48,5.46,7.08,8.18,9.2,11.08,12.44,12.02,5.48,6.78,4.57,4.44,9.15,12.02,0.54,10875472.4,4735494.9,21215017.0,38744241.0,0.46,-1.09,1363681966.3930132,-56.67,432,-62.29,428,-40.27,403,-53.08,-4.27,-36.7,2.82,0.24,7.4,1.062,155.8,False,False,False,False,False,False,True,True,False,True,False,True,False,False,False,False,2026-12-02,False,False,4,"thin RVOL, below 200-MA",ADR,4,https://www.tradingview.com/chart/?symbol=NASDAQ:XNDU&interval=D,False,False,False
ALHC,"Alignment Healthcare, Inc.",NASDAQ,Managed Health Care,7.74,8.02,9.99,11.15,12.8,16.03,17.1,18.08,8.42,9.74,8.22,7.6,10.33,9.25,0.72,13309389.5,9508422.066666666,73595187.0,106045847.0,1.37,-0.12,1605548032.5441175,-42.45,431,-67.98,432,-55.95,424,-55.46,-4.27,-22.53,2.22,0.87,20.3,0.951,130.02,False,False,False,False,False,False,True,False,False,False,False,True,False,False,True,False,2026-10-29,False,False,4,"thin RVOL, below 200-MA",RVOL,3,https://www.tradingview.com/chart/?symbol=NASDAQ:ALHC&interval=D,False,False,False
ALMS,Alumis Inc.,NASDAQ,Pharmaceuticals: Major,7.21,7.47,8.5,12.49,18.14,21.24,22.46,22.15,7.74,10.0,7.48,7.15,6.15,12.82,0.92,2582241.7,3820499.966666667,27545805.0,47733327.0,0.78,0.14,962500011.4993235,-27.39,415,-72.75,433,-67.17,430,-55.77,-4.7,-15.16,2.18,0.36,6.5,0.635,208.01,False,False,False,False,False,False,True,True,False,True,False,True,False,False,False,False,2026-11-12,False,False,4,"thin RVOL, below 200-MA",ADR,4,https://www.tradingview.com/chart/?symbol=NASDAQ:ALMS&interval=D,False,False,False
CTVA,"Corteva, Inc.",NYSE,Agricultural Commodities/Milling,12.57,72.42,78.41,80.23,80.4,80.81,80.77,78.42,67.22,74.55,14.44,11.84,17.87,54.05,6.79,12674852.2,7591717.5,95427889.0,609060720.0,20.18,-81.4,51807769167.0,-85.3,434,-84.96,434,-84.97,434,-85.08,-1.56,-83.97,1.54,0.38,10.7,0.787,66.75,False,False,False,False,False,False,True,False,False,False,False,True,True,True,True,False,2026-11-11,False,True,4,"below 200-MA, large gap",RVOL,3,https://www.tradingview.com/chart/?symbol=NYSE:CTVA&interval=D,False,False,False
