name,description,exchange,industry,close,SMA10,SMA20,SMA30,SMA50,SMA100,SMA150,SMA200,EMA10,EMA21,high,low,ADRP,ATRP,atr_abs,average_volume_10d_calc,average_volume_30d_calc,dollar_volume_30d,average_dollar_volume_30d,rvol,gap_pct,market_cap_basic,Perf.1M,perf_1m_rank,Perf.3M,perf_3m_rank,Perf.6M,perf_6m_rank,momentum_score,atr_extension_from_50d,sma20_distance_pct,ema21_atr_dist,day_range_atr,lod_atr_pct,bb_width,ma_spread_pct,above_all_mas,ma_aligned,ema_aligned,above_sma200,near_sma20,near_ema,range_tight,adr_tight,bb_tight,plan_tight,wide_day,lod_ok,rvol_ok,rvol_pass,rvol_expand,ma_coiled,earnings_date,earnings_soon,large_gap,hard_rule_passes,hard_rule_fails,tightness_flags,focus_score,tradingview_url,is_top_1m,is_top_3m,is_top_6m
XHLD,"TEN Holdings, Inc.",NASDAQ,Miscellaneous Commercial Services,12.08,10.52,9.87,8.9,6.08,3.78,3.01,2.74,10.55,9.51,12.93,11.01,14.37,12.57,1.52,4460256.6,3789612.2333333334,45778516.0,33738286.0,0.54,-2.81,144687514.12787724,58.32,4,866.4,1,874.19,1,599.64,7.85,22.37,2.15,1.26,70.5,0.454,64.4,True,True,True,True,False,False,False,False,False,False,True,False,False,False,False,False,2026-11-16,False,True,2,"LoD>60% ATR, >4x 50-MA, thin RVOL, large gap",EMA,5,https://www.tradingview.com/chart/?symbol=NASDAQ:XHLD&interval=D,True,True,True
QMCO,Quantum Corporation,NASDAQ,Computer Peripherals,25.97,24.43,24.12,23.73,18.85,14.91,11.88,10.7,24.85,23.63,29.15,24.5,7.17,7.72,2.0,1358276.6,1576119.7333333334,40931829.0,37404474.0,3.43,-0.82,1023477680.7629632,21.87,41,85.5,13,410.22,2,172.53,4.9,7.69,1.29,2.32,73.4,0.175,52.87,True,True,True,True,False,True,False,False,False,True,True,False,True,True,True,False,2026-11-13,False,False,4,"LoD>60% ATR, >4x 50-MA","EMA, near21, RVOL",6,https://www.tradingview.com/chart/?symbol=NASDAQ:QMCO&interval=D,False,True,True
MXL,"MaxLinear, Inc",NASDAQ,Semiconductors,84.32,75.92,69.26,70.19,71.13,81.01,61.88,51.02,77.67,73.42,87.4,81.56,5.92,7.22,6.09,3004515.7,2506159.0,211319327.0,175914819.0,0.67,-0.98,7647249293.088412,31.91,20,-4.31,211,399.23,3,142.28,2.57,21.75,2.06,0.96,45.3,0.525,35.58,True,True,True,True,False,False,True,False,False,False,False,True,False,False,False,False,2026-10-28,False,False,5,thin RVOL,EMA,7,https://www.tradingview.com/chart/?symbol=NASDAQ:MXL&interval=D,True,False,True
ASST,"Strive, Inc.",NASDAQ,Financial Conglomerates,28.99,28.56,26.61,22.86,18.57,16.81,14.84,15.13,28.35,25.83,29.83,28.31,6.73,6.7,1.94,10412900.8,9761620.1,282989367.0,223139247.0,0.57,-2.35,2769222973.869506,54.53,5,123.52,4,189.9,16,122.65,8.38,8.93,1.83,0.78,35.0,0.384,47.31,True,True,True,True,False,False,True,False,False,False,False,True,False,False,False,False,2026-11-13,False,True,3,">4x 50-MA, thin RVOL, large gap",EMA,7,https://www.tradingview.com/chart/?symbol=NASDAQ:ASST&interval=D,True,True,True
TEAM,Atlassian Corporation,NASDAQ,Packaged Software,195.08,189.61,187.33,180.34,150.38,119.73,103.56,111.54,190.11,182.6,196.92,188.97,4.16,4.64,9.05,3331614.2,3883872.6333333333,757665873.0,700416943.0,0.7,0.73,49382319456.54175,15.23,64,146.47,2,191.12,15,117.61,6.41,4.14,1.47,0.88,67.5,0.153,44.11,True,True,True,True,False,True,True,False,False,True,False,False,False,True,False,False,2026-10-29,False,False,4,"LoD>60% ATR, >4x 50-MA","EMA, near21",7,https://www.tradingview.com/chart/?symbol=NASDAQ:TEAM&interval=D,False,True,True
LIFE,Ethos Technologies Inc.,NASDAQ,Packaged Software,33.91,37.63,38.04,36.94,31.24,25.4,21.29,,36.85,36.58,37.49,33.07,8.31,8.12,2.75,1869234.4,1559757.1,52891363.0,57622626.0,0.88,0.03,2162061021.3768997,2.6,145,88.08,12,235.74,7,108.81,1.05,-10.87,0.9,1.6,30.5,0.212,49.41,False,False,False,False,False,True,False,False,False,True,True,True,False,False,False,False,2026-12-02,False,False,4,"thin RVOL, below 200-MA",near21,3,https://www.tradingview.com/chart/?symbol=NASDAQ:LIFE&interval=D,False,True,True
APPS,"Digital Turbine, Inc.",NASDAQ,Packaged Software,11.54,11.5,11.14,11.3,10.75,9.38,7.42,6.81,11.45,11.29,12.28,11.5,6.93,7.19,0.83,2725180.9,2670602.2666666666,30818750.0,30180031.0,0.96,0.41,1396527483.819524,8.05,103,14.31,133,292.52,5,104.96,1.03,3.58,0.31,0.94,4.8,0.22,40.65,True,True,True,True,False,True,True,False,False,True,False,True,False,False,False,False,2026-11-11,False,False,5,thin RVOL,"EMA, near21",8,https://www.tradingview.com/chart/?symbol=NASDAQ:APPS&interval=D,False,False,True
BLZE,"Backblaze, Inc.",NASDAQ,Computer Peripherals,14.06,13.26,13.59,14.97,14.93,12.41,9.55,8.33,13.64,13.99,14.61,13.62,5.53,6.83,0.96,2051601.9,2441762.1333333333,34331176.0,36543819.0,1.35,-0.28,870314033.4293706,-11.63,301,16.83,123,304.02,4,103.07,-0.85,3.44,0.08,1.03,45.8,0.219,46.93,False,False,False,True,False,True,False,False,False,True,True,True,False,False,True,False,2026-11-11,False,False,5,thin RVOL,"near21, RVOL",4,https://www.tradingview.com/chart/?symbol=NASDAQ:BLZE&interval=D,False,False,True
PURR,Hyperliquid Strategies Inc,NASDAQ,Financial Conglomerates,13.94,12.55,12.27,11.08,9.3,8.72,7.59,6.66,12.93,11.96,14.2,13.47,7.69,8.08,1.13,26467995.5,26313776.366666667,366814043.0,291613655.0,0.88,-1.79,3316594732.2222223,27.07,24,73.82,21,195.03,14,98.64,6.17,13.65,2.05,0.65,41.7,0.312,42.22,True,True,True,True,False,False,True,True,False,True,False,True,False,False,False,False,2026-12-02,False,False,4,">4x 50-MA, thin RVOL","EMA, ADR",8,https://www.tradingview.com/chart/?symbol=NASDAQ:PURR&interval=D,False,True,True
OKTA,"Okta, Inc.",NASDAQ,Packaged Software,205.36,186.83,176.29,164.49,156.13,133.91,114.5,108.02,188.04,176.77,207.2,196.0,4.41,4.7,9.65,4543514.8,4164821.3666666667,855287716.0,685084655.0,1.26,0.8,35901189405.91232,53.01,6,72.95,22,169.32,21,98.43,6.71,16.49,3.44,1.16,97.0,0.343,38.38,True,True,True,True,False,False,False,False,False,False,True,False,False,True,True,False,2026-12-08,False,False,4,"LoD>60% ATR, >4x 50-MA","EMA, RVOL",5,https://www.tradingview.com/chart/?symbol=NASDAQ:OKTA&interval=D,True,True,True
SDGR,"Schrodinger, Inc.",NASDAQ,Packaged Software,29.23,25.52,22.8,21.46,19.26,16.92,15.28,15.54,26.63,23.8,31.14,28.32,6.48,5.89,1.72,3232984.4,1748612.3,51111938.0,37517060.0,1.02,-2.12,2186568523.0068407,49.06,7,90.3,11,154.17,28,97.84,8.78,28.2,3.87,1.64,52.8,0.751,35.04,True,True,True,True,False,False,False,False,False,False,True,True,False,False,False,False,2026-11-11,False,True,3,">4x 50-MA, thin RVOL, large gap",EMA,6,https://www.tradingview.com/chart/?symbol=NASDAQ:SDGR&interval=D,True,True,False
BAND,Bandwidth Inc.,NASDAQ,Packaged Software,59.13,52.9,50.34,50.45,52.12,55.67,43.14,35.91,53.33,51.7,62.46,56.52,7.87,7.64,4.52,1116699.5,858988.7333333333,50792004.0,43338129.0,1.16,-0.67,1902849999.3,26.27,26,13.1,139,247.82,6,95.73,1.76,17.45,1.88,1.31,57.7,0.325,33.41,True,True,True,True,False,False,False,False,False,False,True,True,False,False,False,False,2026-10-29,False,False,5,thin RVOL,EMA,6,https://www.tradingview.com/chart/?symbol=NASDAQ:BAND&interval=D,False,False,True
GPRO,"GoPro, Inc.",NASDAQ,Electronics/Appliances,1.31,1.33,1.24,1.03,0.9,0.94,0.93,1.04,1.3,1.2,1.35,1.25,13.69,11.63,0.15,26116758.3,65171855.36666667,85375131.0,67137656.0,0.6,0.79,245156974.1338583,107.28,1,81.38,17,95.52,65,94.73,3.91,5.61,0.77,0.66,39.4,1.01,32.39,False,False,True,True,False,True,True,True,False,True,False,True,False,False,False,False,2026-11-05,False,False,5,thin RVOL,"EMA, near21, ADR",7,https://www.tradingview.com/chart/?symbol=NASDAQ:GPRO&interval=D,True,True,False
CRWD,"CrowdStrike Holdings, Inc.",NASDAQ,Packaged Software,262.49,238.01,225.55,218.74,210.61,188.65,160.16,148.84,240.85,228.91,263.19,248.51,4.47,4.93,12.94,13574424.8,11404613.266666668,2993596936.0,2494591884.0,1.03,0.77,268772646821.3748,38.5,12,54.32,43,183.12,19,91.98,5.0,16.38,2.98,1.13,108.0,0.336,33.97,True,True,True,True,False,False,False,False,False,False,True,False,False,True,False,False,2026-12-01,False,False,4,"LoD>60% ATR, >4x 50-MA",EMA,5,https://www.tradingview.com/chart/?symbol=NASDAQ:CRWD&interval=D,True,False,True
DELL,Dell Technologies Inc.,NYSE,Computer Processing Hardware,549.83,554.55,521.04,501.27,469.82,411.97,330.67,278.81,549.89,525.84,570.72,542.23,5.44,5.82,32.02,9935530.799999997,8997568.1,4947132868.0,4510204963.0,0.84,1.84,349588918408.6958,25.47,28,32.64,76,213.96,9,90.69,2.92,5.53,0.78,0.89,23.7,0.346,50.15,False,False,False,True,False,True,True,False,False,True,False,True,False,True,False,False,2026-12-01,False,False,6,,near21,5,https://www.tradingview.com/chart/?symbol=NYSE:DELL&interval=D,False,False,True
FIVN,"Five9, Inc.",NASDAQ,Packaged Software,37.68,34.01,33.59,33.23,30.88,26.63,23.15,22.11,35.04,33.71,40.0,37.42,5.49,5.59,2.11,2937728.0,2088618.8333333333,78699158.0,69410722.0,1.07,0.66,2815582858.5128074,14.84,66,93.73,9,154.94,27,87.84,3.94,12.17,2.11,1.22,12.3,0.268,31.57,True,True,True,True,False,False,False,False,False,False,True,True,False,False,False,False,2026-11-09,False,False,5,thin RVOL,EMA,6,https://www.tradingview.com/chart/?symbol=NASDAQ:FIVN&interval=D,False,True,False
RNG,"RingCentral, Inc.",NYSE,Packaged Software,79.23,73.91,72.28,70.04,62.78,51.94,47.28,42.55,75.04,71.89,81.9,78.52,4.29,4.23,3.35,1720941.2,1511059.2,119721220.0,105839623.0,1.41,-1.16,6616193626.405368,19.05,51,126.05,3,117.46,44,87.52,6.19,9.61,2.41,1.01,21.2,0.199,39.58,True,True,True,True,False,False,False,False,False,False,True,True,False,False,True,False,2026-11-09,False,False,4,">4x 50-MA, thin RVOL","EMA, RVOL",6,https://www.tradingview.com/chart/?symbol=NYSE:RNG&interval=D,False,True,False
AMC,"AMC Entertainment Holdings, Inc.",NYSE,Movies/Entertainment,2.87,2.67,2.63,2.6,2.54,2.19,1.88,1.82,2.74,2.65,3.0,2.84,5.55,5.79,0.17,29694472.100000035,23408652.600000005,67182833.0,60846891.0,0.72,-0.51,2561775267.710438,12.99,76,42.79,58,195.88,13,83.88,2.21,9.04,1.4,0.93,15.1,0.223,29.62,True,True,True,True,False,True,True,False,False,True,False,True,False,False,False,False,2026-11-11,False,False,5,thin RVOL,"EMA, near21",8,https://www.tradingview.com/chart/?symbol=NYSE:AMC&interval=D,False,False,True
NTSK,"Netskope, Inc.",NASDAQ,Packaged Software,18.57,17.18,15.81,15.5,14.56,12.71,11.75,12.92,17.3,16.25,18.96,18.33,5.65,5.23,0.97,8916653.5,6285019.833333333,116712818.0,97386382.0,0.69,0.13,7587473715.135849,28.25,22,96.09,6,123.73,42,82.69,5.27,17.49,2.73,0.65,24.7,0.425,29.24,True,True,True,True,False,False,True,True,False,True,False,True,False,False,False,False,2026-12-11,False,False,4,">4x 50-MA, thin RVOL","EMA, ADR",8,https://www.tradingview.com/chart/?symbol=NASDAQ:NTSK&interval=D,True,True,False
ALAB,"Astera Labs, Inc.",NASDAQ,Semiconductors,360.46,301.6,296.67,298.17,303.93,317.87,258.35,234.27,316.94,305.79,367.87,351.38,5.68,6.52,23.5,4479836.3,3847779.7,1386970671.0,1147274517.0,0.74,0.23,62534440350.97139,32.67,18,-14.7,285,224.74,8,80.9,2.85,21.5,2.74,0.7,38.6,0.386,23.19,True,True,True,True,False,False,True,False,False,False,False,True,False,True,False,False,2026-11-10,False,False,6,,EMA,7,https://www.tradingview.com/chart/?symbol=NASDAQ:ALAB&interval=D,True,False,True
CORT,Corcept Therapeutics Incorporated,NASDAQ,Pharmaceuticals: Major,112.94,113.15,113.67,115.16,109.68,91.17,73.77,68.87,113.63,113.39,118.79,112.04,4.74,4.67,5.28,2640762.2,1408932.4666666666,159124833.0,162258533.0,0.31,-0.15,12208632592.437769,-6.32,237,37.92,67,196.51,12,76.03,0.64,-0.64,0.09,1.28,17.0,0.084,39.66,False,False,False,True,True,True,False,False,True,True,True,True,False,True,False,False,2026-11-04,False,False,6,,"near21, BB",6,https://www.tradingview.com/chart/?symbol=NASDAQ:CORT&interval=D,False,False,True
GRAL,"GRAIL, Inc.",NASDAQ,Medical Specialties,108.52,83.5,81.97,78.96,75.41,69.66,63.84,72.33,88.1,82.72,112.58,104.0,4.88,5.99,6.5,1744716.6,989100.2,107337154.0,78100671.0,2.19,-1.13,4847179462.0,37.58,14,75.49,19,114.04,48,75.7,7.33,32.39,5.21,1.32,69.5,0.439,18.11,True,True,True,True,False,False,False,False,False,False,True,False,True,True,True,False,2026-11-18,False,False,4,"LoD>60% ATR, >4x 50-MA","EMA, RVOL",5,https://www.tradingview.com/chart/?symbol=NASDAQ:GRAL&interval=D,True,True,False
RBRK,"Rubrik, Inc.",NYSE,Information Technology Services,115.57,103.92,98.52,98.8,90.98,81.39,71.48,70.88,106.17,100.84,116.12,110.06,4.78,5.16,5.97,3715491.4,3709512.6666666665,428708379.0,366501088.0,0.8,0.53,23958173762.199158,16.19,61,61.02,30,147.1,32,74.77,5.23,17.31,2.83,1.02,92.3,0.375,28.59,True,True,True,True,False,False,False,False,False,False,True,False,False,True,False,False,2026-12-03,False,False,4,"LoD>60% ATR, >4x 50-MA",EMA,5,https://www.tradingview.com/chart/?symbol=NYSE:RBRK&interval=D,False,False,False
PANW,"Palo Alto Networks, Inc.",NASDAQ,Packaged Software,393.3,367.21,358.79,361.7,355.39,314.46,264.05,243.38,370.04,362.96,393.52,374.2,4.23,4.74,18.63,7298050.500000009,6498256.200000008,2555764163.0,2350417101.0,0.88,1.4,321719406290.574,10.46,87,36.09,70,166.55,22,71.03,2.25,9.62,1.77,1.04,102.5,0.235,31.48,True,True,True,True,False,False,False,False,False,False,True,False,False,True,False,False,2026-11-12,False,False,5,LoD>60% ATR,EMA,5,https://www.tradingview.com/chart/?symbol=NASDAQ:PANW&interval=D,False,False,True
INTC,Intel Corporation,NASDAQ,Semiconductors,122.6,108.43,101.04,99.29,98.04,107.74,90.0,78.36,111.29,104.99,124.25,119.44,4.02,5.12,6.28,119527195.9,104160345.93333334,12770058411.0,10342132828.0,0.71,0.0,648076533662.5511,37.97,13,-12.26,258,181.06,20,68.92,4.89,21.34,3.27,0.77,50.3,0.442,24.53,True,True,True,True,False,False,True,False,False,False,False,True,False,True,False,False,2026-10-22,False,False,5,>4x 50-MA,EMA,7,https://www.tradingview.com/chart/?symbol=NASDAQ:INTC&interval=D,True,False,True
SNDK,Sandisk Corporation,NASDAQ,Computer Peripherals,1816.57,1680.53,1636.43,1613.14,1506.65,1610.16,1323.97,1092.52,1719.43,1653.49,1902.22,1803.67,5.25,6.41,116.5,9933129.4,12186101.066666666,22136905615.0,19657917540.0,0.76,0.44,265980379867.08237,21.58,43,-18.84,306,202.89,11,68.54,3.21,11.01,1.54,0.85,11.1,0.3,32.37,True,True,True,True,False,False,True,False,False,False,False,True,False,True,False,False,2026-11-05,False,False,6,,EMA,7,https://www.tradingview.com/chart/?symbol=NASDAQ:SNDK&interval=D,False,False,True
OMER,Omeros Corporation,NASDAQ,Pharmaceuticals: Major,20.74,18.54,18.72,18.41,15.61,13.42,12.89,12.69,19.06,18.37,20.97,20.43,4.09,4.78,0.99,1878498.6,2233039.7,46313243.0,41101329.0,0.71,-1.92,1501333563.6864605,8.59,97,95.48,7,99.42,63,67.83,6.88,10.76,2.69,0.54,31.3,0.202,29.08,True,True,True,True,False,False,True,True,False,True,False,True,False,False,False,False,2026-11-11,False,False,4,">4x 50-MA, thin RVOL","EMA, ADR",8,https://www.tradingview.com/chart/?symbol=NASDAQ:OMER&interval=D,False,True,False
XMTR,"Xometry, Inc.",NASDAQ,Information Technology Services,105.01,93.88,92.85,91.34,91.27,88.89,73.87,70.92,96.92,93.75,105.46,101.85,4.09,4.39,4.61,995415.7,647840.0666666667,68029685.0,59172092.0,1.29,-1.07,6019548326.325027,23.93,29,13.68,135,161.54,24,66.39,3.43,13.1,2.73,0.78,68.5,0.247,21.87,True,True,True,True,False,False,True,False,False,False,False,False,False,False,True,False,2026-11-05,False,False,4,"LoD>60% ATR, thin RVOL","EMA, RVOL",6,https://www.tradingview.com/chart/?symbol=NASDAQ:XMTR&interval=D,False,False,False
HPE,Hewlett Packard Enterprise Company,NYSE,Computer Processing Hardware,62.33,59.22,56.52,56.21,53.27,47.6,39.67,35.51,59.49,57.4,63.36,61.3,5.79,5.55,3.46,24198634.1,23357259.400000025,1455857978.0,1312997194.0,0.58,1.97,82740874447.6736,17.6,59,29.58,84,150.62,30,65.94,3.06,10.27,1.55,0.6,29.8,0.265,38.04,True,True,True,True,False,False,True,True,False,True,False,True,False,True,False,False,2026-12-03,False,False,6,,"EMA, ADR",8,https://www.tradingview.com/chart/?symbol=NYSE:HPE&interval=D,False,False,False
PENG,"Penguin Solutions, Inc.",NASDAQ,Semiconductors,53.88,51.33,50.71,52.56,54.01,56.4,44.74,38.53,52.51,52.18,56.15,53.43,4.46,6.18,3.33,1444105.0,1478929.3666666667,79684714.0,77732528.0,1.1,-1.27,2760956694.0933194,6.31,116,-21.3,323,209.66,10,64.89,-0.04,6.26,0.53,0.82,13.5,0.212,33.17,False,False,True,True,False,True,True,False,False,True,False,True,False,False,False,False,2026-10-06,False,False,5,thin RVOL,"EMA, near21",6,https://www.tradingview.com/chart/?symbol=NASDAQ:PENG&interval=D,False,False,True
NEO,"NeoGenomics, Inc.",NASDAQ,Medical/Nursing Services,18.36,18.76,18.23,17.62,16.59,13.85,12.07,12.08,18.73,18.15,19.08,18.27,4.22,4.37,0.8,2248814.9,1800683.4666666666,33060548.0,31733145.0,1.38,-1.06,2358808880.5124407,9.61,91,42.33,59,138.75,34,63.56,2.44,0.74,0.27,1.01,11.2,0.184,36.45,False,False,False,True,True,True,False,False,False,True,True,True,False,False,True,False,2026-11-10,False,False,5,thin RVOL,"near21, RVOL",5,https://www.tradingview.com/chart/?symbol=NASDAQ:NEO&interval=D,False,False,False
ETON,"Eton Pharmaceuticals, Inc.",NASDAQ,Pharmaceuticals: Major,55.61,56.44,58.44,58.25,52.52,42.56,35.64,30.71,56.67,56.76,56.97,54.24,4.68,5.17,2.87,429908.8,609574.4666666667,33898436.0,35509846.0,1.03,-0.23,1589508175.1928535,-12.97,317,63.66,29,136.24,36,62.31,1.14,-4.85,0.39,0.95,47.7,0.161,49.87,False,False,False,True,False,True,True,False,False,True,False,True,False,False,False,False,2026-11-05,False,False,5,thin RVOL,near21,5,https://www.tradingview.com/chart/?symbol=NASDAQ:ETON&interval=D,False,False,False
AMBQ,"Ambiq Micro, Inc.",NYSE,Semiconductors,69.13,64.36,61.44,61.57,64.41,69.7,56.35,49.96,65.48,63.6,71.92,67.46,4.98,5.75,3.98,699391.2,523560.0,36193703.0,32234542.0,0.48,-0.82,1671877043.9289234,18.9,52,-18.09,301,186.02,17,62.28,1.27,12.51,1.51,1.12,42.1,0.293,28.55,False,True,True,True,False,False,False,False,False,False,True,True,False,False,False,False,2026-11-05,False,False,5,thin RVOL,EMA,5,https://www.tradingview.com/chart/?symbol=NYSE:AMBQ&interval=D,False,False,True
SBET,"Sharplink, Inc.",NASDAQ,Advertising/Marketing Services,9.81,9.04,8.78,8.22,7.4,6.68,6.84,7.44,9.23,8.69,10.27,9.74,5.83,6.25,0.61,10881559.1,9824199.76666669,96375400.0,80709076.0,0.89,-0.88,2130963443.1202347,21.71,42,106.53,5,54.49,127,60.91,5.21,11.67,2.06,0.87,12.2,0.285,24.08,True,True,True,True,False,False,True,False,False,False,False,True,False,False,False,False,2026-11-12,False,False,4,">4x 50-MA, thin RVOL",EMA,7,https://www.tradingview.com/chart/?symbol=NASDAQ:SBET&interval=D,False,True,False
AYA,Aya Gold & Silver Inc.,NASDAQ,Precious Metals,28.19,28.13,28.34,27.81,25.31,22.16,20.39,19.3,28.47,27.92,29.66,27.88,4.98,6.19,1.75,1621779.9,1286561.2666666666,36268162.0,35783129.0,0.81,-2.44,4060379903.3678546,4.25,133,59.54,34,118.53,43,60.77,1.84,-0.52,0.16,1.02,17.8,0.151,32.06,False,False,False,True,True,True,False,False,False,True,True,True,False,False,False,False,2026-11-17,False,True,4,"thin RVOL, large gap",near21,5,https://www.tradingview.com/chart/?symbol=NASDAQ:AYA&interval=D,False,False,False
AMLX,"Amylyx Pharmaceuticals, Inc.",NASDAQ,Pharmaceuticals: Major,30.6,32.55,33.54,32.91,27.73,21.57,19.46,17.96,32.56,32.29,33.02,30.53,5.17,6.02,1.84,1646519.8,3015228.7,92281074.0,99240725.0,1.15,-0.36,3841326781.1768184,-20.79,398,75.19,20,127.72,39,60.7,1.72,-8.76,0.87,1.35,4.1,0.186,50.91,False,False,False,True,False,True,False,False,False,True,True,True,False,False,False,False,2026-11-05,False,False,5,thin RVOL,near21,4,https://www.tradingview.com/chart/?symbol=NASDAQ:AMLX&interval=D,False,True,False
AEHR,Aehr Test Systems,NASDAQ,Electronic Production Equipment,97.38,91.66,88.2,97.57,94.22,94.38,80.79,66.94,93.17,92.69,100.0,92.38,7.25,9.07,8.83,2497500.4,2724866.933333333,265347542.0,265869808.0,0.96,-0.63,3180386531.787674,1.69,155,-5.09,215,183.74,18,60.12,0.37,10.41,0.56,0.86,56.6,0.33,28.18,True,True,True,True,False,True,True,False,False,True,False,True,False,False,False,False,2026-10-06,False,False,5,thin RVOL,"EMA, near21",8,https://www.tradingview.com/chart/?symbol=NASDAQ:AEHR&interval=D,False,False,True
NSIT,"Insight Enterprises, Inc.",NASDAQ,Information Technology Services,158.25,158.98,157.51,155.04,144.47,124.0,108.03,101.97,157.72,155.69,162.22,156.63,4.01,3.93,6.21,480542.3,329692.4666666667,52173833.0,51114036.0,0.83,0.49,4644455552.5056,8.09,102,38.61,64,129.88,38,58.86,2.43,0.47,0.42,0.9,26.1,0.093,36.02,False,False,True,True,True,True,True,False,True,True,False,True,False,False,False,False,2026-10-29,False,False,5,thin RVOL,"EMA, near21, BB",8,https://www.tradingview.com/chart/?symbol=NASDAQ:NSIT&interval=D,False,False,False
CVI,CVR Energy Inc.,NYSE,Oil Refining/Marketing,51.8,51.7,47.41,43.84,39.82,35.69,33.67,31.62,51.05,47.59,53.48,50.18,5.23,4.93,2.55,1340347.3,1079868.2666666666,55937176.0,47337465.0,0.92,1.02,5207485264.822559,32.51,19,94.15,8,49.75,140,58.81,6.1,9.27,1.79,1.29,63.5,0.406,38.77,True,True,True,True,False,False,False,False,False,False,True,False,False,False,False,False,2026-11-02,False,False,3,"LoD>60% ATR, >4x 50-MA, thin RVOL",EMA,5,https://www.tradingview.com/chart/?symbol=NYSE:CVI&interval=D,True,True,False
QLYS,"Qualys, Inc.",NASDAQ,Packaged Software,184.79,175.54,176.41,179.13,169.85,141.97,124.75,126.61,178.73,176.62,186.64,180.23,5.04,5.11,9.45,904944.7,690253.8,127552000.0,123642632.0,0.57,0.47,6392810530.82495,1.43,161,60.92,31,108.5,51,56.95,1.72,4.75,0.9,0.68,48.2,0.207,27.96,True,True,True,True,False,True,True,True,False,True,False,True,False,False,False,False,2026-11-04,False,False,5,thin RVOL,"EMA, near21, ADR",9,https://www.tradingview.com/chart/?symbol=NASDAQ:QLYS&interval=D,False,False,False
ILMN,"Illumina, Inc.",NASDAQ,Medical Specialties,255.38,229.36,222.58,216.51,207.47,184.73,165.0,157.85,235.0,224.63,256.17,247.0,4.08,4.1,10.46,5668930.2,3045962.1,777877801.0,659490900.0,0.41,0.54,38562381046.45324,18.24,57,43.28,56,107.63,53,56.38,5.64,14.73,3.34,0.88,80.1,0.275,28.0,True,True,True,True,False,False,True,False,False,False,False,False,False,True,False,False,2026-10-29,False,False,4,"LoD>60% ATR, >4x 50-MA",EMA,6,https://www.tradingview.com/chart/?symbol=NASDAQ:ILMN&interval=D,False,False,False
SMTC,Semtech Corporation,NASDAQ,Semiconductors,169.33,167.61,154.97,147.52,139.07,142.79,124.64,113.26,167.57,157.75,174.5,165.01,6.09,6.7,11.34,3779461.2,3574499.6333333333,605270023.0,527306016.0,1.02,0.1,15802827834.292206,41.54,11,-0.1,191,127.56,40,56.34,3.25,9.27,1.1,0.84,38.1,0.442,32.1,True,True,True,True,False,True,True,False,False,True,False,True,False,True,False,False,2026-12-02,False,False,6,,"EMA, near21",8,https://www.tradingview.com/chart/?symbol=NASDAQ:SMTC&interval=D,True,False,False
MRVL,"Marvell Technology, Inc.",NASDAQ,Semiconductors,260.9,239.89,231.17,231.0,218.04,225.94,186.67,160.86,244.34,235.49,264.97,256.22,4.14,5.4,14.08,18473322.8,22627764.466666665,5903583749.0,5227051305.0,0.71,0.0,228783203595.83774,13.82,72,-10.4,247,164.12,23,55.85,3.64,12.86,2.0,0.62,33.2,0.29,30.29,True,True,True,True,False,False,True,False,False,False,False,True,False,True,False,False,2026-11-26,False,False,6,,EMA,7,https://www.tradingview.com/chart/?symbol=NASDAQ:MRVL&interval=D,False,False,True
HNGE,"Hinge Health, Inc.",NYSE,Packaged Software,92.28,92.83,92.03,90.71,86.89,76.36,64.93,59.55,93.07,91.63,94.28,89.75,4.33,4.49,4.14,2065417.3,1817635.5666666667,167731410.0,164872269.0,0.83,-0.55,7446481133.467871,4.37,131,30.17,83,130.7,37,55.08,1.38,0.28,0.16,1.09,61.1,0.094,36.06,False,False,False,True,True,True,False,False,True,True,True,False,False,False,False,False,2026-11-03,False,False,4,"LoD>60% ATR, thin RVOL","near21, BB",5,https://www.tradingview.com/chart/?symbol=NYSE:HNGE&interval=D,False,False,False
SNOW,Snowflake Inc.,NYSE,Packaged Software,334.81,332.67,330.84,329.66,314.47,264.97,229.55,223.97,333.75,329.94,348.61,333.16,4.41,4.6,15.41,4176897.1,4920809.266666667,1647536151.0,1622182501.0,0.96,0.46,118120962627.5623,0.8,167,50.14,48,111.46,49,54.13,1.41,1.2,0.32,1.0,10.7,0.12,32.47,True,True,True,True,True,True,False,False,False,True,True,True,False,True,False,False,2026-12-02,False,False,6,,"EMA, near21",8,https://www.tradingview.com/chart/?symbol=NYSE:SNOW&interval=D,False,False,False
SAIL,"SailPoint, Inc.",NASDAQ,Packaged Software,21.41,19.82,19.42,19.23,18.09,16.35,15.25,16.06,20.16,19.49,21.76,20.56,5.72,5.83,1.25,6238987.1,4409902.033333333,94416003.0,84784776.0,1.06,0.66,12223218287.740757,14.13,71,68.32,26,78.42,81,53.62,3.15,10.25,1.69,0.96,68.1,0.254,21.37,True,True,True,True,False,False,True,False,False,False,False,False,False,True,False,False,2026-12-15,False,False,5,LoD>60% ATR,EMA,6,https://www.tradingview.com/chart/?symbol=NASDAQ:SAIL&interval=D,False,False,False
OSCR,"Oscar Health, Inc.",NYSE,Managed Health Care,30.53,32.05,31.58,31.54,30.72,28.28,23.54,21.45,31.57,31.53,30.89,29.8,6.16,6.02,1.84,6417599.9,5422815.3,165558551.0,171055478.0,0.87,-0.95,8349008411.725791,-5.1,226,5.06,170,160.27,25,53.41,-0.1,-3.34,0.53,0.59,39.7,0.142,34.72,False,False,False,True,False,True,True,True,False,True,False,True,False,False,False,False,2026-11-10,False,False,5,thin RVOL,"near21, ADR",6,https://www.tradingview.com/chart/?symbol=NYSE:OSCR&interval=D,False,False,False
S,"SentinelOne, Inc.",NYSE,Packaged Software,24.1,22.63,21.6,21.67,20.85,18.72,17.03,16.38,22.83,22.02,24.3,23.66,4.28,4.71,1.14,9802459.0,8819364.7,212546689.0,191124452.0,0.78,0.5,8387984245.706499,14.43,69,60.24,32,85.24,74,53.31,3.31,11.58,2.01,0.56,38.7,0.31,25.93,True,True,True,True,False,False,True,True,False,True,False,True,False,False,False,False,2026-12-08,False,False,5,thin RVOL,"EMA, ADR",8,https://www.tradingview.com/chart/?symbol=NYSE:S&interval=D,False,False,False
CLMT,"Calumet, Inc",NASDAQ,Oil Refining/Marketing,54.38,57.23,54.21,52.26,48.36,41.55,38.01,33.91,56.32,54.24,57.16,51.92,4.51,4.64,2.52,1650584.5,1306136.0666666667,71027679.0,68262154.0,1.42,0.97,4779905674.533499,13.14,75,67.32,27,76.44,85,52.3,2.68,0.32,0.06,2.08,97.5,0.284,42.89,False,False,False,True,True,True,False,False,False,True,True,False,False,False,True,False,2026-11-06,False,False,4,"LoD>60% ATR, thin RVOL","near21, RVOL",4,https://www.tradingview.com/chart/?symbol=NASDAQ:CLMT&interval=D,False,False,False
NET,"Cloudflare, Inc.",NYSE,Information Technology Services,352.33,331.45,311.64,307.37,296.48,265.25,243.34,230.08,332.77,318.14,364.23,351.0,4.82,4.99,17.59,3375787.1,3193931.1,1125317744.0,981707956.0,0.82,0.68,125457565779.3429,22.04,38,59.14,36,71.87,93,51.02,3.77,13.06,2.15,0.75,7.6,0.315,28.77,True,True,True,True,False,False,True,False,False,False,False,True,False,True,False,False,2026-10-29,False,False,6,,EMA,7,https://www.tradingview.com/chart/?symbol=NYSE:NET&interval=D,False,False,False
BMNR,"BitMine Immersion Technologies, Inc.",NYSE,Financial Conglomerates,27.46,25.57,25.11,23.57,21.05,19.34,19.86,22.0,26.09,24.71,28.56,27.3,5.59,6.28,1.72,46533063.5,44777703.36666667,1229595734.0,1055425394.0,0.79,-2.02,16564596509.566755,16.36,60,92.7,10,43.84,150,50.97,4.84,9.35,1.77,0.73,9.3,0.256,22.69,True,True,True,True,False,False,True,False,False,False,False,True,False,True,False,False,2026-11-20,False,True,4,">4x 50-MA, large gap",EMA,7,https://www.tradingview.com/chart/?symbol=NYSE:BMNR&interval=D,False,True,False
ZETA,Zeta Global Holdings Corp.,NYSE,Packaged Software,29.79,30.53,30.63,29.96,27.12,23.47,21.33,20.86,30.43,30.0,30.88,29.76,4.7,4.83,1.44,5052505.3,6387911.7,190295890.0,191392481.0,0.67,0.23,7477694752.4686365,3.69,136,57.29,41,89.75,67,50.24,2.04,-2.73,0.15,0.77,2.1,0.108,32.78,False,False,False,True,True,True,True,False,False,True,False,True,False,False,False,False,2026-11-10,False,False,5,thin RVOL,near21,6,https://www.tradingview.com/chart/?symbol=NYSE:ZETA&interval=D,False,False,False
BB,BlackBerry Limited,NYSE,Packaged Software,8.38,7.99,7.95,8.1,8.37,8.59,7.01,6.22,8.13,8.1,8.68,8.32,4.08,4.98,0.42,13994934.0,10788692.633333342,90409244.0,87388410.0,2.06,-0.23,4911521840.833334,5.67,120,-13.79,276,157.85,26,49.91,0.02,5.36,0.69,0.86,14.4,0.17,28.3,False,True,True,True,False,True,True,False,False,True,False,True,True,True,True,False,2026-09-24,True,False,5,earnings soon,"EMA, near21, RVOL",6,https://www.tradingview.com/chart/?symbol=NYSE:BB&interval=D,False,False,False
ZS,"Zscaler, Inc.",NASDAQ,Packaged Software,214.45,193.18,184.44,183.12,171.59,157.4,153.01,167.83,197.22,187.76,215.73,209.4,4.37,4.49,9.63,3578283.4,3169444.1333333333,679687294.0,580403400.0,0.7,1.34,34967079788.526024,19.14,50,69.26,25,60.29,115,49.56,5.57,16.27,3.17,0.66,52.5,0.341,18.73,True,True,True,True,False,False,True,True,False,True,False,True,False,True,False,False,2026-12-01,False,False,5,>4x 50-MA,"EMA, ADR",8,https://www.tradingview.com/chart/?symbol=NASDAQ:ZS&interval=D,False,False,False
APPN,Appian Corporation,NASDAQ,Packaged Software,37.96,37.17,38.26,37.86,33.81,28.3,26.87,28.14,37.59,37.22,38.21,36.28,5.11,5.52,2.1,905395.0,864666.5666666667,32822743.0,32733682.0,0.72,0.14,2719010218.6211386,-0.89,181,85.17,14,58.86,117,47.71,2.22,-0.79,0.36,0.92,80.2,0.263,30.01,False,False,True,True,True,True,True,False,False,True,False,False,False,False,False,False,2026-10-29,False,False,4,"LoD>60% ATR, thin RVOL","EMA, near21",6,https://www.tradingview.com/chart/?symbol=NASDAQ:APPN&interval=D,False,True,False
BFLY,"Butterfly Network, Inc.",NYSE,Medical Specialties,9.2,8.0,7.96,8.34,8.05,6.94,6.03,5.46,8.35,8.18,10.05,9.15,6.24,7.38,0.68,6521977.5,5172353.733333333,47585654.0,43132258.0,1.26,-0.3,2495823758.469285,-2.44,195,17.8,119,124.94,41,46.77,1.93,15.64,1.7,1.33,7.4,0.357,28.2,True,True,True,True,False,False,False,False,False,False,True,True,False,False,True,False,2026-10-29,False,False,5,thin RVOL,"EMA, RVOL",6,https://www.tradingview.com/chart/?symbol=NYSE:BFLY&interval=D,False,False,False
STX,Seagate Technology Holdings PLC,NASDAQ,Computer Peripherals,923.86,843.6,842.55,855.72,844.77,860.98,725.26,628.97,863.39,852.19,927.0,885.0,5.2,5.79,53.47,4369309.1,3921494.0,3622911447.0,3355710649.0,0.74,-0.72,210079322172.62085,12.86,77,-16.84,294,144.07,33,46.69,1.62,9.65,1.45,0.79,72.7,0.201,25.11,True,True,True,True,False,True,True,False,False,True,False,False,False,True,False,False,2026-10-28,False,False,5,LoD>60% ATR,"EMA, near21",7,https://www.tradingview.com/chart/?symbol=NASDAQ:STX&interval=D,False,False,False
TENB,"Tenable Holdings, Inc.",NASDAQ,Packaged Software,36.23,35.15,35.22,35.4,35.3,31.87,27.67,26.58,35.59,35.33,36.73,35.15,6.14,6.29,2.28,6483152.0,4748520.633333334,172038903.0,168084968.0,0.36,1.34,3990371607.769145,5.2,125,31.22,79,103.31,58,46.58,0.42,2.86,0.41,0.69,47.4,0.226,24.06,True,True,True,True,True,True,True,True,False,True,False,True,False,False,False,False,2026-11-04,False,False,5,thin RVOL,"EMA, near21, ADR",10,https://www.tradingview.com/chart/?symbol=NASDAQ:TENB&interval=D,False,False,False
DINO,HF Sinclair Corporation,NYSE,Oil Refining/Marketing,106.14,110.33,106.81,102.45,96.64,83.86,75.21,69.07,109.1,105.92,110.84,103.0,4.66,4.55,4.83,3405034.1,2701463.6,286733347.0,276760443.0,1.57,1.2,18869977633.564533,10.52,86,60.16,33,68.13,99,46.27,2.16,-0.63,0.04,1.62,65.1,0.199,38.88,False,False,False,True,True,True,False,False,False,True,True,False,True,True,True,False,2026-10-28,False,False,5,LoD>60% ATR,"near21, RVOL",4,https://www.tradingview.com/chart/?symbol=NYSE:DINO&interval=D,False,False,False
SLS,"SELLAS Life Sciences Group, Inc.",NASDAQ,Pharmaceuticals: Major,11.52,11.76,12.8,13.0,12.42,10.71,8.77,7.44,11.95,12.37,12.14,11.42,7.79,8.69,1.0,7536331.8,7362034.233333333,84810634.0,95734666.0,0.5,-0.83,2326414658.5557404,-25.56,425,25.08,96,138.02,35,45.85,-0.83,-9.99,0.79,0.72,10.0,0.371,46.53,False,False,False,True,False,True,True,False,False,True,False,True,False,False,False,False,2026-11-18,False,False,5,thin RVOL,near21,5,https://www.tradingview.com/chart/?symbol=NASDAQ:SLS&interval=D,False,False,False
GH,"Guardant Health, Inc.",NASDAQ,Medical Specialties,176.31,172.46,167.91,166.4,162.04,144.68,126.31,121.32,173.45,169.42,179.35,174.17,4.62,4.57,8.06,1884259.7,1996593.8333333333,352019459.0,332227890.0,0.77,-0.54,23660126691.697674,7.1,113,27.9,88,102.1,59,45.7,1.93,5.0,0.89,0.64,26.5,0.183,29.01,True,True,True,True,False,True,True,True,False,True,False,True,False,True,False,False,2026-10-29,False,False,6,,"EMA, near21, ADR",9,https://www.tradingview.com/chart/?symbol=NASDAQ:GH&interval=D,False,False,False
COHU,"Cohu, Inc.",NASDAQ,Semiconductors,64.48,56.52,52.93,53.99,52.6,53.98,47.35,42.3,57.86,55.23,64.91,62.46,4.95,5.9,3.81,1080033.9,1031486.5333333333,66510252.0,55690130.0,0.53,-0.9,3052382159.020762,22.66,35,-3.6,208,117.18,45,45.41,3.83,21.83,2.84,0.64,52.9,0.437,22.05,True,True,True,True,False,False,True,False,False,False,False,True,False,False,False,False,2026-10-29,False,False,5,thin RVOL,EMA,7,https://www.tradingview.com/chart/?symbol=NASDAQ:COHU&interval=D,False,False,False
DDOG,"Datadog, Inc.",NASDAQ,Packaged Software,251.49,234.4,229.24,232.57,242.74,234.45,196.73,180.62,237.32,234.5,256.71,247.6,4.01,4.67,11.75,3069290.8,3713860.6333333333,933998811.0,863749280.0,0.86,1.67,90303784682.46486,7.29,111,15.34,127,109.58,50,44.07,0.77,9.7,1.55,0.78,33.1,0.208,24.7,True,True,True,True,False,False,True,False,False,False,False,True,False,True,False,False,2026-11-05,False,False,6,,EMA,7,https://www.tradingview.com/chart/?symbol=NASDAQ:DDOG&interval=D,False,False,False
BE,Bloom Energy Corporation,NYSE,Electronic Production Equipment,275.19,269.17,250.53,239.57,227.49,254.07,227.0,201.33,267.4,254.72,282.64,271.02,5.72,6.56,18.05,18524539.9,14900467.333333334,4100459605.0,3569714893.0,0.43,0.16,81050979369.11554,43.34,10,-20.53,319,106.93,55,43.25,3.2,9.84,1.23,0.64,23.1,0.415,24.65,True,True,True,True,False,True,True,True,False,True,False,True,False,True,False,False,2026-10-29,False,False,6,,"EMA, near21, ADR",9,https://www.tradingview.com/chart/?symbol=NYSE:BE&interval=D,True,False,False
MSTR,Strategy Inc,NASDAQ,Internet Software/Services,162.2,143.64,138.11,127.42,115.09,124.94,130.27,136.75,148.83,137.82,169.5,161.84,5.02,5.71,9.26,25826781.1,27518731.233333334,4463538206.0,3506546809.0,0.83,-0.06,62321378444.83834,33.13,16,71.3,23,24.88,198,43.1,7.17,17.44,3.1,0.83,3.9,0.403,17.61,True,True,True,True,False,False,True,False,False,False,False,True,False,True,False,False,2026-11-04,False,False,5,>4x 50-MA,EMA,7,https://www.tradingview.com/chart/?symbol=NASDAQ:MSTR&interval=D,True,True,False
ECO,Okeanis Eco Tankers Corp.,NYSE,Marine Shipping,78.03,80.57,74.38,70.75,65.91,59.32,56.25,51.6,79.18,75.16,79.08,75.61,4.07,4.17,3.25,1028114.6,691606.0333333333,53966019.0,48932741.0,0.73,0.01,2992353973.8509154,21.9,40,46.92,53,60.49,114,43.1,4.41,4.91,0.92,1.07,74.4,0.382,37.12,False,False,False,True,False,True,False,False,False,True,True,False,False,False,False,False,2026-11-11,False,False,3,"LoD>60% ATR, >4x 50-MA, thin RVOL",near21,3,https://www.tradingview.com/chart/?symbol=NYSE:ECO&interval=D,False,False,False
P,"Everpure, Inc.",NYSE,Computer Peripherals,109.65,102.3,99.98,103.81,93.85,85.41,78.6,76.56,104.76,101.81,112.0,107.1,4.53,5.4,5.93,10628933.7,5838373.966666667,640177705.0,606075763.0,0.37,0.23,36538369340.417534,2.15,150,47.98,51,78.85,80,42.99,3.12,9.68,1.43,0.83,43.0,0.254,23.47,True,True,True,True,False,True,True,False,False,True,False,True,False,True,False,False,2026-12-02,False,False,6,,"EMA, near21",8,https://www.tradingview.com/chart/?symbol=NYSE:P&interval=D,False,False,False
FROG,JFrog Ltd.,NASDAQ,Packaged Software,92.33,91.73,92.44,92.17,88.77,83.44,70.2,67.49,91.77,91.43,92.83,88.52,5.48,5.81,5.36,1621539.1,1941849.3333333333,179290949.0,178974428.0,0.72,0.57,11384410056.485601,1.69,156,19.49,115,107.72,52,42.96,0.69,-0.12,0.17,0.8,71.0,0.188,27.01,False,False,True,True,True,True,True,False,False,True,False,False,False,True,False,False,2026-11-04,False,False,5,LoD>60% ATR,"EMA, near21",6,https://www.tradingview.com/chart/?symbol=NASDAQ:FROG&interval=D,False,False,False
USDE,StablecoinX Inc.,NASDAQ,Packaged Software,12.87,9.06,8.38,6.94,4.91,6.65,8.53,9.73,10.06,8.37,13.74,12.56,10.15,12.07,1.55,6094626.6,8402757.3,108143486.0,58338943.0,0.45,-2.36,349898350.55317575,65.11,3,36.91,68,25.56,196,42.53,13.45,53.51,4.46,0.76,20.0,1.04,37.47,True,True,True,True,False,False,True,False,False,False,False,True,False,False,False,False,,False,True,3,">4x 50-MA, thin RVOL, large gap",EMA,7,https://www.tradingview.com/chart/?symbol=NASDAQ:USDE&interval=D,True,False,False
NUAI,"New Era Energy & Digital, Inc.",NASDAQ,Engineering & Construction,6.99,6.16,5.74,5.56,5.31,5.17,4.97,4.9,6.35,5.93,7.2,6.71,8.01,9.3,0.65,9227850.0,7371434.733333333,51526329.0,40971663.0,0.99,-2.08,744849732.9849463,45.63,8,16.11,126,64.47,104,42.07,3.4,21.72,1.92,0.75,43.1,0.561,18.06,True,True,True,True,False,False,True,False,False,False,False,True,False,False,False,False,2026-12-02,False,True,4,"thin RVOL, large gap",EMA,7,https://www.tradingview.com/chart/?symbol=NASDAQ:NUAI&interval=D,True,False,False
TEM,"Tempus AI, Inc.",NASDAQ,Packaged Software,76.59,70.88,67.71,65.05,58.24,54.89,53.56,56.19,72.83,68.31,78.97,75.88,5.36,5.98,4.58,7296705.7,7653385.2,586172772.0,497878219.0,0.72,-0.93,13819499084.605907,9.3,94,45.64,54,70.41,96,41.78,5.27,13.12,2.03,0.67,15.5,0.399,22.61,True,True,True,True,False,False,True,False,False,False,False,True,False,True,False,False,2026-11-10,False,False,5,>4x 50-MA,EMA,7,https://www.tradingview.com/chart/?symbol=NASDAQ:TEM&interval=D,False,False,False
SWKS,"Skyworks Solutions, Inc.",NASDAQ,Semiconductors,91.45,87.75,79.04,75.37,70.52,70.49,66.13,65.14,86.61,81.08,92.8,89.4,5.82,5.03,4.6,9817943.1,7012438.4,641287492.0,528527482.0,0.51,0.28,13760735437.416632,37.29,15,24.85,99,62.98,108,41.71,5.9,15.7,2.54,0.74,44.5,0.479,24.72,True,True,True,True,False,False,True,True,False,True,False,True,False,True,False,False,2026-10-29,False,False,5,>4x 50-MA,"EMA, ADR",8,https://www.tradingview.com/chart/?symbol=NASDAQ:SWKS&interval=D,True,False,False
SMCI,"Super Micro Computer, Inc.",NASDAQ,Computer Processing Hardware,41.44,39.03,38.55,38.24,34.37,33.91,31.89,31.72,39.67,38.41,42.7,40.79,5.02,5.63,2.33,40115416.6,47329178.13333333,1961321142.0,1809788890.0,1.04,1.76,27224646488.24651,13.57,74,24.3,101,86.58,71,41.48,3.66,7.51,1.4,0.82,27.9,0.182,17.65,True,True,True,True,False,True,True,False,False,True,False,True,False,True,False,False,2026-11-03,False,False,6,,"EMA, near21",8,https://www.tradingview.com/chart/?symbol=NASDAQ:SMCI&interval=D,False,False,False
MDB,"MongoDB, Inc.",NASDAQ,Packaged Software,428.36,391.27,396.83,409.32,382.62,356.21,326.45,344.68,400.9,396.96,438.28,424.14,4.47,5.13,21.98,1427221.0,1817319.5666666667,778467010.0,743870091.0,0.77,0.39,34507115318.17083,1.15,163,42.06,60,80.26,77,41.16,2.33,7.95,1.54,0.64,19.2,0.307,16.43,True,True,True,True,False,False,True,True,False,True,False,True,False,True,False,False,2026-12-07,False,False,6,,"EMA, ADR",8,https://www.tradingview.com/chart/?symbol=NASDAQ:MDB&interval=D,False,False,False
MPC,Marathon Petroleum Corporation,NYSE,Oil Refining/Marketing,388.38,403.69,392.43,381.01,352.99,305.76,278.87,254.3,399.63,389.2,400.72,378.8,4.04,3.83,14.87,4014398.1,2926470.433333333,1136582587.0,1115000843.0,1.1,0.86,109066709519.0489,7.95,107,58.48,37,57.03,121,41.15,2.62,-1.03,0.05,1.47,64.4,0.173,38.46,False,False,False,True,True,True,False,False,False,True,True,False,False,True,False,False,2026-11-03,False,False,5,LoD>60% ATR,near21,4,https://www.tradingview.com/chart/?symbol=NYSE:MPC&interval=D,False,False,False
FCEL,"FuelCell Energy, Inc.",NASDAQ,Electronic Equipment/Instruments,17.18,16.63,16.76,17.99,19.07,20.01,15.98,14.03,17.08,17.36,17.85,17.12,7.07,9.49,1.63,5595384.499999996,7645135.399999995,131343426.0,137566566.0,0.57,-1.51,1373613084.8174691,-8.08,260,-21.91,327,153.39,29,41.13,-1.05,2.52,0.11,0.45,3.7,0.343,34.79,False,False,False,True,True,True,True,True,False,True,False,True,False,False,False,False,2026-12-17,False,False,5,thin RVOL,"near21, ADR",7,https://www.tradingview.com/chart/?symbol=NASDAQ:FCEL&interval=D,False,False,False
DK,"Delek US Holdings, Inc.",NYSE,Oil Refining/Marketing,72.26,76.24,74.5,72.13,68.72,58.08,52.55,47.22,75.16,73.69,75.12,69.66,5.71,6.05,4.37,3019220.7,2171118.8,156885044.0,156611484.0,0.72,1.06,4424636666.469321,2.79,144,64.68,28,54.85,125,40.77,0.85,-3.01,0.32,1.25,59.5,0.155,40.17,False,False,False,True,False,True,False,False,False,True,True,True,False,False,False,False,2026-11-11,False,False,5,thin RVOL,near21,4,https://www.tradingview.com/chart/?symbol=NYSE:DK&interval=D,False,False,False
DOCU,"DocuSign, Inc.",NASDAQ,Packaged Software,69.49,68.8,66.77,64.96,60.74,54.0,51.48,53.67,68.33,66.48,69.62,66.94,4.29,4.16,2.89,3751087.6,3580019.8333333335,248775578.0,232567635.0,0.91,0.76,12987851705.370129,12.74,78,59.16,35,50.05,139,40.65,3.46,4.08,1.09,0.93,88.1,0.175,24.92,True,True,True,True,False,True,True,False,False,True,False,False,False,True,False,False,2026-12-03,False,False,5,LoD>60% ATR,"EMA, near21",7,https://www.tradingview.com/chart/?symbol=NASDAQ:DOCU&interval=D,False,False,False
PI,"Impinj, Inc.",NASDAQ,Semiconductors,177.2,177.76,173.84,172.17,163.09,151.73,137.47,143.11,177.83,174.17,181.14,173.42,4.26,4.56,8.09,450091.0,385080.43333333335,68236253.0,66298977.0,1.37,-0.73,5414241955.569738,7.98,104,35.58,72,77.25,83,40.27,1.9,1.93,0.38,0.95,46.7,0.134,22.74,False,False,False,True,True,True,True,False,False,True,False,True,False,False,True,False,2026-10-28,False,False,5,thin RVOL,"near21, RVOL",6,https://www.tradingview.com/chart/?symbol=NASDAQ:PI&interval=D,False,False,False
HUT,Hut 8 Corp.,NASDAQ,Data Processing Services,102.46,95.95,91.25,88.99,93.46,101.65,87.22,78.52,97.42,93.97,107.2,102.37,7.24,7.84,8.04,5039576.400000009,4977065.166666665,509950097.0,442889950.0,0.64,-1.21,12629165171.548822,28.87,21,-14.69,284,106.07,56,40.09,1.23,12.29,1.15,0.6,1.1,0.367,22.58,True,True,True,True,False,True,True,True,False,True,False,True,False,True,False,False,2026-11-18,False,False,6,,"EMA, near21, ADR",9,https://www.tradingview.com/chart/?symbol=NASDAQ:HUT&interval=D,True,False,False
HOOD,"Robinhood Markets, Inc.",NASDAQ,Investment Banks/Brokers,122.7,115.5,113.61,108.82,103.87,97.51,90.46,94.77,117.38,113.17,126.74,122.24,5.17,5.3,6.5,24043186.2,22571125.366666667,2769477082.0,2456212434.0,0.79,-1.18,110317396740.56258,14.83,67,24.2,102,79.02,79,39.35,3.42,8.0,1.59,0.69,7.1,0.249,20.41,True,True,True,True,False,False,True,True,False,True,False,True,False,True,False,False,2026-11-04,False,False,6,,"EMA, ADR",8,https://www.tradingview.com/chart/?symbol=NASDAQ:HOOD&interval=D,False,False,False
HTFL,"Heartflow, Inc.",NASDAQ,Packaged Software,47.39,48.98,48.92,47.02,38.7,34.33,31.59,31.07,48.99,47.38,50.7,46.78,5.41,5.37,2.55,2367099.0,2468636.966666667,116988706.0,116084362.0,0.91,-1.02,4120732306.4610324,-4.74,221,36.06,71,85.84,72,39.05,4.18,-3.13,0.01,1.54,24.0,0.113,37.79,False,False,False,True,False,True,False,False,False,True,True,True,False,False,False,False,2026-11-18,False,False,4,">4x 50-MA, thin RVOL",near21,4,https://www.tradingview.com/chart/?symbol=NASDAQ:HTFL&interval=D,False,False,False
BETA,"Beta Technologies, Inc.",NYSE,Aerospace & Defense,24.34,21.49,21.16,22.44,21.38,19.18,18.43,20.24,22.05,21.76,24.37,22.5,6.4,6.65,1.62,5676229.7,3453502.6,84058253.0,77481633.0,0.39,-1.33,5694125549.074741,-0.61,175,53.56,44,63.8,105,38.92,2.08,15.01,1.78,1.16,113.7,0.219,12.58,True,True,True,True,False,False,False,False,False,False,True,False,False,False,False,False,2026-12-03,False,False,4,"LoD>60% ATR, thin RVOL",EMA,5,https://www.tradingview.com/chart/?symbol=NYSE:BETA&interval=D,False,False,False
NTAP,"NetApp, Inc.",NASDAQ,Computer Peripherals,196.33,193.47,190.01,192.57,185.94,167.02,145.42,135.54,193.66,191.55,197.89,192.48,4.32,4.02,7.89,2333746.3,2450666.2333333334,481139302.0,471926839.0,0.7,-0.11,38562944248.46416,2.82,143,24.71,100,88.8,69,38.78,1.39,3.32,0.62,0.69,48.9,0.116,29.5,True,True,True,True,False,True,True,True,False,True,False,True,False,True,False,False,2026-12-01,False,False,6,,"EMA, near21, ADR",9,https://www.tradingview.com/chart/?symbol=NASDAQ:NTAP&interval=D,False,False,False
VLO,Valero Energy Corporation,NYSE,Oil Refining/Marketing,375.84,393.12,378.92,367.12,343.03,299.12,276.54,252.58,387.89,377.14,388.01,364.96,4.31,4.03,15.13,4919714.199999976,3220015.4666666714,1210210613.0,1182115978.0,1.56,0.87,108214660662.83078,8.55,99,56.14,42,51.63,136,38.77,2.38,-0.81,0.09,1.52,71.9,0.204,37.39,False,False,False,True,True,True,False,False,False,True,True,False,True,True,True,False,2026-10-22,False,False,5,LoD>60% ATR,"near21, RVOL",4,https://www.tradingview.com/chart/?symbol=NYSE:VLO&interval=D,False,False,False
ANF,Abercrombie & Fitch Company,NYSE,Apparel/Footwear Retail,132.25,138.34,142.12,130.7,119.42,100.97,97.8,100.38,137.39,134.99,136.24,130.8,4.33,4.79,6.34,1339418.8,2042962.0666666667,270181733.0,267006970.0,0.79,-0.59,5611946975.59467,19.88,47,48.6,50,47.6,145,38.69,2.24,-6.95,0.42,0.86,22.8,0.16,33.51,False,False,False,True,False,True,True,False,False,True,False,True,False,False,False,False,2026-11-24,False,False,5,thin RVOL,near21,5,https://www.tradingview.com/chart/?symbol=NYSE:ANF&interval=D,False,False,False
BLSH,Bullish,NYSE,Packaged Software,40.11,36.84,35.49,32.81,29.05,30.06,32.42,33.76,37.47,35.06,41.1,39.6,6.02,6.08,2.44,1914485.8,1819648.0,72986081.0,59697798.0,0.66,-1.72,6028621368.14447,32.9,17,69.38,24,13.18,231,38.49,6.27,13.03,2.37,0.62,20.9,0.289,19.42,True,True,True,True,False,False,True,True,False,True,False,True,False,False,False,False,2026-11-25,False,False,4,">4x 50-MA, thin RVOL","EMA, ADR",8,https://www.tradingview.com/chart/?symbol=NYSE:BLSH&interval=D,True,False,False
HPQ,HP Inc.,NYSE,Information Technology Services,32.16,33.5,32.35,31.48,29.61,26.53,24.06,23.41,32.9,32.19,32.72,31.6,5.16,5.04,1.62,18555038.699999996,16427250.133333435,528300364.0,517107931.0,0.88,0.92,29001599890.96629,8.87,96,39.34,63,66.72,100,38.31,1.71,-0.6,0.02,0.69,34.2,0.19,31.36,False,False,False,True,True,True,True,True,False,True,False,True,False,True,False,False,2026-12-01,False,False,6,,"near21, ADR",7,https://www.tradingview.com/chart/?symbol=NYSE:HPQ&interval=D,False,False,False
SHAZ,"SharonAI Holdings, Inc.",NASDAQ,Data Processing Services,57.73,56.52,56.17,59.69,58.93,63.65,52.02,,57.56,57.58,62.48,56.54,7.6,9.66,5.58,1469720.3,1684053.9666666666,97220435.0,100529040.0,1.09,-1.15,2066936305.2455306,-2.12,192,-33.03,390,149.48,31,38.11,-0.21,2.77,0.03,1.06,21.3,0.23,20.14,False,False,False,False,True,True,False,False,False,True,True,True,False,False,False,False,2026-11-04,False,False,4,"thin RVOL, below 200-MA",near21,4,https://www.tradingview.com/chart/?symbol=NASDAQ:SHAZ&interval=D,False,False,False
PBF,PBF Energy Inc.,NYSE,Oil Refining/Marketing,70.47,74.52,74.06,73.37,69.75,56.61,51.86,46.67,73.65,73.22,74.76,68.4,6.35,6.52,4.6,5215866.8,3422466.7333333334,241181231.0,251097258.0,0.82,1.19,8353291802.7308235,-2.68,197,76.66,18,39.89,155,37.96,0.16,-4.85,0.58,1.38,45.0,0.154,39.51,False,False,False,True,False,True,False,False,False,True,True,True,False,False,False,False,2026-10-29,False,False,5,thin RVOL,near21,4,https://www.tradingview.com/chart/?symbol=NYSE:PBF&interval=D,False,True,False
VICR,Vicor Corporation,NASDAQ,Electronic Components,283.16,214.31,201.07,207.17,211.25,255.13,234.62,209.68,227.06,214.02,285.44,261.94,5.14,6.39,18.08,1122569.2,923265.0666666667,261431736.0,191270054.0,1.58,-0.69,13055582393.641352,45.15,9,-15.93,291,81.89,75,37.04,5.33,40.82,5.06,1.3,117.4,0.568,19.09,True,True,True,True,False,False,False,False,False,False,True,False,True,True,True,False,2026-10-27,False,False,4,"LoD>60% ATR, >4x 50-MA","EMA, RVOL",5,https://www.tradingview.com/chart/?symbol=NASDAQ:VICR&interval=D,True,False,False
TVTX,"Travere Therapeutics, Inc.",NASDAQ,Pharmaceuticals: Major,59.83,63.59,64.98,64.7,61.84,55.8,47.87,44.14,62.9,63.65,60.89,58.32,4.36,4.26,2.55,1799162.2,1415490.7333333334,84688811.0,91586497.0,0.98,0.18,5639640175.809555,-9.05,272,3.42,177,116.62,46,37.0,-0.76,-7.92,1.41,1.01,59.2,0.137,34.83,False,False,False,True,False,True,False,False,False,True,True,True,False,False,False,False,2026-10-22,False,False,5,thin RVOL,near21,4,https://www.tradingview.com/chart/?symbol=NASDAQ:TVTX&interval=D,False,False,False
FSLY,"Fastly, Inc.",NASDAQ,Information Technology Services,29.65,25.01,23.55,24.41,23.53,21.38,22.45,19.43,25.5,24.48,31.33,24.04,8.85,8.8,2.61,9791478.7,6508967.566666666,192990888.0,158903425.0,3.82,-0.69,4723245076.171395,22.72,34,82.35,15,5.5,258,36.86,2.95,25.9,2.4,2.79,215.1,0.384,18.83,True,True,True,True,False,False,False,False,False,False,True,False,True,True,True,False,2026-11-04,False,False,5,LoD>60% ATR,"EMA, RVOL",5,https://www.tradingview.com/chart/?symbol=NASDAQ:FSLY&interval=D,False,True,False
ELF,"e.l.f. Beauty, Inc.",NYSE,Household/Personal Care,100.78,96.88,101.47,100.12,93.4,77.51,75.86,77.45,98.82,98.74,102.56,100.05,4.09,4.31,4.35,1472877.4,1610659.6666666667,162322281.0,161252266.0,0.68,-0.28,5946825956.765962,-1.39,187,57.76,39,53.37,131,36.58,1.83,-0.68,0.48,0.58,16.8,0.209,25.42,False,False,True,True,True,True,True,True,False,True,False,True,False,False,False,False,2026-11-11,False,False,5,thin RVOL,"EMA, near21, ADR",8,https://www.tradingview.com/chart/?symbol=NYSE:ELF&interval=D,False,False,False
INSP,"Inspire Medical Systems, Inc.",NYSE,Medical Specialties,69.06,72.84,67.69,65.0,60.55,52.53,53.97,63.6,71.32,68.23,72.1,68.15,5.56,5.08,3.51,1101139.1,708052.5666666667,48898110.0,46021293.0,0.64,0.11,1996550623.90014,11.24,83,57.74,40,37.84,160,35.61,2.77,2.02,0.24,1.13,25.9,0.329,29.4,False,False,False,True,True,True,False,False,False,True,True,True,False,False,False,False,2026-11-09,False,False,5,thin RVOL,near21,5,https://www.tradingview.com/chart/?symbol=NYSE:INSP&interval=D,False,False,False
NBIS,Nebius Group N.V.,NASDAQ,Packaged Software,226.61,221.86,219.57,226.56,213.38,218.69,186.03,162.69,224.51,222.12,236.57,226.39,6.39,7.32,16.58,15842101.2,19837516.133333333,4495379531.0,4494295080.0,0.69,-0.41,61605112397.13031,7.3,110,-16.86,295,114.13,47,34.85,0.85,3.21,0.28,0.61,1.3,0.224,26.11,True,True,True,True,False,True,True,True,False,True,False,True,False,True,False,False,2026-10-22,False,False,6,,"EMA, near21, ADR",9,https://www.tradingview.com/chart/?symbol=NASDAQ:NBIS&interval=D,False,False,False
OUST,"Ouster, Inc.",NASDAQ,Semiconductors,39.38,35.85,35.71,37.79,38.33,39.23,33.4,30.83,36.91,36.91,40.25,37.93,4.8,6.48,2.55,2182202.2,2307320.033333333,90862263.0,87185164.0,1.01,-0.37,2839783760.3716774,5.39,122,-8.88,239,107.26,54,34.59,0.42,10.29,1.03,0.91,56.9,0.213,21.33,True,True,True,True,False,True,True,False,False,True,False,True,False,False,False,False,2026-11-05,False,False,5,thin RVOL,"EMA, near21",8,https://www.tradingview.com/chart/?symbol=NASDAQ:OUST&interval=D,False,False,False
ASAN,"Asana, Inc.",NYSE,Packaged Software,9.47,9.38,9.47,9.44,8.9,7.99,7.53,8.6,9.42,9.35,9.54,8.91,5.86,6.53,0.62,10167137.6,7063164.166666667,66888165.0,66699814.0,0.85,0.66,2168347020.1299562,-0.42,174,47.28,52,56.79,122,34.55,0.99,-0.03,0.19,1.01,90.6,0.242,20.53,False,False,True,True,True,True,False,False,False,True,True,False,False,False,False,False,2026-12-08,False,False,4,"LoD>60% ATR, thin RVOL","EMA, near21",5,https://www.tradingview.com/chart/?symbol=NYSE:ASAN&interval=D,False,False,False
SPSC,"SPS Commerce, Inc.",NASDAQ,Packaged Software,81.29,81.01,81.77,80.91,75.82,65.92,63.02,68.76,81.13,80.48,82.06,80.38,4.39,4.04,3.29,620221.2,534491.3,43448798.0,43245958.0,0.47,-0.2,2926454385.376902,0.51,168,48.77,49,49.21,142,32.83,1.79,-0.58,0.25,0.51,27.7,0.105,23.06,False,False,True,True,True,True,True,True,False,True,False,True,False,False,False,False,2026-10-22,False,False,5,thin RVOL,"EMA, near21, ADR",8,https://www.tradingview.com/chart/?symbol=NASDAQ:SPSC&interval=D,False,False,False
QRVO,"Qorvo, Inc.",NASDAQ,Semiconductors,119.59,116.1,107.63,103.92,98.55,96.87,91.51,89.61,115.01,109.5,121.09,117.84,4.22,3.65,4.36,1816003.2,1236276.9,147846354.0,128472041.0,0.63,0.0,10550425417.09085,25.77,27,21.4,109,49.38,141,32.18,5.85,11.11,2.53,0.74,40.1,0.342,22.15,True,True,True,True,False,False,True,True,False,True,False,True,False,True,False,False,2026-11-04,False,False,5,>4x 50-MA,"EMA, ADR",8,https://www.tradingview.com/chart/?symbol=NASDAQ:QRVO&interval=D,False,False,False
WT,"WisdomTree, Inc.",NYSE,Investment Managers,23.72,23.18,23.82,23.58,22.31,20.38,18.9,17.71,23.4,23.34,24.23,23.41,4.48,4.13,0.98,3584182.2,2704863.3333333335,64159358.0,63781579.0,0.35,-0.76,3593867309.874421,0.85,166,30.47,81,65.07,102,32.13,1.53,-0.42,0.4,0.84,31.7,0.148,25.76,False,False,True,True,True,True,True,False,False,True,False,True,False,False,False,False,2026-10-23,False,False,5,thin RVOL,"EMA, near21",7,https://www.tradingview.com/chart/?symbol=NYSE:WT&interval=D,False,False,False
RUM,RUM Group Inc.,NASDAQ,Internet Software/Services,8.27,8.34,8.55,8.51,7.53,7.48,6.86,6.73,8.57,8.4,8.85,8.26,7.23,7.8,0.64,8290328.1,5814484.133333334,48085784.0,49485136.0,0.58,-1.56,4100350204.475446,-8.01,258,33.82,74,70.16,97,31.99,1.25,-3.3,0.2,0.91,1.6,0.296,21.99,False,False,False,True,False,True,True,False,False,True,False,True,False,False,False,False,2026-11-16,False,False,5,thin RVOL,near21,5,https://www.tradingview.com/chart/?symbol=NASDAQ:RUM&interval=D,False,False,False
ORKA,"Oruka Therapeutics, Inc.",NASDAQ,Pharmaceuticals: Major,89.92,93.63,93.45,98.27,96.67,83.75,72.22,62.06,93.54,94.72,95.81,85.0,5.58,5.95,5.35,1084893.4,899593.6666666666,80895960.0,88403070.0,2.12,-0.5,5953906916.794554,-15.76,345,8.42,162,99.74,62,30.8,-1.17,-3.77,0.85,2.02,92.0,0.102,38.49,False,False,False,True,False,True,False,False,False,True,True,False,True,True,True,False,2026-11-18,False,False,5,LoD>60% ATR,"near21, RVOL",3,https://www.tradingview.com/chart/?symbol=NASDAQ:ORKA&interval=D,False,False,False
RIOT,"Riot Platforms, Inc.",NASDAQ,Information Technology Services,24.69,22.29,21.3,20.83,20.86,22.85,20.44,19.12,22.86,21.87,25.27,24.42,5.47,6.29,1.55,16284422.9,17583286.8,434131351.0,366321406.0,1.04,-1.64,9265143382.900122,23.33,33,-12.54,261,80.75,76,30.51,2.92,15.91,2.05,0.55,17.4,0.365,15.11,True,True,True,True,False,False,True,True,False,True,False,True,False,False,False,False,2026-11-10,False,False,5,thin RVOL,"EMA, ADR",8,https://www.tradingview.com/chart/?symbol=NASDAQ:RIOT&interval=D,False,False,False
VSXY,Victorias Secret & Co.,NYSE,Apparel/Footwear Retail,83.34,77.43,80.02,82.56,84.97,75.94,67.75,65.2,79.67,80.48,83.96,81.26,4.31,4.82,4.02,1926756.0,1921286.2666666666,160119997.0,158625237.0,0.48,-1.26,6647534909.858269,-3.35,205,3.86,174,89.97,66,30.16,-0.4,4.15,0.74,0.67,51.9,0.284,23.72,False,False,False,True,False,True,True,False,False,True,False,True,False,False,False,False,2026-12-02,False,False,5,thin RVOL,near21,5,https://www.tradingview.com/chart/?symbol=NYSE:VSXY&interval=D,False,False,False
BLLN,"BillionToOne, Inc.",NASDAQ,Medical/Nursing Services,114.42,105.69,100.89,98.78,109.54,105.14,95.98,94.79,107.01,104.24,117.19,113.55,5.19,5.51,6.3,675064.3,617161.8666666667,70615661.0,60960883.0,0.58,-0.06,5399140678.323081,20.4,46,5.02,171,63.43,107,29.62,0.81,13.41,1.77,0.58,13.7,0.265,12.89,True,True,True,True,False,False,True,True,False,True,False,True,False,False,False,False,2026-12-15,False,False,5,thin RVOL,"EMA, ADR",8,https://www.tradingview.com/chart/?symbol=NASDAQ:BLLN&interval=D,False,False,False
MANE,"Veradermics, Incorporated",NYSE,Pharmaceuticals: Major,115.78,106.73,103.2,104.55,106.63,106.49,91.78,,108.94,106.26,118.74,110.6,4.93,5.33,6.17,950340.8,720583.8,83429192.0,75335115.0,0.81,-0.03,4837304133.300491,15.78,63,-0.36,193,72.78,89,29.4,1.61,12.19,1.68,1.32,83.9,0.235,12.91,False,True,True,False,False,False,False,False,False,False,True,False,False,False,False,False,2026-12-02,False,False,3,"LoD>60% ATR, thin RVOL, below 200-MA",EMA,3,https://www.tradingview.com/chart/?symbol=NYSE:MANE&interval=D,False,False,False
KEEL,Keel Infrastructure Corp.,NASDAQ,Data Processing Services,4.01,3.7,3.53,3.49,3.71,4.38,3.71,3.42,3.79,3.67,4.17,3.99,6.31,7.57,0.3,34680924.9,38373646.266666666,153878322.0,133872861.0,0.67,-0.24,2476468513.6409636,23.38,32,-36.75,403,100.5,60,29.04,1.09,13.49,1.24,0.59,6.6,0.358,24.03,False,True,True,True,False,True,True,True,False,True,False,True,False,False,False,False,2026-11-16,False,False,5,thin RVOL,"EMA, near21, ADR",8,https://www.tradingview.com/chart/?symbol=NASDAQ:KEEL&interval=D,False,False,False
PRGO,Perrigo Company plc,NYSE,Pharmaceuticals: Major,13.84,13.73,14.13,13.92,12.77,11.77,11.6,12.24,13.9,13.8,14.46,13.76,4.09,4.09,0.57,2473780.3,2515226.8,34810739.0,35012795.0,0.56,-0.63,1920566567.4912648,-2.4,194,40.37,62,48.5,144,28.82,2.06,-2.05,0.06,1.25,15.0,0.13,18.3,False,False,False,True,True,True,False,False,False,True,True,True,False,False,False,False,2026-11-11,False,False,5,thin RVOL,near21,5,https://www.tradingview.com/chart/?symbol=NYSE:PRGO&interval=D,False,False,False
GCT,GigaCloud Technology Inc,NASDAQ,Wholesale Distributors,52.5,52.54,51.76,51.52,47.97,41.86,42.39,41.73,52.48,51.59,53.17,51.16,4.64,4.74,2.49,725548.8,588945.0,30919612.0,30341563.0,0.75,-0.59,1874787424.2752259,5.74,119,58.47,38,21.92,206,28.71,1.99,1.44,0.37,0.81,53.8,0.113,20.6,False,False,True,True,True,True,True,False,False,True,False,True,False,False,False,False,2026-11-26,False,False,5,thin RVOL,"EMA, near21",7,https://www.tradingview.com/chart/?symbol=NASDAQ:GCT&interval=D,False,False,False
TGTX,"TG Therapeutics, Inc.",NASDAQ,Pharmaceuticals: Major,56.0,55.68,55.59,54.18,53.53,49.86,43.92,40.45,56.11,55.27,58.25,54.78,4.03,4.36,2.44,2119171.2,1963062.4333333333,109931496.0,106365593.0,1.04,0.0,8571866667.492686,5.28,123,4.42,172,76.32,86,28.67,1.06,0.73,0.3,1.42,50.0,0.092,27.2,True,True,False,True,True,True,False,False,True,True,True,True,False,False,False,False,2026-11-09,False,False,5,thin RVOL,"near21, BB",8,https://www.tradingview.com/chart/?symbol=NASDAQ:TGTX&interval=D,False,False,False
CHYM,"Chime Financial, Inc.",NASDAQ,Packaged Software,26.46,31.05,32.14,32.18,28.99,23.89,22.93,23.45,30.3,31.01,28.47,26.3,5.54,5.91,1.56,9848699.9,8157978.333333333,215860107.0,262542778.0,0.97,-0.65,10017361918.886793,-19.21,383,51.89,45,52.6,133,28.43,-1.48,-17.66,2.48,1.39,10.2,0.248,34.8,False,False,False,True,False,False,False,False,False,False,True,True,False,True,False,False,2026-11-11,False,False,6,,,3,https://www.tradingview.com/chart/?symbol=NASDAQ:CHYM&interval=D,False,False,False
DOCN,"DigitalOcean Holdings, Inc.",NYSE,Packaged Software,141.21,131.23,123.3,123.09,123.12,138.79,118.37,102.28,133.32,127.78,146.59,138.27,6.98,6.99,9.87,3334425.4,2652213.2,374519026.0,326467111.0,0.63,-0.77,16603407417.911917,22.31,36,-6.47,225,68.83,98,28.22,2.1,14.53,1.5,0.84,29.8,0.393,25.86,True,True,True,True,False,False,True,False,False,False,False,True,False,True,False,False,2026-11-09,False,False,6,,EMA,7,https://www.tradingview.com/chart/?symbol=NYSE:DOCN&interval=D,False,False,False
INOD,Innodata Inc.,NASDAQ,Data Processing Services,71.99,58.85,57.35,58.81,60.11,73.09,62.98,60.88,61.48,59.66,73.78,66.13,4.89,5.8,4.18,1850095.9,1342155.8,96621796.0,78936433.0,3.25,1.24,2475207180.8172073,14.6,68,-12.21,257,79.71,78,27.37,3.41,25.53,3.56,1.83,140.4,0.342,21.86,False,True,True,True,False,False,False,False,False,False,True,False,True,True,True,False,2026-11-05,False,False,5,LoD>60% ATR,"EMA, RVOL",4,https://www.tradingview.com/chart/?symbol=NASDAQ:INOD&interval=D,False,False,False
AMRX,"Amneal Pharmaceuticals, Inc.",NASDAQ,Pharmaceuticals: Major,19.33,18.18,17.91,17.92,17.99,16.33,15.19,14.73,18.59,18.17,20.17,18.74,4.31,4.37,0.84,3210872.6,2227794.1,43063260.0,39913159.0,1.19,1.03,6173111125.898973,8.53,101,11.16,151,60.95,112,26.88,1.7,7.94,1.46,1.7,70.4,0.201,17.86,True,True,True,True,False,True,False,False,False,True,True,False,False,False,False,False,2026-10-29,False,False,4,"LoD>60% ATR, thin RVOL","EMA, near21",6,https://www.tradingview.com/chart/?symbol=NASDAQ:AMRX&interval=D,False,False,False
MRX,Marex Group Limited,NASDAQ,Internet Software/Services,71.59,72.63,73.29,72.59,68.96,63.98,57.26,52.82,73.0,72.44,72.86,70.5,4.65,4.64,3.32,747520.0,772837.8333333334,55327460.0,56102874.0,0.52,-0.84,5149531095.143977,-3.78,211,9.52,157,74.65,87,26.8,0.82,-2.32,0.25,0.71,32.8,0.121,28.6,False,False,False,True,True,True,True,True,False,True,False,True,False,False,False,False,2026-11-05,False,False,5,thin RVOL,"near21, ADR",7,https://www.tradingview.com/chart/?symbol=NASDAQ:MRX&interval=D,False,False,False
CLF,Cleveland-Cliffs Inc.,NYSE,Steel,12.87,12.22,12.09,11.95,11.64,11.52,10.82,11.42,12.34,12.13,12.94,12.38,4.06,4.68,0.6,14910980.3,14320512.1,184304991.0,171063291.0,1.45,-1.2,7342850146.144453,7.97,106,21.42,108,50.18,138,26.52,2.26,6.42,1.31,0.93,81.3,0.135,10.85,True,True,True,True,False,True,True,False,False,True,False,False,False,False,True,False,2026-10-26,False,False,4,"LoD>60% ATR, thin RVOL","EMA, near21, RVOL",7,https://www.tradingview.com/chart/?symbol=NYSE:CLF&interval=D,False,False,False
MMED,"MiniMed Group, Inc.",NASDAQ,Medical Specialties,20.54,21.8,21.84,21.21,19.83,16.6,,,21.57,21.41,21.26,20.37,4.67,4.92,1.01,2725223.0,2182604.8,44830703.0,46286864.0,1.09,-0.14,5778928079.575471,0.44,169,44.14,55,34.95,169,26.51,0.73,-5.94,0.83,0.88,16.8,0.237,25.5,False,False,False,False,False,True,True,False,False,True,False,True,False,False,False,False,2026-12-30,False,False,4,"thin RVOL, below 200-MA",near21,4,https://www.tradingview.com/chart/?symbol=NASDAQ:MMED&interval=D,False,False,False
SANM,Sanmina Corporation,NASDAQ,Electronic Production Equipment,221.89,204.55,200.94,200.37,200.08,220.35,196.33,186.44,206.67,203.09,224.65,213.5,4.41,4.85,10.75,605033.2,593867.5,131773260.0,118994023.0,1.6,0.07,11892717311.404596,19.68,48,-12.69,263,72.4,90,26.46,2.25,10.42,1.91,1.04,78.0,0.181,15.29,True,True,True,True,False,False,False,False,False,False,True,False,True,True,True,False,2026-11-09,False,False,5,LoD>60% ATR,"EMA, RVOL",5,https://www.tradingview.com/chart/?symbol=NASDAQ:SANM&interval=D,False,False,False
ACMR,"ACM Research, Inc.",NASDAQ,Industrial Machinery,80.67,70.55,72.35,75.08,77.8,81.59,70.95,65.59,72.75,73.45,82.78,72.4,5.19,6.43,5.19,1227212.9,988240.9333333351,79721396.0,74197953.0,2.73,-1.52,5618600769.242614,4.43,130,-24.73,344,98.89,64,26.2,0.57,11.51,1.53,2.0,159.4,0.259,19.83,False,True,False,True,False,False,False,False,False,False,True,False,True,True,True,False,2026-11-11,False,False,5,LoD>60% ATR,RVOL,3,https://www.tradingview.com/chart/?symbol=NASDAQ:ACMR&interval=D,False,False,False
DFTX,"Definium Therapeutics, Inc.",NASDAQ,Pharmaceuticals: Major,37.65,38.63,39.21,40.97,42.05,35.83,30.41,26.54,38.84,39.62,40.04,37.16,5.18,5.95,2.24,2849190.2999999984,2283515.6999999974,85974366.0,93567056.0,1.0,-0.72,5058915953.236607,-15.32,337,-10.34,246,99.95,61,24.76,-1.76,-3.99,0.84,1.28,21.7,0.186,41.21,False,False,False,True,False,True,False,False,False,True,True,True,False,False,False,False,2026-11-05,False,False,5,thin RVOL,near21,4,https://www.tradingview.com/chart/?symbol=NASDAQ:DFTX&interval=D,False,False,False
GEO,Geo Group Inc (The) REIT,NYSE,Miscellaneous Commercial Services,30.62,31.09,31.39,31.41,31.14,28.48,24.51,22.49,30.96,31.17,31.19,29.19,4.16,4.16,1.27,2443998.4,2286163.933333333,70002340.0,71809933.0,0.98,-0.54,4030191604.258239,-6.65,241,3.69,175,76.79,84,24.61,-0.4,-2.45,0.42,1.57,112.6,0.1,29.05,False,False,False,True,True,True,False,False,True,True,True,False,False,False,False,False,2026-11-05,False,False,4,"LoD>60% ATR, thin RVOL","near21, BB",5,https://www.tradingview.com/chart/?symbol=NYSE:GEO&interval=D,False,False,False
ERO,Ero Copper Corp.,NYSE,Other Metals/Minerals,36.48,34.49,35.79,35.88,32.76,30.23,29.62,29.64,35.23,35.09,36.77,35.24,4.15,5.43,1.98,1387677.5,1533696.6333333333,55949253.0,55030569.0,0.99,-2.79,3804960220.4322467,-7.74,254,32.41,77,48.84,143,24.5,2.09,1.92,0.73,0.77,62.6,0.242,16.93,True,True,True,True,True,True,True,False,False,True,False,False,False,False,False,False,2026-11-10,False,True,3,"LoD>60% ATR, thin RVOL, large gap","EMA, near21",8,https://www.tradingview.com/chart/?symbol=NYSE:ERO&interval=D,False,False,False
MARA,"MARA Holdings, Inc.",NASDAQ,Data Processing Services,13.35,12.23,11.71,11.2,11.25,12.3,11.33,10.96,12.49,11.92,13.65,13.27,6.14,6.7,0.89,52032452.3,50568215.766666666,675085680.0,566389301.0,0.72,-1.32,5157095917.494496,19.52,49,-7.52,229,60.65,113,24.22,2.78,14.0,1.8,0.42,8.9,0.326,10.03,True,True,True,True,False,False,True,True,False,True,False,True,False,False,False,False,2026-11-11,False,False,5,thin RVOL,"EMA, ADR",8,https://www.tradingview.com/chart/?symbol=NASDAQ:MARA&interval=D,False,False,False
SYRE,"Spyre Therapeutics, Inc.",NASDAQ,Pharmaceuticals: Major,88.17,90.73,90.19,95.43,97.58,89.12,76.6,65.74,90.76,92.34,91.56,86.3,4.17,5.11,4.5,1339274.2999999996,1201305.0333333334,105919065.0,114642141.0,0.68,-0.45,7774281147.60672,-17.2,361,1.98,185,87.88,70,24.22,-1.89,-2.24,0.88,1.17,41.5,0.088,36.12,False,False,False,True,True,True,False,False,True,True,True,True,False,False,False,False,2026-11-05,False,False,5,thin RVOL,"near21, BB",6,https://www.tradingview.com/chart/?symbol=NASDAQ:SYRE&interval=D,False,False,False
PGY,Pagaya Technologies Ltd.,NASDAQ,Packaged Software,18.72,20.58,21.38,21.29,20.26,17.78,15.9,17.16,20.59,20.89,20.71,18.33,6.12,6.75,1.26,2769435.1999999955,2298600.8333333335,43029808.0,48940277.0,3.02,-0.48,1561731853.8661532,-12.48,311,22.27,105,62.64,109,24.14,-1.13,-12.46,1.54,1.88,30.9,0.203,29.28,False,False,False,True,False,False,False,False,False,False,True,True,True,True,True,False,2026-11-17,False,False,6,,RVOL,3,https://www.tradingview.com/chart/?symbol=NASDAQ:PGY&interval=D,False,False,False
WGS,GeneDx Holdings Corp.,NASDAQ,Medical/Nursing Services,85.2,93.09,89.94,87.13,78.96,66.94,68.61,81.09,92.34,89.39,92.81,84.35,6.67,6.74,5.74,826550.2,594811.0333333333,50677900.0,51828760.0,1.36,-0.33,2540880517.784141,-1.29,186,34.13,73,39.4,156,24.08,1.17,-5.27,0.69,1.47,14.8,0.263,30.69,False,False,False,True,False,True,False,False,False,True,True,True,False,False,True,False,2026-11-03,False,False,5,thin RVOL,"near21, RVOL",4,https://www.tradingview.com/chart/?symbol=NASDAQ:WGS&interval=D,False,False,False
PARR,"Par Pacific Holdings, Inc. Common Stock",NYSE,Oil Refining/Marketing,76.97,82.74,81.38,80.24,79.08,69.04,64.85,58.28,81.46,80.94,80.72,75.09,5.83,5.89,4.54,1111592.1000000013,940336.0000000005,72377662.0,75453814.0,1.19,0.86,3856168431.296802,-0.82,180,50.74,46,22.17,205,24.03,-0.45,-5.42,0.83,1.24,41.4,0.139,31.78,False,False,False,True,False,True,False,False,False,True,True,True,False,False,False,False,2026-11-09,False,False,5,thin RVOL,near21,4,https://www.tradingview.com/chart/?symbol=NYSE:PARR&interval=D,False,False,False
SMCIP,"Super Micro Computer, Inc. - Depositary Shares Each Representing a 1/20th Interest in a Share of 7% Series A Mandatory Convertible Preferred Stock",NASDAQ,Computer Processing Hardware,69.34,65.68,64.95,64.52,58.93,,,,66.63,64.78,71.4,68.87,4.04,4.7,3.26,666992.6,695175.6333333333,48203478.0,44851805.0,0.66,1.9,27290343029.0,11.62,82,23.36,104,36.63,161,23.87,3.76,6.76,1.5,0.78,14.4,0.163,9.73,False,True,True,False,False,True,True,False,False,True,False,True,False,True,False,False,2026-11-03,False,False,5,below 200-MA,"EMA, near21",6,https://www.tradingview.com/chart/?symbol=NASDAQ:SMCIP&interval=D,False,False,False
HIVE,HIVE Digital Technologies Ltd,NASDAQ,Information Technology Services,3.37,3.17,3.05,2.99,2.96,3.3,2.93,2.9,3.24,3.12,3.53,3.36,5.31,6.15,0.21,12661710.499999994,20643818.033333335,69569667.0,61714694.0,0.76,-1.41,924314651.9056225,12.71,79,-18.99,309,77.37,82,23.7,2.26,10.56,1.33,0.82,4.8,0.32,11.87,True,True,True,True,False,True,True,False,False,True,False,True,False,False,False,False,2026-11-16,False,False,5,thin RVOL,"EMA, near21",8,https://www.tradingview.com/chart/?symbol=NASDAQ:HIVE&interval=D,False,False,False
BRKR,Bruker Corporation,NASDAQ,Medical Specialties,59.67,58.3,58.01,58.05,58.27,55.5,49.39,48.69,59.42,58.55,62.59,59.36,4.48,4.76,2.84,2584866.2,2101695.966666667,125408198.0,122004852.0,0.95,-0.83,9091280128.01111,1.12,164,-1.01,199,70.58,95,23.56,0.5,2.87,0.4,1.13,10.7,0.2,16.1,True,True,True,True,True,True,False,False,False,True,True,True,False,False,False,False,2026-10-29,False,False,5,thin RVOL,"EMA, near21",8,https://www.tradingview.com/chart/?symbol=NASDAQ:BRKR&interval=D,False,False,False
VSAT,"ViaSat, Inc.",NASDAQ,Telecommunications Equipment,73.68,73.61,72.42,74.3,75.14,73.2,66.06,59.63,73.91,73.85,77.57,73.34,5.36,5.54,4.08,1880130.3,1710831.0666666667,126054033.0,127115033.0,0.92,0.28,10149848056.334978,-0.66,176,16.66,125,54.5,126,23.5,-0.35,1.74,0.04,1.04,8.3,0.169,21.06,False,False,False,True,True,True,False,False,False,True,True,True,False,True,False,False,2026-11-11,False,False,6,,near21,5,https://www.tradingview.com/chart/?symbol=NASDAQ:VSAT&interval=D,False,False,False
UMAC,"Unusual Machines, Inc.",AMEX,Electronic Equipment/Instruments,22.69,23.22,23.74,25.15,23.65,22.13,19.8,18.19,23.5,23.87,24.68,22.62,7.01,8.71,1.98,2402467.4,3846594.6333333333,87279232.0,96743137.0,0.84,-0.87,1133513126.6354558,-14.7,330,13.28,137,71.37,94,23.32,-0.47,-4.43,0.57,1.04,3.5,0.172,24.45,False,False,False,True,False,True,False,False,False,True,True,True,False,False,False,False,2026-11-12,False,False,5,thin RVOL,near21,4,https://www.tradingview.com/chart/?symbol=AMEX:UMAC&interval=D,False,False,False
SITM,SiTime Corporation,NASDAQ,Semiconductors,608.91,598.94,590.32,610.79,598.16,647.95,567.74,518.43,604.8,601.7,627.96,593.68,5.41,6.47,39.38,571314.0,418393.13333333336,254763763.0,255551109.0,0.59,-1.0,18310553309.596237,1.48,160,-17.41,297,85.55,73,23.21,0.28,3.15,0.19,0.87,38.7,0.193,21.27,False,True,True,True,False,True,True,False,False,True,False,True,False,True,False,False,2026-11-04,False,False,6,,"EMA, near21",7,https://www.tradingview.com/chart/?symbol=NASDAQ:SITM&interval=D,False,False,False
CXW,"CoreCivic, Inc.",NYSE,Miscellaneous Commercial Services,32.28,34.08,33.94,33.64,32.7,28.94,25.7,24.06,33.54,33.62,32.76,30.55,4.88,4.82,1.55,2237597.9,1878412.2,60635146.0,63191665.0,0.78,-0.57,3192281905.102002,-5.09,225,8.58,161,66.13,101,23.21,-0.27,-4.88,0.83,1.42,111.3,0.134,31.05,False,False,False,True,False,True,False,False,False,True,True,False,False,False,False,False,2026-11-09,False,False,4,"LoD>60% ATR, thin RVOL",near21,3,https://www.tradingview.com/chart/?symbol=NYSE:CXW&interval=D,False,False,False
AUGO,Aura Minerals Inc.,NASDAQ,Other Metals/Minerals,85.34,87.53,86.46,84.97,74.49,71.64,75.99,71.48,87.59,85.35,90.52,83.69,4.74,5.65,4.82,1305291.0000000014,1059846.8666666653,90447332.0,90056425.0,1.16,-3.46,7150572659.050556,-3.68,210,42.92,57,28.5,190,22.58,2.58,-1.29,0.0,1.42,34.2,0.127,18.81,False,False,False,True,True,True,False,False,False,True,True,True,False,False,False,False,2026-11-05,False,True,4,"thin RVOL, large gap",near21,5,https://www.tradingview.com/chart/?symbol=NASDAQ:AUGO&interval=D,False,False,False
CLSK,"CleanSpark, Inc.",NASDAQ,Data Processing Services,14.46,13.73,13.01,12.7,13.09,14.15,12.86,12.6,13.9,13.37,15.22,14.43,6.3,6.69,0.97,18803277.0,18775737.066666666,271497158.0,238458119.0,0.91,-0.79,3713575027.2285333,22.03,39,-13.62,273,59.25,116,22.55,1.56,11.16,1.22,0.82,3.1,0.339,10.71,True,True,True,True,False,True,True,False,False,True,False,True,False,False,False,False,2026-12-16,False,False,5,thin RVOL,"EMA, near21",8,https://www.tradingview.com/chart/?symbol=NASDAQ:CLSK&interval=D,False,False,False
EAT,"Brinker International, Inc.",NYSE,Restaurants,210.8,206.96,218.22,225.95,217.46,185.3,171.97,167.82,208.86,214.72,211.74,200.72,4.31,4.65,9.81,2027711.6,1316213.9666666666,277457904.0,297402494.0,0.56,-0.21,8804064180.26788,-15.3,336,25.13,95,56.15,123,21.99,-0.66,-3.4,0.39,1.12,102.8,0.237,23.91,False,False,False,True,False,True,False,False,False,True,True,False,False,False,False,False,2026-11-04,False,False,4,"LoD>60% ATR, thin RVOL",near21,3,https://www.tradingview.com/chart/?symbol=NYSE:EAT&interval=D,False,False,False
QCOM,QUALCOMM Incorporated,NASDAQ,Semiconductors,197.24,186.78,177.77,172.46,169.29,188.32,170.88,168.9,187.38,180.29,199.61,193.22,4.63,4.39,8.66,17101759.4,12611546.233333332,2487501379.0,2175012486.0,0.55,0.68,207148136280.3686,23.74,30,-10.11,245,51.85,135,21.83,3.76,10.95,2.14,0.74,46.4,0.243,9.85,True,True,True,True,False,False,True,True,False,True,False,True,False,True,False,False,2026-11-11,False,False,6,,"EMA, ADR",8,https://www.tradingview.com/chart/?symbol=NASDAQ:QCOM&interval=D,False,False,False
FDS,FactSet Research Systems Inc.,NYSE,Financial Publishing/Services,279.43,275.57,288.64,289.43,280.17,257.16,243.7,249.81,280.67,283.38,283.69,275.82,4.02,4.19,11.71,871332.1,861573.7,240749539.0,249369297.0,0.48,0.12,9938080479.031834,-6.81,243,29.18,85,42.45,152,21.61,-0.06,-3.19,0.33,0.67,30.8,0.221,16.08,False,False,False,True,False,True,True,True,False,True,False,True,False,False,False,False,2026-09-30,False,False,5,thin RVOL,"near21, ADR",6,https://www.tradingview.com/chart/?symbol=NYSE:FDS&interval=D,False,False,False
DUOL,"Duolingo, Inc.",NASDAQ,Packaged Software,145.98,147.42,148.44,146.07,140.29,128.62,119.33,129.36,147.36,146.53,149.43,144.1,4.9,5.11,7.46,1127281.4,1177444.4,171883334.0,171994013.0,0.87,1.14,6829822412.725204,0.4,170,11.03,152,50.81,137,20.74,0.79,-1.66,0.07,0.71,25.3,0.153,19.94,False,False,False,True,True,True,True,True,False,True,False,True,False,False,False,False,2026-11-11,False,False,5,thin RVOL,"near21, ADR",7,https://www.tradingview.com/chart/?symbol=NASDAQ:DUOL&interval=D,False,False,False
WIX,Wix.com Ltd.,NASDAQ,Packaged Software,76.8,79.72,81.03,80.24,70.89,62.66,68.2,73.96,79.69,78.84,82.07,76.1,6.5,6.62,5.09,1082583.8,1542712.8333333333,118480346.0,123788306.0,1.01,0.27,3214042321.9775286,-6.19,235,81.6,16,-13.18,329,20.74,1.26,-5.22,0.39,1.17,13.8,0.23,23.92,False,False,False,True,False,True,False,False,False,True,True,True,False,False,False,False,2026-11-05,False,False,5,thin RVOL,near21,4,https://www.tradingview.com/chart/?symbol=NASDAQ:WIX&interval=D,False,True,False
NWL,Newell Brands Inc.,NASDAQ,Industrial Machinery,5.68,5.7,5.88,5.94,5.78,5.16,4.78,4.62,5.73,5.81,5.85,5.64,4.59,4.88,0.28,5973926.3,6429511.366666666,36519625.0,38199870.0,0.77,0.0,2419111957.6707106,-5.8,231,2.53,183,63.69,106,20.14,-0.35,-3.45,0.45,0.78,16.2,0.154,22.31,False,False,False,True,False,True,True,False,False,True,False,True,False,False,False,False,2026-10-23,False,False,5,thin RVOL,near21,5,https://www.tradingview.com/chart/?symbol=NASDAQ:NWL&interval=D,False,False,False
CRDO,Credo Technology Group Holding Ltd,NASDAQ,Information Technology Services,193.87,170.31,183.55,204.66,210.51,218.94,188.15,175.91,179.85,187.1,196.15,189.26,4.16,6.94,13.46,8836250.3,7614810.066666666,1476283228.0,1558421646.0,0.89,-0.55,36438238182.497765,-12.98,318,-32.81,387,104.07,57,19.43,-1.14,5.62,0.52,0.51,34.3,0.604,25.09,False,False,False,True,False,True,True,False,False,True,False,True,False,True,False,False,2026-12-02,False,False,6,,near21,5,https://www.tradingview.com/chart/?symbol=NASDAQ:CRDO&interval=D,False,False,False
AI,"C3.ai, Inc.",NYSE,Packaged Software,10.86,10.73,10.59,10.42,9.93,9.81,9.51,10.42,10.72,10.55,11.02,10.64,4.47,4.49,0.49,4778073.6,5136217.7,55779324.0,53498844.0,0.62,0.0,1708059355.670046,6.47,114,18.04,118,33.25,176,19.26,2.08,2.54,0.65,0.77,45.1,0.113,11.26,True,True,True,True,True,True,True,False,False,True,False,True,False,False,False,False,2026-12-09,False,False,5,thin RVOL,"EMA, near21",9,https://www.tradingview.com/chart/?symbol=NYSE:AI&interval=D,False,False,False
BULL,Webull Corporation,NASDAQ,Packaged Software,7.65,8.39,8.9,8.71,8.21,7.5,6.91,7.16,8.31,8.51,8.04,7.61,6.46,6.69,0.51,14738177.6,17534914.3,134142094.0,152793398.0,0.61,-0.74,4052697740.377009,-10.84,296,12.67,141,54.86,124,18.89,-1.03,-14.01,1.5,0.83,7.8,0.318,25.97,False,False,False,True,False,False,True,False,False,False,False,True,False,False,False,False,2026-11-19,False,False,5,thin RVOL,,4,https://www.tradingview.com/chart/?symbol=NASDAQ:BULL&interval=D,False,False,False
VKTX,"Viking Therapeutics, Inc.",NASDAQ,Pharmaceuticals: Major,41.65,32.61,33.08,33.35,33.91,33.38,33.44,33.32,34.25,33.52,43.1,37.71,4.76,5.94,2.47,7825177.3,3817039.1666666665,158979681.0,127289350.0,2.41,2.23,4858594721.593635,23.41,31,9.61,156,22.54,204,18.52,3.85,25.9,4.08,2.18,159.3,0.39,3.12,True,True,True,True,False,False,False,False,False,False,True,False,True,True,True,True,2026-10-28,False,True,4,"LoD>60% ATR, large gap","EMA, RVOL",6,https://www.tradingview.com/chart/?symbol=NASDAQ:VKTX&interval=D,False,False,False
AUR,"Aurora Innovation, Inc.",NASDAQ,Packaged Software,6.32,6.41,6.2,6.26,6.33,6.53,5.88,5.5,6.38,6.33,6.46,5.83,5.24,5.7,0.36,35691354.2,32520164.566666666,205527440.0,203614170.0,1.66,0.0,12666203541.795668,2.1,151,0.64,188,52.56,134,18.43,-0.02,1.94,0.02,1.74,135.0,0.219,16.43,False,False,False,True,True,True,False,False,False,True,True,False,True,True,True,False,2026-11-04,False,False,5,LoD>60% ATR,"near21, RVOL",4,https://www.tradingview.com/chart/?symbol=NASDAQ:AUR&interval=D,False,False,False
CNXC,Concentrix Corporation,NASDAQ,Information Technology Services,30.21,28.73,29.39,27.93,26.69,25.83,27.08,30.23,29.09,28.61,31.26,28.84,6.13,6.4,1.93,1928158.0,1492593.1666666667,45091240.0,41688127.0,1.35,-0.62,1843364443.110128,18.29,56,25.25,94,11.23,239,18.25,2.06,2.79,0.88,1.25,70.9,0.243,14.56,False,True,True,False,True,True,False,False,False,True,True,False,False,False,True,False,2026-09-29,False,False,3,"LoD>60% ATR, thin RVOL, below 200-MA","EMA, near21, RVOL",5,https://www.tradingview.com/chart/?symbol=NASDAQ:CNXC&interval=D,False,False,False
SG,"Sweetgreen, Inc.",NYSE,Restaurants,7.71,7.15,6.97,6.77,6.53,7.4,6.88,6.84,7.24,7.0,7.78,7.4,5.46,5.66,0.44,5419512.8,5033931.8,38811614.0,34096498.0,0.72,-0.26,917808559.7092569,10.94,85,-13.57,272,57.35,120,18.24,3.18,10.59,1.79,0.87,71.1,0.189,11.24,True,True,True,True,False,False,True,False,False,False,False,False,False,False,False,False,2026-11-05,False,False,4,"LoD>60% ATR, thin RVOL",EMA,6,https://www.tradingview.com/chart/?symbol=NYSE:SG&interval=D,False,False,False
SIG,Signet Jewelers Limited,NYSE,Specialty Stores,100.12,100.25,92.43,90.36,91.64,87.94,88.75,88.94,98.46,95.03,102.44,98.94,4.32,4.23,4.24,1177959.5,995959.3666666667,99715452.0,89994224.0,0.61,-0.44,3733899527.34515,22.07,37,17.04,122,15.08,226,18.06,2.19,8.32,1.26,0.83,28.0,0.388,12.3,False,False,True,True,False,True,True,False,False,True,False,True,False,False,False,False,2026-12-08,False,False,5,thin RVOL,"EMA, near21",6,https://www.tradingview.com/chart/?symbol=NYSE:SIG&interval=D,False,False,False
NCNO,"nCino, Inc.",NASDAQ,Packaged Software,19.23,21.03,21.83,21.36,20.11,18.09,17.54,18.92,20.79,21.06,19.74,19.03,4.32,4.69,0.9,2471489.7,2665234.3666666667,51252457.0,56937402.0,0.8,-0.2,2033306663.5805795,-7.59,253,32.9,75,28.76,189,18.02,-0.93,-11.9,1.86,0.79,22.2,0.207,22.3,False,False,False,True,False,False,True,False,False,False,False,True,False,False,False,False,2026-12-02,False,False,5,thin RVOL,,4,https://www.tradingview.com/chart/?symbol=NASDAQ:NCNO&interval=D,False,False,False
COIN,"Coinbase Global, Inc.",NASDAQ,Investment Banks/Brokers,198.13,184.41,183.31,176.67,169.11,171.61,176.75,188.15,188.48,182.15,204.5,195.64,5.04,6.03,11.95,11934845.0,10581068.9,2096427181.0,1869318645.0,0.61,-1.53,52274024810.0,4.97,129,31.06,80,17.9,220,17.98,2.84,8.09,1.45,0.74,20.8,0.228,9.61,True,True,True,True,False,True,True,False,False,True,False,True,False,True,False,False,2026-10-29,False,False,6,,"EMA, near21",8,https://www.tradingview.com/chart/?symbol=NASDAQ:COIN&interval=D,False,False,False
CCC,CCC Intelligent Solutions Holdings Inc.,NASDAQ,Packaged Software,6.66,6.63,6.96,7.05,6.72,5.81,5.76,6.16,6.68,6.8,6.72,6.5,4.75,4.59,0.31,14801774.6,11092898.766666668,73878706.0,78160565.0,0.93,-0.76,3922704737.4794517,-10.12,286,50.68,47,12.88,234,17.81,-0.19,-4.3,0.44,0.7,52.3,0.22,18.0,False,False,False,True,False,True,True,True,False,True,False,True,False,False,False,False,2026-10-29,False,False,5,thin RVOL,"near21, ADR",6,https://www.tradingview.com/chart/?symbol=NASDAQ:CCC&interval=D,False,False,False
SNAP,Snap Inc.,NYSE,Packaged Software,5.29,5.64,5.55,5.48,5.23,5.28,5.21,5.71,5.57,5.52,5.58,5.25,5.12,5.51,0.29,35746537.3,35768911.86666667,189217544.0,195894407.0,1.01,-0.71,8946436049.494663,1.54,159,17.56,121,34.26,171,17.79,0.2,-4.65,0.76,1.13,13.7,0.118,9.37,False,False,False,False,False,True,False,False,False,True,True,True,False,False,False,False,2026-10-15,False,False,4,"thin RVOL, below 200-MA",near21,3,https://www.tradingview.com/chart/?symbol=NYSE:SNAP&interval=D,False,False,False
CBRL,"Cracker Barrel Old Country Store, Inc.",NASDAQ,Restaurants,47.52,46.45,50.53,52.94,53.77,46.77,41.01,38.16,47.09,49.61,49.16,44.52,4.87,5.17,2.46,1302073.4,939887.3,44663444.0,49754657.0,2.5,4.6,1062141435.8311348,-17.36,364,-2.4,202,72.3,92,17.51,-2.25,-5.96,0.81,1.89,122.1,0.366,32.84,False,False,False,True,False,True,False,False,False,True,True,False,True,True,True,False,2026-11-27,False,True,4,"LoD>60% ATR, large gap","near21, RVOL",3,https://www.tradingview.com/chart/?symbol=NASDAQ:CBRL&interval=D,False,False,False
LITE,Lumentum Holdings Inc.,NASDAQ,Electrical Products,937.0,911.78,912.92,904.3,850.82,867.39,830.37,723.25,921.85,906.38,960.0,924.55,6.03,6.84,64.06,4817313.1,4682536.966666667,4387537138.0,4234411155.0,0.66,0.09,84048895621.51384,13.77,73,5.61,169,32.64,180,17.34,1.48,2.64,0.49,0.55,19.4,0.192,20.24,True,True,True,True,True,True,True,True,False,True,False,True,False,True,False,False,2026-11-10,False,False,6,,"EMA, near21, ADR",10,https://www.tradingview.com/chart/?symbol=NASDAQ:LITE&interval=D,False,False,False
CLS,"Celestica, Inc.",NYSE,Electronic Components,361.84,335.34,321.62,320.23,323.67,349.47,337.6,329.37,338.11,329.14,367.9,354.37,4.69,5.24,18.97,2054517.4,2263523.3333333335,819033283.0,724839023.0,1.14,-0.02,45632045782.509125,21.17,44,-3.29,207,33.69,174,17.19,2.25,12.51,1.9,0.71,39.4,0.259,7.7,True,True,True,True,False,False,True,False,False,False,False,True,False,True,False,False,2026-10-26,False,False,6,,EMA,7,https://www.tradingview.com/chart/?symbol=NYSE:CLS&interval=D,False,False,False
VSH,"Vishay Intertechnology, Inc.",NYSE,Electronic Production Equipment,32.6,32.08,31.49,31.93,33.57,41.07,34.24,29.98,32.19,32.22,32.79,31.8,4.28,5.54,1.81,2936677.7,3518692.966666667,114709391.0,112365941.0,0.81,-1.75,5000169062.685576,5.4,121,-44.16,426,89.2,68,16.82,-0.52,3.52,0.21,0.55,44.3,0.121,34.03,False,False,False,True,False,True,True,True,False,True,False,True,False,False,False,False,2026-11-11,False,False,5,thin RVOL,"near21, ADR",6,https://www.tradingview.com/chart/?symbol=NYSE:VSH&interval=D,False,False,False
IOT,Samsara Inc.,NYSE,Packaged Software,39.08,39.7,39.72,39.69,38.68,35.61,33.82,33.79,39.37,39.44,39.38,38.12,5.77,5.58,2.18,6248598.6,6737875.233333333,263316164.0,267435252.0,0.54,0.78,22885450750.22687,-0.81,179,26.8,92,24.3,199,16.76,0.19,-1.6,0.16,0.58,44.0,0.148,15.17,False,False,False,True,True,True,True,True,False,True,False,True,False,True,False,False,2026-11-26,False,False,6,,"near21, ADR",7,https://www.tradingview.com/chart/?symbol=NYSE:IOT&interval=D,False,False,False
FLEX,Flex Ltd.,NASDAQ,Electronic Production Equipment,112.3,110.39,110.4,112.76,115.66,128.45,109.29,98.04,111.03,111.76,115.77,111.67,4.17,4.8,5.39,3710783.3000000017,3138147.4333333247,352413957.0,353867965.0,1.11,-0.33,41483950639.851456,3.65,137,-29.2,365,74.46,88,16.3,-0.6,1.72,0.1,0.76,11.7,0.104,27.08,False,False,False,True,True,True,True,False,False,True,False,True,False,True,False,False,2026-11-04,False,False,6,,near21,6,https://www.tradingview.com/chart/?symbol=NASDAQ:FLEX&interval=D,False,False,False
ARXS,"Arxis, Inc.",NASDAQ,Aerospace & Defense,51.16,50.79,51.75,53.03,51.31,45.88,,,51.14,51.65,51.86,50.01,4.69,4.84,2.48,996002.8,694434.6,35527274.0,36824709.0,0.99,-1.82,22041075669.916107,-3.78,212,16.7,124,34.63,170,15.85,-0.06,-1.13,0.2,0.75,46.4,0.11,11.47,False,False,False,False,True,True,True,False,False,True,False,True,False,True,False,False,2026-12-02,False,False,5,below 200-MA,near21,5,https://www.tradingview.com/chart/?symbol=NASDAQ:ARXS&interval=D,False,False,False
MNDY,monday.com Ltd.,NASDAQ,Packaged Software,86.46,89.1,91.45,90.96,88.11,83.03,78.87,91.32,88.49,89.54,88.21,85.16,5.84,6.2,5.36,1234819.8,1202475.7666666666,103966055.0,109373187.0,0.76,1.15,3655019982.6455555,-5.26,227,25.05,97,27.62,192,15.8,-0.3,-5.46,0.56,0.57,24.2,0.259,14.55,False,False,False,False,False,True,True,True,False,True,False,True,False,False,False,False,2026-11-16,False,False,4,"thin RVOL, below 200-MA","near21, ADR",5,https://www.tradingview.com/chart/?symbol=NASDAQ:MNDY&interval=D,False,False,False
SHOP,Shopify Inc.,NASDAQ,Miscellaneous Commercial Services,142.34,133.42,138.63,142.59,137.18,124.62,123.95,130.09,137.09,137.79,151.29,135.68,4.63,5.07,7.22,12424992.6,8939726.8,1272480713.0,1274751403.0,1.77,-0.76,183140913322.0888,-4.15,217,25.52,93,25.4,197,15.59,0.74,2.67,0.65,2.16,92.2,0.262,10.32,True,True,False,True,True,True,False,False,False,True,True,False,True,True,True,False,2026-10-22,False,False,5,LoD>60% ATR,"near21, RVOL",6,https://www.tradingview.com/chart/?symbol=NASDAQ:SHOP&interval=D,False,False,False
IT,"Gartner, Inc.",NYSE,Internet Software/Services,178.52,184.86,186.78,187.39,175.36,161.34,159.54,174.72,183.89,184.3,181.81,176.51,4.51,4.72,8.43,1171422.0,1203593.2,214865458.0,225538120.0,0.81,-0.42,11273355083.664112,-9.09,273,38.27,66,16.0,224,15.06,0.38,-4.42,0.66,0.63,23.8,0.194,15.26,False,False,False,True,False,True,True,True,False,True,False,True,False,True,False,False,2026-11-03,False,False,6,,"near21, ADR",6,https://www.tradingview.com/chart/?symbol=NYSE:IT&interval=D,False,False,False
W,Wayfair Inc.,NYSE,Specialty Stores,99.5,102.45,101.07,101.74,98.63,87.4,83.46,88.1,102.51,101.6,105.74,97.73,4.39,5.04,5.01,2544377.8,2360032.9,234823274.0,240116041.0,1.8,-1.99,13628331697.55007,-1.01,183,6.54,167,38.93,158,14.82,0.18,-1.56,0.41,1.6,35.3,0.142,19.08,False,False,False,True,True,True,False,False,False,True,True,True,True,True,True,False,2026-10-29,False,False,6,,"near21, RVOL",5,https://www.tradingview.com/chart/?symbol=NYSE:W&interval=D,False,False,False
BHVN,Biohaven Ltd.,NYSE,Pharmaceuticals: Major,13.67,13.28,14.46,14.36,14.34,13.19,12.11,11.96,13.85,14.05,14.84,13.51,7.27,8.17,1.12,3890449.2,3435730.7666666666,46966440.0,49321060.0,0.7,-0.07,2064768491.0107744,-2.01,190,-8.26,234,54.46,128,14.73,-0.57,-5.46,0.33,1.19,14.3,0.386,18.31,False,False,False,True,False,True,False,False,False,True,True,True,False,False,False,False,2026-11-17,False,False,5,thin RVOL,near21,4,https://www.tradingview.com/chart/?symbol=NYSE:BHVN&interval=D,False,False,False
WDC,Western Digital Corporation,NASDAQ,Computer Peripherals,473.69,441.57,451.22,459.45,475.41,513.56,447.08,390.42,450.2,454.34,475.66,445.02,5.06,6.11,28.95,7419919.4,6694685.899999995,3171205764.0,3075889058.0,0.69,-0.36,170784632567.88043,6.13,117,-35.02,398,72.31,91,14.47,-0.06,4.98,0.7,1.06,99.0,0.171,26.0,False,False,False,True,False,True,False,False,False,True,True,False,False,True,False,False,2026-10-22,False,False,5,LoD>60% ATR,near21,3,https://www.tradingview.com/chart/?symbol=NASDAQ:WDC&interval=D,False,False,False
IBRX,"ImmunityBio, Inc.",NASDAQ,Pharmaceuticals: Major,8.63,8.34,8.22,8.09,7.8,7.81,7.93,6.97,8.46,8.24,9.29,8.6,6.01,6.17,0.53,13347682.8,9503790.666666666,82017713.0,76847651.0,1.08,-0.32,9146387263.426266,12.37,80,12.08,145,17.1,222,13.85,1.73,4.96,0.76,1.3,5.6,0.167,15.86,True,True,True,True,False,True,False,False,False,True,True,True,False,False,False,False,2026-11-05,False,False,5,thin RVOL,"EMA, near21",7,https://www.tradingview.com/chart/?symbol=NASDAQ:IBRX&interval=D,False,False,False
GDDY,GoDaddy Inc.,NYSE,Data Processing Services,96.38,99.54,98.87,98.17,96.08,90.7,88.79,94.47,99.03,98.45,98.16,92.37,4.74,4.94,4.76,2663640.3,2100166.7333333334,202414070.0,206175468.0,1.53,-0.08,12206305549.683224,-0.75,178,20.51,112,19.15,218,12.97,0.06,-2.51,0.42,1.22,84.2,0.133,11.16,False,False,False,True,True,True,False,False,False,True,True,False,True,True,True,False,2026-10-29,False,False,5,LoD>60% ATR,"near21, RVOL",4,https://www.tradingview.com/chart/?symbol=NYSE:GDDY&interval=D,False,False,False
FORM,"FormFactor, Inc.",NASDAQ,Semiconductors,131.26,114.3,109.02,113.18,111.3,121.48,117.47,105.69,117.0,113.47,131.48,123.64,4.28,5.7,7.48,1208999.6,1122315.2,147315093.0,127020454.0,1.06,-0.49,10254126870.529638,18.65,54,-13.07,269,33.25,177,12.94,3.15,20.4,2.75,1.05,101.9,0.349,12.03,True,True,True,True,False,False,False,False,False,False,True,False,False,True,False,False,2026-11-04,False,False,5,LoD>60% ATR,EMA,5,https://www.tradingview.com/chart/?symbol=NASDAQ:FORM&interval=D,False,False,False
PTRN,Pattern Group Inc. - Series A,NASDAQ,Advertising/Marketing Services,19.36,19.8,20.17,20.53,22.05,21.31,18.23,16.88,19.88,20.28,20.37,19.26,4.4,5.16,1.0,1900779.2,1567230.1666666667,30341576.0,32176803.0,0.88,-0.93,3434446375.854973,-7.59,252,-11.15,254,57.53,119,12.93,-2.36,-4.01,0.88,1.11,10.0,0.129,26.73,False,False,False,True,False,True,False,False,False,True,True,True,False,False,False,False,2026-11-11,False,False,5,thin RVOL,near21,4,https://www.tradingview.com/chart/?symbol=NASDAQ:PTRN&interval=D,False,False,False
ETSY,"Etsy, Inc.",NYSE,Internet Retail,73.7,73.35,76.46,78.06,80.14,74.6,68.21,65.11,74.19,75.93,75.76,71.0,4.15,4.21,3.1,3432810.6,3061961.9,225666592.0,239024911.0,1.14,-0.35,6764315180.9755125,-8.8,269,-6.45,224,53.77,129,12.84,-1.91,-3.61,0.7,1.53,87.0,0.228,20.39,False,False,False,True,False,True,False,False,False,True,True,False,False,False,False,False,2026-11-04,False,False,4,"LoD>60% ATR, thin RVOL",near21,3,https://www.tradingview.com/chart/?symbol=NYSE:ETSY&interval=D,False,False,False
GKOS,Glaukos Corporation,NYSE,Medical Specialties,153.49,164.4,172.24,176.72,171.29,152.28,139.56,133.26,164.19,169.23,162.04,153.31,4.64,4.47,6.87,882773.7,720328.5666666667,110563232.0,127294543.0,1.22,0.0,9053444418.29138,-16.64,354,9.95,155,43.8,151,12.37,-2.32,-10.89,2.08,1.27,2.6,0.206,25.4,False,False,False,True,False,False,False,False,False,False,True,True,False,False,True,False,2026-11-04,False,False,5,thin RVOL,RVOL,3,https://www.tradingview.com/chart/?symbol=NYSE:GKOS&interval=D,False,False,False
JHX,James Hardie Industries plc.,NYSE,Construction Materials,26.85,27.15,28.34,29.02,28.27,25.65,24.13,23.71,27.26,27.93,27.44,26.66,4.02,3.82,1.03,18605914.4,10414976.633333333,279642123.0,302225264.0,0.58,-1.32,15587029801.651426,-11.97,304,3.55,176,44.82,147,12.13,-1.31,-5.26,1.01,0.76,18.5,0.201,17.26,False,False,False,True,False,True,True,True,False,True,False,True,False,True,False,False,2026-11-09,False,False,6,,"near21, ADR",6,https://www.tradingview.com/chart/?symbol=NYSE:JHX&interval=D,False,False,False
BRZE,"Braze, Inc.",NASDAQ,Internet Software/Services,25.87,25.02,28.43,28.9,27.49,25.06,23.6,24.56,25.94,27.06,26.15,25.47,5.19,5.88,1.52,2330889.2,2885239.8333333335,74641154.0,83372852.0,0.58,1.14,2938429176.121474,-15.73,343,36.16,69,14.62,228,11.68,-1.0,-9.02,0.75,0.45,26.3,0.569,18.68,False,False,False,True,False,True,True,True,False,True,False,True,False,False,False,False,2026-12-15,False,False,5,thin RVOL,"near21, ADR",6,https://www.tradingview.com/chart/?symbol=NASDAQ:BRZE&interval=D,False,False,False
ACHC,"Acadia Healthcare Company, Inc.",NASDAQ,Medical/Nursing Services,28.51,28.38,28.45,28.66,30.07,28.18,26.88,23.7,28.49,28.62,29.78,28.08,4.46,4.89,1.39,1549020.5,1559975.5,44474902.0,44714098.0,1.67,0.14,2654288862.819204,2.19,148,12.38,143,19.74,215,11.43,-1.06,0.22,0.08,1.22,30.5,0.111,22.34,False,False,False,True,True,True,False,False,False,True,True,True,True,True,True,False,2026-11-04,False,False,6,,"near21, RVOL",5,https://www.tradingview.com/chart/?symbol=NASDAQ:ACHC&interval=D,False,False,False
AFRM,"Affirm Holdings, Inc.",NASDAQ,Finance/Rental/Leasing,68.09,70.89,72.3,73.61,74.16,73.05,65.93,66.72,70.94,72.13,71.46,66.63,4.42,5.3,3.61,4272890.9,5144917.6,350317439.0,378723387.0,1.48,-0.85,22975011974.685246,-11.64,302,-12.85,267,58.39,118,11.3,-1.54,-5.82,1.06,1.34,40.6,0.154,12.09,False,False,False,True,False,True,False,False,False,True,True,True,False,True,True,False,2026-11-11,False,False,6,,"near21, RVOL",4,https://www.tradingview.com/chart/?symbol=NASDAQ:AFRM&interval=D,False,False,False
PAY,"Paymentus Holdings, Inc.",NYSE,Miscellaneous Commercial Services,29.95,35.03,35.61,37.09,35.92,30.06,28.61,28.74,34.25,35.39,32.57,29.65,5.36,6.05,1.81,1179636.8,1134097.6666666667,33966225.0,42069353.0,3.17,-0.09,3771892328.3421054,-25.31,423,38.34,65,20.43,212,11.15,-2.75,-15.89,2.54,1.61,16.6,0.205,24.39,False,False,False,True,False,False,False,False,False,False,True,True,True,True,True,False,2026-11-09,False,False,6,,RVOL,3,https://www.tradingview.com/chart/?symbol=NYSE:PAY&interval=D,False,False,False
IREN,IREN Limited,NASDAQ,Data Processing Services,47.05,44.78,42.78,42.81,40.86,47.22,45.44,45.6,45.35,43.82,49.37,47.01,5.72,6.4,3.01,36146804.2,42793183.766666666,2013419296.0,1831954800.0,0.9,-0.87,18515936593.67147,15.18,65,-9.9,244,27.18,194,10.82,2.37,9.99,1.15,0.78,1.3,0.341,13.51,False,True,True,True,False,True,True,False,False,True,False,True,False,True,False,False,2026-12-01,False,False,6,,"EMA, near21",7,https://www.tradingview.com/chart/?symbol=NASDAQ:IREN&interval=D,False,False,False
INFQ,"Infleqtion, Inc.",NYSE,Computer Processing Hardware,13.83,13.31,13.23,13.15,11.96,12.81,12.52,13.25,13.49,13.18,15.06,13.69,5.95,6.84,0.95,9103511.7,9531948.633333333,131826850.0,125310174.0,1.21,6.26,3116687962.1543384,1.54,158,-2.4,201,32.98,178,10.71,2.29,4.53,0.72,1.45,14.8,0.161,9.78,True,True,True,True,False,True,False,False,False,True,True,True,False,False,True,False,2026-12-02,False,True,4,"thin RVOL, large gap","EMA, near21, RVOL",7,https://www.tradingview.com/chart/?symbol=NYSE:INFQ&interval=D,False,False,False
CDE,"Coeur Mining, Inc.",NYSE,Precious Metals,19.32,19.88,20.52,20.33,18.5,17.96,18.85,19.21,19.95,19.97,19.94,19.16,4.48,5.52,1.07,35094981.0,36055940.1,696600763.0,732957169.0,1.32,-2.68,19859705109.897514,-9.13,276,20.83,110,19.74,214,10.48,0.81,-5.87,0.59,0.74,15.5,0.161,13.26,False,False,False,True,False,True,True,False,False,True,False,True,False,True,True,False,2026-11-11,False,True,5,large gap,"near21, RVOL",5,https://www.tradingview.com/chart/?symbol=NYSE:CDE&interval=D,False,False,False
BTBT,"Bit Digital, Inc.",NASDAQ,Miscellaneous Commercial Services,1.77,1.63,1.58,1.56,1.5,1.68,1.64,1.75,1.68,1.61,1.87,1.76,6.73,7.22,0.13,28787206.0,32733434.7,57938179.0,51091436.0,0.86,-0.81,638321325.4516128,14.19,70,-11.06,253,27.34,193,10.16,2.5,11.88,1.39,0.84,7.8,0.359,14.1,True,True,True,True,False,True,True,False,False,True,False,True,False,False,False,False,2026-11-12,False,False,5,thin RVOL,"EMA, near21",8,https://www.tradingview.com/chart/?symbol=NASDAQ:BTBT&interval=D,False,False,False
GLXY,Galaxy Digital Inc.,NASDAQ,Investment Banks/Brokers,25.79,24.32,24.67,23.87,23.05,26.12,24.78,25.01,24.93,24.4,27.4,25.74,6.25,6.92,1.78,5254057.3,5664655.833333333,146091474.0,135217223.0,0.92,-2.17,10081029579.557966,9.93,90,-16.13,292,36.46,162,10.09,1.72,4.52,0.82,0.93,2.8,0.24,11.92,False,True,True,True,False,True,True,False,False,True,False,True,False,True,False,False,2026-10-27,False,True,5,large gap,"EMA, near21",7,https://www.tradingview.com/chart/?symbol=NASDAQ:GLXY&interval=D,False,False,False
PATH,"UiPath, Inc.",NYSE,Packaged Software,13.04,13.72,15.31,15.57,14.44,12.69,12.11,12.87,13.86,14.51,13.37,12.66,6.53,6.53,0.85,53317705.9,63279511.266666666,825164827.0,985135431.0,1.01,-0.11,6795870212.85434,-19.9,389,28.98,86,19.63,216,9.57,-1.48,-14.83,1.55,0.84,45.2,0.543,24.55,False,False,False,True,False,False,True,False,False,False,False,True,False,False,False,False,2026-12-09,False,False,5,thin RVOL,,4,https://www.tradingview.com/chart/?symbol=NYSE:PATH&interval=D,False,False,False
WAY,Waystar Holding Corp.,NASDAQ,Packaged Software,24.76,25.3,25.28,25.11,24.19,22.13,22.96,24.63,25.4,25.15,26.05,24.66,4.29,4.6,1.14,2492623.1,2228730.9,55183377.0,55954518.0,0.61,-0.47,4747690930.787359,-2.86,198,30.45,82,0.98,270,9.52,0.51,-2.04,0.34,1.22,8.8,0.164,12.77,False,False,False,True,True,True,False,False,False,True,True,True,False,False,False,False,2026-11-11,False,False,5,thin RVOL,near21,5,https://www.tradingview.com/chart/?symbol=NASDAQ:WAY&interval=D,False,False,False
AXTI,AXT Inc,NASDAQ,Electronic Production Equipment,72.98,67.7,64.89,68.79,64.32,79.21,71.14,58.08,70.0,67.89,78.76,72.91,7.46,9.46,6.9,9090181.9,9290070.866666667,677989372.0,639063975.0,0.57,0.8,4785533044.145519,9.53,92,-0.81,195,19.25,217,9.32,1.42,12.47,0.79,0.85,1.0,0.421,28.96,False,True,True,True,False,True,True,False,False,True,False,True,False,False,False,False,2026-10-29,False,False,5,thin RVOL,"EMA, near21",7,https://www.tradingview.com/chart/?symbol=NASDAQ:AXTI&interval=D,False,False,False
WOLF,"Wolfspeed, Inc.",NYSE,Semiconductors,27.14,25.49,26.32,27.3,27.29,38.89,32.82,29.21,26.3,26.59,27.92,26.59,6.52,8.24,2.24,2392882.7000001147,3182663.533333355,86377488.0,86889897.0,0.95,-0.25,1436535622.966774,8.56,98,-45.1,427,64.48,103,9.32,-0.06,3.13,0.25,0.59,24.6,0.231,49.37,False,False,False,False,False,True,True,False,False,True,False,True,False,False,False,False,2026-10-28,False,False,4,"thin RVOL, below 200-MA",near21,4,https://www.tradingview.com/chart/?symbol=NYSE:WOLF&interval=D,False,False,False
SEI,"Solaris Energy Infrastructure, Inc.",NYSE,Oilfield Services/Equipment,67.43,66.0,60.38,59.77,58.65,66.18,63.84,60.65,65.51,62.69,67.99,64.23,5.14,6.33,4.27,2928630.0,2690347.7,181410145.0,160806566.0,0.56,0.38,5405575721.082077,27.23,23,-13.63,274,12.95,233,8.85,2.36,11.69,1.19,0.88,74.9,0.481,11.17,True,True,True,True,False,True,True,False,False,True,False,False,False,False,False,False,2026-11-02,False,False,4,"LoD>60% ATR, thin RVOL","EMA, near21",7,https://www.tradingview.com/chart/?symbol=NYSE:SEI&interval=D,True,False,False
AMBA,"Ambarella, Inc.",NASDAQ,Semiconductors,67.62,66.34,66.89,70.01,71.75,73.29,68.04,68.36,66.83,68.0,70.33,63.65,6.32,6.31,4.27,1675810.4,1610446.7666666666,108898410.0,112740400.0,1.85,-0.01,2984812427.498956,-6.97,244,2.97,180,30.41,184,8.8,-0.91,1.1,0.09,1.57,93.0,0.152,10.28,False,False,False,False,True,True,False,False,False,True,True,False,True,True,True,False,2026-12-01,False,False,4,"LoD>60% ATR, below 200-MA","near21, RVOL",3,https://www.tradingview.com/chart/?symbol=NASDAQ:AMBA&interval=D,False,False,False
GENI,Genius Sports Limited,NYSE,Internet Software/Services,6.12,6.36,6.93,7.25,7.19,6.45,5.95,6.84,6.36,6.75,6.14,5.85,6.27,7.09,0.43,7555253.5,5611584.666666667,34342898.0,40697083.0,1.39,-0.66,1699077118.2039473,-23.69,412,9.29,159,40.69,154,8.76,-2.09,-11.74,1.32,0.67,62.2,0.39,20.21,False,False,False,False,False,True,True,False,False,True,False,False,False,False,True,False,2026-11-11,False,False,3,"LoD>60% ATR, thin RVOL, below 200-MA","near21, RVOL",3,https://www.tradingview.com/chart/?symbol=NYSE:GENI&interval=D,False,False,False
GWRE,"Guidewire Software, Inc.",NYSE,Information Technology Services,152.89,147.16,166.27,171.3,164.26,148.15,147.08,153.08,152.13,159.1,155.45,150.11,4.48,5.51,8.42,1406811.5,1460785.4666666666,223339490.0,250227194.0,0.46,2.21,12535859593.505846,-18.6,380,41.56,61,2.48,265,8.48,-1.26,-8.05,0.71,0.63,33.0,0.609,12.55,False,False,False,False,False,True,True,False,False,True,False,True,False,True,False,False,2026-12-03,False,True,4,"below 200-MA, large gap",near21,4,https://www.tradingview.com/chart/?symbol=NYSE:GWRE&interval=D,False,False,False
FIGR,"Figure Technology Solutions, Inc.",NASDAQ,Finance/Rental/Leasing,34.66,34.99,35.66,35.68,32.78,32.81,32.95,36.86,35.3,35.12,36.83,34.54,7.35,7.39,2.56,4638828.1,4984603.933333334,172766372.0,177827407.0,0.54,-1.32,7776937055.736459,-10.6,294,24.95,98,10.68,243,8.34,0.78,-2.8,0.18,0.89,4.7,0.18,11.76,False,False,False,False,True,True,True,False,False,True,False,True,False,False,False,False,2026-11-12,False,False,4,"thin RVOL, below 200-MA",near21,5,https://www.tradingview.com/chart/?symbol=NASDAQ:FIGR&interval=D,False,False,False
RDW,Redwire Corporation,NYSE,Aerospace & Defense,11.27,11.04,10.9,11.45,10.8,12.48,11.44,10.92,11.17,11.13,11.74,11.1,5.96,6.63,0.75,13938127.7,12793117.0,144178429.0,146540891.0,0.91,-0.6,2817416823.375,-4.09,216,-0.27,192,28.95,188,8.2,0.65,3.41,0.19,0.86,22.7,0.158,14.86,False,True,True,True,False,True,True,False,False,True,False,True,False,False,False,False,2026-11-11,False,False,5,thin RVOL,"EMA, near21",7,https://www.tradingview.com/chart/?symbol=NYSE:RDW&interval=D,False,False,False
CRCL,"Circle Internet Group, Inc.",NYSE,Packaged Software,91.72,90.28,92.11,87.89,78.48,84.97,89.83,86.03,91.28,89.25,97.45,91.53,6.75,7.36,6.75,16920111.9,15685154.533333333,1438642374.0,1378578689.0,0.65,-1.66,23285494047.532722,1.99,153,28.64,87,-6.16,299,8.16,2.29,-0.42,0.38,0.88,2.8,0.232,14.86,False,False,True,True,True,True,True,False,False,True,False,True,False,True,False,False,2026-11-18,False,False,6,,"EMA, near21",7,https://www.tradingview.com/chart/?symbol=NYSE:CRCL&interval=D,False,False,False
TARS,"Tarsus Pharmaceuticals, Inc.",NASDAQ,Pharmaceuticals: Major,74.29,78.22,78.58,76.11,69.88,66.11,67.07,68.72,77.77,76.98,77.61,74.2,4.53,4.2,3.12,573481.7,730130.6333333333,54241405.0,55567444.0,1.2,0.13,3476154511.1194863,1.93,154,11.35,150,10.86,241,8.05,1.5,-5.46,0.83,1.09,2.9,0.256,16.78,False,False,False,True,False,True,False,False,False,True,True,True,False,False,False,False,2026-11-10,False,False,5,thin RVOL,near21,4,https://www.tradingview.com/chart/?symbol=NASDAQ:TARS&interval=D,False,False,False
AXGN,"Axogen, Inc.",NASDAQ,Medical Specialties,43.32,44.15,46.73,47.51,45.47,43.97,40.53,38.56,44.92,45.79,44.84,43.25,5.24,5.42,2.35,1749474.9,1129326.6333333333,48922430.0,53653744.0,0.73,0.0,2541649978.154468,-14.86,333,1.83,186,36.36,164,7.78,-0.87,-7.29,0.99,0.68,3.0,0.261,18.86,False,False,False,True,False,True,True,True,False,True,False,True,False,False,False,False,2026-11-10,False,False,5,thin RVOL,"near21, ADR",6,https://www.tradingview.com/chart/?symbol=NASDAQ:AXGN&interval=D,False,False,False
BTDR,Bitdeer Technologies Group,NASDAQ,Data Processing Services,12.31,11.99,11.67,11.08,11.03,13.26,11.98,12.01,12.18,11.75,12.99,12.25,6.39,7.63,0.94,9840652.0,12633741.3,155521355.0,139952375.0,0.77,-1.98,3345639548.2435117,7.23,112,-30.88,377,46.37,146,7.57,1.52,5.48,0.62,0.79,6.4,0.305,18.08,False,True,True,True,False,True,True,False,False,True,False,True,False,False,False,False,2026-11-16,False,False,5,thin RVOL,"EMA, near21",7,https://www.tradingview.com/chart/?symbol=NASDAQ:BTDR&interval=D,False,False,False
RBLX,Roblox Corporation,NYSE,Packaged Software,48.99,48.48,44.82,42.57,43.6,45.53,50.2,57.16,48.02,45.82,50.4,48.8,4.39,4.82,2.36,10248546.6,10360043.666666666,507538539.0,441071952.0,1.8,-0.16,34997276254.58934,27.05,25,2.62,182,-7.9,306,7.26,2.57,9.31,1.43,0.68,8.0,0.385,27.69,False,True,True,False,False,True,True,True,False,True,False,True,True,True,True,False,2026-11-11,False,False,5,below 200-MA,"EMA, near21, ADR, RVOL",7,https://www.tradingview.com/chart/?symbol=NYSE:RBLX&interval=D,False,False,False
DIOD,Diodes Incorporated,NASDAQ,Semiconductors,95.51,92.2,91.11,93.28,91.96,98.66,91.31,82.57,92.61,92.31,95.83,92.23,4.2,5.06,4.84,584206.2,663016.2666666667,63324684.0,61843395.0,0.57,-1.2,4398398399.602147,3.57,139,-18.58,305,36.44,163,7.14,0.76,4.83,0.68,0.74,67.8,0.095,16.85,False,True,True,True,False,True,True,False,True,True,False,False,False,False,False,False,2026-11-05,False,False,4,"LoD>60% ATR, thin RVOL","EMA, near21, BB",7,https://www.tradingview.com/chart/?symbol=NASDAQ:DIOD&interval=D,False,False,False
ARQT,"Arcutis Biotherapeutics, Inc.",NASDAQ,Pharmaceuticals: Major,26.38,25.31,24.71,25.04,25.91,24.84,24.54,25.33,25.71,25.32,28.02,26.07,5.04,5.06,1.33,4673535.5,2764711.2666666666,72933083.0,69235282.0,0.54,0.04,3315754071.170626,6.37,115,-3.76,209,18.67,219,7.09,0.36,6.74,0.83,1.46,23.2,0.196,5.19,True,True,True,True,False,True,False,False,False,True,True,True,False,False,False,False,2026-10-29,False,False,5,thin RVOL,"EMA, near21",7,https://www.tradingview.com/chart/?symbol=NASDAQ:ARQT&interval=D,False,False,False
TSEM,Tower Semiconductor Ltd.,NASDAQ,Semiconductors,230.5,215.18,213.83,221.88,226.22,238.9,215.2,192.85,221.28,219.46,236.96,224.1,4.29,5.85,13.47,2418648.2,1701599.8,392218754.0,377548411.0,0.62,0.06,26006149553.18879,5.01,127,-20.09,317,36.15,165,7.02,0.32,7.79,0.86,0.95,47.5,0.229,19.98,False,True,True,True,False,True,True,False,False,True,False,True,False,True,False,False,2026-11-16,False,False,6,,"EMA, near21",7,https://www.tradingview.com/chart/?symbol=NASDAQ:TSEM&interval=D,False,False,False
ONTO,Onto Innovation Inc.,NYSE,Electronic Equipment/Instruments,282.31,264.37,267.85,283.22,281.03,288.07,269.01,248.66,269.68,272.22,286.0,273.06,4.14,5.87,16.58,971167.6,945728.5,266988613.0,267853324.0,0.66,-0.73,13854150114.454811,-0.89,182,-17.54,300,39.29,157,6.95,0.08,5.4,0.63,0.78,55.8,0.225,13.96,False,True,False,True,False,True,True,False,False,True,False,True,False,True,False,False,2026-10-29,False,False,6,,near21,6,https://www.tradingview.com/chart/?symbol=NYSE:ONTO&interval=D,False,False,False
VOYG,"Voyager Technologies, Inc.",NYSE,Information Technology Services,31.4,34.86,34.39,36.32,33.65,35.13,32.64,31.7,34.99,35.02,33.8,29.88,7.28,8.55,2.69,2733698.7,1756144.7,55142944.0,63780249.0,7.23,-11.46,1916312376.2376764,-17.11,359,2.31,184,35.17,168,6.79,-0.78,-8.71,1.21,1.46,56.8,0.184,10.91,False,False,False,False,False,True,False,False,False,True,True,True,True,True,True,False,2026-11-09,False,True,4,"below 200-MA, large gap","near21, RVOL",3,https://www.tradingview.com/chart/?symbol=NYSE:VOYG&interval=D,False,False,False
IONQ,"IonQ, Inc.",NYSE,Computer Processing Hardware,42.54,38.82,39.09,40.74,39.31,47.1,43.21,43.72,39.83,39.76,46.05,41.63,5.4,6.31,2.68,23036379.9,20365755.433333334,866359236.0,829612625.0,3.95,12.52,17234575145.72901,-1.82,188,-22.12,330,43.96,148,6.67,1.3,8.82,1.11,1.65,33.9,0.177,19.47,False,True,True,False,False,True,False,False,False,True,True,True,True,True,True,False,2026-11-11,False,True,4,"below 200-MA, large gap","EMA, near21, RVOL",5,https://www.tradingview.com/chart/?symbol=NYSE:IONQ&interval=D,False,False,False
KSS,Kohl's Corporation,NYSE,Department Stores,17.04,17.0,17.67,17.97,18.25,16.88,16.05,17.07,17.31,17.59,18.55,16.97,4.95,5.74,0.98,3802167.0,4436566.833333333,75599099.0,79736937.0,1.07,0.77,1931934618.9293928,-3.89,214,-10.6,250,33.86,173,6.46,-1.15,-3.55,0.54,1.61,7.2,0.209,12.89,False,False,False,False,False,True,False,False,False,True,True,True,False,False,False,False,2026-11-12,False,False,4,"thin RVOL, below 200-MA",near21,3,https://www.tradingview.com/chart/?symbol=NYSE:KSS&interval=D,False,False,False
SGRY,"Surgery Partners, Inc.",NASDAQ,Hospital/Nursing Management,14.56,14.07,14.07,14.19,14.79,14.75,14.31,14.61,14.21,14.22,15.84,14.43,5.42,5.77,0.84,3083094.3,2754273.5,40102222.0,39072124.0,1.29,-0.51,1906169869.2860756,0.07,171,-4.71,213,22.77,203,6.04,-0.27,3.49,0.41,1.68,15.5,0.148,4.94,False,False,False,False,False,True,False,False,False,True,True,True,False,False,True,True,2026-11-10,False,False,4,"thin RVOL, below 200-MA","near21, RVOL",4,https://www.tradingview.com/chart/?symbol=NASDAQ:SGRY&interval=D,False,False,False
CCXI,Churchill Capital Corp. XI Class A,NASDAQ,Financial Conglomerates,12.72,12.57,13.13,13.89,14.31,13.03,,,12.86,13.24,13.08,12.37,5.52,6.62,0.84,2501222.0,2327964.3333333335,29611706.0,32333097.0,0.42,-0.46,708504037.7534248,-9.85,284,1.68,187,25.82,195,5.88,-1.68,-3.12,0.6,0.84,41.6,0.235,13.67,False,False,False,False,False,True,True,False,False,True,False,True,False,False,False,False,,False,False,4,"thin RVOL, below 200-MA",near21,4,https://www.tradingview.com/chart/?symbol=NASDAQ:CCXI&interval=D,False,False,False
RDDT,"Reddit, Inc.",NYSE,Internet Software/Services,151.98,156.28,154.1,155.49,161.13,166.12,158.86,171.51,154.88,155.64,154.94,147.77,4.67,5.42,8.24,5550623.7,6611624.833333333,1004834742.0,1028059176.0,0.82,-1.07,29240422833.89401,1.31,162,-5.22,216,21.55,208,5.88,-1.05,-1.37,0.43,0.87,51.1,0.116,11.46,False,False,False,False,True,True,True,False,False,True,False,True,False,True,False,False,2026-11-04,False,False,5,below 200-MA,near21,5,https://www.tradingview.com/chart/?symbol=NYSE:RDDT&interval=D,False,False,False
SEZL,Sezzle Inc.,NASDAQ,Packaged Software,106.89,115.83,118.37,119.62,136.09,133.76,112.68,101.71,114.62,119.05,111.44,105.82,4.69,6.17,6.59,517905.1,500741.7,53524280.0,59897220.0,1.63,0.41,3599522299.905,-10.04,285,-33.72,394,61.12,110,5.79,-3.48,-9.7,1.66,0.85,16.2,0.155,32.16,False,False,False,True,False,False,True,False,False,False,False,True,True,True,True,False,2026-11-05,False,False,6,,RVOL,4,https://www.tradingview.com/chart/?symbol=NASDAQ:SEZL&interval=D,False,False,False
FPS,"Forgent Power Solutions, Inc.",NYSE,Electrical Products,39.88,34.95,32.91,33.8,35.18,43.01,39.81,,36.18,34.83,39.93,37.0,5.59,6.44,2.57,15124994.0,8392533.833333334,334694249.0,283695619.0,0.54,-1.35,12140624461.59917,21.14,45,-36.7,402,32.71,179,5.72,2.07,21.18,2.25,1.14,112.1,0.441,25.33,False,True,True,False,False,False,False,False,False,False,True,False,False,True,False,False,2026-12-02,False,False,4,"LoD>60% ATR, below 200-MA",EMA,3,https://www.tradingview.com/chart/?symbol=NYSE:FPS&interval=D,False,False,False
VCYT,"Veracyte, Inc.",NASDAQ,Medical Specialties,43.82,41.18,42.49,42.43,46.73,47.62,42.9,42.43,41.93,42.58,43.86,42.25,4.76,4.92,2.15,1487343.8,1354931.6,59373103.0,57485006.0,1.03,-0.95,3522721917.149447,4.33,132,-23.07,336,35.29,167,5.52,-1.27,3.14,0.59,0.75,72.9,0.171,14.69,False,False,False,True,False,True,True,False,False,True,False,False,False,False,False,False,2026-11-10,False,False,4,"LoD>60% ATR, thin RVOL",near21,4,https://www.tradingview.com/chart/?symbol=NASDAQ:VCYT&interval=D,False,False,False
HUBS,"HubSpot, Inc.",NYSE,Packaged Software,226.03,228.14,238.31,236.19,231.41,216.7,225.37,252.36,227.58,231.83,231.01,218.0,5.55,6.27,14.17,2224014.3,1683457.3,380511854.0,397623636.0,0.79,1.0,11271257323.974985,-5.65,230,27.48,90,-5.61,293,5.41,-0.37,-5.15,0.4,0.92,56.7,0.246,15.78,False,False,False,False,False,True,True,False,False,True,False,True,False,True,False,False,2026-11-11,False,False,5,below 200-MA,near21,4,https://www.tradingview.com/chart/?symbol=NYSE:HUBS&interval=D,False,False,False
HL,Hecla Mining Company,NYSE,Precious Metals,18.27,18.88,19.71,19.62,17.92,17.29,18.17,19.2,18.94,19.12,18.48,17.86,4.48,5.7,1.04,43292076.8,37464138.63333333,684469813.0,735108840.0,1.76,-3.31,12273209706.788229,-12.88,314,21.88,107,6.84,255,5.28,0.34,-7.32,0.78,0.6,39.4,0.21,13.26,False,False,False,False,False,True,True,False,False,True,False,True,True,True,True,False,2026-11-11,False,True,4,"below 200-MA, large gap","near21, RVOL",4,https://www.tradingview.com/chart/?symbol=NYSE:HL&interval=D,False,False,False
CIFR,Cipher Digital Inc.,NASDAQ,Data Processing Services,18.35,17.19,16.78,16.77,18.24,20.57,18.94,18.38,17.67,17.35,19.56,18.3,7.86,8.78,1.61,38903811.8,35751453.4,656039170.0,599551874.0,0.76,-0.47,7615813978.45469,18.39,55,-33.3,392,30.7,183,5.26,0.07,9.35,0.66,0.78,3.1,0.32,20.63,False,True,True,False,False,True,True,False,False,True,False,True,False,False,False,False,2026-11-11,False,False,4,"thin RVOL, below 200-MA","EMA, near21",6,https://www.tradingview.com/chart/?symbol=NASDAQ:CIFR&interval=D,False,False,False
OLLI,"Ollie's Bargain Outlet Holdings, Inc.",NASDAQ,Department Stores,82.61,76.6,75.27,75.67,74.03,75.49,83.01,90.43,77.92,76.37,84.38,81.87,4.05,4.17,3.45,1818918.7,1798743.7,148594217.0,136108238.0,1.4,0.67,4907232543.439742,8.54,100,12.67,140,-8.6,308,4.2,2.78,9.76,1.96,0.73,21.5,0.168,19.85,False,True,True,False,False,False,True,False,False,False,False,True,False,False,True,False,2026-12-09,False,False,4,"thin RVOL, below 200-MA","EMA, RVOL",5,https://www.tradingview.com/chart/?symbol=NASDAQ:OLLI&interval=D,False,False,False
HRI,Herc Holdings Inc.,NYSE,Finance/Rental/Leasing,137.23,140.11,143.28,150.73,153.47,146.5,136.32,141.92,140.8,144.53,143.14,137.09,4.98,5.34,7.33,1166944.0,670758.9333333333,92048248.0,101104612.0,0.48,-1.26,4587797578.216353,-15.64,342,-5.41,218,33.31,175,4.09,-1.98,-4.22,0.95,0.83,1.9,0.163,12.5,False,False,False,False,False,True,True,False,False,True,False,True,False,False,False,False,2026-10-15,False,False,4,"thin RVOL, below 200-MA",near21,4,https://www.tradingview.com/chart/?symbol=NYSE:HRI&interval=D,False,False,False
POET,POET Technologies Inc.,NASDAQ,Electrical Products,7.8,7.73,7.72,8.02,7.9,9.81,8.87,8.31,7.84,7.86,8.14,7.8,5.18,6.51,0.51,8049951.7,8979875.6333333,70043030.0,71985676.0,0.99,-0.86,1349853116.0342717,-2.5,196,-29.73,368,43.91,149,3.89,-0.19,1.0,0.11,0.67,0.0,0.197,26.76,False,False,False,False,True,True,True,False,False,True,False,True,False,False,False,False,2026-11-12,False,False,4,"thin RVOL, below 200-MA",near21,5,https://www.tradingview.com/chart/?symbol=NASDAQ:POET&interval=D,False,False,False
ACHR,Archer Aviation Inc.,NYSE,Aerospace & Defense,5.71,5.47,5.6,5.85,5.56,5.62,5.77,6.32,5.54,5.6,5.74,5.54,4.47,5.37,0.31,26077012.3,28050663.566666666,160169289.0,164143133.0,0.73,-0.44,4396835963.228471,-8.05,259,11.96,146,7.74,252,3.88,0.52,1.88,0.35,0.65,55.4,0.139,14.78,False,True,False,False,True,True,True,False,False,True,False,True,False,False,False,False,2026-11-05,False,False,4,"thin RVOL, below 200-MA",near21,6,https://www.tradingview.com/chart/?symbol=NYSE:ACHR&interval=D,False,False,False
MOS,Mosaic Company (The),NYSE,Chemicals: Agricultural,24.37,24.89,24.96,24.19,23.58,22.88,23.94,24.57,24.77,24.62,25.06,24.29,4.25,4.42,1.08,8348727.8,8214445.766666667,200186043.0,198743039.0,0.62,-0.93,7747117100.37687,-1.02,184,15.12,129,-2.52,285,3.86,0.75,-2.37,0.23,0.72,7.4,0.127,8.55,False,False,False,False,True,True,True,True,False,True,False,True,False,False,False,False,2026-11-10,False,False,4,"thin RVOL, below 200-MA","near21, ADR",6,https://www.tradingview.com/chart/?symbol=NYSE:MOS&interval=D,False,False,False
FIVE,"Five Below, Inc.",NASDAQ,Discount Stores,227.41,237.6,242.53,243.43,231.65,217.37,220.15,213.21,236.52,238.75,232.64,216.67,5.02,4.49,10.2,1229321.0,1219418.4666666666,277307954.0,296838363.0,1.17,-0.07,12519838076.04899,-9.12,275,19.85,113,0.76,272,3.83,-0.41,-6.23,1.06,1.57,105.3,0.123,12.89,False,False,False,True,False,True,False,False,False,True,True,False,False,True,False,False,2026-12-02,False,False,5,LoD>60% ATR,near21,3,https://www.tradingview.com/chart/?symbol=NASDAQ:FIVE&interval=D,False,False,False
PSKY,Paramount Skydance Corporation,NASDAQ,Cable/Satellite TV,9.96,10.48,10.63,10.51,9.74,9.99,10.17,10.71,10.36,10.39,10.26,9.77,5.49,5.44,0.54,31570744.1,17568747.666666668,174984727.0,184562622.0,1.14,-0.1,11174580662.55193,-3.39,206,2.68,181,12.16,236,3.82,0.42,-6.29,0.76,0.9,35.1,0.137,9.71,False,False,False,False,False,True,True,False,False,True,False,True,False,True,False,False,2026-11-16,False,False,5,below 200-MA,near21,4,https://www.tradingview.com/chart/?symbol=NASDAQ:PSKY&interval=D,False,False,False
ATI,ATI Inc.,NYSE,Other Metals/Minerals,184.18,189.74,198.57,205.77,203.0,190.83,178.43,164.15,190.69,196.63,189.98,183.3,4.33,4.49,8.26,1788341.2,1824687.1666666667,336070882.0,375465270.0,0.77,-0.56,25079863004.380363,-10.99,298,-8.16,233,29.8,186,3.55,-2.07,-7.25,1.41,0.81,10.7,0.202,21.09,False,False,False,True,False,True,True,False,False,True,False,True,False,True,False,False,2026-11-03,False,False,6,,near21,5,https://www.tradingview.com/chart/?symbol=NYSE:ATI&interval=D,False,False,False
HIMS,"Hims & Hers Health, Inc.",NYSE,Medical/Nursing Services,28.39,28.37,28.61,29.16,29.88,29.63,27.03,27.86,28.68,28.88,30.96,28.32,4.92,6.25,1.77,9672611.8,10888776.5,309132365.0,317494945.0,1.27,-0.1,6623767890.614525,-12.48,312,-15.03,286,37.95,159,3.48,-0.8,-0.78,0.27,1.48,3.9,0.148,10.02,False,False,False,True,True,True,False,False,False,True,True,True,False,False,True,False,2026-11-09,False,False,5,thin RVOL,"near21, RVOL",5,https://www.tradingview.com/chart/?symbol=NYSE:HIMS&interval=D,False,False,False
NAVN,"Navan, Inc.",NASDAQ,Packaged Software,19.66,21.32,24.65,26.14,26.28,23.78,19.8,18.37,22.0,23.81,20.9,19.4,6.0,7.23,1.42,6924230.9,3924973.4,77164977.0,102593571.0,0.65,-0.31,5124093796.370141,-32.79,440,-10.6,249,53.59,130,3.4,-3.48,-20.23,2.41,1.06,18.3,0.569,40.26,False,False,False,True,False,False,False,False,False,False,True,True,False,False,False,False,2026-12-15,False,False,5,thin RVOL,,3,https://www.tradingview.com/chart/?symbol=NASDAQ:NAVN&interval=D,False,False,False
KOS,Kosmos Energy Ltd.,NYSE,Integrated Oil,2.65,2.83,2.84,2.8,2.67,2.68,2.65,2.29,2.76,2.78,2.69,2.55,5.17,5.73,0.15,13821963.0,12070624.433333334,31987155.0,33813843.0,1.25,1.75,1578042125.5642023,-8.62,266,27.4,91,-9.25,313,3.18,-0.11,-6.58,0.82,0.92,65.8,0.177,20.62,False,False,False,True,False,True,True,False,False,True,False,False,False,False,True,False,2026-11-09,False,False,4,"LoD>60% ATR, thin RVOL","near21, RVOL",4,https://www.tradingview.com/chart/?symbol=NYSE:KOS&interval=D,False,False,False
RMBS,"Rambus, Inc.",NASDAQ,Semiconductors,103.47,89.64,88.17,90.34,93.09,112.66,109.53,107.74,92.99,91.05,106.56,100.42,4.02,5.16,5.34,3528303.8,2471373.0,255712964.0,223255599.0,0.91,-0.15,11222521654.66505,16.05,62,-21.64,325,14.88,227,3.1,2.16,17.35,2.64,1.15,57.1,0.29,23.67,False,True,True,False,False,False,False,False,False,False,True,True,False,True,False,False,2026-11-02,False,False,5,below 200-MA,EMA,4,https://www.tradingview.com/chart/?symbol=NASDAQ:RMBS&interval=D,False,False,False
PEGA,Pegasystems Inc.,NASDAQ,Information Technology Services,35.18,36.11,36.19,35.15,33.35,33.28,36.24,40.46,35.7,35.49,35.5,34.6,4.01,4.11,1.45,2460484.4,2179592.8,76678075.0,76615593.0,0.5,0.22,5783766014.542573,5.17,126,18.75,116,-14.82,334,3.03,1.34,-2.78,0.21,0.63,40.4,0.131,20.42,False,False,False,False,True,True,True,True,False,True,False,True,False,False,False,False,2026-10-28,False,False,4,"thin RVOL, below 200-MA","near21, ADR",6,https://www.tradingview.com/chart/?symbol=NASDAQ:PEGA&interval=D,False,False,False
SYNA,Synaptics Incorporated,NASDAQ,Semiconductors,98.1,95.15,95.65,97.99,103.09,115.66,103.09,97.91,95.62,96.87,98.62,95.69,4.42,4.67,4.58,604641.9,668366.4,65566744.0,65490996.0,0.5,-0.02,3893825723.0161815,1.64,157,-28.41,359,35.53,166,2.92,-1.04,2.56,0.27,0.64,52.7,0.11,20.91,False,False,False,True,True,True,True,True,False,True,False,True,False,False,False,False,2026-11-05,False,False,5,thin RVOL,"near21, ADR",7,https://www.tradingview.com/chart/?symbol=NASDAQ:SYNA&interval=D,False,False,False
RXO,"RXO, Inc.",NYSE,Packaged Software,19.88,19.69,20.25,21.0,22.27,23.56,20.92,19.35,19.9,20.38,20.37,19.24,4.95,5.55,1.1,1927403.1,1615042.8666666667,32107052.0,33914285.0,1.05,2.93,3278731659.583628,-12.46,310,-21.87,326,42.41,153,2.69,-1.94,-1.84,0.45,1.02,58.0,0.179,21.17,False,False,False,True,True,True,False,False,False,True,True,True,False,False,False,False,2026-11-05,False,True,4,"thin RVOL, large gap",near21,5,https://www.tradingview.com/chart/?symbol=NYSE:RXO&interval=D,False,False,False
PTEN,"Patterson-UTI Energy, Inc.",NASDAQ,Oil & Gas Production,11.07,12.03,12.3,12.12,11.3,11.15,10.81,9.86,11.8,11.94,11.28,10.98,4.17,4.6,0.51,8803090.3,7994097.966666667,88494664.0,96867150.0,0.72,1.08,4221930837.0377016,-8.74,268,18.14,117,-1.6,283,2.6,-0.44,-9.97,1.58,0.58,16.7,0.191,22.05,False,False,False,True,False,False,True,True,False,True,False,True,False,False,False,False,2026-10-28,False,False,5,thin RVOL,ADR,5,https://www.tradingview.com/chart/?symbol=NASDAQ:PTEN&interval=D,False,False,False
TTMI,"TTM Technologies, Inc.",NASDAQ,Electronic Components,125.82,119.85,120.4,121.75,124.88,150.28,136.58,123.46,121.46,121.58,128.57,123.0,5.12,6.29,7.91,1862172.8,2166564.966666667,272597204.0,263773507.0,0.7,-0.39,13254994864.955048,17.75,58,-41.96,418,31.93,181,2.58,0.12,4.5,0.55,0.7,35.7,0.174,24.18,False,True,False,True,False,True,True,False,False,True,False,True,False,True,False,False,2026-11-04,False,False,6,,near21,6,https://www.tradingview.com/chart/?symbol=NASDAQ:TTMI&interval=D,False,False,False
GOLD,"Gold.com, Inc.",NYSE,Investment Banks/Brokers,43.48,46.03,45.68,45.45,43.65,42.73,44.42,43.96,45.35,45.39,43.69,42.36,5.63,5.44,2.37,697484.7,674708.2,29336313.0,30664363.0,0.55,-2.24,1267648857.6824186,-6.72,242,4.17,173,10.24,245,2.57,-0.07,-4.82,0.77,0.56,47.1,0.165,7.6,False,False,False,False,False,True,True,True,False,True,False,True,False,False,False,False,2026-11-10,False,True,3,"thin RVOL, below 200-MA, large gap","near21, ADR",5,https://www.tradingview.com/chart/?symbol=NYSE:GOLD&interval=D,False,False,False
EXK,Endeavour Silver Corporation,NYSE,Precious Metals,9.26,9.99,10.49,10.52,9.62,9.3,9.65,9.95,10.08,10.2,10.14,9.14,5.31,6.83,0.63,7905687.2,8845841.6,81912493.0,93052356.0,1.67,-4.38,2742297787.003381,-15.59,341,14.46,131,8.81,247,2.56,-0.55,-11.71,1.35,1.58,19.0,0.238,12.89,False,False,False,False,False,True,False,False,False,True,True,True,True,True,True,False,2026-11-10,False,True,4,"below 200-MA, large gap","near21, RVOL",3,https://www.tradingview.com/chart/?symbol=NYSE:EXK&interval=D,False,False,False
AKAM,"Akamai Technologies, Inc.",NASDAQ,Data Processing Services,118.44,109.52,108.51,110.87,113.56,123.6,117.07,110.85,111.61,110.64,119.48,113.76,4.51,4.66,5.52,3751300.6,3221821.7666666666,381592570.0,357209823.0,1.03,-0.85,17021795207.932058,7.67,109,-2.57,203,2.33,266,2.48,0.92,9.15,1.51,1.04,84.7,0.162,12.74,False,True,True,True,False,False,False,False,False,False,True,False,False,True,False,False,2026-11-10,False,False,5,LoD>60% ATR,EMA,4,https://www.tradingview.com/chart/?symbol=NASDAQ:AKAM&interval=D,False,False,False
BSP,Bending Spoons S.p.A.,NASDAQ,Packaged Software,34.64,38.43,39.86,40.34,39.14,,,,37.96,39.07,36.28,34.31,6.84,8.08,2.8,2710768.4,1853991.3,64222259.0,74785683.0,1.49,0.3,22003996224.466682,-16.31,350,11.74,148,11.74,238,2.39,-1.42,-13.1,1.4,0.7,11.8,0.248,4.13,False,False,False,False,False,True,True,False,False,True,False,True,False,True,True,True,2026-12-02,False,False,5,below 200-MA,"near21, RVOL",5,https://www.tradingview.com/chart/?symbol=NASDAQ:BSP&interval=D,False,False,False
PBLS,"Parabilis Medicines, Inc.",NASDAQ,Pharmaceuticals: Major,33.31,37.3,38.45,38.45,36.07,,,,37.47,37.73,37.89,32.95,8.9,9.06,3.02,1680978.2,821523.7666666667,27364957.0,31589506.0,0.69,-0.73,4114892159.996595,-15.5,340,21.93,106,-0.12,277,2.1,-0.85,-13.36,1.29,1.64,11.9,0.214,7.12,False,False,False,False,False,True,False,False,False,True,True,True,False,False,False,False,2026-12-02,False,False,4,"thin RVOL, below 200-MA",near21,3,https://www.tradingview.com/chart/?symbol=NASDAQ:PBLS&interval=D,False,False,False
CECO,CECO Environmental Corp.,NASDAQ,Industrial Machinery,74.98,72.18,72.63,73.56,73.4,79.45,73.64,71.54,72.59,72.85,75.08,71.67,5.12,5.51,4.13,835492.6,759080.0,56919614.0,55841594.0,0.68,-0.79,4391858500.819903,4.98,128,-22.42,333,23.51,200,2.02,0.39,3.24,0.53,0.83,80.3,0.176,10.55,False,True,False,True,False,True,True,False,False,True,False,False,False,False,False,False,2026-11-09,False,False,4,"LoD>60% ATR, thin RVOL",near21,5,https://www.tradingview.com/chart/?symbol=NASDAQ:CECO&interval=D,False,False,False
M,Macy's Inc,NYSE,Department Stores,22.24,21.98,22.15,22.5,23.34,22.69,21.44,21.6,22.18,22.36,23.22,22.18,4.27,3.99,0.89,7876856.2,6358773.2,141419116.0,143078756.0,0.66,0.75,5808568554.437224,-3.3,204,-12.75,265,21.8,207,1.91,-1.18,0.41,0.14,1.18,7.3,0.098,8.55,False,False,False,True,True,True,False,False,True,True,True,True,False,False,False,False,2026-11-12,False,False,5,thin RVOL,"near21, BB",6,https://www.tradingview.com/chart/?symbol=NYSE:M&interval=D,False,False,False
COHR,Coherent Corp.,NYSE,Semiconductors,300.6,297.2,290.55,296.94,296.56,332.42,313.84,285.06,300.36,297.25,312.24,298.46,6.0,7.19,21.63,7226510.5,6941644.266666667,2086658267.0,2061224082.0,0.8,0.56,58867175587.20643,9.19,95,-27.6,356,23.29,201,1.63,0.19,3.46,0.16,0.64,9.9,0.23,15.75,False,True,True,True,False,True,True,False,False,True,False,True,False,True,False,False,2026-11-11,False,False,6,,"EMA, near21",7,https://www.tradingview.com/chart/?symbol=NYSE:COHR&interval=D,False,False,False
SHLS,"Shoals Technologies Group, Inc.",NASDAQ,Semiconductors,7.71,7.43,7.26,7.4,8.19,9.13,8.38,8.6,7.54,7.51,8.15,7.56,6.1,6.63,0.51,4660556.9,4673202.0,36030387.0,34594936.0,1.01,0.0,1297592610.2429447,9.52,93,-25.79,347,21.04,210,1.59,-0.89,6.25,0.4,1.15,29.4,0.206,24.25,False,False,True,False,False,True,False,False,False,True,True,True,False,False,False,False,2026-11-10,False,False,4,"thin RVOL, below 200-MA","EMA, near21",4,https://www.tradingview.com/chart/?symbol=NASDAQ:SHLS&interval=D,False,False,False
SPCX,Space Exploration Technologies Corp,NASDAQ,Specialty Telecommunications,148.36,150.44,147.58,145.08,135.32,,,,150.28,147.19,154.26,147.89,4.67,4.86,7.21,106879209.7,91930313.6,13638781326.0,13336882176.0,0.54,-0.93,2013403854831.9602,10.42,88,-5.28,217,-1.09,282,1.35,1.98,0.53,0.16,0.88,6.5,0.131,10.19,False,False,False,False,True,True,True,False,False,True,False,True,False,True,False,False,2026-11-05,False,False,5,below 200-MA,near21,5,https://www.tradingview.com/chart/?symbol=NASDAQ:SPCX&interval=D,False,False,False
PCOR,"Procore Technologies, Inc.",NYSE,Packaged Software,51.06,52.44,56.18,57.81,54.72,50.52,52.16,55.75,52.75,54.61,52.07,50.56,4.06,4.53,2.31,2345818.9,2685676.7333333334,137130654.0,155258972.0,0.58,0.75,7758839300.921535,-19.14,382,31.8,78,-8.95,310,1.24,-1.48,-9.12,1.44,0.65,21.6,0.317,11.1,False,False,False,False,False,True,True,True,False,True,False,True,False,False,False,False,2026-11-04,False,False,4,"thin RVOL, below 200-MA","near21, ADR",5,https://www.tradingview.com/chart/?symbol=NYSE:PCOR&interval=D,False,False,False
AG,First Majestic Silver Corp.,NYSE,Precious Metals,19.05,19.35,20.15,20.11,18.72,18.79,20.19,20.08,19.6,19.69,19.72,18.89,4.5,5.64,1.08,9577669.9,9675202.6,184312610.0,194590900.0,1.12,-3.44,9389866513.022726,-10.56,293,14.41,132,-0.63,280,1.08,0.32,-5.44,0.58,0.77,14.9,0.193,7.73,False,False,False,False,False,True,True,False,False,True,False,True,False,False,False,False,2026-11-11,False,True,3,"thin RVOL, below 200-MA, large gap",near21,4,https://www.tradingview.com/chart/?symbol=NYSE:AG&interval=D,False,False,False
WYFI,"WhiteFiber, Inc.",NASDAQ,Data Processing Services,19.05,18.53,18.72,20.75,22.58,26.3,22.64,21.53,18.98,19.67,20.15,19.02,6.25,9.13,1.74,1243860.6,2501552.3333333335,47654572.0,51911380.0,0.76,-1.48,740056627.9930797,-4.8,222,-53.06,436,61.03,111,1.06,-1.71,1.77,0.35,0.65,2.0,0.228,40.81,False,False,False,False,True,True,True,False,False,True,False,True,False,False,False,False,2026-11-12,False,False,4,"thin RVOL, below 200-MA",near21,5,https://www.tradingview.com/chart/?symbol=NASDAQ:WYFI&interval=D,False,False,False
SRPT,"Sarepta Therapeutics, Inc.",NASDAQ,Pharmaceuticals: Major,18.95,20.3,20.95,20.16,18.64,18.25,18.66,19.24,20.29,20.23,20.76,18.74,6.76,7.08,1.34,2784018.6,3013077.8666666667,57097826.0,60750680.0,1.33,-0.43,2001632011.516098,2.27,146,13.27,138,-12.55,325,0.99,0.24,-9.54,0.9,1.51,16.0,0.205,14.23,False,False,False,False,False,True,False,False,False,True,True,True,False,False,True,False,2026-11-04,False,False,4,"thin RVOL, below 200-MA","near21, RVOL",3,https://www.tradingview.com/chart/?symbol=NASDAQ:SRPT&interval=D,False,False,False
OWL,Blue Owl Capital Inc.,NYSE,Investment Managers,9.6,10.11,10.91,11.23,10.86,10.25,9.99,11.18,10.17,10.6,9.81,9.57,4.13,4.21,0.4,16005013.5,17853710.4,171395620.0,200419802.0,1.08,-1.32,14967285843.886637,-17.31,363,11.63,149,8.47,248,0.93,-2.77,-11.97,2.25,0.59,7.4,0.318,12.39,False,False,False,False,False,False,True,True,False,True,False,True,False,True,False,False,2026-10-29,False,False,5,below 200-MA,ADR,4,https://www.tradingview.com/chart/?symbol=NYSE:OWL&interval=D,False,False,False
KVYO,"Klaviyo, Inc. Series A",NYSE,Packaged Software,16.78,16.29,17.67,17.81,17.79,16.73,17.43,19.69,16.52,17.1,16.95,15.9,5.37,6.1,1.02,7345194.6,6340536.8,106394208.0,112908052.0,1.35,1.95,4777726261.548834,-8.46,262,20.72,111,-9.74,316,0.84,-0.93,-5.06,0.31,1.03,86.0,0.391,20.28,False,False,False,False,False,True,False,False,False,True,True,False,False,False,True,False,2026-11-11,False,False,3,"LoD>60% ATR, thin RVOL, below 200-MA","near21, RVOL",2,https://www.tradingview.com/chart/?symbol=NYSE:KVYO&interval=D,False,False,False
KD,"Kyndryl Holdings, Inc.",NYSE,Data Processing Services,12.11,12.69,12.9,12.87,12.93,12.44,12.62,15.43,12.54,12.75,12.44,11.97,4.61,4.96,0.6,3780382.4,3708283.933333333,44907318.0,47737975.0,0.72,0.33,2637779314.7686563,-3.89,213,10.09,154,-3.97,289,0.75,-1.28,-6.11,1.01,0.77,23.3,0.141,24.63,False,False,False,False,False,True,True,False,False,True,False,True,False,False,False,False,2026-11-10,False,False,4,"thin RVOL, below 200-MA",near21,4,https://www.tradingview.com/chart/?symbol=NYSE:KD&interval=D,False,False,False
SPHR,Sphere Entertainment Co.,NYSE,Media Conglomerates,135.89,143.44,142.99,150.22,148.74,147.1,138.16,127.34,142.67,145.06,140.74,135.82,4.05,4.79,6.52,532911.2,639150.8333333334,86854207.0,96013451.0,1.26,-1.11,4880300320.125009,-14.34,327,-12.67,262,28.98,187,0.66,-1.8,-4.96,1.32,0.76,1.1,0.135,15.75,False,False,False,True,False,True,True,False,False,True,False,True,False,False,True,False,2026-11-10,False,False,5,thin RVOL,"near21, RVOL",5,https://www.tradingview.com/chart/?symbol=NYSE:SPHR&interval=D,False,False,False
UCTT,"Ultra Clean Holdings, Inc.",NASDAQ,Industrial Machinery,77.29,70.88,70.74,74.12,79.91,88.37,80.83,69.98,72.4,73.09,77.68,72.37,4.6,6.43,4.97,771383.5,899255.0666666667,69503424.0,66650388.0,0.88,-1.38,3499461566.412149,3.55,140,-33.63,393,31.76,182,0.56,-0.51,9.26,0.89,1.07,99.0,0.224,23.8,False,False,False,True,False,True,False,False,False,True,True,False,False,False,False,False,2026-10-28,False,False,4,"LoD>60% ATR, thin RVOL",near21,3,https://www.tradingview.com/chart/?symbol=NASDAQ:UCTT&interval=D,False,False,False
ATRO,Astronics Corporation,NASDAQ,Aerospace & Defense,69.14,68.95,72.16,76.04,74.07,73.04,68.87,65.36,69.44,71.67,70.02,68.61,4.52,5.19,3.59,830574.5999999996,732719.9666666663,50660258.0,55718102.0,0.63,-0.86,2969128378.222668,-9.77,281,-19.31,312,29.96,185,0.29,-1.28,-4.18,0.68,0.39,14.8,0.222,12.6,False,False,False,True,False,True,True,True,False,True,False,True,False,False,False,False,2026-11-11,False,False,5,thin RVOL,"near21, ADR",6,https://www.tradingview.com/chart/?symbol=NASDAQ:ATRO&interval=D,False,False,False
FIG,FIGMA INC,NYSE,Packaged Software,21.76,22.81,24.45,25.05,24.58,22.73,22.89,25.14,22.85,23.75,22.48,21.67,5.64,6.67,1.45,14499954.4,14882749.433333334,323848628.0,372802951.0,0.58,-0.14,11598288859.067892,-19.32,384,19.49,114,0.69,274,0.29,-1.72,-11.01,1.26,0.56,6.2,0.408,11.05,False,False,False,False,False,True,True,True,False,True,False,True,False,True,False,False,2026-11-11,False,False,5,below 200-MA,"near21, ADR",5,https://www.tradingview.com/chart/?symbol=NYSE:FIG&interval=D,False,False,False
RELY,"Remitly Global, Inc.",NASDAQ,Miscellaneous Commercial Services,20.19,21.69,23.82,24.45,24.19,22.94,21.1,19.26,21.98,23.08,21.05,19.52,5.31,5.49,1.11,5002601.9,3901798.933333333,78777320.0,95406137.0,1.46,-1.08,4273901138.382519,-24.04,414,-5.79,220,28.03,191,-0.6,-3.01,-15.24,2.28,1.38,60.0,0.379,24.39,False,False,False,True,False,False,False,False,False,False,True,False,False,False,True,False,2026-11-04,False,False,4,"LoD>60% ATR, thin RVOL",RVOL,2,https://www.tradingview.com/chart/?symbol=NASDAQ:RELY&interval=D,False,False,False
CRML,Critical Metals Corp.,NASDAQ,Precious Metals,7.72,7.16,7.26,7.06,6.77,8.65,8.96,9.66,7.51,7.26,8.45,7.61,6.83,9.62,0.74,13765985.2,9721553.666666666,75050394.0,68588802.0,1.07,-1.76,1133981131.0163937,11.08,84,-18.31,302,5.32,259,-0.64,1.46,6.31,0.66,1.13,14.8,0.408,37.39,False,True,True,False,False,True,False,False,False,True,True,True,False,False,False,False,2027-03-03,False,False,4,"thin RVOL, below 200-MA","EMA, near21",5,https://www.tradingview.com/chart/?symbol=NASDAQ:CRML&interval=D,False,False,False
STEP,StepStone Group Inc.,NASDAQ,Investment Managers,45.03,47.98,49.25,49.33,47.57,47.57,47.85,52.58,47.58,48.34,46.44,44.95,4.73,4.87,2.19,1235686.0,1046715.5,47133599.0,51637267.0,0.69,-1.29,5434070455.998282,-9.38,278,9.16,160,-2.07,284,-0.76,-1.09,-8.58,1.41,0.68,3.6,0.15,11.12,False,False,False,False,False,True,True,True,False,True,False,True,False,False,False,False,2026-11-05,False,False,4,"thin RVOL, below 200-MA","near21, ADR",5,https://www.tradingview.com/chart/?symbol=NASDAQ:STEP&interval=D,False,False,False
VG,"Venture Global, Inc.",NYSE,Oil & Gas Pipelines,13.27,14.48,14.56,14.37,14.01,13.19,13.11,11.82,14.07,14.26,13.87,13.04,4.78,5.26,0.7,16835001.6,14476079.4,192097574.0,208021261.0,1.03,1.01,33176231877.43299,-6.15,234,27.6,89,-23.8,375,-0.79,-1.0,-8.84,1.32,1.19,32.9,0.195,20.6,False,False,False,True,False,True,False,False,False,True,True,True,False,True,False,False,2026-11-16,False,False,6,,near21,4,https://www.tradingview.com/chart/?symbol=NYSE:VG&interval=D,False,False,False
CART,Maplebear Inc.,NASDAQ,Air Freight/Couriers,42.96,46.28,48.21,48.81,47.64,45.33,43.2,42.64,45.93,47.23,45.93,42.12,4.23,4.32,1.86,4772284.1,4049251.6666666665,173955852.0,197633176.0,1.31,2.15,9945242587.660439,-13.8,324,-8.82,238,20.1,213,-0.84,-2.27,-10.89,2.09,2.05,45.5,0.213,12.97,False,False,False,True,False,False,False,False,False,False,True,True,False,False,True,False,2026-11-17,False,True,4,"thin RVOL, large gap",RVOL,3,https://www.tradingview.com/chart/?symbol=NASDAQ:CART&interval=D,False,False,False
RYAN,"Ryan Specialty Holdings, Inc.",NYSE,Insurance Brokers/Services,36.17,39.09,40.65,41.34,41.96,38.29,37.61,40.65,39.2,40.24,38.5,35.93,4.49,4.59,1.66,2572082.8,1774978.8666666667,64200986.0,73378810.0,1.05,-0.31,9252820565.124352,-16.97,358,3.08,179,10.27,244,-1.2,-3.01,-11.02,2.2,1.55,14.5,0.195,12.04,False,False,False,False,False,False,False,False,False,False,True,True,False,False,False,False,2026-10-29,False,False,4,"thin RVOL, below 200-MA",,2,https://www.tradingview.com/chart/?symbol=NYSE:RYAN&interval=D,False,False,False
CRWV,"CoreWeave, Inc.",NASDAQ,Packaged Software,86.9,84.57,86.05,89.41,85.21,95.04,94.09,92.17,85.38,86.29,90.36,86.55,5.58,6.45,5.61,35054342.6,30046283.966666665,2611022077.0,2686448265.0,0.93,2.56,47928530466.88221,2.04,152,-17.46,298,10.83,242,-1.53,0.31,0.98,0.11,0.68,6.2,0.222,12.05,False,True,False,False,True,True,True,False,False,True,False,True,False,True,False,False,2026-11-16,False,True,4,"below 200-MA, large gap",near21,6,https://www.tradingview.com/chart/?symbol=NASDAQ:CRWV&interval=D,False,False,False
MBLY,Mobileye Global Inc.,NASDAQ,Packaged Software,7.61,7.97,8.22,8.45,8.47,8.96,8.62,9.04,7.95,8.17,7.77,7.45,4.44,4.66,0.35,6201048.0,4370009.466666667,33255772.0,36907643.0,1.58,-0.65,6469927384.3151045,-14.78,332,-3.06,206,12.08,237,-1.92,-2.18,-7.38,1.48,0.9,45.1,0.148,14.07,False,False,False,False,False,True,True,False,False,True,False,True,True,True,True,False,2026-10-22,False,False,5,below 200-MA,"near21, RVOL",4,https://www.tradingview.com/chart/?symbol=NASDAQ:MBLY&interval=D,False,False,False
ORCL,Oracle Corporation,NYSE,Packaged Software,144.56,147.2,149.84,148.86,141.85,161.8,159.59,165.35,147.93,148.1,148.66,144.23,4.56,4.88,7.05,38871429.6,28509545.066666666,4121339835.0,4244006904.0,0.57,-0.6,437111279360.2794,-0.39,173,-8.13,232,2.58,264,-1.98,0.39,-3.53,0.49,0.63,4.7,0.158,16.26,False,False,False,False,False,True,True,True,False,True,False,True,False,True,False,False,2026-12-14,False,False,5,below 200-MA,"near21, ADR",5,https://www.tradingview.com/chart/?symbol=NYSE:ORCL&interval=D,False,False,False
FRPT,"Freshpet, Inc.",NASDAQ,Food: Specialty/Candy,59.21,62.11,66.25,68.77,65.8,59.57,63.05,63.8,62.38,64.79,60.74,59.03,4.08,4.13,2.44,1156715.5,1105636.2666666666,65464723.0,76034975.0,0.78,0.0,2845518668.2617664,-20.02,392,12.57,142,0.73,273,-2.24,-2.43,-10.62,2.09,0.7,7.4,0.276,11.28,False,False,False,False,False,False,True,True,False,True,False,True,False,False,False,False,2026-11-09,False,False,4,"thin RVOL, below 200-MA",ADR,4,https://www.tradingview.com/chart/?symbol=NASDAQ:FRPT&interval=D,False,False,False
CVNA,Carvana Co.,NYSE,Specialty Stores,63.95,67.01,70.41,70.83,69.12,68.99,68.47,72.88,67.07,68.79,65.04,62.15,4.64,5.06,3.24,7609748.1,7601876.8,486140021.0,538453604.0,1.16,-0.75,70374661515.85625,-8.64,267,-5.85,221,7.04,253,-2.48,-1.48,-9.17,1.39,0.89,55.6,0.215,9.18,False,False,False,False,False,True,True,False,False,True,False,True,False,True,False,False,2026-10-29,False,False,5,below 200-MA,near21,4,https://www.tradingview.com/chart/?symbol=NYSE:CVNA&interval=D,False,False,False
GRML,Greenland Mines Ltd,NASDAQ,Miscellaneous Commercial Services,11.19,5.69,5.21,6.71,7.98,12.24,14.92,15.22,7.26,6.61,17.99,10.29,14.45,21.12,2.36,37903961.1,13112179.582666667,146725290.0,87952130.0,1.59,22.51,35550770.764664315,18.66,53,-2.7,205,-23.93,376,-2.65,1.91,114.67,3.29,3.26,38.1,2.214,89.41,False,True,True,False,False,False,False,False,False,False,True,True,True,True,True,False,,False,True,4,"below 200-MA, large gap","EMA, RVOL",4,https://www.tradingview.com/chart/?symbol=NASDAQ:GRML&interval=D,False,False,False
GLW,Corning Incorporated,NYSE,Electronic Components,154.48,153.19,152.98,154.37,153.22,172.56,164.49,148.17,153.9,153.95,160.56,153.6,4.43,5.57,8.6,8904880.4,9053281.833333334,1398550978.0,1397576241.0,0.6,0.29,133067267492.89447,5.91,118,-29.32,366,14.08,230,-3.11,0.15,0.98,0.06,0.81,10.2,0.209,15.79,False,True,False,True,True,True,True,False,False,True,False,True,False,True,False,False,2026-11-03,False,False,6,,near21,7,https://www.tradingview.com/chart/?symbol=NYSE:GLW&interval=D,False,False,False
EXPE,"Expedia Group, Inc.",NASDAQ,Other Consumer Services,259.04,281.03,293.49,304.85,298.18,268.68,257.25,260.35,280.84,289.89,278.0,257.69,4.94,5.09,13.18,2700270.1,1958684.9666666666,507377754.0,597103480.0,2.07,-0.96,31089694036.16787,-19.94,390,-0.46,194,11.03,240,-3.13,-2.58,-11.74,2.09,1.54,10.2,0.266,15.8,False,False,False,False,False,False,False,False,False,False,True,True,True,True,True,False,2026-10-29,False,False,5,below 200-MA,RVOL,2,https://www.tradingview.com/chart/?symbol=NASDAQ:EXPE&interval=D,False,False,False
TMDX,"TransMedics Group, Inc.",NASDAQ,Medical Specialties,87.0,86.42,86.98,88.36,84.01,78.06,91.37,101.68,87.02,86.84,89.19,85.07,4.81,4.75,4.13,828014.9,701523.0,61032501.0,61983532.0,0.74,0.17,3016737534.8359265,-7.52,251,12.08,144,-14.45,332,-3.29,0.75,0.02,0.04,1.0,46.7,0.117,27.15,False,True,False,False,True,True,True,False,False,True,False,True,False,False,False,False,2026-11-04,False,False,4,"thin RVOL, below 200-MA",near21,6,https://www.tradingview.com/chart/?symbol=NASDAQ:TMDX&interval=D,False,False,False
ASO,"Academy Sports and Outdoors, Inc.",NASDAQ,Specialty Stores,48.31,50.9,47.62,47.34,47.77,49.05,51.69,52.6,49.2,48.55,49.64,47.91,4.57,4.39,2.12,2304866.9,2170663.1333333333,104864736.0,102767514.0,0.42,0.2,2974876260.808485,5.25,124,-5.5,219,-9.7,315,-3.32,0.26,1.44,0.11,0.82,18.8,0.344,10.31,False,False,False,False,True,True,True,False,False,True,False,True,False,False,False,False,2026-12-03,False,False,4,"thin RVOL, below 200-MA",near21,5,https://www.tradingview.com/chart/?symbol=NASDAQ:ASO&interval=D,False,False,False
INSM,Insmed Incorporated,NASDAQ,Pharmaceuticals: Major,118.34,122.86,123.48,124.6,118.79,113.43,124.91,135.92,121.94,122.61,122.65,116.74,4.27,4.27,5.05,2187877.3,1936835.2333333334,229205082.0,241334835.0,0.84,0.63,25843266673.75948,-5.35,228,14.89,130,-20.03,354,-3.5,-0.09,-4.16,0.82,1.17,31.6,0.106,19.01,False,False,False,False,False,True,False,False,False,True,True,True,False,True,False,False,2026-10-22,False,False,5,below 200-MA,near21,3,https://www.tradingview.com/chart/?symbol=NASDAQ:INSM&interval=D,False,False,False
AVAV,"AeroVironment, Inc.",NASDAQ,Aerospace & Defense,155.94,155.69,151.17,158.1,158.27,163.98,179.18,205.18,155.92,155.58,163.35,154.94,5.94,5.93,9.24,2827372.8,1926843.3666666667,300471955.0,304638753.0,0.37,0.06,7924979898.080691,-2.3,193,10.52,153,-18.84,345,-3.54,-0.25,3.16,0.04,0.91,10.8,0.164,34.64,False,False,True,False,False,True,True,False,False,True,False,True,False,False,False,False,2026-12-08,False,False,4,"thin RVOL, below 200-MA","EMA, near21",5,https://www.tradingview.com/chart/?symbol=NASDAQ:AVAV&interval=D,False,False,False
NVTS,Navitas Semiconductor Corporation,NASDAQ,Semiconductors,11.84,11.4,11.55,12.14,12.06,16.47,14.51,13.1,11.65,11.77,12.46,11.77,4.91,6.83,0.81,11415684.6,12198676.8,144432333.0,148063473.0,0.76,-0.64,3091346757.7784905,-5.96,232,-39.28,410,34.09,172,-3.72,-0.27,2.56,0.09,0.85,8.7,0.204,42.85,False,False,False,False,True,True,True,False,False,True,False,True,False,False,False,False,2026-11-09,False,False,4,"thin RVOL, below 200-MA",near21,5,https://www.tradingview.com/chart/?symbol=NASDAQ:NVTS&interval=D,False,False,False
NG,Novagold Resources Inc.,AMEX,Precious Metals,7.26,7.37,7.9,8.06,7.31,7.41,8.28,8.69,7.5,7.66,7.55,7.1,5.23,6.47,0.47,6982361.1,5686472.733333333,41283792.0,45821597.0,0.79,-3.47,3185547436.3088803,-18.34,375,13.97,134,-6.8,301,-3.72,-0.1,-8.13,0.8,0.96,34.1,0.327,19.12,False,False,False,False,False,True,True,False,False,True,False,True,False,False,False,False,2026-10-06,False,True,3,"thin RVOL, below 200-MA, large gap",near21,4,https://www.tradingview.com/chart/?symbol=AMEX:NG&interval=D,False,False,False
VRDN,"Viridian Therapeutics, Inc.",NASDAQ,Pharmaceuticals: Major,21.43,21.91,22.55,22.89,21.77,19.53,20.48,23.26,22.02,22.27,22.18,21.2,4.18,4.15,0.89,1914778.7,1484907.3,31821563.0,33993983.0,1.6,-0.05,2427853370.901447,-11.99,306,23.8,103,-23.08,373,-3.76,-0.38,-4.97,0.91,1.11,25.9,0.137,17.41,False,False,False,False,False,True,False,False,False,True,True,True,True,True,True,False,2026-11-16,False,False,5,below 200-MA,"near21, RVOL",3,https://www.tradingview.com/chart/?symbol=NASDAQ:VRDN&interval=D,False,False,False
MMYT,MakeMyTrip Limited,NASDAQ,Internet Software/Services,46.79,48.44,52.43,55.08,55.64,51.83,50.01,55.6,49.04,51.64,49.02,46.52,4.49,4.65,2.17,853272.0,583762.7666666667,27314260.0,32153848.0,0.85,1.41,4401004713.595986,-21.85,404,-8.54,237,17.5,221,-4.3,-3.42,-10.75,2.02,1.15,12.4,0.347,15.4,False,False,False,False,False,False,False,False,False,False,True,True,False,False,False,False,2026-11-03,False,False,4,"thin RVOL, below 200-MA",,2,https://www.tradingview.com/chart/?symbol=NASDAQ:MMYT&interval=D,False,False,False
RKLB,Rocket Lab Corporation,NASDAQ,Aerospace & Defense,70.31,65.93,65.2,68.78,69.41,88.21,82.95,80.86,67.4,67.42,73.57,70.08,4.73,5.52,3.88,20850943.3,17922764.8,1260149593.0,1232644123.0,0.89,1.24,42077708941.41803,-1.26,185,-18.35,303,6.51,257,-4.37,0.24,7.84,0.78,0.9,5.9,0.172,32.73,False,True,False,False,False,True,True,False,False,True,False,True,False,True,False,False,2026-11-16,False,False,5,below 200-MA,near21,5,https://www.tradingview.com/chart/?symbol=NASDAQ:RKLB&interval=D,False,False,False
BRUN,Boost Run Inc.,NASDAQ,Packaged Software,16.51,16.11,16.93,18.12,19.26,24.29,20.16,18.11,16.62,17.24,17.18,16.06,7.96,10.16,1.68,2475813.1,2552032.2333333334,42134052.0,46237295.0,0.49,0.06,1384283279.1755414,-11.33,300,-55.26,439,52.87,132,-4.57,-1.41,-2.46,0.42,0.67,26.8,0.337,49.52,False,False,False,False,True,True,True,False,False,True,False,True,False,False,False,False,2026-12-02,False,False,4,"thin RVOL, below 200-MA",near21,5,https://www.tradingview.com/chart/?symbol=NASDAQ:BRUN&interval=D,False,False,False
HCC,"Warrior Met Coal, Inc.",NYSE,Coal,90.24,92.97,99.55,100.12,93.35,91.22,90.1,90.11,93.27,95.94,91.0,89.02,4.43,4.74,4.28,769171.5,604370.1333333333,54538361.0,60510344.0,0.43,-1.42,4764860150.889902,-15.84,346,7.38,166,-5.71,294,-4.72,-0.7,-9.35,1.25,0.46,28.5,0.292,10.47,False,False,False,True,False,True,True,True,False,True,False,True,False,False,False,False,2026-11-04,False,False,5,thin RVOL,"near21, ADR",6,https://www.tradingview.com/chart/?symbol=NYSE:HCC&interval=D,False,False,False
VAL,Valaris Limited,NYSE,Contract Drilling,82.57,83.64,85.28,85.67,82.65,85.81,88.89,81.45,83.69,84.31,84.0,82.14,4.29,4.21,3.48,1449291.2,1219895.7333333334,100726791.0,104511721.0,0.85,0.81,5733314608.904738,-5.06,224,9.38,158,-18.66,343,-4.78,-0.02,-3.18,0.49,0.53,12.2,0.129,9.0,False,False,False,True,False,True,True,True,False,True,False,True,False,False,False,False,2026-11-03,False,False,5,thin RVOL,"near21, ADR",6,https://www.tradingview.com/chart/?symbol=NYSE:VAL&interval=D,False,False,False
HLNE,Hamilton Lane Incorporated,NASDAQ,Investment Managers,85.7,90.86,97.41,99.71,96.18,89.85,93.47,104.68,90.85,94.57,87.57,83.29,4.56,4.62,3.96,656325.6,579987.1666666666,49704900.0,57829747.0,1.04,-1.18,4729407283.764841,-18.54,378,15.16,128,-11.01,321,-4.8,-2.36,-12.03,2.03,1.08,60.8,0.302,17.3,False,False,False,False,False,False,False,False,False,False,True,False,False,False,False,False,2026-11-10,False,False,3,"LoD>60% ATR, thin RVOL, below 200-MA",,1,https://www.tradingview.com/chart/?symbol=NASDAQ:HLNE&interval=D,False,False,False
COMP,"Compass, Inc.",NYSE,Real Estate Development,9.16,10.15,10.5,11.12,11.43,10.39,9.66,10.14,10.09,10.55,9.66,9.06,5.34,6.11,0.56,17148557.9,12348275.333333334,113110202.0,137333402.0,1.12,-1.76,7031625047.520165,-21.24,400,-14.63,283,21.16,209,-4.9,-3.25,-12.78,2.15,1.08,18.7,0.194,19.36,False,False,False,False,False,False,False,False,False,False,True,True,False,False,False,False,2026-11-11,False,False,4,"thin RVOL, below 200-MA",,2,https://www.tradingview.com/chart/?symbol=NYSE:COMP&interval=D,False,False,False
RGTI,"Rigetti Computing, Inc.",NASDAQ,Computer Processing Hardware,16.0,15.64,15.57,16.26,15.97,18.05,17.46,18.7,15.85,15.88,17.66,15.97,5.34,6.24,1.0,16473607.5,16860639.2,269854530.0,274170854.0,1.74,6.69,5341968796.277542,-8.52,263,-19.93,315,12.32,235,-5.38,0.03,2.83,0.13,1.69,3.5,0.136,19.61,False,True,False,False,True,True,False,False,False,True,True,True,True,True,True,False,2026-11-16,False,True,4,"below 200-MA, large gap","near21, RVOL",5,https://www.tradingview.com/chart/?symbol=NASDAQ:RGTI&interval=D,False,False,False
CORZ,"Core Scientific, Inc.",NASDAQ,Packaged Software,18.1,17.56,17.45,17.96,19.42,22.37,20.73,19.8,17.83,17.96,19.11,18.03,5.34,6.25,1.13,11241596.8,11316798.066666666,204834045.0,203302505.0,0.8,-0.37,5816261949.936137,3.61,138,-35.86,399,16.03,223,-5.41,-1.09,3.75,0.12,0.96,6.2,0.186,27.23,False,False,False,False,False,True,True,False,False,True,False,True,False,False,False,False,2026-11-11,False,False,4,"thin RVOL, below 200-MA",near21,4,https://www.tradingview.com/chart/?symbol=NASDAQ:CORZ&interval=D,False,False,False
ON,ON Semiconductor Corporation,NASDAQ,Semiconductors,74.1,71.55,72.26,74.18,78.33,94.33,86.16,79.67,72.02,73.18,74.48,72.21,4.51,4.83,3.58,13350319.4,9433130.833333334,698994995.0,699793666.0,0.7,0.23,28847996857.23913,0.88,165,-38.76,409,20.7,211,-5.72,-1.12,2.54,0.26,0.63,52.8,0.123,30.74,False,False,False,False,True,True,True,True,False,True,False,True,False,True,False,False,2026-11-02,False,False,5,below 200-MA,"near21, ADR",6,https://www.tradingview.com/chart/?symbol=NASDAQ:ON&interval=D,False,False,False
GLOB,Globant S.A.,NYSE,Information Technology Services,34.45,37.2,38.18,38.42,37.01,36.47,39.7,46.02,36.66,37.44,35.68,34.45,4.72,5.57,1.92,1051365.8,1482946.1333333333,51087494.0,56976273.0,0.64,0.14,1487535563.9203086,-12.96,316,17.64,120,-22.37,367,-5.9,-1.24,-9.76,1.43,0.64,0.0,0.206,27.72,False,False,False,False,False,True,True,False,False,True,False,True,False,False,False,False,2026-11-12,False,False,4,"thin RVOL, below 200-MA",near21,4,https://www.tradingview.com/chart/?symbol=NYSE:GLOB&interval=D,False,False,False
DPC,DPC Holdings PLC,NYSE,Electrical Products,41.93,40.92,41.82,43.85,45.77,,,,41.21,42.35,42.73,39.25,6.71,7.07,2.96,1084762.4,1087694.4666666666,45607029.0,47693590.0,1.24,-0.42,6264049590.598033,-8.55,265,-4.7,212,-4.7,291,-5.99,-1.19,0.27,0.14,1.17,90.4,0.17,11.57,False,False,False,False,True,True,False,False,False,True,True,False,False,False,True,False,2026-12-02,False,False,3,"LoD>60% ATR, thin RVOL, below 200-MA","near21, RVOL",3,https://www.tradingview.com/chart/?symbol=NYSE:DPC&interval=D,False,False,False
RIG,Transocean Ltd (Switzerland),NYSE,Contract Drilling,5.47,5.61,5.73,5.76,5.55,5.76,5.98,5.64,5.6,5.65,5.57,5.45,4.42,4.38,0.24,46992203.6,42585202.333333336,232941057.0,245106230.0,0.71,0.73,6109334039.393443,-6.01,233,8.32,164,-20.26,356,-5.99,-0.32,-4.46,0.74,0.5,8.3,0.138,7.86,False,False,False,False,False,True,True,True,False,True,False,True,False,False,False,False,2026-11-04,False,False,4,"thin RVOL, below 200-MA","near21, ADR",5,https://www.tradingview.com/chart/?symbol=NYSE:RIG&interval=D,False,False,False
ASND,Ascendis Pharma A/S,NASDAQ,Pharmaceuticals: Major,223.13,245.12,253.09,252.7,252.77,246.37,241.35,234.85,242.01,248.42,237.98,220.6,4.46,4.48,10.01,1083581.1,727987.0333333333,162435747.0,183961717.0,1.2,-0.31,13918146147.437304,-12.96,315,-6.27,223,1.11,269,-6.04,-2.61,-11.84,2.27,1.74,25.3,0.216,8.18,False,False,False,False,False,False,False,False,False,False,True,True,False,True,True,False,2026-11-11,False,False,5,below 200-MA,RVOL,2,https://www.tradingview.com/chart/?symbol=NASDAQ:ASND&interval=D,False,False,False
CPRI,Capri Holdings Limited,NYSE,Apparel/Footwear Retail,15.43,14.43,13.8,14.01,14.79,16.77,17.61,19.21,14.55,14.31,16.06,15.25,5.05,5.03,0.78,7913193.7,5564335.066666666,85857690.0,77967463.0,0.59,0.76,1753644431.7919686,11.97,81,-19.09,311,-11.63,322,-6.25,0.86,11.82,1.56,1.04,23.2,0.243,35.1,False,True,True,False,False,False,False,False,False,False,True,True,False,False,False,False,2026-11-05,False,False,4,"thin RVOL, below 200-MA",EMA,4,https://www.tradingview.com/chart/?symbol=NYSE:CPRI&interval=D,False,False,False
STRL,"Sterling Infrastructure, Inc.",NASDAQ,Engineering & Construction,512.0,497.61,488.9,505.67,544.78,674.19,594.85,532.73,502.3,504.8,519.53,507.0,4.05,5.46,27.98,590086.2,566530.5,290063616.0,286476345.0,0.49,-0.87,15661321511.105947,0.02,172,-42.34,420,23.1,202,-6.41,-1.1,4.72,0.26,0.45,17.9,0.173,36.19,False,False,False,False,False,True,True,True,False,True,False,True,False,True,False,False,2026-11-09,False,False,5,below 200-MA,"near21, ADR",5,https://www.tradingview.com/chart/?symbol=NASDAQ:STRL&interval=D,False,False,False
WRBY,Warby Parker Inc.,NYSE,Specialty Stores,23.35,23.88,24.21,24.94,25.49,25.93,25.06,25.16,23.69,24.31,23.55,22.41,5.59,5.93,1.38,3156639.8,2546200.5,59453782.0,63500543.0,0.89,-0.13,2886247979.714473,-14.41,328,-14.26,281,8.05,250,-6.87,-1.42,-3.56,0.67,0.82,67.9,0.139,8.77,False,False,False,False,False,True,True,False,False,True,False,False,False,False,False,False,2026-11-05,False,False,3,"LoD>60% ATR, thin RVOL, below 200-MA",near21,3,https://www.tradingview.com/chart/?symbol=NYSE:WRBY&interval=D,False,False,False
MRCY,Mercury Systems Inc,NASDAQ,Aerospace & Defense,82.72,84.0,84.64,90.26,95.05,100.04,93.88,91.53,84.5,86.85,83.94,81.91,4.37,4.91,4.06,716102.6,819801.7,67813997.0,73999127.0,0.59,-1.01,5034635704.06104,-8.96,271,-22.11,329,10.1,246,-6.99,-2.64,-2.27,0.97,0.5,20.0,0.141,19.38,False,False,False,False,True,True,True,True,False,True,False,True,False,False,False,False,2026-11-10,False,False,4,"thin RVOL, below 200-MA","near21, ADR",6,https://www.tradingview.com/chart/?symbol=NASDAQ:MRCY&interval=D,False,False,False
BTU,Peabody Energy Corporation,NYSE,Coal,26.41,26.93,27.93,27.35,25.58,25.37,27.63,28.98,26.82,27.03,27.0,26.12,4.9,4.97,1.31,3090850.9,2460566.4,64983559.0,67298952.0,0.61,-0.49,3219379149.8439717,-5.0,223,13.45,136,-30.88,395,-7.48,0.66,-5.43,0.46,0.67,22.1,0.2,13.65,False,False,False,False,False,True,True,True,False,True,False,True,False,False,False,False,2026-10-29,False,False,4,"thin RVOL, below 200-MA","near21, ADR",5,https://www.tradingview.com/chart/?symbol=NYSE:BTU&interval=D,False,False,False
MIAX,"Miami International Holdings, Inc.",NYSE,Investment Banks/Brokers,35.89,39.03,40.89,41.53,42.53,43.54,42.91,42.97,38.62,40.2,37.08,35.83,4.57,4.86,1.74,1856440.3,1465821.6666666667,52608340.0,60873619.0,0.63,-0.71,3561396694.431447,-15.75,344,-1.94,200,-5.78,295,-7.82,-3.22,-12.22,2.21,0.72,3.4,0.242,12.57,False,False,False,False,False,False,True,False,False,False,False,True,False,False,False,False,2026-11-11,False,False,4,"thin RVOL, below 200-MA",,3,https://www.tradingview.com/chart/?symbol=NYSE:MIAX&interval=D,False,False,False
PINS,"Pinterest, Inc.",NYSE,Internet Software/Services,18.45,18.8,20.06,21.16,22.12,21.48,20.57,21.5,19.01,19.96,18.6,17.84,4.64,4.71,0.87,17622575.4,13123262.4,242124191.0,277701356.0,0.78,0.22,10448474817.895594,-20.58,395,-6.91,227,3.71,261,-7.93,-3.52,-8.04,1.61,0.87,70.1,0.331,17.97,False,False,False,False,False,False,True,False,False,False,False,False,False,True,False,False,2026-11-04,False,False,4,"LoD>60% ATR, below 200-MA",,2,https://www.tradingview.com/chart/?symbol=NYSE:PINS&interval=D,False,False,False
CBRS,Cerebras Systems Inc.,NASDAQ,Packaged Software,205.24,195.76,192.17,200.61,201.74,,,,199.57,198.19,213.0,203.0,5.42,6.72,13.79,5358715.9,7664692.933333334,1573101578.0,1537645986.0,0.71,0.02,45942673593.61029,7.76,108,8.3,165,-41.36,424,-8.43,0.26,6.8,0.53,0.73,16.2,0.222,4.66,False,True,True,False,False,True,True,False,False,True,False,True,False,True,False,True,2026-12-02,False,False,5,below 200-MA,"EMA, near21",7,https://www.tradingview.com/chart/?symbol=NASDAQ:CBRS&interval=D,False,False,False
VIAV,Viavi Solutions Inc.,NASDAQ,Information Technology Services,36.43,35.73,36.16,37.71,38.05,43.61,41.1,35.97,35.96,36.54,37.65,35.58,5.12,6.14,2.24,5631463.8999999985,4629719.966666658,168660698.0,174579024.0,1.25,0.38,8989096762.275002,-3.5,207,-28.61,363,6.65,256,-8.49,-0.69,0.76,0.05,0.92,38.0,0.201,21.62,False,False,False,True,True,True,True,False,False,True,False,True,False,False,True,False,2026-10-29,False,False,5,thin RVOL,"near21, RVOL",6,https://www.tradingview.com/chart/?symbol=NASDAQ:VIAV&interval=D,False,False,False
COCO,"The Vita Coco Company, Inc.",NASDAQ,Food: Specialty/Candy,57.98,55.72,56.64,59.39,62.92,68.93,63.54,61.25,56.84,57.76,61.3,57.52,4.31,4.6,2.67,1879587.7,1270710.7333333334,73675808.0,75466875.0,0.44,0.1,3327882803.464429,-9.29,277,-30.06,370,13.11,232,-8.75,-1.71,2.37,0.08,1.42,17.3,0.227,22.78,False,False,False,False,True,True,False,False,False,True,True,True,False,False,False,False,2026-11-04,False,False,4,"thin RVOL, below 200-MA",near21,4,https://www.tradingview.com/chart/?symbol=NASDAQ:COCO&interval=D,False,False,False
PRMB,Primo Brands Corporation,NYSE,Beverages: Non-Alcoholic,19.75,20.59,21.44,22.21,22.78,23.19,22.13,21.02,20.61,21.34,19.95,19.2,4.02,4.06,0.8,4246803.2,4321484.233333333,85349314.0,95968641.0,0.83,-0.41,7148388358.57943,-14.76,331,-20.07,316,8.4,249,-8.81,-3.28,-7.88,1.84,0.94,68.6,0.192,13.13,False,False,False,False,False,False,True,False,False,False,False,False,False,False,False,False,2026-11-05,False,False,3,"LoD>60% ATR, thin RVOL, below 200-MA",,2,https://www.tradingview.com/chart/?symbol=NYSE:PRMB&interval=D,False,False,False
AXON,"Axon Enterprise, Inc.",NASDAQ,Aerospace & Defense,450.61,462.21,504.13,541.12,542.54,501.04,485.57,501.66,467.99,497.35,460.98,448.17,4.46,5.72,25.8,1214224.0,908647.8,409445785.0,491686589.0,0.64,0.05,36606390579.555534,-27.57,431,-0.86,196,1.26,268,-9.06,-2.96,-10.62,1.64,0.5,9.5,0.423,17.83,False,False,False,False,False,False,True,True,False,True,False,True,False,True,False,False,2026-11-10,False,False,5,below 200-MA,ADR,4,https://www.tradingview.com/chart/?symbol=NASDAQ:AXON&interval=D,False,False,False
QBTS,D-Wave Quantum Inc.,NASDAQ,Computer Processing Hardware,16.81,16.98,17.03,18.01,18.21,20.89,19.77,21.16,17.15,17.45,18.93,16.74,5.33,6.77,1.14,15990395.4,15711167.833333334,264104731.0,283015740.0,1.94,7.8,6381523405.425399,-14.89,334,-28.47,360,15.85,225,-9.17,-1.14,-1.31,0.54,1.92,5.7,0.113,24.85,False,False,False,False,True,True,False,False,False,True,True,True,True,True,True,False,2026-11-05,False,True,4,"below 200-MA, large gap","near21, RVOL",4,https://www.tradingview.com/chart/?symbol=NASDAQ:QBTS&interval=D,False,False,False
APLD,Applied Digital Corporation,NASDAQ,Data Processing Services,27.23,26.3,26.25,27.25,27.66,34.3,32.34,32.27,26.91,26.92,28.9,27.2,5.2,6.49,1.77,16256550.4,15877576.633333344,432346412.0,432679841.0,0.85,0.95,7936704289.492642,2.18,149,-37.47,405,6.99,254,-9.43,-0.24,3.73,0.18,0.96,1.7,0.221,29.56,False,False,False,False,False,True,True,False,False,True,False,True,False,False,False,False,2026-10-14,False,False,4,"thin RVOL, below 200-MA",near21,4,https://www.tradingview.com/chart/?symbol=NASDAQ:APLD&interval=D,False,False,False
ALGM,"Allegro MicroSystems, Inc.",NASDAQ,Semiconductors,35.11,34.5,35.35,36.91,40.13,45.78,42.47,39.97,34.89,35.98,35.95,34.85,4.04,5.3,1.86,2429222.7,2178871.6,76500182.0,80426508.0,1.07,-0.08,6544575800.988173,-2.88,199,-39.89,413,14.14,229,-9.54,-2.36,-0.67,0.46,0.59,14.0,0.141,32.11,False,False,False,False,True,True,True,False,False,True,False,True,False,False,False,False,2026-10-29,False,False,4,"thin RVOL, below 200-MA",near21,5,https://www.tradingview.com/chart/?symbol=NASDAQ:ALGM&interval=D,False,False,False
LUMN,"Lumen Technologies, Inc.",NYSE,Major Telecommunications,6.13,6.61,6.55,6.42,6.41,7.53,7.49,7.65,6.48,6.51,6.37,6.11,5.7,5.67,0.35,14197425.4,12591459.866666667,77185649.0,80891735.0,0.67,-0.31,6322760627.716301,3.72,135,-24.32,341,-8.23,307,-9.61,-0.77,-6.39,1.02,0.75,5.8,0.186,20.24,False,False,False,False,False,True,True,True,False,True,False,True,False,False,False,False,2026-11-04,False,False,4,"thin RVOL, below 200-MA","near21, ADR",5,https://www.tradingview.com/chart/?symbol=NYSE:LUMN&interval=D,False,False,False
MIRM,"Mirum Pharmaceuticals, Inc.",NASDAQ,Pharmaceuticals: Major,89.32,95.02,97.08,97.7,102.45,104.61,101.08,97.53,94.09,96.55,91.5,87.87,4.45,4.47,3.99,839158.0,612128.7,54675335.0,59805178.0,0.9,-0.09,5799744530.124521,-7.26,245,-22.3,331,-0.11,276,-9.89,-2.87,-7.99,1.67,0.91,36.3,0.139,10.74,False,False,False,False,False,False,True,False,False,False,False,True,False,False,False,False,2026-11-17,False,False,4,"thin RVOL, below 200-MA",,3,https://www.tradingview.com/chart/?symbol=NASDAQ:MIRM&interval=D,False,False,False
GRAB,Grab Holdings Limited,NASDAQ,Air Freight/Couriers,3.2,2.97,3.21,3.33,3.42,3.51,3.64,3.91,3.06,3.17,3.23,3.12,4.12,4.34,0.14,90365207.6,55845470.0,178705504.0,185844417.0,1.42,0.32,13051255001.64038,-7.51,250,-9.22,241,-13.04,328,-9.93,-1.48,-0.38,0.2,0.79,57.6,0.354,29.21,False,False,False,False,True,True,True,False,False,True,False,True,False,True,True,False,2026-11-17,False,False,5,below 200-MA,"near21, RVOL",5,https://www.tradingview.com/chart/?symbol=NASDAQ:GRAB&interval=D,False,False,False
WULF,TeraWulf Inc.,NASDAQ,Data Processing Services,16.35,16.28,16.15,16.22,16.96,20.67,19.46,18.05,16.51,16.46,17.49,16.29,6.18,7.21,1.18,30006153.7,29986399.633333333,490277634.0,486249461.0,1.1,-1.1,8158138028.949799,3.22,142,-41.33,416,7.99,251,-10.04,-0.5,1.24,0.09,1.02,5.1,0.235,27.62,False,False,False,False,True,True,False,False,False,True,True,True,False,False,False,False,2026-11-16,False,False,4,"thin RVOL, below 200-MA",near21,4,https://www.tradingview.com/chart/?symbol=NASDAQ:WULF&interval=D,False,False,False
VRT,"Vertiv Holdings, LLC",NYSE,Electronic Production Equipment,248.78,246.06,256.26,261.93,267.95,296.09,288.77,262.14,250.31,255.6,255.02,248.5,4.76,5.3,13.2,6173278.4,4988286.166666667,1240985833.0,1306558517.0,0.52,0.08,95777364369.49854,-3.2,202,-26.6,350,-0.47,279,-10.09,-1.35,-2.92,0.5,0.49,2.1,0.214,20.11,False,False,False,False,True,True,True,True,False,True,False,True,False,True,False,False,2026-10-28,False,False,5,below 200-MA,"near21, ADR",6,https://www.tradingview.com/chart/?symbol=NYSE:VRT&interval=D,False,False,False
FSLR,"First Solar, Inc.",NASDAQ,Semiconductors,191.97,200.64,202.96,207.97,212.56,230.96,220.38,227.19,199.68,204.11,201.49,191.15,4.98,4.99,9.58,2158082.7,2036041.6333333333,390858912.0,423426756.0,0.92,-0.19,20630975000.006527,-9.8,282,-24.32,340,3.46,262,-10.22,-1.94,-5.42,1.19,1.08,8.6,0.108,15.8,False,False,False,False,False,True,False,False,False,True,True,True,False,True,False,False,2026-10-29,False,False,5,below 200-MA,near21,3,https://www.tradingview.com/chart/?symbol=NASDAQ:FSLR&interval=D,False,False,False
EQPT,EquipmentShare.com Inc,NASDAQ,Internet Software/Services,18.08,18.0,18.11,18.65,18.7,19.78,21.2,,18.18,18.33,18.67,18.0,5.42,5.71,1.03,3690077.2,2827773.3333333335,51126142.0,52747399.0,0.77,-1.24,4588830940.477934,-2.11,191,-19.07,310,-10.18,319,-10.45,-0.58,-0.17,0.23,0.65,7.7,0.134,17.68,False,False,False,False,True,True,True,True,False,True,False,True,False,False,False,False,2026-12-02,False,False,4,"thin RVOL, below 200-MA","near21, ADR",6,https://www.tradingview.com/chart/?symbol=NASDAQ:EQPT&interval=D,False,False,False
DKNG,DraftKings Inc.,NASDAQ,Movies/Entertainment,21.25,23.15,23.67,24.27,24.1,24.88,24.39,26.24,22.72,23.45,22.02,20.86,4.9,5.42,1.15,13459542.7,10520041.9,223550890.0,255328430.0,1.3,0.32,10549648640.481651,-18.27,374,-14.23,279,0.81,271,-10.56,-2.18,-10.23,1.73,1.01,33.7,0.195,14.54,False,False,False,False,False,False,False,False,False,False,True,True,False,True,True,False,2026-10-30,False,False,5,below 200-MA,RVOL,2,https://www.tradingview.com/chart/?symbol=NASDAQ:DKNG&interval=D,False,False,False
GNRC,Generac Holdings Inc.,NYSE,Electrical Products,199.42,192.1,190.17,197.43,201.89,233.27,226.28,211.01,196.3,195.57,206.29,198.78,4.07,5.53,11.03,2004817.0,1304741.9666666666,260191643.0,257594337.0,0.57,-0.86,11778529678.835136,-1.93,189,-31.71,381,1.82,267,-10.6,-0.22,4.87,0.36,0.68,5.8,0.234,21.61,False,False,True,False,False,True,True,False,False,True,False,True,False,True,False,False,2026-11-04,False,False,5,below 200-MA,"EMA, near21",5,https://www.tradingview.com/chart/?symbol=NYSE:GNRC&interval=D,False,False,False
VSEC,VSE Corporation,NASDAQ,Engineering & Construction,178.54,183.01,195.42,206.6,206.02,200.21,200.24,198.49,184.42,193.3,183.16,175.15,4.69,5.23,9.34,452266.5,363061.4,64820982.0,75007880.0,0.7,-1.55,5010720037.37575,-17.94,371,-18.87,307,4.36,260,-10.82,-2.55,-8.64,1.46,0.86,36.3,0.307,12.89,False,False,False,False,False,True,True,False,False,True,False,True,False,False,False,False,2026-10-28,False,False,4,"thin RVOL, below 200-MA",near21,4,https://www.tradingview.com/chart/?symbol=NASDAQ:VSEC&interval=D,False,False,False
BKV,BKV Corporation,NYSE,Integrated Oil,23.27,23.5,24.28,24.74,24.82,25.93,27.0,27.24,23.51,24.08,23.58,22.94,4.35,4.35,1.01,3347460.1,1918310.8,44639092.0,47467961.0,0.43,1.7,2546618216.7104807,-3.28,203,-9.03,240,-22.1,365,-11.47,-1.43,-4.17,0.77,0.63,32.6,0.189,16.07,False,False,False,False,False,True,True,True,False,True,False,True,False,False,False,False,2026-11-17,False,False,4,"thin RVOL, below 200-MA","near21, ADR",5,https://www.tradingview.com/chart/?symbol=NYSE:BKV&interval=D,False,False,False
TTAN,"ServiceTitan, Inc.",NASDAQ,Packaged Software,61.65,57.6,73.7,79.99,79.89,74.01,71.5,76.63,61.98,69.38,62.75,59.93,6.79,7.75,4.78,4805339.9,3185591.6666666665,196391726.0,254811761.0,0.29,0.97,5947246114.115497,-34.69,441,-0.1,190,-0.79,281,-11.86,-2.95,-16.36,1.44,0.59,35.9,0.996,36.16,False,False,False,False,False,True,True,True,False,True,False,True,False,False,False,False,2027-01-19,False,False,4,"thin RVOL, below 200-MA","near21, ADR",5,https://www.tradingview.com/chart/?symbol=NASDAQ:TTAN&interval=D,False,False,False
NXST,"Nexstar Media Group, Inc.",NASDAQ,Broadcasting,165.57,166.02,171.73,176.72,181.29,181.72,193.36,197.98,166.71,171.21,168.99,164.05,4.21,4.17,6.9,448158.1,370932.1666666667,61415239.0,65552864.0,0.71,0.0,5100930196.409479,-10.88,297,-0.89,197,-23.97,377,-11.91,-2.08,-3.59,0.79,0.72,22.0,0.178,19.31,False,False,False,False,False,True,True,True,False,True,False,True,False,False,False,False,2026-11-05,False,False,4,"thin RVOL, below 200-MA","near21, ADR",5,https://www.tradingview.com/chart/?symbol=NASDAQ:NXST&interval=D,False,False,False
XRAY,DENTSPLY SIRONA Inc.,NASDAQ,Medical Specialties,9.78,9.94,10.51,10.72,11.75,11.22,11.54,11.69,9.98,10.44,10.0,9.74,4.02,4.62,0.45,5324192.5,4207065.133333334,41145097.0,45113061.0,0.63,-0.6,1949680926.7417085,-11.97,305,-8.43,236,-15.47,335,-11.96,-3.63,-6.96,1.36,0.58,8.9,0.25,18.53,False,False,False,False,False,True,True,True,False,True,False,True,False,False,False,False,2026-10-29,False,False,4,"thin RVOL, below 200-MA","near21, ADR",5,https://www.tradingview.com/chart/?symbol=NASDAQ:XRAY&interval=D,False,False,False
LAZ,"Lazard, Inc.",NYSE,Investment Banks/Brokers,36.82,37.97,40.69,41.84,42.38,43.53,44.17,46.12,38.01,39.85,37.28,36.31,5.35,5.02,1.85,2534208.4,1627608.7666666666,59928555.0,68106204.0,0.64,-0.68,3588129806.318033,-16.96,357,-9.71,243,-9.69,314,-12.12,-2.61,-9.52,1.51,0.52,27.6,0.31,22.16,False,False,False,False,False,False,True,True,False,True,False,True,False,False,False,False,2026-10-22,False,False,4,"thin RVOL, below 200-MA",ADR,4,https://www.tradingview.com/chart/?symbol=NYSE:LAZ&interval=D,False,False,False
FIGS,"FIGS, Inc.",NYSE,Apparel/Footwear,11.97,13.06,13.93,14.15,12.86,12.32,13.14,12.71,13.09,13.43,12.98,11.97,5.31,5.55,0.66,2484564.8,2366075.466666667,28321923.0,33474447.0,0.96,-1.16,1988698630.2810817,-18.57,379,3.19,178,-21.41,362,-12.26,-1.25,-14.05,1.96,1.53,0.0,0.303,13.46,False,False,False,False,False,False,False,False,False,False,True,True,False,False,False,False,2026-11-05,False,False,4,"thin RVOL, below 200-MA",,2,https://www.tradingview.com/chart/?symbol=NYSE:FIGS&interval=D,False,False,False
MP,MP Materials Corp.,NYSE,Other Metals/Minerals,48.89,49.72,52.64,54.2,50.86,55.46,56.21,57.12,50.3,51.6,50.78,48.72,4.81,5.67,2.77,5324263.9,5533346.266666667,270525299.0,299894457.0,0.79,-0.53,8707387039.129898,-17.55,366,-14.23,280,-5.22,292,-12.33,-0.68,-7.13,0.92,0.74,6.1,0.253,15.13,False,False,False,False,False,True,True,False,False,True,False,True,False,False,False,False,2026-10-29,False,False,4,"thin RVOL, below 200-MA",near21,4,https://www.tradingview.com/chart/?symbol=NYSE:MP&interval=D,False,False,False
FLY,Firefly Aerospace Inc.,NASDAQ,Aerospace & Defense,21.9,21.49,21.55,22.76,22.24,28.77,28.74,27.75,21.87,22.04,23.34,21.73,6.46,7.05,1.54,3147087.7,2815140.1,61651568.0,64085726.0,0.66,-0.19,3666161679.9785824,-7.36,247,-13.78,275,-16.41,338,-12.52,-0.22,1.65,0.09,1.04,11.0,0.15,33.25,False,False,False,False,True,True,False,False,False,True,True,True,False,False,False,False,2026-11-18,False,False,4,"thin RVOL, below 200-MA",near21,4,https://www.tradingview.com/chart/?symbol=NASDAQ:FLY&interval=D,False,False,False
BBWI,"Bath & Body Works, Inc.",NYSE,Specialty Stores,17.02,17.31,18.07,18.4,19.14,19.31,19.54,20.02,17.39,17.94,17.15,16.71,4.72,5.17,0.88,6778004.2,6921582.433333334,117805333.0,127324816.0,0.93,-1.05,3432003227.913853,-12.45,309,-22.35,332,-3.35,287,-12.72,-2.14,-5.79,0.99,0.5,35.2,0.202,15.91,False,False,False,False,False,True,True,True,False,True,False,True,False,False,False,False,2026-11-18,False,False,4,"thin RVOL, below 200-MA","near21, ADR",5,https://www.tradingview.com/chart/?symbol=NYSE:BBWI&interval=D,False,False,False
PLUG,"Plug Power, Inc.",NASDAQ,Electronic Production Equipment,2.04,2.08,2.12,2.17,2.15,2.63,2.58,2.48,2.09,2.12,2.12,2.03,4.69,5.5,0.11,44572962.2,52560915.46666667,107224268.0,113846943.0,0.91,0.47,2850278046.5402846,-8.52,264,-23.02,335,-7.7,304,-13.08,-0.91,-3.93,0.69,0.8,8.9,0.123,27.18,False,False,False,False,False,True,True,False,False,True,False,True,False,False,False,False,2026-11-10,False,False,4,"thin RVOL, below 200-MA",near21,4,https://www.tradingview.com/chart/?symbol=NASDAQ:PLUG&interval=D,False,False,False
ERAS,"Erasca, Inc.",NASDAQ,Pharmaceuticals: Major,13.94,15.43,16.32,16.86,17.62,15.67,15.69,13.59,15.35,16.07,15.55,13.94,7.06,7.86,1.1,5385420.1,4182438.2666666666,58324102.0,70512424.0,0.83,0.0,4877431483.688424,-24.25,416,-7.53,230,-7.77,305,-13.18,-2.65,-14.56,1.68,1.47,0.5,0.331,28.86,False,False,False,True,False,False,False,False,False,False,True,True,False,False,False,False,2026-11-11,False,False,5,thin RVOL,,3,https://www.tradingview.com/chart/?symbol=NASDAQ:ERAS&interval=D,False,False,False
PRAX,"Praxis Precision Medicines, Inc.",NASDAQ,Pharmaceuticals: Major,282.12,311.66,333.63,346.77,336.96,325.27,323.03,315.92,309.89,325.56,304.94,275.89,5.38,6.04,17.04,502651.3,392843.966666667,110829140.0,136227550.0,2.28,0.24,7876787033.139665,-24.96,421,-7.81,231,-6.79,300,-13.19,-2.69,-15.44,2.21,1.7,36.6,0.311,8.97,False,False,False,False,False,False,False,False,False,False,True,True,True,True,True,False,2026-11-11,False,False,5,below 200-MA,RVOL,2,https://www.tradingview.com/chart/?symbol=NASDAQ:PRAX&interval=D,False,False,False
AAOI,"Applied Optoelectronics, Inc.",NASDAQ,Semiconductors,101.06,101.64,104.46,113.03,111.84,138.07,129.16,106.27,103.51,106.52,107.32,100.42,6.07,8.51,8.6,7088644.5,8524489.766666668,861484936.0,963523078.0,0.94,-0.37,8580629480.391775,-7.39,248,-33.16,391,-0.14,278,-13.56,-1.13,-3.26,0.6,0.8,7.4,0.203,36.05,False,False,False,False,False,True,True,False,False,True,False,True,False,False,False,False,2026-11-05,False,False,4,"thin RVOL, below 200-MA",near21,4,https://www.tradingview.com/chart/?symbol=NASDAQ:AAOI&interval=D,False,False,False
ONDS,Ondas Inc,NASDAQ,Telecommunications Equipment,7.4,7.34,7.54,7.97,7.97,8.68,9.15,9.49,7.45,7.62,7.98,7.38,4.61,6.01,0.44,63204193.7,66435863.333333336,491625389.0,529748502.0,1.07,0.26,4308952495.129535,-13.2,321,-6.74,226,-20.86,360,-13.6,-1.19,-1.83,0.48,1.35,4.5,0.206,28.98,False,False,False,False,True,True,False,False,False,True,True,True,False,False,False,False,2026-11-16,False,False,4,"thin RVOL, below 200-MA",near21,4,https://www.tradingview.com/chart/?symbol=NASDAQ:ONDS&interval=D,False,False,False
STNE,StoneCo Ltd.,NASDAQ,Miscellaneous Commercial Services,9.49,9.81,9.85,9.75,10.26,10.55,11.83,12.75,9.75,9.85,10.01,9.48,4.09,4.2,0.4,4699868.1,6238193.533333333,59200457.0,60829665.0,0.82,-0.41,2308235794.13286,2.26,147,-12.37,260,-31.23,396,-13.78,-1.8,-3.68,0.86,1.34,3.8,0.106,31.03,False,False,False,False,False,True,False,False,False,True,True,True,False,False,False,False,2026-11-17,False,False,4,"thin RVOL, below 200-MA",near21,3,https://www.tradingview.com/chart/?symbol=NASDAQ:STNE&interval=D,False,False,False
RKT,"Rocket Companies, Inc.",NYSE,Finance/Rental/Leasing,12.15,12.81,13.27,13.63,13.68,13.89,14.41,15.81,12.77,13.16,12.57,12.11,4.27,5.11,0.62,39285186.1,28739782.733333334,349188360.0,391665759.0,1.13,-1.65,34404453964.073784,-12.72,313,-17.46,299,-11.83,323,-14.0,-2.18,-8.47,1.5,0.74,6.4,0.185,24.76,False,False,False,False,False,False,True,False,False,False,False,True,False,True,False,False,2026-10-29,False,False,5,below 200-MA,,3,https://www.tradingview.com/chart/?symbol=NYSE:RKT&interval=D,False,False,False
BBAI,"BigBear.ai, Inc.",NYSE,Packaged Software,2.84,2.84,2.92,3.01,2.98,3.5,3.59,4.1,2.86,2.92,2.9,2.84,4.02,4.75,0.13,15695250.6,16200988.933333334,46010809.0,48700173.0,0.75,-0.35,1361764448.788927,-9.84,283,-19.77,314,-12.62,327,-14.08,-0.99,-2.67,0.55,0.45,0.0,0.154,44.46,False,False,False,False,True,True,True,True,False,True,False,True,False,False,False,False,2026-11-11,False,False,4,"thin RVOL, below 200-MA","near21, ADR",6,https://www.tradingview.com/chart/?symbol=NYSE:BBAI&interval=D,False,False,False
INTU,Intuit Inc.,NASDAQ,Packaged Software,286.8,312.05,326.47,335.76,325.08,320.83,351.89,407.31,308.97,320.02,294.2,286.2,4.31,4.86,13.95,3707225.9,3977460.1333333333,1140735566.0,1335478643.0,0.95,-0.22,76643284229.04874,-21.74,402,11.91,147,-32.75,401,-14.19,-2.42,-12.15,2.13,0.57,4.3,0.253,33.22,False,False,False,False,False,False,True,True,False,True,False,True,False,True,False,False,2026-12-01,False,False,5,below 200-MA,ADR,4,https://www.tradingview.com/chart/?symbol=NASDAQ:INTU&interval=D,False,False,False
SMR,NuScale Power Corporation,NYSE,Electrical Products,8.68,8.77,9.28,9.29,9.05,9.99,10.58,12.37,8.88,9.09,8.9,8.48,7.51,8.02,0.7,45062675.0,37708635.53333333,327310956.0,350426350.0,0.89,-0.79,3729998182.4881883,-6.36,238,-16.94,296,-19.33,348,-14.21,-0.51,-6.42,0.56,0.6,28.7,0.335,41.48,False,False,False,False,False,True,True,True,False,True,False,True,False,False,False,False,2026-11-05,False,False,4,"thin RVOL, below 200-MA","near21, ADR",5,https://www.tradingview.com/chart/?symbol=NYSE:SMR&interval=D,False,False,False
USAR,"USA Rare Earth, Inc.",NASDAQ,Metal Fabrication,15.83,15.84,16.88,17.48,16.92,20.16,19.73,19.39,16.24,16.68,16.8,15.8,5.41,6.94,1.1,13806857.2,13099351.466666667,207362734.0,229020328.0,0.97,-1.15,5937462001.262507,-15.39,338,-27.78,358,0.51,275,-14.22,-0.93,-6.2,0.74,0.91,2.7,0.285,27.3,False,False,False,False,False,True,True,False,False,True,False,True,False,False,False,False,2026-11-05,False,False,4,"thin RVOL, below 200-MA",near21,4,https://www.tradingview.com/chart/?symbol=NASDAQ:USAR&interval=D,False,False,False
ALGT,Allegiant Travel Company,NASDAQ,Airlines,77.26,78.63,77.9,79.37,87.32,89.89,88.51,89.37,78.78,79.78,80.92,76.83,4.13,4.89,3.78,547331.1,532638.7,41151666.0,42273669.0,0.9,-1.36,2112115061.7119768,-8.39,261,-28.5,361,-5.78,296,-14.22,-2.35,-0.83,0.65,1.08,11.4,0.12,15.51,False,False,False,False,True,True,False,False,False,True,True,True,False,False,False,False,2026-11-04,False,False,4,"thin RVOL, below 200-MA",near21,4,https://www.tradingview.com/chart/?symbol=NASDAQ:ALGT&interval=D,False,False,False
POWI,"Power Integrations, Inc.",NASDAQ,Semiconductors,51.05,49.8,50.62,53.18,57.91,67.37,62.63,57.35,50.29,51.73,51.5,49.57,4.17,5.21,2.66,769437.0,764467.4333333333,39026062.0,40657181.0,0.85,-0.47,2852331844.96405,-6.6,240,-39.85,412,3.42,263,-14.34,-2.28,0.86,0.25,0.72,55.7,0.148,34.43,False,False,False,False,True,True,True,False,False,True,False,True,False,False,False,False,2026-11-11,False,False,4,"thin RVOL, below 200-MA",near21,5,https://www.tradingview.com/chart/?symbol=NASDAQ:POWI&interval=D,False,False,False
MOD,Modine Manufacturing Company,NYSE,Industrial Machinery,193.11,187.11,186.04,190.36,199.91,234.27,230.72,212.61,189.65,190.0,197.69,189.05,4.41,5.42,10.47,1212177.4,1262821.6,243863479.0,240384406.0,0.9,-0.83,10256594858.90049,-0.67,177,-32.6,386,-9.86,318,-14.38,-0.63,3.8,0.3,0.83,38.8,0.132,24.98,False,False,False,False,False,True,True,False,False,True,False,True,False,True,False,False,2026-11-03,False,False,5,below 200-MA,near21,4,https://www.tradingview.com/chart/?symbol=NYSE:MOD&interval=D,False,False,False
CIEN,Ciena Corporation,NYSE,Telecommunications Equipment,355.91,346.21,352.97,372.04,378.71,443.7,433.05,386.28,352.37,358.05,369.0,351.53,6.16,6.84,24.36,2928090.5,2609443.8666666667,928727167.0,970807928.0,0.63,0.02,50471074544.046036,-7.86,255,-25.45,345,-9.86,317,-14.39,-0.88,0.83,0.09,0.72,18.0,0.272,27.39,False,False,False,False,True,True,True,False,False,True,False,True,False,True,False,False,2026-12-10,False,False,5,below 200-MA,near21,5,https://www.tradingview.com/chart/?symbol=NYSE:CIEN&interval=D,False,False,False
RH,RH,NYSE,Specialty Stores,124.59,128.94,137.5,146.76,160.46,153.55,149.56,161.25,130.39,138.31,131.43,124.07,5.59,6.05,7.54,1110269.0,787795.6666666666,98151462.0,115615316.0,0.8,-1.2,2358882253.335579,-18.16,373,-21.15,322,-4.16,290,-14.49,-3.7,-9.39,1.64,0.98,6.9,0.268,25.93,False,False,False,False,False,False,True,False,False,False,False,True,False,False,False,False,2026-12-03,False,False,4,"thin RVOL, below 200-MA",,3,https://www.tradingview.com/chart/?symbol=NYSE:RH&interval=D,False,False,False
MWH,"SOLV Energy, Inc.",NASDAQ,Engineering & Construction,25.45,25.84,25.82,27.22,27.63,31.84,31.64,,25.99,26.35,26.23,25.29,4.82,5.57,1.42,1380332.4,1695640.9,43154061.0,46150824.0,0.51,-1.44,5150866709.386098,-9.11,274,-27.7,357,-6.91,302,-14.57,-1.41,-1.44,0.62,0.66,11.3,0.163,23.64,False,False,False,False,True,True,True,False,False,True,False,True,False,False,False,False,2026-12-02,False,False,4,"thin RVOL, below 200-MA",near21,5,https://www.tradingview.com/chart/?symbol=NASDAQ:MWH&interval=D,False,False,False
GT,The Goodyear Tire & Rubber Company,NASDAQ,Automotive Aftermarket,5.34,5.27,5.69,5.81,6.28,6.27,6.57,7.23,5.36,5.61,5.44,5.28,4.59,5.02,0.27,11763432.6,9305139.166666666,49689443.0,54028740.0,0.54,-0.82,1537379221.4098358,-10.55,292,-15.51,288,-18.72,344,-14.93,-2.97,-6.22,0.96,0.63,24.3,0.323,36.64,False,False,False,False,False,True,True,True,False,True,False,True,False,False,False,False,2026-11-09,False,False,4,"thin RVOL, below 200-MA","near21, ADR",5,https://www.tradingview.com/chart/?symbol=NASDAQ:GT&interval=D,False,False,False
FLUT,Flutter Entertainment plc,NYSE,Casinos/Gaming,85.89,94.08,96.86,97.68,99.57,100.95,103.58,125.38,92.34,95.5,89.53,85.85,4.42,5.01,4.3,3028130.2,2670115.8,229336246.0,260812461.0,0.84,0.21,14905274471.725117,-16.02,347,-12.97,268,-16.51,339,-15.17,-2.74,-11.33,2.01,0.86,0.9,0.212,36.44,False,False,False,False,False,False,True,False,False,False,False,True,False,True,False,False,2026-11-18,False,False,5,below 200-MA,,3,https://www.tradingview.com/chart/?symbol=NYSE:FLUT&interval=D,False,False,False
KGS,"Kodiak Gas Services, Inc.",NYSE,Oilfield Services/Equipment,53.3,58.03,59.54,60.33,60.65,65.47,63.19,57.43,57.35,58.95,54.42,52.96,4.42,5.07,2.7,2306774.3,1845432.9,98361574.0,111331891.0,1.25,-0.57,5388844899.674529,-13.05,320,-24.11,339,-9.0,311,-15.38,-2.39,-10.48,1.89,0.54,12.6,0.202,15.1,False,False,False,False,False,False,True,True,False,True,False,True,False,False,True,False,2026-11-11,False,False,4,"thin RVOL, below 200-MA","ADR, RVOL",4,https://www.tradingview.com/chart/?symbol=NYSE:KGS&interval=D,False,False,False
APP,Applovin Corporation,NASDAQ,Packaged Software,315.25,323.45,318.35,315.09,348.7,427.95,431.39,470.19,321.38,323.82,316.5,304.77,5.03,5.5,17.34,5543290.6,5162878.4,1627597416.0,1626762750.0,1.29,-3.9,105498729120.40201,3.53,141,-30.1,371,-19.7,350,-15.42,-1.74,-0.98,0.48,0.68,60.5,0.104,48.16,False,False,False,False,True,True,True,True,False,True,False,False,False,True,True,False,2026-11-11,False,True,3,"LoD>60% ATR, below 200-MA, large gap","near21, ADR, RVOL",5,https://www.tradingview.com/chart/?symbol=NASDAQ:APP&interval=D,False,False,False
TNDM,"Tandem Diabetes Care, Inc.",NASDAQ,Medical Specialties,16.38,17.16,18.95,20.21,19.62,17.88,19.19,19.62,17.55,18.55,17.67,15.86,6.63,7.03,1.15,2392446.0,1768628.4,28970133.0,35751939.0,1.24,-0.34,1139699185.56,-26.88,428,8.33,163,-28.22,386,-15.59,-2.35,-13.56,1.66,1.57,44.7,0.408,15.0,False,False,False,False,False,False,False,False,False,False,True,True,False,False,True,False,2026-11-04,False,False,4,"thin RVOL, below 200-MA",RVOL,2,https://www.tradingview.com/chart/?symbol=NASDAQ:TNDM&interval=D,False,False,False
CRK,"Comstock Resources, Inc.",NYSE,Oil & Gas Production,13.45,13.72,14.35,14.19,13.83,13.95,15.74,17.38,13.63,13.94,13.72,13.28,4.89,4.97,0.67,2681463.1,2620656.2666666666,35247827.0,37187112.0,0.78,0.23,3949196642.871621,-6.53,239,0.37,189,-40.88,422,-15.68,-0.56,-6.24,0.7,0.67,26.2,0.256,27.17,False,False,False,False,False,True,True,True,False,True,False,True,False,False,False,False,2026-11-03,False,False,4,"thin RVOL, below 200-MA","near21, ADR",5,https://www.tradingview.com/chart/?symbol=NYSE:CRK&interval=D,False,False,False
ALKT,"Alkami Technology, Inc.",NASDAQ,Packaged Software,14.6,18.67,19.26,19.6,19.05,17.9,17.49,18.34,18.19,18.85,16.0,14.19,6.86,7.44,1.09,2336693.2,1607111.5,23463828.0,31496171.0,4.56,-13.27,1561352898.9607518,-30.21,437,-8.29,235,-8.64,309,-15.71,-3.14,-24.19,3.03,1.67,37.7,0.264,12.1,False,False,False,False,False,False,False,False,False,False,True,True,True,True,True,False,2026-10-29,False,True,4,"below 200-MA, large gap",RVOL,2,https://www.tradingview.com/chart/?symbol=NASDAQ:ALKT&interval=D,False,False,False
BKNG,Booking Holdings Inc. Common Stock,NASDAQ,Other Consumer Services,155.9,169.34,182.35,191.91,192.17,180.45,178.17,184.37,169.94,179.34,162.74,155.36,4.19,4.37,6.81,9666956.8,6926417.033333333,1079828415.0,1329246384.0,1.46,-0.9,117140219755.38608,-26.06,427,-13.96,278,-7.18,303,-15.73,-4.32,-14.5,2.99,1.08,7.9,0.339,14.65,False,False,False,False,False,False,False,False,False,False,True,True,False,True,True,False,2026-11-04,False,False,5,below 200-MA,RVOL,2,https://www.tradingview.com/chart/?symbol=NASDAQ:BKNG&interval=D,False,False,False
CENX,Century Aluminum Company,NASDAQ,Aluminum,38.82,40.65,43.64,44.18,44.82,50.51,52.73,50.3,40.78,42.63,39.48,38.27,4.7,5.58,2.17,1799908.7,1836211.4333333333,71281728.0,81132696.0,0.6,-1.29,3842919812.3984776,-14.14,326,-13.44,270,-19.79,351,-15.79,-2.4,-11.04,1.6,0.56,25.4,0.31,31.11,False,False,False,False,False,False,True,True,False,True,False,True,False,False,False,False,2026-11-09,False,False,4,"thin RVOL, below 200-MA",ADR,4,https://www.tradingview.com/chart/?symbol=NASDAQ:CENX&interval=D,False,False,False
WEN,Wendy's Company (The),NASDAQ,Restaurants,6.73,7.12,7.61,8.0,7.81,7.59,7.44,7.62,7.09,7.45,6.87,6.66,4.31,4.91,0.33,6358778.9,8358331.966666667,56251574.0,66831829.0,0.62,0.73,1283208666.157122,-24.21,415,-20.36,318,-3.17,286,-15.91,-2.81,-11.54,1.98,0.63,21.2,0.33,10.3,False,False,False,False,False,False,True,True,False,True,False,True,False,False,False,False,2026-11-11,False,False,4,"thin RVOL, below 200-MA",ADR,4,https://www.tradingview.com/chart/?symbol=NASDAQ:WEN&interval=D,False,False,False
DNN,Denison Mines Corp,AMEX,Other Metals/Minerals,2.82,2.92,3.16,3.22,3.12,3.22,3.41,3.39,2.95,3.07,2.91,2.82,4.69,5.59,0.16,21610483.5,25247269.233333334,71197299.0,81195218.0,0.96,-1.37,2552709391.7826085,-19.43,386,-12.69,264,-15.82,336,-15.98,-1.73,-10.82,1.45,0.57,0.0,0.347,17.35,False,False,False,False,False,True,True,True,False,True,False,True,False,False,False,False,2026-11-03,False,False,4,"thin RVOL, below 200-MA","near21, ADR",5,https://www.tradingview.com/chart/?symbol=AMEX:DNN&interval=D,False,False,False
SHAK,"Shake Shack, Inc.",NYSE,Restaurants,58.47,58.8,63.75,67.13,65.54,63.82,74.01,77.74,59.37,62.46,58.82,56.24,4.76,4.72,2.76,1440748.5,1173642.2666666666,68622863.0,78787388.0,1.05,-0.86,2502453953.757789,-23.17,410,5.66,168,-30.58,391,-16.03,-2.29,-8.28,1.35,0.93,80.6,0.354,32.38,False,False,False,False,False,True,True,False,False,True,False,False,False,False,False,False,2026-10-29,False,False,3,"LoD>60% ATR, thin RVOL, below 200-MA",near21,3,https://www.tradingview.com/chart/?symbol=NYSE:SHAK&interval=D,False,False,False
PII,Polaris Inc.,NYSE,Recreational Products,52.94,55.96,59.14,61.61,65.61,66.49,63.34,64.5,55.9,58.82,53.6,52.01,4.29,4.59,2.43,912601.7,811001.5333333333,42934421.0,49963101.0,0.87,-1.32,3012472548.51436,-17.28,362,-26.45,349,-6.12,297,-16.62,-4.21,-10.49,2.18,0.66,38.3,0.248,19.88,False,False,False,False,False,False,True,True,False,True,False,True,False,False,False,False,2026-10-27,False,False,4,"thin RVOL, below 200-MA",ADR,4,https://www.tradingview.com/chart/?symbol=NYSE:PII&interval=D,False,False,False
LEU,Centrus Energy Corp.,NYSE,Other Metals/Minerals,151.31,150.46,164.27,170.96,171.87,175.41,183.07,204.61,154.58,161.56,156.0,150.4,6.08,7.19,10.88,927137.2,705407.7999999989,106735254.0,120597458.0,0.57,-1.16,3094759762.2382307,-17.68,368,-12.28,259,-19.94,353,-16.63,-1.66,-7.89,0.88,0.51,8.4,0.388,35.79,False,False,False,False,False,True,True,True,False,True,False,True,False,False,False,False,2026-11-11,False,False,4,"thin RVOL, below 200-MA","near21, ADR",5,https://www.tradingview.com/chart/?symbol=NYSE:LEU&interval=D,False,False,False
AN,"AutoNation, Inc.",NYSE,Specialty Stores,165.05,186.2,195.33,197.57,202.69,197.41,196.96,200.49,181.43,190.77,170.3,164.7,5.05,4.65,7.68,752342.9,499012.5,82362013.0,98587904.0,0.62,0.18,5456686094.856435,-19.96,391,-15.3,287,-14.76,333,-16.67,-3.99,-15.5,2.9,0.73,4.6,0.32,9.99,False,False,False,False,False,False,True,True,False,True,False,True,False,False,False,False,2026-10-22,False,False,4,"thin RVOL, below 200-MA",ADR,4,https://www.tradingview.com/chart/?symbol=NYSE:AN&interval=D,False,False,False
IBP,"Installed Building Products, Inc.",NYSE,Engineering & Construction,202.79,201.93,218.96,227.45,229.28,224.6,246.92,258.11,206.86,215.39,210.51,202.17,4.68,4.82,9.77,550751.3,379636.6666666667,76986520.0,86348233.0,0.57,-1.79,5389991539.802774,-18.09,372,-9.59,242,-22.89,371,-16.86,-2.4,-7.38,1.21,0.85,6.3,0.34,27.7,False,False,False,False,False,True,True,False,False,True,False,True,False,False,False,False,2026-11-11,False,False,4,"thin RVOL, below 200-MA",near21,4,https://www.tradingview.com/chart/?symbol=NYSE:IBP&interval=D,False,False,False
FOUR,"Shift4 Payments, Inc.",NYSE,Miscellaneous Commercial Services,38.46,41.51,42.52,43.92,46.26,44.87,45.59,49.99,40.79,42.48,39.24,37.5,6.43,6.79,2.61,2290595.0,2022786.1333333333,77796355.0,88842116.0,1.08,-0.18,3036805942.1310472,-19.35,385,-11.61,256,-19.86,352,-16.94,-2.49,-9.54,1.39,0.67,36.8,0.217,22.05,False,False,False,False,False,True,True,True,False,True,False,True,False,False,False,False,2026-11-11,False,False,4,"thin RVOL, below 200-MA","near21, ADR",5,https://www.tradingview.com/chart/?symbol=NYSE:FOUR&interval=D,False,False,False
NKTR,Nektar Therapeutics,NASDAQ,Pharmaceuticals: Major,57.66,66.39,69.99,71.48,71.25,69.72,72.01,65.43,65.72,68.6,61.0,56.92,5.68,5.81,3.35,1488746.0999999996,887683.6666666666,51183840.0,63453108.0,1.31,-0.93,1968685068.8610792,-21.02,399,-11.35,255,-18.85,346,-17.07,-3.29,-17.62,2.75,1.22,22.1,0.264,11.41,False,False,False,False,False,False,False,False,False,False,True,True,False,False,True,False,2026-11-05,False,False,4,"thin RVOL, below 200-MA",RVOL,2,https://www.tradingview.com/chart/?symbol=NASDAQ:NKTR&interval=D,False,False,False
NNE,Nano Nuclear Energy Inc.,NASDAQ,Electrical Products,17.01,16.52,17.36,17.93,17.6,20.9,21.75,24.09,16.89,17.26,17.44,16.75,5.66,6.76,1.15,2222910.2,1883666.2,32041162.0,33776019.0,0.72,-0.69,913405395.969977,-9.62,280,-24.4,343,-17.98,340,-17.33,-0.49,-2.0,0.22,0.6,22.6,0.244,44.52,False,False,False,False,True,True,True,True,False,True,False,True,False,False,False,False,2026-12-17,False,False,4,"thin RVOL, below 200-MA","near21, ADR",6,https://www.tradingview.com/chart/?symbol=NASDAQ:NNE&interval=D,False,False,False
ALM,Almonty Industries Inc.,NASDAQ,Other Metals/Minerals,13.62,14.49,16.3,16.36,15.11,16.57,17.26,15.49,14.72,15.43,13.97,13.4,8.03,8.74,1.19,6481818.0,6539807.533333333,89072179.0,107009781.0,0.75,-3.9,3929107829.7114983,-27.17,429,-18.88,308,-6.13,298,-17.39,-1.13,-16.45,1.34,0.48,18.5,0.479,20.37,False,False,False,False,False,True,True,True,False,True,False,True,False,False,False,False,2026-11-17,False,True,3,"thin RVOL, below 200-MA, large gap","near21, ADR",5,https://www.tradingview.com/chart/?symbol=NASDAQ:ALM&interval=D,False,False,False
NN,NextNav Inc.,NASDAQ,Packaged Software,14.39,14.96,15.2,16.19,15.28,17.41,17.39,17.0,15.01,15.31,15.4,14.29,6.33,7.26,1.05,2403329.8,2407003.2,34636776.0,38966574.0,0.57,0.46,2429174535.1559033,-16.58,353,-14.35,282,-22.45,369,-17.79,-0.8,-5.35,0.83,1.06,9.2,0.113,16.99,False,False,False,False,False,True,False,False,False,True,True,True,False,False,False,False,2026-11-05,False,False,4,"thin RVOL, below 200-MA",near21,3,https://www.tradingview.com/chart/?symbol=NASDAQ:NN&interval=D,False,False,False
AESI,Atlas Energy Solutions Inc.,NYSE,Oilfield Services/Equipment,11.52,13.21,13.2,12.93,12.6,14.85,14.18,13.31,12.9,13.0,11.9,11.46,6.21,6.8,0.78,2904656.3,2973977.3,34260218.0,38466414.0,1.25,-0.92,1440039814.08,-7.32,246,-27.59,355,-18.53,342,-17.81,-1.26,-12.75,1.68,0.56,7.7,0.219,19.52,False,False,False,False,False,False,True,True,False,True,False,True,False,False,True,False,2026-11-02,False,False,4,"thin RVOL, below 200-MA","ADR, RVOL",4,https://www.tradingview.com/chart/?symbol=NYSE:AESI&interval=D,False,False,False
CHWY,"Chewy, Inc.",NYSE,Internet Retail,18.55,20.52,21.88,22.37,22.35,21.57,23.04,25.05,20.53,21.42,19.71,18.5,5.59,5.55,1.03,11397908.8,8830049.133333333,163797411.0,197513482.0,1.41,0.2,7455750418.621566,-22.35,406,-0.91,198,-30.63,393,-17.96,-3.06,-15.21,2.41,1.17,4.9,0.294,24.39,False,False,False,False,False,False,False,False,False,False,True,True,False,False,True,False,2026-12-03,False,False,4,"thin RVOL, below 200-MA",RVOL,2,https://www.tradingview.com/chart/?symbol=NYSE:CHWY&interval=D,False,False,False
ZG,"Zillow Group, Inc.",NASDAQ,Internet Software/Services,29.35,31.71,33.44,34.3,34.03,34.78,37.78,44.32,31.63,32.84,31.43,29.33,4.74,5.3,1.56,1014835.4,956485.6,28072852.0,32811760.0,1.45,-0.76,6490983488.866732,-20.68,396,-3.77,210,-29.48,389,-17.98,-2.59,-12.23,2.0,1.35,1.3,0.26,42.96,False,False,False,False,False,False,False,False,False,False,True,True,False,False,True,False,2026-11-04,False,False,4,"thin RVOL, below 200-MA",RVOL,2,https://www.tradingview.com/chart/?symbol=NASDAQ:ZG&interval=D,False,False,False
AAP,Advance Auto Parts Inc.,NYSE,Specialty Stores,41.1,42.77,42.94,45.61,49.69,53.35,53.49,51.8,42.47,44.09,42.68,40.9,4.1,5.08,2.09,1719479.4,2341944.566666667,96253922.0,106823898.0,1.18,-0.94,2482440053.9521804,-4.53,218,-28.82,364,-20.72,359,-18.02,-3.4,-4.29,1.33,0.85,9.6,0.096,26.1,False,False,False,False,False,True,True,False,True,True,False,True,False,False,False,False,2026-11-18,False,False,4,"thin RVOL, below 200-MA","near21, BB",5,https://www.tradingview.com/chart/?symbol=NYSE:AAP&interval=D,False,False,False
UEC,Uranium Energy Corp.,AMEX,Other Metals/Minerals,9.95,10.23,11.17,11.35,10.82,11.67,12.51,13.17,10.36,10.77,10.19,9.86,5.25,6.14,0.61,9038915.6,8370318.233333333,83284666.0,95039383.0,0.67,-1.55,4923980099.704742,-21.72,401,-10.52,248,-22.33,366,-18.19,-1.31,-10.93,1.25,0.53,13.9,0.39,29.57,False,False,False,False,False,True,True,True,False,True,False,True,False,False,False,False,2026-09-29,False,False,4,"thin RVOL, below 200-MA","near21, ADR",5,https://www.tradingview.com/chart/?symbol=AMEX:UEC&interval=D,False,False,False
SFM,"Sprouts Farmers Market, Inc.",NASDAQ,Food Retail,66.07,70.84,75.45,77.69,78.71,81.17,79.5,78.49,70.84,74.18,69.8,65.88,4.6,4.92,3.25,2003965.5,1746147.9333333333,115367994.0,135655905.0,1.19,0.19,6160870760.757569,-19.07,381,-21.58,324,-14.28,331,-18.31,-3.26,-12.44,2.22,1.2,5.8,0.293,15.63,False,False,False,False,False,False,False,False,False,False,True,True,False,False,False,False,2026-11-04,False,False,4,"thin RVOL, below 200-MA",,2,https://www.tradingview.com/chart/?symbol=NASDAQ:SFM&interval=D,False,False,False
LUNR,"Intuitive Machines, Inc.",NASDAQ,Aerospace & Defense,15.24,14.65,14.96,16.02,15.16,21.3,21.2,20.11,15.03,15.2,16.21,15.11,5.98,7.11,1.08,8025320.5,8608970.366666667,131200708.0,137878400.0,0.9,-0.55,3488802678.716749,-13.7,323,-20.83,320,-20.5,357,-18.35,0.08,1.86,0.03,1.02,12.0,0.201,43.66,False,True,False,False,True,True,False,False,False,True,True,True,False,False,False,False,2026-11-18,False,False,4,"thin RVOL, below 200-MA",near21,5,https://www.tradingview.com/chart/?symbol=NASDAQ:LUNR&interval=D,False,False,False
LGN,Legence Corp.,NASDAQ,Engineering & Construction,52.92,54.21,54.29,57.11,60.78,72.76,68.62,63.11,54.28,55.62,54.22,52.43,4.8,5.72,3.03,937272.9,984493.2333333333,52099382.0,56227690.0,0.56,-1.49,5719354224.061936,-10.62,295,-34.17,397,-10.32,320,-18.37,-2.26,-2.53,0.85,0.59,16.1,0.136,35.06,False,False,False,False,True,True,True,True,False,True,False,True,False,False,False,False,2026-11-13,False,False,4,"thin RVOL, below 200-MA","near21, ADR",6,https://www.tradingview.com/chart/?symbol=NASDAQ:LGN&interval=D,False,False,False
ASTS,"AST SpaceMobile, Inc.",NASDAQ,Specialty Telecommunications,59.98,60.46,60.71,63.13,62.76,74.4,78.51,81.65,61.06,61.75,63.79,59.92,6.07,7.02,4.21,9676283.4,9703556.3,582019307.0,612543460.0,0.88,-0.3,23342265885.299732,-10.14,287,-12.77,266,-32.94,402,-18.62,-0.63,-1.21,0.41,0.92,1.4,0.149,35.33,False,False,False,False,True,True,True,False,False,True,False,True,False,True,False,False,2026-11-16,False,False,5,below 200-MA,near21,5,https://www.tradingview.com/chart/?symbol=NASDAQ:ASTS&interval=D,False,False,False
RSI,"Rush Street Interactive, Inc.",NYSE,Casinos/Gaming,20.56,24.29,25.34,25.36,27.0,27.92,25.8,23.97,23.52,24.79,20.87,19.92,5.78,6.12,1.26,3823829.6,2676677.3,55032485.0,67880536.0,2.75,-2.21,4765259999.457116,-20.53,394,-31.97,385,-3.36,288,-18.62,-3.9,-18.85,2.79,0.75,50.8,0.305,19.2,False,False,False,False,False,False,True,False,False,False,False,True,True,True,True,False,2026-11-04,False,True,4,"below 200-MA, large gap",RVOL,3,https://www.tradingview.com/chart/?symbol=NYSE:RSI&interval=D,False,False,False
SEDG,"SolarEdge Technologies, Inc.",NASDAQ,Electrical Products,33.35,35.24,34.44,33.34,37.16,46.85,45.38,42.13,34.89,34.87,36.3,32.9,8.29,8.26,2.76,3785477.7,3069061.6333333333,102353205.0,102328653.0,0.89,-0.28,2051883712.58592,10.42,89,-34.17,396,-32.6,400,-18.78,-1.24,-3.16,0.53,1.23,16.3,0.165,37.21,False,False,False,False,False,True,False,False,False,True,True,True,False,False,False,False,2026-11-11,False,False,4,"thin RVOL, below 200-MA",near21,3,https://www.tradingview.com/chart/?symbol=NASDAQ:SEDG&interval=D,False,False,False
Z,"Zillow Group, Inc.",NASDAQ,Internet Software/Services,28.65,31.09,32.72,33.6,33.52,34.44,37.56,44.36,31.0,32.19,30.9,28.6,4.79,5.38,1.54,4002838.3,3543994.0,101535428.0,119072292.0,2.09,-1.23,6467195619.731825,-19.68,387,-6.19,222,-30.61,392,-18.83,-2.7,-12.44,2.05,1.5,3.2,0.251,46.31,False,False,False,False,False,False,False,False,False,False,True,True,True,True,True,False,2026-11-04,False,False,5,below 200-MA,RVOL,2,https://www.tradingview.com/chart/?symbol=NASDAQ:Z&interval=D,False,False,False
EYE,"National Vision Holdings, Inc.",NASDAQ,Specialty Stores,16.36,16.74,16.98,17.56,19.11,18.77,21.2,22.81,16.71,17.24,16.82,16.02,4.87,5.25,0.86,2905244.3,2487824.5,40700809.0,43691589.0,0.84,-0.72,1293573991.4289157,-9.41,279,-6.99,228,-40.47,420,-18.96,-2.74,-3.66,0.97,0.93,39.6,0.137,37.11,False,False,False,False,False,True,True,False,False,True,False,True,False,False,False,False,2026-11-11,False,False,4,"thin RVOL, below 200-MA",near21,4,https://www.tradingview.com/chart/?symbol=NASDAQ:EYE&interval=D,False,False,False
TPL,Texas Pacific Land Corporation,NYSE,Investment Trusts/Mutual Funds,335.74,357.83,363.91,364.18,376.82,385.6,417.83,395.55,356.04,362.1,358.94,335.0,4.34,4.75,15.94,495568.29999999964,400433.26666666655,134441465.0,145829520.0,0.9,0.77,23157557768.213657,-11.08,299,-10.61,251,-35.81,410,-19.17,-2.3,-7.74,1.53,1.5,4.6,0.117,17.87,False,False,False,False,False,False,False,False,False,False,True,True,False,True,False,False,2026-11-04,False,False,5,below 200-MA,,2,https://www.tradingview.com/chart/?symbol=NYSE:TPL&interval=D,False,False,False
HYMC,Hycroft Mining Holding Corporation,NASDAQ,Precious Metals,21.26,21.13,22.33,23.7,22.86,26.25,30.66,30.54,21.58,22.28,21.78,20.8,6.08,7.86,1.67,2426510.2,2105243.8666666616,44757485.0,49898841.0,0.77,-4.05,1981042537.2260907,-21.9,405,-4.88,214,-30.77,394,-19.18,-0.89,-4.78,0.58,0.59,27.8,0.279,44.84,False,False,False,False,False,True,True,False,False,True,False,True,False,False,False,False,2026-11-03,False,True,3,"thin RVOL, below 200-MA, large gap",near21,4,https://www.tradingview.com/chart/?symbol=NASDAQ:HYMC&interval=D,False,False,False
LAC,Lithium Americas Corp.,NYSE,Other Metals/Minerals,2.9,2.9,2.98,3.05,3.02,3.82,4.05,4.33,2.93,2.98,2.96,2.87,4.5,5.29,0.15,9779802.7,9869119.666666666,28620447.0,30051469.0,0.63,-1.67,1052824468.4123222,-7.5,249,-26.77,351,-24.28,378,-19.52,-0.76,-2.85,0.49,0.56,19.5,0.155,49.12,False,False,False,False,True,True,True,True,False,True,False,True,False,False,False,False,2026-11-13,False,False,4,"thin RVOL, below 200-MA","near21, ADR",6,https://www.tradingview.com/chart/?symbol=NYSE:LAC&interval=D,False,False,False
KTOS,"Kratos Defense & Security Solutions, Inc.",NASDAQ,Aerospace & Defense,46.16,47.33,48.54,52.23,51.68,53.48,62.09,70.09,47.6,49.12,47.92,46.08,4.62,5.4,2.49,4088076.5,3500438.6666666665,161580249.0,182836079.0,0.72,0.0,8665216759.770065,-17.81,369,-2.62,204,-38.34,417,-19.59,-1.98,-4.91,1.11,0.74,3.2,0.172,49.3,False,False,False,False,False,True,True,False,False,True,False,True,False,False,False,False,2026-10-29,False,False,4,"thin RVOL, below 200-MA",near21,4,https://www.tradingview.com/chart/?symbol=NASDAQ:KTOS&interval=D,False,False,False
CRI,"Carter's, Inc.",NYSE,Apparel/Footwear Retail,29.77,29.99,31.45,33.29,35.58,37.08,36.88,36.38,30.47,31.81,31.17,29.69,4.54,4.61,1.37,1810453.5,1449158.6333333333,43141453.0,48244423.0,0.67,1.0,1092892013.0466626,-16.21,349,-30.82,375,-12.6,326,-19.87,-3.55,-5.34,1.39,1.08,5.8,0.204,23.81,False,False,False,False,False,True,False,False,False,True,True,True,False,False,False,False,2026-10-23,False,False,4,"thin RVOL, below 200-MA",near21,3,https://www.tradingview.com/chart/?symbol=NYSE:CRI&interval=D,False,False,False
CELC,Celcuity Inc.,NASDAQ,Medical Specialties,79.99,83.14,88.03,89.26,88.94,100.67,105.25,105.33,84.04,86.61,85.05,79.4,4.62,5.25,4.2,925793.0,843850.2666666667,67499583.0,75320950.0,0.8,0.99,3914063222.1927466,-14.42,329,-16.17,293,-29.15,387,-19.91,-1.91,-9.13,1.45,1.34,14.0,0.246,27.74,False,False,False,False,False,True,False,False,False,True,True,True,False,False,False,False,2026-11-18,False,False,4,"thin RVOL, below 200-MA",near21,3,https://www.tradingview.com/chart/?symbol=NASDAQ:CELC&interval=D,False,False,False
FMC,FMC Corporation,NYSE,Chemicals: Agricultural,9.9,10.75,11.42,11.15,11.07,11.7,12.93,13.37,10.7,11.02,10.49,9.88,6.38,6.28,0.62,3830394.9,3245282.433333333,32128296.0,36176245.0,0.8,-1.47,1239745652.497635,-10.41,289,-13.84,277,-36.05,411,-20.1,-1.68,-13.31,1.62,0.98,3.2,0.357,26.37,False,False,False,False,False,False,True,False,False,False,False,True,False,False,False,False,2026-10-29,False,False,4,"thin RVOL, below 200-MA",,3,https://www.tradingview.com/chart/?symbol=NYSE:FMC&interval=D,False,False,False
OKLO,Oklo Inc.,NYSE,Industrial Machinery,38.82,38.1,39.54,40.76,41.47,51.05,54.06,61.59,39.03,39.77,40.37,38.76,5.7,7.01,2.72,11841842.0,9932484.5,385579048.0,404828203.0,0.61,-0.59,7221205480.584919,-5.63,229,-30.13,372,-24.65,379,-20.14,-0.91,-1.83,0.34,0.59,2.2,0.222,60.51,False,False,False,False,True,True,True,True,False,True,False,True,False,False,False,False,2026-11-18,False,False,4,"thin RVOL, below 200-MA","near21, ADR",6,https://www.tradingview.com/chart/?symbol=NYSE:OKLO&interval=D,False,False,False
MAIR,Madison Air Solutions Corporation,NYSE,Industrial Machinery,25.26,24.33,25.3,26.37,28.88,34.18,,,24.69,25.58,25.55,24.67,4.24,5.28,1.33,2812497.2,2910025.466666667,73507243.0,76726701.0,0.93,-0.92,12673512538.191616,-3.0,201,-36.55,401,-21.06,361,-20.2,-2.37,-0.15,0.24,0.66,44.2,0.198,38.99,False,False,False,False,True,True,True,False,False,True,False,True,False,True,False,False,2026-12-02,False,False,5,below 200-MA,near21,5,https://www.tradingview.com/chart/?symbol=NYSE:MAIR&interval=D,False,False,False
ENPH,"Enphase Energy, Inc.",NASDAQ,Electrical Products,33.07,35.51,36.28,37.16,38.1,44.25,42.51,41.21,35.18,36.26,34.71,32.73,5.64,5.79,1.92,4401616.3,4099230.566666667,135561555.0,152329457.0,1.27,0.38,4370022948.111564,-13.04,319,-31.73,382,-15.96,337,-20.24,-2.28,-8.86,1.52,1.03,17.7,0.16,26.45,False,False,False,False,False,False,False,False,False,False,True,True,False,False,True,False,2026-10-27,False,False,4,"thin RVOL, below 200-MA",RVOL,2,https://www.tradingview.com/chart/?symbol=NASDAQ:ENPH&interval=D,False,False,False
FICO,Fair Isaac Corporation,NYSE,Financial Publishing/Services,879.62,955.95,1016.09,1049.75,1099.01,1140.05,1143.48,1255.89,951.86,1000.52,916.05,875.45,4.78,5.4,47.47,391430.5,367001.06666666665,322821478.0,385260471.0,1.19,-0.49,18997711529.6015,-24.86,420,-21.98,328,-14.05,330,-20.3,-3.7,-13.43,2.24,0.86,8.8,0.352,34.1,False,False,False,False,False,False,True,False,False,False,False,True,False,True,False,False,2026-11-11,False,False,5,below 200-MA,,3,https://www.tradingview.com/chart/?symbol=NYSE:FICO&interval=D,False,False,False
HUBG,"Hub Group, Inc.",NASDAQ,Air Freight/Couriers,31.4,33.48,35.64,37.14,41.43,42.3,41.32,42.21,33.33,35.5,32.27,31.22,4.91,5.31,1.67,1502327.4,1366671.0,42913469.0,50761350.0,0.51,0.22,1920220253.568309,-23.17,411,-27.37,353,-11.87,324,-20.8,-4.56,-11.89,2.17,0.63,10.5,0.308,28.1,False,False,False,False,False,False,True,True,False,True,False,True,False,False,False,False,2026-10-22,False,False,4,"thin RVOL, below 200-MA",ADR,4,https://www.tradingview.com/chart/?symbol=NASDAQ:HUBG&interval=D,False,False,False
UAA,"Under Armour, Inc.",NYSE,Apparel/Footwear,4.53,4.9,4.99,5.08,5.77,5.85,6.06,5.97,4.85,5.04,4.74,4.52,4.33,4.77,0.22,10493849.6,8337163.566666666,37767351.0,42388919.0,1.04,-0.21,1924158187.810127,-16.42,352,-25.49,346,-22.43,368,-21.45,-4.51,-9.19,2.13,1.02,4.6,0.132,25.71,False,False,False,False,False,False,False,False,False,False,True,True,False,False,False,False,2026-11-05,False,False,4,"thin RVOL, below 200-MA",,2,https://www.tradingview.com/chart/?symbol=NYSE:UAA&interval=D,False,False,False
NXT,Nextpower Inc.,NASDAQ,Electronic Equipment/Instruments,81.81,81.6,83.09,86.58,92.17,108.48,110.49,108.07,82.2,84.37,84.06,81.49,4.55,5.2,4.26,2396624.7,2094577.9,171357418.0,181343667.0,0.72,0.44,12412991747.26418,-4.54,219,-29.88,369,-30.32,390,-21.58,-2.16,-1.54,0.58,0.6,7.5,0.119,35.31,False,False,False,False,True,True,True,True,False,True,False,True,False,True,False,False,2026-10-22,False,False,5,below 200-MA,"near21, ADR",6,https://www.tradingview.com/chart/?symbol=NASDAQ:NXT&interval=D,False,False,False
LPTH,"LightPath Technologies, Inc.",NASDAQ,Electronic Components,9.81,9.68,10.22,11.44,11.43,12.76,12.54,12.05,9.96,10.44,10.14,9.76,6.07,8.63,0.85,3363834.2,3494786.2333333334,34283853.0,39962881.0,0.6,-0.49,687055559.8256159,-29.53,435,-26.41,348,-9.0,312,-21.64,-1.64,-3.97,0.69,0.45,5.9,0.471,31.37,False,False,False,False,False,True,True,True,False,True,False,True,False,False,False,False,2026-11-05,False,False,4,"thin RVOL, below 200-MA","near21, ADR",5,https://www.tradingview.com/chart/?symbol=NASDAQ:LPTH&interval=D,False,False,False
FTAI,FTAI Aviation Ltd.,NASDAQ,Aerospace & Defense,186.01,186.27,190.05,197.24,203.68,226.85,236.43,235.84,188.89,192.49,191.9,185.64,4.39,5.05,9.4,1512998.2000000016,1307292.100000002,243169404.0,257849422.0,0.94,-1.06,19104546788.692627,-10.4,288,-32.94,389,-22.02,364,-21.79,-1.72,-2.13,0.67,0.67,3.9,0.149,26.97,False,False,False,False,True,True,True,False,False,True,False,True,False,True,False,False,2026-11-03,False,False,5,below 200-MA,near21,5,https://www.tradingview.com/chart/?symbol=NASDAQ:FTAI&interval=D,False,False,False
QNT,Quantinuum Inc.,NASDAQ,Computer Processing Hardware,50.11,50.62,50.34,53.66,54.32,,,,50.91,51.67,56.9,49.85,6.43,7.46,3.74,2063149.1,1820889.1,91244753.0,97700715.0,1.32,8.13,13194370791.455147,-8.89,270,-31.0,378,-26.31,383,-22.07,-1.04,-0.46,0.41,1.89,7.0,0.151,7.94,False,False,False,False,True,True,False,False,False,True,True,True,False,True,True,False,2026-12-02,False,True,4,"below 200-MA, large gap","near21, RVOL",4,https://www.tradingview.com/chart/?symbol=NASDAQ:QNT&interval=D,False,False,False
EROC,"ERock, Inc.",NYSE,Electrical Products,12.52,12.38,12.36,13.12,12.26,,,,12.6,12.57,13.05,12.41,8.14,9.2,1.15,3138072.9,3198639.8,40046970.0,41965088.0,0.46,-0.12,2746888980.717069,-10.44,290,-18.49,304,-37.71,414,-22.21,0.23,1.29,0.04,0.56,9.6,0.246,1.0,False,True,False,False,True,True,True,True,False,True,False,True,False,False,False,True,2026-12-02,False,False,4,"thin RVOL, below 200-MA","near21, ADR",8,https://www.tradingview.com/chart/?symbol=NYSE:EROC&interval=D,False,False,False
ENOV,Enovis Corporation,NYSE,Medical Specialties,18.24,18.3,20.01,21.89,24.23,23.88,23.82,24.1,18.64,20.11,18.56,17.86,6.0,6.63,1.21,2264312.4999999995,1648371.0333333334,30066288.0,36077897.0,0.51,-0.54,1051891477.6639477,-30.59,438,-15.91,290,-21.72,363,-22.74,-3.73,-8.87,1.4,0.58,31.4,0.51,32.51,False,False,False,False,False,True,True,True,False,True,False,True,False,False,False,False,2026-11-11,False,False,4,"thin RVOL, below 200-MA","near21, ADR",5,https://www.tradingview.com/chart/?symbol=NYSE:ENOV&interval=D,False,False,False
EOSE,"Eos Energy Enterprises, Inc.",NASDAQ,Electrical Products,3.58,3.94,3.76,3.77,3.81,5.32,5.71,7.79,3.89,3.86,3.99,3.56,8.81,9.35,0.33,24548670.0,25142222.6,90009157.0,94840654.0,1.3,-1.72,1303720545.0,-2.98,200,-41.79,417,-23.54,374,-22.77,-0.65,-4.7,0.78,1.28,6.0,0.371,112.76,False,False,False,False,False,True,False,False,False,True,True,True,False,False,True,False,2026-11-11,False,False,4,"thin RVOL, below 200-MA","near21, RVOL",3,https://www.tradingview.com/chart/?symbol=NASDAQ:EOSE&interval=D,False,False,False
WHR,Whirlpool Corporation,NYSE,Electronics/Appliances,32.93,33.47,36.28,37.78,38.49,40.07,46.34,54.98,33.88,35.67,33.64,32.66,4.49,4.93,1.62,3257230.6,2479715.2666666666,81657024.0,93678683.0,0.58,-0.95,2147015637.5637665,-17.68,367,-13.52,271,-38.04,416,-23.08,-2.93,-9.24,1.56,0.6,16.6,0.34,65.34,False,False,False,False,False,False,True,True,False,True,False,True,False,False,False,False,2026-10-15,False,False,4,"thin RVOL, below 200-MA",ADR,4,https://www.tradingview.com/chart/?symbol=NYSE:WHR&interval=D,False,False,False
FTFT,Future FinTech Group Inc.,NASDAQ,Finance/Rental/Leasing,4.44,5.04,3.49,3.35,3.77,9.61,13.9,21.97,4.58,4.1,6.13,3.79,36.17,31.66,1.41,23139889.3,11012660.6,48896213.0,36851226.0,0.2,-3.23,35864063.55223881,66.14,2,-59.01,441,-77.35,447,-23.4,0.56,27.05,0.26,1.66,46.2,2.286,416.0,False,False,False,False,False,True,False,False,False,True,True,True,False,False,False,False,,False,True,3,"thin RVOL, below 200-MA, large gap",near21,3,https://www.tradingview.com/chart/?symbol=NASDAQ:FTFT&interval=D,True,False,False
QS,QuantumScape Corporation,NASDAQ,Electrical Products,4.91,5.1,5.32,5.54,5.57,6.62,6.68,7.59,5.12,5.3,5.08,4.9,4.42,5.35,0.26,11099244.9,14101778.666666666,69239733.0,78112102.0,0.96,-0.4,3039847498.900991,-15.49,339,-31.95,384,-23.04,372,-23.49,-2.22,-7.76,1.39,0.69,3.8,0.202,50.8,False,False,False,False,False,True,True,False,False,True,False,True,False,False,False,False,2026-10-28,False,False,4,"thin RVOL, below 200-MA",near21,4,https://www.tradingview.com/chart/?symbol=NASDAQ:QS&interval=D,False,False,False
LMND,"Lemonade, Inc.",NYSE,Multi-Line Insurance,44.36,48.29,50.42,50.98,53.71,56.46,57.66,62.94,48.1,49.86,47.29,44.32,4.81,5.29,2.35,1108979.8,1015977.6333333333,45068768.0,51793185.0,1.99,-1.17,3433313701.548333,-16.66,355,-23.56,337,-31.75,399,-23.99,-3.29,-12.02,2.08,1.27,1.7,0.213,33.01,False,False,False,False,False,False,False,False,False,False,True,True,True,True,True,False,2026-11-10,False,False,5,below 200-MA,RVOL,2,https://www.tradingview.com/chart/?symbol=NYSE:LMND&interval=D,False,False,False
AMPX,"Amprius Technologies, Inc.",NYSE,Electrical Products,9.73,9.48,9.7,10.14,10.24,13.34,14.51,13.5,9.64,9.82,10.16,9.7,4.64,5.83,0.57,4410489.4,4664476.466666667,45385356.0,47302456.0,1.2,-0.5,1421364439.8146293,-4.61,220,-24.34,342,-43.03,425,-23.99,-0.86,0.29,0.16,0.83,6.2,0.154,51.68,False,False,False,False,True,True,True,False,False,True,False,True,False,False,False,False,2026-11-05,False,False,4,"thin RVOL, below 200-MA",near21,5,https://www.tradingview.com/chart/?symbol=NYSE:AMPX&interval=D,False,False,False
TTD,"The Trade Desk, Inc.",NASDAQ,Packaged Software,12.68,14.07,14.01,13.86,15.37,17.9,19.88,23.51,13.79,14.1,13.17,12.58,4.96,5.4,0.68,32473895.399999995,23541717.666666675,298508980.0,326248971.0,0.9,-0.15,5958085840.60091,-3.65,208,-27.58,354,-41.32,423,-24.19,-3.24,-9.49,1.87,0.86,14.6,0.181,74.93,False,False,False,False,False,False,True,False,False,False,False,True,False,False,False,False,2026-11-05,False,False,4,"thin RVOL, below 200-MA",,3,https://www.tradingview.com/chart/?symbol=NASDAQ:TTD&interval=D,False,False,False
LBRT,Liberty Energy Inc.,NYSE,Oilfield Services/Equipment,18.27,19.36,19.74,19.95,20.22,24.69,26.15,24.88,19.15,19.62,18.95,17.77,4.89,5.41,0.99,3681198.9,3434926.8,62756113.0,68534804.0,1.25,0.5,2981507421.8464527,-4.04,215,-30.77,374,-38.59,418,-24.47,-1.79,-7.43,1.28,1.19,50.5,0.208,37.16,False,False,False,False,False,True,False,False,False,True,True,True,False,False,True,False,2026-10-21,False,False,4,"thin RVOL, below 200-MA","near21, RVOL",3,https://www.tradingview.com/chart/?symbol=NYSE:LBRT&interval=D,False,False,False
BOOT,"Boot Barn Holdings, Inc.",NYSE,Apparel/Footwear Retail,124.49,130.29,140.92,148.12,151.26,157.08,160.32,167.96,130.66,138.78,128.68,123.63,4.76,5.0,6.22,853864.9,662222.6,82440091.0,98089074.0,0.53,-1.43,3770160125.253403,-25.54,424,-29.69,367,-18.48,341,-24.57,-3.54,-11.66,2.06,0.81,13.8,0.358,30.26,False,False,False,False,False,False,True,False,False,False,False,True,False,False,False,False,2026-11-04,False,False,4,"thin RVOL, below 200-MA",,3,https://www.tradingview.com/chart/?symbol=NYSE:BOOT&interval=D,False,False,False
JOBY,"Joby Aviation, Inc.",NYSE,Aerospace & Defense,6.25,6.26,6.56,6.94,7.21,8.49,8.73,9.89,6.35,6.61,6.44,6.22,4.35,5.01,0.31,26444672.1,25156068.066666666,157225425.0,174457332.0,0.65,-0.16,6211715371.70031,-16.11,348,-32.87,388,-25.24,380,-24.74,-2.66,-4.66,1.1,0.7,9.6,0.206,58.09,False,False,False,False,False,True,True,False,False,True,False,True,False,False,False,False,2026-11-11,False,False,4,"thin RVOL, below 200-MA",near21,4,https://www.tradingview.com/chart/?symbol=NYSE:JOBY&interval=D,False,False,False
BLDR,"Builders FirstSource, Inc.",NYSE,Home Improvement Chains,59.16,59.38,62.18,65.09,68.05,72.57,78.34,87.33,60.05,62.39,60.72,59.13,4.28,4.69,2.77,5322095.2,3085535.6333333333,182540288.0,200824144.0,0.34,-1.59,6365405918.340069,-16.42,351,-31.28,379,-27.3,385,-25.0,-2.79,-4.86,1.11,0.58,1.1,0.215,47.25,False,False,False,False,False,True,True,True,False,True,False,True,False,False,False,False,2026-10-29,False,False,4,"thin RVOL, below 200-MA","near21, ADR",5,https://www.tradingview.com/chart/?symbol=NYSE:BLDR&interval=D,False,False,False
QXO,"QXO, Inc.",NYSE,Wholesale Distributors,12.28,11.97,12.66,13.12,13.67,15.26,17.35,18.76,12.22,12.65,12.77,12.23,4.15,5.02,0.62,20648834.3,16765803.166666666,205884063.0,219984103.0,1.03,-0.63,12740385808.491392,-10.5,291,-28.6,362,-36.6,413,-25.23,-2.03,-3.02,0.58,0.88,8.1,0.257,55.32,False,False,False,False,False,True,True,False,False,True,False,True,False,True,False,False,2026-11-17,False,False,5,below 200-MA,near21,4,https://www.tradingview.com/chart/?symbol=NYSE:QXO&interval=D,False,False,False
NAMS,NewAmsterdam Pharma Company N.V.,NASDAQ,Pharmaceuticals: Major,22.68,22.24,23.9,25.07,26.73,30.09,30.74,31.59,22.83,23.9,23.32,22.08,6.6,6.19,1.4,2142803.4,1518008.6,34428435.0,38049898.0,1.05,-0.04,2711102988.9519725,-18.42,376,-30.82,376,-26.74,384,-25.33,-2.45,-5.1,0.82,0.88,42.8,0.32,41.23,False,False,False,False,False,True,True,False,False,True,False,True,False,False,False,False,2026-11-11,False,False,4,"thin RVOL, below 200-MA",near21,4,https://www.tradingview.com/chart/?symbol=NASDAQ:NAMS&interval=D,False,False,False
PUMP,ProPetro Holding Corp.,NYSE,Oilfield Services/Equipment,9.8,10.5,10.93,11.17,11.41,13.33,13.56,12.78,10.44,10.83,10.22,9.76,5.3,5.77,0.57,4549393.8,3319471.2666666666,32530818.0,37075175.0,0.91,0.7,1203674320.6380858,-12.26,308,-30.74,373,-33.51,404,-25.51,-2.44,-10.38,1.64,0.8,6.2,0.239,31.22,False,False,False,False,False,False,True,False,False,False,False,True,False,False,False,False,2026-11-04,False,False,4,"thin RVOL, below 200-MA",,3,https://www.tradingview.com/chart/?symbol=NYSE:PUMP&interval=D,False,False,False
ALB,Albemarle Corporation,NYSE,Chemicals: Specialty,113.47,114.67,123.83,127.49,124.59,143.93,155.42,156.18,116.41,121.05,115.08,112.31,4.14,4.67,5.29,2693248.9,2372125.433333333,269165073.0,302416737.0,0.81,-2.25,13390034313.638357,-20.79,397,-20.87,321,-35.04,408,-25.57,-1.91,-8.36,1.34,0.52,22.0,0.32,36.58,False,False,False,False,False,True,True,True,False,True,False,True,False,True,False,False,2026-11-04,False,True,4,"below 200-MA, large gap","near21, ADR",5,https://www.tradingview.com/chart/?symbol=NYSE:ALB&interval=D,False,False,False
XE,"X-Energy, Inc.",NASDAQ,Industrial Machinery,16.38,15.72,16.91,17.85,17.54,20.57,,,16.26,16.84,16.48,15.74,7.34,8.64,1.41,7836651.4,6600874.266666667,108122320.0,117830006.0,0.8,-1.16,6656276699.977995,-13.33,322,-15.83,289,-48.84,433,-26.0,-0.77,-3.11,0.31,0.52,45.2,0.315,29.59,False,False,False,False,False,True,True,True,False,True,False,True,False,False,False,False,2026-12-02,False,False,4,"thin RVOL, below 200-MA","near21, ADR",5,https://www.tradingview.com/chart/?symbol=NASDAQ:XE&interval=D,False,False,False
CHTR,"Charter Communications, Inc.",NASDAQ,Cable/Satellite TV,116.61,132.46,141.05,144.35,142.75,141.92,167.74,178.25,129.77,137.01,120.65,112.65,5.99,6.17,7.19,3269542.0,2967624.1,346054646.0,428364668.0,1.36,-0.43,20420182178.21175,-21.8,403,-10.9,252,-46.63,429,-26.44,-2.97,-17.33,2.41,1.11,55.1,0.343,39.27,False,False,False,False,False,False,False,False,False,False,True,True,False,True,True,False,2026-10-30,False,False,5,below 200-MA,RVOL,2,https://www.tradingview.com/chart/?symbol=NASDAQ:CHTR&interval=D,False,False,False
UUUU,Energy Fuels Inc,AMEX,Other Metals/Minerals,11.6,12.22,13.48,13.91,13.27,15.06,16.66,17.27,12.38,13.02,12.0,11.58,5.17,6.5,0.75,7972328.0,6843461.8,79384157.0,95206241.0,0.89,-1.4,3071373377.7924213,-23.03,409,-24.03,338,-33.29,403,-26.78,-1.93,-13.94,1.67,0.56,2.7,0.408,43.5,False,False,False,False,False,False,True,True,False,True,False,True,False,False,False,False,2026-10-30,False,False,4,"thin RVOL, below 200-MA",ADR,4,https://www.tradingview.com/chart/?symbol=AMEX:UUUU&interval=D,False,False,False
TRIP,"TripAdvisor, Inc.",NASDAQ,Other Consumer Services,8.04,8.82,9.14,9.55,11.15,11.5,11.15,11.79,8.77,9.28,8.48,8.02,4.77,5.21,0.42,5003140.4,3780876.3,30398245.0,36090985.0,1.22,-1.17,942282720.8701754,-19.84,388,-38.06,406,-22.84,370,-26.91,-5.35,-12.05,2.57,1.1,4.8,0.199,36.91,False,False,False,False,False,False,False,False,False,False,True,True,False,False,True,False,2026-11-09,False,False,4,"thin RVOL, below 200-MA",RVOL,2,https://www.tradingview.com/chart/?symbol=NASDAQ:TRIP&interval=D,False,False,False
FRMI,Fermi Inc.,NASDAQ,Real Estate Development,4.82,5.04,5.1,5.46,5.82,6.36,6.59,7.36,5.04,5.24,5.09,4.81,6.53,7.94,0.38,17957607.2,18007187.633333333,86794644.0,98325247.0,0.75,-2.14,3087052528.536965,-17.47,365,-43.76,423,-19.67,349,-26.96,-2.16,-5.54,1.0,0.74,2.6,0.245,48.06,False,False,False,False,False,True,True,False,False,True,False,True,False,False,False,False,2026-11-17,False,True,3,"thin RVOL, below 200-MA, large gap",near21,4,https://www.tradingview.com/chart/?symbol=NASDAQ:FRMI&interval=D,False,False,False
RUN,Sunrun Inc.,NASDAQ,Semiconductors,8.35,8.54,8.7,8.98,9.6,11.61,12.24,13.9,8.61,8.83,8.77,8.32,4.63,5.62,0.47,7764039.5,7360149.966666667,61457252.0,66117454.0,1.19,-0.57,2011072315.1080775,-7.94,256,-42.33,419,-31.5,397,-27.26,-2.33,-4.07,0.97,0.96,6.4,0.125,64.2,False,False,False,False,False,True,True,False,False,True,False,True,False,False,False,False,2026-11-04,False,False,4,"thin RVOL, below 200-MA",near21,4,https://www.tradingview.com/chart/?symbol=NASDAQ:RUN&interval=D,False,False,False
LASR,"nLIGHT, Inc.",NASDAQ,Semiconductors,40.98,39.52,40.64,43.42,52.87,61.67,62.71,57.75,40.26,42.37,41.52,39.76,4.14,6.13,2.51,865269.1,1186863.7333333334,48637676.0,51539558.0,0.74,-1.7,2364144316.427184,-12.19,307,-37.05,404,-34.94,407,-28.06,-3.67,0.83,0.53,0.7,48.5,0.177,56.57,False,False,False,False,True,True,True,False,False,True,False,True,False,False,False,False,2026-10-29,False,False,4,"thin RVOL, below 200-MA",near21,5,https://www.tradingview.com/chart/?symbol=NASDAQ:LASR&interval=D,False,False,False
BROS,Dutch Bros Inc.,NYSE,Restaurants,38.43,41.13,44.5,46.52,52.93,56.76,55.24,56.33,41.07,44.28,39.03,37.72,4.23,4.9,1.88,4937534.6,4245093.166666667,163138930.0,197488809.0,0.95,-0.08,6713943445.848298,-23.87,413,-42.6,421,-19.09,347,-28.52,-5.59,-13.65,2.7,0.7,37.7,0.356,40.67,False,False,False,False,False,False,True,False,False,False,False,True,False,False,False,False,2026-11-11,False,False,4,"thin RVOL, below 200-MA",,3,https://www.tradingview.com/chart/?symbol=NYSE:BROS&interval=D,False,False,False
CAR,"Avis Budget Group, Inc.",NASDAQ,Finance/Rental/Leasing,105.67,116.63,127.88,132.5,140.21,153.29,167.5,156.96,116.99,125.15,110.75,104.95,5.22,5.85,6.19,514797.9,374442.5,39567339.0,49614006.0,0.87,-0.65,3732872357.087441,-27.82,432,-39.53,411,-20.07,355,-29.14,-4.21,-17.37,2.66,0.94,11.6,0.386,48.14,False,False,False,False,False,False,True,False,False,False,False,True,False,False,False,False,2026-11-02,False,False,4,"thin RVOL, below 200-MA",,3,https://www.tradingview.com/chart/?symbol=NASDAQ:CAR&interval=D,False,False,False
WING,Wingstop Inc.,NASDAQ,Restaurants,97.88,105.97,108.36,110.99,119.13,134.38,155.59,181.55,104.8,108.76,102.22,97.84,6.29,6.57,6.43,1512293.7,1245737.6666666667,121932803.0,138269822.0,1.15,-1.35,2666500338.9220552,-15.07,335,-38.1,407,-36.12,412,-29.77,-2.72,-9.67,1.52,0.68,0.6,0.184,77.22,False,False,False,False,False,False,True,True,False,True,False,True,False,False,False,False,2026-11-04,False,False,4,"thin RVOL, below 200-MA",ADR,4,https://www.tradingview.com/chart/?symbol=NASDAQ:WING&interval=D,False,False,False
PLNT,"Planet Fitness, Inc.",NYSE,Other Consumer Services,41.0,48.28,49.85,50.55,51.82,52.1,59.86,70.16,47.12,49.09,42.73,40.56,4.84,5.18,2.12,2989681.8,2148488.2,88088016.0,108595336.0,2.03,0.21,3096851755.5633802,-24.3,417,-22.67,334,-45.38,426,-30.78,-4.03,-17.75,3.18,1.02,20.7,0.241,53.38,False,False,False,False,False,False,False,False,False,False,True,True,True,True,True,False,2026-11-10,False,False,5,below 200-MA,RVOL,2,https://www.tradingview.com/chart/?symbol=NYSE:PLNT&interval=D,False,False,False
UAMY,United States Antimony Corporation,NYSE,Other Metals/Minerals,4.6,4.73,4.92,5.06,5.33,6.84,7.71,7.6,4.78,4.96,4.75,4.56,5.19,7.34,0.34,5097364.4,7062975.133333334,32489686.0,35722174.0,0.78,-1.67,688479211.25,-14.02,325,-31.45,380,-47.49,431,-30.98,-1.87,-6.41,0.98,0.56,11.9,0.212,64.72,False,False,False,False,False,True,True,False,False,True,False,True,False,False,False,False,2026-11-18,False,False,4,"thin RVOL, below 200-MA",near21,4,https://www.tradingview.com/chart/?symbol=NYSE:UAMY&interval=D,False,False,False
MTZ,"MasTec, Inc.",NYSE,Engineering & Construction,217.52,223.29,232.15,246.76,271.38,329.98,328.98,305.68,223.81,235.58,225.01,213.93,5.09,6.02,13.1,1627637.0,1574484.3333333333,342481832.0,388516080.0,0.65,0.04,17467932241.745144,-17.91,370,-45.84,428,-29.34,388,-31.03,-3.29,-6.3,1.27,0.85,27.4,0.198,49.05,False,False,False,False,False,True,True,False,False,True,False,True,False,True,False,False,2026-10-29,False,False,5,below 200-MA,near21,4,https://www.tradingview.com/chart/?symbol=NYSE:MTZ&interval=D,False,False,False
STUB,"StubHub Holdings, Inc.",NYSE,Internet Software/Services,5.31,5.87,6.12,6.49,7.44,8.85,8.41,9.54,5.86,6.26,5.71,5.28,5.86,6.68,0.35,7318294.0,7542953.066666666,40053081.0,48986452.0,1.22,-0.52,2028897637.275261,-20.39,393,-52.8,435,-20.51,358,-31.23,-4.28,-13.2,2.27,1.2,7.0,0.213,69.12,False,False,False,False,False,False,False,False,False,False,True,True,False,False,True,False,2026-11-12,False,False,4,"thin RVOL, below 200-MA",RVOL,2,https://www.tradingview.com/chart/?symbol=NYSE:STUB&interval=D,False,False,False
TE,T1 Energy Inc.,NYSE,Electrical Products,4.04,4.33,4.48,4.54,4.86,6.51,6.34,6.55,4.33,4.49,4.33,4.03,6.93,9.52,0.38,17108480.4,20559511.633333333,83060427.0,93388155.0,1.23,-0.69,1189685225.8623853,-6.26,236,-54.14,437,-34.31,406,-31.57,-1.76,-9.86,1.05,0.78,2.6,0.245,55.14,False,False,False,False,False,True,True,False,False,True,False,True,False,False,True,False,2026-11-11,False,False,4,"thin RVOL, below 200-MA","near21, RVOL",4,https://www.tradingview.com/chart/?symbol=NYSE:TE&interval=D,False,False,False
INIO,INNIO N.V.,NASDAQ,Electrical Products,19.99,19.58,20.3,21.96,23.88,,,,20.01,20.9,20.23,18.83,6.62,8.18,1.64,6616901.0,4621163.366666666,92377056.0,101476126.0,1.05,-1.18,14992500176.231672,-11.86,303,-47.93,431,-35.52,409,-31.77,-1.99,-1.51,0.53,0.86,70.9,0.27,21.53,False,False,False,False,True,True,True,False,False,True,False,False,False,True,False,False,2026-12-02,False,False,4,"LoD>60% ATR, below 200-MA",near21,4,https://www.tradingview.com/chart/?symbol=NASDAQ:INIO&interval=D,False,False,False
CAVA,"CAVA Group, Inc.",NYSE,Restaurants,53.1,52.51,57.72,62.28,63.15,71.26,75.55,72.29,53.66,57.15,53.52,51.76,4.11,5.1,2.71,4630807.5,3534021.6,187656547.0,220083551.0,0.68,-1.18,6202409102.0224085,-28.24,434,-36.04,400,-31.68,398,-31.99,-3.12,-8.01,1.39,0.65,49.5,0.411,43.39,False,False,False,False,False,True,True,False,False,True,False,True,False,False,False,False,2026-11-10,False,False,4,"thin RVOL, below 200-MA",near21,4,https://www.tradingview.com/chart/?symbol=NYSE:CAVA&interval=D,False,False,False
PZZA,"Papa John's International, Inc.",NASDAQ,Restaurants,20.15,20.55,21.72,22.42,25.41,29.61,31.23,32.82,20.69,21.81,20.32,19.86,4.08,4.33,0.87,1645881.7,1360063.5333333334,27405280.0,30490811.0,0.51,-0.54,663372002.1372548,-16.91,356,-44.03,424,-38.0,415,-32.98,-4.78,-7.25,1.76,0.52,32.7,0.243,60.92,False,False,False,False,False,False,True,True,False,True,False,True,False,False,False,False,2026-10-29,False,False,4,"thin RVOL, below 200-MA",ADR,4,https://www.tradingview.com/chart/?symbol=NASDAQ:PZZA&interval=D,False,False,False
AGX,"Argan, Inc.",NYSE,Engineering & Construction,374.4,388.37,406.27,448.08,500.16,594.34,571.18,514.91,389.62,418.49,378.76,362.47,5.5,6.57,24.59,473080.9,407897.3333333333,152716762.0,182772541.0,0.5,-0.28,5252772628.4800005,-24.56,419,-49.81,433,-25.95,382,-33.44,-3.83,-7.84,1.6,0.66,48.5,0.235,55.01,False,False,False,False,False,False,True,False,False,False,False,True,False,False,False,False,2026-12-09,False,False,4,"thin RVOL, below 200-MA",,3,https://www.tradingview.com/chart/?symbol=NYSE:AGX&interval=D,False,False,False
UTI,Universal Technical Institute Inc,NYSE,Miscellaneous Commercial Services,20.42,20.65,21.06,22.1,28.1,34.6,35.09,33.1,20.83,22.06,20.66,19.81,5.4,6.88,1.4,2195359.7,1854723.8333333333,37873461.0,40992488.0,0.93,-0.44,1125044590.2969131,-7.98,257,-47.73,430,-45.56,427,-33.76,-3.97,-3.03,1.08,0.6,43.4,0.106,70.69,False,False,False,False,False,True,True,False,False,True,False,True,False,False,False,False,2026-11-25,False,False,4,"thin RVOL, below 200-MA",near21,4,https://www.tradingview.com/chart/?symbol=NYSE:UTI&interval=D,False,False,False
LCID,"Lucid Group, Inc.",NASDAQ,Motor Vehicles,4.16,4.19,4.46,4.93,5.78,5.79,6.88,7.95,4.28,4.6,4.28,4.09,6.15,8.34,0.35,12378781.399999976,11335399.633333342,47155262.0,55847625.0,0.85,-1.16,1639332057.0370371,-24.36,418,-19.54,313,-57.72,440,-33.87,-3.36,-6.74,1.16,0.55,20.2,0.292,90.48,False,False,False,False,False,True,True,True,False,True,False,True,False,False,False,False,2026-11-10,False,False,4,"thin RVOL, below 200-MA","near21, ADR",5,https://www.tradingview.com/chart/?symbol=NASDAQ:LCID&interval=D,False,False,False
KNF,Knife Riv Holding Co.,NYSE,Construction Materials,51.43,55.5,59.09,61.37,66.96,74.1,77.66,77.29,55.74,58.83,55.87,50.66,4.27,4.9,2.52,1124580.2,907393.9333333333,46667270.0,55682834.0,1.83,-1.61,2919342680.0965605,-22.38,407,-44.09,425,-38.86,419,-35.11,-4.73,-12.96,2.57,2.07,30.4,0.282,43.08,False,False,False,False,False,False,False,False,False,False,True,True,True,True,True,False,2026-11-09,False,False,5,below 200-MA,RVOL,2,https://www.tradingview.com/chart/?symbol=NYSE:KNF&interval=D,False,False,False
XENE,Xenon Pharmaceuticals Inc.,NASDAQ,Pharmaceuticals: Major,36.56,50.04,55.26,57.55,60.51,58.59,56.9,53.32,47.28,52.89,39.51,36.07,5.36,7.9,2.89,3233722.4,1515757.9666666666,55416111.0,87225303.0,1.07,1.07,3540486179.0677924,-39.84,443,-34.01,395,-34.05,405,-35.97,-5.01,-33.84,3.91,1.19,17.0,0.616,28.64,False,False,False,False,False,False,False,False,False,False,True,True,False,False,False,False,2026-11-11,False,False,4,"thin RVOL, below 200-MA",,2,https://www.tradingview.com/chart/?symbol=NASDAQ:XENE&interval=D,False,False,False
FRVO,Fervo Energy Company,NASDAQ,Alternative Power Generation,16.35,16.0,16.54,17.03,19.7,,,,16.44,17.02,16.66,15.98,7.16,9.09,1.49,4846462.9,6395536.633333334,104567024.0,108884011.0,0.57,-0.55,4819378398.567518,-3.65,209,-50.09,434,-54.58,439,-36.11,-1.87,-1.14,0.43,0.46,24.9,0.32,22.59,False,False,False,False,True,True,True,True,False,True,False,True,False,False,False,False,2026-12-02,False,False,4,"thin RVOL, below 200-MA","near21, ADR",6,https://www.tradingview.com/chart/?symbol=NASDAQ:FRVO&interval=D,False,False,False
IONS,"Ionis Pharmaceuticals, Inc.",NASDAQ,Pharmaceuticals: Major,43.93,47.92,53.83,55.64,55.27,65.09,68.55,71.63,47.89,51.66,46.41,43.01,5.79,5.52,2.42,4972036.8,3423770.2333333334,150406226.0,190512271.0,0.72,1.05,7300477448.3816395,-27.43,430,-42.72,422,-40.64,421,-36.93,-3.72,-18.39,2.71,1.4,38.1,0.503,53.98,False,False,False,False,False,False,False,False,False,False,True,True,False,False,False,False,2026-11-04,False,False,4,"thin RVOL, below 200-MA",,2,https://www.tradingview.com/chart/?symbol=NASDAQ:IONS&interval=D,False,False,False
YSS,York Space Systems Inc.,NYSE,Aerospace & Defense,9.61,8.56,8.7,9.21,11.75,20.06,22.46,,9.0,9.29,10.04,9.53,7.22,8.97,0.86,5350410.6,4026061.0,38690446.0,37081364.0,0.55,-1.21,1320006563.1523714,4.23,134,-61.58,442,-54.06,438,-37.14,-2.03,10.48,0.38,0.59,9.3,0.308,144.58,False,False,False,False,False,True,True,True,False,True,False,True,False,False,False,False,2026-12-02,False,False,4,"thin RVOL, below 200-MA","near21, ADR",5,https://www.tradingview.com/chart/?symbol=NYSE:YSS&interval=D,False,False,False
OPEN,Opendoor Technologies Inc,NASDAQ,Real Estate Development,2.58,2.68,2.93,3.13,3.47,4.09,4.4,4.8,2.72,2.93,2.75,2.56,5.18,6.72,0.17,36339405.8,36447054.96666667,94033402.0,113969941.0,0.98,-0.36,2505414937.978261,-25.99,426,-40.14,414,-46.36,428,-37.5,-3.82,-11.83,1.78,1.1,11.5,0.377,82.16,False,False,False,False,False,False,False,False,False,False,True,True,False,False,False,False,2026-11-05,False,False,4,"thin RVOL, below 200-MA",,2,https://www.tradingview.com/chart/?symbol=NASDAQ:OPEN&interval=D,False,False,False
RCAT,"Red Cat Holdings, Inc.",NASDAQ,Packaged Software,6.59,7.32,7.94,8.61,8.46,9.6,10.91,11.01,7.27,7.83,6.94,6.57,6.8,8.1,0.53,11340156.3,8602535.933333334,56690712.0,74043461.0,1.1,0.0,1006387611.1296829,-29.59,436,-31.85,383,-52.93,435,-38.12,-2.72,-17.01,1.96,0.69,3.7,0.383,55.9,False,False,False,False,False,False,True,False,False,False,False,True,False,False,False,False,2026-11-12,False,False,4,"thin RVOL, below 200-MA",,3,https://www.tradingview.com/chart/?symbol=NASDAQ:RCAT&interval=D,False,False,False
PL,Planet Labs PBC,NYSE,Packaged Software,16.38,16.52,17.9,19.66,20.64,28.26,29.08,27.27,16.93,18.09,17.02,16.31,6.34,6.52,1.07,9592596.2,9400426.966666667,153978994.0,184853129.0,0.74,-0.35,5959829907.750443,-24.97,422,-38.21,408,-51.8,434,-38.32,-3.16,-8.5,1.45,0.66,6.6,0.377,76.72,False,False,False,False,False,True,True,True,False,True,False,True,False,False,False,False,2026-12-14,False,False,4,"thin RVOL, below 200-MA","near21, ADR",5,https://www.tradingview.com/chart/?symbol=NYSE:PL&interval=D,False,False,False
RARE,Ultragenyx Pharmaceutical Inc.,NASDAQ,Pharmaceuticals: Major,14.88,14.24,17.88,20.62,23.17,25.0,24.16,24.83,15.23,17.55,15.5,14.54,5.95,9.45,1.41,6841026.4,5140677.566666666,76493282.0,105989633.0,0.85,-1.38,1467002436.057637,-42.21,445,-49.58,432,-25.6,381,-39.13,-3.79,-16.78,1.61,0.68,24.2,1.195,72.29,False,False,False,False,False,False,True,False,False,False,False,True,False,False,False,False,2026-11-04,False,False,4,"thin RVOL, below 200-MA",,3,https://www.tradingview.com/chart/?symbol=NASDAQ:RARE&interval=D,False,False,False
HTZ,"Hertz Global Holdings, Inc",NASDAQ,Finance/Rental/Leasing,1.74,1.9,2.05,2.11,2.01,3.26,3.88,4.23,1.9,1.99,1.84,1.74,5.98,8.31,0.14,12872611.0,22297610.833333332,38797843.0,47159447.0,0.96,-1.08,620225471.7405404,-22.67,408,-40.21,415,-60.81,441,-41.23,-1.61,-14.92,1.53,0.68,0.0,0.34,134.11,False,False,False,False,False,False,True,False,False,False,False,True,False,False,False,False,2026-10-22,False,False,4,"thin RVOL, below 200-MA",,3,https://www.tradingview.com/chart/?symbol=NASDAQ:HTZ&interval=D,False,False,False
KRMN,Karman Holdings Inc.,NYSE,Aerospace & Defense,33.05,35.16,38.57,44.78,47.21,51.23,63.72,69.96,35.74,39.37,34.0,32.48,7.19,8.09,2.67,4878535.5,3254785.1,107570648.0,145757956.0,0.81,-0.48,4380239005.0044775,-37.56,442,-26.8,352,-61.58,442,-41.98,-3.71,-14.3,1.98,0.57,21.3,0.46,105.29,False,False,False,False,False,False,True,True,False,True,False,True,False,False,False,False,2026-11-05,False,False,4,"thin RVOL, below 200-MA",ADR,4,https://www.tradingview.com/chart/?symbol=NYSE:KRMN&interval=D,False,False,False
BW,"Babcock & Wilcox Enterprises, Inc.",NYSE,Electronic Equipment/Instruments,6.64,7.19,7.25,7.83,8.58,12.36,12.94,11.63,7.18,7.51,7.29,6.61,6.75,9.44,0.63,4606335.1,4970638.333333333,33005039.0,38920098.0,1.43,-1.77,989128001.6566758,-18.53,377,-55.14,438,-53.24,437,-42.3,-2.4,-8.47,1.23,1.08,4.8,0.179,86.58,False,False,False,False,False,True,False,False,False,True,True,True,False,False,True,False,2026-11-11,False,False,4,"thin RVOL, below 200-MA","near21, RVOL",3,https://www.tradingview.com/chart/?symbol=NYSE:BW&interval=D,False,False,False
CAPR,"Capricor Therapeutics, Inc.",NASDAQ,Pharmaceuticals: Major,8.67,8.8,9.16,8.3,9.52,18.65,22.73,23.44,8.91,8.9,9.36,8.52,7.06,10.64,0.92,2771590.2,8715548.833333334,75563808.0,72328887.0,1.15,-0.86,504065038.10171306,7.97,105,-70.51,446,-70.73,443,-44.42,-0.84,-5.34,0.24,0.91,16.3,0.236,168.85,False,False,False,False,False,True,True,False,False,True,False,True,False,False,False,False,2026-11-17,False,False,4,"thin RVOL, below 200-MA",near21,4,https://www.tradingview.com/chart/?symbol=NASDAQ:CAPR&interval=D,False,False,False
SOC,Sable Offshore Corp.,NYSE,Integrated Oil,4.15,4.62,4.68,4.62,4.59,7.67,9.72,9.49,4.5,4.62,4.44,4.15,7.79,8.86,0.37,8360911.8,8914086.066666666,36993457.0,41186049.0,0.93,0.46,796258759.1183296,-17.17,360,-47.2,429,-76.79,446,-47.05,-1.07,-11.24,1.14,0.79,0.0,0.213,123.74,False,False,False,False,False,True,True,False,False,True,False,True,False,False,False,False,2026-11-12,False,False,4,"thin RVOL, below 200-MA",near21,4,https://www.tradingview.com/chart/?symbol=NYSE:SOC&interval=D,False,False,False
FLNC,"Fluence Energy, Inc.",NASDAQ,Electrical Products,7.58,8.46,9.57,10.41,11.81,16.11,15.66,17.49,8.34,9.47,7.71,7.39,6.51,9.65,0.73,10932866.0,7564062.866666666,57335597.0,78749459.0,1.11,3.44,1399240484.704264,-31.9,439,-62.33,443,-48.65,432,-47.62,-3.71,-20.83,2.07,0.44,26.6,0.571,119.17,False,False,False,False,False,False,True,True,False,True,False,True,False,False,False,False,2026-11-30,False,True,3,"thin RVOL, below 200-MA, large gap",ADR,4,https://www.tradingview.com/chart/?symbol=NASDAQ:FLNC&interval=D,False,False,False
XNDU,Xanadu Quantum Technologies Limited,NASDAQ,Computer Processing Hardware,5.33,7.45,8.73,9.39,9.9,11.91,12.66,12.21,7.29,8.35,6.0,5.3,9.59,12.68,0.68,6791297.9,3229933.2,17215544.0,30337686.0,3.4,3.63,1622416354.4723182,-49.0,446,-55.95,440,-46.7,430,-50.55,-3.64,-38.96,2.85,1.04,5.2,0.7,97.85,False,False,False,False,False,False,False,False,False,False,True,True,True,True,True,False,2026-12-02,False,True,4,"below 200-MA, large gap",RVOL,2,https://www.tradingview.com/chart/?symbol=NASDAQ:XNDU&interval=D,False,False,False
ALHC,"Alignment Healthcare, Inc.",NASDAQ,Managed Health Care,7.86,9.86,11.69,12.25,14.34,16.67,17.59,18.42,9.55,11.14,8.13,7.63,10.5,10.64,0.84,15788297.1,8064880.333333333,63389959.0,98761180.0,0.92,-0.88,1630440233.2565708,-40.59,444,-63.97,444,-53.19,436,-52.58,-4.25,-32.78,2.77,0.6,27.5,0.795,108.88,False,False,False,False,False,False,True,True,False,True,False,True,False,False,False,False,2026-10-29,False,False,4,"thin RVOL, below 200-MA",ADR,4,https://www.tradingview.com/chart/?symbol=NASDAQ:ALHC&interval=D,False,False,False
EYPT,"EyePoint, Inc.",NASDAQ,Pharmaceuticals: Major,3.72,3.95,4.28,5.48,8.37,10.82,12.06,13.01,4.04,4.88,4.18,3.7,8.99,14.97,0.56,4302483.499999995,6170123.5,22952859.0,33832844.0,0.46,0.74,320709185.6609337,-28.05,433,-74.11,447,-71.27,444,-57.81,-3.71,-12.99,1.59,0.86,2.7,0.368,243.47,False,False,False,False,False,False,True,False,False,False,False,True,False,False,False,False,2026-11-04,False,False,4,"thin RVOL, below 200-MA",,3,https://www.tradingview.com/chart/?symbol=NASDAQ:EYPT&interval=D,False,False,False
ALMS,Alumis Inc.,NASDAQ,Pharmaceuticals: Major,7.44,8.37,11.87,16.03,20.7,22.3,23.32,22.28,8.89,12.13,8.07,7.31,9.75,16.87,1.26,3856119.6,3610799.433333333,26864348.0,57895558.0,0.68,-0.99,993203871.5067818,-68.59,447,-69.61,445,-71.4,445,-69.87,-3.8,-37.31,2.29,0.61,10.4,1.875,201.0,False,False,False,False,False,False,True,False,False,False,False,True,False,False,False,False,2026-11-12,False,False,4,"thin RVOL, below 200-MA",,3,https://www.tradingview.com/chart/?symbol=NASDAQ:ALMS&interval=D,False,False,False
