name,description,exchange,industry,close,SMA10,SMA20,SMA30,SMA50,SMA100,SMA150,SMA200,EMA10,EMA21,high,low,ADRP,ATRP,atr_abs,average_volume_10d_calc,average_volume_30d_calc,dollar_volume_30d,average_dollar_volume_30d,rvol,gap_pct,market_cap_basic,Perf.1M,perf_1m_rank,Perf.3M,perf_3m_rank,Perf.6M,perf_6m_rank,momentum_score,atr_extension_from_50d,sma20_distance_pct,ema21_atr_dist,day_range_atr,lod_atr_pct,bb_width,ma_spread_pct,above_all_mas,ma_aligned,ema_aligned,above_sma200,near_sma20,near_ema,range_tight,adr_tight,bb_tight,plan_tight,wide_day,lod_ok,rvol_ok,rvol_pass,rvol_expand,ma_coiled,earnings_date,earnings_soon,large_gap,hard_rule_passes,hard_rule_fails,tightness_flags,focus_score,tradingview_url,is_top_1m,is_top_3m,is_top_6m
USDE,StablecoinX Inc.,NASDAQ,Packaged Software,13.82,15.12,12.09,10.63,7.58,7.08,8.73,9.78,14.15,12.42,13.92,12.8,12.52,12.38,1.71,4070414.6,5527827.6,76394577.0,58756201.0,0.5,-5.44,375726122.2302861,75.6,4,564.42,1,25.64,142,221.89,6.64,14.31,0.91,0.65,59.6,1.221,58.21,False,False,False,True,False,True,True,True,False,True,False,True,False,False,False,False,,False,True,3,">4x 50-MA, thin RVOL, large gap","near21, ADR",6,https://www.tradingview.com/chart/?symbol=NASDAQ:USDE&interval=D,True,True,False
QMCO,Quantum Corporation,NASDAQ,Computer Peripherals,31.07,32.21,28.32,26.81,23.1,17.24,13.67,11.88,31.49,29.01,33.39,30.4,9.73,8.48,2.63,2443073.1,1587416.7666666666,49321039.0,42563670.0,0.54,-2.9,1224468739.9166417,26.97,33,188.22,3,422.18,2,212.46,4.07,9.72,0.84,1.13,25.4,0.58,65.43,False,False,False,True,False,True,False,False,False,True,True,True,False,False,False,False,2026-11-13,False,True,3,">4x 50-MA, thin RVOL, large gap",near21,4,https://www.tradingview.com/chart/?symbol=NASDAQ:QMCO&interval=D,False,True,True
CYPH,Cypherpunk Technologies Inc.,NASDAQ,Financial Conglomerates,3.05,3.35,3.13,2.76,2.0,1.4,1.21,1.13,3.19,2.99,3.09,2.93,15.68,14.33,0.44,16828142.5,16678190.433333334,50868481.0,46048484.0,0.45,-8.9,328681361.9938651,37.39,17,357.55,2,196.12,10,197.02,3.67,-2.58,0.15,0.37,27.4,0.709,72.76,False,False,False,True,True,True,True,True,False,True,False,True,False,False,False,False,2026-11-16,False,True,4,"thin RVOL, large gap","near21, ADR",7,https://www.tradingview.com/chart/?symbol=NASDAQ:CYPH&interval=D,True,True,True
MXL,"MaxLinear, Inc",NASDAQ,Semiconductors,107.36,97.24,86.58,78.58,75.18,82.03,67.17,54.97,98.18,89.3,113.13,104.56,6.41,6.39,6.87,3206791.4,2810623.1333333333,301748500.0,220868135.0,0.89,-3.59,9736820495.322231,78.29,3,18.39,90,434.79,1,177.16,6.69,24.0,3.16,1.25,40.8,0.619,39.37,True,True,True,True,False,False,False,False,False,False,True,True,False,False,False,False,2026-10-22,False,True,3,">4x 50-MA, thin RVOL, large gap",EMA,6,https://www.tradingview.com/chart/?symbol=NASDAQ:MXL&interval=D,True,False,True
CDNA,"CareDx, Inc.",NASDAQ,Medical Specialties,63.04,64.87,59.04,56.12,52.0,39.61,32.74,29.45,63.59,59.85,65.1,61.38,6.19,5.51,3.48,1790830.3,1371722.1,86473361.0,76984702.0,0.94,-3.77,3261325427.6344256,26.97,34,126.84,6,277.71,3,143.84,3.85,6.77,0.97,1.07,47.7,0.419,56.19,False,False,False,True,False,True,False,False,False,True,True,True,False,False,False,False,2026-11-10,False,True,4,"thin RVOL, large gap",near21,4,https://www.tradingview.com/chart/?symbol=NASDAQ:CDNA&interval=D,False,True,True
SDEV,Stablecoin Development Corporation,AMEX,Pharmaceuticals: Major,2.78,3.13,2.05,1.67,1.42,1.33,1.37,6.39,3.16,2.43,3.31,2.66,44.37,40.5,1.13,69355936.8,23593048.3,65588674.0,39320017.0,0.38,0.62,143868775.6676923,215.91,1,81.7,13,78.21,63,125.27,2.36,35.86,0.35,0.58,10.7,3.17,182.22,False,False,False,False,False,True,True,True,False,True,False,True,False,False,False,False,2026-11-05,False,False,4,"thin RVOL, below 200-MA","near21, ADR",5,https://www.tradingview.com/chart/?symbol=AMEX:SDEV&interval=D,True,True,False
TEAM,Atlassian Corporation,NASDAQ,Packaged Software,195.79,187.84,188.72,187.5,169.69,129.71,111.06,112.86,190.26,186.5,198.39,193.49,4.09,4.53,8.87,2548399.4,3333634.466666667,652692292.0,625057018.0,0.67,0.46,49562048524.555626,3.2,125,140.65,4,230.89,5,124.92,3.4,3.75,1.1,0.55,25.9,0.135,39.67,True,True,True,True,False,True,True,True,False,True,False,True,False,True,False,False,2026-11-05,False,False,6,,"EMA, near21, ADR",9,https://www.tradingview.com/chart/?symbol=NASDAQ:TEAM&interval=D,False,True,True
GRAL,"GRAIL, Inc.",NASDAQ,Medical Specialties,132.9,136.15,109.83,100.03,88.46,77.38,68.81,74.4,131.33,116.22,139.0,130.56,9.67,8.03,10.67,1517202.2,1266585.2,168329173.0,126697362.0,0.57,-2.39,5936142320.935315,66.29,5,89.05,9,184.46,12,113.27,6.26,21.01,1.79,0.79,21.9,1.032,50.67,False,False,True,True,False,False,True,True,False,True,False,True,False,False,False,False,2026-11-18,False,True,3,">4x 50-MA, thin RVOL, large gap","EMA, ADR",6,https://www.tradingview.com/chart/?symbol=NASDAQ:GRAL&interval=D,True,True,True
ASST,"Strive, Inc.",NASDAQ,Financial Conglomerates,28.18,29.54,29.05,27.59,22.04,18.1,16.27,15.71,29.31,28.09,28.86,27.7,5.95,6.4,1.8,6931008.5,9582124.166666666,270072170.0,264375597.0,1.25,-3.38,2750775566.168067,11.93,76,130.27,5,183.27,14,108.49,4.36,-2.98,0.05,0.64,26.9,0.141,49.08,False,False,False,True,True,True,True,True,False,True,False,True,False,False,True,False,2026-11-13,False,True,3,">4x 50-MA, thin RVOL, large gap","near21, ADR, RVOL",7,https://www.tradingview.com/chart/?symbol=NASDAQ:ASST&interval=D,False,True,True
OKTA,"Okta, Inc.",NASDAQ,Packaged Software,218.0,209.71,198.27,187.43,169.61,146.95,123.57,114.06,209.83,198.08,219.24,215.12,4.22,4.16,9.06,3285830.5,4349634.333333333,948220285.0,815258488.0,0.63,-0.08,38110924324.96456,29.47,29,52.76,31,218.67,7,100.3,6.86,9.95,2.42,0.45,31.8,0.296,43.87,True,True,True,True,False,False,True,True,False,True,False,True,False,True,False,False,2026-12-08,False,False,5,>4x 50-MA,"EMA, ADR",8,https://www.tradingview.com/chart/?symbol=NASDAQ:OKTA&interval=D,False,False,True
P,"Everpure, Inc.",NYSE,Computer Peripherals,152.66,135.61,118.95,111.86,106.49,91.1,83.13,79.82,135.96,124.14,153.46,144.47,4.34,4.22,6.44,5348729.0,6512726.766666667,994232868.0,728481052.0,0.97,-1.78,50870473128.91291,55.78,7,91.28,8,150.18,21,99.08,10.27,28.33,5.44,1.39,127.1,0.625,36.55,True,True,True,True,False,False,False,False,False,False,True,False,False,True,False,False,2026-12-02,False,False,4,"LoD>60% ATR, >4x 50-MA",EMA,5,https://www.tradingview.com/chart/?symbol=NYSE:P&interval=D,True,True,False
HPE,Hewlett Packard Enterprise Company,NYSE,Computer Processing Hardware,72.09,65.93,62.57,59.66,57.12,51.13,42.66,37.6,66.68,63.19,73.28,69.79,4.35,4.99,3.6,20090465.3,25089396.300000023,1808694579.0,1496799931.0,1.35,-0.52,95696936343.69467,33.87,22,57.11,28,188.24,11,93.08,5.25,15.21,2.82,0.97,63.9,0.298,39.3,True,True,True,True,False,False,True,False,False,False,False,False,False,True,True,False,2026-12-03,False,False,4,"LoD>60% ATR, >4x 50-MA","EMA, RVOL",6,https://www.tradingview.com/chart/?symbol=NYSE:HPE&interval=D,False,False,True
DELL,Dell Technologies Inc.,NYSE,Computer Processing Hardware,578.96,552.94,553.74,531.67,497.93,443.81,358.74,299.75,558.06,544.3,585.0,560.38,4.04,4.88,28.28,5999104.799999998,9272232.333333336,5368251632.0,4929764674.0,0.62,-1.87,368110154962.7438,12.69,70,30.45,60,215.98,8,86.37,3.33,4.55,1.3,0.87,65.7,0.136,43.87,True,True,True,True,False,True,True,False,False,True,False,False,False,True,False,False,2026-12-01,False,False,5,LoD>60% ATR,"EMA, near21",7,https://www.tradingview.com/chart/?symbol=NYSE:DELL&interval=D,False,False,True
APPS,"Digital Turbine, Inc.",NASDAQ,Packaged Software,10.63,11.1,11.3,11.13,11.24,10.09,7.89,7.11,11.06,11.15,10.75,10.28,8.1,7.78,0.83,3440180.8,2969600.3333333335,31566852.0,33043733.0,0.92,-1.79,1293903292.3536704,-1.12,154,2.51,148,250.83,4,84.07,-0.7,-5.91,0.6,0.57,42.3,0.166,39.4,False,False,False,True,False,True,True,True,False,True,False,True,False,False,False,False,2026-11-11,False,False,5,thin RVOL,"near21, ADR",6,https://www.tradingview.com/chart/?symbol=NASDAQ:APPS&interval=D,False,False,True
PENG,"Penguin Solutions, Inc.",NASDAQ,Semiconductors,72.61,58.86,55.1,53.43,54.13,58.21,47.35,40.42,60.57,57.14,76.1,65.7,4.99,5.85,4.25,5125933.1,2651662.8,192537236.0,141668621.0,6.61,4.86,3720732297.7316623,45.19,10,-12.09,215,215.7,9,82.93,5.83,31.78,4.63,2.45,162.6,0.434,25.4,True,True,True,True,False,False,False,False,False,False,True,False,True,True,True,False,2027-01-05,False,True,3,"LoD>60% ATR, >4x 50-MA, large gap","EMA, RVOL",5,https://www.tradingview.com/chart/?symbol=NASDAQ:PENG&interval=D,True,False,True
SDGR,"Schrodinger, Inc.",NASDAQ,Packaged Software,27.29,29.87,27.7,25.16,22.17,18.62,16.46,16.15,29.28,27.5,28.43,26.87,8.44,7.9,2.16,3392721.4,2523426.6,68864312.0,63485208.0,1.41,-3.77,2041445526.5522492,32.6,25,68.25,15,135.87,25,78.91,2.92,-1.47,0.1,0.72,19.5,0.585,50.31,False,False,False,True,True,True,True,True,False,True,False,True,False,False,True,False,2026-11-11,False,True,4,"thin RVOL, large gap","near21, ADR, RVOL",7,https://www.tradingview.com/chart/?symbol=NASDAQ:SDGR&interval=D,False,True,False
BAND,Bandwidth Inc.,NASDAQ,Packaged Software,57.47,61.39,57.15,54.03,51.53,56.96,46.24,38.23,59.87,57.53,60.4,57.06,7.63,7.53,4.33,813593.1,900782.4,51767965.0,48665670.0,1.0,-2.2,1849429848.1805623,21.78,41,-18.49,273,228.21,6,77.17,1.53,0.56,0.01,0.77,9.5,0.359,40.31,False,False,False,True,True,True,True,False,False,True,False,True,False,False,False,False,2026-10-29,False,True,4,"thin RVOL, large gap",near21,6,https://www.tradingview.com/chart/?symbol=NASDAQ:BAND&interval=D,False,False,True
LIFE,Ethos Technologies Inc.,NASDAQ,Packaged Software,35.0,34.41,36.02,36.83,34.37,26.39,22.79,,34.9,35.29,35.44,33.6,7.47,7.38,2.58,1612599.1,1581008.4333333333,55335295.0,58235919.0,0.55,-1.94,2231558152.7817407,-7.31,210,85.19,12,152.71,19,76.86,0.25,-2.83,0.11,0.71,54.2,0.25,37.81,False,False,False,False,True,True,True,True,False,True,False,True,False,False,False,False,2026-12-02,False,False,4,"thin RVOL, below 200-MA","near21, ADR",6,https://www.tradingview.com/chart/?symbol=NASDAQ:LIFE&interval=D,False,True,True
NTSK,"Netskope, Inc.",NASDAQ,Packaged Software,19.24,18.17,17.67,16.59,15.68,13.44,12.25,12.79,18.31,17.51,19.61,19.05,4.56,5.12,0.99,5762537.1,7001280.8,134704643.0,116176920.0,0.76,-0.81,7861227557.641547,35.97,18,66.87,17,123.72,30,75.52,4.44,8.86,1.93,0.57,19.3,0.26,30.75,True,True,True,True,False,False,True,True,False,True,False,True,False,False,False,False,2026-12-11,False,False,4,">4x 50-MA, thin RVOL","EMA, ADR",8,https://www.tradingview.com/chart/?symbol=NASDAQ:NTSK&interval=D,True,True,False
CORT,Corcept Therapeutics Incorporated,NASDAQ,Pharmaceuticals: Major,119.6,117.17,115.16,114.83,114.61,97.61,79.21,70.51,117.4,115.94,122.0,117.23,5.03,4.49,5.37,908402.7,1452547.7333333334,173724709.0,166802351.0,0.69,-0.48,12928568164.880823,8.15,96,29.7,62,182.48,15,73.44,0.97,3.86,0.7,0.89,44.1,0.106,39.01,True,True,True,True,False,True,True,False,False,True,False,True,False,True,False,False,2026-11-04,False,False,6,,"EMA, near21",8,https://www.tradingview.com/chart/?symbol=NASDAQ:CORT&interval=D,False,False,True
PLSE,"Pulse Biosciences, Inc",NASDAQ,Medical Specialties,49.09,50.37,51.63,51.39,47.91,37.45,32.04,28.26,50.22,50.43,49.93,48.13,5.86,6.66,3.27,506128.1,617385.9,30307474.0,31727873.0,0.79,-1.29,3568967193.2596984,-8.55,225,74.64,14,153.04,18,73.04,0.37,-4.93,0.4,0.55,29.3,0.151,47.62,False,False,False,True,False,True,True,True,False,True,False,True,False,False,False,False,2026-11-16,False,False,5,thin RVOL,"near21, ADR",6,https://www.tradingview.com/chart/?symbol=NASDAQ:PLSE&interval=D,False,True,True
CVI,CVR Energy Inc.,NYSE,Oil Refining/Marketing,57.38,53.61,52.65,49.47,43.72,37.67,35.7,32.74,54.49,51.71,58.92,56.81,4.73,4.72,2.71,948308.5,1134479.7,65096445.0,56126871.0,0.62,0.0,5768445730.06827,33.78,23,87.39,11,91.27,51,70.81,6.63,8.98,2.32,0.78,21.1,0.195,36.36,True,True,True,True,False,False,True,False,False,False,False,True,False,False,False,False,2026-11-02,False,False,4,">4x 50-MA, thin RVOL",EMA,7,https://www.tradingview.com/chart/?symbol=NYSE:CVI&interval=D,False,True,False
ALAB,"Astera Labs, Inc.",NASDAQ,Semiconductors,382.25,363.14,332.37,318.83,314.66,333.25,274.33,244.6,361.13,342.35,388.14,360.22,5.81,6.13,23.44,3950428.2,3949196.3,1509580286.0,1259116991.0,1.33,-3.54,66314680234.98909,33.65,24,-8.52,194,183.72,13,69.62,3.5,15.01,1.9,1.19,94.0,0.505,31.01,True,True,True,True,False,False,False,False,False,False,True,False,False,True,True,False,2026-11-03,False,True,4,"LoD>60% ATR, large gap","EMA, RVOL",5,https://www.tradingview.com/chart/?symbol=NASDAQ:ALAB&interval=D,False,False,True
RNG,"RingCentral, Inc.",NYSE,Packaged Software,76.54,77.07,75.49,73.88,69.41,55.23,50.03,44.9,76.9,75.1,78.13,76.32,4.23,4.21,3.22,1422352.5,1523200.5333333334,116585769.0,112532024.0,0.71,-0.49,6391561944.49081,1.58,136,98.91,7,107.48,40,69.32,2.44,1.39,0.45,0.56,6.8,0.172,42.02,False,False,False,True,True,True,True,True,False,True,False,True,False,False,False,False,2026-11-09,False,False,5,thin RVOL,"near21, ADR",7,https://www.tradingview.com/chart/?symbol=NYSE:RNG&interval=D,False,True,False
XMTR,"Xometry, Inc.",NASDAQ,Information Technology Services,107.8,104.11,99.0,96.6,93.32,92.12,77.66,73.14,104.63,100.64,109.48,104.68,5.11,4.95,5.33,849355.6,775366.0666666667,83584462.0,74901784.0,0.94,-2.77,6179481458.548708,14.15,64,19.88,89,162.86,17,65.63,3.14,8.89,1.44,0.9,58.5,0.314,28.73,True,True,True,True,False,True,True,False,False,True,False,True,False,False,False,False,2026-11-05,False,True,4,"thin RVOL, large gap","EMA, near21",8,https://www.tradingview.com/chart/?symbol=NASDAQ:XMTR&interval=D,False,False,True
QLYS,"Qualys, Inc.",NASDAQ,Packaged Software,194.75,186.85,181.2,179.89,178.05,151.58,130.96,128.57,189.58,184.26,199.78,190.21,4.15,4.59,8.94,616171.8,718879.8333333334,140001848.0,129319054.0,1.25,-0.8,6737376241.233182,12.89,68,29.75,61,151.58,20,64.74,2.04,7.48,1.24,1.07,50.8,0.256,29.93,True,True,True,True,False,True,False,False,False,True,True,True,False,False,True,False,2026-11-04,False,False,5,thin RVOL,"EMA, near21, RVOL",7,https://www.tradingview.com/chart/?symbol=NASDAQ:QLYS&interval=D,False,False,True
SMTC,Semtech Corporation,NASDAQ,Semiconductors,193.78,185.53,176.57,165.16,150.46,148.95,131.03,118.77,186.56,176.04,194.53,188.37,4.8,5.57,10.79,2699163.1,3362782.2333333334,651639941.0,555389828.0,0.55,-3.61,18084638859.784584,39.7,13,41.64,46,110.4,37,63.91,5.17,9.75,1.81,0.57,50.2,0.304,34.45,True,True,True,True,False,False,True,True,False,True,False,True,False,True,False,False,2026-12-02,False,True,4,">4x 50-MA, large gap","EMA, ADR",8,https://www.tradingview.com/chart/?symbol=NASDAQ:SMTC&interval=D,True,False,False
FIVN,"Five9, Inc.",NASDAQ,Packaged Software,33.78,34.67,34.34,33.95,32.88,27.89,24.27,22.79,34.39,34.18,34.44,32.65,6.28,5.77,1.95,2151260.4,2190219.1,73985601.0,74357938.0,0.87,-0.87,2524161035.4863324,0.86,139,43.67,42,144.61,23,63.05,0.48,-1.62,0.2,0.92,57.9,0.248,35.17,False,False,False,True,True,True,True,False,False,True,False,True,False,False,False,False,2026-11-09,False,False,5,thin RVOL,near21,6,https://www.tradingview.com/chart/?symbol=NASDAQ:FIVN&interval=D,False,False,False
DDOG,"Datadog, Inc.",NASDAQ,Packaged Software,271.34,271.58,252.99,243.36,246.19,243.84,207.35,186.89,268.76,257.99,281.25,270.81,4.02,4.16,11.28,2881956.6,3406140.7,924222218.0,828905912.0,0.53,0.17,97431418631.22813,27.88,32,5.13,129,148.94,22,60.65,2.46,7.25,1.25,0.93,4.7,0.322,31.21,False,False,True,True,False,True,True,False,False,True,False,True,False,True,False,False,2026-11-05,False,False,6,,"EMA, near21",6,https://www.tradingview.com/chart/?symbol=NASDAQ:DDOG&interval=D,False,False,False
ZETA,Zeta Global Holdings Corp.,NYSE,Packaged Software,33.74,31.31,30.92,30.86,29.2,24.88,22.28,21.5,31.95,31.08,33.84,32.42,4.38,4.37,1.47,6578038.1,6690951.5,225752704.0,206449309.0,1.13,0.64,8469198852.736267,3.34,124,59.79,24,118.66,33,60.6,3.56,9.11,1.96,0.96,89.6,0.175,29.1,True,True,True,True,False,False,True,False,False,False,False,False,False,False,False,False,2026-11-10,False,False,4,"LoD>60% ATR, thin RVOL",EMA,6,https://www.tradingview.com/chart/?symbol=NYSE:ZETA&interval=D,False,False,False
FCEL,"FuelCell Energy, Inc.",NASDAQ,Electronic Equipment/Instruments,18.36,17.45,17.04,16.99,18.45,20.22,16.6,14.47,17.92,17.6,19.1,17.54,6.33,9.14,1.68,6572180.099999999,6762232.299999996,124188396.0,114868913.0,2.23,-7.85,1468358729.1430993,26.48,35,-24.11,313,179.1,16,60.49,-0.05,7.78,0.48,0.93,49.2,0.312,31.28,False,False,True,True,False,True,True,False,False,True,False,True,True,True,True,False,2026-12-17,False,True,5,large gap,"EMA, near21, RVOL",6,https://www.tradingview.com/chart/?symbol=NASDAQ:FCEL&interval=D,False,False,True
MRVL,"Marvell Technology, Inc.",NASDAQ,Semiconductors,284.68,268.36,254.13,243.57,232.43,235.82,199.27,169.88,269.79,257.28,287.03,276.5,4.33,4.97,14.14,19477309.6,20963146.233333334,5967788470.0,5105941120.0,1.29,-1.99,249635907444.59177,34.5,21,15.64,98,130.21,26,60.12,4.53,12.02,2.14,0.74,57.9,0.304,34.59,True,True,True,True,False,False,True,False,False,False,False,True,False,True,True,False,2026-11-26,False,False,5,>4x 50-MA,"EMA, RVOL",7,https://www.tradingview.com/chart/?symbol=NASDAQ:MRVL&interval=D,False,False,False
PBF,PBF Energy Inc.,NYSE,Oil Refining/Marketing,83.68,78.6,76.56,75.57,72.99,60.23,54.64,49.11,79.83,77.21,85.75,82.9,5.36,5.35,4.48,2990046.1,3597305.066666667,301022488.0,271859136.0,0.72,1.25,9919162920.426643,12.32,71,60.0,23,107.9,38,60.07,2.74,9.3,1.57,0.64,17.4,0.222,35.24,True,True,True,True,False,False,True,True,False,True,False,True,False,False,False,False,2026-10-29,False,False,5,thin RVOL,"EMA, ADR",8,https://www.tradingview.com/chart/?symbol=NYSE:PBF&interval=D,False,False,False
ILMN,"Illumina, Inc.",NASDAQ,Medical Specialties,267.76,273.52,251.44,239.56,224.06,197.95,174.86,164.92,268.81,254.87,276.2,260.45,5.72,5.27,14.11,3300294.2,3580680.5000000005,958763011.0,857800950.0,0.91,-0.85,40431761262.74182,23.54,38,41.73,45,114.09,34,59.79,3.7,6.49,0.96,1.12,51.8,0.414,40.56,False,False,False,True,False,True,False,False,False,True,True,True,False,True,False,False,2026-10-29,False,False,6,,near21,4,https://www.tradingview.com/chart/?symbol=NASDAQ:ILMN&interval=D,False,False,False
AMC,"AMC Entertainment Holdings, Inc.",NYSE,Movies/Entertainment,2.88,2.94,2.8,2.73,2.68,2.34,2.0,1.86,2.88,2.82,2.96,2.85,7.52,6.8,0.2,29206639.800000034,27595937.833333336,79476301.0,75438095.0,0.73,-1.69,2570701330.9830503,9.51,93,52.38,32,113.33,35,58.41,1.11,2.78,0.33,0.56,15.3,0.313,37.41,False,False,False,True,True,True,True,True,False,True,False,True,False,False,False,False,2026-11-11,False,False,5,thin RVOL,"near21, ADR",7,https://www.tradingview.com/chart/?symbol=NYSE:AMC&interval=D,False,False,False
U,Unity Software Inc.,NYSE,Packaged Software,45.44,42.68,42.75,42.63,42.23,35.49,31.36,31.94,43.6,42.95,46.25,44.24,4.86,4.57,2.08,12748959.1,10024714.966666667,455523048.0,427400381.0,1.02,2.31,19997641237.485203,9.6,91,57.67,27,107.58,39,58.28,1.66,6.29,1.27,0.97,57.5,0.154,25.06,True,True,True,True,False,True,True,False,False,True,False,True,False,True,False,False,2026-11-11,False,True,5,large gap,"EMA, near21",8,https://www.tradingview.com/chart/?symbol=NYSE:U&interval=D,False,False,False
HTFL,"Heartflow, Inc.",NASDAQ,Packaged Software,49.36,49.78,49.38,49.21,43.61,36.31,33.33,32.19,49.86,48.93,51.5,48.44,5.31,5.35,2.64,1686415.6,1941648.9,95839790.0,95545306.0,0.82,-1.83,4292030988.182284,-0.76,150,88.47,10,84.73,57,57.48,2.46,-0.04,0.17,1.16,34.8,0.109,35.63,False,False,False,True,True,True,False,False,False,True,True,True,False,False,False,False,2026-11-18,False,False,5,thin RVOL,near21,5,https://www.tradingview.com/chart/?symbol=NASDAQ:HTFL&interval=D,False,True,False
COHU,"Cohu, Inc.",NASDAQ,Semiconductors,70.78,69.23,62.88,58.36,56.12,56.04,49.92,44.55,68.98,64.3,72.46,69.91,4.29,4.96,3.51,1034685.3,1024108.7333333333,72486416.0,59767498.0,1.48,-2.94,3350614169.321478,50.12,9,25.3,76,96.67,48,57.36,5.26,12.57,2.03,0.73,24.8,0.491,34.87,True,True,True,True,False,False,True,False,False,False,False,True,False,False,True,False,2026-10-29,False,True,3,">4x 50-MA, thin RVOL, large gap","EMA, RVOL",7,https://www.tradingview.com/chart/?symbol=NASDAQ:COHU&interval=D,True,False,False
DINO,HF Sinclair Corporation,NYSE,Oil Refining/Marketing,115.63,110.32,110.33,107.98,100.91,87.78,79.13,72.14,111.95,109.26,117.72,115.26,4.05,3.84,4.45,2210720.8,2663787.5,308013749.0,287638438.0,0.89,1.48,20557145606.871727,9.98,88,49.68,37,106.74,41,55.47,3.79,4.81,1.52,0.55,8.3,0.143,33.03,True,True,True,True,False,False,True,True,False,True,False,True,False,True,False,False,2026-10-28,False,False,6,,"EMA, ADR",8,https://www.tradingview.com/chart/?symbol=NYSE:DINO&interval=D,False,False,False
SMCI,"Super Micro Computer, Inc.",NASDAQ,Computer Processing Hardware,44.94,42.58,40.81,39.89,37.38,34.99,32.6,32.21,42.65,41.13,45.77,42.46,4.44,5.03,2.26,33238521.0,36093886.333333336,1622059252.0,1439833251.0,1.22,-1.99,29524024142.248962,17.77,50,56.31,29,90.1,54,54.73,4.02,10.12,1.84,1.46,109.7,0.242,23.09,True,True,True,True,False,False,False,False,False,False,True,False,False,True,True,False,2026-11-03,False,False,4,"LoD>60% ATR, >4x 50-MA","EMA, RVOL",5,https://www.tradingview.com/chart/?symbol=NASDAQ:SMCI&interval=D,False,False,False
TWLO,Twilio Inc.,NYSE,Packaged Software,273.0,289.59,269.93,257.46,242.66,222.26,196.04,178.3,283.67,271.95,279.04,272.05,6.18,5.49,15.0,6599026.7,3596899.066666667,981953445.0,926054037.0,0.52,-0.73,41926037198.74826,13.98,65,28.43,64,119.1,32,53.84,2.28,1.14,0.07,0.47,6.3,0.381,40.76,False,False,False,True,True,True,True,True,False,True,False,True,False,True,False,False,2026-10-29,False,False,6,,"near21, ADR",7,https://www.tradingview.com/chart/?symbol=NYSE:TWLO&interval=D,False,False,False
ZS,"Zscaler, Inc.",NASDAQ,Packaged Software,213.55,202.78,197.98,190.55,182.82,162.99,156.19,166.11,203.72,197.48,216.5,209.7,4.04,4.43,9.47,2940992.5,3480270.7333333334,743211815.0,663172549.0,0.92,1.98,34820331774.589165,28.53,31,51.51,35,74.1,68,51.38,3.79,7.86,1.84,0.72,40.7,0.274,21.82,True,True,True,True,False,False,True,False,False,False,False,True,False,True,False,False,2026-12-01,False,False,6,,EMA,7,https://www.tradingview.com/chart/?symbol=NASDAQ:ZS&interval=D,False,False,False
ATRC,"AtriCure, Inc.",NASDAQ,Medical Specialties,53.31,56.39,56.74,54.72,50.13,40.25,36.42,36.54,55.54,55.12,54.88,52.98,4.89,4.57,2.44,1234550.8,1382964.4333333333,73725834.0,75669129.0,0.59,-0.61,2711682194.7921014,2.46,131,59.37,25,90.67,52,50.83,1.39,-6.05,0.72,0.78,13.5,0.16,38.13,False,False,False,True,False,True,True,True,False,True,False,True,False,False,False,False,2026-11-04,False,False,5,thin RVOL,"near21, ADR",6,https://www.tradingview.com/chart/?symbol=NASDAQ:ATRC&interval=D,False,False,False
TENB,"Tenable Holdings, Inc.",NASDAQ,Packaged Software,38.94,36.51,35.83,35.65,35.55,33.41,28.81,27.11,37.2,36.34,39.68,38.33,4.3,5.04,1.96,3025100.9,5120872.733333333,199406784.0,182563380.0,0.97,-0.22,4288850999.101481,14.8,60,1.49,153,136.14,24,50.81,1.89,8.68,1.42,0.69,31.1,0.241,24.13,True,True,True,True,False,True,True,False,False,True,False,True,False,False,False,False,2026-11-04,False,False,5,thin RVOL,"EMA, near21",8,https://www.tradingview.com/chart/?symbol=NASDAQ:TENB&interval=D,False,False,False
ETON,"Eton Pharmaceuticals, Inc.",NASDAQ,Pharmaceuticals: Major,54.88,55.96,56.2,57.62,55.29,45.15,38.18,32.7,55.45,56.03,56.42,53.55,6.52,6.16,3.38,790189.4,579293.1333333333,31791607.0,33377036.0,1.02,-1.7,1568642494.9424868,-8.33,221,51.73,34,102.58,44,48.66,-0.12,-2.36,0.33,0.85,39.3,0.148,42.83,False,False,False,True,True,True,True,False,False,True,False,True,False,False,False,False,2026-11-05,False,False,5,thin RVOL,near21,6,https://www.tradingview.com/chart/?symbol=NASDAQ:ETON&interval=D,False,False,False
PURR,Hyperliquid Strategies Inc,NASDAQ,Financial Conglomerates,11.73,12.43,12.49,12.32,10.44,9.3,8.14,7.11,12.36,12.2,12.07,11.6,7.33,8.6,1.01,16612481.0,23966658.033333335,281128899.0,295257244.0,0.57,-4.6,3264122005.5456004,-5.29,191,50.77,36,97.14,47,47.54,1.43,-6.07,0.44,0.47,12.9,0.31,45.87,False,False,False,True,False,True,True,True,False,True,False,True,False,False,False,False,2026-12-02,False,True,4,"thin RVOL, large gap","near21, ADR",6,https://www.tradingview.com/chart/?symbol=NASDAQ:PURR&interval=D,False,False,False
FROG,JFrog Ltd.,NASDAQ,Packaged Software,98.15,94.72,93.23,93.2,90.87,86.87,73.83,68.9,95.64,93.92,99.2,95.97,4.61,4.9,4.81,1398874.3,1782412.1333333333,174943751.0,166117246.0,0.54,-0.41,12102024359.527967,9.36,94,6.74,124,121.21,31,45.77,1.63,5.28,0.92,0.67,45.3,0.146,26.31,True,True,True,True,False,True,True,True,False,True,False,True,False,True,False,False,2026-11-04,False,False,6,,"EMA, near21, ADR",9,https://www.tradingview.com/chart/?symbol=NASDAQ:FROG&interval=D,False,False,False
OSCR,"Oscar Health, Inc.",NYSE,Managed Health Care,32.91,30.72,31.39,31.3,30.96,29.26,24.69,22.19,31.45,31.25,33.51,31.8,4.59,4.89,1.61,4679730.9,5214508.333333333,171609469.0,163200205.0,1.16,-0.96,8999864639.391462,2.24,132,8.61,117,124.34,29,45.06,1.29,4.85,1.09,1.06,69.0,0.17,27.96,True,True,True,True,False,True,False,False,False,True,True,False,False,False,False,False,2026-11-10,False,False,4,"LoD>60% ATR, thin RVOL","EMA, near21",6,https://www.tradingview.com/chart/?symbol=NYSE:OSCR&interval=D,False,False,False
APPN,Appian Corporation,NASDAQ,Packaged Software,37.76,36.69,36.93,37.74,36.14,29.81,27.59,28.02,37.12,37.0,38.23,36.7,4.74,5.27,1.99,797583.6,904476.8333333334,34153045.0,34134353.0,2.13,-0.35,2704684446.8230867,-5.79,197,61.16,22,79.72,61,45.03,0.85,2.25,0.39,0.77,53.3,0.144,24.74,True,True,True,True,True,True,True,False,False,True,False,True,True,True,True,False,2026-10-29,False,False,6,,"EMA, near21, RVOL",9,https://www.tradingview.com/chart/?symbol=NASDAQ:APPN&interval=D,False,False,False
NET,"Cloudflare, Inc.",NYSE,Information Technology Services,342.97,351.89,341.67,325.05,313.04,278.83,255.08,237.58,348.64,338.65,353.04,341.78,4.68,4.64,15.92,2761093.9,3093637.3,1061024785.0,1005599179.0,0.82,-0.56,122124663011.53847,21.51,42,25.84,74,77.51,64,41.62,2.06,0.38,0.27,0.71,7.5,0.181,33.33,False,False,False,True,True,True,True,True,False,True,False,True,False,True,False,False,2026-10-29,False,False,6,,"near21, ADR",7,https://www.tradingview.com/chart/?symbol=NYSE:NET&interval=D,False,False,False
SECZ,Securitize Corp.,NYSE,Packaged Software,11.4,14.21,12.15,10.44,8.93,9.81,10.28,10.6,12.91,12.01,12.28,11.27,15.16,12.49,1.42,4643291.9,3973519.5,45298122.0,41479570.0,0.54,-3.86,1861228793.2913387,65.22,6,54.47,30,5.07,208,41.59,2.21,-6.17,0.41,0.71,9.1,0.991,46.29,False,False,False,True,False,True,True,True,False,True,False,True,False,False,False,False,2026-11-13,False,True,4,"thin RVOL, large gap","near21, ADR",6,https://www.tradingview.com/chart/?symbol=NYSE:SECZ&interval=D,True,False,False
BFLY,"Butterfly Network, Inc.",NYSE,Medical Specialties,8.27,8.98,8.49,8.3,8.48,7.39,6.39,5.75,8.77,8.63,8.64,8.13,8.8,8.53,0.71,5624328.9,5494223.833333333,45437231.0,45594732.0,1.34,-3.45,2243528412.934483,13.6,66,11.38,109,98.32,46,41.1,-0.29,-2.63,0.49,0.72,19.8,0.387,39.09,False,False,False,True,True,True,True,True,False,True,False,True,False,False,True,False,2026-10-29,False,True,4,"thin RVOL, large gap","near21, ADR, RVOL",7,https://www.tradingview.com/chart/?symbol=NYSE:BFLY&interval=D,False,False,False
AZTA,"Azenta, Inc.",NASDAQ,Medical/Nursing Services,35.89,36.28,34.56,33.69,33.2,28.48,26.43,28.25,36.7,35.2,39.1,35.56,6.43,6.44,2.31,1510489.0,1055666.5666666667,37887873.0,35565407.0,1.19,-2.59,1572283249.8063533,17.06,53,46.37,40,59.09,83,40.84,1.25,3.86,0.3,1.54,14.5,0.324,27.47,False,False,False,True,False,True,False,False,False,True,True,True,False,False,False,False,2026-11-17,False,True,4,"thin RVOL, large gap",near21,4,https://www.tradingview.com/chart/?symbol=NASDAQ:AZTA&interval=D,False,False,False
CLMT,"Calumet, Inc",NASDAQ,Oil Refining/Marketing,56.29,54.32,55.78,54.25,50.77,43.66,39.72,35.64,55.18,54.49,56.87,56.05,4.16,4.01,2.26,1457256.3,1445104.6666666667,81344942.0,78393556.0,0.6,0.07,4947791370.405266,5.45,110,45.08,41,69.7,73,40.08,2.71,0.92,0.82,0.36,10.6,0.144,35.78,True,True,True,True,True,True,True,True,False,True,False,True,False,False,False,False,2026-11-06,False,False,5,thin RVOL,"EMA, near21, ADR",10,https://www.tradingview.com/chart/?symbol=NASDAQ:CLMT&interval=D,False,False,False
DK,"Delek US Holdings, Inc.",NYSE,Oil Refining/Marketing,75.46,71.74,73.99,73.58,70.32,60.65,54.87,49.11,73.7,73.03,77.23,74.69,5.0,5.16,3.89,2512023.2,2481421.0,187248029.0,182588747.0,0.48,0.62,4620579731.7890835,5.54,108,35.09,53,79.5,62,40.04,1.42,1.99,0.64,0.65,19.8,0.209,32.97,True,True,True,True,True,True,True,True,False,True,False,True,False,False,False,False,2026-11-11,False,False,5,thin RVOL,"EMA, near21, ADR",10,https://www.tradingview.com/chart/?symbol=NYSE:DK&interval=D,False,False,False
CRDO,Credo Technology Group Holding Ltd,NASDAQ,Information Technology Services,220.01,206.89,188.6,191.33,208.86,220.47,194.18,178.57,207.42,200.69,222.51,208.1,5.91,6.59,14.49,8215693.1,8878486.633333333,1953355844.0,1698714929.0,0.88,-2.7,41351302164.68505,35.72,19,-19.76,285,103.37,43,39.78,0.81,16.66,1.46,0.99,82.2,0.482,19.05,False,True,True,True,False,True,True,False,False,True,False,False,False,True,False,False,2026-12-02,False,True,4,"LoD>60% ATR, large gap","EMA, near21",6,https://www.tradingview.com/chart/?symbol=NASDAQ:CRDO&interval=D,True,False,False
BB,BlackBerry Limited,NYSE,Packaged Software,8.77,8.94,8.46,8.28,8.38,8.89,7.38,6.45,8.92,8.65,9.57,8.73,6.6,5.97,0.52,25161300.0,16294925.733333342,142906499.0,134965438.0,0.76,-2.51,5148272483.306227,14.34,63,-22.53,303,124.87,27,38.9,0.79,3.62,0.23,1.6,7.6,0.284,28.41,False,False,False,True,False,True,False,False,False,True,True,True,False,False,False,False,2026-12-17,False,True,4,"thin RVOL, large gap",near21,4,https://www.tradingview.com/chart/?symbol=NYSE:BB&interval=D,False,False,False
MAN,ManpowerGroup,NYSE,Personnel Services,52.87,55.3,56.39,57.87,57.58,47.2,41.06,38.42,54.81,56.07,53.19,51.78,4.5,4.49,2.37,959913.3,822140.5666666667,43466572.0,47577275.0,0.5,-0.17,2458749406.4981685,-13.01,270,41.86,44,86.36,55,38.4,-1.82,-6.23,1.27,0.59,45.9,0.123,36.25,False,False,False,True,False,True,True,True,False,True,False,True,False,False,False,False,2026-10-15,False,False,5,thin RVOL,"near21, ADR",6,https://www.tradingview.com/chart/?symbol=NYSE:MAN&interval=D,False,False,False
OUST,"Ouster, Inc.",NASDAQ,Semiconductors,41.67,42.23,39.04,37.88,39.47,40.6,34.9,31.75,41.87,40.3,43.49,40.67,6.34,6.63,2.76,2684975.1,2234730.033333333,93121200.0,84650829.0,1.07,-5.12,3004920997.733467,16.53,54,-8.08,193,104.87,42,37.77,0.84,6.73,0.51,1.02,36.2,0.391,25.15,False,False,False,True,False,True,False,False,False,True,True,True,False,False,False,False,2026-11-05,False,True,4,"thin RVOL, large gap",near21,4,https://www.tradingview.com/chart/?symbol=NASDAQ:OUST&interval=D,False,False,False
SAIL,"SailPoint, Inc.",NASDAQ,Packaged Software,19.58,20.52,20.17,19.79,19.16,17.19,15.68,16.05,20.23,20.04,20.53,19.49,5.82,5.92,1.16,5558131.2,5319777.633333334,104161246.0,105251800.0,1.21,2.31,11178449455.480663,2.51,130,32.66,56,77.03,65,37.4,0.37,-2.92,0.38,0.89,7.6,0.214,24.7,False,False,False,True,True,True,True,False,False,True,False,True,False,True,True,False,2026-12-15,False,True,5,large gap,"near21, RVOL",6,https://www.tradingview.com/chart/?symbol=NASDAQ:SAIL&interval=D,False,False,False
GPRO,"GoPro, Inc.",NASDAQ,Electronics/Appliances,1.22,1.31,1.32,1.26,1.02,0.93,0.96,1.02,1.3,1.27,1.31,1.22,5.91,9.06,0.11,9444866.7,65871360.9,80363060.0,83180378.0,0.98,-0.76,228314141.13636363,-17.57,311,64.91,19,63.58,77,36.97,2.12,-7.31,0.41,0.81,0.0,0.127,31.37,False,False,False,True,False,True,True,False,False,True,False,True,False,False,False,False,2026-11-05,False,False,5,thin RVOL,near21,5,https://www.tradingview.com/chart/?symbol=NASDAQ:GPRO&interval=D,False,True,False
CBRL,"Cracker Barrel Old Country Store, Inc.",NASDAQ,Restaurants,56.4,53.9,50.18,51.66,53.98,49.13,42.47,39.5,53.79,52.53,57.21,55.55,4.63,4.47,2.52,992515.5,1037778.9333333333,58530732.0,53607509.0,0.4,-0.75,1260677064.4176135,4.54,115,16.0,95,90.28,53,36.94,1.0,12.41,1.65,0.66,33.7,0.346,25.67,True,True,True,True,False,False,True,True,False,True,False,True,False,False,False,False,2026-11-27,False,False,5,thin RVOL,"EMA, ADR",8,https://www.tradingview.com/chart/?symbol=NASDAQ:CBRL&interval=D,False,False,False
VICR,Vicor Corporation,NASDAQ,Electronic Components,282.78,292.79,253.55,231.65,225.17,256.52,241.45,219.43,285.94,263.3,292.85,276.65,6.03,6.41,18.12,825072.2,854691.9666666667,241689794.0,197985690.0,0.94,-3.77,13038062386.157038,55.41,8,2.4,149,51.02,100,36.28,3.99,11.53,1.15,0.89,33.8,0.742,25.94,False,False,False,True,False,True,True,False,False,True,False,True,False,True,False,False,2026-10-20,False,True,5,large gap,near21,5,https://www.tradingview.com/chart/?symbol=NASDAQ:VICR&interval=D,True,False,False
ASAN,"Asana, Inc.",NYSE,Packaged Software,9.33,8.88,9.13,9.27,9.19,8.22,7.64,8.32,9.04,9.09,9.55,9.22,5.92,6.22,0.58,6050078.2,7731522.033333333,72135101.0,71709867.0,0.86,0.75,2136291212.7707212,6.75,101,38.63,49,63.11,79,36.17,0.25,2.18,0.43,0.56,18.1,0.206,16.63,True,True,False,True,True,True,True,True,False,True,False,True,False,False,False,False,2026-12-08,False,False,5,thin RVOL,"near21, ADR",9,https://www.tradingview.com/chart/?symbol=NYSE:ASAN&interval=D,False,False,False
CRL,"Charles River Laboratories International, Inc.",NYSE,Miscellaneous Commercial Services,300.3,296.59,286.89,287.47,280.56,240.05,216.58,211.63,296.08,290.51,305.18,294.28,4.12,3.98,11.96,1053145.8,983901.8,295465711.0,282840283.0,1.14,-0.52,14335983018.256166,4.17,119,33.78,55,70.53,71,36.16,1.77,4.68,0.85,0.91,50.3,0.155,28.29,True,True,True,True,False,True,True,False,False,True,False,True,False,True,False,False,2026-11-11,False,False,6,,"EMA, near21",8,https://www.tradingview.com/chart/?symbol=NYSE:CRL&interval=D,False,False,False
BE,Bloom Energy Corporation,NYSE,Electronic Production Equipment,291.29,282.69,275.93,261.25,242.83,253.97,235.08,210.57,283.8,273.02,296.83,284.54,6.33,6.6,19.23,14520461.1,15579049.1,4538021212.0,4070026577.0,0.77,-3.31,85792869607.01788,23.0,39,5.51,127,79.94,59,36.15,3.02,5.57,1.01,0.64,35.1,0.168,24.76,True,True,True,True,False,True,True,True,False,True,False,True,False,True,False,False,2026-10-29,False,True,5,large gap,"EMA, near21, ADR",9,https://www.tradingview.com/chart/?symbol=NYSE:BE&interval=D,False,False,False
GH,"Guardant Health, Inc.",NASDAQ,Medical Specialties,168.33,176.59,174.53,170.81,167.13,152.92,131.65,125.09,175.29,173.57,171.55,165.0,4.84,5.03,8.47,1965714.0,1888379.9666666666,317871000.0,322545999.0,1.17,-2.45,22589241113.362003,5.21,112,9.02,115,93.24,50,35.82,0.14,-3.55,0.6,0.77,39.3,0.159,30.6,False,False,False,True,False,True,True,False,False,True,False,True,False,True,False,False,2026-10-29,False,True,5,large gap,near21,5,https://www.tradingview.com/chart/?symbol=NASDAQ:GH&interval=D,False,False,False
SG,"Sweetgreen, Inc.",NYSE,Restaurants,9.16,8.75,7.95,7.57,7.0,7.6,7.09,6.93,8.7,8.13,9.29,8.97,4.68,4.81,0.44,5631377.9,5064747.9,46393091.0,38316506.0,0.64,-1.42,1090418500.4201312,37.74,16,17.59,93,51.4,98,35.58,6.42,15.22,2.63,0.73,43.1,0.444,19.9,True,True,True,True,False,False,True,True,False,True,False,True,False,False,False,False,2026-11-05,False,False,4,">4x 50-MA, thin RVOL","EMA, ADR",8,https://www.tradingview.com/chart/?symbol=NYSE:SG&interval=D,True,False,False
NEO,"NeoGenomics, Inc.",NASDAQ,Medical/Nursing Services,15.97,18.31,18.54,18.25,17.43,14.8,12.64,12.41,17.89,18.09,16.64,15.88,6.57,6.49,1.04,2655713.8,2272523.6,36292202.0,41484540.0,1.21,-0.88,2051752566.6404123,-7.15,209,12.07,107,100.38,45,35.1,-1.29,-13.85,1.8,0.73,8.7,0.222,38.39,False,False,False,True,False,False,True,True,False,True,False,True,False,False,True,False,2026-11-10,False,False,5,thin RVOL,"ADR, RVOL",5,https://www.tradingview.com/chart/?symbol=NASDAQ:NEO&interval=D,False,False,False
INTC,Intel Corporation,NASDAQ,Semiconductors,113.12,118.37,113.4,106.82,102.31,108.2,94.88,82.34,115.88,112.67,115.3,111.14,4.8,5.19,5.87,97818837.2,101724649.56666666,11507092359.0,10865921893.0,0.84,-0.74,597964250624.6229,22.36,40,-1.52,166,83.88,58,34.9,2.04,-0.25,0.08,0.71,33.7,0.326,31.85,False,False,False,True,True,True,True,False,False,True,False,True,False,True,False,False,2026-10-29,False,False,6,,near21,6,https://www.tradingview.com/chart/?symbol=NASDAQ:INTC&interval=D,False,False,False
SBET,"Sharplink, Inc.",NASDAQ,Advertising/Marketing Services,8.95,9.48,9.26,9.02,8.08,6.88,7.0,7.39,9.37,9.15,9.12,8.82,5.77,6.45,0.58,6195920.2,8269904.800000026,74015648.0,74564218.0,1.14,-4.95,1944151240.7263155,4.07,120,63.92,20,36.64,121,34.88,1.67,-3.34,0.33,0.52,22.5,0.259,29.02,False,False,False,True,False,True,True,True,False,True,False,True,False,False,False,False,2026-11-12,False,True,4,"thin RVOL, large gap","near21, ADR",6,https://www.tradingview.com/chart/?symbol=NASDAQ:SBET&interval=D,False,True,False
SWKS,"Skyworks Solutions, Inc.",NASDAQ,Semiconductors,83.43,85.66,86.7,81.24,75.47,72.26,67.9,66.06,84.88,83.57,85.85,80.9,5.03,5.46,4.56,8614131.5,8339046.9,695726683.0,677503086.0,1.13,-2.0,19619861435.92717,17.36,52,38.8,48,46.27,105,34.14,1.93,-3.77,0.03,1.09,55.5,0.146,24.74,False,False,False,True,False,True,False,False,False,True,True,True,False,True,False,False,2026-10-29,False,False,6,,near21,4,https://www.tradingview.com/chart/?symbol=NASDAQ:SWKS&interval=D,False,False,False
LITE,Lumentum Holdings Inc.,NASDAQ,Electrical Products,1111.07,1020.41,966.09,948.75,903.21,872.04,852.22,757.24,1041.8,988.73,1119.15,1082.44,5.14,5.71,63.42,4498228.0,4463011.8,4958718521.0,4234282445.0,0.76,-2.72,99662977756.00156,28.99,30,47.13,39,22.35,148,32.82,4.03,15.01,2.17,0.58,45.1,0.341,23.69,True,True,True,True,False,False,True,True,False,True,False,True,False,True,False,False,2026-11-05,False,True,4,">4x 50-MA, large gap","EMA, ADR",8,https://www.tradingview.com/chart/?symbol=NASDAQ:LITE&interval=D,False,False,False
GCT,GigaCloud Technology Inc,NASDAQ,Wholesale Distributors,55.96,53.49,53.02,52.34,51.09,43.09,43.32,42.43,53.84,52.91,56.7,53.19,4.53,4.46,2.5,612863.2,634493.6333333333,35506264.0,33206330.0,1.77,-1.68,1998344821.5208182,11.56,81,65.81,18,20.47,155,32.61,2.14,5.55,1.29,1.4,110.9,0.093,19.78,True,True,True,True,False,True,False,False,True,True,True,False,True,True,True,False,2026-11-26,False,False,5,LoD>60% ATR,"EMA, near21, BB, RVOL",7,https://www.tradingview.com/chart/?symbol=NASDAQ:GCT&interval=D,False,True,False
AMBQ,"Ambiq Micro, Inc.",NYSE,Semiconductors,61.98,66.85,65.6,63.24,63.14,71.38,58.78,51.86,65.66,65.26,64.34,60.79,6.4,6.42,3.98,476017.6,554381.6333333333,34360574.0,35061127.0,1.24,-1.68,1498957579.8557873,7.47,100,-26.86,325,112.33,36,30.98,-0.29,-5.52,0.78,0.89,29.8,0.23,31.49,False,False,False,True,False,True,True,False,False,True,False,True,False,False,True,False,2026-11-05,False,False,5,thin RVOL,"near21, RVOL",5,https://www.tradingview.com/chart/?symbol=NYSE:AMBQ&interval=D,False,False,False
VSXY,Victorias Secret & Co.,NYSE,Apparel/Footwear Retail,85.79,87.32,82.38,82.46,85.41,79.83,69.42,66.93,86.43,84.78,87.14,83.1,4.24,4.72,4.05,1503309.5,1994997.1333333333,171150804.0,164499484.0,0.68,-2.04,6842956533.260195,16.52,55,10.36,113,65.97,76,30.95,0.09,4.14,0.25,1.0,66.5,0.291,23.77,False,False,False,True,False,True,True,False,False,True,False,False,False,False,False,False,2026-12-02,False,True,3,"LoD>60% ATR, thin RVOL, large gap",near21,4,https://www.tradingview.com/chart/?symbol=NYSE:VSXY&interval=D,False,False,False
MSTR,Strategy Inc,NASDAQ,Internet Software/Services,153.37,158.8,151.22,145.01,127.52,122.35,132.03,135.97,157.67,150.79,158.66,152.53,5.4,5.92,9.08,18995226.2,23734156.566666666,3640107593.0,3441595107.0,1.14,-4.16,58928667600.68338,11.66,80,63.06,21,17.93,166,30.88,3.42,1.42,0.29,0.68,9.3,0.374,23.77,False,False,False,True,True,True,True,True,False,True,False,True,False,True,False,False,2026-11-04,False,True,5,large gap,"near21, ADR",7,https://www.tradingview.com/chart/?symbol=NASDAQ:MSTR&interval=D,False,False,False
SNDK,Sandisk Corporation,NASDAQ,Computer Peripherals,1692.42,1727.87,1704.2,1666.91,1564.59,1643.04,1397.29,1167.96,1714.29,1694.98,1733.28,1617.77,5.37,5.72,96.81,7385303.1,9641502.533333333,16317471717.0,16071534664.0,1.26,-2.44,247802448893.79303,6.71,102,-7.8,190,93.65,49,30.85,1.43,-0.69,0.03,1.19,77.1,0.221,33.08,False,False,False,True,True,True,False,False,False,True,True,False,False,True,True,False,2026-10-29,False,True,4,"LoD>60% ATR, large gap","near21, RVOL",4,https://www.tradingview.com/chart/?symbol=NASDAQ:SNDK&interval=D,False,False,False
AMLX,"Amylyx Pharmaceuticals, Inc.",NASDAQ,Pharmaceuticals: Major,27.43,28.7,30.62,31.93,29.85,22.91,20.4,18.75,28.82,29.94,28.46,27.21,4.94,5.55,1.52,1276407.5,1559372.4,42773585.0,49787902.0,1.64,-1.14,3442822971.2824535,-17.83,312,52.22,33,58.01,85,30.8,-1.46,-10.43,1.51,0.82,14.4,0.279,43.28,False,False,False,True,False,False,True,False,False,False,False,True,True,True,True,False,2026-11-05,False,False,6,,RVOL,4,https://www.tradingview.com/chart/?symbol=NASDAQ:AMLX&interval=D,False,False,False
NBIS,Nebius Group N.V.,NASDAQ,Packaged Software,237.15,238.06,229.96,225.73,222.34,223.92,195.32,170.17,236.84,232.09,243.62,234.03,5.99,6.9,16.36,15509448.6,14977751.333333334,3551973729.0,3381000201.0,1.22,-3.02,64470466534.95798,12.83,69,3.48,141,75.82,66,30.71,0.97,3.13,0.32,0.59,19.1,0.194,28.63,False,False,True,True,False,True,True,True,False,True,False,True,False,True,True,False,2026-10-22,False,True,5,large gap,"EMA, near21, ADR, RVOL",7,https://www.tradingview.com/chart/?symbol=NASDAQ:NBIS&interval=D,False,False,False
NAT,Nordic American Tankers Limited,NYSE,Marine Shipping,8.21,8.04,7.91,7.6,7.2,6.48,6.21,5.72,8.1,7.85,8.45,8.18,4.17,4.03,0.33,5130488.6,5181274.866666666,42538267.0,39356964.0,1.3,0.97,1738472943.3698297,15.63,57,36.38,52,39.39,114,30.47,3.48,3.75,1.13,0.82,9.1,0.158,28.33,True,True,True,True,False,True,True,False,False,True,False,True,False,False,True,False,2026-12-02,False,False,5,thin RVOL,"EMA, near21, RVOL",8,https://www.tradingview.com/chart/?symbol=NYSE:NAT&interval=D,False,False,False
SLS,"SELLAS Life Sciences Group, Inc.",NASDAQ,Pharmaceuticals: Major,11.31,11.64,11.7,12.41,12.35,11.33,9.23,7.92,11.6,11.89,11.54,11.15,6.27,7.31,0.83,4645941.4,6327731.7,71566646.0,78533478.0,0.66,-0.53,2284006001.642857,-16.28,298,-17.81,267,124.85,28,30.25,-1.15,-3.33,0.67,0.48,20.0,0.165,39.19,False,False,False,True,False,True,True,True,False,True,False,True,False,False,False,False,2026-11-18,False,False,5,thin RVOL,"near21, ADR",6,https://www.tradingview.com/chart/?symbol=NASDAQ:SLS&interval=D,False,False,False
MANE,"Veradermics, Incorporated",NYSE,Pharmaceuticals: Major,110.95,115.91,111.32,107.44,107.52,107.38,96.49,,114.02,111.9,113.42,108.84,5.86,5.58,6.2,619066.0,696269.9333333333,77251149.0,74803760.0,1.04,-0.04,4635506062.15492,12.16,72,-6.31,182,84.73,56,30.2,0.57,-0.33,0.15,0.74,34.1,0.251,17.5,False,False,False,False,True,True,True,True,False,True,False,True,False,False,False,False,2026-12-02,False,False,4,"thin RVOL, below 200-MA","near21, ADR",6,https://www.tradingview.com/chart/?symbol=NYSE:MANE&interval=D,False,False,False
AYA,Aya Gold & Silver Inc.,NASDAQ,Precious Metals,26.14,27.17,27.65,27.95,26.84,22.95,20.9,19.95,27.19,27.4,26.71,25.56,4.47,5.64,1.47,1006522.8,1275814.5333333334,33349792.0,35655189.0,0.94,-3.31,3765105634.7492967,-9.2,235,33.91,54,63.27,78,29.33,-0.46,-5.46,0.82,0.78,39.3,0.145,29.45,False,False,False,True,False,True,True,False,False,True,False,True,False,False,False,False,2026-11-17,False,True,4,"thin RVOL, large gap",near21,5,https://www.tradingview.com/chart/?symbol=NASDAQ:AYA&interval=D,False,False,False
TEM,"Tempus AI, Inc.",NASDAQ,Packaged Software,70.35,79.58,75.23,71.66,64.52,57.81,55.19,56.6,76.64,74.55,73.09,68.66,8.52,8.4,5.91,8214722.7,7207424.633333334,507042323.0,516515281.0,1.15,-2.61,12693586306.410807,8.63,95,23.55,79,55.3,91,29.16,1.08,-6.49,0.67,0.75,28.6,0.423,34.68,False,False,False,True,False,True,True,True,False,True,False,True,False,True,False,False,2026-11-10,False,True,5,large gap,"near21, ADR",6,https://www.tradingview.com/chart/?symbol=NASDAQ:TEM&interval=D,False,False,False
DUOL,"Duolingo, Inc.",NASDAQ,Packaged Software,151.72,144.84,146.13,147.24,143.48,132.33,121.86,126.85,146.56,145.94,153.56,146.81,4.07,4.42,6.71,946038.8,1086222.7,164801708.0,159933982.0,0.97,-0.84,7098374047.337069,-3.65,174,21.36,84,66.45,75,28.05,1.3,3.83,0.9,1.01,73.2,0.114,15.99,True,True,True,True,False,True,False,False,False,True,True,False,False,False,False,False,2026-11-11,False,False,4,"LoD>60% ATR, thin RVOL","EMA, near21",6,https://www.tradingview.com/chart/?symbol=NASDAQ:DUOL&interval=D,False,False,False
AXTI,AXT Inc,NASDAQ,Electronic Production Equipment,79.79,80.23,73.96,70.0,70.48,75.98,74.09,61.39,80.05,75.92,83.22,78.7,7.65,8.31,6.63,7230770.4,8135179.633333334,649105983.0,569465286.0,0.89,-5.09,5232086407.295623,38.31,15,23.09,82,20.89,152,27.43,1.59,7.88,0.61,0.68,16.4,0.465,23.62,False,False,False,True,False,True,True,True,False,True,False,True,False,False,False,False,2026-10-29,False,True,4,"thin RVOL, large gap","near21, ADR",6,https://www.tradingview.com/chart/?symbol=NASDAQ:AXTI&interval=D,True,False,False
SEI,"Solaris Energy Infrastructure, Inc.",NYSE,Oilfield Services/Equipment,76.46,72.7,69.35,64.48,61.35,65.93,65.32,61.84,73.18,69.34,78.25,75.32,4.52,5.36,4.1,2311140.5,2591197.033333333,198122925.0,167085567.0,0.91,-2.9,6129472273.180927,42.92,11,11.78,108,26.09,139,26.93,4.59,10.26,1.92,0.71,27.8,0.267,14.84,True,True,True,True,False,False,True,False,False,False,False,True,False,False,False,False,2026-11-02,False,True,3,">4x 50-MA, thin RVOL, large gap",EMA,7,https://www.tradingview.com/chart/?symbol=NYSE:SEI&interval=D,True,False,False
AMRX,"Amneal Pharmaceuticals, Inc.",NASDAQ,Pharmaceuticals: Major,19.65,20.11,19.14,18.64,18.43,17.04,15.59,15.12,19.9,19.36,20.53,19.53,4.5,3.88,0.76,3344781.9,2747865.2333333334,53995552.0,51224788.0,1.44,-0.27,6275304401.744271,11.84,77,15.45,99,53.04,93,26.78,1.71,2.64,0.38,1.31,15.7,0.268,25.37,False,False,False,True,True,True,False,False,False,True,True,True,False,False,True,False,2026-10-29,False,False,5,thin RVOL,"near21, RVOL",5,https://www.tradingview.com/chart/?symbol=NASDAQ:AMRX&interval=D,False,False,False
INOD,Innodata Inc.,NASDAQ,Data Processing Services,63.42,67.91,63.38,60.87,61.55,72.99,64.51,61.63,66.32,64.49,65.34,62.44,8.64,7.26,4.6,1507755.6,1399722.0666666667,88763375.0,85199216.0,0.77,-2.43,2180375824.4234605,15.28,58,-9.47,200,74.26,67,26.69,0.42,0.06,0.23,0.63,21.1,0.423,18.05,False,False,False,True,True,True,True,True,False,True,False,True,False,False,False,False,2026-11-05,False,True,4,"thin RVOL, large gap","near21, ADR",7,https://www.tradingview.com/chart/?symbol=NASDAQ:INOD&interval=D,False,False,False
BMNR,"BitMine Immersion Technologies, Inc.",NYSE,Financial Conglomerates,24.66,26.62,26.1,25.62,23.05,19.78,20.29,21.61,26.2,25.77,25.19,24.28,5.49,6.51,1.61,31423455.8,40176709.5,990757656.0,1029166591.0,1.14,-4.77,14875562948.702291,-2.66,166,68.21,16,14.27,178,26.61,1.07,-5.52,0.66,0.57,23.7,0.243,27.76,False,False,False,True,False,True,True,True,False,True,False,True,False,True,False,False,2026-11-20,False,True,5,large gap,"near21, ADR",6,https://www.tradingview.com/chart/?symbol=NYSE:BMNR&interval=D,False,True,False
PRGO,Perrigo Company plc,NYSE,Pharmaceuticals: Major,14.55,14.62,14.18,14.29,13.61,12.09,11.66,12.31,14.39,14.26,14.62,14.0,4.7,4.46,0.65,3067562.5,2734710.7666666666,39790042.0,39090867.0,0.63,0.0,2019092683.1142857,3.41,122,39.77,47,35.85,122,26.35,1.56,2.63,0.46,0.95,84.8,0.162,20.34,False,False,True,True,True,True,True,False,False,True,False,False,False,False,False,False,2026-11-11,False,False,4,"LoD>60% ATR, thin RVOL","EMA, near21",6,https://www.tradingview.com/chart/?symbol=NYSE:PRGO&interval=D,False,False,False
PARR,"Par Pacific Holdings, Inc. Common Stock",NYSE,Oil Refining/Marketing,86.12,82.29,82.51,81.68,80.07,70.88,67.47,60.34,83.89,82.39,89.45,85.01,5.08,5.18,4.46,831879.0000000014,923692.7333333337,79548418.0,75451841.0,0.79,0.35,4314580183.857325,6.66,103,27.17,70,42.63,110,25.49,1.46,4.37,0.87,1.0,24.9,0.17,25.75,True,True,True,True,False,True,True,False,False,True,False,True,False,False,False,False,2026-11-09,False,False,5,thin RVOL,"EMA, near21",8,https://www.tradingview.com/chart/?symbol=NYSE:PARR&interval=D,False,False,False
SITM,SiTime Corporation,NASDAQ,Semiconductors,665.16,674.02,636.48,618.22,620.71,641.57,585.68,533.9,672.1,648.92,693.9,664.02,4.66,5.73,38.12,373563.1,417659.2,277810193.0,258206176.0,0.91,-3.44,20002049828.5316,13.23,67,1.47,154,60.97,80,25.22,1.25,4.51,0.44,0.78,3.0,0.3,21.06,False,False,False,True,False,True,True,False,False,True,False,True,False,True,False,False,2026-11-04,False,True,5,large gap,near21,5,https://www.tradingview.com/chart/?symbol=NASDAQ:SITM&interval=D,False,False,False
KSS,Kohl's Corporation,NYSE,Department Stores,20.12,18.71,17.86,18.02,18.38,17.39,16.16,16.86,18.91,18.41,20.44,19.17,4.44,4.65,0.94,4229174.7,4426398.8,89059144.0,79743050.0,1.22,-1.38,2281133914.172186,4.52,116,26.38,72,44.54,108,25.15,2.03,12.68,1.99,1.36,101.5,0.248,12.69,True,True,True,True,False,False,False,False,False,False,True,False,False,False,True,False,2026-11-12,False,False,4,"LoD>60% ATR, thin RVOL","EMA, RVOL",5,https://www.tradingview.com/chart/?symbol=NYSE:KSS&interval=D,False,False,False
GEO,Geo Group Inc (The) REIT,NYSE,Miscellaneous Commercial Services,30.52,30.98,31.04,31.25,31.22,29.48,25.61,23.2,30.9,31.02,30.96,29.56,5.19,4.76,1.45,3137305.5,2577036.0,78651139.0,80536670.0,0.87,-0.8,4017029748.573146,-0.59,147,2.21,150,69.93,72,23.85,-0.47,-1.66,0.34,0.96,66.1,0.091,26.26,False,False,False,True,True,True,True,False,True,True,False,False,False,False,False,False,2026-11-05,False,False,4,"LoD>60% ATR, thin RVOL","near21, BB",6,https://www.tradingview.com/chart/?symbol=NYSE:GEO&interval=D,False,False,False
FORM,"FormFactor, Inc.",NASDAQ,Semiconductors,139.8,140.19,127.25,119.41,118.04,121.51,120.34,109.86,138.95,130.66,142.4,135.69,4.68,5.2,7.27,2706662.4,1688424.8666666667,236041796.0,201613406.0,0.39,-2.85,10921277946.157112,40.31,12,16.55,94,14.45,177,23.77,3.55,9.86,1.35,0.92,56.6,0.489,21.7,False,False,True,True,False,True,True,False,False,True,False,True,False,True,False,False,2026-11-04,False,True,5,large gap,"EMA, near21",6,https://www.tradingview.com/chart/?symbol=NASDAQ:FORM&interval=D,True,False,False
ERO,Ero Copper Corp.,NYSE,Other Metals/Minerals,36.78,37.3,35.89,36.3,35.08,31.16,29.95,30.25,37.07,36.46,37.13,36.35,4.26,5.06,1.86,1208415.0,1356955.4,49908820.0,49251601.0,0.75,-3.32,3836251030.9625235,5.93,106,48.37,38,16.58,174,23.63,0.96,2.47,0.17,0.42,23.1,0.207,20.0,False,False,False,True,True,True,True,True,False,True,False,True,False,False,False,False,2026-11-02,False,True,4,"thin RVOL, large gap","near21, ADR",7,https://www.tradingview.com/chart/?symbol=NYSE:ERO&interval=D,False,False,False
W,Wayfair Inc.,NYSE,Specialty Stores,104.47,101.75,102.1,101.3,101.27,91.22,85.13,88.33,103.01,102.11,105.5,102.7,4.28,4.59,4.8,2226936.3,2329033.5,243314130.0,235931870.0,0.64,-2.55,14309063230.372782,7.7,98,20.08,88,41.64,111,23.14,0.69,2.32,0.5,0.58,37.0,0.114,16.25,True,True,True,True,True,True,True,True,False,True,False,True,False,True,False,False,2026-11-04,False,True,5,large gap,"EMA, near21, ADR",10,https://www.tradingview.com/chart/?symbol=NYSE:W&interval=D,False,False,False
INSP,"Inspire Medical Systems, Inc.",NYSE,Medical Specialties,67.45,69.9,71.37,68.43,64.29,54.85,54.48,60.7,69.71,69.14,68.37,66.5,5.46,5.06,3.41,927496.5,845674.8333333334,57040768.0,57868683.0,1.74,-1.57,1950004746.2778594,10.57,85,36.43,51,20.45,156,22.48,0.97,-5.49,0.48,0.55,27.8,0.145,25.04,False,False,False,True,False,True,True,True,False,True,False,True,True,True,True,False,2026-11-02,False,False,6,,"near21, ADR, RVOL",6,https://www.tradingview.com/chart/?symbol=NYSE:INSP&interval=D,False,False,False
GLND,Greenland Energy Company,NASDAQ,Financial Conglomerates,2.71,4.28,2.98,2.43,2.17,2.36,3.9,5.53,3.54,3.14,3.22,2.68,34.6,25.66,0.7,38763970.9,23900918.833333332,64771490.0,58178820.0,0.08,-2.0,118508825.74000002,105.3,2,25.46,75,-65.08,390,21.9,0.98,-9.05,0.53,0.77,3.6,2.069,124.1,False,False,False,False,False,True,True,True,False,True,False,True,False,False,False,False,2026-12-02,False,True,3,"thin RVOL, below 200-MA, large gap","near21, ADR",5,https://www.tradingview.com/chart/?symbol=NASDAQ:GLND&interval=D,True,False,False
UMAC,"Unusual Machines, Inc.",AMEX,Electronic Equipment/Instruments,21.88,23.16,23.19,23.55,24.48,23.0,20.42,18.85,22.78,23.28,22.24,20.64,7.02,8.13,1.78,2808340.6,2712512.8333333335,59349781.0,63870636.0,1.39,-3.4,1093048355.0375671,-13.07,271,4.69,133,73.65,69,21.76,-1.31,-5.65,0.74,0.9,69.7,0.163,25.73,False,False,False,True,False,True,True,False,False,True,False,False,False,False,True,False,2026-11-12,False,True,3,"LoD>60% ATR, thin RVOL, large gap","near21, RVOL",4,https://www.tradingview.com/chart/?symbol=AMEX:UMAC&interval=D,False,False,False
WK,Workiva Inc.,NYSE,Information Technology Services,71.53,69.55,71.1,72.91,70.84,60.77,59.47,63.55,70.43,70.9,71.87,69.2,4.36,4.48,3.2,2155174.9,1359956.4333333333,97277684.0,99151250.0,0.65,0.93,3892411572.1123147,-8.06,215,42.77,43,30.01,129,21.57,0.22,0.61,0.2,0.83,72.8,0.14,16.26,True,True,False,True,True,True,True,False,False,True,False,False,False,False,False,False,2026-11-05,False,False,4,"LoD>60% ATR, thin RVOL",near21,7,https://www.tradingview.com/chart/?symbol=NYSE:WK&interval=D,False,False,False
SANM,Sanmina Corporation,NASDAQ,Electronic Production Equipment,219.41,222.79,213.67,208.23,203.64,219.16,201.17,189.66,221.02,215.34,222.43,215.06,4.26,4.67,10.25,596966.7,612322.1333333333,134349599.0,127501389.0,0.67,-2.82,11759796013.759022,11.38,82,0.77,156,52.51,95,21.55,1.66,2.69,0.4,0.72,42.4,0.222,15.1,False,False,False,True,True,True,True,False,False,True,False,True,False,True,False,False,2026-11-09,False,True,5,large gap,near21,6,https://www.tradingview.com/chart/?symbol=NASDAQ:SANM&interval=D,False,False,False
IBRX,"ImmunityBio, Inc.",NASDAQ,Pharmaceuticals: Major,9.75,9.33,8.83,8.59,8.17,7.95,7.9,7.32,9.45,9.0,9.93,9.33,6.83,6.38,0.62,14996499.4,12020397.133333333,117198872.0,103257215.0,0.77,-1.96,10333403513.467493,20.67,44,11.05,110,32.65,125,21.46,3.02,10.41,1.31,0.97,67.6,0.339,20.54,True,True,True,True,False,True,True,False,False,True,False,False,False,True,False,False,2026-11-05,False,False,5,LoD>60% ATR,"EMA, near21",7,https://www.tradingview.com/chart/?symbol=NASDAQ:IBRX&interval=D,False,False,False
WIX,Wix.com Ltd.,NASDAQ,Packaged Software,72.97,73.09,76.4,78.38,74.99,62.61,68.4,72.49,73.99,75.29,75.5,72.05,6.27,6.18,4.51,1047705.0,1262151.0,92099158.0,98928868.0,0.69,0.22,3053758910.464619,-8.79,229,59.22,26,10.59,188,20.34,-0.44,-4.5,0.5,0.76,20.4,0.214,18.9,False,False,False,True,False,True,True,False,False,True,False,True,False,False,False,False,2026-11-05,False,False,5,thin RVOL,near21,5,https://www.tradingview.com/chart/?symbol=NASDAQ:WIX&interval=D,False,False,False
BRKR,Bruker Corporation,NASDAQ,Medical Specialties,59.72,63.0,60.65,59.67,58.91,57.63,50.96,49.55,61.88,61.07,61.38,57.33,5.38,5.41,3.23,2371459.9,2292822.2666666666,136927346.0,136813469.0,1.25,0.58,9098898230.105785,0.67,142,3.32,142,56.99,88,20.33,0.25,-1.53,0.41,1.25,74.0,0.247,22.52,False,False,False,True,True,True,False,False,False,True,True,False,False,False,True,False,2026-10-29,False,False,4,"LoD>60% ATR, thin RVOL","near21, RVOL",4,https://www.tradingview.com/chart/?symbol=NASDAQ:BRKR&interval=D,False,False,False
RGEN,Repligen Corporation,NASDAQ,Pharmaceuticals: Major,167.22,185.17,180.22,177.92,172.13,151.8,140.95,143.8,180.65,179.73,175.04,165.99,5.42,5.29,8.85,1589639.4,1151520.6,192557275.0,204879697.0,1.85,-0.06,9437164301.616722,-0.02,143,21.67,83,38.63,115,20.09,-0.54,-7.21,1.32,1.02,13.9,0.211,26.45,False,False,False,True,False,True,False,False,False,True,True,True,True,True,True,False,2026-11-03,False,False,6,,"near21, RVOL",4,https://www.tradingview.com/chart/?symbol=NASDAQ:RGEN&interval=D,False,False,False
NUAI,"New Era Energy & Digital, Inc.",NASDAQ,Engineering & Construction,5.53,6.45,6.31,5.98,5.63,5.34,5.08,5.04,6.2,6.17,5.72,5.42,10.4,10.34,0.57,7432630.2,7607010.933333334,42066770.0,45487390.0,0.89,-3.07,589273129.0614336,6.35,105,23.16,81,28.31,134,19.27,-0.17,-12.34,1.01,0.52,19.2,0.404,25.58,False,False,False,True,False,True,True,True,False,True,False,True,False,False,False,False,2026-12-02,False,True,4,"thin RVOL, large gap","near21, ADR",6,https://www.tradingview.com/chart/?symbol=NASDAQ:NUAI&interval=D,False,False,False
MDB,"MongoDB, Inc.",NASDAQ,Packaged Software,363.03,364.5,377.88,386.05,392.96,364.04,329.92,341.99,365.73,375.38,367.44,357.36,6.06,6.69,24.3,4723663.3,2935797.533333333,1065782579.0,1133369531.0,0.28,0.39,29244368535.518063,-4.05,179,3.88,138,57.48,86,19.11,-1.14,-3.93,0.49,0.41,23.3,0.297,17.37,False,False,False,True,False,True,True,True,False,True,False,True,False,True,False,False,2026-12-07,False,False,6,,"near21, ADR",6,https://www.tradingview.com/chart/?symbol=NASDAQ:MDB&interval=D,False,False,False
CLF,Cleveland-Cliffs Inc.,NYSE,Steel,12.06,11.72,11.97,11.97,11.91,11.61,10.89,11.37,11.87,11.89,12.16,11.85,5.03,5.3,0.64,15856360.7,13883854.7,167439288.0,166185113.0,0.58,-1.88,6880712871.570613,-1.15,155,27.22,69,29.26,131,18.44,0.23,0.74,0.26,0.48,32.8,0.18,9.01,True,True,False,True,True,True,True,True,False,True,False,True,False,False,False,False,2026-10-19,False,False,5,thin RVOL,"near21, ADR",9,https://www.tradingview.com/chart/?symbol=NYSE:CLF&interval=D,False,False,False
CXW,"CoreCivic, Inc.",NYSE,Miscellaneous Commercial Services,31.82,32.64,33.36,33.5,32.96,30.15,26.71,24.74,32.65,32.98,32.58,31.02,6.31,5.49,1.75,2553960.6,2161348.1333333333,68774098.0,72411647.0,0.67,-0.5,3146791035.8313403,-4.9,187,3.31,143,56.75,89,18.39,-0.63,-4.61,0.64,0.89,45.8,0.164,27.08,False,False,False,True,False,True,True,False,False,True,False,True,False,False,False,False,2026-11-04,False,False,5,thin RVOL,near21,5,https://www.tradingview.com/chart/?symbol=NYSE:CXW&interval=D,False,False,False
IOT,Samsara Inc.,NYSE,Packaged Software,40.51,39.71,39.7,39.71,39.47,36.65,34.63,33.68,40.25,39.81,41.93,40.18,4.21,4.92,1.99,5177432.8,6997288.9,283460173.0,277887999.0,0.8,-0.34,23722868164.088646,-9.78,245,13.76,104,51.1,99,18.36,0.54,2.03,0.36,0.88,16.6,0.159,14.88,True,True,True,True,True,True,True,False,False,True,False,True,False,True,False,False,2026-11-26,False,False,6,,"EMA, near21",9,https://www.tradingview.com/chart/?symbol=NYSE:IOT&interval=D,False,False,False
AEHR,Aehr Test Systems,NASDAQ,Electronic Production Equipment,89.37,99.54,95.6,91.98,97.43,94.68,84.87,70.73,97.4,96.52,94.99,85.72,9.05,10.01,8.94,2458730.3,2690869.1333333333,240482974.0,247509731.0,1.67,-1.93,2918783597.4650536,14.55,62,12.91,106,27.35,135,18.27,-0.83,-6.52,0.74,1.04,40.8,0.291,32.24,False,False,False,True,False,True,False,False,False,True,True,True,True,True,True,False,2027-01-08,False,False,6,,"near21, RVOL",4,https://www.tradingview.com/chart/?symbol=NASDAQ:AEHR&interval=D,False,False,False
ICLR,ICON plc,NASDAQ,Miscellaneous Commercial Services,164.08,168.01,168.24,166.87,166.9,159.29,142.73,146.21,166.11,166.96,165.22,157.38,4.5,4.46,7.32,1026736.1,934156.8666666667,153276459.0,155879331.0,0.74,-0.47,12659463452.745872,2.59,129,-1.42,165,52.26,97,17.81,-0.38,-2.47,0.39,1.07,91.6,0.099,15.55,False,False,False,True,True,True,False,False,True,True,True,False,False,True,False,False,2026-10-28,False,False,5,LoD>60% ATR,"near21, BB",5,https://www.tradingview.com/chart/?symbol=NASDAQ:ICLR&interval=D,False,False,False
BRZE,"Braze, Inc.",NASDAQ,Internet Software/Services,28.46,25.29,25.16,27.39,27.68,25.41,24.08,24.16,26.04,26.2,29.18,26.16,4.8,5.48,1.56,2148474.3,2608350.966666667,74233669.0,71435777.0,2.1,-0.68,3232612807.3523164,-12.52,268,24.91,77,40.96,113,17.78,0.51,13.12,1.58,1.93,147.4,0.186,12.65,True,True,False,True,False,False,False,False,False,False,True,False,True,True,True,False,2026-12-15,False,False,5,LoD>60% ATR,RVOL,4,https://www.tradingview.com/chart/?symbol=NASDAQ:BRZE&interval=D,False,False,False
MAT,"Mattel, Inc.",NASDAQ,Recreational Products,16.37,14.43,13.93,14.16,14.43,14.34,14.56,15.82,14.89,14.41,16.68,16.1,5.07,4.66,0.76,12137848.0,6613237.2,108258693.0,93662176.0,1.03,3.08,4676909289.789078,14.96,59,27.0,71,11.21,185,17.72,2.89,17.48,2.93,0.77,36.1,0.319,11.54,True,True,True,True,False,False,True,True,False,True,False,True,False,False,False,False,2026-10-27,False,True,4,"thin RVOL, large gap","EMA, ADR",8,https://www.tradingview.com/chart/?symbol=NASDAQ:MAT&interval=D,False,False,False
VECO,Veeco Instruments Inc.,NASDAQ,Electronic Production Equipment,53.53,52.35,47.69,46.6,48.05,55.01,50.64,45.79,52.42,49.83,54.77,52.88,4.52,5.27,2.82,829178.5,648801.3666666667,34730337.0,30236090.0,0.87,-2.98,3272269654.3928504,24.84,36,-7.0,184,34.7,123,17.51,2.16,12.25,1.41,0.67,23.0,0.455,17.22,False,True,True,True,False,True,True,False,False,True,False,True,False,False,False,False,2026-11-09,False,True,4,"thin RVOL, large gap","EMA, near21",7,https://www.tradingview.com/chart/?symbol=NASDAQ:VECO&interval=D,False,False,False
BSP,Bending Spoons S.p.A.,NASDAQ,Packaged Software,41.07,33.65,36.04,37.79,39.22,,,,34.94,35.95,42.27,32.76,6.33,7.03,2.89,3511671.5,2400171.4,98575039.0,90706878.0,2.94,0.0,26088457342.74448,-0.63,148,20.4,87,32.48,126,17.42,0.67,13.96,2.03,3.29,287.7,0.358,13.57,False,True,False,False,False,False,False,False,False,False,True,False,True,True,True,False,2026-11-12,False,False,4,"LoD>60% ATR, below 200-MA",RVOL,2,https://www.tradingview.com/chart/?symbol=NASDAQ:BSP&interval=D,False,False,False
RUM,RUM Group Inc.,NASDAQ,Internet Software/Services,7.52,7.79,8.07,8.3,7.9,7.48,7.0,6.78,7.77,7.98,7.6,7.35,6.24,7.49,0.56,4007640.2,5305702.533333333,39898883.0,44032910.0,0.76,-1.96,3728492597.8352933,-16.44,299,20.8,86,46.59,103,16.98,-0.65,-6.79,0.77,0.45,30.2,0.299,17.17,False,False,False,True,False,True,True,True,False,True,False,True,False,False,False,False,2026-11-16,False,False,5,thin RVOL,"near21, ADR",6,https://www.tradingview.com/chart/?symbol=NASDAQ:RUM&interval=D,False,False,False
DOCN,"DigitalOcean Holdings, Inc.",NYSE,Packaged Software,127.28,136.14,133.69,127.58,125.52,137.65,123.52,106.72,134.26,132.42,131.01,126.9,6.74,6.8,8.66,1730011.1,2464848.1333333333,313725870.0,314457109.0,0.77,-2.3,14965523741.028625,14.79,61,-10.96,208,46.33,104,16.72,0.21,-4.79,0.57,0.47,4.3,0.239,24.3,False,False,False,True,False,True,True,True,False,True,False,True,False,True,False,False,2026-11-09,False,True,5,large gap,"near21, ADR",6,https://www.tradingview.com/chart/?symbol=NYSE:DOCN&interval=D,False,False,False
VIAV,Viavi Solutions Inc.,NASDAQ,Information Technology Services,46.27,43.57,39.65,38.63,38.87,42.65,41.99,37.23,43.95,41.38,47.18,45.96,4.79,5.25,2.43,6145676.099999999,5202736.733333325,240730629.0,200971315.0,0.52,-3.34,11378816308.050478,34.7,20,7.72,121,6.42,204,16.28,3.63,16.69,2.25,0.5,12.8,0.476,13.7,True,True,True,True,False,False,True,True,False,True,False,True,False,True,False,False,2026-10-29,False,True,5,large gap,"EMA, ADR",8,https://www.tradingview.com/chart/?symbol=NASDAQ:VIAV&interval=D,True,False,False
TSEM,Tower Semiconductor Ltd.,NASDAQ,Semiconductors,248.25,237.4,226.29,221.69,226.27,239.66,222.56,198.75,240.29,232.28,249.97,241.76,4.52,5.57,13.83,1720548.7,1815790.0,450769868.0,402544604.0,0.86,-4.19,28008792631.362946,17.85,49,10.35,114,20.51,154,16.24,1.74,9.7,1.23,0.59,46.9,0.312,16.48,True,True,True,True,False,True,True,True,False,True,False,True,False,True,False,False,2026-11-16,False,True,5,large gap,"EMA, near21, ADR",9,https://www.tradingview.com/chart/?symbol=NASDAQ:TSEM&interval=D,False,False,False
NAVN,"Navan, Inc.",NASDAQ,Packaged Software,22.28,20.89,21.11,23.39,25.41,24.03,20.54,18.72,21.44,22.16,22.41,21.0,4.52,5.35,1.19,2884382.6,4262653.9,94971929.0,99723367.0,1.0,-1.08,5806958787.568885,-20.2,339,-11.09,210,79.82,60,16.18,-2.3,5.56,0.1,1.18,107.5,0.176,30.03,False,False,False,True,False,True,False,False,False,True,True,False,False,False,False,False,2026-12-15,False,False,4,"LoD>60% ATR, thin RVOL",near21,3,https://www.tradingview.com/chart/?symbol=NASDAQ:NAVN&interval=D,False,False,False
WLTH,Wealthfront Corporation,NASDAQ,Packaged Software,10.9,10.33,10.32,9.98,9.75,9.77,9.79,9.86,10.4,10.19,10.92,10.48,4.63,4.59,0.5,2339885.2,3127399.8666666667,34088659.0,31206238.0,0.95,0.19,1702323198.066351,19.13,47,21.25,85,8.03,198,16.13,2.57,5.67,1.51,0.89,83.9,0.124,5.35,True,True,True,True,False,False,True,False,False,False,False,False,False,False,False,False,2027-01-12,False,False,4,"LoD>60% ATR, thin RVOL",EMA,6,https://www.tradingview.com/chart/?symbol=NASDAQ:WLTH&interval=D,False,False,False
FPS,"Forgent Power Solutions, Inc.",NYSE,Electrical Products,40.65,38.78,36.87,34.87,35.27,42.63,40.1,,38.95,37.43,41.12,39.01,5.12,5.85,2.38,8031222.8,9434679.5,383519722.0,328962115.0,0.83,-3.26,12375034109.629986,31.68,26,-12.76,221,29.29,130,16.07,2.61,10.27,1.47,0.89,68.9,0.397,18.09,False,True,True,False,False,True,True,False,False,True,False,False,False,True,False,False,2026-12-02,False,True,3,"LoD>60% ATR, below 200-MA, large gap","EMA, near21",5,https://www.tradingview.com/chart/?symbol=NYSE:FPS&interval=D,False,False,False
TGB,Trekor Metals Limited,AMEX,Other Metals/Minerals,8.52,8.77,8.59,8.68,8.52,7.78,7.52,7.46,8.73,8.68,8.58,8.42,5.14,5.59,0.48,5118873.5,5330497.7,45415840.0,46247398.0,0.54,-2.95,3118518581.2769356,1.79,135,28.9,63,17.52,169,16.07,0.01,-0.76,0.34,0.34,21.0,0.194,15.35,False,False,False,True,True,True,True,True,False,True,False,True,False,False,False,False,2026-11-04,False,True,4,"thin RVOL, large gap","near21, ADR",7,https://www.tradingview.com/chart/?symbol=AMEX:TGB&interval=D,False,False,False
STX,Seagate Technology Holdings PLC,NASDAQ,Computer Peripherals,807.57,887.49,865.54,857.53,856.4,871.36,757.92,658.92,865.27,867.64,810.78,780.9,5.78,6.93,55.99,4831799.5,4154323.7,3354907190.0,3562466203.0,0.94,-2.65,183635782782.6948,-1.37,157,-12.44,217,60.02,81,15.41,-0.82,-6.7,1.0,0.53,47.6,0.249,28.3,False,False,False,True,False,True,True,True,False,True,False,True,False,True,False,False,2026-10-28,False,True,5,large gap,"near21, ADR",6,https://www.tradingview.com/chart/?symbol=NASDAQ:STX&interval=D,False,False,False
SNAP,Snap Inc.,NYSE,Packaged Software,5.81,5.52,5.58,5.54,5.42,5.24,5.24,5.6,5.61,5.55,5.9,5.64,4.21,4.65,0.27,30726420.5,33695290.3,195769637.0,186671908.0,0.94,-1.38,9825859431.100346,2.83,127,27.27,68,15.39,175,15.17,1.53,4.1,1.01,0.94,61.1,0.128,6.27,True,True,True,True,False,True,True,False,False,True,False,False,False,False,False,False,2026-11-03,False,False,4,"LoD>60% ATR, thin RVOL","EMA, near21",7,https://www.tradingview.com/chart/?symbol=NYSE:SNAP&interval=D,False,False,False
NEOG,Neogen Corporation,NASDAQ,Medical Specialties,11.68,12.77,12.75,12.41,12.07,10.67,10.21,10.07,12.5,12.53,12.92,11.37,6.52,5.94,0.69,6826233.7,4185919.566666667,48891541.0,51959122.0,2.2,5.43,2547478121.016722,1.83,134,26.27,73,17.27,172,15.12,-0.55,-8.39,1.14,2.24,44.7,0.233,23.15,False,False,False,True,False,True,False,False,False,True,True,True,True,True,True,False,2027-01-14,False,True,5,large gap,"near21, RVOL",4,https://www.tradingview.com/chart/?symbol=NASDAQ:NEOG&interval=D,False,False,False
HOOD,"Robinhood Markets, Inc.",NASDAQ,Investment Banks/Brokers,109.51,114.49,114.99,113.91,106.44,101.19,92.98,94.24,113.53,113.49,110.18,107.51,4.66,5.31,5.81,19577566.1,21855725.166666668,2393420463.0,2489520087.0,0.96,-3.18,98458501361.81331,-9.1,233,-2.42,168,56.2,90,14.89,0.54,-4.77,0.66,0.46,34.4,0.179,20.11,False,False,False,True,False,True,True,True,False,True,False,True,False,True,False,False,2026-10-27,False,True,5,large gap,"near21, ADR",6,https://www.tradingview.com/chart/?symbol=NASDAQ:HOOD&interval=D,False,False,False
TVTX,"Travere Therapeutics, Inc.",NASDAQ,Pharmaceuticals: Major,53.44,58.14,60.87,62.7,62.2,57.23,49.77,45.31,57.75,59.91,56.61,53.28,4.65,4.8,2.56,2061564.0,1678540.5666666667,89701208.0,105241136.0,1.81,-1.02,5037311961.123259,-19.08,324,-8.65,195,71.01,70,14.43,-2.93,-12.2,2.25,1.3,6.4,0.236,31.6,False,False,False,True,False,False,False,False,False,False,True,True,True,True,True,False,2026-10-22,False,False,6,,RVOL,3,https://www.tradingview.com/chart/?symbol=NASDAQ:TVTX&interval=D,False,False,False
MRX,Marex Group Limited,NASDAQ,Internet Software/Services,71.88,72.22,72.43,72.93,70.6,65.76,59.29,54.51,72.65,72.41,74.11,69.75,4.37,4.55,3.27,739354.1,782721.6,56262029.0,57085974.0,0.93,-1.71,5170390790.561961,-4.98,189,4.55,135,43.42,109,14.33,0.4,-0.75,0.16,1.33,65.2,0.097,24.93,False,False,False,True,True,True,False,False,True,True,True,False,False,False,False,False,2026-11-05,False,False,4,"LoD>60% ATR, thin RVOL","near21, BB",5,https://www.tradingview.com/chart/?symbol=NASDAQ:MRX&interval=D,False,False,False
IONQ,"IonQ, Inc.",NYSE,Computer Processing Hardware,41.34,43.82,41.32,40.67,41.1,46.34,43.78,43.39,42.8,42.08,42.38,40.76,6.09,6.34,2.62,23844905.4,22530018.2,931390952.0,916205720.0,0.66,-2.54,16748409078.82883,5.81,107,-9.14,197,46.16,106,14.27,0.09,0.05,0.28,0.62,22.1,0.287,12.67,False,False,False,False,True,True,True,True,False,True,False,True,False,True,False,False,2026-11-11,False,True,4,"below 200-MA, large gap","near21, ADR",6,https://www.tradingview.com/chart/?symbol=NYSE:IONQ&interval=D,False,False,False
GENI,Genius Sports Limited,NYSE,Internet Software/Services,6.34,6.05,6.21,6.64,7.07,6.61,5.94,6.6,6.13,6.33,6.42,6.04,6.79,6.78,0.43,9105007.1,7230675.9,45842485.0,48016508.0,1.12,0.0,1760155016.9131832,-16.47,300,1.93,151,55.01,92,13.49,-1.53,2.14,0.02,0.88,69.8,0.238,17.81,False,False,False,False,True,True,True,False,False,True,False,False,False,False,False,False,2026-11-11,False,False,3,"LoD>60% ATR, thin RVOL, below 200-MA",near21,4,https://www.tradingview.com/chart/?symbol=NYSE:GENI&interval=D,False,False,False
TGTX,"TG Therapeutics, Inc.",NASDAQ,Pharmaceuticals: Major,52.95,55.01,55.34,55.4,53.56,51.33,45.59,41.65,54.38,54.83,53.88,51.4,4.16,4.28,2.27,1664530.0,1776539.8,94067782.0,98414679.0,0.87,-0.69,8105005773.920292,-5.95,198,-7.99,192,52.9,94,12.99,-0.26,-4.32,0.8,1.09,68.2,0.122,25.86,False,False,False,True,False,True,False,False,False,True,True,False,False,False,False,False,2026-11-09,False,False,4,"LoD>60% ATR, thin RVOL",near21,3,https://www.tradingview.com/chart/?symbol=NASDAQ:TGTX&interval=D,False,False,False
TER,"Teradyne, Inc.",NASDAQ,Electronic Production Equipment,411.78,414.28,389.49,378.61,380.56,379.78,365.34,338.65,414.28,398.62,416.69,404.8,4.1,4.96,20.43,2026618.0,2404049.8666666667,989939654.0,910194115.0,1.21,-3.52,64377992667.56734,19.05,48,8.58,118,11.0,186,12.88,1.65,5.72,0.67,0.58,34.2,0.336,18.36,False,False,False,True,False,True,True,True,False,True,False,True,False,True,True,False,2026-10-27,False,True,5,large gap,"near21, ADR, RVOL",6,https://www.tradingview.com/chart/?symbol=NASDAQ:TER&interval=D,False,False,False
COHR,Coherent Corp.,NYSE,Semiconductors,334.56,311.17,304.18,297.43,301.22,327.97,317.14,291.45,318.93,309.05,338.36,316.85,5.36,6.08,20.34,6507782.4,6357602.0,2126999325.0,1890916132.0,0.85,-2.74,65517633008.69465,24.05,37,-0.17,158,13.05,181,12.31,1.82,9.99,1.36,1.06,87.1,0.276,10.92,True,True,True,True,False,True,False,False,False,True,True,False,False,True,False,False,2026-11-11,False,True,4,"LoD>60% ATR, large gap","EMA, near21",6,https://www.tradingview.com/chart/?symbol=NYSE:COHR&interval=D,False,False,False
BETA,"Beta Technologies, Inc.",NYSE,Aerospace & Defense,20.26,22.02,21.76,21.45,22.1,19.61,18.62,19.85,21.54,21.75,20.6,19.78,7.66,7.66,1.55,1995096.1,3286849.066666667,66591562.0,70496339.0,0.88,-2.34,4739645772.845934,-4.21,183,18.13,91,22.49,146,12.14,-1.09,-6.88,0.89,0.53,30.9,0.228,17.14,False,False,False,True,False,True,True,True,False,True,False,True,False,False,False,False,2026-12-03,False,True,4,"thin RVOL, large gap","near21, ADR",6,https://www.tradingview.com/chart/?symbol=NYSE:BETA&interval=D,False,False,False
PGY,Pagaya Technologies Ltd.,NASDAQ,Packaged Software,18.14,17.8,19.19,20.19,20.43,18.12,16.32,16.87,18.27,19.02,18.34,17.7,5.0,5.8,1.05,2426562.3999999957,2331763.4666666663,42298189.0,47080636.0,0.52,-1.83,1513344765.7396123,-19.86,333,5.96,126,50.17,101,12.09,-1.93,-5.48,0.8,0.6,41.8,0.321,22.65,False,False,False,True,False,True,True,True,False,True,False,True,False,False,False,False,2026-10-29,False,False,5,thin RVOL,"near21, ADR",6,https://www.tradingview.com/chart/?symbol=NASDAQ:PGY&interval=D,False,False,False
HIMS,"Hims & Hers Health, Inc.",NYSE,Medical/Nursing Services,29.54,29.29,28.83,28.84,29.31,29.92,27.94,27.45,29.28,29.16,29.92,28.75,5.46,5.47,1.62,9283136.3,9514691.5,281063987.0,274416389.0,0.55,-2.04,6892078089.600951,6.53,104,-18.4,271,48.07,102,12.07,0.14,2.46,0.24,0.72,48.9,0.113,8.35,False,True,True,True,True,True,True,True,False,True,False,True,False,False,False,False,2026-11-09,False,True,4,"thin RVOL, large gap","EMA, near21, ADR",9,https://www.tradingview.com/chart/?symbol=NYSE:HIMS&interval=D,False,False,False
FSLY,"Fastly, Inc.",NASDAQ,Information Technology Services,25.28,25.67,25.34,24.26,24.6,21.6,22.9,20.19,25.63,25.21,25.77,24.84,9.49,8.25,2.09,5803163.9,6710521.866666666,169641993.0,162781603.0,0.31,-0.24,4027104112.9721675,21.19,43,30.51,58,-15.79,279,11.97,0.33,-0.25,0.04,0.45,21.1,0.241,21.66,False,False,False,True,True,True,True,True,False,True,False,True,False,False,False,False,2026-11-04,False,False,5,thin RVOL,"near21, ADR",7,https://www.tradingview.com/chart/?symbol=NASDAQ:FSLY&interval=D,False,False,False
SYRE,"Spyre Therapeutics, Inc.",NASDAQ,Pharmaceuticals: Major,80.85,86.91,88.82,89.1,95.01,90.47,79.58,68.4,86.83,88.85,82.22,78.0,6.32,6.71,5.43,1699673.7,1491808.9666666666,120612755.0,132913217.0,1.79,-1.5,7128849123.140058,-6.48,202,-16.1,247,57.3,87,11.57,-2.22,-8.98,1.34,0.78,52.5,0.165,32.91,False,False,False,True,False,True,True,False,False,True,False,True,True,True,True,False,2026-11-05,False,False,6,,"near21, RVOL",5,https://www.tradingview.com/chart/?symbol=NASDAQ:SYRE&interval=D,False,False,False
WAY,Waystar Holding Corp.,NASDAQ,Packaged Software,25.77,25.43,25.36,25.33,24.81,22.66,22.95,24.28,25.63,25.39,26.55,25.58,4.31,4.38,1.13,1923896.7,2090355.3333333333,53868457.0,52943823.0,0.94,-0.42,4941356926.892046,-1.04,153,15.77,97,19.53,161,11.42,0.88,1.6,0.34,0.86,16.8,0.151,10.74,True,True,True,True,True,True,True,False,False,True,False,True,False,False,False,False,2026-11-11,False,False,5,thin RVOL,"EMA, near21",9,https://www.tradingview.com/chart/?symbol=NASDAQ:WAY&interval=D,False,False,False
QCOM,QUALCOMM Incorporated,NASDAQ,Semiconductors,177.12,185.77,186.28,180.44,172.23,186.83,173.78,169.34,183.43,182.73,179.82,175.35,4.5,4.32,7.66,11050178.5,13349972.233333332,2364547082.0,2408824490.0,0.7,-1.17,189135726985.98465,4.2,118,-7.97,191,37.52,119,11.25,0.66,-4.92,0.71,0.58,23.1,0.155,9.87,False,False,False,True,False,True,True,True,False,True,False,True,False,True,False,False,2026-11-11,False,False,6,,"near21, ADR",6,https://www.tradingview.com/chart/?symbol=NASDAQ:QCOM&interval=D,False,False,False
PATH,"UiPath, Inc.",NYSE,Packaged Software,13.07,12.82,13.27,14.48,14.69,12.93,12.25,12.64,13.09,13.52,13.21,12.94,4.04,5.08,0.66,35600735.6,51438292.3,672298480.0,744792180.0,0.59,0.23,6811505081.809924,-19.52,330,17.96,92,31.89,127,10.11,-2.17,-1.49,0.65,0.41,20.3,0.184,18.61,False,False,False,True,True,True,True,True,False,True,False,True,False,False,False,False,2026-12-09,False,False,5,thin RVOL,"near21, ADR",7,https://www.tradingview.com/chart/?symbol=NYSE:PATH&interval=D,False,False,False
GDDY,GoDaddy Inc.,NYSE,Data Processing Services,97.21,97.06,98.3,98.26,96.72,91.66,89.4,93.01,97.55,97.66,98.78,96.74,4.8,4.37,4.25,2615125.6,2414228.033333333,234687107.0,237227680.0,0.52,-0.02,12311423448.694538,-4.97,188,14.84,100,20.4,157,10.09,0.12,-1.11,0.1,0.48,11.2,0.117,9.15,False,False,False,True,True,True,True,True,False,True,False,True,False,True,False,False,2026-10-29,False,False,6,,"near21, ADR",7,https://www.tradingview.com/chart/?symbol=NYSE:GDDY&interval=D,False,False,False
SEZL,Sezzle Inc.,NASDAQ,Packaged Software,113.85,110.01,112.92,115.58,124.17,135.31,115.42,103.69,111.29,113.7,115.0,110.08,4.34,4.92,5.6,481204.4,471999.90000000014,53737189.0,54555400.0,0.65,-1.81,3833900275.533498,-6.5,204,-32.28,348,68.99,74,10.07,-1.69,0.82,0.03,0.88,67.3,0.158,27.77,False,False,False,True,True,True,True,False,False,True,False,False,False,False,False,False,2026-11-05,False,False,4,"LoD>60% ATR, thin RVOL",near21,5,https://www.tradingview.com/chart/?symbol=NASDAQ:SEZL&interval=D,False,False,False
DFTX,"Definium Therapeutics, Inc.",NASDAQ,Pharmaceuticals: Major,35.09,36.95,37.79,38.46,40.72,37.32,31.71,27.76,36.85,37.87,36.39,34.92,4.97,5.62,1.97,2310518.3999999976,2251682.2666666643,79011531.0,86599700.0,0.82,-0.79,4714936436.074677,-7.51,213,-22.14,299,59.46,82,9.94,-2.46,-7.14,1.31,0.74,8.6,0.145,36.91,False,False,False,True,False,True,True,False,False,True,False,True,False,False,False,False,2026-11-05,False,False,5,thin RVOL,near21,5,https://www.tradingview.com/chart/?symbol=NASDAQ:DFTX&interval=D,False,False,False
MNDY,monday.com Ltd.,NASDAQ,Packaged Software,83.51,81.28,85.19,88.06,88.76,83.81,79.36,87.63,82.6,84.54,85.2,82.44,4.93,5.61,4.69,1106428.6,1148836.8333333333,95939364.0,101168103.0,0.51,0.01,3530311508.7578597,-11.9,262,7.49,123,33.62,124,9.74,-1.05,-1.97,0.22,0.59,22.8,0.248,11.26,False,False,False,False,True,True,True,True,False,True,False,True,False,False,False,False,2026-11-16,False,False,4,"thin RVOL, below 200-MA","near21, ADR",6,https://www.tradingview.com/chart/?symbol=NASDAQ:MNDY&interval=D,False,False,False
FIGS,"FIGS, Inc.",NYSE,Apparel/Footwear,14.06,13.68,13.37,13.85,13.6,12.35,13.15,12.81,13.73,13.63,14.66,13.94,4.63,4.8,0.67,3335483.0,2764861.966666667,38873959.0,38281357.0,2.54,-0.35,2335931822.26383,-5.45,192,38.52,50,-4.03,231,9.68,0.71,5.13,0.65,1.07,17.8,0.168,9.46,True,True,True,True,False,True,False,False,False,True,True,True,True,True,True,False,2026-11-05,False,False,6,,"EMA, near21, RVOL",7,https://www.tradingview.com/chart/?symbol=NYSE:FIGS&interval=D,False,False,False
DXC,DXC Technology Company,NYSE,Data Processing Services,12.02,11.12,11.22,11.22,11.1,10.19,10.74,11.6,11.38,11.22,12.08,11.6,4.14,4.32,0.52,3470935.9000000088,2883517.399999999,34659879.0,32357871.0,1.36,0.51,1920539799.237532,4.7,113,28.01,66,-3.99,229,9.57,1.92,7.17,1.65,0.93,81.9,0.192,11.72,True,True,True,True,False,False,True,False,False,False,False,False,False,False,True,False,2026-11-04,False,False,4,"LoD>60% ATR, thin RVOL","EMA, RVOL",6,https://www.tradingview.com/chart/?symbol=NYSE:DXC&interval=D,False,False,False
KEEL,Keel Infrastructure Corp.,NASDAQ,Data Processing Services,3.33,3.57,3.64,3.55,3.56,4.35,3.8,3.46,3.54,3.59,3.39,3.28,6.58,7.73,0.26,23019487.4,31088375.4,103524290.0,110249742.0,1.26,-3.75,2056518709.9365993,0.91,137,-30.77,341,58.57,84,9.57,-0.85,-8.4,0.92,0.43,19.4,0.28,26.62,False,False,False,False,False,True,True,True,False,True,False,True,False,False,True,False,2026-11-16,False,True,3,"thin RVOL, below 200-MA, large gap","near21, ADR, RVOL",5,https://www.tradingview.com/chart/?symbol=NASDAQ:KEEL&interval=D,False,False,False
RMBS,"Rambus, Inc.",NASDAQ,Semiconductors,111.48,107.68,98.66,94.68,94.64,110.85,110.16,108.18,107.32,101.84,112.27,109.25,4.82,4.61,5.14,1614463.3,2354206.433333333,262446933.0,222885279.0,0.59,-2.76,12091298919.810677,29.84,28,-4.34,176,2.7,211,9.4,3.86,12.99,2.06,0.59,43.4,0.454,14.54,True,True,True,True,False,False,True,True,False,True,False,True,False,True,False,False,2026-10-26,False,True,5,large gap,"EMA, ADR",8,https://www.tradingview.com/chart/?symbol=NASDAQ:RMBS&interval=D,False,False,False
CLS,"Celestica, Inc.",NYSE,Electronic Components,371.57,372.63,353.99,338.62,333.57,347.32,343.63,332.23,370.81,356.87,380.42,367.15,4.56,5.2,19.31,2152851.2,2174497.8333333335,807978160.0,736332080.0,0.71,-2.56,46859104949.50435,17.47,51,-0.58,162,10.34,189,9.08,2.19,4.97,0.79,0.69,22.9,0.257,10.87,False,False,True,True,False,True,True,False,False,True,False,True,False,True,False,False,2026-10-26,False,True,5,large gap,"EMA, near21",6,https://www.tradingview.com/chart/?symbol=NYSE:CLS&interval=D,False,False,False
AUR,"Aurora Innovation, Inc.",NASDAQ,Packaged Software,5.72,5.67,6.04,6.02,6.23,6.39,5.94,5.56,5.77,5.92,5.74,5.62,5.75,5.57,0.32,29253317.4,31110403.733333334,177951509.0,187419442.0,0.53,-1.22,11463715795.457392,-8.7,228,-6.84,183,41.06,112,8.51,-1.48,-5.33,0.62,0.35,29.8,0.271,14.41,False,False,False,True,False,True,True,True,False,True,False,True,False,True,False,False,2026-11-04,False,False,6,,"near21, ADR",6,https://www.tradingview.com/chart/?symbol=NASDAQ:AUR&interval=D,False,False,False
WTTR,"Select Water Solutions, Inc.",NYSE,Oil & Gas Production,19.33,19.8,20.07,20.01,20.0,19.55,18.22,16.7,19.85,19.95,19.97,19.06,4.4,4.35,0.84,2221967.0,1761740.1333333333,34054437.0,35251833.0,0.85,-0.6,2492465964.9709854,-3.93,178,0.21,157,29.12,132,8.47,-0.77,-3.68,0.71,1.09,32.7,0.088,17.44,False,False,False,True,False,True,False,False,True,True,True,True,False,False,False,False,2026-11-03,False,False,5,thin RVOL,"near21, BB",5,https://www.tradingview.com/chart/?symbol=NYSE:WTTR&interval=D,False,False,False
CIEN,Ciena Corporation,NYSE,Telecommunications Equipment,446.45,381.65,363.93,362.53,377.18,425.76,435.73,394.6,393.74,377.93,448.0,422.3,4.53,5.41,24.15,2709638.2,2766084.8333333335,1234918574.0,1002793345.0,1.32,-3.31,63310418559.136375,38.79,14,-3.07,170,-10.37,254,8.45,3.39,22.67,3.35,1.06,100.0,0.353,16.08,True,True,True,True,False,False,False,False,False,False,True,False,False,True,True,False,2026-12-10,False,True,4,"LoD>60% ATR, large gap","EMA, RVOL",5,https://www.tradingview.com/chart/?symbol=NYSE:CIEN&interval=D,True,False,False
WOLF,"Wolfspeed, Inc.",NYSE,Semiconductors,31.37,30.09,27.79,27.57,27.68,37.09,33.49,29.72,30.54,29.1,32.3,30.46,7.14,7.95,2.49,3517015.6000001146,2821664.1666666884,88515605.0,77806449.0,2.42,-4.08,1660431936.4517753,15.76,56,-17.45,265,25.78,141,8.03,1.68,12.88,0.98,0.74,36.5,0.467,30.01,False,True,True,True,False,True,True,False,False,True,False,True,True,True,True,False,2026-10-28,False,True,5,large gap,"EMA, near21, RVOL",7,https://www.tradingview.com/chart/?symbol=NYSE:WOLF&interval=D,False,False,False
PAY,"Paymentus Holdings, Inc.",NYSE,Miscellaneous Commercial Services,31.32,30.8,32.91,34.01,36.08,30.47,29.01,28.65,31.49,32.64,31.89,31.24,4.22,4.49,1.4,1177618.8,1171815.9,36701274.0,39847990.0,0.56,-0.41,3944429619.22422,-13.34,273,11.02,111,26.09,140,7.92,-2.94,-4.84,0.9,0.46,5.3,0.321,23.71,False,False,False,True,False,True,True,True,False,True,False,True,False,False,False,False,2026-11-09,False,False,5,thin RVOL,"near21, ADR",6,https://www.tradingview.com/chart/?symbol=NYSE:PAY&interval=D,False,False,False
ACMR,"ACM Research, Inc.",NASDAQ,Industrial Machinery,72.77,77.72,74.14,74.14,76.3,83.5,72.09,67.59,76.61,75.97,73.96,70.99,6.08,6.81,4.96,1348116.7,1141298.4000000006,83052285.0,84612820.0,0.8,-3.88,5068371801.120106,2.13,133,-31.99,346,52.37,96,7.5,-0.68,-1.84,0.62,0.6,35.9,0.3,21.86,False,False,False,True,True,True,True,True,False,True,False,True,False,False,False,False,2026-10-28,False,True,4,"thin RVOL, large gap","near21, ADR",7,https://www.tradingview.com/chart/?symbol=NASDAQ:ACMR&interval=D,False,False,False
SHLS,"Shoals Technologies Group, Inc.",NASDAQ,Semiconductors,8.39,7.97,7.7,7.49,7.79,9.06,8.41,8.58,8.07,7.85,8.46,8.21,4.82,5.31,0.45,3840464.9,4328565.166666667,36316662.0,32436103.0,1.57,-1.06,1412036603.723204,19.35,46,-16.77,257,19.86,160,7.48,1.46,8.99,1.29,0.56,40.4,0.248,16.28,False,True,True,False,False,True,True,True,False,True,False,True,True,True,True,False,2026-11-10,False,False,5,below 200-MA,"EMA, near21, ADR, RVOL",7,https://www.tradingview.com/chart/?symbol=NASDAQ:SHLS&interval=D,False,False,False
HUT,Hut 8 Corp.,NASDAQ,Data Processing Services,89.3,91.68,93.81,91.39,91.0,101.11,89.73,81.03,91.39,92.13,90.27,85.66,6.97,7.83,7.0,4550014.20000001,4681025.666666666,418015592.0,427807518.0,2.59,-3.27,11007070645.435913,2.63,128,-19.19,280,38.45,116,7.3,-0.24,-4.81,0.39,0.66,52.0,0.254,22.49,False,False,False,True,False,True,True,True,False,True,False,True,True,True,True,False,2026-11-18,False,True,5,large gap,"near21, ADR, RVOL",6,https://www.tradingview.com/chart/?symbol=NASDAQ:HUT&interval=D,False,False,False
WRBY,Warby Parker Inc.,NYSE,Specialty Stores,25.31,26.56,25.22,24.99,25.7,26.0,25.2,25.2,26.07,25.67,26.41,25.29,6.54,6.13,1.55,3977678.2,3117259.8,78897846.0,77915909.0,0.42,-0.95,3128519631.1563096,10.04,87,-9.32,199,20.64,153,7.12,-0.25,0.35,0.23,0.72,1.3,0.257,5.38,False,False,False,True,True,True,True,True,False,True,False,True,False,False,False,False,2026-11-05,False,False,5,thin RVOL,"near21, ADR",7,https://www.tradingview.com/chart/?symbol=NYSE:WRBY&interval=D,False,False,False
RHI,Robert Half Inc.,NYSE,Personnel Services,33.95,35.89,36.73,38.82,40.11,36.28,32.63,31.38,35.67,37.06,34.11,33.31,4.12,4.48,1.52,1835237.5,1828888.3333333333,62090759.0,70998664.0,0.77,-0.53,3475183996.309771,-20.42,341,3.98,136,36.73,120,6.76,-3.43,-7.58,1.88,0.53,42.1,0.144,25.71,False,False,False,True,False,False,True,True,False,True,False,True,False,False,False,False,2026-10-27,False,False,5,thin RVOL,ADR,5,https://www.tradingview.com/chart/?symbol=NYSE:RHI&interval=D,False,False,False
TH,Target Hospitality Corp.,NASDAQ,Hotels/Resorts/Cruise lines,18.26,19.54,19.77,19.41,18.24,18.09,16.31,14.12,19.27,19.37,18.56,17.76,4.67,5.3,0.97,2769900.3,2477079.0,45231463.0,48071021.0,1.07,-1.89,1819123751.8263218,-1.78,158,-0.54,161,22.55,145,6.74,0.02,-7.64,1.08,0.83,51.7,0.219,30.92,False,False,False,True,False,True,True,False,False,True,False,True,False,False,False,False,2026-11-11,False,False,5,thin RVOL,near21,5,https://www.tradingview.com/chart/?symbol=NASDAQ:TH&interval=D,False,False,False
ARXS,"Arxis, Inc.",NASDAQ,Aerospace & Defense,47.05,49.27,50.03,50.92,52.68,47.23,,,49.25,50.09,49.01,46.66,4.78,5.01,2.36,1402436.9,995295.2333333333,46828641.0,50681429.0,0.46,-1.39,20270379908.67852,-11.63,259,8.01,119,23.82,144,6.73,-2.13,-5.96,1.21,1.0,16.3,0.112,11.57,False,False,False,False,False,True,True,False,False,True,False,True,False,True,False,False,2026-12-02,False,False,5,below 200-MA,near21,4,https://www.tradingview.com/chart/?symbol=NASDAQ:ARXS&interval=D,False,False,False
VSAT,"ViaSat, Inc.",NASDAQ,Telecommunications Equipment,70.87,71.52,72.57,72.12,74.98,73.48,67.72,61.43,71.81,72.39,72.57,69.29,5.25,5.76,4.08,1557611.0,1690615.9333333333,119813951.0,121928348.0,1.12,-2.94,9762754149.128662,-1.21,156,-7.15,185,26.55,137,6.06,-0.95,-2.34,0.36,0.8,38.7,0.115,19.12,False,False,False,True,True,True,True,False,False,True,False,True,False,False,False,False,2026-11-11,False,True,4,"thin RVOL, large gap",near21,6,https://www.tradingview.com/chart/?symbol=NASDAQ:VSAT&interval=D,False,False,False
COIN,"Coinbase Global, Inc.",NASDAQ,Investment Banks/Brokers,178.45,188.72,186.57,185.11,174.01,170.26,177.49,184.49,186.39,185.37,181.2,177.0,5.39,6.13,10.95,7395959.2,9240514.266666668,1648969771.0,1710530077.0,0.96,-2.97,47081712650.0,-3.52,173,13.86,103,5.37,206,5.23,0.42,-4.35,0.61,0.38,13.2,0.224,10.34,False,False,False,False,False,True,True,True,False,True,False,True,False,True,False,False,2026-10-29,False,True,4,"below 200-MA, large gap","near21, ADR",5,https://www.tradingview.com/chart/?symbol=NASDAQ:COIN&interval=D,False,False,False
AUGO,Aura Minerals Inc.,NASDAQ,Other Metals/Minerals,82.02,81.71,84.62,84.87,80.09,71.6,75.95,73.31,83.11,83.3,84.12,80.8,4.35,5.41,4.44,835231.9000000013,1021403.2999999986,83775499.0,86690754.0,1.18,-4.48,6872392528.104534,-2.22,163,32.5,57,-17.29,286,4.33,0.45,-3.07,0.28,0.75,27.5,0.182,15.88,False,False,False,True,False,True,True,False,False,True,False,True,False,False,False,False,2026-11-05,False,True,4,"thin RVOL, large gap",near21,5,https://www.tradingview.com/chart/?symbol=NASDAQ:AUGO&interval=D,False,False,False
HUBS,"HubSpot, Inc.",NYSE,Packaged Software,220.27,213.07,220.61,229.9,230.53,216.58,222.78,243.91,216.79,220.86,222.29,214.02,5.22,5.79,12.76,1323037.8,1596349.5666666667,351627919.0,367001830.0,0.77,-0.22,10984027576.708046,-10.86,255,15.93,96,7.85,200,4.31,-0.77,-0.15,0.05,0.65,49.0,0.223,14.0,False,False,False,False,True,True,True,True,False,True,False,True,False,True,False,False,2026-11-11,False,False,5,below 200-MA,"near21, ADR",6,https://www.tradingview.com/chart/?symbol=NYSE:HUBS&interval=D,False,False,False
VCYT,"Veracyte, Inc.",NASDAQ,Medical Specialties,43.16,45.68,43.43,43.55,44.3,48.4,43.53,42.55,44.8,44.36,44.21,42.34,6.25,5.98,2.58,1578580.1,1454960.5,62796095.0,63363772.0,0.75,-1.37,3469664103.5090704,-2.38,164,-24.25,314,38.02,118,3.8,-0.43,-0.62,0.45,0.72,31.8,0.249,13.56,False,False,False,True,True,True,True,True,False,True,False,True,False,False,False,False,2026-11-10,False,False,5,thin RVOL,"near21, ADR",7,https://www.tradingview.com/chart/?symbol=NASDAQ:VCYT&interval=D,False,False,False
AAOI,"Applied Optoelectronics, Inc.",NASDAQ,Semiconductors,122.54,109.64,105.64,106.19,112.91,130.81,131.78,110.24,113.76,110.14,127.89,119.73,6.15,7.14,8.75,8738676.1,7318539.033333333,896813773.0,777138583.0,1.29,-3.1,10404416842.125385,20.24,45,2.54,147,-12.31,259,3.49,1.19,16.0,1.58,0.93,32.1,0.36,21.34,False,True,True,True,False,False,True,False,False,False,False,True,False,True,True,False,2026-11-05,False,True,5,large gap,"EMA, RVOL",6,https://www.tradingview.com/chart/?symbol=NASDAQ:AAOI&interval=D,False,False,False
STRL,"Sterling Infrastructure, Inc.",NASDAQ,Engineering & Construction,534.13,518.08,507.84,498.63,517.12,647.27,600.52,542.7,523.08,515.33,550.28,513.01,4.66,5.62,30.0,494039.9,539659.4,288248275.0,269088388.0,1.65,-3.22,16338245266.761356,12.12,73,-24.42,315,22.2,149,3.3,0.59,5.18,0.65,1.24,70.4,0.177,26.1,False,True,True,False,False,True,False,False,False,True,True,False,True,True,True,False,2026-11-09,False,True,3,"LoD>60% ATR, below 200-MA, large gap","EMA, near21, RVOL",4,https://www.tradingview.com/chart/?symbol=NASDAQ:STRL&interval=D,False,False,False
KOS,Kosmos Energy Ltd.,NYSE,Integrated Oil,2.59,2.59,2.71,2.76,2.7,2.64,2.67,2.37,2.6,2.66,2.7,2.55,5.64,6.11,0.16,13997311.8,12777208.8,33092971.0,35209728.0,0.81,1.54,1542312853.1192305,-6.5,205,14.6,101,1.57,215,3.22,-0.67,-4.43,0.43,0.95,25.3,0.256,13.17,False,False,False,True,False,True,True,False,False,True,False,True,False,False,False,False,2026-11-09,False,False,5,thin RVOL,near21,5,https://www.tradingview.com/chart/?symbol=NYSE:KOS&interval=D,False,False,False
TTMI,"TTM Technologies, Inc.",NASDAQ,Electronic Components,128.2,127.84,123.85,122.88,123.66,146.87,138.0,126.22,127.96,125.77,129.58,124.68,5.08,5.81,7.45,1893269.8,1907804.0333333334,244580477.0,234432867.0,0.95,-3.17,13505725730.321753,8.11,97,-16.21,250,17.42,170,3.11,0.63,3.52,0.33,0.66,47.2,0.201,18.11,False,True,True,True,False,True,True,False,False,True,False,True,False,True,False,False,2026-11-04,False,True,5,large gap,"EMA, near21",7,https://www.tradingview.com/chart/?symbol=NASDAQ:TTMI&interval=D,False,False,False
AMBA,"Ambarella, Inc.",NASDAQ,Semiconductors,65.33,68.99,67.67,67.59,72.03,72.56,68.31,68.06,68.03,68.38,67.48,64.87,5.03,5.63,3.68,1132932.2,1690508.2,110440901.0,114259759.0,0.59,-2.49,2883729813.573006,3.4,123,-15.57,243,21.41,151,3.08,-1.65,-3.45,0.79,0.71,12.5,0.134,7.48,False,False,False,False,False,True,True,False,False,True,False,True,False,False,False,False,2026-12-01,False,True,3,"thin RVOL, below 200-MA, large gap",near21,4,https://www.tradingview.com/chart/?symbol=NASDAQ:AMBA&interval=D,False,False,False
EPAM,"EPAM Systems, Inc.",NYSE,Information Technology Services,108.32,108.85,112.55,113.54,109.76,100.51,108.91,129.09,109.84,110.79,110.05,107.75,4.08,4.53,4.91,1037066.9,1092148.0333333334,118301475.0,124004308.0,0.53,0.63,5587901431.017107,-8.64,226,30.51,59,-12.67,262,3.07,-0.29,-3.76,0.49,0.47,11.6,0.179,26.38,False,False,False,False,False,True,True,True,False,True,False,True,False,False,False,False,2026-11-05,False,False,4,"thin RVOL, below 200-MA","near21, ADR",5,https://www.tradingview.com/chart/?symbol=NYSE:EPAM&interval=D,False,False,False
KMX,CarMax Inc,NYSE,Specialty Stores,53.28,55.87,57.43,58.93,59.05,54.48,49.97,48.4,55.7,57.07,54.82,52.96,5.3,4.7,2.5,4510272.7,2829552.566666667,150758561.0,166734215.0,0.71,-1.3,7562713045.061313,-14.38,284,5.15,128,16.84,173,2.54,-2.08,-7.23,1.41,0.74,12.8,0.156,19.98,False,False,False,True,False,True,True,True,False,True,False,True,False,False,False,False,2026-12-17,False,False,5,thin RVOL,"near21, ADR",6,https://www.tradingview.com/chart/?symbol=NYSE:KMX&interval=D,False,False,False
HIVE,HIVE Digital Technologies Ltd,NASDAQ,Information Technology Services,2.75,2.99,3.08,3.03,2.95,3.32,2.98,2.9,2.96,3.02,2.85,2.72,6.21,6.8,0.19,10041874.299999993,12502826.933333356,34382774.0,37871063.0,1.0,-2.41,754262671.3164252,-7.09,207,-16.16,249,30.33,128,2.36,-0.99,-10.74,1.3,0.68,16.0,0.282,15.2,False,False,False,False,False,True,True,True,False,True,False,True,False,False,False,False,2026-11-16,False,True,3,"thin RVOL, below 200-MA, large gap","near21, ADR",5,https://www.tradingview.com/chart/?symbol=NASDAQ:HIVE&interval=D,False,False,False
EAT,"Brinker International, Inc.",NYSE,Restaurants,185.31,197.52,202.24,211.32,219.08,191.02,175.5,170.53,196.22,203.16,191.25,184.85,4.47,4.88,9.04,1159141.4,1353914.6,250893915.0,286107428.0,0.93,-0.71,7761016374.867202,-18.39,317,4.85,131,19.94,159,2.13,-3.16,-8.37,1.8,0.71,5.1,0.159,26.2,False,False,False,True,False,False,True,False,False,False,False,True,False,False,False,False,2026-11-04,False,False,5,thin RVOL,,4,https://www.tradingview.com/chart/?symbol=NYSE:EAT&interval=D,False,False,False
ORKA,"Oruka Therapeutics, Inc.",NASDAQ,Pharmaceuticals: Major,79.5,83.16,88.39,90.02,95.19,85.53,75.5,64.72,83.87,87.39,81.4,78.52,5.59,5.76,4.58,968106.2,918288.1666666666,73003909.0,82665219.0,0.75,-1.46,5263670685.969069,-11.73,260,-7.33,187,25.26,143,2.07,-2.86,-10.06,1.57,0.63,21.4,0.254,38.33,False,False,False,True,False,False,True,True,False,True,False,True,False,False,False,False,2026-11-18,False,False,5,thin RVOL,ADR,5,https://www.tradingview.com/chart/?symbol=NASDAQ:ORKA&interval=D,False,False,False
BLSH,Bullish,NYSE,Packaged Software,31.82,35.24,36.04,35.4,31.38,29.36,32.59,33.3,34.65,34.85,32.53,31.32,6.63,7.22,2.3,917790.2,1405412.8333333333,44720236.0,49758173.0,1.31,-3.86,4782616167.0083885,-8.27,218,27.38,67,-13.2,266,1.97,0.19,-11.7,1.2,0.53,21.8,0.289,20.98,False,False,False,False,False,True,True,True,False,True,False,True,False,False,True,False,2026-11-25,False,True,3,"thin RVOL, below 200-MA, large gap","near21, ADR, RVOL",5,https://www.tradingview.com/chart/?symbol=NYSE:BLSH&interval=D,False,False,False
FIG,FIGMA INC,NYSE,Packaged Software,21.62,21.27,22.04,23.39,24.29,22.89,22.41,24.33,21.66,22.29,22.29,21.24,4.51,5.41,1.17,9217132.2,13502088.366666667,291915150.0,315822848.0,0.6,0.41,11523668078.451439,-12.43,267,4.6,134,13.31,180,1.82,-2.04,-1.89,0.56,0.9,32.5,0.183,14.18,False,False,False,False,True,True,True,False,False,True,False,True,False,True,False,False,2026-11-11,False,False,5,below 200-MA,near21,5,https://www.tradingview.com/chart/?symbol=NYSE:FIG&interval=D,False,False,False
IDYA,"IDEAYA Biosciences, Inc.",NASDAQ,Pharmaceuticals: Major,36.26,37.4,37.78,38.54,38.05,35.55,34.16,34.12,37.42,37.82,36.97,36.0,4.42,4.16,1.51,795037.5,805543.9,29209022.0,31047273.0,0.57,-1.2,3498708889.878788,-8.32,220,-3.87,173,17.35,171,1.72,-1.13,-4.02,0.99,0.64,17.2,0.086,10.84,False,False,False,True,False,True,True,True,True,True,False,True,False,False,False,False,2026-11-10,False,False,5,thin RVOL,"near21, ADR, BB",7,https://www.tradingview.com/chart/?symbol=NASDAQ:IDYA&interval=D,False,False,False
NCNO,"nCino, Inc.",NASDAQ,Packaged Software,19.09,18.96,19.99,20.87,20.41,18.29,17.74,18.62,19.22,19.77,19.53,18.88,4.57,4.68,0.89,2060049.1,2484596.1,47430940.0,51856833.0,0.9,-1.26,2018503679.5946653,-17.93,314,13.29,105,7.79,201,1.05,-1.38,-4.51,0.73,0.73,23.5,0.258,13.97,False,False,False,True,False,True,True,True,False,True,False,True,False,False,False,False,2026-12-02,False,False,5,thin RVOL,"near21, ADR",6,https://www.tradingview.com/chart/?symbol=NASDAQ:NCNO&interval=D,False,False,False
POET,POET Technologies Inc.,NASDAQ,Electrical Products,7.42,7.64,7.69,7.7,7.92,9.41,8.96,8.37,7.66,7.72,7.6,7.24,5.26,6.3,0.47,7582820.0,8086476.366666702,59961222.0,62240261.0,1.39,-2.2,1283225745.1400778,-0.74,149,-15.26,240,18.83,164,0.95,-1.02,-3.53,0.63,0.77,37.4,0.142,23.82,False,False,False,False,False,True,True,False,False,True,False,True,False,False,True,False,2026-11-12,False,True,3,"thin RVOL, below 200-MA, large gap","near21, RVOL",4,https://www.tradingview.com/chart/?symbol=NASDAQ:POET&interval=D,False,False,False
CRCL,"Circle Internet Group, Inc.",NYSE,Packaged Software,80.84,84.61,87.44,89.61,82.52,81.55,90.12,86.07,84.37,85.96,81.37,79.55,5.85,7.1,5.74,9923308.2,13868885.066666666,1121160669.0,1242776922.0,0.88,-4.14,20623326299.82123,-17.49,310,28.42,65,-8.19,245,0.91,-0.29,-7.55,0.84,0.32,22.5,0.233,10.6,False,False,False,False,False,True,True,True,False,True,False,True,False,True,False,False,2026-11-18,False,True,4,"below 200-MA, large gap","near21, ADR",5,https://www.tradingview.com/chart/?symbol=NYSE:CRCL&interval=D,False,False,False
RDW,Redwire Corporation,NYSE,Aerospace & Defense,10.24,10.83,10.94,10.88,11.2,12.5,11.57,11.11,10.71,10.88,10.4,9.9,6.92,7.24,0.74,14434582.0,12906620.9,132163798.0,140381013.0,0.99,-2.64,2559924347.4199624,-3.21,170,-2.94,169,8.36,195,0.74,-1.18,-6.39,0.82,0.67,45.9,0.169,16.32,False,False,False,False,False,True,True,True,False,True,False,True,False,False,False,False,2026-11-11,False,True,3,"thin RVOL, below 200-MA, large gap","near21, ADR",5,https://www.tradingview.com/chart/?symbol=NYSE:RDW&interval=D,False,False,False
VIRT,"Virtu Financial, Inc.",NYSE,Investment Banks/Brokers,58.81,56.47,57.13,59.67,59.56,58.57,54.55,50.2,58.08,58.13,62.32,58.35,4.27,4.57,2.69,1657806.1,1211194.1333333333,71230327.0,72268320.0,0.7,-0.52,9127325431.241966,-8.11,216,-10.12,205,18.95,163,0.24,-0.27,2.94,0.26,1.48,17.1,0.224,15.9,False,False,False,True,True,True,False,False,False,True,True,True,False,False,False,False,2026-11-04,False,False,5,thin RVOL,near21,5,https://www.tradingview.com/chart/?symbol=NYSE:VIRT&interval=D,False,False,False
RKLB,Rocket Lab Corporation,NASDAQ,Aerospace & Defense,71.92,72.35,69.14,67.58,70.27,85.46,83.03,81.67,71.86,70.5,73.16,70.63,5.35,5.66,4.07,21807504.8,19965949.366666667,1435951078.0,1349338790.0,0.95,-2.59,43041225821.728745,11.06,83,-16.66,255,6.23,205,0.21,0.42,4.02,0.36,0.62,31.7,0.246,22.7,False,False,True,False,False,True,True,True,False,True,False,True,False,True,False,False,2026-11-16,False,True,4,"below 200-MA, large gap","EMA, near21, ADR",6,https://www.tradingview.com/chart/?symbol=NASDAQ:RKLB&interval=D,False,False,False
NVTS,Navitas Semiconductor Corporation,NASDAQ,Semiconductors,11.3,11.92,11.66,11.67,12.09,15.79,14.71,13.27,11.86,11.86,11.73,11.12,6.35,7.27,0.82,18387992.9,13845684.766666668,156456238.0,161597602.0,1.05,-2.55,2950356337.593985,0.8,140,-19.63,283,19.2,162,0.12,-0.9,-3.1,0.65,0.75,22.5,0.188,36.58,False,False,False,False,False,True,True,False,False,True,False,True,False,False,False,False,2026-11-09,False,True,3,"thin RVOL, below 200-MA, large gap",near21,4,https://www.tradingview.com/chart/?symbol=NASDAQ:NVTS&interval=D,False,False,False
HRI,Herc Holdings Inc.,NYSE,Finance/Rental/Leasing,124.42,131.71,135.91,139.42,149.17,146.25,135.51,140.99,132.7,136.6,133.66,123.13,6.29,6.4,7.96,646666.5,786140.0666666667,97811547.0,109604434.0,1.03,-0.79,4159540388.8854756,-8.68,227,-12.48,218,20.07,158,-0.36,-2.59,-8.46,1.39,1.32,16.2,0.164,14.03,False,False,False,False,False,True,False,False,False,True,True,True,False,False,False,False,2026-10-15,False,False,4,"thin RVOL, below 200-MA",near21,3,https://www.tradingview.com/chart/?symbol=NYSE:HRI&interval=D,False,False,False
EXPE,"Expedia Group, Inc.",NASDAQ,Other Consumer Services,258.86,262.66,271.84,283.21,296.92,271.4,260.91,259.71,264.3,272.9,260.95,254.0,4.27,4.33,11.21,1841489.1,2135458.1666666665,552784701.0,604792361.0,0.59,-2.33,31068090159.72423,-14.34,282,-0.29,159,11.78,184,-0.95,-2.96,-4.78,1.19,0.62,43.3,0.164,14.38,False,False,False,False,False,True,True,True,False,True,False,True,False,True,False,False,2026-10-29,False,True,4,"below 200-MA, large gap","near21, ADR",5,https://www.tradingview.com/chart/?symbol=NASDAQ:EXPE&interval=D,False,False,False
KVYO,"Klaviyo, Inc. Series A",NYSE,Packaged Software,17.41,16.09,16.19,17.15,17.54,16.61,17.32,19.0,16.4,16.56,17.64,16.56,4.7,5.33,0.93,5675543.1,6471642.3,112671292.0,110960622.0,1.52,0.42,4957104691.594579,-10.53,253,8.81,116,-1.75,227,-1.16,-0.13,7.55,0.96,1.17,92.1,0.151,16.71,False,False,False,False,False,True,False,False,False,True,True,False,True,True,True,False,2026-11-11,False,False,4,"LoD>60% ATR, below 200-MA","near21, RVOL",2,https://www.tradingview.com/chart/?symbol=NYSE:KVYO&interval=D,False,False,False
TTAN,"ServiceTitan, Inc.",NASDAQ,Packaged Software,71.74,65.43,61.51,70.95,78.08,74.44,71.19,74.6,66.98,67.67,73.11,68.88,5.14,5.93,4.25,1954165.9,3483669.8666666667,249918476.0,247150120.0,1.15,0.55,6920606899.449249,-21.65,347,-4.28,175,22.4,147,-1.18,-1.37,16.63,1.01,1.0,67.4,0.354,23.09,False,False,False,False,False,True,True,False,False,True,False,False,False,False,False,False,2027-01-19,False,False,3,"LoD>60% ATR, thin RVOL, below 200-MA",near21,3,https://www.tradingview.com/chart/?symbol=NASDAQ:TTAN&interval=D,False,False,False
CAMT,Camtek Ltd.,NASDAQ,Electronic Components,152.2,153.06,148.57,145.64,148.15,155.34,161.49,156.46,153.69,150.65,152.98,148.0,4.16,5.21,7.92,398459.6,378662.9666666667,57632504.0,55149610.0,0.87,-2.76,7102896336.18764,7.55,99,3.26,144,-14.59,273,-1.26,0.53,2.45,0.2,0.63,53.0,0.209,8.77,False,False,False,False,True,True,True,False,False,True,False,True,False,False,False,False,2026-11-17,False,True,3,"thin RVOL, below 200-MA, large gap",near21,5,https://www.tradingview.com/chart/?symbol=NASDAQ:CAMT&interval=D,False,False,False
WGS,GeneDx Holdings Corp.,NASDAQ,Medical/Nursing Services,68.53,77.13,85.11,85.67,81.96,70.25,68.34,77.39,76.52,80.87,71.43,68.39,9.44,8.73,5.98,853172.7000000014,702411.5666666661,48136265.0,60175716.0,0.74,-1.69,2043738589.736158,-21.93,348,5.09,130,12.7,182,-1.38,-1.88,-19.48,1.75,0.51,2.3,0.5,24.46,False,False,False,False,False,False,True,True,False,True,False,True,False,False,False,False,2026-11-03,False,False,4,"thin RVOL, below 200-MA",ADR,4,https://www.tradingview.com/chart/?symbol=NASDAQ:WGS&interval=D,False,False,False
VG,"Venture Global, Inc.",NYSE,Oil & Gas Pipelines,13.05,12.98,13.73,14.03,13.87,13.23,13.3,12.16,13.22,13.51,13.67,12.76,4.73,5.22,0.68,11805398.3,13701448.7,178803906.0,192267862.0,0.96,0.52,32626212393.297558,-9.0,230,3.16,145,0.62,218,-1.74,-1.13,-4.96,0.65,1.34,42.6,0.3,13.06,False,False,False,True,False,True,False,False,False,True,True,True,False,True,False,False,2026-11-16,False,False,6,,near21,4,https://www.tradingview.com/chart/?symbol=NYSE:VG&interval=D,False,False,False
CNXC,Concentrix Corporation,NASDAQ,Information Technology Services,26.16,26.05,27.39,28.28,27.09,26.05,26.69,29.58,26.22,26.94,26.4,24.54,8.84,8.4,2.2,2592854.2,1965385.1666666667,51414476.0,55577817.0,0.52,-0.48,1594399738.9758456,-19.46,329,24.22,78,-10.2,252,-1.81,-0.41,-4.5,0.34,0.85,73.7,0.266,13.48,False,False,False,False,False,True,True,False,False,True,False,False,False,False,False,False,2027-01-19,False,False,3,"LoD>60% ATR, thin RVOL, below 200-MA",near21,3,https://www.tradingview.com/chart/?symbol=NASDAQ:CNXC&interval=D,False,False,False
CLSK,"CleanSpark, Inc.",NASDAQ,Data Processing Services,11.52,12.93,13.33,12.98,12.82,14.08,13.04,12.58,12.71,12.98,12.16,11.42,6.77,7.55,0.87,15178803.3,16636056.733333332,191647374.0,215963743.0,1.04,-2.85,2958532724.8559804,-6.04,199,-11.72,213,11.95,183,-1.94,-1.35,-13.58,1.49,0.85,10.9,0.274,12.98,False,False,False,False,False,True,True,False,False,True,False,True,False,False,False,False,2026-12-16,False,True,3,"thin RVOL, below 200-MA, large gap",near21,4,https://www.tradingview.com/chart/?symbol=NASDAQ:CLSK&interval=D,False,False,False
QUBT,Quantum Computing Inc.,NASDAQ,Information Technology Services,7.62,8.36,8.38,8.3,8.43,9.06,8.81,9.14,8.18,8.31,7.74,7.51,5.37,5.56,0.42,6973281.9,6843650.666666667,52148618.0,56770363.0,0.94,-2.42,1724763124.0,-3.91,177,-13.41,226,9.96,190,-2.45,-1.73,-9.02,1.5,0.55,25.9,0.23,10.28,False,False,False,False,False,False,True,True,False,True,False,True,False,False,False,False,2026-11-18,False,True,3,"thin RVOL, below 200-MA, large gap",ADR,4,https://www.tradingview.com/chart/?symbol=NASDAQ:QUBT&interval=D,False,False,False
CRWV,"CoreWeave, Inc.",NASDAQ,Packaged Software,88.45,88.16,86.36,86.76,87.85,91.84,94.08,92.61,88.16,87.56,90.4,87.51,4.84,5.71,5.05,23969598.6,26634356.066666666,2355808794.0,2310690195.0,0.79,-1.68,48783411644.138145,3.18,126,-5.23,179,-5.34,237,-2.46,0.12,2.42,0.18,0.57,18.6,0.147,8.72,False,True,True,False,True,True,True,True,False,True,False,True,False,True,False,False,2026-11-16,False,False,5,below 200-MA,"EMA, near21, ADR",8,https://www.tradingview.com/chart/?symbol=NASDAQ:CRWV&interval=D,False,False,False
COMP,"Compass, Inc.",NYSE,Real Estate Development,9.19,9.18,9.66,10.06,10.93,10.5,9.62,10.07,9.31,9.71,9.26,8.92,4.86,5.14,0.47,17820322.0,15182971.066666666,139531504.0,152745750.0,0.85,-2.91,7054654302.339074,-15.3,291,-19.88,286,27.29,136,-2.63,-3.11,-4.9,1.04,0.71,57.2,0.24,19.12,False,False,False,False,False,True,True,False,False,True,False,True,False,False,False,False,2026-11-11,False,True,3,"thin RVOL, below 200-MA, large gap",near21,4,https://www.tradingview.com/chart/?symbol=NYSE:COMP&interval=D,False,False,False
VRDN,"Viridian Therapeutics, Inc.",NASDAQ,Pharmaceuticals: Major,18.28,19.62,20.76,21.57,21.9,19.83,19.85,22.62,19.53,20.5,18.73,17.92,4.81,5.01,0.92,1970957.2,1669432.0666666667,30517218.0,36015493.0,0.81,-1.1,2070982559.7541165,-19.19,326,-7.26,186,18.47,165,-2.66,-3.3,-11.95,2.16,0.89,39.9,0.258,16.45,False,False,False,False,False,False,True,False,False,False,False,True,False,False,False,False,2026-11-16,False,False,4,"thin RVOL, below 200-MA",,3,https://www.tradingview.com/chart/?symbol=NASDAQ:VRDN&interval=D,False,False,False
BLLN,"BillionToOne, Inc.",NASDAQ,Medical/Nursing Services,95.75,111.07,108.38,104.28,105.92,107.49,98.19,95.32,106.3,106.93,99.85,94.52,8.45,7.56,7.24,649007.8,629902.1,60313126.0,65688501.0,1.1,-0.52,4518158835.11607,-2.14,162,-20.61,291,14.7,176,-2.68,-1.27,-11.66,1.38,0.74,17.0,0.312,16.46,False,False,False,True,False,True,True,True,False,True,False,True,False,False,False,False,2026-12-15,False,False,5,thin RVOL,"near21, ADR",6,https://www.tradingview.com/chart/?symbol=NASDAQ:BLLN&interval=D,False,False,False
EQPT,EquipmentShare.com Inc,NASDAQ,Internet Software/Services,17.68,17.92,17.96,18.05,18.69,19.38,20.38,,18.14,18.15,18.72,17.34,6.84,6.87,1.21,3773596.7,3204859.466666667,56661915.0,57840235.0,0.94,-2.86,4487308060.279366,-2.86,167,7.54,122,-13.03,264,-2.78,-0.79,-1.57,0.38,1.14,28.0,0.133,13.9,False,False,False,False,True,True,False,False,False,True,True,True,False,False,False,False,2026-12-02,False,True,3,"thin RVOL, below 200-MA, large gap",near21,4,https://www.tradingview.com/chart/?symbol=NASDAQ:EQPT&interval=D,False,False,False
AESI,Atlas Energy Solutions Inc.,NYSE,Oilfield Services/Equipment,12.46,12.1,12.66,12.84,12.38,14.22,14.29,13.42,12.36,12.5,12.97,12.32,5.97,6.65,0.83,4609792.7,3492462.7,43516085.0,44831580.0,0.44,-1.02,1557543067.877262,-5.03,190,-13.17,224,9.11,192,-3.03,0.1,-1.57,0.05,0.79,17.5,0.273,17.57,False,False,False,False,True,True,True,False,False,True,False,True,False,False,False,False,2026-11-02,False,False,4,"thin RVOL, below 200-MA",near21,5,https://www.tradingview.com/chart/?symbol=NYSE:AESI&interval=D,False,False,False
GLOB,Globant S.A.,NYSE,Information Technology Services,35.49,35.06,36.13,37.14,37.6,36.16,38.92,44.36,35.5,36.06,35.96,35.02,4.23,4.93,1.75,825627.8,957752.3,33990629.0,35569643.0,0.57,0.06,1532442430.1043305,-10.86,256,23.19,80,-22.31,308,-3.33,-1.14,-1.78,0.32,0.54,26.8,0.206,26.2,False,False,False,False,True,True,True,True,False,True,False,True,False,False,False,False,2026-11-12,False,False,4,"thin RVOL, below 200-MA","near21, ADR",6,https://www.tradingview.com/chart/?symbol=NYSE:GLOB&interval=D,False,False,False
PTRN,Pattern Group Inc. - Series A,NASDAQ,Advertising/Marketing Services,17.71,17.34,18.57,19.23,20.37,21.5,18.68,17.12,17.78,18.51,17.8,17.06,4.9,5.12,0.91,1704199.2,1607521.6666666667,28469209.0,30908891.0,1.06,-1.8,3141737847.327161,-13.4,274,-35.86,355,38.36,117,-3.63,-2.55,-4.64,0.84,0.83,72.2,0.275,24.73,False,False,False,True,False,True,True,False,False,True,False,False,False,False,False,False,2026-11-11,False,False,4,"LoD>60% ATR, thin RVOL",near21,4,https://www.tradingview.com/chart/?symbol=NASDAQ:PTRN&interval=D,False,False,False
BTU,Peabody Energy Corporation,NYSE,Coal,24.85,25.04,25.98,26.96,25.96,25.39,27.06,28.8,25.27,25.8,25.43,24.46,4.65,4.61,1.14,1774550.3,2368615.4,58860093.0,63864977.0,0.78,-1.1,3029215074.2666144,-9.14,234,7.95,120,-9.93,251,-3.71,-0.92,-4.37,0.8,0.85,34.1,0.198,15.13,False,False,False,False,False,True,True,False,False,True,False,True,False,False,False,False,2026-10-29,False,False,4,"thin RVOL, below 200-MA",near21,4,https://www.tradingview.com/chart/?symbol=NYSE:BTU&interval=D,False,False,False
CECO,CECO Environmental Corp.,NASDAQ,Industrial Machinery,71.16,72.6,72.39,72.62,72.32,78.5,74.14,72.23,72.81,72.77,74.06,69.13,4.36,5.38,3.83,621380.7,686481.9333333333,48850054.0,49853577.0,2.43,-1.86,4167828793.921272,-4.15,181,-16.81,258,9.24,191,-3.91,-0.3,-1.7,0.41,1.29,53.1,0.142,8.8,False,False,False,False,True,True,False,False,False,True,True,True,True,True,True,False,2026-11-09,False,False,5,below 200-MA,"near21, RVOL",4,https://www.tradingview.com/chart/?symbol=NASDAQ:CECO&interval=D,False,False,False
FIVE,"Five Below, Inc.",NASDAQ,Discount Stores,204.24,218.7,228.15,234.59,234.88,217.16,219.97,215.22,218.18,225.47,211.99,201.68,4.22,4.5,9.19,954656.8,1202877.9333333333,245669775.0,282178523.0,0.99,0.0,11243960778.682404,-14.5,286,10.88,112,-8.62,246,-4.08,-2.9,-10.48,2.09,1.12,27.8,0.199,9.62,False,False,False,False,False,False,False,False,False,False,True,True,False,True,False,False,2026-12-02,False,False,5,below 200-MA,,2,https://www.tradingview.com/chart/?symbol=NASDAQ:FIVE&interval=D,False,False,False
ARQT,"Arcutis Biotherapeutics, Inc.",NASDAQ,Pharmaceuticals: Major,24.17,25.74,25.53,25.06,25.49,25.2,24.51,25.15,25.24,25.41,24.38,23.51,5.28,4.93,1.19,2263666.5,2974282.033333333,71888397.0,74524106.0,0.74,-0.75,3037974759.896739,3.87,121,-14.89,236,-1.23,224,-4.08,-1.05,-5.32,0.99,0.73,55.4,0.201,5.08,False,False,False,False,False,True,True,True,False,True,False,True,False,False,False,False,2026-10-29,False,False,4,"thin RVOL, below 200-MA","near21, ADR",5,https://www.tradingview.com/chart/?symbol=NASDAQ:ARQT&interval=D,False,False,False
JBL,Jabil Inc.,NYSE,Industrial Machinery,299.47,306.59,304.78,305.47,316.51,333.17,321.9,302.97,304.36,306.49,306.16,295.5,4.27,4.47,13.38,1810957.9,1327851.9,397651808.0,405624231.0,0.81,-2.27,31380589038.295837,-3.22,171,-10.64,206,0.87,217,-4.33,-1.2,-1.74,0.51,0.8,29.7,0.113,10.08,False,False,False,False,True,True,True,False,False,True,False,True,False,True,False,False,2026-12-10,False,True,4,"below 200-MA, large gap",near21,5,https://www.tradingview.com/chart/?symbol=NYSE:JBL&interval=D,False,False,False
BTBT,"Bit Digital, Inc.",NASDAQ,Miscellaneous Commercial Services,1.46,1.63,1.63,1.6,1.53,1.66,1.64,1.72,1.59,1.6,1.48,1.44,7.62,8.13,0.12,18806882.5,25880001.9,37784803.0,41338990.0,0.71,-4.54,526524924.4078947,-8.46,224,-13.61,227,8.15,197,-4.64,-0.58,-10.29,1.11,0.34,16.9,0.306,12.89,False,False,False,False,False,True,True,True,False,True,False,True,False,False,False,False,2026-11-12,False,True,3,"thin RVOL, below 200-MA, large gap","near21, ADR",5,https://www.tradingview.com/chart/?symbol=NASDAQ:BTBT&interval=D,False,False,False
RDDT,"Reddit, Inc.",NYSE,Internet Software/Services,152.71,148.29,152.28,152.16,154.84,164.79,158.96,167.4,149.8,151.3,154.52,146.25,4.21,4.74,7.24,3934981.9,4487764.6,685326532.0,682861253.0,0.65,-1.14,29380872036.07345,-1.95,160,-20.88,294,8.27,196,-4.85,-0.29,0.28,0.2,1.14,89.3,0.139,12.51,False,False,False,False,True,True,False,False,False,True,True,False,False,True,False,False,2026-11-04,False,False,4,"LoD>60% ATR, below 200-MA",near21,3,https://www.tradingview.com/chart/?symbol=NYSE:RDDT&interval=D,False,False,False
GLW,Corning Incorporated,NYSE,Electronic Components,163.25,159.12,156.15,155.03,154.46,169.96,165.25,151.67,160.32,157.79,165.9,161.79,4.02,4.98,8.14,6835031.7,8189718.066666666,1336971474.0,1269619233.0,0.76,-3.77,140621641915.991,9.9,89,-19.08,279,-5.42,238,-4.87,1.14,4.54,0.69,0.51,17.9,0.189,11.2,False,True,True,True,False,True,True,True,False,True,False,True,False,True,False,False,2026-10-27,False,True,5,large gap,"EMA, near21, ADR",8,https://www.tradingview.com/chart/?symbol=NYSE:GLW&interval=D,False,False,False
SGRY,"Surgery Partners, Inc.",NASDAQ,Hospital/Nursing Management,13.71,13.86,13.97,14.0,14.41,14.71,14.22,14.49,13.74,13.94,13.96,13.34,5.41,5.04,0.69,1542149.6,2317522.433333333,31773233.0,32441452.0,0.97,-0.37,1794889306.1588366,-3.25,172,-17.06,260,5.22,207,-5.03,-0.96,-1.83,0.32,0.9,53.5,0.178,6.19,False,False,False,False,True,True,True,False,False,True,False,True,False,False,False,False,2026-11-10,False,False,4,"thin RVOL, below 200-MA",near21,5,https://www.tradingview.com/chart/?symbol=NASDAQ:SGRY&interval=D,False,False,False
AAON,"AAON, Inc.",NASDAQ,Industrial Machinery,87.13,85.17,81.23,79.94,82.51,103.37,100.32,97.98,84.44,82.88,87.56,83.95,4.62,4.74,4.13,1142988.2999999986,1128661.566666666,98340282.0,90224077.0,0.75,-1.95,7184185959.099807,11.73,79,-21.55,298,-5.29,236,-5.04,1.18,7.26,1.08,0.87,77.0,0.223,25.4,False,True,True,False,False,True,True,False,False,True,False,False,False,False,False,False,2026-11-09,False,False,3,"LoD>60% ATR, thin RVOL, below 200-MA","EMA, near21",5,https://www.tradingview.com/chart/?symbol=NASDAQ:AAON&interval=D,False,False,False
RIOT,"Riot Platforms, Inc.",NASDAQ,Information Technology Services,18.54,20.58,21.43,21.06,20.74,22.62,20.72,19.42,20.19,20.82,18.61,17.84,6.97,7.59,1.41,15710875.3,15672434.666666666,290566939.0,330056250.0,1.04,-2.8,6957300890.396197,-10.61,254,-15.8,245,10.75,187,-5.22,-1.4,-13.49,1.45,0.55,50.1,0.36,17.26,False,False,False,False,False,True,True,True,False,True,False,True,False,False,False,False,2026-11-10,False,True,3,"thin RVOL, below 200-MA, large gap","near21, ADR",5,https://www.tradingview.com/chart/?symbol=NASDAQ:RIOT&interval=D,False,False,False
TMDX,"TransMedics Group, Inc.",NASDAQ,Medical Specialties,81.07,82.22,84.32,85.39,85.68,78.68,87.56,99.37,82.3,83.79,83.9,80.56,4.7,5.13,4.16,738290.8,739937.0,59986693.0,63186057.0,1.37,0.85,2811113897.500996,-4.21,182,14.52,102,-26.28,322,-5.32,-1.05,-3.85,0.63,0.8,12.3,0.133,25.51,False,False,False,False,False,True,True,False,False,True,False,True,False,False,True,False,2026-11-04,False,False,4,"thin RVOL, below 200-MA","near21, RVOL",4,https://www.tradingview.com/chart/?symbol=NASDAQ:TMDX&interval=D,False,False,False
IREN,IREN Limited,NASDAQ,Data Processing Services,38.69,41.71,43.25,42.42,41.66,45.85,45.39,45.65,41.5,42.27,40.5,38.34,6.0,6.84,2.65,35869031.1,39196716.06666667,1516520945.0,1662816155.0,1.55,-2.47,15225963377.20809,-5.75,196,-13.05,223,2.57,212,-5.41,-1.04,-10.54,1.24,0.82,13.2,0.241,10.83,False,False,False,False,False,True,True,False,False,True,False,True,True,True,True,False,2026-12-01,False,True,4,"below 200-MA, large gap","near21, RVOL",4,https://www.tradingview.com/chart/?symbol=NASDAQ:IREN&interval=D,False,False,False
MIR,"Mirion Technologies, Inc.",NYSE,Aerospace & Defense,16.45,15.07,15.52,15.6,15.47,16.38,17.39,19.02,15.42,15.46,16.78,15.76,4.27,4.56,0.75,4113968.2,3880648.7333333334,63836672.0,60539414.0,1.49,-0.86,4096669398.614013,-0.9,151,-0.9,163,-14.63,274,-5.48,1.39,5.96,1.4,1.36,92.0,0.199,24.02,False,True,False,False,False,True,False,False,False,True,True,False,False,False,True,False,2026-11-03,False,False,3,"LoD>60% ATR, thin RVOL, below 200-MA","near21, RVOL",3,https://www.tradingview.com/chart/?symbol=NYSE:MIR&interval=D,False,False,False
INFQ,"Infleqtion, Inc.",NYSE,Computer Processing Hardware,11.64,13.36,13.34,13.27,12.73,12.87,12.58,13.2,12.97,13.15,12.33,11.53,6.89,7.19,0.84,6749950.7,7889181.8,91830076.0,104720999.0,1.23,-2.47,2623155942.2583733,-9.77,244,-0.51,160,-6.51,240,-5.6,-1.19,-12.72,1.6,0.96,13.1,0.213,6.73,False,False,False,False,False,False,True,False,False,False,False,True,False,False,True,False,2026-12-02,False,True,3,"thin RVOL, below 200-MA, large gap",RVOL,3,https://www.tradingview.com/chart/?symbol=NYSE:INFQ&interval=D,False,False,False
RGTI,"Rigetti Computing, Inc.",NASDAQ,Computer Processing Hardware,14.59,15.64,15.64,15.59,16.15,17.73,17.36,18.21,15.4,15.64,14.89,14.45,5.52,5.96,0.87,14432799.5,15830142.966666667,230961786.0,246778737.0,0.87,-2.8,4869685909.098221,-4.14,180,-14.08,229,1.18,216,-5.68,-1.63,-6.7,1.12,0.51,16.1,0.151,17.6,False,False,False,False,False,True,True,True,False,True,False,True,False,False,False,False,2026-11-16,False,True,3,"thin RVOL, below 200-MA, large gap","near21, ADR",5,https://www.tradingview.com/chart/?symbol=NASDAQ:RGTI&interval=D,False,False,False
SHAZ,"SharonAI Holdings, Inc.",NASDAQ,Data Processing Services,45.12,51.44,53.98,54.6,56.37,63.71,53.71,,50.66,53.25,46.25,44.51,8.19,9.98,4.5,1342394.5,1473409.3333333333,66480229.0,80441028.0,1.05,-4.24,1615454102.842893,-18.56,319,-44.21,377,45.55,107,-5.74,-2.0,-16.41,1.53,0.39,13.5,0.332,27.21,False,False,False,False,False,False,True,True,False,True,False,True,False,False,False,False,2026-11-04,False,True,3,"thin RVOL, below 200-MA, large gap",ADR,4,https://www.tradingview.com/chart/?symbol=NASDAQ:SHAZ&interval=D,False,False,False
PRM,"Perimeter Solutions, SA",NYSE,Chemicals: Major Diversified,28.44,27.81,29.44,30.05,31.32,32.54,30.51,29.65,28.3,29.17,28.61,28.15,4.6,4.5,1.28,1588383.6,1224264.5666666667,34818084.0,36790374.0,0.93,-1.47,4655256146.503145,-10.45,252,-20.22,289,13.4,179,-5.76,-2.04,-3.41,0.56,0.36,22.3,0.261,16.64,False,False,False,False,False,True,True,True,False,True,False,True,False,False,False,False,2026-10-30,False,False,4,"thin RVOL, below 200-MA","near21, ADR",5,https://www.tradingview.com/chart/?symbol=NYSE:PRM&interval=D,False,False,False
GEN,Gen Digital Inc.,NASDAQ,Packaged Software,22.39,22.01,25.78,27.33,27.74,26.57,24.42,24.52,23.08,24.87,22.75,21.78,6.28,5.15,1.15,18176295.7,10708228.366666667,239757233.0,292657666.0,0.9,-1.01,13402363290.400438,-27.91,376,-11.64,212,22.08,150,-5.82,-3.74,-13.14,1.93,0.85,53.3,0.614,25.59,False,False,False,False,False,False,True,True,False,True,False,True,False,True,False,False,2026-11-10,False,False,5,below 200-MA,ADR,4,https://www.tradingview.com/chart/?symbol=NASDAQ:GEN&interval=D,False,False,False
VVX,"V2X, Inc.",NYSE,Miscellaneous Commercial Services,68.07,72.05,73.36,74.25,77.41,78.36,75.21,72.65,71.48,73.18,71.69,67.88,4.09,4.22,2.87,433720.9,639218.0333333333,43511572.0,47463644.0,0.88,0.21,2133678484.8331454,-9.63,241,-10.96,209,2.45,213,-6.04,-2.86,-7.21,1.66,1.33,6.6,0.135,9.26,False,False,False,False,False,False,False,False,False,False,True,True,False,False,False,False,2026-11-09,False,False,4,"thin RVOL, below 200-MA",,2,https://www.tradingview.com/chart/?symbol=NYSE:VVX&interval=D,False,False,False
RBLX,Roblox Corporation,NYSE,Packaged Software,46.41,44.43,46.46,44.69,42.26,45.62,48.73,54.81,45.09,44.99,46.66,43.87,4.77,5.18,2.41,13904110.3,11607359.233333332,538697542.0,518729015.0,0.88,-3.36,33154188094.164177,11.97,75,-14.64,234,-15.95,280,-6.21,1.9,-0.1,0.61,1.16,105.8,0.258,27.04,False,False,True,False,True,True,False,False,False,True,True,False,False,True,False,False,2026-11-11,False,True,3,"LoD>60% ATR, below 200-MA, large gap","EMA, near21",4,https://www.tradingview.com/chart/?symbol=NYSE:RBLX&interval=D,False,False,False
MARA,"MARA Holdings, Inc.",NASDAQ,Data Processing Services,10.36,11.58,11.91,11.67,11.2,12.2,11.54,10.98,11.38,11.6,10.83,10.16,7.34,7.78,0.81,34428426.9,43032682.7,445818593.0,502134030.0,1.07,-3.1,4002061015.2634454,-7.38,212,-18.23,270,6.42,203,-6.4,-0.96,-13.0,1.37,0.83,24.8,0.309,11.74,False,False,False,False,False,True,True,False,False,True,False,True,False,False,False,False,2026-11-11,False,True,3,"thin RVOL, below 200-MA, large gap",near21,4,https://www.tradingview.com/chart/?symbol=NASDAQ:MARA&interval=D,False,False,False
ICHR,Ichor Holdings,NASDAQ,Industrial Machinery,60.87,60.75,57.71,56.99,60.98,72.49,67.38,58.83,60.74,59.61,61.67,59.92,4.44,5.42,3.3,683693.8,687981.1,41877410.0,39205750.0,0.84,-3.91,2279839007.2009926,11.79,78,-39.44,367,7.93,199,-6.58,-0.03,5.47,0.39,0.53,28.8,0.269,24.27,False,False,True,True,False,True,True,True,False,True,False,True,False,False,False,False,2026-11-09,False,True,4,"thin RVOL, large gap","EMA, near21, ADR",7,https://www.tradingview.com/chart/?symbol=NASDAQ:ICHR&interval=D,False,False,False
MOD,Modine Manufacturing Company,NYSE,Industrial Machinery,189.44,178.1,175.18,173.56,176.55,208.2,210.48,197.84,180.35,177.74,189.67,181.18,4.91,5.27,9.98,1633002.5378507955,1447846.8193862455,274280101.0,251283495.0,0.83,-2.53,10061671073.059872,10.56,86,-14.95,237,-15.72,278,-6.7,1.39,8.14,1.25,0.85,82.8,0.182,18.63,False,True,True,False,False,True,True,False,False,True,False,False,False,True,False,False,2026-11-03,False,True,3,"LoD>60% ATR, below 200-MA, large gap","EMA, near21",5,https://www.tradingview.com/chart/?symbol=NYSE:MOD&interval=D,False,False,False
AKAM,"Akamai Technologies, Inc.",NASDAQ,Data Processing Services,104.61,108.52,109.02,108.51,111.49,121.11,117.61,111.97,108.21,109.08,107.62,103.95,6.17,5.64,5.9,8053109.6,4926071.266666667,515316315.0,534542771.0,0.48,-1.33,15034195346.225554,-0.37,145,-16.51,254,-4.59,234,-7.16,-1.09,-4.04,0.73,0.62,11.2,0.161,12.04,False,False,False,False,False,True,True,True,False,True,False,True,False,True,False,False,2026-11-10,False,False,5,below 200-MA,"near21, ADR",5,https://www.tradingview.com/chart/?symbol=NASDAQ:AKAM&interval=D,False,False,False
MWH,"SOLV Energy, Inc.",NASDAQ,Engineering & Construction,25.75,24.95,25.4,25.53,26.95,29.95,31.25,,25.35,25.58,26.12,25.0,4.34,5.18,1.33,1337256.5,1356707.8333333333,34935227.0,34639917.0,0.7,-1.53,5211584420.45626,4.63,114,-12.15,216,-15.07,275,-7.53,-0.86,1.38,0.13,0.84,56.3,0.133,24.46,False,False,False,False,True,True,True,False,False,True,False,True,False,False,False,False,2026-12-02,False,False,4,"thin RVOL, below 200-MA",near21,5,https://www.tradingview.com/chart/?symbol=NASDAQ:MWH&interval=D,False,False,False
CVNA,Carvana Co.,NYSE,Specialty Stores,62.76,63.3,65.16,68.04,68.74,67.79,68.29,71.53,63.8,65.41,63.64,62.01,4.37,4.89,3.07,8248911.0,7101738.833333333,445705129.0,483192841.0,0.78,-0.95,69065109108.78334,-13.85,280,-4.92,178,-4.47,233,-7.75,-1.78,-3.68,0.83,0.53,24.4,0.158,13.11,False,False,False,False,False,True,True,True,False,True,False,True,False,True,False,False,2026-10-28,False,False,5,below 200-MA,"near21, ADR",5,https://www.tradingview.com/chart/?symbol=NYSE:CVNA&interval=D,False,False,False
EROC,"ERock, Inc.",NYSE,Electrical Products,13.08,12.49,12.43,12.4,12.47,,,,12.69,12.58,13.68,12.88,7.31,8.55,1.12,2451327.6,2547923.966666667,33326845.0,31598504.0,0.97,-2.49,2869753114.2932553,11.99,74,-1.06,164,-34.93,347,-8.0,0.57,5.21,0.46,0.71,17.4,0.204,0.4,False,True,True,False,False,True,True,False,False,True,False,True,False,False,False,True,2026-12-02,False,True,3,"thin RVOL, below 200-MA, large gap","EMA, near21",7,https://www.tradingview.com/chart/?symbol=NYSE:EROC&interval=D,False,False,False
AMKR,"Amkor Technology, Inc.",NASDAQ,Semiconductors,52.27,53.52,51.73,50.65,51.49,61.94,60.71,57.48,53.16,52.43,52.56,51.11,4.05,5.03,2.63,3373434.5,3974895.8,207767803.0,201341722.0,0.75,-2.98,12986610399.053568,9.79,90,-26.82,324,-6.99,242,-8.01,0.3,1.04,0.06,0.55,44.1,0.216,19.98,False,False,False,False,True,True,True,True,False,True,False,True,False,True,False,False,2026-10-26,False,True,4,"below 200-MA, large gap","near21, ADR",6,https://www.tradingview.com/chart/?symbol=NASDAQ:AMKR&interval=D,False,False,False
WDC,Western Digital Corporation,NASDAQ,Computer Peripherals,405.42,440.42,441.0,447.62,461.7,510.06,458.07,403.74,433.56,443.06,409.39,397.02,5.66,7.03,28.51,9719803.4,7522808.999999999,3049897225.0,3367394871.0,0.76,-2.42,146170504475.59753,-10.35,250,-31.76,345,17.87,167,-8.08,-1.73,-8.07,1.21,0.43,29.5,0.183,26.23,False,False,False,True,False,True,True,True,False,True,False,True,False,True,False,False,2026-10-22,False,True,5,large gap,"near21, ADR",6,https://www.tradingview.com/chart/?symbol=NASDAQ:WDC&interval=D,False,False,False
PPC,Pilgrim's Pride Corporation,NASDAQ,Agricultural Commodities/Milling,28.12,27.42,28.48,29.28,29.07,28.8,30.71,33.4,27.78,28.33,28.46,27.67,4.28,4.03,1.13,1616181.7,1421029.8666666667,39959360.0,41612965.0,0.81,0.25,6695611879.026174,-6.48,203,3.15,146,-21.19,298,-8.17,-0.81,-1.27,0.18,0.7,39.8,0.185,21.28,False,False,False,False,True,True,True,True,False,True,False,True,False,False,False,False,2026-10-28,False,False,4,"thin RVOL, below 200-MA","near21, ADR",6,https://www.tradingview.com/chart/?symbol=NASDAQ:PPC&interval=D,False,False,False
MDA,MDA Space Ltd.,NYSE,Electronic Production Equipment,29.0,30.09,30.04,29.75,30.95,34.35,33.4,31.32,29.86,30.09,29.51,28.39,4.08,4.67,1.35,1202851.2,1227647.2,35601769.0,36520867.0,0.83,-2.78,4701793135.120019,-1.02,152,-18.61,274,-4.95,235,-8.19,-1.35,-3.47,0.77,0.83,45.3,0.138,14.85,False,False,False,False,False,True,True,False,False,True,False,True,False,False,False,False,2026-11-06,False,True,3,"thin RVOL, below 200-MA, large gap",near21,4,https://www.tradingview.com/chart/?symbol=NYSE:MDA&interval=D,False,False,False
BHVN,Biohaven Ltd.,NYSE,Pharmaceuticals: Major,11.88,12.9,13.09,13.94,13.99,13.53,12.22,12.06,12.82,13.28,12.23,11.84,6.71,7.69,0.91,1973392.9,3369759.6333333333,40032744.0,46977819.0,1.06,-1.82,1794400064.701987,-23.45,359,-27.96,330,26.52,138,-8.3,-1.96,-9.24,1.37,0.42,3.8,0.221,16.21,False,False,False,False,False,True,True,True,False,True,False,True,False,False,False,False,2026-11-17,False,False,4,"thin RVOL, below 200-MA","near21, ADR",5,https://www.tradingview.com/chart/?symbol=NYSE:BHVN&interval=D,False,False,False
ENPH,"Enphase Energy, Inc.",NASDAQ,Electrical Products,33.5,32.81,34.16,35.13,36.75,43.78,41.67,41.25,33.42,34.24,33.51,32.49,4.21,5.01,1.68,4913963.6,4584810.133333334,153591139.0,161046805.0,0.68,-4.07,4426845355.632557,-7.52,214,-24.58,316,6.72,202,-8.46,-1.77,-1.93,0.43,0.61,60.1,0.199,32.75,False,False,False,False,True,True,True,True,False,True,False,False,False,False,False,False,2026-10-27,False,True,2,"LoD>60% ATR, thin RVOL, below 200-MA, large gap","near21, ADR",5,https://www.tradingview.com/chart/?symbol=NASDAQ:ENPH&interval=D,False,False,False
KD,"Kyndryl Holdings, Inc.",NYSE,Data Processing Services,11.45,11.53,12.11,12.44,12.8,12.33,12.56,14.67,11.67,12.0,11.59,11.26,4.75,4.96,0.57,4716206.5,3961612.433333333,45360462.0,49294344.0,0.92,0.96,2494019067.2256093,-13.84,279,-2.14,167,-10.27,253,-8.75,-2.13,-5.45,0.93,0.59,34.3,0.234,27.36,False,False,False,False,False,True,True,True,False,True,False,True,False,False,False,False,2026-11-10,False,False,4,"thin RVOL, below 200-MA","near21, ADR",5,https://www.tradingview.com/chart/?symbol=NYSE:KD&interval=D,False,False,False
DPC,DPC Holdings PLC,NYSE,Electrical Products,40.81,41.42,41.17,41.69,44.62,,,,41.41,41.79,41.88,40.01,4.79,6.07,2.48,1247077.2,1236499.9666666666,50461564.0,51543501.0,0.67,-1.31,6096728928.404191,-2.46,165,-17.35,263,-7.25,243,-9.02,-1.41,-0.88,0.39,0.76,32.3,0.08,8.46,False,False,False,False,True,True,True,False,True,True,False,True,False,False,False,False,2026-12-02,False,False,4,"thin RVOL, below 200-MA","near21, BB",6,https://www.tradingview.com/chart/?symbol=NYSE:DPC&interval=D,False,False,False
QBTS,D-Wave Quantum Inc.,NASDAQ,Computer Processing Hardware,15.22,16.36,16.67,16.81,18.0,20.31,19.6,20.67,16.15,16.67,15.48,14.98,5.88,6.28,0.96,14946974.5,16131334.666666666,245518914.0,271173113.0,0.88,-2.72,5777917249.127296,-9.35,237,-26.65,322,8.4,194,-9.2,-2.46,-8.72,1.39,0.52,25.1,0.165,28.26,False,False,False,False,False,True,True,True,False,True,False,True,False,False,False,False,2026-11-05,False,True,3,"thin RVOL, below 200-MA, large gap","near21, ADR",5,https://www.tradingview.com/chart/?symbol=NASDAQ:QBTS&interval=D,False,False,False
RIVN,"Rivian Automotive, Inc.",NASDAQ,Motor Vehicles,14.34,14.8,15.13,15.43,15.62,15.94,15.81,16.1,14.73,15.07,14.44,14.1,4.09,4.47,0.64,27633998.9,23325658.033333335,334489936.0,359852702.0,0.82,-1.52,20762321619.700897,-9.07,231,-13.26,225,-6.7,241,-9.68,-1.83,-5.22,1.08,0.54,37.5,0.132,9.08,False,False,False,False,False,True,True,True,False,True,False,True,False,True,False,False,2026-10-29,False,False,5,below 200-MA,"near21, ADR",5,https://www.tradingview.com/chart/?symbol=NASDAQ:RIVN&interval=D,False,False,False
CRK,"Comstock Resources, Inc.",NYSE,Oil & Gas Production,13.78,13.06,13.39,13.92,13.8,13.7,15.31,16.88,13.24,13.42,13.81,13.51,4.34,4.54,0.63,2540875.4,2840099.0,39136564.0,39521871.0,0.96,1.1,4046091409.6761904,-8.13,217,1.03,155,-22.28,307,-9.8,-0.03,2.91,0.58,0.49,43.1,0.224,27.78,False,False,False,False,True,True,True,True,False,True,False,True,False,False,False,False,2026-11-04,False,False,4,"thin RVOL, below 200-MA","near21, ADR",6,https://www.tradingview.com/chart/?symbol=NYSE:CRK&interval=D,False,False,False
AXGN,"Axogen, Inc.",NASDAQ,Medical Specialties,36.04,40.13,42.14,44.53,45.52,43.76,41.06,39.03,39.42,41.84,36.88,35.83,5.16,5.67,2.04,1624397.4,1378244.7,49671939.0,61372088.0,1.01,0.0,2114521393.9994488,-22.88,355,-16.67,256,9.08,193,-10.16,-3.67,-14.48,2.44,0.52,10.5,0.289,18.01,False,False,False,False,False,False,True,True,False,True,False,True,False,False,False,False,2026-11-10,False,False,4,"thin RVOL, below 200-MA",ADR,4,https://www.tradingview.com/chart/?symbol=NASDAQ:AXGN&interval=D,False,False,False
BTDR,Bitdeer Technologies Group,NASDAQ,Data Processing Services,10.4,11.0,11.49,11.45,10.91,13.03,12.18,12.01,11.02,11.24,10.81,10.1,7.53,8.21,0.85,9511986.8,10109890.8,105142864.0,115717810.0,0.89,-3.12,2826535321.3565536,-11.26,257,-19.75,284,-0.38,221,-10.47,-0.57,-9.5,0.91,0.83,35.7,0.289,20.37,False,False,False,False,False,True,True,False,False,True,False,True,False,False,False,False,2026-11-16,False,True,3,"thin RVOL, below 200-MA, large gap",near21,4,https://www.tradingview.com/chart/?symbol=NASDAQ:BTDR&interval=D,False,False,False
PENN,"PENN Entertainment, Inc.",NASDAQ,Casinos/Gaming,15.72,15.17,16.08,16.42,17.56,18.85,17.73,16.76,15.44,15.97,15.9,15.48,4.13,4.13,0.65,3664989.4,3158873.6333333333,49657494.0,51852911.0,0.76,-0.57,2107526764.2690134,-8.28,219,-23.43,309,-0.06,219,-10.59,-2.54,-2.21,0.38,0.66,37.8,0.285,23.41,False,False,False,False,True,True,True,True,False,True,False,True,False,False,False,False,2026-11-05,False,False,4,"thin RVOL, below 200-MA","near21, ADR",6,https://www.tradingview.com/chart/?symbol=NASDAQ:PENN&interval=D,False,False,False
LPTH,"LightPath Technologies, Inc.",NASDAQ,Electronic Components,10.4,10.42,10.05,10.28,11.27,12.56,12.44,12.16,10.48,10.47,10.64,10.3,4.84,6.62,0.69,2208132.3,3201677.966666667,33297451.0,32921787.0,0.98,-2.76,728376964.1214352,5.48,109,-20.61,292,-16.67,282,-10.6,-1.17,3.48,0.1,0.49,14.5,0.218,24.18,False,False,False,False,False,True,True,True,False,True,False,True,False,False,False,False,2026-11-05,False,True,3,"thin RVOL, below 200-MA, large gap","near21, ADR",5,https://www.tradingview.com/chart/?symbol=NASDAQ:LPTH&interval=D,False,False,False
ONDS,Ondas Inc,NASDAQ,Telecommunications Equipment,7.19,7.41,7.38,7.5,7.96,8.47,8.95,9.44,7.36,7.47,7.3,7.01,5.1,5.67,0.41,58012086.5,60839278.233333334,437434410.0,456041090.0,1.06,-1.89,4186756135.491229,-5.52,194,-4.52,177,-22.1,306,-10.71,-1.71,-2.53,0.66,0.71,44.2,0.092,28.64,False,False,False,False,True,True,True,False,True,True,False,True,False,False,False,False,2026-11-16,False,False,4,"thin RVOL, below 200-MA","near21, BB",6,https://www.tradingview.com/chart/?symbol=NASDAQ:ONDS&interval=D,False,False,False
COUR,"Coursera, Inc.",NYSE,Miscellaneous Commercial Services,5.11,4.99,5.09,5.41,5.56,5.54,5.67,5.89,5.07,5.18,5.15,4.98,4.28,4.72,0.24,8763798.9,6237341.766666667,31872816.0,33744019.0,0.63,-0.2,1351083938.1210938,-13.83,277,-9.56,201,-8.91,247,-10.77,-1.72,0.3,0.3,0.71,54.0,0.139,17.62,False,False,False,False,True,True,True,False,False,True,False,True,False,False,False,False,2026-10-22,False,False,4,"thin RVOL, below 200-MA",near21,5,https://www.tradingview.com/chart/?symbol=NYSE:COUR&interval=D,False,False,False
COCO,"The Vita Coco Company, Inc.",NASDAQ,Food: Specialty/Candy,50.65,56.27,55.99,56.51,59.82,67.47,63.63,61.39,55.29,56.48,54.42,50.46,4.83,5.01,2.54,961599.9,1349883.6333333333,68371606.0,76286874.0,1.35,-0.84,2907162243.872063,-7.15,208,-27.08,326,1.77,214,-10.82,-3.06,-9.54,2.06,1.56,7.7,0.17,22.66,False,False,False,False,False,False,False,False,False,False,True,True,False,False,True,False,2026-11-04,False,False,4,"thin RVOL, below 200-MA",RVOL,2,https://www.tradingview.com/chart/?symbol=NASDAQ:COCO&interval=D,False,False,False
THRM,Gentherm Inc,NASDAQ,Auto Parts: OEM,30.38,32.85,35.11,36.6,38.62,37.15,34.49,34.61,32.78,34.7,31.79,29.98,5.85,5.93,1.8,2940586.6,1185909.2333333334,36027923.0,43407243.0,0.83,-0.1,1654949873.7799997,-24.43,365,-11.99,214,3.51,209,-10.97,-3.59,-13.47,2.1,1.0,22.2,0.297,19.0,False,False,False,False,False,False,False,False,False,False,True,True,False,False,False,False,2026-10-22,False,False,4,"thin RVOL, below 200-MA",,2,https://www.tradingview.com/chart/?symbol=NASDAQ:THRM&interval=D,False,False,False
LEN,Lennar Corporation,NYSE,Homebuilding,76.13,80.01,79.74,81.1,83.13,85.44,87.35,93.72,78.92,80.21,76.78,74.61,4.03,4.21,3.2,6584384.2,5113422.5,389284855.0,414707087.0,0.79,-3.44,18098353780.22749,-9.37,238,-9.04,196,-14.52,271,-10.98,-2.0,-4.53,1.21,0.68,47.5,0.12,18.35,False,False,False,False,False,True,True,True,False,True,False,True,False,True,False,False,2026-12-16,False,True,4,"below 200-MA, large gap","near21, ADR",5,https://www.tradingview.com/chart/?symbol=NYSE:LEN&interval=D,False,False,False
ABUS,Arbutus Biopharma Corporation,NASDAQ,Pharmaceuticals: Major,4.29,4.65,4.85,4.94,4.84,4.67,4.58,4.54,4.62,4.76,4.48,4.28,4.24,4.1,0.18,11358801.000000024,6871433.033333333,29478448.0,33956332.0,0.4,-0.45,849873642.6026785,-15.72,295,-17.82,268,-0.46,222,-11.33,-2.76,-11.48,2.42,1.14,5.7,0.201,7.22,False,False,False,False,False,False,False,False,False,False,True,True,False,False,False,False,2026-11-11,False,False,4,"thin RVOL, below 200-MA",,2,https://www.tradingview.com/chart/?symbol=NASDAQ:ABUS&interval=D,False,False,False
CDE,"Coeur Mining, Inc.",NYSE,Precious Metals,16.5,17.74,18.81,19.6,19.02,17.87,18.36,19.27,17.71,18.48,16.66,16.23,4.3,5.51,0.91,36030917.8,34537465.56666667,569868182.0,676819200.0,1.35,-3.9,16960928541.70064,-21.63,346,4.83,132,-17.23,284,-11.35,-2.41,-12.27,1.95,0.47,29.7,0.266,9.26,False,False,False,False,False,False,True,True,False,True,False,True,False,True,True,False,2026-11-11,False,True,4,"below 200-MA, large gap","ADR, RVOL",4,https://www.tradingview.com/chart/?symbol=NYSE:CDE&interval=D,False,False,False
GLXY,Galaxy Digital Inc.,NASDAQ,Investment Banks/Brokers,21.4,23.07,23.7,24.14,23.0,25.39,24.87,24.86,22.91,23.44,21.49,20.72,6.52,7.33,1.57,4459500.7,4965888.0,106270003.0,119878192.0,1.27,-4.0,8365026315.86456,-16.99,305,-16.14,248,-0.93,223,-11.35,-0.95,-9.7,1.19,0.49,43.1,0.249,11.15,False,False,False,False,False,True,True,True,False,True,False,True,False,False,True,False,2026-10-27,False,True,3,"thin RVOL, below 200-MA, large gap","near21, ADR, RVOL",5,https://www.tradingview.com/chart/?symbol=NASDAQ:GLXY&interval=D,False,False,False
VOYG,"Voyager Technologies, Inc.",NYSE,Information Technology Services,28.76,30.73,32.79,33.17,34.61,35.3,32.83,31.98,30.97,32.27,30.35,27.9,7.49,8.21,2.36,2779338.8,2166136.6666666665,62298091.0,71857252.0,0.74,-1.98,1755195676.3769433,-12.9,269,-17.24,261,-4.32,232,-11.49,-2.06,-12.3,1.32,1.03,36.2,0.318,15.88,False,False,False,False,False,True,False,False,False,True,True,True,False,False,False,False,2026-11-02,False,False,4,"thin RVOL, below 200-MA",near21,3,https://www.tradingview.com/chart/?symbol=NYSE:VOYG&interval=D,False,False,False
SNEX,StoneX Group Inc.,NASDAQ,Investment Banks/Brokers,61.46,65.82,66.95,67.53,68.38,73.81,69.68,64.77,65.55,66.62,66.55,60.8,4.57,4.54,2.79,972525.5,867352.7333333339,53307499.0,58570017.0,1.27,-1.3,7413104678.369091,-10.28,248,-23.13,307,-1.72,226,-11.71,-2.23,-8.2,1.71,2.06,23.7,0.12,14.71,False,False,False,False,False,False,False,False,False,False,True,True,False,False,True,False,2026-11-30,False,False,4,"thin RVOL, below 200-MA",RVOL,2,https://www.tradingview.com/chart/?symbol=NASDAQ:SNEX&interval=D,False,False,False
ACHR,Archer Aviation Inc.,NYSE,Aerospace & Defense,4.67,5.05,5.26,5.42,5.58,5.5,5.63,6.16,4.97,5.21,4.73,4.49,5.53,6.05,0.28,23949819.4,23623296.466666665,110320794.0,128038267.0,1.47,-1.94,3596011237.391397,-18.5,318,-3.51,172,-13.2,265,-11.74,-2.7,-11.24,1.71,0.85,63.7,0.26,23.69,False,False,False,False,False,False,True,False,False,False,False,False,False,False,True,False,2026-11-05,False,False,3,"LoD>60% ATR, thin RVOL, below 200-MA",RVOL,2,https://www.tradingview.com/chart/?symbol=NYSE:ACHR&interval=D,False,False,False
AVAV,"AeroVironment, Inc.",NASDAQ,Aerospace & Defense,138.86,144.61,150.15,148.98,157.33,161.4,172.15,199.88,144.12,148.07,141.1,134.25,4.84,5.6,7.78,1406374.9,2008081.1,278842142.0,299170951.0,1.67,-1.98,7056962293.651666,-4.65,185,-9.24,198,-21.88,304,-11.92,-2.09,-7.52,1.11,0.88,59.2,0.21,39.8,False,False,False,False,False,True,True,False,False,True,False,True,True,True,True,False,2026-12-08,False,False,5,below 200-MA,"near21, RVOL",4,https://www.tradingview.com/chart/?symbol=NASDAQ:AVAV&interval=D,False,False,False
CPRI,Capri Holdings Limited,NYSE,Apparel/Footwear Retail,14.44,14.64,14.54,14.08,14.49,16.41,17.23,18.65,14.55,14.48,14.55,14.22,4.86,4.88,0.7,3385412.7,5218063.133333334,75348832.0,73463371.0,0.52,-1.43,1641129386.5003407,9.56,92,-18.69,276,-26.92,323,-12.02,-0.07,-0.66,0.06,0.47,31.2,0.152,28.76,False,False,False,False,True,True,True,True,False,True,False,True,False,False,False,False,2026-11-05,False,False,4,"thin RVOL, below 200-MA","near21, ADR",6,https://www.tradingview.com/chart/?symbol=NYSE:CPRI&interval=D,False,False,False
EXK,Endeavour Silver Corporation,NYSE,Precious Metals,8.32,8.76,9.37,9.91,9.8,9.16,9.37,9.93,8.82,9.27,8.49,8.17,4.91,5.99,0.5,6929605.4,7920661.433333334,65899903.0,78506956.0,0.77,-4.73,2463922076.4386673,-25.45,370,3.48,140,-14.4,269,-12.12,-2.53,-11.23,1.72,0.65,30.1,0.303,14.11,False,False,False,False,False,False,True,False,False,False,False,True,False,False,False,False,2026-11-10,False,True,3,"thin RVOL, below 200-MA, large gap",,3,https://www.tradingview.com/chart/?symbol=NYSE:EXK&interval=D,False,False,False
FOUR,"Shift4 Payments, Inc.",NYSE,Miscellaneous Commercial Services,38.99,37.37,39.44,40.8,43.72,44.33,44.57,48.51,38.0,39.38,39.58,37.41,4.35,5.53,2.15,2196647.1,2130747.3,83077837.0,86937331.0,1.09,-0.7,3078654826.630909,-12.07,265,-16.87,259,-7.63,244,-12.19,-1.96,-1.13,0.18,1.01,73.3,0.282,28.57,False,False,False,False,True,True,False,False,False,True,True,False,False,False,False,False,2026-11-11,False,False,3,"LoD>60% ATR, thin RVOL, below 200-MA",near21,3,https://www.tradingview.com/chart/?symbol=NYSE:FOUR&interval=D,False,False,False
TNDM,"Tandem Diabetes Care, Inc.",NASDAQ,Medical Specialties,15.84,16.18,16.67,18.03,19.45,17.82,18.62,19.35,16.39,17.11,16.64,15.73,6.38,6.59,1.04,2258066.1,1981772.0333333334,31391269.0,35722762.0,0.98,-2.23,1102126674.6534653,-20.96,343,3.94,137,-19.63,296,-12.22,-2.82,-4.98,1.13,0.87,10.5,0.17,20.68,False,False,False,False,False,True,True,False,False,True,False,True,False,False,False,False,2026-11-05,False,True,3,"thin RVOL, below 200-MA, large gap",near21,4,https://www.tradingview.com/chart/?symbol=NASDAQ:TNDM&interval=D,False,False,False
LGN,Legence Corp.,NASDAQ,Engineering & Construction,53.35,53.45,53.83,54.01,57.58,68.46,68.54,63.57,53.85,54.39,54.95,52.04,4.58,5.69,3.04,1092731.1,921624.2,49168651.0,49778305.0,0.95,-3.23,5765826694.938765,0.87,138,-27.51,327,-11.08,257,-12.58,-1.29,-0.89,0.34,0.96,43.1,0.093,28.29,False,False,False,False,True,True,True,False,True,True,False,True,False,False,False,False,2026-11-13,False,True,3,"thin RVOL, below 200-MA, large gap","near21, BB",6,https://www.tradingview.com/chart/?symbol=NASDAQ:LGN&interval=D,False,False,False
UCTT,"Ultra Clean Holdings, Inc.",NASDAQ,Industrial Machinery,71.42,76.38,73.63,72.62,76.32,87.8,81.79,72.48,74.67,74.72,72.14,70.28,5.43,6.4,4.57,1103052.0,905868.6,64697135.0,65783876.0,0.9,-3.24,3233685183.0338616,4.26,117,-38.16,362,-4.01,230,-12.64,-1.0,-3.0,0.69,0.41,24.9,0.249,21.44,False,False,False,False,False,True,True,True,False,True,False,True,False,False,False,False,2026-10-27,False,True,3,"thin RVOL, below 200-MA, large gap","near21, ADR",5,https://www.tradingview.com/chart/?symbol=NASDAQ:UCTT&interval=D,False,False,False
AG,First Majestic Silver Corp.,NYSE,Precious Metals,16.65,17.85,18.6,19.38,19.02,18.41,19.43,20.18,17.82,18.47,16.96,16.44,4.1,5.36,0.89,9441511.4,9439317.4,157164635.0,182946557.0,1.22,-4.22,8206890794.20673,-19.6,331,1.83,152,-20.45,297,-12.74,-2.32,-10.49,1.84,0.58,23.5,0.21,14.0,False,False,False,False,False,False,True,False,False,False,False,True,False,False,True,False,2026-11-11,False,True,3,"thin RVOL, below 200-MA, large gap",RVOL,3,https://www.tradingview.com/chart/?symbol=NYSE:AG&interval=D,False,False,False
MBLY,Mobileye Global Inc.,NASDAQ,Packaged Software,7.15,7.54,7.76,7.99,8.25,8.79,8.54,8.87,7.52,7.76,7.4,7.15,4.6,4.84,0.35,6326096.4,5168514.233333333,36954877.0,41306766.0,0.63,-1.2,6078841068.1659975,-13.96,281,-22.95,304,-1.52,225,-12.81,-2.76,-7.83,1.61,0.72,0.0,0.158,18.53,False,False,False,False,False,False,True,False,False,False,False,True,False,False,False,False,2026-10-22,False,False,4,"thin RVOL, below 200-MA",,3,https://www.tradingview.com/chart/?symbol=NASDAQ:MBLY&interval=D,False,False,False
CE,Celanese Corporation,NYSE,Chemicals: Specialty,43.86,45.24,45.78,45.51,45.22,47.54,52.24,51.3,45.02,45.37,45.05,43.63,4.28,4.18,1.83,1563690.9,1800200.8333333333,78956809.0,81927740.0,0.62,-0.78,4813587989.12107,-1.88,159,-7.68,189,-30.65,333,-13.4,-0.72,-4.2,0.79,0.77,12.5,0.116,16.01,False,False,False,False,False,True,True,False,False,True,False,True,False,False,False,False,2026-11-02,False,False,4,"thin RVOL, below 200-MA",near21,4,https://www.tradingview.com/chart/?symbol=NYSE:CE&interval=D,False,False,False
BULL,Webull Corporation,NASDAQ,Packaged Software,5.89,7.05,7.72,8.28,8.1,7.49,6.98,7.05,7.12,7.58,6.03,5.51,5.78,8.64,0.51,16871952.7,15954563.0,93972376.0,132135691.0,8.44,-19.99,3183873110.217033,-39.84,392,-18.65,275,17.8,168,-13.56,-3.15,-23.7,2.58,1.02,74.7,0.436,18.85,False,False,False,False,False,False,False,False,False,False,True,False,True,True,True,False,2026-11-19,False,True,3,"LoD>60% ATR, below 200-MA, large gap",RVOL,1,https://www.tradingview.com/chart/?symbol=NASDAQ:BULL&interval=D,False,False,False
SKYD,Skydance Corporation,NYSE,Cable/Satellite TV,8.89,9.78,10.13,10.34,9.98,9.89,10.06,10.5,9.68,9.96,9.5,8.65,7.59,6.72,0.6,28934722.2,23672062.133333333,210444632.0,244887483.0,1.55,-1.68,9996989978.2319,-18.89,322,-3.89,174,-18.44,289,-13.74,-1.62,-12.23,1.59,1.42,40.2,0.218,8.12,False,False,False,False,False,False,False,False,False,False,True,True,True,True,True,False,2026-11-16,False,False,5,below 200-MA,RVOL,2,https://www.tradingview.com/chart/?symbol=NYSE:SKYD&interval=D,False,False,False
RRR,"Red Rock Resorts, Inc.",NASDAQ,Hotels/Resorts/Cruise lines,50.7,50.43,51.52,53.33,57.05,59.09,58.0,59.15,50.82,52.1,52.36,50.57,4.19,3.79,1.92,1200207.2,1167699.6,59202370.0,62273030.0,0.63,-0.42,5324320773.095102,-11.56,258,-19.96,287,-10.53,255,-14.02,-2.93,-1.59,0.71,0.93,6.8,0.157,17.2,False,False,False,False,True,True,True,False,False,True,False,True,False,False,False,False,2026-11-03,False,False,4,"thin RVOL, below 200-MA",near21,5,https://www.tradingview.com/chart/?symbol=NASDAQ:RRR&interval=D,False,False,False
KGS,"Kodiak Gas Services, Inc.",NYSE,Oilfield Services/Equipment,54.64,53.51,55.77,57.53,58.64,63.63,63.18,58.27,54.47,55.76,55.85,53.73,4.1,4.54,2.48,1676856.3,1844362.5333333334,100775969.0,106111710.0,0.94,-0.81,5524324380.355699,-11.81,261,-21.39,296,-9.45,249,-14.22,-1.5,-2.03,0.44,0.85,36.7,0.231,18.52,False,False,False,False,True,True,True,False,False,True,False,True,False,False,False,False,2026-11-11,False,False,4,"thin RVOL, below 200-MA",near21,5,https://www.tradingview.com/chart/?symbol=NYSE:KGS&interval=D,False,False,False
ALGT,Allegiant Travel Company,NASDAQ,Airlines,76.28,76.73,77.68,77.51,82.49,89.76,86.85,88.97,76.87,77.85,77.16,74.83,4.13,4.66,3.55,457829.8,484458.3,36954479.0,37552058.0,0.82,-2.5,2085323991.045138,0.71,141,-31.14,344,-12.39,260,-14.27,-1.61,-1.81,0.43,0.66,40.8,0.083,17.08,False,False,False,False,True,True,True,True,True,True,False,True,False,False,False,False,2026-11-04,False,True,3,"thin RVOL, below 200-MA, large gap","near21, ADR, BB",7,https://www.tradingview.com/chart/?symbol=NASDAQ:ALGT&interval=D,False,False,False
RZLV,Rezolve AI PLC,NASDAQ,Packaged Software,2.08,2.15,2.22,2.33,2.43,2.5,2.55,2.63,2.16,2.23,2.13,2.07,4.21,5.64,0.12,10983419.6,15722440.466666667,32702676.0,36559915.0,1.07,-2.33,867087342.9581395,-5.45,193,-20.0,288,-18.11,288,-14.52,-2.55,-6.12,1.2,0.51,8.5,0.146,23.25,False,False,False,False,False,True,True,True,False,True,False,True,False,False,False,False,2027-04-29,False,True,3,"thin RVOL, below 200-MA, large gap","near21, ADR",5,https://www.tradingview.com/chart/?symbol=NASDAQ:RZLV&interval=D,False,False,False
MMYT,MakeMyTrip Limited,NASDAQ,Internet Software/Services,43.41,45.95,47.19,50.27,54.23,51.75,49.4,53.94,45.69,47.92,43.5,41.73,4.53,4.96,2.15,1372433.7,920148.3,39943638.0,46252481.0,1.27,-1.36,4083086328.305741,-23.75,360,-23.52,310,3.21,210,-14.69,-4.03,-8.02,1.9,0.82,78.1,0.157,19.09,False,False,False,False,False,False,True,False,False,False,False,False,False,False,True,False,2026-11-03,False,False,3,"LoD>60% ATR, thin RVOL, below 200-MA",RVOL,2,https://www.tradingview.com/chart/?symbol=NASDAQ:MMYT&interval=D,False,False,False
MOS,Mosaic Company (The),NYSE,Chemicals: Agricultural,19.97,21.78,23.34,23.9,23.44,22.78,23.53,24.45,21.73,22.71,21.07,19.86,5.18,5.2,1.04,8602918.8,8265137.966666667,165054805.0,197550573.0,1.48,0.05,6348376500.526742,-20.12,338,-3.34,171,-21.32,301,-14.93,-2.85,-14.43,2.32,1.17,11.1,0.299,13.33,False,False,False,False,False,False,False,False,False,False,True,True,False,False,True,False,2026-11-10,False,False,4,"thin RVOL, below 200-MA",RVOL,2,https://www.tradingview.com/chart/?symbol=NYSE:MOS&interval=D,False,False,False
CARG,"CarGurus, Inc.",NASDAQ,Internet Software/Services,28.77,30.2,31.85,32.81,34.44,32.9,33.54,33.49,30.15,31.5,28.78,27.79,4.35,4.37,1.26,1692012.6,1297085.9,37317161.0,42562361.0,1.44,-0.66,2562644003.177167,-14.38,283,-14.58,233,-16.39,281,-15.11,-3.77,-9.67,1.99,0.79,78.0,0.254,14.72,False,False,False,False,False,False,True,False,False,False,False,False,False,False,True,False,2026-11-10,False,False,3,"LoD>60% ATR, thin RVOL, below 200-MA",RVOL,2,https://www.tradingview.com/chart/?symbol=NASDAQ:CARG&interval=D,False,False,False
NESR,National Energy Services Reunited Corp,NASDAQ,Oilfield Services/Equipment,23.63,26.85,29.78,31.38,31.56,28.99,26.94,25.17,26.41,28.77,24.41,23.54,6.13,6.5,1.54,3043549.5,2103038.2,49694793.0,65990184.0,0.9,-1.59,2383127131.605875,-31.09,385,-14.32,232,-0.25,220,-15.22,-3.86,-20.64,2.75,0.57,5.9,0.504,27.01,False,False,False,False,False,False,True,True,False,True,False,True,False,False,False,False,2026-11-04,False,False,4,"thin RVOL, below 200-MA",ADR,4,https://www.tradingview.com/chart/?symbol=NASDAQ:NESR&interval=D,False,False,False
BRUN,Boost Run Inc.,NASDAQ,Packaged Software,13.75,15.85,15.98,16.57,17.85,23.87,20.5,18.32,15.52,16.24,15.0,13.68,9.06,11.45,1.57,2328329.8,2347385.3333333335,32276548.0,38892263.0,1.69,-3.1,1152870685.1516151,-19.35,328,-55.18,389,28.75,133,-15.26,-2.01,-13.97,1.34,0.84,4.1,0.279,58.3,False,False,False,False,False,True,True,False,False,True,False,True,True,True,True,False,2026-12-02,False,True,4,"below 200-MA, large gap","near21, RVOL",4,https://www.tradingview.com/chart/?symbol=NASDAQ:BRUN&interval=D,False,False,False
APLD,Applied Digital Corporation,NASDAQ,Data Processing Services,23.81,25.1,25.7,25.87,27.09,32.64,32.09,32.13,25.09,25.71,24.9,23.68,6.05,6.97,1.66,21260106.6,17657298.299999993,420420273.0,456764878.0,2.74,-3.12,7121436762.903316,-8.42,223,-27.74,329,-9.74,250,-15.3,-1.74,-7.36,1.06,0.73,7.5,0.231,31.68,False,False,False,False,False,True,True,False,False,True,False,True,True,True,True,False,2027-01-12,False,True,4,"below 200-MA, large gap","near21, RVOL",4,https://www.tradingview.com/chart/?symbol=NASDAQ:APLD&interval=D,False,False,False
TRU,TransUnion,NYSE,Financial Publishing/Services,62.82,64.4,69.45,73.81,76.79,74.46,73.42,75.11,65.06,68.92,64.29,61.78,4.17,4.48,2.81,3164033.5,2652836.3666666667,166651181.0,195799662.0,0.92,0.2,12036312035.659414,-17.83,313,-17.62,266,-10.56,256,-15.34,-4.06,-9.54,1.98,0.89,37.0,0.326,19.73,False,False,False,False,False,False,True,False,False,False,False,True,False,True,False,False,2026-10-27,False,False,5,below 200-MA,,3,https://www.tradingview.com/chart/?symbol=NYSE:TRU&interval=D,False,False,False
LEU,Centrus Energy Corp.,NYSE,Other Metals/Minerals,147.14,143.33,146.9,157.29,167.7,169.1,178.93,199.27,145.71,150.59,149.1,142.78,4.52,6.39,9.4,662015.6,754184.5999999989,110970722.0,118624690.0,1.39,-4.47,3009470362.7165327,-14.53,287,-12.92,222,-19.26,295,-15.57,-1.92,0.17,0.36,0.67,46.4,0.198,38.02,False,False,False,False,True,True,True,False,False,True,False,True,False,False,True,False,2026-11-11,False,True,3,"thin RVOL, below 200-MA, large gap","near21, RVOL",5,https://www.tradingview.com/chart/?symbol=NYSE:LEU&interval=D,False,False,False
CRML,Critical Metals Corp.,NASDAQ,Precious Metals,7.06,7.44,7.3,7.32,6.99,8.15,8.77,9.59,7.35,7.33,7.24,7.06,7.22,8.05,0.57,6520655.1,9125849.966666667,64428501.0,66828599.0,0.46,-2.04,1037775851.0190215,-9.72,243,-16.45,253,-21.29,299,-15.82,0.12,-3.34,0.46,0.32,0.0,0.408,36.74,False,False,False,False,False,True,True,True,False,True,False,True,False,False,False,False,2027-03-03,False,True,3,"thin RVOL, below 200-MA, large gap","near21, ADR",5,https://www.tradingview.com/chart/?symbol=NASDAQ:CRML&interval=D,False,False,False
MP,MP Materials Corp.,NYSE,Other Metals/Minerals,46.31,47.2,48.46,50.83,51.34,53.5,55.41,56.64,47.49,48.84,47.12,45.58,4.31,5.33,2.47,5216539.0,5114577.533333333,236856086.0,259977386.0,1.18,-3.15,8247884565.434166,-18.14,315,-14.24,231,-15.49,277,-15.96,-1.84,-4.44,0.97,0.62,29.5,0.143,20.37,False,False,False,False,False,True,True,False,False,True,False,True,False,False,False,False,2026-10-29,False,True,3,"thin RVOL, below 200-MA, large gap",near21,4,https://www.tradingview.com/chart/?symbol=NYSE:MP&interval=D,False,False,False
NG,Novagold Resources Inc.,AMEX,Precious Metals,6.36,6.66,7.01,7.49,7.5,7.21,7.91,8.54,6.69,7.01,6.44,6.2,4.39,5.97,0.38,4393495.8,5460602.433333334,34729431.0,40881710.0,1.03,-3.32,2790869772.489426,-21.19,344,6.0,125,-32.77,339,-15.99,-2.54,-9.29,1.56,0.63,43.4,0.243,29.68,False,False,False,False,False,False,True,False,False,False,False,True,False,False,False,False,2026-10-08,True,True,2,"thin RVOL, earnings soon, below 200-MA, large gap",,2,https://www.tradingview.com/chart/?symbol=AMEX:NG&interval=D,False,False,False
PBLS,"Parabilis Medicines, Inc.",NASDAQ,Pharmaceuticals: Major,28.82,30.84,34.07,35.91,36.15,,,,31.12,33.28,30.36,27.56,10.88,9.48,2.73,840866.5,987954.4333333333,28472847.0,35477444.0,1.17,-0.28,3560228167.1358285,-28.31,377,-6.15,181,-13.58,267,-16.02,-2.14,-15.4,1.41,1.03,46.3,0.441,18.44,False,False,False,False,False,True,False,False,False,True,True,True,False,False,False,False,2026-12-02,False,False,4,"thin RVOL, below 200-MA",near21,3,https://www.tradingview.com/chart/?symbol=NASDAQ:PBLS&interval=D,False,False,False
LUMN,"Lumen Technologies, Inc.",NASDAQ,Major Telecommunications,5.91,5.7,6.16,6.27,6.27,7.19,7.38,7.52,5.84,6.02,6.0,5.7,4.1,5.11,0.3,12595030.2,13132580.066666666,77613548.0,82290935.0,0.84,-1.95,6095842735.356477,-15.33,292,-11.53,211,-21.72,303,-16.19,-1.11,-4.02,0.36,0.98,69.5,0.328,30.82,False,False,False,False,False,True,True,False,False,True,False,False,False,False,False,False,2026-11-04,False,False,3,"LoD>60% ATR, thin RVOL, below 200-MA",near21,3,https://www.tradingview.com/chart/?symbol=NASDAQ:LUMN&interval=D,False,False,False
FIGR,"Figure Technology Solutions, Inc.",NASDAQ,Finance/Rental/Leasing,27.68,29.21,32.1,33.51,32.7,31.87,32.87,36.33,29.38,31.25,28.7,27.41,6.63,7.43,2.06,4851586.1,4646550.5,128616518.0,155703584.0,0.85,0.95,6210779490.685191,-22.01,349,-9.81,202,-16.98,283,-16.26,-2.07,-13.77,1.54,0.63,13.1,0.404,25.74,False,False,False,False,False,False,True,True,False,True,False,True,False,False,False,False,2026-11-12,False,False,4,"thin RVOL, below 200-MA",ADR,4,https://www.tradingview.com/chart/?symbol=NASDAQ:FIGR&interval=D,False,False,False
PRIM,Primoris Services Corporation,NYSE,Engineering & Construction,82.16,76.79,76.25,75.64,77.93,89.51,109.07,118.32,78.66,77.3,83.3,79.76,4.12,4.78,3.93,1390986.4,1289335.5,105931805.0,97526197.0,0.89,-2.02,4422864197.893845,10.67,84,-10.89,207,-49.45,379,-16.56,1.14,7.75,1.32,0.9,61.1,0.175,51.2,False,True,True,False,False,True,True,False,False,True,False,False,False,False,False,False,2026-11-09,False,True,2,"LoD>60% ATR, thin RVOL, below 200-MA, large gap","EMA, near21",5,https://www.tradingview.com/chart/?symbol=NYSE:PRIM&interval=D,False,False,False
NNE,Nano Nuclear Energy Inc.,NASDAQ,Electrical Products,16.01,16.12,16.32,16.94,17.49,19.89,21.08,23.19,16.13,16.52,16.02,15.38,5.16,6.32,1.01,1836023.9,1888066.8666666667,30227951.0,31992034.0,0.98,-3.09,859707257.7113403,-9.8,246,-15.78,244,-24.62,316,-16.74,-1.34,-1.89,0.49,0.63,62.2,0.155,44.16,False,False,False,False,True,True,True,False,False,True,False,False,False,False,False,False,2026-12-17,False,True,2,"LoD>60% ATR, thin RVOL, below 200-MA, large gap",near21,4,https://www.tradingview.com/chart/?symbol=NASDAQ:NNE&interval=D,False,False,False
PRAX,"Praxis Precision Medicines, Inc.",NASDAQ,Pharmaceuticals: Major,278.02,284.46,298.06,317.24,331.15,320.08,319.65,316.84,287.36,300.21,285.63,271.28,5.33,5.58,15.5,472297.6,424779.0666666663,118097076.0,134756770.0,0.84,-1.06,7762315645.007782,-21.24,345,-16.28,252,-14.5,270,-17.34,-2.88,-6.72,1.33,0.93,43.5,0.249,16.8,False,False,False,False,False,True,True,False,False,True,False,True,False,False,False,False,2026-11-11,False,False,4,"thin RVOL, below 200-MA",near21,4,https://www.tradingview.com/chart/?symbol=NASDAQ:PRAX&interval=D,False,False,False
LBRT,Liberty Energy Inc.,NYSE,Oilfield Services/Equipment,19.41,18.97,19.16,19.48,19.66,23.28,25.57,24.88,19.21,19.3,20.14,19.29,4.56,4.84,0.94,4356707.3,3735328.1,72502718.0,72765436.0,0.65,-1.09,3167545623.8856854,-3.86,176,-20.65,293,-28.11,328,-17.54,-0.26,1.29,0.12,0.9,12.8,0.163,33.99,False,False,False,False,True,True,True,False,False,True,False,True,False,False,False,False,2026-10-21,False,False,4,"thin RVOL, below 200-MA",near21,5,https://www.tradingview.com/chart/?symbol=NYSE:LBRT&interval=D,False,False,False
ROAD,"Construction Partners, Inc.",NASDAQ,Engineering & Construction,88.71,91.13,93.38,97.45,103.32,107.14,111.05,113.38,91.69,94.5,91.62,86.3,4.13,4.88,4.33,709822.1,601932.5333333333,53397435.0,58659931.0,1.08,-2.64,5034785176.386728,-13.77,276,-14.67,235,-24.5,315,-17.65,-2.9,-5.0,1.26,1.23,55.7,0.119,25.08,False,False,False,False,False,True,False,False,False,True,True,True,False,False,False,False,2026-11-24,False,True,3,"thin RVOL, below 200-MA, large gap",near21,3,https://www.tradingview.com/chart/?symbol=NASDAQ:ROAD&interval=D,False,False,False
LUNR,"Intuitive Machines, Inc.",NASDAQ,Aerospace & Defense,14.41,14.78,14.72,14.9,15.38,19.86,21.0,20.28,14.69,14.89,14.9,13.93,6.93,7.14,1.03,8451153.2,7345750.066666666,105852258.0,109463919.0,1.22,-1.06,3298795846.5949535,-3.13,169,-15.24,239,-34.71,346,-17.69,-0.88,-2.08,0.46,0.94,46.7,0.188,43.6,False,False,False,False,True,True,True,False,False,True,False,True,False,False,True,False,2026-11-18,False,False,4,"thin RVOL, below 200-MA","near21, RVOL",5,https://www.tradingview.com/chart/?symbol=NASDAQ:LUNR&interval=D,False,False,False
SMR,NuScale Power Corporation,NYSE,Electrical Products,7.67,7.94,8.35,8.83,8.98,9.55,10.23,11.82,7.99,8.35,7.82,7.39,5.64,7.44,0.57,31264808.4,36117057.233333334,277017829.0,318889537.0,1.24,-3.62,3295977717.6945133,-20.85,342,-13.63,228,-19.26,294,-17.91,-1.96,-8.2,1.1,0.75,49.1,0.285,50.62,False,False,False,False,False,True,True,False,False,True,False,True,False,False,True,False,2026-11-05,False,True,3,"thin RVOL, below 200-MA, large gap","near21, RVOL",4,https://www.tradingview.com/chart/?symbol=NYSE:SMR&interval=D,False,False,False
OKLO,Oklo Inc.,NYSE,Industrial Machinery,36.82,37.09,37.6,38.73,40.4,47.56,52.19,58.83,37.25,38.08,37.39,35.97,4.5,6.14,2.26,9029732.2,10197371.533333333,375467220.0,394913607.0,1.33,-3.74,6849169900.221012,-6.81,206,-23.05,306,-24.64,317,-18.17,-1.44,-2.07,0.54,0.63,37.6,0.163,59.03,False,False,False,False,True,True,True,False,False,True,False,True,False,False,True,False,2026-11-18,False,True,3,"thin RVOL, below 200-MA, large gap","near21, RVOL",5,https://www.tradingview.com/chart/?symbol=NYSE:OKLO&interval=D,False,False,False
UEC,Uranium Energy Corp.,AMEX,Other Metals/Minerals,9.47,9.44,9.83,10.59,10.79,11.08,12.1,13.0,9.62,9.97,9.83,9.38,5.5,6.48,0.61,11520980.4,9603076.033333333,90941130.0,101741390.0,0.8,-3.56,4693186531.058359,-16.93,304,-6.14,180,-31.62,336,-18.23,-1.89,-3.71,0.78,0.73,13.9,0.196,37.53,False,False,False,False,False,True,True,False,False,True,False,True,False,False,False,False,2026-12-16,False,True,3,"thin RVOL, below 200-MA, large gap",near21,4,https://www.tradingview.com/chart/?symbol=AMEX:UEC&interval=D,False,False,False
UAA,"Under Armour, Inc.",NYSE,Apparel/Footwear,4.82,4.57,4.73,4.85,5.26,5.72,5.87,5.98,4.69,4.78,4.93,4.77,4.06,4.28,0.21,11567150.8,9450756.866666667,45552648.0,45823570.0,1.2,1.02,2037814174.5737708,-6.23,200,-25.16,318,-23.49,312,-18.29,-1.94,1.85,0.19,0.78,24.2,0.208,29.17,False,False,False,False,True,True,True,False,False,True,False,True,False,False,False,False,2026-11-05,False,False,4,"thin RVOL, below 200-MA",near21,5,https://www.tradingview.com/chart/?symbol=NYSE:UAA&interval=D,False,False,False
WING,Wingstop Inc.,NASDAQ,Restaurants,116.68,105.97,105.97,107.56,112.62,131.39,145.79,174.56,108.18,107.86,117.76,112.7,4.15,4.97,5.8,1263750.6,1294353.9,151025213.0,139222863.0,0.79,0.77,3178660190.1172905,5.26,111,-25.21,319,-35.27,349,-18.41,0.73,10.11,1.64,0.87,68.6,0.216,58.78,False,True,True,False,False,False,True,False,False,False,False,False,False,False,False,False,2026-10-28,False,False,3,"LoD>60% ATR, thin RVOL, below 200-MA",EMA,4,https://www.tradingview.com/chart/?symbol=NASDAQ:WING&interval=D,False,False,False
ALKT,"Alkami Technology, Inc.",NASDAQ,Packaged Software,14.15,13.88,16.28,17.46,18.33,17.59,17.33,17.93,14.53,15.82,14.33,13.93,4.88,5.52,0.78,2007966.4,1862085.2333333334,26348506.0,32521319.0,0.46,-1.13,1513228958.0333097,-28.57,379,-18.72,277,-9.03,248,-18.78,-4.13,-13.06,1.91,0.51,28.2,0.647,31.46,False,False,False,False,False,False,True,True,False,True,False,True,False,False,False,False,2026-10-29,False,False,4,"thin RVOL, below 200-MA",ADR,4,https://www.tradingview.com/chart/?symbol=NASDAQ:ALKT&interval=D,False,False,False
ERAS,"Erasca, Inc.",NASDAQ,Pharmaceuticals: Major,14.12,14.42,14.93,15.69,16.65,16.08,15.75,14.14,14.54,15.06,14.57,13.93,6.41,6.89,0.97,4648435.2,4858699.266666667,68604834.0,76227323.0,0.82,-1.47,4938639843.8517475,-11.97,264,-25.53,320,-19.04,293,-18.84,-2.21,-5.41,0.91,0.66,19.5,0.192,17.76,False,False,False,False,False,True,True,True,False,True,False,True,False,False,False,False,2026-11-11,False,False,4,"thin RVOL, below 200-MA","near21, ADR",5,https://www.tradingview.com/chart/?symbol=NASDAQ:ERAS&interval=D,False,False,False
CORZ,"Core Scientific, Inc.",NASDAQ,Packaged Software,15.94,16.63,17.09,17.17,18.29,21.75,20.7,19.82,16.63,17.08,16.48,15.66,5.57,6.23,0.99,11358379.6,11374593.366666667,181311018.0,195339683.0,0.83,-3.6,5122166445.217026,-9.64,242,-34.35,353,-13.74,268,-19.24,-2.06,-6.75,1.07,0.83,28.2,0.198,32.15,False,False,False,False,False,True,True,False,False,True,False,True,False,False,False,False,2026-11-11,False,True,3,"thin RVOL, below 200-MA, large gap",near21,4,https://www.tradingview.com/chart/?symbol=NASDAQ:CORZ&interval=D,False,False,False
SRPT,"Sarepta Therapeutics, Inc.",NASDAQ,Pharmaceuticals: Major,17.5,18.01,19.16,19.97,18.96,18.0,18.69,19.06,18.09,18.79,17.66,16.98,4.79,5.7,1.0,2361096.5,3053886.8,53443019.0,60983066.0,1.17,-0.17,1848472824.523397,-22.5,353,-14.17,230,-21.31,300,-19.33,-1.35,-8.65,1.2,0.69,52.1,0.267,6.6,False,False,False,False,False,True,True,False,False,True,False,True,False,False,False,False,2026-11-04,False,False,4,"thin RVOL, below 200-MA",near21,4,https://www.tradingview.com/chart/?symbol=NASDAQ:SRPT&interval=D,False,False,False
ASTS,"AST SpaceMobile, Inc.",NASDAQ,Specialty Telecommunications,60.65,59.98,60.22,60.47,62.92,73.12,76.72,81.02,60.17,60.66,61.66,58.88,6.31,6.81,4.13,11504328.8,10352352.466666667,627870177.0,625999852.0,0.96,-2.31,23603008211.04008,-4.34,184,-19.5,281,-34.68,345,-19.51,-0.53,0.71,0.0,0.67,42.9,0.114,34.69,False,False,False,False,True,True,True,True,False,True,False,True,False,True,False,False,2026-11-16,False,True,4,"below 200-MA, large gap","near21, ADR",6,https://www.tradingview.com/chart/?symbol=NASDAQ:ASTS&interval=D,False,False,False
ENOV,Enovis Corporation,NYSE,Medical Specialties,17.61,18.19,18.25,19.41,22.43,23.18,23.43,23.66,18.18,18.91,18.13,17.53,4.17,5.64,0.99,1457755.7999999998,1863159.3000000003,32810235.0,36159575.0,0.89,-0.93,1015559775.9873627,-7.36,211,-25.1,317,-27.26,325,-19.91,-3.81,-3.5,1.22,0.6,8.0,0.08,31.06,False,False,False,False,False,True,True,False,True,True,False,True,False,False,False,False,2026-11-11,False,False,4,"thin RVOL, below 200-MA","near21, BB",5,https://www.tradingview.com/chart/?symbol=NYSE:ENOV&interval=D,False,False,False
FLY,Firefly Aerospace Inc.,NASDAQ,Aerospace & Defense,21.51,23.07,22.28,22.05,22.86,27.43,28.9,27.88,22.63,22.58,22.15,21.16,7.58,7.76,1.67,3844329.0,3066845.7,65967851.0,67631104.0,0.85,-3.5,3600873962.6136665,-0.05,144,-17.27,262,-42.53,363,-19.95,-0.76,-3.45,0.61,0.6,21.3,0.207,30.79,False,False,False,False,False,True,True,True,False,True,False,True,False,False,False,False,2026-11-18,False,True,3,"thin RVOL, below 200-MA, large gap","near21, ADR",5,https://www.tradingview.com/chart/?symbol=NASDAQ:FLY&interval=D,False,False,False
RKT,"Rocket Companies, Inc.",NYSE,Finance/Rental/Leasing,11.44,11.73,12.27,12.76,13.25,13.61,14.03,15.46,11.81,12.26,11.47,10.99,4.37,5.21,0.6,38863134.2,33826851.266666666,386979178.0,431641898.0,1.02,-4.31,32393988938.540123,-17.46,309,-19.61,282,-23.78,313,-20.28,-2.62,-6.76,1.28,0.8,75.4,0.207,32.62,False,False,False,False,False,True,True,False,False,True,False,False,False,True,False,False,2026-10-29,False,True,3,"LoD>60% ATR, below 200-MA, large gap",near21,3,https://www.tradingview.com/chart/?symbol=NYSE:RKT&interval=D,False,False,False
NN,NextNav Inc.,NASDAQ,Packaged Software,12.71,13.84,14.4,14.75,15.4,16.81,17.2,16.87,13.75,14.32,13.5,12.2,7.42,7.54,0.96,2828510.3,2557054.533333333,32500163.0,37711440.0,1.87,-0.98,2145573979.3745294,-18.99,323,-26.79,323,-15.44,276,-20.4,-2.32,-11.73,1.49,1.36,53.2,0.209,26.44,False,False,False,False,False,True,False,False,False,True,True,True,True,True,True,False,2026-11-05,False,False,5,below 200-MA,"near21, RVOL",3,https://www.tradingview.com/chart/?symbol=NASDAQ:NN&interval=D,False,False,False
VSEC,VSE Corporation,NASDAQ,Engineering & Construction,167.34,170.41,176.71,187.09,200.34,198.76,196.71,198.61,170.62,178.57,173.12,163.82,4.56,5.33,8.91,424929.5,393997.86666666664,65931603.0,73711748.0,1.49,-1.35,4696392282.816952,-16.91,302,-21.08,295,-23.45,311,-20.48,-3.09,-5.3,1.18,1.04,39.5,0.204,17.88,False,False,False,False,False,True,False,False,False,True,True,True,False,False,True,False,2026-10-28,False,False,4,"thin RVOL, below 200-MA","near21, RVOL",3,https://www.tradingview.com/chart/?symbol=NASDAQ:VSEC&interval=D,False,False,False
SEDG,"SolarEdge Technologies, Inc.",NASDAQ,Electrical Products,33.16,32.51,33.87,33.79,34.1,45.85,44.95,42.26,33.17,33.53,33.19,32.04,5.81,6.96,2.31,2566098.7,3095255.533333333,102638673.0,104596938.0,0.79,-4.47,2040193771.6110456,-2.07,161,-38.44,364,-21.51,302,-20.68,-0.4,-2.11,0.16,0.5,48.5,0.201,40.24,False,False,False,False,True,True,True,True,False,True,False,True,False,False,False,False,2026-11-11,False,True,3,"thin RVOL, below 200-MA, large gap","near21, ADR",6,https://www.tradingview.com/chart/?symbol=NASDAQ:SEDG&interval=D,False,False,False
VKTX,"Viking Therapeutics, Inc.",NASDAQ,Pharmaceuticals: Major,28.54,31.64,32.12,32.6,33.0,33.4,33.36,33.08,30.82,31.94,29.06,28.12,8.56,8.18,2.34,9788383.7,6458363.0,184321680.0,210553398.0,0.5,0.04,3629296203.825229,-15.44,293,-28.38,335,-19.04,292,-20.95,-1.65,-11.16,1.3,0.4,18.0,0.463,6.15,False,False,False,False,False,True,True,True,False,True,False,True,False,False,False,False,2026-10-28,False,False,4,"thin RVOL, below 200-MA","near21, ADR",5,https://www.tradingview.com/chart/?symbol=NASDAQ:VKTX&interval=D,False,False,False
CIFR,Cipher Digital Inc.,NASDAQ,Data Processing Services,14.56,16.16,16.67,16.57,17.19,20.14,18.97,18.32,15.93,16.46,15.23,14.47,7.35,8.89,1.29,29673518.9,32761089.666666668,477001466.0,543004141.0,1.26,-3.29,6042847446.647742,-15.96,297,-35.63,354,-11.52,258,-21.04,-1.72,-12.68,1.3,0.59,7.0,0.314,27.34,False,False,False,False,False,True,True,True,False,True,False,True,False,False,True,False,2026-11-11,False,True,3,"thin RVOL, below 200-MA, large gap","near21, ADR, RVOL",5,https://www.tradingview.com/chart/?symbol=NASDAQ:CIFR&interval=D,False,False,False
BBAI,"BigBear.ai, Inc.",NYSE,Packaged Software,2.51,2.66,2.75,2.83,2.94,3.35,3.5,3.92,2.66,2.75,2.55,2.48,4.76,5.36,0.13,15994998.9,15751847.466666667,39537137.0,44635485.0,1.27,-1.16,1203531176.515504,-15.2,289,-23.71,312,-24.4,314,-21.1,-2.72,-8.79,1.62,0.52,22.3,0.163,50.06,False,False,False,False,False,False,True,True,False,True,False,True,False,False,True,False,2026-11-11,False,False,4,"thin RVOL, below 200-MA","ADR, RVOL",4,https://www.tradingview.com/chart/?symbol=NYSE:BBAI&interval=D,False,False,False
STUB,"StubHub Holdings, Inc.",NYSE,Internet Software/Services,6.0,5.53,5.7,5.92,6.76,8.64,8.14,9.14,5.66,5.84,6.05,5.63,5.1,5.29,0.32,6390492.6,6643105.7,39858634.0,39333829.0,0.79,-1.05,2292539802.0942407,-9.09,232,-51.81,386,-2.91,228,-21.27,-2.13,5.28,0.53,1.32,116.7,0.187,60.16,False,False,False,False,False,True,False,False,False,True,True,False,False,False,False,False,2026-11-12,False,False,3,"LoD>60% ATR, thin RVOL, below 200-MA",near21,2,https://www.tradingview.com/chart/?symbol=NYSE:STUB&interval=D,False,False,False
AN,"AutoNation, Inc.",NYSE,Specialty Stores,156.21,160.89,173.55,183.85,193.54,193.4,194.56,197.92,162.83,172.13,157.49,154.29,4.06,4.49,7.01,613363.4,602933.8333333334,94184294.0,110851194.0,0.98,-0.7,5164428528.137347,-24.3,363,-17.45,264,-22.08,305,-21.28,-4.3,-9.99,2.06,0.46,27.4,0.409,23.7,False,False,False,False,False,False,True,True,False,True,False,True,False,False,False,False,2026-10-22,False,False,4,"thin RVOL, below 200-MA",ADR,4,https://www.tradingview.com/chart/?symbol=NYSE:AN&interval=D,False,False,False
CHWY,"Chewy, Inc.",NYSE,Internet Retail,18.22,18.21,19.37,20.66,21.7,21.05,22.5,24.27,18.5,19.44,18.28,17.9,4.06,4.54,0.83,8718948.0,9764037.6,177900765.0,201692470.0,0.61,-0.06,7323114237.871002,-23.83,361,-10.07,204,-30.0,331,-21.3,-3.54,-5.92,1.38,0.45,38.7,0.267,33.26,False,False,False,False,False,True,True,True,False,True,False,True,False,False,False,False,2026-12-03,False,False,4,"thin RVOL, below 200-MA","near21, ADR",5,https://www.tradingview.com/chart/?symbol=NYSE:CHWY&interval=D,False,False,False
DKNG,DraftKings Inc.,NASDAQ,Movies/Entertainment,19.15,19.95,21.55,22.43,23.28,24.43,24.17,25.5,20.01,21.18,19.76,18.9,5.84,5.96,1.14,17804908.8,13786218.766666668,264006089.0,309234078.0,0.65,-0.66,9507095460.377214,-20.21,340,-29.4,340,-14.55,272,-21.39,-2.97,-11.13,1.6,0.75,21.9,0.375,28.98,False,False,False,False,False,False,True,False,False,False,False,True,False,False,False,False,2026-10-30,False,False,4,"thin RVOL, below 200-MA",,3,https://www.tradingview.com/chart/?symbol=NASDAQ:DKNG&interval=D,False,False,False
TRIP,"TripAdvisor, Inc.",NASDAQ,Other Consumer Services,8.63,8.49,8.66,8.93,10.0,11.3,11.04,11.46,8.57,8.81,8.84,8.47,4.27,4.45,0.38,3606684.0,4030633.1,34784364.0,35976088.0,0.76,0.12,1011430365.1772302,-5.58,195,-33.92,352,-24.89,318,-21.46,-3.08,-0.31,0.46,0.95,41.7,0.133,34.39,False,False,False,False,True,True,True,False,False,True,False,True,False,False,False,False,2026-11-09,False,False,4,"thin RVOL, below 200-MA",near21,5,https://www.tradingview.com/chart/?symbol=NASDAQ:TRIP&interval=D,False,False,False
AIR,AAR Corp.,NYSE,Aerospace & Defense,99.62,106.83,112.49,118.09,127.81,127.23,122.23,117.64,105.93,112.31,101.95,99.12,5.21,5.5,5.48,915982.4,561690.8666666667,55955644.0,66329326.0,0.5,-2.0,4004147158.735557,-20.12,337,-26.11,321,-18.97,291,-21.73,-4.01,-11.44,2.05,0.52,9.1,0.29,21.06,False,False,False,False,False,False,True,True,False,True,False,True,False,False,False,False,2027-01-06,False,False,4,"thin RVOL, below 200-MA",ADR,4,https://www.tradingview.com/chart/?symbol=NYSE:AIR&interval=D,False,False,False
ACAD,ACADIA Pharmaceuticals Inc.,NASDAQ,Pharmaceuticals: Major,19.65,20.31,23.67,25.33,26.62,24.96,23.92,24.29,20.96,22.99,19.8,19.45,4.72,4.51,0.89,3119731.5,2063379.4,40545405.0,52255427.0,0.58,-0.71,3385803261.147416,-29.24,382,-23.54,311,-12.74,263,-21.84,-5.8,-16.99,3.22,0.39,22.0,0.581,32.09,False,False,False,False,False,False,True,True,False,True,False,True,False,False,False,False,2026-11-11,False,False,4,"thin RVOL, below 200-MA",ADR,4,https://www.tradingview.com/chart/?symbol=NASDAQ:ACAD&interval=D,False,False,False
CBRS,Cerebras Systems Inc.,NASDAQ,Packaged Software,175.05,185.22,190.49,189.85,200.12,209.58,,,182.45,188.43,175.68,171.0,6.2,7.62,13.35,9242437.6,7107671.333333333,1244197867.0,1349396141.0,0.59,-2.34,39184686957.64117,-8.34,222,-7.34,188,-49.99,381,-21.89,-1.64,-8.1,0.93,0.35,30.3,0.277,13.92,False,False,False,False,False,True,True,True,False,True,False,True,False,True,False,False,2026-12-02,False,True,4,"below 200-MA, large gap","near21, ADR",5,https://www.tradingview.com/chart/?symbol=NASDAQ:CBRS&interval=D,False,False,False
KTOS,"Kratos Defense & Security Solutions, Inc.",NASDAQ,Aerospace & Defense,41.94,43.6,45.47,46.9,50.81,52.03,58.85,68.51,43.65,45.54,43.0,40.92,4.75,5.36,2.25,4910334.7,4004476.966666667,167947764.0,187795287.0,1.38,-2.01,7873032362.104324,-12.17,266,-15.95,246,-38.34,358,-22.15,-3.26,-7.75,1.48,0.92,45.2,0.194,59.4,False,False,False,False,False,True,True,False,False,True,False,True,False,False,True,False,2026-10-29,False,True,3,"thin RVOL, below 200-MA, large gap","near21, RVOL",4,https://www.tradingview.com/chart/?symbol=NASDAQ:KTOS&interval=D,False,False,False
ESAB,ESAB Corporation,NYSE,Industrial Machinery,67.12,68.8,68.18,70.73,76.68,84.07,89.34,97.42,68.95,70.01,70.66,65.59,4.59,4.88,3.28,1074052.7,954810.8333333334,64086903.0,67531224.0,0.99,-2.45,4172703415.3295283,-10.15,247,-23.36,308,-34.2,342,-22.57,-2.55,-1.55,0.85,1.55,46.7,0.115,43.57,False,False,False,False,True,True,False,False,False,True,True,True,False,False,False,False,2026-11-04,False,True,3,"thin RVOL, below 200-MA, large gap",near21,4,https://www.tradingview.com/chart/?symbol=NYSE:ESAB&interval=D,False,False,False
INSM,Insmed Incorporated,NASDAQ,Pharmaceuticals: Major,101.74,111.73,117.3,119.56,119.72,112.51,122.12,131.81,110.2,114.9,104.8,101.6,4.79,5.19,5.28,3021840.0,2368506.5,240971851.0,283186532.0,1.09,-1.29,22218134543.827423,-19.25,327,-12.62,220,-36.25,352,-22.71,-2.89,-13.26,2.21,0.61,2.7,0.257,19.74,False,False,False,False,False,False,True,True,False,True,False,True,False,True,False,False,2026-10-29,False,False,5,below 200-MA,ADR,4,https://www.tradingview.com/chart/?symbol=NASDAQ:INSM&interval=D,False,False,False
RSI,"Rush Street Interactive, Inc.",NYSE,Casinos/Gaming,20.24,20.07,22.18,23.58,24.56,27.14,25.85,24.02,20.68,21.94,20.69,20.06,5.78,5.47,1.11,3580193.8,3278457.0,66355970.0,77309295.0,0.4,0.46,4691092558.715954,-23.39,358,-38.72,365,-6.36,239,-22.83,-3.22,-8.74,1.42,0.57,16.2,0.48,34.92,False,False,False,False,False,True,True,True,False,True,False,True,False,False,False,False,2026-11-04,False,False,4,"thin RVOL, below 200-MA","near21, ADR",5,https://www.tradingview.com/chart/?symbol=NYSE:RSI&interval=D,False,False,False
AMPX,"Amprius Technologies, Inc.",NYSE,Electrical Products,9.33,9.58,9.53,9.66,10.14,12.4,14.41,13.45,9.54,9.66,9.35,8.85,5.96,6.16,0.58,6620977.0,5163570.633333334,48176114.0,49883535.0,1.26,-1.9,1362932292.5797255,-3.01,168,-22.96,305,-42.58,364,-22.85,-1.3,-2.08,0.55,0.88,84.3,0.088,52.35,False,False,False,False,True,True,True,False,True,True,False,False,False,False,True,False,2026-11-05,False,False,3,"LoD>60% ATR, thin RVOL, below 200-MA","near21, BB, RVOL",5,https://www.tradingview.com/chart/?symbol=NYSE:AMPX&interval=D,False,False,False
GIL,"Gildan Activewear, Inc.",NYSE,Apparel/Footwear,41.26,41.62,44.29,46.95,50.61,52.73,54.6,57.63,42.32,44.58,41.26,40.61,4.14,4.08,1.68,2922156.2,1718545.3,70907179.0,80693149.0,0.78,-1.68,7641015738.30943,-22.28,351,-19.07,278,-28.37,329,-23.24,-4.53,-6.84,1.83,0.39,38.6,0.254,38.79,False,False,False,False,False,False,True,True,False,True,False,True,False,False,False,False,2026-10-29,False,False,4,"thin RVOL, below 200-MA",ADR,4,https://www.tradingview.com/chart/?symbol=NYSE:GIL&interval=D,False,False,False
DNN,Denison Mines Corp,AMEX,Other Metals/Minerals,2.56,2.6,2.76,2.98,3.06,3.11,3.31,3.39,2.65,2.78,2.65,2.54,4.42,5.48,0.14,29572117.4,25334327.533333335,64855878.0,75403404.0,0.7,-2.21,2317353212.6925063,-24.48,366,-18.47,272,-27.89,326,-23.61,-2.96,-7.35,1.46,0.78,14.2,0.263,30.57,False,False,False,False,False,True,True,False,False,True,False,True,False,False,False,False,2026-11-03,False,True,3,"thin RVOL, below 200-MA, large gap",near21,4,https://www.tradingview.com/chart/?symbol=AMEX:DNN&interval=D,False,False,False
PLNT,"Planet Fitness, Inc.",NYSE,Other Consumer Services,43.09,41.85,45.07,47.18,49.4,50.82,57.0,66.79,42.83,44.74,43.36,42.0,4.94,4.33,1.86,2669674.9,2413905.533333333,104015189.0,113896109.0,0.57,-0.14,3254715778.778225,-15.87,296,-15.54,242,-40.34,360,-23.92,-2.95,-4.38,0.85,0.73,58.5,0.361,57.88,False,False,False,False,False,True,True,True,False,True,False,True,False,False,False,False,2026-11-10,False,False,4,"thin RVOL, below 200-MA","near21, ADR",5,https://www.tradingview.com/chart/?symbol=NYSE:PLNT&interval=D,False,False,False
IBP,"Installed Building Products, Inc.",NYSE,Engineering & Construction,184.4,193.25,197.59,210.39,222.27,219.74,238.35,254.27,193.5,201.24,188.02,179.66,4.1,4.91,9.05,429037.8,437926.8333333333,80753708.0,92133967.0,1.09,-2.51,4901200551.997926,-22.42,352,-15.21,238,-35.32,350,-24.32,-3.47,-6.68,1.71,0.92,52.3,0.118,33.09,False,False,False,False,False,False,True,False,False,False,False,True,False,False,False,False,2026-11-11,False,True,3,"thin RVOL, below 200-MA, large gap",,3,https://www.tradingview.com/chart/?symbol=NYSE:IBP&interval=D,False,False,False
MRP,"Millrose Properties, Inc.",NYSE,Real Estate Development,22.62,25.12,27.01,28.29,28.8,28.69,28.87,29.28,24.83,26.49,23.12,22.39,4.44,4.51,1.02,4127380.0,2364296.7666666666,53480393.0,66896989.0,0.7,-0.6,3488639715.7211914,-28.37,378,-20.24,290,-24.95,319,-24.52,-4.76,-16.25,3.24,0.71,22.5,0.343,18.39,False,False,False,False,False,False,True,True,False,True,False,True,False,False,False,False,2026-10-22,False,False,4,"thin RVOL, below 200-MA",ADR,4,https://www.tradingview.com/chart/?symbol=NYSE:MRP&interval=D,False,False,False
SPHR,Sphere Entertainment Co.,NYSE,Media Conglomerates,106.24,126.63,135.03,137.53,146.19,146.16,138.96,129.3,122.67,131.64,108.26,102.0,6.1,6.78,7.2,1126026.1,754485.7333333333,80156564.0,103767692.0,2.54,-1.85,3815461616.0880623,-25.18,369,-30.91,342,-17.66,287,-24.58,-4.03,-21.32,2.85,0.87,58.9,0.377,18.42,False,False,False,False,False,False,True,False,False,False,False,True,True,True,True,False,2026-11-10,False,False,5,below 200-MA,RVOL,3,https://www.tradingview.com/chart/?symbol=NYSE:SPHR&interval=D,False,False,False
MIRM,"Mirum Pharmaceuticals, Inc.",NASDAQ,Pharmaceuticals: Major,80.64,84.82,89.92,92.99,96.23,102.47,100.14,98.43,84.45,88.77,83.13,78.39,4.66,4.72,3.8,917668.7,741533.3333333334,59797248.0,68955679.0,1.15,-0.58,5236133027.226246,-18.61,321,-37.08,358,-18.5,290,-24.73,-3.44,-10.32,1.94,1.25,59.2,0.277,21.89,False,False,False,False,False,False,False,False,False,False,True,True,False,False,False,False,2026-11-17,False,False,4,"thin RVOL, below 200-MA",,2,https://www.tradingview.com/chart/?symbol=NASDAQ:MIRM&interval=D,False,False,False
HTZ,"Hertz Global Holdings, Inc",NASDAQ,Finance/Rental/Leasing,2.07,1.79,1.85,1.96,2.0,2.83,3.7,4.06,1.87,1.89,2.24,1.95,5.71,7.14,0.15,19877731.1,16255293.033333333,33648457.0,31887467.0,3.44,-0.49,737854411.0631068,-9.21,236,3.5,139,-68.69,391,-24.8,0.52,12.09,1.33,1.96,81.2,0.281,109.66,False,True,False,False,False,True,False,False,False,True,True,False,True,True,True,False,2026-11-05,False,False,4,"LoD>60% ATR, below 200-MA","near21, RVOL",3,https://www.tradingview.com/chart/?symbol=NASDAQ:HTZ&interval=D,False,False,False
WULF,TeraWulf Inc.,NASDAQ,Data Processing Services,14.4,15.16,15.72,15.82,16.24,19.84,19.39,18.1,15.17,15.6,14.7,14.07,5.98,7.22,1.04,26419849.2,27608532.066666666,397562862.0,436748572.0,1.03,-3.14,7185149249.218436,-10.45,251,-39.6,368,-25.16,320,-25.07,-1.57,-8.41,1.06,0.6,31.7,0.234,32.53,False,False,False,False,False,True,True,True,False,True,False,True,False,False,False,False,2026-11-16,False,True,3,"thin RVOL, below 200-MA, large gap","near21, ADR",5,https://www.tradingview.com/chart/?symbol=NASDAQ:WULF&interval=D,False,False,False
JOBY,"Joby Aviation, Inc.",NYSE,Aerospace & Defense,5.75,6.0,6.13,6.37,6.93,8.08,8.47,9.46,5.96,6.21,5.77,5.58,4.15,4.7,0.27,20505614.6,23785513.433333334,136766702.0,151513721.0,1.18,-1.38,5714778298.399654,-16.55,301,-27.58,328,-31.14,335,-25.09,-3.62,-6.21,1.56,0.7,62.9,0.136,60.16,False,False,False,False,False,False,True,False,False,False,False,False,False,False,False,False,2026-11-11,False,False,3,"LoD>60% ATR, thin RVOL, below 200-MA",,2,https://www.tradingview.com/chart/?symbol=NYSE:JOBY&interval=D,False,False,False
PUMP,ProPetro Holding Corp.,NYSE,Oilfield Services/Equipment,9.28,9.28,9.89,10.38,10.77,12.63,13.39,12.73,9.46,9.88,9.6,9.09,4.8,5.5,0.51,3811857.2,3794716.1333333333,35214966.0,39401803.0,0.73,-0.42,1139805886.455404,-17.07,307,-28.06,331,-30.8,334,-25.31,-2.52,-6.17,1.1,1.02,38.2,0.3,44.27,False,False,False,False,False,True,False,False,False,True,True,True,False,False,False,False,2026-11-04,False,False,4,"thin RVOL, below 200-MA",near21,3,https://www.tradingview.com/chart/?symbol=NYSE:PUMP&interval=D,False,False,False
INIO,INNIO N.V.,NASDAQ,Electrical Products,20.34,19.17,19.38,19.92,22.15,,,,19.64,19.95,21.08,20.05,6.13,7.34,1.49,5518598.6,5325631.233333333,108323339.0,106099001.0,0.6,-2.58,15255000272.470257,-0.44,146,-41.13,371,-34.39,344,-25.32,-1.11,4.97,0.26,0.69,19.3,0.232,14.62,False,False,False,False,False,True,True,False,False,True,False,True,False,True,False,False,2026-12-02,False,True,4,"below 200-MA, large gap",near21,4,https://www.tradingview.com/chart/?symbol=NASDAQ:INIO&interval=D,False,False,False
QS,QuantumScape Corporation,NASDAQ,Electrical Products,4.52,4.66,4.88,5.1,5.38,6.31,6.53,7.23,4.68,4.89,4.58,4.46,4.44,5.07,0.23,12233104.7,12117476.133333333,54770992.0,61823363.0,0.93,-1.94,2798393168.7225804,-17.06,306,-32.34,349,-28.03,327,-25.81,-3.15,-7.34,1.51,0.52,28.4,0.205,56.91,False,False,False,False,False,False,True,True,False,True,False,True,False,False,False,False,2026-10-28,False,False,4,"thin RVOL, below 200-MA",ADR,4,https://www.tradingview.com/chart/?symbol=NASDAQ:QS&interval=D,False,False,False
APP,Applovin Corporation,NASDAQ,Packaged Software,281.29,291.91,307.68,309.54,323.1,409.57,422.45,450.28,290.24,302.11,281.34,269.41,4.95,5.34,15.02,5342754.1,5070502.6,1426281676.0,1569523375.0,0.62,-1.41,94133977455.16588,-9.4,239,-44.29,378,-25.19,321,-26.29,-2.42,-8.58,1.29,0.79,79.1,0.259,56.3,False,False,False,False,False,True,True,False,False,True,False,False,False,True,False,False,2026-11-11,False,False,4,"LoD>60% ATR, below 200-MA",near21,3,https://www.tradingview.com/chart/?symbol=NASDAQ:APP&interval=D,False,False,False
TE,T1 Energy Inc.,NYSE,Electrical Products,3.73,3.77,4.05,4.24,4.48,6.33,6.14,6.45,3.84,4.05,3.73,3.58,5.78,8.33,0.31,19785039.0,19516566.366666667,72796793.0,82821802.0,0.58,-3.95,1098397450.0289476,-16.93,303,-50.53,384,-12.44,261,-26.63,-2.02,-7.83,0.94,0.48,48.3,0.311,72.02,False,False,False,False,False,True,True,True,False,True,False,True,False,False,False,False,2026-11-11,False,True,3,"thin RVOL, below 200-MA, large gap","near21, ADR",5,https://www.tradingview.com/chart/?symbol=NYSE:TE&interval=D,False,False,False
USAR,"USA Rare Earth, Inc.",NASDAQ,Metal Fabrication,13.23,14.11,14.98,15.96,16.67,18.94,19.38,19.29,14.13,15.01,13.39,13.03,4.84,6.4,0.85,12318009.1,12869073.966666667,170257849.0,205330365.0,1.14,-2.98,4962262920.189957,-29.06,381,-28.56,336,-22.95,310,-26.86,-3.22,-11.67,1.85,0.42,23.6,0.284,39.82,False,False,False,False,False,False,True,True,False,True,False,True,False,False,False,False,2026-11-05,False,True,3,"thin RVOL, below 200-MA, large gap",ADR,4,https://www.tradingview.com/chart/?symbol=NASDAQ:USAR&interval=D,False,False,False
FRMI,Fermi Inc.,NASDAQ,Real Estate Development,3.97,4.22,4.63,4.81,5.36,6.23,6.21,6.95,4.26,4.58,4.12,3.95,5.88,7.92,0.31,15535474.5,16439756.666666666,65265834.0,79025910.0,0.7,-2.84,2545801039.033097,-17.29,308,-46.06,380,-17.29,285,-26.88,-3.28,-14.22,1.69,0.54,6.4,0.402,68.88,False,False,False,False,False,False,True,True,False,True,False,True,False,False,False,False,2026-11-17,False,True,3,"thin RVOL, below 200-MA, large gap",ADR,4,https://www.tradingview.com/chart/?symbol=NASDAQ:FRMI&interval=D,False,False,False
PLUG,"Plug Power, Inc.",NASDAQ,Electronic Production Equipment,1.78,1.9,1.99,2.05,2.1,2.48,2.57,2.46,1.9,1.98,1.82,1.75,4.75,5.74,0.1,48826782.4,48125919.56666667,85664137.0,98561883.0,1.0,-2.69,2487007457.9139786,-15.64,294,-28.94,338,-36.31,353,-26.97,-2.64,-10.46,1.73,0.69,29.4,0.204,37.84,False,False,False,False,False,False,True,False,False,False,False,True,False,False,False,False,2026-11-10,False,True,3,"thin RVOL, below 200-MA, large gap",,3,https://www.tradingview.com/chart/?symbol=NASDAQ:PLUG&interval=D,False,False,False
MPT,"Medical Properties Trust, Inc.",NYSE,Real Estate Investment Trusts,3.23,3.41,3.49,3.67,3.93,4.37,4.57,4.76,3.39,3.53,3.33,3.2,4.15,4.24,0.14,11142473.4,10840763.1,35015665.0,39756692.0,1.36,0.3,1928956011.7454548,-20.05,334,-28.22,334,-33.4,340,-27.22,-4.2,-7.48,2.03,0.95,21.9,0.156,41.64,False,False,False,False,False,False,True,False,False,False,False,True,False,False,True,False,2026-10-22,False,False,4,"thin RVOL, below 200-MA",RVOL,3,https://www.tradingview.com/chart/?symbol=NYSE:MPT&interval=D,False,False,False
OCUL,"Ocular Therapeutix, Inc.",NASDAQ,Pharmaceuticals: Major,7.23,7.87,9.06,9.64,9.69,9.39,9.27,9.53,7.89,8.71,7.54,7.19,8.21,8.11,0.59,4961611.2,3111626.3,22497058.0,30003857.0,0.6,-1.09,1587822811.2179835,-31.21,386,-28.84,337,-22.34,309,-27.46,-3.13,-20.22,2.09,0.61,6.8,0.612,25.07,False,False,False,False,False,False,True,True,False,True,False,True,False,False,False,False,2026-11-09,False,False,4,"thin RVOL, below 200-MA",ADR,4,https://www.tradingview.com/chart/?symbol=NASDAQ:OCUL&interval=D,False,False,False
MIAX,"Miami International Holdings, Inc.",NYSE,Investment Banks/Brokers,30.18,33.39,36.21,38.39,40.66,41.79,42.38,42.46,33.41,35.78,30.63,29.21,5.14,5.59,1.69,2118051.3,1813311.9333333333,54725754.0,69608814.0,2.08,-0.55,2994788530.633972,-27.76,374,-28.14,332,-27.01,324,-27.64,-4.61,-16.65,2.8,0.84,57.5,0.375,30.07,False,False,False,False,False,False,True,False,False,False,False,True,True,True,True,False,2026-10-29,False,False,5,below 200-MA,RVOL,3,https://www.tradingview.com/chart/?symbol=NYSE:MIAX&interval=D,False,False,False
QXO,"QXO, Inc.",NYSE,Wholesale Distributors,11.31,11.95,11.96,12.43,13.22,14.6,16.53,18.29,11.9,12.19,11.73,10.77,5.1,5.68,0.64,23681518.4,18889302.1,213638007.0,234718468.0,2.2,-3.39,11734019740.417013,-14.96,288,-22.21,301,-47.3,370,-28.16,-2.54,-5.45,1.27,1.49,84.0,0.135,56.06,False,False,False,False,False,True,False,False,False,True,True,False,True,True,True,False,2026-11-17,False,True,3,"LoD>60% ATR, below 200-MA, large gap","near21, RVOL",2,https://www.tradingview.com/chart/?symbol=NYSE:QXO&interval=D,False,False,False
ALNY,"Alnylam Pharmaceuticals, Inc.",NASDAQ,Pharmaceuticals: Major,224.41,238.09,241.61,244.93,238.08,264.8,281.05,300.33,233.24,239.09,230.42,222.46,4.3,4.54,10.18,1237847.1,1481167.9,332388888.0,362777023.0,0.83,0.2,30028106698.755383,-13.21,272,-40.71,370,-30.63,332,-28.18,-1.27,-7.12,1.35,0.78,19.1,0.19,27.74,False,False,False,False,False,True,True,False,False,True,False,True,False,True,False,False,2026-10-29,False,False,5,below 200-MA,near21,4,https://www.tradingview.com/chart/?symbol=NASDAQ:ALNY&interval=D,False,False,False
ALM,Almonty Industries Inc.,NASDAQ,Other Metals/Minerals,12.1,13.09,13.79,15.23,14.98,15.86,16.97,15.77,13.23,13.97,12.63,12.01,6.4,8.41,1.02,5892870.8,6151957.966666667,74438691.0,93703548.0,0.82,-3.68,3490616984.992331,-31.21,387,-21.43,297,-31.98,337,-28.21,-2.29,-12.25,1.59,0.61,8.8,0.289,32.09,False,False,False,False,False,False,True,False,False,False,False,True,False,False,False,False,2026-11-17,False,True,3,"thin RVOL, below 200-MA, large gap",,3,https://www.tradingview.com/chart/?symbol=NASDAQ:ALM&interval=D,False,False,False
FLUT,Flutter Entertainment plc,NYSE,Casinos/Gaming,75.85,76.99,85.53,90.24,93.99,98.71,101.0,118.34,78.38,83.85,78.27,74.39,5.32,5.39,4.09,2948232.5,2958476.2666666666,224400425.0,266965995.0,1.01,1.78,13162941362.689835,-24.89,368,-31.0,343,-29.2,330,-28.36,-3.58,-11.32,1.77,0.95,35.7,0.452,54.52,False,False,False,False,False,False,True,False,False,False,False,True,False,True,False,False,2026-11-18,False,False,5,below 200-MA,,3,https://www.tradingview.com/chart/?symbol=NYSE:FLUT&interval=D,False,False,False
GT,The Goodyear Tire & Rubber Company,NASDAQ,Automotive Aftermarket,4.69,4.91,5.09,5.43,5.82,6.11,6.34,7.03,4.9,5.15,4.7,4.62,4.12,4.69,0.22,8925813.5,9522076.266666668,44658538.0,51725505.0,0.74,0.0,1350245058.9978545,-22.99,356,-28.18,333,-34.31,343,-28.49,-4.14,-7.84,1.92,0.39,31.8,0.193,45.28,False,False,False,False,False,False,True,True,False,True,False,True,False,False,False,False,2026-11-09,False,False,4,"thin RVOL, below 200-MA",ADR,4,https://www.tradingview.com/chart/?symbol=NASDAQ:GT&interval=D,False,False,False
XE,"X-Energy, Inc.",NASDAQ,Industrial Machinery,14.39,14.63,15.17,16.15,17.4,18.97,,,14.81,15.46,14.93,14.08,5.89,8.38,1.21,5974800.3,6876412.5,98951576.0,111031141.0,1.2,-4.27,5847607872.572169,-18.56,320,-12.58,219,-55.06,384,-28.73,-2.06,-5.17,0.83,0.7,25.3,0.213,30.2,False,False,False,False,False,True,True,False,False,True,False,True,False,False,False,False,2026-12-02,False,True,3,"thin RVOL, below 200-MA, large gap",near21,4,https://www.tradingview.com/chart/?symbol=NASDAQ:XE&interval=D,False,False,False
MTZ,"MasTec, Inc.",NYSE,Engineering & Construction,223.37,215.34,219.31,226.54,246.06,309.11,323.94,305.42,219.19,224.07,224.08,216.01,4.09,5.21,11.64,1355487.2,1478361.1666666667,330221534.0,334913359.0,0.97,-2.32,17937716228.498203,-4.85,186,-43.97,376,-37.58,355,-28.8,-1.77,1.85,0.06,0.69,63.2,0.158,48.62,False,False,False,False,True,True,True,False,False,True,False,False,False,True,False,False,2026-10-29,False,True,3,"LoD>60% ATR, below 200-MA, large gap",near21,4,https://www.tradingview.com/chart/?symbol=NYSE:MTZ&interval=D,False,False,False
QNT,Quantinuum Inc.,NASDAQ,Computer Processing Hardware,44.22,47.29,48.96,49.33,52.68,,,,46.94,48.69,45.1,43.56,6.04,6.65,2.94,1951017.0,1811766.8,80116328.0,89367813.0,0.75,-1.32,11643486036.54354,-10.32,249,-42.57,374,-34.97,348,-29.29,-2.41,-9.67,1.38,0.52,22.4,0.2,12.18,False,False,False,False,False,True,True,True,False,True,False,True,False,True,False,False,2026-11-12,False,False,5,below 200-MA,"near21, ADR",5,https://www.tradingview.com/chart/?symbol=NASDAQ:QNT&interval=D,False,False,False
HYMC,Hycroft Mining Holding Corporation,NASDAQ,Precious Metals,17.96,19.39,20.26,21.35,22.73,24.2,28.8,30.87,19.31,20.36,18.49,17.77,6.09,7.59,1.36,1854112.2999999996,2055387.5666666718,36914761.0,43876701.0,1.15,-5.32,1673542964.1445785,-19.82,332,-15.48,241,-53.72,383,-29.68,-2.76,-11.34,1.56,0.53,13.9,0.241,63.93,False,False,False,False,False,False,True,True,False,True,False,True,False,False,False,False,2026-11-03,False,True,3,"thin RVOL, below 200-MA, large gap",ADR,4,https://www.tradingview.com/chart/?symbol=NASDAQ:HYMC&interval=D,False,False,False
NAMS,NewAmsterdam Pharma Company N.V.,NASDAQ,Pharmaceuticals: Major,22.13,23.16,22.7,23.65,25.23,28.95,30.01,30.99,22.94,23.39,22.72,21.85,5.91,6.08,1.35,1536771.8,1662290.5666666667,36786490.0,39316496.0,0.85,-0.9,2645357635.797036,-13.72,275,-38.22,363,-37.56,354,-29.83,-2.02,-2.5,0.89,0.65,20.8,0.148,37.45,False,False,False,False,True,True,True,True,False,True,False,True,False,False,False,False,2026-11-11,False,False,4,"thin RVOL, below 200-MA","near21, ADR",6,https://www.tradingview.com/chart/?symbol=NASDAQ:NAMS&interval=D,False,False,False
GRML,Greenland Mines Ltd,NASDAQ,Miscellaneous Commercial Services,5.83,9.89,7.79,6.77,7.95,10.93,14.15,14.67,8.19,8.14,6.32,5.7,46.23,36.69,2.14,10571593.6,16525767.6,96345225.0,111929024.0,0.12,-5.96,51462182.155172415,31.31,27,-51.21,385,-72.88,395,-30.93,-0.73,-25.19,0.77,0.29,6.1,2.121,118.02,False,False,False,False,False,True,True,True,False,True,False,True,False,False,False,False,,False,True,3,"thin RVOL, below 200-MA, large gap","near21, ADR",5,https://www.tradingview.com/chart/?symbol=NASDAQ:GRML&interval=D,False,False,False
FMC,FMC Corporation,NYSE,Chemicals: Agricultural,9.09,9.05,9.9,10.63,10.62,11.22,12.58,13.14,9.21,9.78,9.21,8.84,5.16,5.98,0.54,5309784.2,4139673.1333333333,37629629.0,44007485.0,0.87,0.33,1413913146.0398672,-29.81,384,-16.22,251,-47.43,372,-31.15,-2.41,-8.21,1.18,0.68,46.0,0.404,45.04,False,False,False,False,False,True,True,False,False,True,False,True,False,False,False,False,2026-10-29,False,False,4,"thin RVOL, below 200-MA",near21,4,https://www.tradingview.com/chart/?symbol=NYSE:FMC&interval=D,False,False,False
EOSE,"Eos Energy Enterprises, Inc.",NASDAQ,Electrical Products,3.1,3.16,3.55,3.56,3.66,4.9,5.34,7.24,3.27,3.43,3.14,3.05,7.26,8.53,0.26,27557541.1,26360235.1,81716729.0,93816077.0,0.62,-4.6,1128920037.3619633,-11.93,263,-32.09,347,-49.92,380,-31.31,-1.81,-12.74,1.14,0.33,18.9,0.456,131.4,False,False,False,False,False,True,True,True,False,True,False,True,False,False,False,False,2026-11-11,False,True,3,"thin RVOL, below 200-MA, large gap","near21, ADR",5,https://www.tradingview.com/chart/?symbol=NASDAQ:EOSE&interval=D,False,False,False
WHR,Whirlpool Corporation,NYSE,Electronics/Appliances,29.19,30.76,32.11,34.44,37.12,38.36,43.6,52.69,30.77,32.5,29.8,28.39,4.4,5.04,1.47,3045291.5,2855951.7,83365230.0,98363736.0,1.76,-1.16,1903169847.9830847,-24.3,364,-22.18,300,-48.83,375,-31.77,-4.24,-9.11,2.02,0.96,54.2,0.217,75.14,False,False,False,False,False,False,True,False,False,False,False,True,True,True,True,False,2026-10-15,False,False,5,below 200-MA,RVOL,3,https://www.tradingview.com/chart/?symbol=NYSE:WHR&interval=D,False,False,False
RUN,Sunrun Inc.,NASDAQ,Semiconductors,7.61,7.74,8.14,8.38,8.94,11.0,11.62,13.39,7.82,8.15,7.63,7.42,4.8,5.46,0.42,8283197.6,7538400.733333333,57367230.0,63190644.0,1.71,-2.45,1832845550.5122266,-14.4,285,-37.75,361,-43.19,365,-31.78,-2.73,-6.49,1.21,0.51,45.7,0.212,74.29,False,False,False,False,False,True,True,True,False,True,False,True,True,True,True,False,2026-11-04,False,True,4,"below 200-MA, large gap","near21, ADR, RVOL",5,https://www.tradingview.com/chart/?symbol=NASDAQ:RUN&interval=D,False,False,False
PL,Planet Labs PBC,NYSE,Packaged Software,17.75,17.19,16.85,17.67,19.64,26.05,28.56,27.35,17.33,17.59,18.0,17.38,4.84,5.98,1.06,11476313.4,11723662.466666667,208095009.0,207102405.0,0.91,-3.72,6458301591.855144,-9.62,240,-37.03,357,-49.11,377,-31.92,-1.61,5.32,0.15,0.59,35.3,0.157,65.98,False,False,False,False,False,True,True,True,False,True,False,True,False,False,False,False,2026-12-14,False,True,3,"thin RVOL, below 200-MA, large gap","near21, ADR",5,https://www.tradingview.com/chart/?symbol=NYSE:PL&interval=D,False,False,False
KNF,Knife Riv Holding Co.,NYSE,Construction Materials,50.54,52.11,53.81,56.76,61.41,70.62,75.22,76.11,52.27,54.57,52.5,50.35,4.5,4.74,2.4,1177700.7,1067248.2,53938724.0,60579498.0,0.65,-1.37,2868823227.2410297,-18.29,316,-36.42,356,-41.24,362,-31.98,-3.73,-6.07,1.56,0.9,7.9,0.172,47.49,False,False,False,False,False,False,True,False,False,False,False,True,False,False,False,False,2026-11-09,False,False,4,"thin RVOL, below 200-MA",,3,https://www.tradingview.com/chart/?symbol=NYSE:KNF&interval=D,False,False,False
UUUU,Energy Fuels Inc,AMEX,Other Metals/Minerals,10.26,10.95,11.59,12.64,13.09,14.01,15.92,17.08,11.04,11.71,10.91,10.23,4.45,6.29,0.65,7669571.4,7046975.633333334,72301970.0,89047933.0,1.92,-3.64,2716113999.053286,-29.39,383,-22.27,302,-44.54,369,-32.07,-3.43,-11.45,1.97,1.05,4.6,0.276,59.74,False,False,False,False,False,False,False,False,False,False,True,True,True,True,True,False,2026-10-30,False,True,4,"below 200-MA, large gap",RVOL,2,https://www.tradingview.com/chart/?symbol=AMEX:UUUU&interval=D,False,False,False
RARE,Ultragenyx Pharmaceutical Inc.,NASDAQ,Pharmaceuticals: Major,14.89,14.78,14.51,16.85,20.47,23.89,23.64,23.8,14.84,15.85,15.25,14.34,5.63,7.18,1.07,4375620.4,5890954.433333334,87716312.0,99255709.0,0.92,-0.62,1467988350.2946055,-3.78,175,-57.1,390,-38.01,357,-32.96,-3.8,2.6,0.84,0.85,51.0,0.182,63.01,False,False,False,False,True,True,True,False,False,True,False,True,False,False,False,False,2026-11-04,False,False,4,"thin RVOL, below 200-MA",near21,5,https://www.tradingview.com/chart/?symbol=NASDAQ:RARE&interval=D,False,False,False
CHTR,"Charter Communications, Inc.",NASDAQ,Cable/Satellite TV,106.96,110.75,121.61,130.95,138.83,137.46,159.76,173.37,112.16,120.46,111.59,106.02,4.67,5.36,5.73,2980248.9,2922890.0,312632314.0,382755368.0,1.34,1.53,18730320158.654636,-29.02,380,-18.2,269,-52.39,382,-33.21,-4.28,-12.04,2.09,0.97,16.4,0.433,58.55,False,False,False,False,False,False,True,False,False,False,False,True,False,True,True,False,2026-10-30,False,False,5,below 200-MA,RVOL,3,https://www.tradingview.com/chart/?symbol=NASDAQ:CHTR&interval=D,False,False,False
FUN,Six Flags Entertainment Corporation,NYSE,Movies/Entertainment,11.63,11.62,12.15,13.22,14.66,17.61,17.81,17.49,11.8,12.49,12.04,11.26,5.69,6.33,0.74,3146216.4,2425648.933333333,28210297.0,32074356.0,1.31,-0.66,1189938732.6672187,-22.67,354,-37.67,360,-40.96,361,-33.77,-3.27,-4.3,1.08,1.05,50.2,0.248,53.25,False,False,False,False,False,True,False,False,False,True,True,True,False,False,True,False,2026-11-05,False,False,4,"thin RVOL, below 200-MA","near21, RVOL",3,https://www.tradingview.com/chart/?symbol=NYSE:FUN&interval=D,False,False,False
HUBG,"Hub Group, Inc.",NASDAQ,Air Freight/Couriers,26.31,29.35,31.42,33.54,37.37,41.15,40.45,41.54,29.35,31.55,27.9,26.22,4.67,5.77,1.52,1354847.0,1317775.2,34670666.0,44201694.0,1.17,-1.42,1608948803.6271305,-27.78,375,-42.5,373,-32.24,338,-34.18,-5.13,-16.25,2.88,1.11,6.3,0.318,46.31,False,False,False,False,False,False,False,False,False,False,True,True,False,False,False,False,2026-10-22,False,False,4,"thin RVOL, below 200-MA",,2,https://www.tradingview.com/chart/?symbol=NASDAQ:HUBG&interval=D,False,False,False
LCID,"Lucid Group, Inc.",NASDAQ,Motor Vehicles,3.89,4.08,4.13,4.33,5.23,5.58,6.49,7.54,4.1,4.28,4.11,3.8,5.69,7.33,0.29,8900062.89999998,11493913.966666687,44711325.0,49810792.0,1.48,-1.68,1532932984.4903846,-15.25,290,-32.93,350,-55.85,385,-34.68,-3.5,-5.89,1.25,1.11,33.3,0.105,88.96,False,False,False,False,False,True,False,False,False,True,True,True,False,False,True,False,2026-11-09,False,False,4,"thin RVOL, below 200-MA","near21, RVOL",3,https://www.tradingview.com/chart/?symbol=NASDAQ:LCID&interval=D,False,False,False
SOC,Sable Offshore Corp.,NYSE,Integrated Oil,3.67,3.58,4.1,4.31,4.43,6.66,9.36,9.38,3.68,3.97,3.72,3.54,8.03,9.19,0.34,8612113.1,7861257.533333333,28850815.0,33882020.0,0.62,-0.28,704161356.9551821,-23.38,357,-10.05,203,-71.77,394,-35.07,-1.88,-10.42,0.81,0.53,38.5,0.569,158.0,False,False,False,False,False,True,True,True,False,True,False,True,False,False,False,False,2026-11-12,False,False,4,"thin RVOL, below 200-MA","near21, ADR",5,https://www.tradingview.com/chart/?symbol=NYSE:SOC&interval=D,False,False,False
FICO,Fair Isaac Corporation,NYSE,Financial Publishing/Services,681.77,716.06,836.01,916.08,992.68,1103.63,1100.35,1202.45,726.9,817.27,696.0,663.59,5.99,7.94,54.1,1688794.3,834532.0666666667,568958927.0,764499805.0,0.94,-0.79,14724620262.82062,-27.04,372,-45.24,379,-36.17,351,-36.15,-3.95,-18.45,2.09,0.6,33.6,0.67,71.34,False,False,False,False,False,False,True,False,False,False,False,True,False,True,False,False,2026-11-11,False,False,5,below 200-MA,,3,https://www.tradingview.com/chart/?symbol=NYSE:FICO&interval=D,False,False,False
RCAT,"Red Cat Holdings, Inc.",NASDAQ,Packaged Software,6.15,6.44,6.88,7.44,8.17,9.19,10.47,10.93,6.48,6.95,6.22,5.98,4.7,6.45,0.4,6353433.9,7751938.6,47674422.0,57688635.0,1.17,-2.68,939193308.7618296,-27.65,373,-32.93,351,-49.05,376,-36.54,-3.84,-10.65,1.79,0.6,42.8,0.345,73.01,False,False,False,False,False,False,True,False,False,False,False,True,False,False,False,False,2026-11-12,False,True,3,"thin RVOL, below 200-MA, large gap",,3,https://www.tradingview.com/chart/?symbol=NASDAQ:RCAT&interval=D,False,False,False
UTI,Universal Technical Institute Inc,NYSE,Miscellaneous Commercial Services,19.89,19.39,20.02,20.5,24.25,32.78,34.08,32.79,19.6,20.41,20.05,19.3,5.03,5.92,1.18,1643355.4,1787743.7,35558222.0,36649938.0,0.85,-0.92,1095844130.6659887,-6.31,201,-59.92,392,-43.49,366,-36.58,-3.03,-0.65,0.43,0.64,50.1,0.167,73.85,False,False,False,False,True,True,True,False,False,True,False,True,False,False,False,False,2026-11-25,False,False,4,"thin RVOL, below 200-MA",near21,5,https://www.tradingview.com/chart/?symbol=NYSE:UTI&interval=D,False,False,False
CAR,"Avis Budget Group, Inc.",NASDAQ,Finance/Rental/Leasing,110.22,107.84,112.23,121.2,129.52,148.3,168.35,155.75,110.05,114.86,113.73,109.7,5.3,5.29,5.83,417737.2,430670.63333333336,47468517.0,52197855.0,1.06,0.43,3893604466.845273,-20.11,335,-29.04,339,-62.51,388,-37.22,-2.82,-1.79,0.76,0.69,8.9,0.225,54.9,False,False,False,False,True,True,True,True,False,True,False,True,False,False,False,False,2026-11-02,False,False,4,"thin RVOL, below 200-MA","near21, ADR",6,https://www.tradingview.com/chart/?symbol=NASDAQ:CAR&interval=D,False,False,False
BRBR,"BellRing Brands, Inc.",NYSE,Beverages: Non-Alcoholic,7.77,7.68,8.36,9.02,10.01,10.38,12.07,14.78,7.86,8.43,7.86,7.52,5.27,5.83,0.45,4988634.6,3599014.066666667,27964339.0,32475104.0,0.91,-0.13,903481606.927178,-24.85,367,-41.27,372,-49.45,378,-38.52,-3.84,-7.03,1.33,0.74,54.1,0.337,91.42,False,False,False,False,False,True,True,False,False,True,False,True,False,False,False,False,2026-11-23,False,False,4,"thin RVOL, below 200-MA",near21,4,https://www.tradingview.com/chart/?symbol=NYSE:BRBR&interval=D,False,False,False
CELC,Celcuity Inc.,NASDAQ,Medical Specialties,65.78,75.33,79.23,83.8,86.53,94.97,103.07,103.99,74.47,78.99,73.5,64.15,7.61,7.54,4.96,1523849.6,1065255.3333333333,70072496.0,89264846.0,2.46,-1.02,3218740885.159298,-31.36,388,-39.25,366,-47.38,371,-39.33,-3.18,-16.98,2.22,1.89,32.9,0.259,43.57,False,False,False,False,False,False,False,False,False,False,True,True,True,True,True,False,2026-11-18,False,False,5,below 200-MA,RVOL,2,https://www.tradingview.com/chart/?symbol=NASDAQ:CELC&interval=D,False,False,False
FRVO,Fervo Energy Company,NASDAQ,Alternative Power Generation,13.97,14.4,15.2,15.83,17.61,24.81,,,14.48,15.33,14.1,13.56,8.77,9.81,1.37,9959967.9,8197089.2,114513336.0,129725767.0,0.59,-2.65,4117841815.2861133,-19.11,325,-40.63,369,-61.19,387,-40.31,-2.11,-8.1,0.91,0.39,29.9,0.298,74.5,False,False,False,False,False,True,True,True,False,True,False,True,False,False,False,False,2026-12-02,False,True,3,"thin RVOL, below 200-MA, large gap","near21, ADR",5,https://www.tradingview.com/chart/?symbol=NASDAQ:FRVO&interval=D,False,False,False
FLNC,"Fluence Energy, Inc.",NASDAQ,Electrical Products,7.67,7.68,8.07,8.94,10.5,15.04,15.11,16.76,7.8,8.38,7.76,7.45,4.92,7.59,0.58,6311568.9,7612959.7,58391401.0,68092849.0,0.8,-3.72,1415854114.8219178,-24.13,362,-53.32,388,-43.85,368,-40.43,-3.55,-4.98,1.12,0.53,37.8,0.417,118.34,False,False,False,False,False,True,True,False,False,True,False,True,False,False,False,False,2026-11-30,False,True,3,"thin RVOL, below 200-MA, large gap",near21,4,https://www.tradingview.com/chart/?symbol=NASDAQ:FLNC&interval=D,False,False,False
KRMN,Karman Holdings Inc.,NYSE,Aerospace & Defense,31.39,33.33,34.24,36.82,44.3,48.23,60.09,68.28,33.28,35.52,33.14,30.97,6.68,7.72,2.42,3312431.9,3722957.066666667,116863622.0,137081761.0,0.74,-0.45,4160233166.4235506,-22.19,350,-37.18,359,-63.01,389,-40.79,-3.78,-8.33,1.51,0.9,17.3,0.184,111.34,False,False,False,False,False,False,True,False,False,False,False,True,False,False,False,False,2026-11-05,False,False,4,"thin RVOL, below 200-MA",,3,https://www.tradingview.com/chart/?symbol=NYSE:KRMN&interval=D,False,False,False
XENE,Xenon Pharmaceuticals Inc.,NASDAQ,Pharmaceuticals: Major,36.41,37.37,43.7,49.29,54.72,56.68,56.49,53.0,38.58,43.32,36.56,35.78,5.34,5.99,2.18,2533662.2,2132751.1,77653468.0,105133965.0,0.74,-1.04,3525960071.1348095,-39.34,390,-48.33,381,-37.71,356,-41.79,-5.59,-16.69,2.66,0.36,28.9,0.842,53.04,False,False,False,False,False,False,True,True,False,True,False,True,False,False,False,False,2026-11-11,False,False,4,"thin RVOL, below 200-MA",ADR,4,https://www.tradingview.com/chart/?symbol=NASDAQ:XENE&interval=D,False,False,False
OPEN,Opendoor Technologies Inc,NASDAQ,Real Estate Development,2.27,2.4,2.54,2.75,3.1,3.83,4.22,4.58,2.4,2.59,2.3,2.13,5.44,6.59,0.15,29411824.5,30304537.2,68791299.0,83317274.0,1.22,-2.64,2204376698.0,-26.89,371,-52.41,387,-48.05,373,-42.45,-4.05,-10.49,1.87,1.14,93.6,0.268,96.05,False,False,False,False,False,False,False,False,False,False,True,False,False,False,True,False,2026-11-05,False,True,2,"LoD>60% ATR, thin RVOL, below 200-MA, large gap",RVOL,1,https://www.tradingview.com/chart/?symbol=NASDAQ:OPEN&interval=D,False,False,False
AVBP,"ArriVent BioPharma, Inc.",NASDAQ,Pharmaceuticals: Other,16.89,26.53,27.74,28.66,29.29,30.18,29.0,27.29,24.79,27.02,17.34,14.97,11.07,15.36,2.59,2945193.8,1350583.2333333334,22811351.0,38711767.0,1.65,1.03,832807595.8528829,-45.14,393,-49.45,383,-38.63,359,-44.41,-2.76,-39.12,2.44,0.92,74.1,0.577,21.62,False,False,False,False,False,False,True,False,False,False,False,False,True,True,True,False,2026-11-18,False,False,4,"LoD>60% ATR, below 200-MA",RVOL,2,https://www.tradingview.com/chart/?symbol=NASDAQ:AVBP&interval=D,False,False,False
NKTR,Nektar Therapeutics,NASDAQ,Pharmaceuticals: Major,40.26,50.96,58.67,63.65,67.67,66.66,70.72,65.33,49.22,56.46,40.35,38.44,10.73,9.75,3.92,2452927.5999999996,1499063.3666666665,60352291.0,95414134.0,0.61,-1.73,1374596929.8251064,-46.08,394,-43.54,375,-48.62,374,-46.08,-4.16,-31.38,2.94,0.49,46.3,0.695,49.09,False,False,False,False,False,False,True,True,False,True,False,True,False,False,False,False,2026-11-05,False,False,4,"thin RVOL, below 200-MA",ADR,4,https://www.tradingview.com/chart/?symbol=NASDAQ:NKTR&interval=D,False,False,False
BW,"Babcock & Wilcox Enterprises, Inc.",NYSE,Electronic Equipment/Instruments,5.64,5.85,6.52,6.79,7.72,11.26,12.72,11.64,5.97,6.47,5.72,5.44,6.69,8.92,0.5,5775829.2,4935698.7,27837341.0,33498587.0,1.21,-5.25,840162901.5634516,-20.11,336,-49.19,382,-69.05,392,-46.12,-3.02,-13.52,1.44,0.55,38.8,0.446,121.71,False,False,False,False,False,True,True,True,False,True,False,True,False,False,True,False,2026-11-11,False,True,3,"thin RVOL, below 200-MA, large gap","near21, ADR, RVOL",5,https://www.tradingview.com/chart/?symbol=NYSE:BW&interval=D,False,False,False
CAPR,"Capricor Therapeutics, Inc.",NASDAQ,Pharmaceuticals: Major,8.1,8.52,8.66,8.95,7.54,16.27,21.46,22.52,8.44,8.62,8.27,7.46,8.3,10.83,0.88,4896529.9,4469570.966666667,36203525.0,39986272.0,0.59,-2.06,470925806.9806451,-13.83,278,-63.89,394,-74.32,396,-50.68,0.68,-6.46,0.56,0.92,72.9,0.216,184.91,False,False,False,False,False,True,True,False,False,True,False,False,False,False,False,False,2026-11-17,False,True,2,"LoD>60% ATR, thin RVOL, below 200-MA, large gap",near21,3,https://www.tradingview.com/chart/?symbol=NASDAQ:CAPR&interval=D,False,False,False
ALHC,"Alignment Healthcare, Inc.",NASDAQ,Managed Health Care,8.55,8.1,8.98,10.49,11.93,15.66,16.81,17.84,8.4,9.3,8.78,8.26,5.82,7.76,0.66,10818166.9,10329140.033333333,88314147.0,108399160.0,0.57,-0.84,1773570509.5161295,-35.91,389,-57.69,391,-60.03,386,-51.21,-3.65,-4.79,1.04,0.79,43.7,0.751,113.94,False,False,False,False,False,True,True,False,False,True,False,True,False,False,False,False,2026-10-29,False,False,4,"thin RVOL, below 200-MA",near21,4,https://www.tradingview.com/chart/?symbol=NASDAQ:ALHC&interval=D,False,False,False
XNDU,Xanadu Quantum Technologies Limited,NASDAQ,Computer Processing Hardware,4.49,4.7,6.08,7.39,8.74,10.67,12.29,11.9,5.0,6.09,4.91,4.47,9.29,11.85,0.53,9139594.8,5873427.366666666,26371689.0,43402670.0,0.8,-3.95,1375228001.7549407,-55.63,395,-59.95,393,-43.73,367,-53.1,-4.1,-26.11,2.22,0.83,3.8,1.039,168.82,False,False,False,False,False,False,True,False,False,False,False,True,False,False,False,False,2026-12-02,False,True,3,"thin RVOL, below 200-MA, large gap",,3,https://www.tradingview.com/chart/?symbol=NASDAQ:XNDU&interval=D,False,False,False
LQDA,Liquidia Corporation,NASDAQ,Pharmaceuticals: Major,26.68,45.09,56.14,60.35,68.43,70.0,59.78,54.08,40.07,51.4,27.33,24.59,23.31,20.7,5.52,7772569.4,3377639.0,90115409.0,203851210.0,0.98,-1.39,2388097124.5495944,-60.71,396,-66.88,395,-33.93,341,-53.84,-2.95,-52.47,2.32,0.5,37.8,1.327,93.39,False,False,False,False,False,False,True,True,False,True,False,True,False,False,False,False,2026-11-10,False,False,4,"thin RVOL, below 200-MA",ADR,4,https://www.tradingview.com/chart/?symbol=NASDAQ:LQDA&interval=D,False,False,False
ALMS,Alumis Inc.,NASDAQ,Pharmaceuticals: Major,6.77,7.08,7.73,10.27,16.48,20.54,21.87,22.07,7.25,9.0,6.95,6.71,5.87,11.63,0.79,2218974.9,4056869.966666667,27465010.0,41676225.0,0.96,-1.59,903762140.5887445,-39.72,391,-77.01,396,-70.62,393,-62.45,-5.07,-12.37,2.13,0.3,7.6,0.44,221.32,False,False,False,False,False,False,True,True,False,True,False,True,False,False,False,False,2026-11-12,False,False,4,"thin RVOL, below 200-MA",ADR,4,https://www.tradingview.com/chart/?symbol=NASDAQ:ALMS&interval=D,False,False,False
CTVA,"Corteva, Inc.",NYSE,Agricultural Commodities/Milling,14.45,45.65,63.69,71.08,74.36,78.02,79.01,77.36,37.52,55.13,14.62,13.75,12.01,36.99,5.35,45548708.4,18489338.566666666,267170942.0,1314203696.0,0.98,1.94,9642484717.440691,-83.51,397,-82.92,397,-82.73,397,-83.05,-2.18,-77.31,1.99,0.16,13.1,1.84,230.87,False,False,False,False,False,False,True,True,False,True,False,True,False,False,False,False,2026-11-11,False,False,4,"thin RVOL, below 200-MA",ADR,4,https://www.tradingview.com/chart/?symbol=NYSE:CTVA&interval=D,False,False,False
