name,description,exchange,industry,close,SMA10,SMA20,SMA30,SMA50,SMA100,SMA150,SMA200,EMA10,EMA21,high,low,ADRP,ATRP,atr_abs,average_volume_10d_calc,average_volume_30d_calc,dollar_volume_30d,average_dollar_volume_30d,rvol,gap_pct,market_cap_basic,Perf.1M,perf_1m_rank,Perf.3M,perf_3m_rank,Perf.6M,perf_6m_rank,momentum_score,atr_extension_from_50d,sma20_distance_pct,ema21_atr_dist,day_range_atr,lod_atr_pct,bb_width,ma_spread_pct,above_all_mas,ma_aligned,ema_aligned,above_sma200,near_sma20,near_ema,range_tight,adr_tight,bb_tight,plan_tight,wide_day,lod_ok,rvol_ok,rvol_pass,rvol_expand,ma_coiled,earnings_date,earnings_soon,large_gap,hard_rule_passes,hard_rule_fails,tightness_flags,focus_score,tradingview_url,is_top_1m,is_top_3m,is_top_6m
QMCO,Quantum Corporation,NASDAQ,Computer Peripherals,29.49,25.07,24.43,23.98,19.23,15.13,12.04,10.8,25.69,24.16,32.08,25.1,7.37,8.0,2.36,1781704.1,1581512.4,46638801.0,37930730.0,3.84,-2.23,1162200864.7982287,34.66,17,162.37,3,479.37,1,225.47,6.67,20.71,2.76,2.96,186.1,0.255,48.4,True,True,True,True,False,False,False,False,False,False,True,False,True,True,True,False,2026-11-13,False,True,3,"LoD>60% ATR, >4x 50-MA, large gap","EMA, RVOL",5,https://www.tradingview.com/chart/?symbol=NASDAQ:QMCO&interval=D,True,True,True
ASST,"Strive, Inc.",NASDAQ,Financial Conglomerates,29.94,28.86,27.04,23.44,18.91,16.94,14.99,15.19,28.64,26.2,30.59,28.49,6.52,6.53,1.95,10293341.7,9916876.666666666,296911287.0,232489604.0,0.73,-1.31,2922058534.1579857,57.25,5,175.69,1,199.4,13,144.11,8.93,10.74,2.19,1.07,74.2,0.35,46.33,True,True,True,True,False,False,False,False,False,False,True,False,False,False,False,False,2026-11-13,False,False,3,"LoD>60% ATR, >4x 50-MA, thin RVOL",EMA,5,https://www.tradingview.com/chart/?symbol=NASDAQ:ASST&interval=D,True,True,True
MXL,"MaxLinear, Inc",NASDAQ,Semiconductors,85.31,77.51,70.37,70.56,71.06,81.1,62.33,51.35,79.06,74.5,87.35,79.69,6.19,7.27,6.2,3199592.8,2580567.566666667,220148219.0,182082267.0,1.41,-2.59,7737035490.738733,28.05,25,-5.4,244,405.09,2,142.58,2.76,21.23,2.0,1.24,90.7,0.546,34.87,True,True,True,True,False,False,False,False,False,False,True,False,False,False,True,False,2026-10-28,False,True,3,"LoD>60% ATR, thin RVOL, large gap","EMA, RVOL",5,https://www.tradingview.com/chart/?symbol=NASDAQ:MXL&interval=D,False,False,True
CDNA,"CareDx, Inc.",NASDAQ,Medical Specialties,61.37,54.34,52.27,50.73,47.09,35.63,29.95,27.39,54.91,52.42,63.09,54.52,4.14,4.42,2.71,1258698.2,1176073.4,72175625.0,59665732.0,2.14,1.8,3174929309.4328847,27.51,26,120.36,7,253.92,6,133.93,6.86,17.41,3.86,3.16,252.5,0.224,43.91,True,True,True,True,False,False,False,False,False,False,True,False,True,True,True,False,2026-11-10,False,False,4,"LoD>60% ATR, >4x 50-MA","EMA, RVOL",5,https://www.tradingview.com/chart/?symbol=NASDAQ:CDNA&interval=D,False,True,True
TEAM,Atlassian Corporation,NASDAQ,Packaged Software,192.61,190.91,188.54,181.59,152.39,120.77,104.31,111.7,190.57,183.51,198.0,191.7,4.15,4.6,8.85,3193479.5,3805954.8,733064954.0,691106205.0,0.51,0.43,48757068625.12492,12.88,80,155.79,4,187.43,17,118.7,5.74,2.16,1.08,0.71,10.3,0.123,44.96,True,True,True,True,True,True,True,False,False,True,False,True,False,True,False,False,2026-10-29,False,False,5,>4x 50-MA,"EMA, near21",9,https://www.tradingview.com/chart/?symbol=NASDAQ:TEAM&interval=D,False,True,True
LIFE,Ethos Technologies Inc.,NASDAQ,Packaged Software,35.31,37.27,37.86,37.0,31.58,25.57,21.45,,36.57,36.46,38.1,33.75,8.57,8.12,2.87,2026847.8,1589415.5,56122261.0,58809433.0,1.31,0.27,2251323420.637865,-4.46,224,94.44,9,249.6,7,113.19,1.45,-6.72,0.39,1.52,54.4,0.221,46.45,False,False,False,False,False,True,False,False,False,True,True,True,False,False,True,False,2026-12-02,False,False,4,"thin RVOL, below 200-MA","near21, RVOL",3,https://www.tradingview.com/chart/?symbol=NASDAQ:LIFE&interval=D,False,True,True
BAND,Bandwidth Inc.,NASDAQ,Packaged Software,61.83,53.93,51.09,50.78,51.94,55.84,43.45,36.15,54.88,52.62,62.26,57.51,7.79,7.34,4.54,1092938.5,866887.3333333334,53599644.0,44021550.0,0.95,-1.91,1989738111.1232877,30.55,22,18.4,126,263.71,5,104.22,2.6,21.02,2.38,1.05,95.2,0.369,31.85,True,True,True,True,False,False,False,False,False,False,True,False,False,False,False,False,2026-10-29,False,False,4,"LoD>60% ATR, thin RVOL",EMA,5,https://www.tradingview.com/chart/?symbol=NASDAQ:BAND&interval=D,True,False,True
PURR,Hyperliquid Strategies Inc,NASDAQ,Financial Conglomerates,14.09,12.86,12.39,11.33,9.43,8.79,7.66,6.71,13.14,12.15,14.36,13.18,7.5,8.02,1.13,26251208.5,26839626.333333332,378170335.0,304007974.0,0.8,-3.44,3352282568.0724535,34.06,18,77.23,21,198.2,14,103.17,6.16,13.7,1.98,1.04,80.5,0.33,43.59,True,True,True,True,False,False,False,False,False,False,True,False,False,False,False,False,2026-12-02,False,True,2,"LoD>60% ATR, >4x 50-MA, thin RVOL, large gap",EMA,5,https://www.tradingview.com/chart/?symbol=NASDAQ:PURR&interval=D,True,True,True
OKTA,"Okta, Inc.",NASDAQ,Packaged Software,206.64,190.39,179.9,166.47,157.24,135.22,115.33,108.63,191.42,179.49,212.5,200.95,4.54,4.74,9.78,4606252.4,4237990.133333334,875738281.0,705503162.0,1.15,-0.56,36124960972.38605,57.18,6,73.15,25,171.0,21,100.44,6.63,14.86,3.2,1.18,58.2,0.293,39.57,True,True,True,True,False,False,False,False,False,False,True,True,False,True,False,False,2026-12-08,False,False,5,>4x 50-MA,EMA,6,https://www.tradingview.com/chart/?symbol=NASDAQ:OKTA&interval=D,True,False,True
GRAL,"GRAIL, Inc.",NASDAQ,Medical Specialties,125.21,88.27,84.1,80.62,76.45,70.37,64.0,72.43,94.84,86.58,126.81,101.98,5.42,6.24,7.81,2030118.3,1084744.8,135820896.0,87451041.0,1.97,-2.78,5592658868.752488,60.03,4,90.99,13,145.51,32,98.84,10.22,48.87,7.15,3.18,297.4,0.62,19.39,True,True,True,True,False,False,False,False,False,False,True,False,True,True,True,False,2026-11-18,False,True,3,"LoD>60% ATR, >4x 50-MA, large gap","EMA, RVOL",5,https://www.tradingview.com/chart/?symbol=NASDAQ:GRAL&interval=D,True,True,False
SDGR,"Schrodinger, Inc.",NASDAQ,Packaged Software,29.45,26.58,23.3,21.82,19.52,17.09,15.39,15.6,27.14,24.31,30.24,28.4,6.63,5.88,1.73,3384411.9,1766933.6666666667,52036196.0,38547425.0,0.63,-0.89,2203025672.6223063,55.41,7,83.49,17,156.09,25,98.33,8.65,26.4,3.6,1.06,60.7,0.762,38.0,True,True,True,True,False,False,False,False,False,False,True,False,False,False,False,False,2026-11-11,False,False,3,"LoD>60% ATR, >4x 50-MA, thin RVOL",EMA,5,https://www.tradingview.com/chart/?symbol=NASDAQ:SDGR&interval=D,True,True,False
USDE,StablecoinX Inc.,NASDAQ,Packaged Software,14.22,9.82,8.8,7.34,5.16,6.66,8.54,9.73,10.81,8.9,15.49,12.67,9.85,11.56,1.64,6411324.4,8582042.866666667,122036650.0,62950715.0,0.91,-0.78,386600971.91608393,159.96,1,90.62,14,38.73,157,96.44,15.21,61.67,5.17,1.72,94.3,1.113,32.77,True,True,True,True,False,False,False,False,False,False,True,False,False,False,False,False,,False,False,3,"LoD>60% ATR, >4x 50-MA, thin RVOL",EMA,5,https://www.tradingview.com/chart/?symbol=NASDAQ:USDE&interval=D,True,True,False
APPS,"Digital Turbine, Inc.",NASDAQ,Packaged Software,10.88,11.4,11.14,11.25,10.77,9.45,7.47,6.83,11.34,11.25,11.36,10.38,7.35,7.85,0.85,2842416.4,2673962.2666666666,29092709.0,30081630.0,1.57,-1.82,1316656801.8856153,1.49,160,8.37,165,270.07,4,93.31,0.13,-2.36,0.42,1.15,58.6,0.219,42.0,False,False,False,True,True,True,False,False,False,True,True,True,True,True,True,False,2026-11-11,False,False,6,,"near21, RVOL",5,https://www.tradingview.com/chart/?symbol=NASDAQ:APPS&interval=D,False,False,True
BLZE,"Backblaze, Inc.",NASDAQ,Computer Peripherals,13.5,13.38,13.52,14.77,14.9,12.5,9.61,8.37,13.62,13.94,13.9,13.33,5.83,6.99,0.94,1912161.7,2410829.6666666665,32558255.0,35611972.0,0.59,-1.71,835959545.1447368,-13.1,316,4.49,191,288.07,3,93.16,-1.34,-0.1,0.45,0.61,18.9,0.2,48.32,False,False,False,True,True,True,True,True,False,True,False,True,False,False,False,False,2026-11-11,False,False,5,thin RVOL,"near21, ADR",7,https://www.tradingview.com/chart/?symbol=NASDAQ:BLZE&interval=D,False,False,True
CRWD,"CrowdStrike Holdings, Inc.",NASDAQ,Packaged Software,259.67,243.09,229.07,220.0,211.66,190.11,161.19,149.49,244.27,231.7,263.87,258.53,4.35,4.78,12.4,13674287.5,11454195.2,2974310868.0,2519903854.0,0.62,-0.27,265885143376.6727,35.51,15,51.37,50,180.08,20,88.99,4.75,13.36,2.53,0.43,9.2,0.321,36.04,True,True,True,True,False,False,True,True,False,True,False,True,False,True,False,False,2026-12-01,False,False,5,>4x 50-MA,"EMA, ADR",8,https://www.tradingview.com/chart/?symbol=NASDAQ:CRWD&interval=D,True,False,True
RNG,"RingCentral, Inc.",NYSE,Packaged Software,79.82,74.99,72.97,70.61,63.56,52.28,47.62,42.8,75.91,72.61,81.22,79.3,4.0,4.08,3.25,1773451.7,1524116.9666666666,121655016.0,107614851.0,0.98,0.09,6665462266.65354,18.34,52,128.91,5,119.08,48,88.77,6.27,9.39,2.44,0.59,16.0,0.2,40.33,True,True,True,True,False,False,True,True,False,True,False,True,False,False,False,False,2026-11-09,False,False,4,">4x 50-MA, thin RVOL","EMA, ADR",8,https://www.tradingview.com/chart/?symbol=NYSE:RNG&interval=D,False,True,False
AMC,"AMC Entertainment Holdings, Inc.",NYSE,Movies/Entertainment,2.91,2.72,2.65,2.61,2.56,2.2,1.89,1.82,2.77,2.68,2.92,2.7,5.47,5.84,0.17,30185086.100000035,23658960.466666665,68847575.0,61797205.0,0.77,-1.05,2597479324.149826,7.78,111,56.45,42,200.0,12,88.08,2.33,9.94,1.49,1.29,123.6,0.239,30.99,True,True,True,True,False,True,False,False,False,True,True,False,False,False,False,False,2026-11-11,False,False,4,"LoD>60% ATR, thin RVOL","EMA, near21",6,https://www.tradingview.com/chart/?symbol=NYSE:AMC&interval=D,False,False,True
OMER,Omeros Corporation,NASDAQ,Pharmaceuticals: Major,20.13,18.7,18.82,18.62,15.8,13.47,12.95,12.74,19.26,18.53,20.62,20.11,4.23,4.79,0.97,1846305.3,2143929.5,43157301.0,39919967.0,0.48,-1.06,1457176730.382353,4.08,134,165.22,2,93.56,64,87.62,5.71,6.96,1.8,0.53,2.1,0.209,30.2,True,True,True,True,False,False,True,True,False,True,False,True,False,False,False,False,2026-11-11,False,False,4,">4x 50-MA, thin RVOL","EMA, ADR",8,https://www.tradingview.com/chart/?symbol=NASDAQ:OMER&interval=D,False,True,False
DELL,Dell Technologies Inc.,NYSE,Computer Processing Hardware,536.02,557.49,524.64,502.99,472.29,415.23,333.45,280.8,547.37,526.77,549.85,530.45,5.14,5.81,31.12,10139208.599999998,9054570.233333332,4853430736.0,4554328100.0,0.8,-2.52,340808365683.98804,21.03,44,35.27,79,206.07,10,87.46,2.32,2.17,0.3,0.62,17.9,0.329,51.62,False,False,False,True,True,True,True,True,False,True,False,True,False,True,False,False,2026-12-01,False,True,5,large gap,"near21, ADR",7,https://www.tradingview.com/chart/?symbol=NYSE:DELL&interval=D,False,False,True
GPRO,"GoPro, Inc.",NASDAQ,Electronics/Appliances,1.26,1.31,1.27,1.05,0.91,0.93,0.93,1.04,1.29,1.21,1.31,1.24,12.02,11.62,0.15,18319888.0,65013606.166666664,81917144.0,68458894.0,0.4,-1.15,235799830.8549618,107.51,2,64.13,32,88.06,69,86.57,3.28,-1.06,0.37,0.48,13.7,0.867,31.68,False,False,False,True,True,True,True,True,False,True,False,True,False,False,False,False,2026-11-05,False,False,5,thin RVOL,"near21, ADR",7,https://www.tradingview.com/chart/?symbol=NASDAQ:GPRO&interval=D,True,False,False
CORT,Corcept Therapeutics Incorporated,NASDAQ,Pharmaceuticals: Major,118.51,113.51,113.6,115.38,110.26,91.84,74.33,69.03,114.51,113.86,119.15,111.68,4.65,4.59,5.43,2670827.5,1419621.3333333333,168239324.0,163789048.0,0.37,-0.96,12810741222.404995,-5.11,232,41.56,67,211.13,9,82.53,1.63,4.32,0.89,1.37,125.7,0.078,37.61,True,True,True,True,False,True,False,False,True,True,True,False,False,True,False,False,2026-11-04,False,False,5,LoD>60% ATR,"EMA, near21, BB",7,https://www.tradingview.com/chart/?symbol=NASDAQ:CORT&interval=D,False,False,True
NTSK,"Netskope, Inc.",NASDAQ,Packaged Software,18.57,17.52,16.04,15.61,14.66,12.79,11.79,12.91,17.53,16.46,18.77,18.22,5.12,5.07,0.94,8998908.6,6379416.633333334,118465767.0,99610338.0,0.72,-0.97,7587473901.999999,31.7,20,91.44,12,123.73,45,82.29,5.25,15.79,2.53,0.59,37.7,0.43,30.86,True,True,True,True,False,False,True,True,False,True,False,True,False,False,False,False,2026-12-11,False,False,4,">4x 50-MA, thin RVOL","EMA, ADR",8,https://www.tradingview.com/chart/?symbol=NASDAQ:NTSK&interval=D,True,True,False
FIVN,"Five9, Inc.",NASDAQ,Packaged Software,36.66,34.65,33.83,33.41,31.12,26.77,23.28,22.19,35.34,33.98,37.8,36.47,5.63,5.6,2.05,3018601.7,2083458.3666666667,76379584.0,69618414.0,0.71,-0.45,2739364765.0796175,12.35,85,85.15,16,148.04,29,81.85,3.18,8.38,1.41,0.65,9.3,0.273,33.98,True,True,True,True,False,True,True,True,False,True,False,True,False,False,False,False,2026-11-09,False,False,5,thin RVOL,"EMA, near21, ADR",9,https://www.tradingview.com/chart/?symbol=NASDAQ:FIVN&interval=D,False,True,False
ALAB,"Astera Labs, Inc.",NASDAQ,Semiconductors,360.51,309.2,300.18,299.56,304.13,319.45,259.87,235.27,324.86,310.77,367.72,348.35,5.65,6.44,23.21,4497567.2,3812896.7666666666,1374587413.0,1142174833.0,0.76,-2.79,62543114594.165474,26.08,28,-5.74,248,224.78,8,81.71,2.88,20.1,2.49,0.83,52.4,0.423,23.35,True,True,True,True,False,False,True,False,False,False,False,True,False,True,False,False,2026-11-10,False,True,5,large gap,EMA,7,https://www.tradingview.com/chart/?symbol=NASDAQ:ALAB&interval=D,False,False,True
PLSE,"Pulse Biosciences, Inc",NASDAQ,Medical Specialties,51.83,52.64,52.09,50.52,44.42,34.84,30.18,26.63,52.31,51.02,53.6,51.62,8.76,7.3,3.78,609110.7,598348.6333333333,31012410.0,30227775.0,1.05,0.38,3768172091.610812,4.22,130,92.53,11,139.95,38,78.9,2.29,-0.5,0.22,0.52,5.5,0.163,50.18,False,False,False,True,True,True,True,True,False,True,False,True,False,False,False,False,2026-11-16,False,False,5,thin RVOL,"near21, ADR",7,https://www.tradingview.com/chart/?symbol=NASDAQ:PLSE&interval=D,False,True,False
TWLO,Twilio Inc.,NYSE,Packaged Software,299.66,257.13,244.96,239.65,226.01,213.87,185.83,171.38,265.22,249.97,304.75,285.0,4.07,4.29,12.85,2777278.1,2157545.6333333333,646530124.0,517057969.0,1.46,-1.44,46020354105.23509,35.07,16,59.28,36,141.0,37,78.45,7.6,22.33,4.63,1.54,114.1,0.354,28.62,True,True,True,True,False,False,False,False,False,False,True,False,False,True,True,False,2026-10-29,False,False,4,"LoD>60% ATR, >4x 50-MA","EMA, RVOL",5,https://www.tradingview.com/chart/?symbol=NYSE:TWLO&interval=D,True,False,False
INTC,Intel Corporation,NASDAQ,Semiconductors,127.39,111.14,103.0,100.17,98.53,108.02,90.55,78.79,114.22,107.03,127.44,119.55,4.05,5.02,6.4,121782912.3,102726930.66666667,13086383698.0,10290344978.0,1.0,-1.62,673396967283.1825,41.45,10,-1.02,212,192.04,16,77.49,5.83,23.68,3.79,1.23,122.6,0.472,25.39,True,True,True,True,False,False,False,False,False,False,True,False,False,True,False,False,2026-10-22,False,False,4,"LoD>60% ATR, >4x 50-MA",EMA,5,https://www.tradingview.com/chart/?symbol=NASDAQ:INTC&interval=D,True,False,True
RBRK,"Rubrik, Inc.",NYSE,Information Technology Services,113.8,106.41,99.4,99.37,91.65,81.98,71.88,71.02,107.55,102.02,115.3,112.39,4.78,5.07,5.77,3601084.1,3652433.7333333334,415646959.0,362939905.0,0.47,-0.92,23591244267.818638,16.15,65,60.67,34,143.32,34,73.38,4.77,14.49,2.28,0.51,24.4,0.394,31.1,True,True,True,True,False,False,True,True,False,True,False,True,False,True,False,False,2026-12-03,False,False,5,>4x 50-MA,"EMA, ADR",8,https://www.tradingview.com/chart/?symbol=NYSE:RBRK&interval=D,False,False,False
ETON,"Eton Pharmaceuticals, Inc.",NASDAQ,Pharmaceuticals: Major,59.49,56.6,58.29,58.85,52.94,42.86,35.91,30.93,57.19,57.01,59.62,55.34,4.56,5.0,2.97,474285.0,618320.0333333333,36783859.0,36388443.0,1.69,1.04,1700410755.333933,-7.84,259,70.31,29,152.72,28,71.73,2.47,2.06,0.87,1.44,139.6,0.148,45.99,True,True,True,True,True,True,False,False,False,True,True,False,True,True,True,False,2026-11-05,False,False,5,LoD>60% ATR,"EMA, near21, RVOL",7,https://www.tradingview.com/chart/?symbol=NASDAQ:ETON&interval=D,False,False,False
HPE,Hewlett Packard Enterprise Company,NYSE,Computer Processing Hardware,63.52,60.05,56.94,56.37,53.59,47.95,39.95,35.71,60.22,57.95,65.48,60.55,5.2,5.61,3.57,24363312.6,23326053.700000025,1481670931.0,1314920748.0,0.89,-2.04,84320561598.20569,18.51,51,40.48,69,155.41,26,71.47,3.3,11.56,1.71,1.38,83.3,0.283,38.32,True,True,True,True,False,False,False,False,False,False,True,False,False,True,False,False,2026-12-03,False,True,4,"LoD>60% ATR, large gap",EMA,5,https://www.tradingview.com/chart/?symbol=NYSE:HPE&interval=D,False,False,False
NEO,"NeoGenomics, Inc.",NASDAQ,Medical/Nursing Services,19.56,18.96,18.33,17.73,16.69,13.96,12.13,12.12,18.88,18.28,19.73,18.4,4.14,4.31,0.84,2432516.2,1864059.3666666667,36461001.0,33045112.0,1.31,0.6,2512979560.1633987,17.13,59,42.88,64,154.36,27,71.45,3.98,6.68,1.63,1.58,137.5,0.188,34.96,True,True,True,True,False,False,False,False,False,False,True,False,False,False,True,False,2026-11-10,False,False,4,"LoD>60% ATR, thin RVOL","EMA, RVOL",5,https://www.tradingview.com/chart/?symbol=NASDAQ:NEO&interval=D,False,False,False
PANW,"Palo Alto Networks, Inc.",NASDAQ,Packaged Software,389.92,372.35,361.32,361.8,356.11,316.55,265.64,244.34,373.66,365.41,396.3,387.79,4.2,4.59,17.9,7228403.20000001,6447689.366666675,2514083038.0,2332752521.0,0.54,-0.22,318954550100.8106,10.22,101,32.11,84,164.26,23,68.86,2.07,7.91,1.46,0.48,11.9,0.239,32.83,True,True,True,True,False,True,True,True,False,True,False,True,False,True,False,False,2026-11-12,False,False,6,,"EMA, near21, ADR",9,https://www.tradingview.com/chart/?symbol=NASDAQ:PANW&interval=D,False,False,True
SBET,"Sharplink, Inc.",NASDAQ,Advertising/Marketing Services,9.95,9.19,8.87,8.34,7.48,6.7,6.86,7.43,9.36,8.8,10.03,9.67,5.49,5.98,0.6,10764310.9,9838431.933333358,97892398.0,82062361.0,0.54,-0.1,2161374935.626911,23.6,34,122.84,6,56.69,118,67.71,5.53,12.22,2.18,0.6,47.0,0.3,25.0,True,True,True,True,False,False,True,True,False,True,False,True,False,False,False,False,2026-11-12,False,False,4,">4x 50-MA, thin RVOL","EMA, ADR",8,https://www.tradingview.com/chart/?symbol=NASDAQ:SBET&interval=D,False,True,False
ILMN,"Illumina, Inc.",NASDAQ,Medical Specialties,273.9,236.62,225.04,219.21,209.2,186.12,166.03,158.57,242.07,229.11,277.95,250.92,4.22,4.25,11.65,5887513.5,3120089.433333333,854592496.0,683963645.0,0.61,-0.62,41358900790.44678,22.28,38,55.57,45,122.68,46,66.84,7.27,21.71,4.6,2.32,197.3,0.337,28.5,True,True,True,True,False,False,False,False,False,False,True,False,False,True,False,False,2026-10-29,False,False,4,"LoD>60% ATR, >4x 50-MA",EMA,5,https://www.tradingview.com/chart/?symbol=NASDAQ:ILMN&interval=D,False,False,False
P,"Everpure, Inc.",NYSE,Computer Peripherals,121.88,105.07,100.63,104.16,94.87,85.91,78.92,76.82,107.87,103.63,131.41,113.51,4.72,5.79,7.06,11605021.4,6082122.366666666,741289074.0,633503729.0,1.1,3.92,40613739550.33287,18.68,49,74.11,23,98.79,60,63.86,4.92,21.12,3.04,2.54,118.6,0.308,23.18,True,True,True,True,False,False,False,False,False,False,True,False,False,True,False,False,2026-12-02,False,True,3,"LoD>60% ATR, >4x 50-MA, large gap",EMA,5,https://www.tradingview.com/chart/?symbol=NYSE:P&interval=D,False,True,False
PENG,"Penguin Solutions, Inc.",NASDAQ,Semiconductors,53.08,51.78,50.77,52.37,53.62,56.62,44.97,38.68,52.62,52.26,54.27,51.31,4.45,6.22,3.3,1498215.5,1482518.7666666666,78692096.0,77641979.0,1.1,-2.64,2719962499.2524123,1.26,163,-16.01,316,205.06,11,63.43,-0.16,4.55,0.25,0.9,53.6,0.214,33.78,False,False,True,True,False,True,True,False,False,True,False,True,False,False,False,False,2026-10-06,False,True,4,"thin RVOL, large gap","EMA, near21",6,https://www.tradingview.com/chart/?symbol=NASDAQ:PENG&interval=D,False,False,True
AMBQ,"Ambiq Micro, Inc.",NYSE,Semiconductors,68.92,65.19,61.94,61.68,64.14,69.99,56.61,50.16,66.1,64.09,70.32,66.85,5.08,5.72,3.94,698868.6,522111.6,35983931.0,32203321.0,0.56,-2.43,1666798153.6455953,16.99,61,-14.33,306,185.15,18,62.6,1.3,11.27,1.32,0.88,52.5,0.306,28.76,False,True,True,True,False,True,True,False,False,True,False,True,False,False,False,False,2026-11-05,False,True,4,"thin RVOL, large gap","EMA, near21",7,https://www.tradingview.com/chart/?symbol=NYSE:AMBQ&interval=D,False,False,True
SNDK,Sandisk Corporation,NASDAQ,Computer Peripherals,1753.62,1686.63,1649.15,1626.79,1509.42,1615.82,1331.52,1100.15,1725.64,1662.6,1802.99,1726.39,5.49,6.54,114.62,9883003.0,12058807.633333333,21146566242.0,19617109484.0,0.83,-1.71,256763290319.92664,14.34,76,-19.19,333,192.39,15,62.51,2.48,6.34,0.84,0.67,23.8,0.294,33.44,True,True,True,True,False,True,True,False,False,True,False,True,False,True,False,False,2026-11-05,False,False,6,,"EMA, near21",8,https://www.tradingview.com/chart/?symbol=NASDAQ:SNDK&interval=D,False,False,True
SMTC,Semtech Corporation,NASDAQ,Semiconductors,174.5,169.15,156.66,148.67,139.86,143.46,125.24,113.73,168.83,159.28,174.71,162.56,6.03,6.53,11.4,3845221.2,3587546.2,626026812.0,533356308.0,0.74,-3.12,16285321312.8536,38.49,12,12.58,152,134.51,40,61.86,3.79,11.39,1.46,1.07,104.7,0.442,31.76,True,True,True,True,False,True,False,False,False,True,True,False,False,True,False,False,2026-12-02,False,True,4,"LoD>60% ATR, large gap","EMA, near21",6,https://www.tradingview.com/chart/?symbol=NASDAQ:SMTC&interval=D,True,False,False
SAIL,"SailPoint, Inc.",NASDAQ,Packaged Software,22.12,20.27,19.62,19.34,18.23,16.45,15.29,16.07,20.51,19.73,22.28,21.15,5.67,5.6,1.24,6435106.3,4533020.4,100270411.0,87664082.0,1.16,0.0,12628564969.104156,21.81,40,75.56,22,84.33,77,60.57,3.81,12.77,2.16,0.91,78.1,0.271,22.52,True,True,True,True,False,False,True,False,False,False,False,False,False,True,False,False,2026-12-15,False,False,5,LoD>60% ATR,EMA,6,https://www.tradingview.com/chart/?symbol=NASDAQ:SAIL&interval=D,False,True,False
AEHR,Aehr Test Systems,NASDAQ,Electronic Production Equipment,97.42,92.03,88.52,96.51,94.42,94.43,81.24,67.3,93.94,93.12,99.92,93.11,7.33,8.92,8.69,2329296.7,2676748.0,260768790.0,258336518.0,0.68,-2.65,3181692871.799137,-4.34,222,2.01,196,183.86,19,60.51,0.36,10.06,0.52,0.78,49.6,0.34,27.84,True,True,True,True,False,True,True,False,False,True,False,True,False,False,False,False,2026-10-06,False,True,4,"thin RVOL, large gap","EMA, near21",8,https://www.tradingview.com/chart/?symbol=NASDAQ:AEHR&interval=D,False,False,True
BMNR,"BitMine Immersion Technologies, Inc.",NYSE,Financial Conglomerates,28.03,25.96,25.27,23.91,21.3,19.4,19.91,21.96,26.44,25.01,28.33,27.15,5.06,6.01,1.69,47212741.4,45153498.43333333,1265652561.0,1079544892.0,0.71,-0.93,16908434850.793158,17.77,57,115.62,8,46.83,141,60.07,5.26,10.93,2.01,0.7,52.2,0.274,23.38,True,True,True,True,False,False,True,False,False,False,False,True,False,True,False,False,2026-11-20,False,False,5,>4x 50-MA,EMA,7,https://www.tradingview.com/chart/?symbol=NYSE:BMNR&interval=D,False,True,False
AMLX,"Amylyx Pharmaceuticals, Inc.",NASDAQ,Pharmaceuticals: Major,30.14,32.35,33.2,33.14,27.98,21.71,19.57,18.04,32.12,32.09,31.0,29.83,5.15,5.95,1.79,1610802.1,3014096.8,90844878.0,99885661.0,0.86,0.41,3782963157.367097,-21.71,406,73.17,24,124.26,44,58.57,1.3,-9.21,1.02,0.65,17.3,0.181,50.28,False,False,False,True,False,True,True,False,False,True,False,True,False,False,False,False,2026-11-05,False,False,5,thin RVOL,near21,5,https://www.tradingview.com/chart/?symbol=NASDAQ:AMLX&interval=D,False,False,False
CVI,CVR Energy Inc.,NYSE,Oil Refining/Marketing,51.3,51.97,47.97,44.38,40.2,35.87,33.87,31.71,51.09,47.93,52.99,51.06,5.33,4.89,2.51,1264795.1,1077679.9333333333,55284981.0,47825639.0,0.67,1.45,5157219780.990347,36.62,13,90.35,15,48.31,139,58.43,5.65,6.94,1.44,0.77,9.6,0.381,39.5,False,False,True,True,False,True,True,True,False,True,False,True,False,False,False,False,2026-11-02,False,False,4,">4x 50-MA, thin RVOL","EMA, near21, ADR",7,https://www.tradingview.com/chart/?symbol=NYSE:CVI&interval=D,True,True,False
AYA,Aya Gold & Silver Inc.,NASDAQ,Precious Metals,27.94,28.08,28.34,27.81,25.48,22.26,20.46,19.37,28.37,27.92,28.36,27.31,4.97,6.07,1.7,1634486.5,1300904.9333333333,36347284.0,36177733.0,0.6,-1.7,4024370953.1888213,6.6,117,51.03,53,116.59,50,58.07,1.59,-1.43,0.01,0.62,37.2,0.151,32.11,False,False,False,True,True,True,True,False,False,True,False,True,False,False,False,False,2026-11-17,False,False,5,thin RVOL,near21,6,https://www.tradingview.com/chart/?symbol=NASDAQ:AYA&interval=D,False,False,False
MRVL,"Marvell Technology, Inc.",NASDAQ,Semiconductors,258.95,243.09,231.86,232.4,219.1,226.88,187.86,161.66,247.0,237.62,261.98,252.19,4.11,5.32,13.77,18169395.3,22237564.133333333,5758417232.0,5167950604.0,0.72,-2.61,227073256009.39883,9.09,106,-3.51,232,162.15,24,55.91,3.42,11.68,1.69,0.71,49.1,0.304,31.45,True,True,True,True,False,False,True,False,False,False,False,True,False,True,False,False,2026-11-26,False,True,5,large gap,EMA,7,https://www.tradingview.com/chart/?symbol=NASDAQ:MRVL&interval=D,False,False,False
BB,BlackBerry Limited,NYSE,Packaged Software,8.73,8.1,8.0,8.1,8.34,8.62,7.04,6.24,8.24,8.16,8.8,7.93,4.49,5.15,0.45,17703481.7,11962325.700000009,104431103.0,96878888.0,3.27,0.48,5116657115.782094,11.85,88,-13.39,299,168.62,22,55.69,0.92,9.12,1.36,1.94,178.0,0.187,27.29,True,True,True,True,False,True,False,False,False,True,True,False,True,True,True,False,2026-12-17,False,False,5,LoD>60% ATR,"EMA, near21, RVOL",6,https://www.tradingview.com/chart/?symbol=NYSE:BB&interval=D,False,False,True
QLYS,"Qualys, Inc.",NASDAQ,Packaged Software,182.94,177.67,176.72,178.99,170.32,142.92,125.28,126.79,179.5,177.19,190.0,182.69,5.14,5.08,9.3,858531.4,686208.7333333333,125535026.0,122821756.0,0.43,0.34,6328809293.070081,2.58,146,57.21,40,106.41,53,55.4,1.46,3.52,0.64,0.79,2.7,0.21,28.64,True,True,True,True,False,True,True,False,False,True,False,True,False,False,False,False,2026-11-04,False,False,5,thin RVOL,"EMA, near21",8,https://www.tradingview.com/chart/?symbol=NASDAQ:QLYS&interval=D,False,False,False
XMTR,"Xometry, Inc.",NASDAQ,Information Technology Services,97.38,95.14,93.31,91.48,91.25,89.33,74.13,71.11,97.0,94.08,107.93,96.16,5.0,5.26,5.12,1109177.6,692301.6,67416330.0,63332097.0,1.7,-0.02,5582169729.095134,14.07,77,6.01,178,142.54,35,54.21,1.28,4.36,0.67,2.3,23.8,0.245,24.68,True,True,True,True,False,True,False,False,False,True,True,True,True,True,True,False,2026-11-05,False,False,6,,"EMA, near21, RVOL",7,https://www.tradingview.com/chart/?symbol=NASDAQ:XMTR&interval=D,False,False,False
S,"SentinelOne, Inc.",NYSE,Packaged Software,23.98,23.04,21.77,21.73,20.93,18.81,17.1,16.42,23.04,22.2,24.4,23.84,4.23,4.57,1.09,9746363.1,8830868.566666666,211764228.0,191868281.0,0.62,-0.64,8346218348.344398,15.51,69,60.56,35,84.32,78,53.46,3.19,10.14,1.76,0.51,13.2,0.318,27.6,True,True,True,True,False,False,True,True,False,True,False,True,False,False,False,False,2026-12-08,False,False,5,thin RVOL,"EMA, ADR",8,https://www.tradingview.com/chart/?symbol=NYSE:S&interval=D,False,False,False
ZETA,Zeta Global Holdings Corp.,NYSE,Packaged Software,29.57,30.43,30.69,30.0,27.26,23.58,21.43,20.91,30.27,29.96,29.99,28.83,4.57,4.8,1.42,5097578.9,6310482.066666666,186600955.0,189287117.0,1.12,-0.64,7422472198.652904,5.61,121,65.75,31,88.34,68,53.23,1.76,-3.66,0.27,0.82,52.1,0.088,33.07,False,False,False,True,False,True,True,False,True,True,False,True,False,False,False,False,2026-11-10,False,False,5,thin RVOL,"near21, BB",6,https://www.tradingview.com/chart/?symbol=NYSE:ZETA&interval=D,False,False,False
NET,"Cloudflare, Inc.",NYSE,Information Technology Services,358.82,336.21,315.33,308.95,298.2,266.66,244.45,230.87,337.5,321.84,367.43,347.88,4.9,4.94,17.73,3324816.8,3196066.0,1146812402.0,987410741.0,0.94,-0.72,127768518256.47083,25.63,29,58.85,38,75.03,92,53.17,4.11,13.79,2.32,1.1,61.7,0.327,29.36,True,True,True,True,False,False,False,False,False,False,True,False,False,True,False,False,2026-10-29,False,False,4,"LoD>60% ATR, >4x 50-MA",EMA,5,https://www.tradingview.com/chart/?symbol=NYSE:NET&interval=D,False,False,False
TEM,"Tempus AI, Inc.",NASDAQ,Packaged Software,82.24,73.23,68.39,65.97,58.74,55.16,53.71,56.21,74.54,69.57,82.46,74.81,5.34,5.84,4.8,7826733.9,7867123.4,646992228.0,519028222.0,1.48,-1.18,14838954360.241283,23.52,35,51.69,49,82.98,79,52.73,6.85,20.25,3.12,1.59,154.8,0.436,23.73,True,True,True,True,False,False,False,False,False,False,True,False,False,True,True,False,2026-11-10,False,False,4,"LoD>60% ATR, >4x 50-MA","EMA, RVOL",5,https://www.tradingview.com/chart/?symbol=NASDAQ:TEM&interval=D,False,False,False
HNGE,"Hinge Health, Inc.",NYSE,Packaged Software,91.98,93.2,92.1,90.9,87.01,76.83,65.27,59.76,92.87,91.66,93.6,90.34,4.27,4.43,4.08,2053571.7,1848820.4,170054500.0,168049763.0,1.12,-0.82,7422272588.53186,2.13,151,22.83,114,129.95,43,51.64,1.29,-0.13,0.08,0.8,40.3,0.093,36.36,False,False,False,True,True,True,True,False,True,True,False,True,False,False,False,False,2026-11-03,False,False,5,thin RVOL,"near21, BB",7,https://www.tradingview.com/chart/?symbol=NYSE:HNGE&interval=D,False,False,False
ZS,"Zscaler, Inc.",NASDAQ,Packaged Software,214.64,198.29,186.65,184.37,172.91,158.14,153.32,167.69,200.39,190.2,216.97,210.59,4.38,4.38,9.39,3534051.9,3189177.933333333,684525152.0,587984483.0,0.68,-0.45,34998060902.08328,22.65,37,71.4,27,60.43,113,51.49,5.51,14.99,2.94,0.68,43.1,0.357,20.95,True,True,True,True,False,False,True,True,False,True,False,True,False,True,False,False,2026-12-01,False,False,5,>4x 50-MA,"EMA, ADR",8,https://www.tradingview.com/chart/?symbol=NASDAQ:ZS&interval=D,False,False,False
MSTR,Strategy Inc,NASDAQ,Internet Software/Services,161.61,146.95,140.03,129.65,116.37,124.78,130.48,136.67,151.15,139.99,165.14,158.29,4.58,5.62,9.09,26070614.4,27702053.5,4476928866.0,3591571236.0,0.65,-0.73,62094683544.214005,35.69,14,94.17,10,24.43,202,51.43,6.91,15.41,2.75,0.75,36.5,0.41,18.92,True,True,True,True,False,False,True,False,False,False,False,True,False,True,False,False,2026-11-04,False,False,5,>4x 50-MA,EMA,7,https://www.tradingview.com/chart/?symbol=NASDAQ:MSTR&interval=D,True,True,False
U,Unity Software Inc.,NYSE,Packaged Software,41.42,42.76,42.47,43.66,39.88,34.09,29.92,32.11,42.63,42.47,44.4,39.07,4.71,4.86,2.01,10335143.5,9911216.966666667,410522607.0,432674177.0,3.84,-0.2,18228482776.178234,-10.03,285,57.43,39,104.8,55,50.73,0.79,-2.46,0.51,2.65,116.9,0.09,31.0,False,False,False,True,True,True,False,False,True,True,True,False,True,True,True,False,2026-11-11,False,False,5,LoD>60% ATR,"near21, BB, RVOL",5,https://www.tradingview.com/chart/?symbol=NYSE:U&interval=D,False,False,False
BFLY,"Butterfly Network, Inc.",NYSE,Medical Specialties,9.41,8.23,7.99,8.34,8.1,6.98,6.07,5.49,8.54,8.29,9.5,8.84,6.2,7.2,0.68,6735867.6,5219192.366666666,49112600.0,43515886.0,0.81,-0.87,2552793517.206522,3.63,136,17.33,133,130.07,41,50.35,2.26,17.71,1.88,0.97,84.2,0.383,29.12,True,True,True,True,False,False,True,False,False,False,False,False,False,False,False,False,2026-10-29,False,False,4,"LoD>60% ATR, thin RVOL",EMA,6,https://www.tradingview.com/chart/?symbol=NYSE:BFLY&interval=D,False,False,False
SLS,"SELLAS Life Sciences Group, Inc.",NASDAQ,Pharmaceuticals: Major,11.98,11.61,12.71,13.01,12.4,10.78,8.82,7.49,11.95,12.33,12.04,11.1,7.46,8.32,1.0,7518959.4,7257339.333333333,86942925.0,94424033.0,0.62,-0.78,2419309692.946181,-17.72,364,15.53,138,147.52,30,48.44,-0.41,-5.75,0.34,0.94,88.3,0.371,43.59,False,False,False,True,False,True,True,False,False,True,False,False,False,False,False,False,2026-11-18,False,False,4,"LoD>60% ATR, thin RVOL",near21,4,https://www.tradingview.com/chart/?symbol=NASDAQ:SLS&interval=D,False,False,False
CLMT,"Calumet, Inc",NASDAQ,Oil Refining/Marketing,53.85,56.97,54.51,52.48,48.64,41.75,38.18,34.08,55.87,54.2,55.58,53.24,4.52,4.66,2.51,1643540.8,1300751.1,70045447.0,68269488.0,0.79,1.69,4733319859.388561,12.02,87,56.4,43,74.72,93,47.72,2.3,-1.21,0.14,0.93,24.3,0.261,42.51,False,False,False,True,True,True,True,False,False,True,False,True,False,False,False,False,2026-11-06,False,False,5,thin RVOL,near21,6,https://www.tradingview.com/chart/?symbol=NASDAQ:CLMT&interval=D,False,False,False
STX,Seagate Technology Holdings PLC,NASDAQ,Computer Peripherals,905.92,847.96,845.53,856.65,846.32,862.77,728.57,632.1,871.12,857.07,926.01,898.8,5.17,5.7,51.59,4352528.8,3866079.6666666665,3502358892.0,3311862326.0,0.7,-1.0,205999881982.58542,11.22,98,-8.92,263,139.33,39,47.21,1.24,7.14,1.0,0.53,13.8,0.211,25.46,True,True,True,True,False,True,True,True,False,True,False,True,False,True,False,False,2026-10-28,False,False,6,,"EMA, near21, ADR",9,https://www.tradingview.com/chart/?symbol=NASDAQ:STX&interval=D,False,False,False
NBIS,Nebius Group N.V.,NASDAQ,Packaged Software,243.48,223.4,221.05,226.03,214.26,219.58,186.93,163.42,227.96,224.06,249.19,229.5,6.08,6.99,17.01,16972338.4,18531634.1,4512082271.0,4188729964.0,1.53,2.31,66191311579.509995,11.71,91,-0.56,208,130.07,42,47.07,1.95,10.15,1.24,1.16,82.2,0.24,24.64,True,True,True,True,False,True,False,False,False,True,True,False,True,True,True,False,2026-10-22,False,True,4,"LoD>60% ATR, large gap","EMA, near21, RVOL",6,https://www.tradingview.com/chart/?symbol=NASDAQ:NBIS&interval=D,False,False,False
TENB,"Tenable Holdings, Inc.",NASDAQ,Packaged Software,35.88,35.54,35.33,35.36,35.21,32.01,27.77,26.63,35.65,35.38,36.68,35.77,5.99,6.08,2.18,6174644.2,4754672.3,170597642.0,168125213.0,0.28,0.0,3951822581.0378146,5.72,120,30.76,86,101.35,58,45.94,0.31,1.55,0.23,0.42,5.0,0.222,24.83,True,True,True,True,True,True,True,True,False,True,False,True,False,False,False,False,2026-11-04,False,False,5,thin RVOL,"EMA, near21, ADR",10,https://www.tradingview.com/chart/?symbol=NASDAQ:TENB&interval=D,False,False,False
DINO,HF Sinclair Corporation,NYSE,Oil Refining/Marketing,105.79,110.14,107.27,103.04,97.08,84.23,75.58,69.35,108.5,105.91,109.34,105.5,4.7,4.5,4.76,3458999.8,2708139.433333333,286494071.0,279056617.0,0.78,1.09,18807752747.95996,12.39,82,56.98,41,67.57,102,45.65,1.99,-1.38,0.03,0.81,6.1,0.178,38.56,False,False,False,True,True,True,True,False,False,True,False,True,False,True,False,False,2026-10-28,False,False,6,,near21,6,https://www.tradingview.com/chart/?symbol=NYSE:DINO&interval=D,False,False,False
OSCR,"Oscar Health, Inc.",NYSE,Managed Health Care,28.87,31.68,31.47,31.52,30.68,28.38,23.64,21.51,31.08,31.29,30.7,28.3,6.64,6.51,1.88,6584682.3,5394188.433333334,155730220.0,170019425.0,0.9,-0.75,7895050038.510644,-10.59,294,1.26,197,146.12,31,45.6,-0.91,-8.25,1.19,1.28,30.4,0.161,35.23,False,False,False,True,False,True,False,False,False,True,True,True,False,False,False,False,2026-11-10,False,False,5,thin RVOL,near21,4,https://www.tradingview.com/chart/?symbol=NYSE:OSCR&interval=D,False,False,False
ECO,Okeanis Eco Tankers Corp.,NYSE,Marine Shipping,78.22,81.1,75.17,71.26,66.34,59.55,56.46,51.81,79.0,75.44,80.44,76.3,4.3,4.24,3.31,1062878.2,702103.2,54918512.0,50034448.0,0.84,-1.45,2999640156.763296,21.05,43,54.37,47,60.88,112,45.43,4.23,4.05,0.87,1.25,57.9,0.35,37.45,False,False,False,True,False,True,False,False,False,True,True,True,False,False,False,False,2026-11-11,False,False,4,">4x 50-MA, thin RVOL",near21,4,https://www.tradingview.com/chart/?symbol=NYSE:ECO&interval=D,False,False,False
SMCI,"Super Micro Computer, Inc.",NASDAQ,Computer Processing Hardware,41.51,39.45,38.75,38.37,34.66,34.05,31.95,31.75,40.0,38.7,42.28,39.85,5.0,5.63,2.34,40925631.3,42967083.4,1783563632.0,1648575378.0,0.87,-2.41,27270632561.989864,14.89,73,34.05,83,86.9,72,45.28,3.51,7.12,1.29,1.04,71.0,0.191,18.53,True,True,True,True,False,True,False,False,False,True,True,False,False,True,False,False,2026-11-03,False,True,4,"LoD>60% ATR, large gap","EMA, near21",6,https://www.tradingview.com/chart/?symbol=NASDAQ:SMCI&interval=D,False,False,False
APPN,Appian Corporation,NASDAQ,Packaged Software,37.61,37.52,38.22,37.95,34.05,28.45,26.96,28.13,37.6,37.25,38.79,37.29,5.17,5.46,2.05,878164.2,854041.9333333333,32120517.0,32410891.0,0.55,1.5,2693940137.102213,-2.44,195,80.3,20,57.4,116,45.09,1.91,-1.6,0.18,0.73,15.6,0.264,29.95,False,False,True,True,True,True,True,False,False,True,False,True,False,False,False,False,2026-10-29,False,False,5,thin RVOL,"EMA, near21",7,https://www.tradingview.com/chart/?symbol=NASDAQ:APPN&interval=D,False,True,False
FROG,JFrog Ltd.,NASDAQ,Packaged Software,94.2,92.29,92.51,92.44,88.83,83.88,70.49,67.64,92.22,91.68,95.0,90.94,5.33,5.59,5.27,1624489.4,1907580.2333333334,179694058.0,176334809.0,0.65,-0.84,11614984132.195387,2.11,152,19.45,122,111.92,52,44.5,1.08,1.83,0.49,0.77,61.9,0.188,26.4,True,True,True,True,True,True,True,False,False,True,False,False,False,True,False,False,2026-11-04,False,False,5,LoD>60% ATR,"EMA, near21",8,https://www.tradingview.com/chart/?symbol=NASDAQ:FROG&interval=D,False,False,False
OUST,"Ouster, Inc.",NASDAQ,Semiconductors,41.37,36.47,35.98,37.63,38.39,39.38,33.55,30.91,37.72,37.32,41.72,38.36,4.81,6.3,2.61,2255566.7,2287418.2,94630491.0,86070972.0,0.99,-2.36,2983287387.930167,11.27,97,3.42,192,117.74,49,44.14,1.23,14.98,1.72,1.29,115.4,0.252,20.47,True,True,True,True,False,False,False,False,False,False,True,False,False,False,False,False,2026-11-05,False,True,3,"LoD>60% ATR, thin RVOL, large gap",EMA,5,https://www.tradingview.com/chart/?symbol=NASDAQ:OUST&interval=D,False,False,False
COHU,"Cohu, Inc.",NASDAQ,Semiconductors,63.7,57.42,53.56,54.24,52.77,54.16,47.57,42.5,58.93,56.0,64.26,61.76,4.99,5.85,3.73,1021648.6,973882.1,62036290.0,52825475.0,0.5,-2.11,3015458294.879032,19.98,46,-2.66,228,114.55,51,43.96,3.54,18.94,2.35,0.67,52.0,0.464,23.42,True,True,True,True,False,False,True,False,False,False,False,True,False,False,False,False,2026-10-29,False,True,4,"thin RVOL, large gap",EMA,7,https://www.tradingview.com/chart/?symbol=NASDAQ:COHU&interval=D,False,False,False
GH,"Guardant Health, Inc.",NASDAQ,Medical Specialties,176.45,174.2,168.19,166.78,162.31,145.57,126.78,121.7,173.99,170.06,181.79,173.5,4.67,4.58,8.08,2035941.6,2041519.4,360226098.0,340475078.0,1.36,-1.28,23678913338.11894,7.24,113,21.18,118,102.26,57,43.56,1.9,4.91,0.82,1.03,36.5,0.188,29.76,True,True,True,True,False,True,False,False,False,True,True,True,False,True,True,False,2026-10-29,False,False,6,,"EMA, near21, RVOL",7,https://www.tradingview.com/chart/?symbol=NASDAQ:GH&interval=D,False,False,False
NUAI,"New Era Energy & Digital, Inc.",NASDAQ,Engineering & Construction,6.94,6.26,5.84,5.61,5.36,5.19,4.98,4.91,6.46,6.02,7.27,6.46,8.51,9.53,0.66,9658169.8,7567437.3,52518015.0,42416747.0,1.2,-5.29,739521752.4835479,41.63,9,22.83,113,63.29,108,42.59,3.09,18.78,1.6,1.22,72.6,0.564,19.46,True,True,True,True,False,False,False,False,False,False,True,False,False,False,False,False,2026-12-02,False,True,3,"LoD>60% ATR, thin RVOL, large gap",EMA,5,https://www.tradingview.com/chart/?symbol=NASDAQ:NUAI&interval=D,True,False,False
HTFL,"Heartflow, Inc.",NASDAQ,Packaged Software,48.66,49.29,48.91,47.65,39.13,34.53,31.75,31.17,48.93,47.49,49.07,47.23,5.12,5.13,2.49,2293105.0,2483167.533333333,120830932.0,118324588.0,0.64,1.96,4231163509.8117747,-4.49,227,40.47,70,90.82,65,42.27,4.75,-0.51,0.48,0.74,57.3,0.113,37.24,False,False,False,True,True,True,True,True,False,True,False,True,False,False,False,False,2026-11-18,False,False,4,">4x 50-MA, thin RVOL","near21, ADR",7,https://www.tradingview.com/chart/?symbol=NASDAQ:HTFL&interval=D,False,False,False
AVAH,Aveanna Healthcare Holdings Inc.,NASDAQ,Medical/Nursing Services,12.38,13.65,13.62,13.39,11.83,9.79,8.79,8.73,13.33,13.24,12.94,12.26,4.04,4.37,0.54,3573181.9,3934028.5,48703273.0,52670085.0,1.43,1.17,2702438609.4949183,-9.14,275,46.86,57,89.01,67,42.24,1.06,-9.13,1.49,1.26,22.2,0.144,39.77,False,False,False,True,False,True,False,False,False,True,True,True,False,False,True,False,2026-11-05,False,False,5,thin RVOL,"near21, RVOL",4,https://www.tradingview.com/chart/?symbol=NASDAQ:AVAH&interval=D,False,False,False
BLSH,Bullish,NYSE,Packaged Software,39.69,37.42,35.82,33.31,29.34,30.07,32.46,33.72,37.87,35.48,40.8,38.85,5.86,6.05,2.4,1912517.2,1811407.2666666666,71894754.0,60336768.0,0.57,-2.09,5965494420.910995,32.3,19,82.4,19,11.99,243,42.23,5.83,10.82,1.96,0.81,34.9,0.297,20.35,True,True,True,True,False,False,True,False,False,False,False,True,False,False,False,False,2026-11-25,False,True,3,">4x 50-MA, thin RVOL, large gap",EMA,7,https://www.tradingview.com/chart/?symbol=NYSE:BLSH&interval=D,True,True,False
MDB,"MongoDB, Inc.",NASDAQ,Packaged Software,421.4,396.02,397.59,408.77,384.38,357.79,326.89,344.74,404.63,399.18,427.0,416.39,4.45,5.05,21.27,1384069.2,1808976.4666666666,762302683.0,739464355.0,0.84,-1.24,33946441812.348026,3.61,137,43.21,62,77.33,86,41.39,1.91,5.99,1.1,0.5,23.6,0.311,16.78,True,True,True,True,False,True,True,True,False,True,False,True,False,True,False,False,2026-12-07,False,False,6,,"EMA, near21, ADR",9,https://www.tradingview.com/chart/?symbol=NASDAQ:MDB&interval=D,False,False,False
HOOD,"Robinhood Markets, Inc.",NASDAQ,Investment Banks/Brokers,120.82,116.25,114.23,109.68,103.98,97.98,90.76,94.71,118.01,113.87,123.56,119.09,4.81,5.26,6.36,23884569.8,22608206.133333333,2731523465.0,2479773554.0,0.62,-2.61,108627119337.55127,17.07,60,29.61,90,76.28,91,40.99,3.08,5.77,1.16,0.7,27.2,0.25,21.1,True,True,True,True,False,True,True,False,False,True,False,True,False,True,False,False,2026-11-04,False,True,5,large gap,"EMA, near21",8,https://www.tradingview.com/chart/?symbol=NASDAQ:HOOD&interval=D,False,False,False
PI,"Impinj, Inc.",NASDAQ,Semiconductors,176.57,178.24,174.7,172.07,163.73,152.02,137.82,143.2,177.6,174.39,177.64,172.4,4.27,4.47,7.89,456642.6,380150.7,67123209.0,65412087.0,0.76,-0.97,5394992582.242325,9.09,105,36.17,77,76.62,90,40.63,1.76,1.07,0.28,0.66,52.9,0.11,22.89,False,False,False,True,True,True,True,True,False,True,False,True,False,False,False,False,2026-10-28,False,False,5,thin RVOL,"near21, ADR",7,https://www.tradingview.com/chart/?symbol=NASDAQ:PI&interval=D,False,False,False
DOCU,"DocuSign, Inc.",NASDAQ,Packaged Software,68.99,69.12,67.25,65.33,61.1,54.21,51.65,53.69,68.45,66.71,70.36,68.45,4.22,4.09,2.82,3708473.6,3594532.066666667,247986767.0,234815204.0,0.62,-0.71,12894399667.5939,11.74,89,60.82,33,48.97,138,40.51,3.16,2.59,0.84,0.68,19.1,0.143,25.32,False,False,True,True,True,True,True,True,False,True,False,True,False,True,False,False,2026-12-03,False,False,6,,"EMA, near21, ADR",8,https://www.tradingview.com/chart/?symbol=NASDAQ:DOCU&interval=D,False,False,False
ANF,Abercrombie & Fitch Company,NYSE,Apparel/Footwear Retail,134.3,137.48,141.45,131.43,120.16,101.47,98.06,100.58,136.83,134.93,136.92,131.26,4.15,4.68,6.29,1270372.7,2049574.0333333334,275257793.0,269378931.0,0.93,0.19,5698937177.131948,19.73,48,51.26,51,49.89,134,40.29,2.51,-5.05,0.1,0.9,48.3,0.163,32.31,False,False,False,True,False,True,True,False,False,True,False,True,False,False,False,False,2026-11-24,False,False,5,thin RVOL,near21,5,https://www.tradingview.com/chart/?symbol=NYSE:ANF&interval=D,False,False,False
HUT,Hut 8 Corp.,NASDAQ,Data Processing Services,101.54,97.04,92.07,89.35,93.43,101.9,87.53,78.82,98.17,94.66,105.39,98.53,7.11,7.83,7.95,4941765.700000009,4909701.866666664,498531128.0,438658132.0,0.49,-2.58,12515766276.385323,26.73,27,-10.7,281,104.22,56,40.09,1.11,10.28,0.93,0.86,37.9,0.37,22.73,False,True,True,True,False,True,True,False,False,True,False,True,False,True,False,False,2026-11-18,False,True,5,large gap,"EMA, near21",7,https://www.tradingview.com/chart/?symbol=NASDAQ:HUT&interval=D,False,False,False
BLLN,"BillionToOne, Inc.",NASDAQ,Medical/Nursing Services,124.9,108.33,102.32,99.69,109.44,105.61,96.21,94.86,110.26,106.12,127.72,112.33,5.33,5.56,6.95,701982.1,633008.3666666667,79062745.0,63105343.0,1.48,-1.83,5893660738.414614,28.76,24,12.52,153,78.4,83,39.9,2.54,22.06,3.18,2.21,180.9,0.328,11.68,True,True,True,True,False,False,False,False,False,False,True,False,False,False,True,False,2026-12-15,False,False,4,"LoD>60% ATR, thin RVOL","EMA, RVOL",5,https://www.tradingview.com/chart/?symbol=NASDAQ:BLLN&interval=D,False,False,False
PBF,PBF Energy Inc.,NYSE,Oil Refining/Marketing,71.9,74.0,74.17,73.42,70.01,56.9,52.11,46.87,73.33,73.1,74.28,69.65,6.34,6.4,4.6,5156245.7,3451744.1666666665,248180406.0,253424756.0,0.61,0.67,8522799354.303959,4.11,133,71.6,26,42.73,154,39.48,0.42,-3.06,0.26,1.01,49.0,0.146,37.97,False,False,False,True,False,True,False,False,False,True,True,True,False,False,False,False,2026-10-29,False,False,5,thin RVOL,near21,4,https://www.tradingview.com/chart/?symbol=NYSE:PBF&interval=D,False,False,False
VLO,Valero Energy Corporation,NYSE,Oil Refining/Marketing,382.86,392.86,380.66,368.87,344.83,300.48,277.76,253.62,386.98,377.66,393.0,373.17,4.37,4.04,15.47,4976361.499999976,3254184.500000005,1245897078.0,1200371037.0,0.76,0.86,110235906153.52588,12.05,86,51.05,52,54.47,125,39.19,2.73,0.58,0.34,1.28,62.6,0.189,36.37,False,False,False,True,True,True,False,False,False,True,True,False,False,True,False,False,2026-10-22,False,False,5,LoD>60% ATR,near21,4,https://www.tradingview.com/chart/?symbol=NYSE:VLO&interval=D,False,False,False
SWKS,"Skyworks Solutions, Inc.",NASDAQ,Semiconductors,87.81,88.12,80.1,75.97,71.12,70.67,66.32,65.23,86.83,81.7,91.66,87.39,6.22,5.22,4.58,9075644.6,6992183.9,613983668.0,531226510.0,0.4,-0.33,13213014223.199343,31.12,21,29.09,91,56.5,119,38.9,4.5,9.63,1.43,0.93,9.2,0.459,26.07,False,False,True,True,False,True,True,False,False,True,False,True,False,True,False,False,2026-10-29,False,False,5,>4x 50-MA,"EMA, near21",6,https://www.tradingview.com/chart/?symbol=NASDAQ:SWKS&interval=D,True,False,False
BE,Bloom Energy Corporation,NYSE,Electronic Production Equipment,266.65,269.98,252.95,240.55,228.04,253.83,227.72,202.07,267.26,255.8,269.34,251.3,5.69,6.92,18.47,19179980.5,14973485.8,3992679989.0,3601926912.0,0.97,-6.97,78535716908.04861,24.87,31,-9.46,270,100.5,59,38.64,2.45,5.42,0.61,0.98,83.1,0.397,25.47,False,False,False,True,False,True,True,False,False,True,False,False,False,True,False,False,2026-10-29,False,True,4,"LoD>60% ATR, large gap",near21,4,https://www.tradingview.com/chart/?symbol=NYSE:BE&interval=D,False,False,False
TVTX,"Travere Therapeutics, Inc.",NASDAQ,Pharmaceuticals: Major,60.62,62.9,64.65,64.65,61.92,55.97,48.08,44.27,62.48,63.37,60.8,59.22,4.26,4.09,2.48,1818825.5,1439331.2666666666,87252261.0,93055165.0,0.98,0.28,5714106715.802107,-7.79,258,2.16,194,119.48,47,37.95,-0.51,-6.24,1.06,0.63,56.4,0.146,33.63,False,False,False,True,False,True,True,True,False,True,False,True,False,False,False,False,2026-10-22,False,False,5,thin RVOL,"near21, ADR",6,https://www.tradingview.com/chart/?symbol=NASDAQ:TVTX&interval=D,False,False,False
SHAZ,"SharonAI Holdings, Inc.",NASDAQ,Data Processing Services,56.4,56.51,56.02,59.29,58.65,63.79,52.19,,57.35,57.47,58.66,55.92,7.52,9.53,5.38,1414930.8,1628084.8,91823983.0,96533489.0,0.6,-1.26,2019317657.9178936,-4.55,228,-26.42,369,143.73,33,37.59,-0.4,0.69,0.2,0.51,9.0,0.224,20.57,False,False,False,False,True,True,True,True,False,True,False,True,False,False,False,False,2026-11-04,False,False,4,"thin RVOL, below 200-MA","near21, ADR",6,https://www.tradingview.com/chart/?symbol=NASDAQ:SHAZ&interval=D,False,False,False
PRGO,Perrigo Company plc,NYSE,Pharmaceuticals: Major,14.68,13.84,14.13,13.99,12.86,11.8,11.6,12.24,14.05,13.88,15.1,13.84,4.12,4.19,0.62,3048890.2,2694296.1333333333,39552267.0,37684222.0,3.13,0.22,2037132708.7976878,3.23,141,51.81,48,57.51,115,37.52,3.39,3.92,1.37,2.05,136.5,0.129,17.23,True,True,True,True,False,True,False,False,False,True,True,False,True,True,True,False,2026-11-11,False,False,5,LoD>60% ATR,"EMA, near21, RVOL",6,https://www.tradingview.com/chart/?symbol=NYSE:PRGO&interval=D,False,False,False
RUM,RUM Group Inc.,NASDAQ,Internet Software/Services,8.6,8.46,8.51,8.55,7.58,7.49,6.87,6.74,8.57,8.42,8.62,8.07,7.08,7.42,0.64,8442042.9,5744207.333333333,49400183.0,49088081.0,0.55,-1.09,4263967782.394195,-8.7,270,40.98,68,76.95,88,36.41,1.8,1.02,0.29,0.86,83.1,0.284,20.61,True,True,True,True,True,True,True,False,False,True,False,False,False,False,False,False,2026-11-16,False,False,4,"LoD>60% ATR, thin RVOL","EMA, near21",8,https://www.tradingview.com/chart/?symbol=NASDAQ:RUM&interval=D,False,False,False
INSP,"Inspire Medical Systems, Inc.",NYSE,Medical Specialties,68.81,72.91,68.04,65.35,60.91,52.66,54.03,63.26,70.87,68.29,70.58,68.65,5.56,4.94,3.4,1045540.7,708357.4,48742073.0,46289739.0,0.53,0.07,1989322874.3567913,12.45,81,58.95,37,37.35,163,36.25,2.63,1.13,0.16,0.57,4.7,0.318,29.43,False,False,False,True,True,True,True,True,False,True,False,True,False,False,False,False,2026-11-09,False,False,5,thin RVOL,"near21, ADR",7,https://www.tradingview.com/chart/?symbol=NYSE:INSP&interval=D,False,False,False
FCEL,"FuelCell Energy, Inc.",NASDAQ,Electronic Equipment/Instruments,16.39,16.71,16.62,17.82,18.99,20.04,16.04,14.07,16.96,17.27,16.71,15.85,7.29,9.81,1.61,5502630.599999997,7388190.399999994,121092441.0,131642777.0,0.87,-4.28,1310449248.3224678,-15.73,342,-18.74,330,141.74,36,35.76,-1.4,-1.4,0.52,0.53,33.6,0.321,36.41,False,False,False,True,True,True,True,True,False,True,False,True,False,False,False,False,2026-12-17,False,True,4,"thin RVOL, large gap","near21, ADR",7,https://www.tradingview.com/chart/?symbol=NASDAQ:FCEL&interval=D,False,False,False
HPQ,HP Inc.,NYSE,Information Technology Services,31.14,33.34,32.39,31.54,29.76,26.63,24.14,23.44,32.58,32.09,32.58,31.12,5.41,5.17,1.61,18324839.599999994,16453210.46666677,512352974.0,518945227.0,0.64,-0.48,28081772093.42351,8.5,107,36.94,75,61.43,110,35.62,0.9,-3.85,0.57,0.9,0.9,0.186,31.79,False,False,False,True,False,True,True,False,False,True,False,True,False,True,False,False,2026-12-01,False,False,6,,near21,5,https://www.tradingview.com/chart/?symbol=NYSE:HPQ&interval=D,False,False,False
WT,"WisdomTree, Inc.",NYSE,Investment Managers,23.99,23.16,23.78,23.62,22.39,20.46,18.95,17.77,23.51,23.4,24.08,23.44,4.01,3.98,0.96,3584424.9,2707047.1,64942060.0,63946769.0,0.49,-0.63,3634775544.993676,-0.04,173,37.87,74,66.95,103,34.93,1.79,0.88,0.64,0.68,58.1,0.144,25.05,True,True,True,True,True,True,True,True,False,True,False,True,False,False,False,False,2026-10-23,False,False,5,thin RVOL,"EMA, near21, ADR",10,https://www.tradingview.com/chart/?symbol=NYSE:WT&interval=D,False,False,False
ELF,"e.l.f. Beauty, Inc.",NYSE,Household/Personal Care,100.57,97.36,101.15,100.38,93.93,77.91,75.92,77.54,99.14,98.9,103.3,98.86,4.12,4.33,4.35,1443825.1,1587457.1666666667,159650567.0,159350009.0,0.79,-0.5,5934434046.073129,-4.45,223,55.73,44,53.05,127,34.78,1.63,-0.57,0.39,1.02,39.3,0.204,25.09,False,False,True,True,True,True,False,False,False,True,True,True,False,False,False,False,2026-11-11,False,False,5,thin RVOL,"EMA, near21",6,https://www.tradingview.com/chart/?symbol=NYSE:ELF&interval=D,False,False,False
INOD,Innodata Inc.,NASDAQ,Data Processing Services,71.87,60.72,58.15,59.16,60.24,73.36,63.16,60.95,63.37,60.77,72.76,69.19,5.14,5.75,4.13,1977983.3,1350299.1333333333,97045999.0,79883472.0,0.98,-2.08,2471081145.8491464,24.32,32,-0.17,207,79.41,82,34.52,3.36,23.6,3.18,0.87,64.9,0.4,21.17,False,True,True,True,False,False,True,False,False,False,False,False,False,False,False,False,2026-11-05,False,True,3,"LoD>60% ATR, thin RVOL, large gap",EMA,5,https://www.tradingview.com/chart/?symbol=NASDAQ:INOD&interval=D,False,False,False
VICR,Vicor Corporation,NASDAQ,Electronic Components,276.06,224.11,205.01,208.83,211.57,255.2,235.44,210.58,235.97,219.66,281.8,266.0,5.39,6.53,18.02,1162834.7,906165.6333333333,250156085.0,189236079.0,0.76,-3.08,12728224931.065334,39.78,11,-13.6,302,77.33,87,34.5,4.67,34.65,3.93,0.88,55.8,0.641,18.18,True,True,True,True,False,False,True,False,False,False,False,True,False,True,False,False,2026-10-27,False,True,4,">4x 50-MA, large gap",EMA,7,https://www.tradingview.com/chart/?symbol=NASDAQ:VICR&interval=D,True,False,False
UMAC,"Unusual Machines, Inc.",AMEX,Electronic Equipment/Instruments,23.93,23.26,23.74,25.05,23.76,22.22,19.86,18.26,23.57,23.87,24.25,22.12,6.94,8.3,1.99,2342003.3,3775754.4,90353803.0,94571320.0,0.92,-1.06,1195459188.432349,-4.01,217,25.95,102,80.74,81,34.23,0.09,0.79,0.03,1.07,91.1,0.172,22.97,True,True,False,True,True,True,False,False,False,True,True,False,False,False,False,False,2026-11-12,False,False,4,"LoD>60% ATR, thin RVOL",near21,6,https://www.tradingview.com/chart/?symbol=AMEX:UMAC&interval=D,False,False,False
SPSC,"SPS Commerce, Inc.",NASDAQ,Packaged Software,82.69,81.56,81.88,81.12,76.19,66.16,63.18,68.75,81.42,80.68,83.17,81.1,4.08,3.87,3.2,625461.2,517713.5,42809729.0,41996833.0,0.55,0.7,2976854543.2270885,3.08,142,47.56,55,51.78,131,34.14,2.21,0.99,0.65,0.65,49.7,0.104,22.61,True,True,True,True,True,True,True,True,False,True,False,True,False,False,False,False,2026-10-22,False,False,5,thin RVOL,"EMA, near21, ADR",10,https://www.tradingview.com/chart/?symbol=NASDAQ:SPSC&interval=D,False,False,False
GCT,GigaCloud Technology Inc,NASDAQ,Wholesale Distributors,53.91,52.75,51.85,51.59,48.3,41.95,42.51,41.8,52.74,51.8,54.05,50.18,4.85,4.8,2.59,741986.3,598380.8,32258709.0,30872560.0,0.98,-1.87,1925138896.6937141,6.04,119,70.76,28,25.2,196,34.0,2.42,3.98,0.85,1.5,144.1,0.119,20.32,True,True,True,True,False,True,False,False,False,True,True,False,False,False,False,False,2026-11-26,False,False,4,"LoD>60% ATR, thin RVOL","EMA, near21",6,https://www.tradingview.com/chart/?symbol=NASDAQ:GCT&interval=D,False,False,False
SITM,SiTime Corporation,NASDAQ,Semiconductors,643.24,603.04,592.64,609.55,598.78,648.79,569.39,519.89,611.79,605.48,645.39,578.53,5.53,6.43,41.34,557274.6,419055.26666666666,269553110.0,255434789.0,0.79,-3.01,19342891948.253044,6.71,116,-1.63,215,96.01,61,33.7,1.16,8.54,0.97,1.62,156.5,0.207,20.04,False,True,True,True,False,True,False,False,False,True,True,False,False,True,False,False,2026-11-04,False,True,4,"LoD>60% ATR, large gap","EMA, near21",5,https://www.tradingview.com/chart/?symbol=NASDAQ:SITM&interval=D,False,False,False
BRKR,Bruker Corporation,NASDAQ,Medical Specialties,64.0,59.34,58.35,58.21,58.38,55.77,49.56,48.77,60.25,59.05,65.0,59.17,4.51,4.77,3.06,2622266.6,2099896.933333333,134393404.0,122231501.0,0.87,-0.84,9750995794.20144,11.54,93,5.97,179,82.96,80,33.49,2.02,9.68,1.76,1.91,158.1,0.217,16.52,True,True,True,True,False,False,False,False,False,False,True,False,False,False,False,False,2026-10-29,False,False,4,"LoD>60% ATR, thin RVOL",EMA,5,https://www.tradingview.com/chart/?symbol=NASDAQ:BRKR&interval=D,False,False,False
BETA,"Beta Technologies, Inc.",NYSE,Aerospace & Defense,23.15,21.82,21.23,22.41,21.47,19.25,18.46,20.22,22.25,21.89,24.06,22.25,6.93,7.14,1.65,5678924.2,3430199.066666667,79409108.0,76886769.0,0.41,-1.64,5415735554.788414,-3.54,210,47.45,56,55.79,121,33.23,1.09,9.03,0.81,1.09,54.5,0.232,14.53,True,True,True,True,False,True,False,False,False,True,True,True,False,False,False,False,2026-12-03,False,False,5,thin RVOL,"EMA, near21",7,https://www.tradingview.com/chart/?symbol=NYSE:BETA&interval=D,False,False,False
LFST,"LifeStance Health Group, Inc.",NASDAQ,Medical/Nursing Services,11.8,12.65,12.65,12.57,11.96,10.36,9.17,8.64,12.46,12.47,12.17,11.78,4.07,4.07,0.48,6847105.9,4987661.2,58854402.0,62679938.0,0.61,0.41,4509418874.271523,-3.2,207,19.68,121,78.25,84,31.57,-0.32,-6.69,1.32,0.81,4.2,0.111,33.95,False,False,False,True,False,True,True,False,False,True,False,True,False,False,False,False,2026-11-05,False,False,5,thin RVOL,near21,5,https://www.tradingview.com/chart/?symbol=NASDAQ:LFST&interval=D,False,False,False
MRX,Marex Group Limited,NASDAQ,Internet Software/Services,72.69,72.49,73.32,72.65,69.12,64.18,57.47,52.99,72.94,72.46,72.7,69.91,4.42,4.52,3.28,767749.4,756184.8666666667,54967078.0,54933302.0,1.13,-0.5,5228654677.015783,2.71,144,13.38,144,77.34,85,31.14,1.14,-0.85,0.07,0.85,84.7,0.121,27.96,False,False,False,True,True,True,True,False,False,True,False,False,False,False,False,False,2026-11-05,False,False,4,"LoD>60% ATR, thin RVOL",near21,5,https://www.tradingview.com/chart/?symbol=NASDAQ:MRX&interval=D,False,False,False
CXW,"CoreCivic, Inc.",NYSE,Miscellaneous Commercial Services,34.36,34.08,33.96,33.67,32.77,29.08,25.81,24.14,33.69,33.69,34.62,32.07,4.73,4.73,1.63,2273641.0,1868346.1666666667,64196374.0,62900365.0,1.17,-0.4,3397980312.993804,1.9,155,13.51,143,76.84,89,30.75,1.03,1.19,0.42,1.57,140.8,0.134,28.93,True,True,True,True,True,True,False,False,False,True,True,False,False,False,False,False,2026-11-09,False,False,4,"LoD>60% ATR, thin RVOL","EMA, near21",7,https://www.tradingview.com/chart/?symbol=NYSE:CXW&interval=D,False,False,False
DOCN,"DigitalOcean Holdings, Inc.",NYSE,Packaged Software,141.57,132.28,124.62,123.37,123.56,139.18,118.86,102.75,134.82,129.03,143.34,136.02,6.87,6.84,9.69,3284542.3,2641045.2,373892769.0,325814302.0,0.52,-2.6,16645736844.876352,24.18,33,-1.69,217,69.26,100,30.59,2.13,13.6,1.42,0.76,57.3,0.404,25.73,True,True,True,True,False,True,True,False,False,True,False,True,False,True,False,False,2026-11-09,False,True,5,large gap,"EMA, near21",8,https://www.tradingview.com/chart/?symbol=NYSE:DOCN&interval=D,False,False,False
QRVO,"Qorvo, Inc.",NASDAQ,Semiconductors,116.34,116.49,108.69,104.52,99.21,97.1,91.75,89.74,115.25,110.12,119.64,115.91,4.43,3.71,4.32,1685499.0,1240671.2,144339687.0,129677228.0,0.52,-0.56,10263704574.578476,21.82,39,24.59,107,45.32,145,30.58,4.65,7.04,1.52,0.86,10.0,0.328,22.99,False,False,True,True,False,False,True,True,False,True,False,True,False,True,False,False,2026-11-04,False,False,5,>4x 50-MA,"EMA, ADR",6,https://www.tradingview.com/chart/?symbol=NASDAQ:QRVO&interval=D,False,False,False
AMRX,"Amneal Pharmaceuticals, Inc.",NASDAQ,Pharmaceuticals: Major,19.8,18.47,18.0,17.99,18.04,16.4,15.23,14.77,18.81,18.32,19.86,19.19,4.26,4.2,0.83,3277763.3,2186973.3666666667,43313008.0,39338183.0,0.53,-0.21,6324804208.758666,11.39,95,14.65,141,64.9,106,30.31,2.32,10.03,1.93,0.8,73.9,0.22,18.72,True,True,True,True,False,False,True,False,False,False,False,False,False,False,False,False,2026-10-29,False,False,4,"LoD>60% ATR, thin RVOL",EMA,6,https://www.tradingview.com/chart/?symbol=NASDAQ:AMRX&interval=D,False,False,False
GEO,Geo Group Inc (The) REIT,NYSE,Miscellaneous Commercial Services,31.96,31.15,31.35,31.43,31.18,28.62,24.62,22.57,31.14,31.24,32.0,30.25,4.14,4.09,1.31,2670286.7,2326827.1666666665,74365396.0,73126749.0,1.25,-0.46,4206561992.2325277,-0.53,181,6.93,170,84.53,76,30.31,0.61,1.95,0.56,1.34,130.9,0.093,27.48,True,True,False,True,True,True,False,False,True,True,True,False,False,False,True,False,2026-11-05,False,False,4,"LoD>60% ATR, thin RVOL","near21, BB, RVOL",7,https://www.tradingview.com/chart/?symbol=NYSE:GEO&interval=D,False,False,False
ERO,Ero Copper Corp.,NYSE,Other Metals/Minerals,37.11,34.7,35.69,35.92,32.99,30.35,29.66,29.7,35.57,35.28,37.2,35.58,4.05,5.27,1.96,1294608.3,1527573.4333333333,56688250.0,54863818.0,0.81,-1.97,3870670723.480761,-2.37,193,41.7,66,51.41,133,30.25,2.37,3.99,0.99,0.83,78.2,0.229,16.22,True,True,True,True,False,True,True,False,False,True,False,False,False,False,False,False,2026-11-10,False,False,4,"LoD>60% ATR, thin RVOL","EMA, near21",7,https://www.tradingview.com/chart/?symbol=NYSE:ERO&interval=D,False,False,False
ASAN,"Asana, Inc.",NYSE,Packaged Software,9.16,9.44,9.46,9.45,8.93,8.01,7.54,8.58,9.37,9.34,9.64,8.99,6.25,6.78,0.62,10437509.4,7238004.833333333,66300124.0,68391908.0,0.82,0.53,2097366359.750792,-3.68,213,42.24,65,51.66,132,30.07,0.38,-3.16,0.28,1.05,27.4,0.244,20.95,False,False,False,True,False,True,False,False,False,True,True,True,False,False,False,False,2026-12-08,False,False,5,thin RVOL,near21,4,https://www.tradingview.com/chart/?symbol=NYSE:ASAN&interval=D,False,False,False
CHYM,"Chime Financial, Inc.",NASDAQ,Packaged Software,27.07,30.49,31.83,32.03,29.09,23.94,22.97,23.46,29.72,30.65,27.21,26.06,5.34,5.66,1.53,9315743.7,8082717.8,218799171.0,258900228.0,0.54,-0.23,10248298178.210884,-18.04,367,50.14,54,56.11,120,29.4,-1.23,-14.96,2.06,0.75,65.9,0.284,32.73,False,False,False,True,False,False,True,False,False,False,False,False,False,True,False,False,2026-11-11,False,False,5,LoD>60% ATR,,3,https://www.tradingview.com/chart/?symbol=NASDAQ:CHYM&interval=D,False,False,False
DK,"Delek US Holdings, Inc.",NYSE,Oil Refining/Marketing,66.91,75.44,74.31,72.12,68.87,58.28,52.77,47.37,73.66,73.07,69.31,66.55,6.1,6.68,4.47,3348804.0,2312549.033333333,154732656.0,166789516.0,1.77,-5.27,4097044877.8629947,0.27,170,43.49,61,43.38,151,29.05,-0.43,-9.96,1.26,0.62,8.1,0.175,41.96,False,False,False,True,False,True,True,True,False,True,False,True,True,True,True,False,2026-11-11,False,True,5,large gap,"near21, ADR, RVOL",6,https://www.tradingview.com/chart/?symbol=NYSE:DK&interval=D,False,False,False
MANE,"Veradermics, Incorporated",NYSE,Pharmaceuticals: Major,115.72,108.48,103.84,104.77,106.47,106.63,92.23,,110.17,107.12,117.91,111.51,4.99,5.35,6.19,968985.4,694623.6666666666,80381851.0,72775490.0,0.61,-0.42,4834797299.859735,15.36,70,-1.63,216,72.69,96,28.81,1.62,11.44,1.5,1.03,68.0,0.256,14.05,False,True,True,False,False,False,False,False,False,False,True,False,False,False,False,False,2026-12-02,False,False,3,"LoD>60% ATR, thin RVOL, below 200-MA",EMA,3,https://www.tradingview.com/chart/?symbol=NYSE:MANE&interval=D,False,False,False
CBRL,"Cracker Barrel Old Country Store, Inc.",NASDAQ,Restaurants,51.84,46.69,50.2,52.71,53.77,46.97,41.14,38.29,47.96,49.81,51.98,46.88,4.87,5.1,2.65,1412585.9,980476.2333333333,50827888.0,51677797.0,1.54,-1.35,1158699770.1818182,-11.0,297,7.82,167,87.96,70,28.26,-0.7,3.27,0.8,1.93,187.4,0.339,29.88,False,False,False,True,False,True,False,False,False,True,True,False,True,True,True,False,2026-11-27,False,False,5,LoD>60% ATR,"near21, RVOL",3,https://www.tradingview.com/chart/?symbol=NASDAQ:CBRL&interval=D,False,False,False
DAVE,Dave Inc.,NASDAQ,Major Banks,331.46,351.32,360.34,355.37,369.49,334.68,294.13,269.86,347.77,354.41,334.98,318.64,5.94,6.55,21.72,362573.0,364757.36666666664,120900653.0,129624373.0,0.95,-0.68,4227876395.541157,-8.52,267,4.58,189,86.67,73,27.58,-1.57,-8.02,0.99,0.75,59.0,0.187,30.06,False,False,False,True,False,True,True,False,False,True,False,True,False,False,False,False,2026-11-10,False,False,5,thin RVOL,near21,5,https://www.tradingview.com/chart/?symbol=NASDAQ:DAVE&interval=D,False,False,False
KEEL,Keel Infrastructure Corp.,NASDAQ,Data Processing Services,3.9,3.74,3.56,3.5,3.7,4.39,3.72,3.43,3.81,3.69,4.07,3.82,6.35,7.68,0.3,34454816.5,37721966.6,147115670.0,132052031.0,0.7,-2.49,2408535544.189526,18.18,54,-31.22,397,95.0,63,27.32,0.72,9.54,0.75,0.82,26.7,0.364,24.79,False,True,True,True,False,True,True,False,False,True,False,True,False,False,False,False,2026-11-16,False,True,4,"thin RVOL, large gap","EMA, near21",7,https://www.tradingview.com/chart/?symbol=NASDAQ:KEEL&interval=D,False,False,False
GRML,Greenland Mines Ltd,NASDAQ,Miscellaneous Commercial Services,14.89,6.8,5.71,6.86,8.09,12.13,14.94,15.17,8.65,7.36,16.0,12.13,12.44,17.05,2.54,42173065.8,14545530.647333333,216582951.0,99833250.0,1.08,13.94,47305717.621983916,44.56,8,35.36,78,1.22,269,27.05,4.93,160.99,6.0,1.52,108.7,2.505,63.55,False,True,True,False,False,False,False,False,False,False,True,False,False,False,False,False,,False,True,1,"LoD>60% ATR, >4x 50-MA, thin RVOL, below 200-MA, large gap",EMA,3,https://www.tradingview.com/chart/?symbol=NASDAQ:GRML&interval=D,True,False,False
MMED,"MiniMed Group, Inc.",NASDAQ,Medical Specialties,20.44,21.6,21.88,21.2,19.93,16.68,,,21.37,21.32,21.03,20.29,4.62,4.85,0.99,2901359.8,2252668.8,46044550.0,47753200.0,1.25,0.73,5750793133.240507,2.46,147,43.74,60,34.3,171,26.83,0.53,-6.6,0.85,0.75,15.1,0.223,25.45,False,False,False,False,False,True,True,False,False,True,False,True,False,False,True,False,2026-12-30,False,False,4,"thin RVOL, below 200-MA","near21, RVOL",4,https://www.tradingview.com/chart/?symbol=NASDAQ:MMED&interval=D,False,False,False
SG,"Sweetgreen, Inc.",NYSE,Restaurants,8.26,7.3,7.04,6.85,6.57,7.41,6.9,6.85,7.42,7.12,8.26,7.7,5.34,5.39,0.45,5158068.4,4974634.333333333,41090480.0,34099460.0,1.09,-0.13,983281279.4163424,17.83,56,-6.56,252,68.57,101,26.61,4.79,17.29,2.98,1.26,125.8,0.245,10.26,True,True,True,True,False,False,False,False,False,False,True,False,False,False,False,False,2026-11-05,False,False,3,"LoD>60% ATR, >4x 50-MA, thin RVOL",EMA,5,https://www.tradingview.com/chart/?symbol=NYSE:SG&interval=D,False,False,False
SANM,Sanmina Corporation,NASDAQ,Electronic Production Equipment,221.88,206.4,202.11,200.8,200.37,220.34,196.82,186.76,209.44,204.8,225.85,215.78,4.36,4.83,10.71,630644.7,595382.0666666667,132103373.0,119555101.0,0.94,-2.17,11892181070.452568,16.47,63,-9.73,274,72.39,97,26.37,2.23,9.78,1.73,0.94,57.0,0.201,15.14,True,True,True,True,False,False,True,False,False,False,False,True,False,True,False,False,2026-11-09,False,True,5,large gap,EMA,7,https://www.tradingview.com/chart/?symbol=NASDAQ:SANM&interval=D,False,False,False
VSAT,"ViaSat, Inc.",NASDAQ,Telecommunications Equipment,73.72,73.57,72.53,73.85,75.21,73.28,66.24,59.82,73.87,73.84,76.6,71.55,5.47,5.63,4.15,1814076.9,1697680.3,125152992.0,125373407.0,0.61,-2.82,10155358620.566772,-0.24,177,24.67,105,54.58,124,26.34,-0.35,1.64,0.03,1.22,52.3,0.169,20.87,False,False,False,True,True,True,False,False,False,True,True,True,False,True,False,False,2026-11-11,False,True,5,large gap,near21,5,https://www.tradingview.com/chart/?symbol=NASDAQ:VSAT&interval=D,False,False,False
WGS,GeneDx Holdings Corp.,NASDAQ,Medical/Nursing Services,88.48,93.54,89.85,87.34,79.4,67.17,68.6,80.73,91.64,89.3,93.51,83.1,6.89,6.87,6.08,910263.8,629548.3,55702434.0,54983385.0,1.87,-0.87,2638698269.6206574,3.49,139,30.73,87,44.76,147,26.33,1.66,-1.53,0.13,1.71,88.5,0.263,29.8,False,False,False,True,True,True,False,False,False,True,True,False,True,True,True,False,2026-11-03,False,False,5,LoD>60% ATR,"near21, RVOL",4,https://www.tradingview.com/chart/?symbol=NASDAQ:WGS&interval=D,False,False,False
FSLY,"Fastly, Inc.",NASDAQ,Information Technology Services,26.68,25.41,23.72,24.35,23.67,21.36,22.51,19.51,25.71,24.68,28.15,26.19,9.97,10.0,2.67,10935546.1,6874672.166666667,183416253.0,167407433.0,1.77,-6.24,4250124026.994941,14.51,75,68.75,30,-5.07,294,26.06,1.27,12.48,0.81,0.73,18.3,0.398,22.11,True,True,True,True,False,True,True,True,False,True,False,True,True,True,True,False,2026-11-04,False,True,5,large gap,"EMA, near21, ADR, RVOL",9,https://www.tradingview.com/chart/?symbol=NASDAQ:FSLY&interval=D,False,False,False
HIVE,HIVE Digital Technologies Ltd,NASDAQ,Information Technology Services,3.3,3.2,3.07,3.01,2.96,3.31,2.93,2.9,3.25,3.13,3.39,3.23,4.93,6.18,0.2,12757914.299999993,20297605.6,66982098.0,61058581.0,0.69,-3.26,905115277.8781512,14.98,71,-11.05,283,73.68,95,25.87,1.86,7.5,0.87,0.78,34.3,0.321,12.35,False,True,True,True,False,True,True,False,False,True,False,True,False,False,False,False,2026-11-16,False,True,4,"thin RVOL, large gap","EMA, near21",7,https://www.tradingview.com/chart/?symbol=NASDAQ:HIVE&interval=D,False,False,False
DUOL,"Duolingo, Inc.",NASDAQ,Packaged Software,147.75,147.68,148.78,146.51,140.62,128.99,119.57,129.1,147.43,146.64,153.0,142.8,4.74,5.18,7.66,1139683.2,1186578.4,175316959.0,173847183.0,1.1,1.03,6912633141.666667,1.42,161,22.92,112,52.63,128,25.66,0.98,-0.69,0.15,1.33,64.6,0.145,19.77,False,False,True,True,True,True,False,False,False,True,True,False,False,False,False,False,2026-11-11,False,False,4,"LoD>60% ATR, thin RVOL","EMA, near21",5,https://www.tradingview.com/chart/?symbol=NASDAQ:DUOL&interval=D,False,False,False
RIOT,"Riot Platforms, Inc.",NASDAQ,Information Technology Services,23.48,22.54,21.44,20.94,20.93,22.9,20.48,19.16,22.97,22.02,24.92,23.45,5.37,6.59,1.55,17456963.1,17167001.333333332,403081191.0,359456980.0,1.35,-2.39,8811080140.769543,18.11,55,-13.23,297,71.89,98,25.59,1.85,9.49,1.01,0.95,1.9,0.372,15.92,True,True,True,True,False,True,True,False,False,True,False,True,False,False,True,False,2026-11-10,False,True,4,"thin RVOL, large gap","EMA, near21, RVOL",8,https://www.tradingview.com/chart/?symbol=NASDAQ:RIOT&interval=D,False,False,False
SMCIP,"Super Micro Computer, Inc. - Depositary Shares Each Representing a 1/20th Interest in a Share of 7% Series A Mandatory Convertible Preferred Stock",NASDAQ,Computer Processing Hardware,69.28,66.28,65.25,64.69,59.36,,,,67.11,65.19,70.56,67.28,4.03,4.71,3.26,763278.4,634051.6666666666,43927099.0,41015112.0,2.2,-0.89,27224644986.0,11.74,90,28.11,96,36.51,164,25.45,3.55,6.17,1.33,1.01,61.3,0.17,9.99,False,True,True,False,False,True,False,False,False,True,True,False,True,True,True,False,2026-11-03,False,False,4,"LoD>60% ATR, below 200-MA","EMA, near21, RVOL",4,https://www.tradingview.com/chart/?symbol=NASDAQ:SMCIP&interval=D,False,False,False
CLF,Cleveland-Cliffs Inc.,NYSE,Steel,12.5,12.29,12.14,11.95,11.69,11.54,10.84,11.42,12.37,12.16,12.94,12.49,4.08,4.73,0.59,15268715.5,14312273.333333334,178903417.0,171084145.0,0.87,-0.62,7131750424.436675,10.42,99,19.96,120,45.86,144,25.41,1.46,2.95,0.59,0.76,1.4,0.13,11.59,True,True,True,True,True,True,True,False,False,True,False,True,False,False,False,False,2026-10-26,False,False,5,thin RVOL,"EMA, near21",9,https://www.tradingview.com/chart/?symbol=NYSE:CLF&interval=D,False,False,False
COIN,"Coinbase Global, Inc.",NASDAQ,Investment Banks/Brokers,199.21,187.1,184.18,178.34,169.75,171.69,176.98,187.8,190.43,183.7,202.78,193.69,4.8,5.9,11.75,12188055.6,10629517.966666667,2117506274.0,1895654061.0,0.62,-0.69,52558968770.000015,13.19,79,43.08,63,18.54,220,24.94,2.94,8.16,1.43,0.77,47.0,0.239,9.06,True,True,True,True,False,True,True,False,False,True,False,True,False,True,False,False,2026-10-29,False,False,6,,"EMA, near21",8,https://www.tradingview.com/chart/?symbol=NASDAQ:COIN&interval=D,False,False,False
ORKA,"Oruka Therapeutics, Inc.",NASDAQ,Pharmaceuticals: Major,85.49,93.01,92.76,97.54,96.65,83.98,72.57,62.33,92.08,93.88,89.18,82.7,6.11,6.42,5.49,1158874.6,911230.1333333333,77901064.0,88881083.0,1.19,-1.22,5660266924.539673,-18.38,372,-0.06,206,89.89,66,23.82,-1.8,-7.83,1.39,1.18,50.9,0.111,40.13,False,False,False,True,False,True,False,False,False,True,True,True,False,False,False,False,2026-11-18,False,False,5,thin RVOL,near21,4,https://www.tradingview.com/chart/?symbol=NASDAQ:ORKA&interval=D,False,False,False
CLSK,"CleanSpark, Inc.",NASDAQ,Data Processing Services,14.26,13.88,13.11,12.77,13.09,14.17,12.88,12.6,13.97,13.45,14.75,13.98,6.1,6.68,0.95,19239194.0,18779037.466666665,267789074.0,239802049.0,0.95,-2.56,3662211536.3430147,20.13,45,-7.34,254,57.05,117,23.28,1.33,8.76,0.9,0.81,29.4,0.341,10.99,True,True,True,True,False,True,True,False,False,True,False,True,False,False,False,False,2026-12-16,False,True,4,"thin RVOL, large gap","EMA, near21",8,https://www.tradingview.com/chart/?symbol=NASDAQ:CLSK&interval=D,False,False,False
NCNO,"nCino, Inc.",NASDAQ,Packaged Software,19.97,20.88,21.75,21.4,20.15,18.11,17.57,18.9,20.64,20.97,20.17,19.04,4.27,4.6,0.92,2441344.3,2697380.8,53866695.0,57711361.0,0.98,0.52,2111551375.028081,-3.81,216,38.87,71,33.71,176,22.93,-0.19,-8.19,1.03,1.23,101.2,0.221,20.96,False,False,False,True,False,True,False,False,False,True,True,False,False,False,False,False,2026-12-02,False,False,4,"LoD>60% ATR, thin RVOL",near21,3,https://www.tradingview.com/chart/?symbol=NASDAQ:NCNO&interval=D,False,False,False
PARR,"Par Pacific Holdings, Inc. Common Stock",NYSE,Oil Refining/Marketing,76.77,82.06,81.43,80.21,79.15,69.16,65.08,58.44,80.61,80.56,79.28,75.32,5.75,5.85,4.49,1123740.7000000016,929329.6333333339,71344636.0,74539361.0,0.92,0.22,3846148537.1509676,3.06,143,43.84,59,21.86,210,22.92,-0.51,-5.73,0.8,0.88,32.3,0.134,30.76,False,False,False,True,False,True,True,False,False,True,False,True,False,False,False,False,2026-11-09,False,False,5,thin RVOL,near21,5,https://www.tradingview.com/chart/?symbol=NYSE:PARR&interval=D,False,False,False
PGY,Pagaya Technologies Ltd.,NASDAQ,Packaged Software,18.72,20.42,21.2,21.24,20.28,17.82,15.94,17.13,20.25,20.69,18.92,18.08,6.14,6.59,1.23,2826493.1999999955,2329181.466666667,43602277.0,49467932.0,1.37,-0.96,1561731762.0,-14.21,327,19.39,123,62.64,109,22.61,-1.16,-11.7,1.44,0.68,51.9,0.227,28.08,False,False,False,True,False,True,True,True,False,True,False,True,False,False,True,False,2026-11-17,False,False,5,thin RVOL,"near21, ADR, RVOL",6,https://www.tradingview.com/chart/?symbol=NASDAQ:PGY&interval=D,False,False,False
MARA,"MARA Holdings, Inc.",NASDAQ,Data Processing Services,12.92,12.38,11.8,11.31,11.27,12.32,11.37,10.97,12.57,12.01,13.64,12.84,6.02,6.87,0.89,52197658.1,50551982.03333333,653131608.0,571734491.0,0.77,-2.1,4990987310.211236,16.71,62,-4.86,241,55.48,122,22.44,2.14,9.53,1.11,0.9,9.0,0.333,10.92,True,True,True,True,False,True,True,False,False,True,False,True,False,False,False,False,2026-11-11,False,True,4,"thin RVOL, large gap","EMA, near21",8,https://www.tradingview.com/chart/?symbol=NASDAQ:MARA&interval=D,False,False,False
CLS,"Celestica, Inc.",NYSE,Electronic Components,373.56,340.17,324.93,321.36,324.44,349.02,338.15,329.61,344.56,333.18,379.0,352.9,4.4,5.21,19.48,2220620.7,2248328.1333333333,839885457.0,722528724.0,1.44,-2.1,47110066920.28827,22.95,36,6.31,175,38.02,159,22.43,2.9,14.97,2.32,1.34,106.1,0.288,6.58,True,True,True,True,False,False,False,False,False,False,True,False,False,True,True,False,2026-10-26,False,True,4,"LoD>60% ATR, large gap","EMA, RVOL",5,https://www.tradingview.com/chart/?symbol=NYSE:CLS&interval=D,False,False,False
QCOM,QUALCOMM Incorporated,NASDAQ,Semiconductors,194.26,188.52,179.29,173.5,169.61,188.49,171.23,169.0,188.63,181.56,196.77,191.75,4.69,4.34,8.43,16451798.8,12657090.9,2458766478.0,2196026366.0,0.53,-0.33,204018440516.4082,21.16,42,-3.69,234,49.56,136,22.34,3.35,8.35,1.61,0.6,29.8,0.243,10.05,True,True,True,True,False,False,True,True,False,True,False,True,False,True,False,False,2026-11-11,False,False,6,,"EMA, ADR",8,https://www.tradingview.com/chart/?symbol=NASDAQ:QCOM&interval=D,False,False,False
CRDO,Credo Technology Group Holding Ltd,NASDAQ,Information Technology Services,195.97,173.87,182.02,202.25,209.9,219.06,188.58,176.01,182.78,187.91,196.42,187.0,4.2,6.72,13.17,8726023.2,7632541.5,1495749158.0,1543684063.0,0.66,-2.56,36832936748.13117,-14.45,328,-24.99,363,106.28,54,22.28,-0.99,7.66,0.64,0.72,68.1,0.574,23.06,False,False,False,True,False,True,True,False,False,True,False,False,False,True,False,False,2026-12-02,False,True,4,"LoD>60% ATR, large gap",near21,4,https://www.tradingview.com/chart/?symbol=NASDAQ:CRDO&interval=D,False,False,False
WIX,Wix.com Ltd.,NASDAQ,Packaged Software,77.53,79.92,80.79,80.53,71.37,62.63,68.27,73.84,79.3,78.72,85.0,75.65,6.5,6.95,5.39,1206554.7,1563317.7,121204021.0,125899185.0,1.91,0.14,3244592654.6592445,-6.76,242,83.07,18,-12.36,328,21.32,1.24,-4.04,0.22,1.73,34.9,0.233,23.42,False,False,False,True,False,True,False,False,False,True,True,True,True,True,True,False,2026-11-05,False,False,6,,"near21, RVOL",4,https://www.tradingview.com/chart/?symbol=NASDAQ:WIX&interval=D,False,True,False
CCC,CCC Intelligent Solutions Holdings Inc.,NASDAQ,Packaged Software,6.87,6.63,6.94,7.04,6.74,5.83,5.77,6.16,6.71,6.81,6.96,6.57,4.73,4.55,0.31,15130638.6,11226084.066666666,77123198.0,79061568.0,0.75,-1.05,4046393427.0495496,-7.41,250,54.38,46,16.44,229,21.14,0.44,-0.97,0.21,1.26,96.0,0.216,16.97,False,False,False,True,True,True,False,False,False,True,True,False,False,False,False,False,2026-10-29,False,False,4,"LoD>60% ATR, thin RVOL",near21,4,https://www.tradingview.com/chart/?symbol=NASDAQ:CCC&interval=D,False,False,False
AI,"C3.ai, Inc.",NYSE,Packaged Software,10.76,10.76,10.64,10.44,9.97,9.83,9.51,10.4,10.73,10.57,10.96,10.6,4.22,4.45,0.48,4654650.3,5108722.366666666,54969853.0,53328250.0,0.59,-0.28,1692331255.3554327,7.28,112,23.75,109,32.02,182,21.02,1.79,1.09,0.4,0.76,33.4,0.083,11.63,False,False,True,True,True,True,True,False,True,True,False,True,False,False,False,False,2026-12-09,False,False,5,thin RVOL,"EMA, near21, BB",8,https://www.tradingview.com/chart/?symbol=NYSE:AI&interval=D,False,False,False
SYRE,"Spyre Therapeutics, Inc.",NASDAQ,Pharmaceuticals: Major,87.09,90.57,89.86,94.86,97.28,89.3,76.93,66.0,90.09,91.86,87.46,82.93,4.42,5.23,4.56,1421986.1999999997,1228636.4666666666,107001950.0,116554189.0,1.29,-0.81,7679053216.518884,-20.12,390,-4.3,237,85.57,74,20.39,-2.0,-3.08,0.99,0.99,91.3,0.086,35.91,False,False,False,True,False,True,True,False,True,True,False,False,False,False,True,False,2026-11-05,False,False,4,"LoD>60% ATR, thin RVOL","near21, BB, RVOL",5,https://www.tradingview.com/chart/?symbol=NASDAQ:SYRE&interval=D,False,False,False
SNAP,Snap Inc.,NYSE,Packaged Software,5.43,5.63,5.55,5.48,5.25,5.27,5.22,5.7,5.54,5.51,5.43,5.23,4.78,5.24,0.28,34482162.4,35679049.3,193737238.0,195675799.0,0.78,-1.13,9183203853.83932,-2.51,197,25.69,103,37.82,161,20.33,0.67,-2.14,0.29,0.7,70.2,0.118,8.85,False,False,False,False,True,True,True,False,False,True,False,False,False,False,False,False,2026-10-15,False,False,3,"LoD>60% ATR, thin RVOL, below 200-MA",near21,4,https://www.tradingview.com/chart/?symbol=NYSE:SNAP&interval=D,False,False,False
DFTX,"Definium Therapeutics, Inc.",NASDAQ,Pharmaceuticals: Major,36.73,38.53,38.86,40.77,41.87,35.98,30.54,26.66,38.46,39.36,37.6,35.89,5.32,6.01,2.21,2939645.5999999987,2105961.233333331,77351956.0,85866357.0,0.81,-0.42,4935298590.061353,-16.47,353,-17.83,325,95.06,62,20.26,-2.05,-5.49,1.11,0.78,38.1,0.161,41.42,False,False,False,True,False,True,True,False,False,True,False,True,False,False,False,False,2026-11-05,False,False,5,thin RVOL,near21,5,https://www.tradingview.com/chart/?symbol=NASDAQ:DFTX&interval=D,False,False,False
FDS,FactSet Research Systems Inc.,NYSE,Financial Publishing/Services,271.25,276.4,287.43,289.21,280.57,257.6,244.18,249.71,278.96,282.28,285.33,270.56,4.2,4.4,11.93,789689.8,868294.6666666666,235524928.0,251119501.0,0.78,0.9,9647153591.66428,-9.27,278,30.4,88,38.28,158,19.81,-0.76,-5.63,0.89,1.24,5.8,0.226,15.94,False,False,False,True,False,True,False,False,False,True,True,True,False,False,False,False,2026-09-30,False,False,5,thin RVOL,near21,4,https://www.tradingview.com/chart/?symbol=NYSE:FDS&interval=D,False,False,False
ACMR,"ACM Research, Inc.",NASDAQ,Industrial Machinery,76.18,70.93,72.2,74.91,77.48,81.83,71.02,65.8,73.37,73.7,78.62,74.14,5.6,6.94,5.28,1315241.1,1021360.8333333351,77807268.0,76511672.0,1.29,-3.19,5305875537.556713,-4.27,220,-24.56,362,87.82,71,19.66,-0.24,5.51,0.49,0.85,38.6,0.25,21.05,False,False,False,True,False,True,True,False,False,True,False,True,False,False,True,False,2026-11-11,False,True,4,"thin RVOL, large gap","near21, RVOL",5,https://www.tradingview.com/chart/?symbol=NASDAQ:ACMR&interval=D,False,False,False
IOT,Samsara Inc.,NYSE,Packaged Software,39.32,39.79,39.69,39.69,38.74,35.7,33.91,33.76,39.36,39.43,39.46,38.0,5.72,5.42,2.13,6143676.7,6804356.266666667,267547288.0,270069436.0,0.82,-0.23,23025998083.887417,-1.26,186,35.07,81,25.06,198,19.63,0.28,-0.93,0.05,0.69,61.9,0.148,15.33,False,False,False,True,True,True,True,True,False,True,False,False,False,True,False,False,2026-11-26,False,False,5,LoD>60% ATR,"near21, ADR",6,https://www.tradingview.com/chart/?symbol=NYSE:IOT&interval=D,False,False,False
CNH,CNH Industrial N.V.,NYSE,Trucks/Construction/Farm Machinery,13.28,13.6,13.32,12.52,11.8,11.18,11.14,11.02,13.5,13.11,13.77,13.14,4.0,4.06,0.54,17137821.6,22477349.0,298499195.0,281386440.0,0.85,-0.51,16437000644.491636,11.6,92,24.0,108,22.06,209,19.22,3.08,-0.29,0.32,1.18,26.9,0.236,19.49,False,False,False,True,True,True,False,False,False,True,True,True,False,True,False,False,2026-11-10,False,False,6,,near21,5,https://www.tradingview.com/chart/?symbol=NYSE:CNH&interval=D,False,False,False
SIG,Signet Jewelers Limited,NYSE,Specialty Stores,100.5,100.53,93.27,90.63,91.91,88.09,88.79,89.03,98.83,95.53,103.24,99.68,4.41,4.17,4.19,1050802.3,996551.7333333333,100153449.0,90312501.0,0.49,0.37,3748071509.6733913,19.79,47,21.48,116,15.52,234,18.93,2.24,7.76,1.25,0.85,19.7,0.382,12.38,False,False,True,True,False,True,True,False,False,True,False,True,False,False,False,False,2026-12-08,False,False,5,thin RVOL,"EMA, near21",6,https://www.tradingview.com/chart/?symbol=NYSE:SIG&interval=D,False,False,False
INFQ,"Infleqtion, Inc.",NYSE,Computer Processing Hardware,14.3,13.45,13.27,13.21,12.05,12.83,12.52,13.25,13.64,13.28,14.68,13.8,5.93,6.58,0.94,9393656.3,9248829.8,132258266.0,122186290.0,1.16,0.07,3222605660.4193788,6.44,118,12.78,148,37.5,162,18.9,2.84,7.77,1.16,0.95,53.6,0.175,9.77,True,True,True,True,False,True,True,False,False,True,False,True,False,False,False,False,2026-12-02,False,False,5,thin RVOL,"EMA, near21",8,https://www.tradingview.com/chart/?symbol=NYSE:INFQ&interval=D,False,False,False
AUGO,Aura Minerals Inc.,NASDAQ,Other Metals/Minerals,83.07,87.24,86.15,85.16,75.05,71.65,76.07,71.69,86.77,85.14,84.04,80.46,4.99,5.81,4.82,1305736.4000000013,1071203.1666666653,88984847.0,91219198.0,0.99,-2.27,6960371066.2733755,-3.16,204,34.29,82,25.09,197,18.74,1.84,-3.57,0.42,0.74,54.1,0.128,18.77,False,False,False,True,False,True,True,False,False,True,False,True,False,False,False,False,2026-11-05,False,True,4,"thin RVOL, large gap",near21,5,https://www.tradingview.com/chart/?symbol=NASDAQ:AUGO&interval=D,False,False,False
EAT,"Brinker International, Inc.",NYSE,Restaurants,206.71,206.16,216.51,224.65,218.02,185.89,172.34,168.15,208.47,213.99,212.13,204.92,4.43,4.65,9.62,1998129.0,1262135.9666666666,260896126.0,283535059.0,0.43,-0.44,8633245514.221107,-18.29,371,21.14,119,53.12,126,18.66,-1.11,-4.52,0.73,0.75,18.6,0.222,24.13,False,False,False,True,False,True,True,False,False,True,False,True,False,False,False,False,2026-11-04,False,False,5,thin RVOL,near21,5,https://www.tradingview.com/chart/?symbol=NYSE:EAT&interval=D,False,False,False
CNXC,Concentrix Corporation,NASDAQ,Information Technology Services,29.39,28.97,29.47,28.09,26.78,25.88,27.06,30.19,29.15,28.68,30.66,28.21,6.5,6.7,1.97,2053583.2,1535086.9666666666,45116206.0,43124686.0,1.14,-0.63,1793329325.470705,15.75,67,30.39,89,8.21,252,18.12,1.45,-0.26,0.37,1.24,59.9,0.238,14.66,False,False,True,False,True,True,False,False,False,True,True,True,False,False,False,False,2026-09-29,False,False,4,"thin RVOL, below 200-MA","EMA, near21",5,https://www.tradingview.com/chart/?symbol=NASDAQ:CNXC&interval=D,False,False,False
SHOP,Shopify Inc.,NASDAQ,Miscellaneous Commercial Services,145.16,135.28,138.38,142.42,137.61,124.79,124.09,130.01,138.56,138.46,145.96,140.3,4.62,4.9,7.11,12159159.0,9059410.333333334,1315064004.0,1290232160.0,0.76,-1.25,186769253587.74298,-3.17,205,28.92,93,27.88,192,17.88,1.12,4.9,0.99,0.8,68.3,0.255,9.84,True,True,True,True,False,True,True,False,False,True,False,False,False,True,False,False,2026-10-22,False,False,5,LoD>60% ATR,"EMA, near21",7,https://www.tradingview.com/chart/?symbol=NASDAQ:SHOP&interval=D,False,False,False
AFRM,"Affirm Holdings, Inc.",NASDAQ,Finance/Rental/Leasing,71.57,71.25,72.05,73.55,73.96,73.09,66.06,66.74,71.06,72.08,71.8,67.53,4.35,5.11,3.66,4508110.5,5221745.9,373720354.0,384060281.0,1.43,-0.82,24149237707.856956,-7.56,252,-5.67,247,66.48,104,17.75,-0.63,-0.67,0.14,1.17,110.5,0.145,11.03,False,False,False,True,True,True,False,False,False,True,True,False,False,True,True,False,2026-11-11,False,False,5,LoD>60% ATR,"near21, RVOL",4,https://www.tradingview.com/chart/?symbol=NASDAQ:AFRM&interval=D,False,False,False
LITE,Lumentum Holdings Inc.,NASDAQ,Electrical Products,929.04,911.11,912.42,904.18,854.36,867.18,832.32,726.23,923.16,908.44,954.45,912.0,5.98,6.73,62.51,4788758.0,4412613.633333334,4099494570.0,3989815381.0,0.76,-1.41,83334885165.28777,8.27,108,12.95,146,31.52,183,17.58,1.3,1.82,0.34,0.68,27.3,0.191,20.04,True,True,True,True,True,True,True,False,False,True,False,True,False,True,False,False,2026-11-10,False,False,6,,"EMA, near21",9,https://www.tradingview.com/chart/?symbol=NASDAQ:LITE&interval=D,False,False,False
GDDY,GoDaddy Inc.,NYSE,Data Processing Services,100.81,99.98,99.13,98.47,96.27,90.84,88.87,94.33,99.35,98.66,110.35,94.7,5.33,5.5,5.54,3439081.4,2355340.466666667,237441872.0,231931946.0,3.59,0.87,12767354785.526875,1.35,162,26.03,101,24.63,200,17.33,0.86,1.7,0.4,2.82,110.2,0.13,11.03,True,True,True,True,True,True,False,False,False,True,True,False,True,True,True,False,2026-10-29,False,False,5,LoD>60% ATR,"EMA, near21, RVOL",7,https://www.tradingview.com/chart/?symbol=NYSE:GDDY&interval=D,False,False,False
AUR,"Aurora Innovation, Inc.",NASDAQ,Packaged Software,6.06,6.38,6.22,6.23,6.33,6.53,5.89,5.5,6.32,6.3,6.34,5.76,5.62,6.2,0.38,37543581.6,32885335.3,199285132.0,205012661.0,1.07,-0.32,12145125806.117086,5.39,122,-0.98,211,46.29,142,16.9,-0.68,-2.49,0.62,1.54,79.8,0.21,17.0,False,False,False,True,True,True,False,False,False,True,True,False,False,True,False,False,2026-11-04,False,False,5,LoD>60% ATR,near21,4,https://www.tradingview.com/chart/?symbol=NASDAQ:AUR&interval=D,False,False,False
IONQ,"IonQ, Inc.",NYSE,Computer Processing Hardware,44.98,39.64,39.34,40.73,39.46,47.09,43.29,43.68,40.77,40.23,45.66,41.28,5.5,6.24,2.81,25581820.9,21068678.166666668,947669144.0,858092147.0,1.87,-2.28,18223111771.83545,6.89,114,-9.41,269,52.22,129,16.57,2.24,14.34,1.89,1.56,131.9,0.218,17.24,False,True,True,True,False,False,False,False,False,False,True,False,True,True,True,False,2026-11-11,False,True,4,"LoD>60% ATR, large gap","EMA, RVOL",4,https://www.tradingview.com/chart/?symbol=NYSE:IONQ&interval=D,False,False,False
PAY,"Paymentus Holdings, Inc.",NYSE,Miscellaneous Commercial Services,30.95,34.5,35.19,36.78,35.96,30.09,28.66,28.72,33.65,34.98,31.0,29.28,5.21,5.83,1.81,1390458.0,1206256.4666666666,37333638.0,44367721.0,2.45,0.17,3897832163.8831387,-20.9,403,45.65,58,24.45,201,16.4,-2.39,-12.04,1.98,0.95,92.5,0.213,23.59,False,False,False,True,False,False,True,False,False,False,False,False,True,True,True,False,2026-11-09,False,False,5,LoD>60% ATR,RVOL,3,https://www.tradingview.com/chart/?symbol=NYSE:PAY&interval=D,False,False,False
AXTI,AXT Inc,NASDAQ,Electronic Production Equipment,75.9,68.82,65.42,68.7,64.77,79.01,71.49,58.4,71.08,68.62,78.7,69.6,7.55,9.3,7.06,9128397.6,9167812.6,695836976.0,629868453.0,0.83,-2.97,4977006994.891751,11.29,96,13.62,142,24.02,203,16.31,1.85,16.02,1.14,1.29,89.3,0.442,27.16,False,True,True,True,False,True,False,False,False,True,True,False,False,False,False,False,2026-10-29,False,True,3,"LoD>60% ATR, thin RVOL, large gap","EMA, near21",5,https://www.tradingview.com/chart/?symbol=NASDAQ:AXTI&interval=D,False,False,False
VCYT,"Veracyte, Inc.",NASDAQ,Medical Specialties,48.54,41.83,42.7,42.56,46.51,47.77,42.98,42.45,43.14,43.12,48.95,43.51,4.82,4.92,2.39,1690441.4,1421807.6333333333,69014543.0,60505261.0,1.94,-0.37,3902166094.4596066,15.54,68,-17.1,322,49.86,135,16.1,0.89,13.68,2.55,2.28,210.5,0.208,12.24,True,True,True,True,False,False,False,False,False,False,True,False,True,True,True,False,2026-11-10,False,False,5,LoD>60% ATR,"EMA, RVOL",5,https://www.tradingview.com/chart/?symbol=NASDAQ:VCYT&interval=D,False,False,False
NWL,Newell Brands Inc.,NASDAQ,Industrial Machinery,5.59,5.67,5.86,5.92,5.79,5.17,4.79,4.63,5.7,5.79,5.73,5.56,4.38,4.83,0.27,5819426.2,6345173.066666666,35469517.0,37578230.0,0.62,0.0,2380780893.7112675,-8.51,266,-4.44,239,61.1,111,16.05,-0.71,-4.68,0.71,0.64,11.1,0.16,22.17,False,False,False,True,False,True,True,True,False,True,False,True,False,False,False,False,2026-10-23,False,False,5,thin RVOL,"near21, ADR",6,https://www.tradingview.com/chart/?symbol=NASDAQ:NWL&interval=D,False,False,False
FLEX,Flex Ltd.,NASDAQ,Electronic Production Equipment,112.4,110.83,110.43,112.36,115.33,128.66,109.6,98.29,111.28,111.82,114.1,108.86,4.12,4.79,5.38,3643554.9000000013,3124878.9333333247,351236392.0,351108272.0,0.84,-2.49,41520893169.41408,1.73,158,-28.75,383,74.62,94,15.86,-0.53,1.79,0.11,0.97,65.8,0.105,27.02,False,False,False,True,True,True,True,False,False,True,False,False,False,True,False,False,2026-11-04,False,True,4,"LoD>60% ATR, large gap",near21,5,https://www.tradingview.com/chart/?symbol=NASDAQ:FLEX&interval=D,False,False,False
MNDY,monday.com Ltd.,NASDAQ,Packaged Software,86.0,89.18,91.13,90.96,88.22,83.16,78.94,90.96,88.04,89.22,87.67,84.67,5.68,6.04,5.19,1086776.1,1172584.7666666666,100842290.0,106656356.0,0.48,0.0,3635573981.609993,-6.89,245,27.2,97,26.94,194,15.75,-0.42,-5.62,0.6,0.58,25.6,0.264,14.17,False,False,False,False,False,True,True,True,False,True,False,True,False,False,False,False,2026-11-16,False,False,4,"thin RVOL, below 200-MA","near21, ADR",5,https://www.tradingview.com/chart/?symbol=NASDAQ:MNDY&interval=D,False,False,False
ARXS,"Arxis, Inc.",NASDAQ,Aerospace & Defense,51.3,50.72,51.62,52.8,51.51,46.04,,,51.17,51.62,52.72,49.5,4.72,4.93,2.53,1082437.1,718978.5666666667,36883600.0,37963267.0,1.42,-1.47,22101391093.1939,-4.34,221,16.3,136,35.0,169,15.65,-0.08,-0.62,0.13,1.27,71.1,0.105,10.87,False,False,False,False,True,True,False,False,False,True,True,False,False,True,True,False,2026-12-02,False,False,4,"LoD>60% ATR, below 200-MA","near21, RVOL",3,https://www.tradingview.com/chart/?symbol=NASDAQ:ARXS&interval=D,False,False,False
BULL,Webull Corporation,NASDAQ,Packaged Software,7.26,8.18,8.82,8.7,8.21,7.5,6.92,7.14,8.12,8.39,7.66,7.21,6.27,6.99,0.51,15368883.0,17640439.333333332,128069590.0,153471822.0,0.92,-0.39,3846089595.247059,-14.18,326,13.08,145,46.96,140,15.29,-1.65,-17.69,1.93,0.89,9.8,0.359,26.2,False,False,False,True,False,False,True,False,False,False,False,True,False,False,False,False,2026-11-19,False,False,5,thin RVOL,,4,https://www.tradingview.com/chart/?symbol=NASDAQ:BULL&interval=D,False,False,False
IT,"Gartner, Inc.",NYSE,Internet Software/Services,179.32,185.73,186.1,187.38,176.27,161.66,159.69,174.47,183.06,183.84,181.9,176.04,4.35,4.6,8.25,1155703.1,1198361.8666666667,214890250.0,224552242.0,0.73,0.76,11323874534.505714,-9.91,284,38.84,72,16.52,228,15.15,0.38,-3.64,0.53,0.71,39.8,0.195,14.73,False,False,False,True,False,True,True,False,False,True,False,True,False,True,False,False,2026-11-03,False,False,6,,near21,5,https://www.tradingview.com/chart/?symbol=NYSE:IT&interval=D,False,False,False
AMBA,"Ambarella, Inc.",NASDAQ,Semiconductors,69.86,66.54,66.9,69.55,71.77,73.28,68.06,68.33,67.38,68.17,71.0,65.56,6.24,6.23,4.35,1596839.2,1646052.7666666666,114993246.0,114482970.0,1.1,-1.52,3083688438.5983434,-2.17,192,12.66,150,34.73,170,15.07,-0.43,4.43,0.4,1.25,98.8,0.153,9.64,False,False,False,True,False,True,False,False,False,True,True,False,False,False,False,False,2026-12-01,False,False,4,"LoD>60% ATR, thin RVOL",near21,3,https://www.tradingview.com/chart/?symbol=NASDAQ:AMBA&interval=D,False,False,False
RHI,Robert Half Inc.,NYSE,Personnel Services,35.79,37.41,39.85,41.23,40.83,35.41,31.93,31.0,37.66,39.04,37.92,35.4,4.14,4.41,1.58,1879098.6,1970056.3,70508315.0,81226078.0,1.05,0.62,3663530014.6806746,-18.21,370,18.75,125,44.37,149,14.97,-2.8,-10.18,1.89,1.6,25.0,0.317,27.45,False,False,False,True,False,False,False,False,False,False,True,True,False,False,False,False,2026-10-27,False,False,5,thin RVOL,,3,https://www.tradingview.com/chart/?symbol=NYSE:RHI&interval=D,False,False,False
BTBT,"Bit Digital, Inc.",NASDAQ,Miscellaneous Commercial Services,1.79,1.65,1.59,1.57,1.5,1.68,1.64,1.75,1.7,1.63,1.8,1.72,6.02,6.95,0.12,28976283.0,32684797.466666665,58505787.0,51375054.0,0.9,-2.82,645533984.2146893,18.54,50,-4.79,240,28.78,190,14.18,2.74,12.33,1.46,0.64,56.3,0.374,13.59,True,True,True,True,False,True,True,True,False,True,False,True,False,False,False,False,2026-11-12,False,True,4,"thin RVOL, large gap","EMA, near21, ADR",9,https://www.tradingview.com/chart/?symbol=NASDAQ:BTBT&interval=D,False,False,False
RDW,Redwire Corporation,NYSE,Aerospace & Defense,11.6,11.12,10.92,11.39,10.85,12.5,11.46,10.94,11.25,11.17,11.86,11.01,6.01,6.51,0.75,13981993.3,12721092.066666666,147564668.0,144914440.0,1.03,-0.89,2899914449.2280393,1.05,166,8.11,166,32.72,180,13.96,1.06,6.28,0.59,1.12,78.2,0.165,14.25,False,True,True,True,False,True,False,False,False,True,True,False,False,False,False,False,2026-11-11,False,False,4,"LoD>60% ATR, thin RVOL","EMA, near21",5,https://www.tradingview.com/chart/?symbol=NYSE:RDW&interval=D,False,False,False
CRCL,"Circle Internet Group, Inc.",NYSE,Packaged Software,93.0,90.54,92.26,88.61,79.03,84.9,90.04,86.07,91.59,89.59,95.39,90.33,6.15,7.13,6.63,17334506.9,15812089.2,1470524296.0,1401183014.0,0.73,-0.34,23725500173.517227,9.76,103,36.93,76,-4.85,293,13.95,2.48,0.8,0.53,0.76,40.3,0.23,14.23,True,True,True,True,True,True,True,False,False,True,False,True,False,True,False,False,2026-11-18,False,False,6,,"EMA, near21",9,https://www.tradingview.com/chart/?symbol=NYSE:CRCL&interval=D,False,False,False
IBRX,"ImmunityBio, Inc.",NASDAQ,Pharmaceuticals: Major,8.64,8.43,8.24,8.12,7.81,7.82,7.93,7.0,8.49,8.28,8.68,8.31,6.03,6.02,0.52,13366137.8,9625453.1,83163915.0,78120177.0,0.67,-1.51,9156985785.177288,12.35,84,11.63,156,17.23,225,13.74,1.75,4.83,0.72,0.7,63.4,0.172,16.54,True,True,True,True,False,True,True,True,False,True,False,False,False,False,False,False,2026-11-05,False,False,4,"LoD>60% ATR, thin RVOL","EMA, near21, ADR",8,https://www.tradingview.com/chart/?symbol=NASDAQ:IBRX&interval=D,False,False,False
VSH,"Vishay Intertechnology, Inc.",NYSE,Electronic Production Equipment,31.8,32.13,31.55,31.88,33.4,41.09,34.32,30.06,32.12,32.18,32.54,31.1,4.5,5.61,1.78,2983092.1,3505291.6333333333,111468274.0,111733508.0,0.92,-3.31,4877465389.19632,0.92,167,-44.66,433,84.56,75,13.61,-0.85,0.8,0.21,0.81,39.2,0.118,34.7,False,False,False,True,True,True,True,False,False,True,False,True,False,False,False,False,2026-11-11,False,True,4,"thin RVOL, large gap",near21,6,https://www.tradingview.com/chart/?symbol=NYSE:VSH&interval=D,False,False,False
IREN,IREN Limited,NASDAQ,Data Processing Services,46.15,45.03,43.11,42.89,41.02,47.23,45.46,45.6,45.5,44.03,47.32,45.14,5.73,6.39,2.95,35607978.4,42187668.56666667,1946960904.0,1809520511.0,0.84,-2.57,18161752887.387886,14.9,72,-1.07,213,24.75,199,12.86,1.96,7.06,0.75,0.74,34.1,0.338,13.44,False,True,True,True,False,True,True,False,False,True,False,True,False,True,False,False,2026-12-01,False,True,5,large gap,"EMA, near21",7,https://www.tradingview.com/chart/?symbol=NASDAQ:IREN&interval=D,False,False,False
FORM,"FormFactor, Inc.",NASDAQ,Semiconductors,129.04,115.99,110.06,113.19,111.56,121.4,117.71,106.05,119.19,114.89,129.86,124.36,4.38,5.76,7.44,1182889.2,1114706.2,143841688.0,126169322.0,0.77,-3.26,10080698260.115192,14.79,74,-7.97,255,30.99,185,12.61,2.72,17.24,2.14,0.74,62.9,0.38,11.9,True,True,True,True,False,False,True,False,False,False,False,False,False,True,False,False,2026-11-04,False,True,4,"LoD>60% ATR, large gap",EMA,6,https://www.tradingview.com/chart/?symbol=NASDAQ:FORM&interval=D,False,False,False
SEI,"Solaris Energy Infrastructure, Inc.",NYSE,Oilfield Services/Equipment,70.1,66.59,61.29,60.05,58.71,66.16,63.98,60.72,66.35,63.37,70.84,66.0,5.17,6.15,4.31,2894972.6,2705242.9,189637527.0,162445327.0,0.86,0.44,5619618424.732314,29.03,23,-9.17,266,17.42,223,12.42,3.15,14.38,1.73,1.12,95.1,0.475,11.25,True,True,True,True,False,False,False,False,False,False,True,False,False,False,False,False,2026-11-02,False,False,4,"LoD>60% ATR, thin RVOL",EMA,5,https://www.tradingview.com/chart/?symbol=NYSE:SEI&interval=D,True,False,False
GKOS,Glaukos Corporation,NYSE,Medical Specialties,154.88,162.85,170.95,175.66,171.25,152.42,139.81,133.49,162.5,167.92,156.65,152.75,4.66,4.3,6.66,865675.5,723140.0666666667,111999934.0,127026061.0,0.95,0.14,9135432382.403023,-16.83,357,8.63,164,45.1,146,12.3,-2.22,-9.4,1.81,0.59,32.0,0.22,24.38,False,False,False,True,False,False,True,True,False,True,False,True,False,False,False,False,2026-11-04,False,False,5,thin RVOL,ADR,5,https://www.tradingview.com/chart/?symbol=NYSE:GKOS&interval=D,False,False,False
ROIV,Roivant Sciences Ltd.,NASDAQ,Pharmaceuticals: Major,36.13,39.08,38.0,37.54,36.39,33.81,31.97,29.73,38.23,38.0,36.75,35.9,4.09,4.02,1.45,9495320.2,9011618.966666667,325589793.0,338305188.0,0.59,-0.49,26097529703.47203,-1.87,188,6.09,177,32.54,181,12.25,-0.18,-4.92,1.23,0.58,15.5,0.28,25.89,False,False,False,True,False,True,True,True,False,True,False,True,False,True,False,False,2026-11-16,False,False,6,,"near21, ADR",6,https://www.tradingview.com/chart/?symbol=NASDAQ:ROIV&interval=D,False,False,False
TARS,"Tarsus Pharmaceuticals, Inc.",NASDAQ,Pharmaceuticals: Major,75.96,77.7,78.84,76.3,70.24,66.24,67.14,68.69,77.44,76.89,77.91,74.44,4.52,4.16,3.16,593005.2,716167.8666666667,54400111.0,54646712.0,1.04,1.4,3554296589.273926,4.7,127,17.51,132,13.36,239,11.86,1.96,-3.66,0.29,1.1,48.1,0.24,16.6,False,False,False,True,False,True,False,False,False,True,True,True,False,False,False,False,2026-11-10,False,False,5,thin RVOL,near21,4,https://www.tradingview.com/chart/?symbol=NASDAQ:TARS&interval=D,False,False,False
GLXY,Galaxy Digital Inc.,NASDAQ,Investment Banks/Brokers,25.19,24.43,24.7,24.01,23.06,26.09,24.8,25.01,24.98,24.47,26.09,24.8,5.95,6.94,1.75,5194630.8,5582791.4,140630515.0,134027934.0,0.68,-3.08,9846496448.534704,10.24,100,-8.43,259,33.28,178,11.7,1.33,1.98,0.42,0.74,22.2,0.24,12.04,False,True,True,True,True,True,True,False,False,True,False,True,False,False,False,False,2026-10-27,False,True,4,"thin RVOL, large gap","EMA, near21",8,https://www.tradingview.com/chart/?symbol=NASDAQ:GLXY&interval=D,False,False,False
WDC,Western Digital Corporation,NASDAQ,Computer Peripherals,450.31,440.51,450.3,459.33,474.14,513.75,448.19,391.83,450.22,453.97,468.0,449.21,5.17,6.36,28.63,7688061.3,6742991.799999995,3036436637.0,3097231452.0,0.97,-1.68,162355184355.74585,0.8,168,-29.98,389,63.81,107,11.54,-0.79,0.0,0.13,0.66,3.8,0.168,27.07,False,False,False,True,True,True,True,False,False,True,False,True,False,True,False,False,2026-10-22,False,False,6,,near21,6,https://www.tradingview.com/chart/?symbol=NASDAQ:WDC&interval=D,False,False,False
W,Wayfair Inc.,NYSE,Specialty Stores,97.67,102.47,100.76,101.57,98.75,87.72,83.58,88.12,101.63,101.24,100.31,95.85,4.41,5.09,4.97,2591382.1,2326420.7666666666,227221516.0,236287578.0,0.97,-0.6,13377680158.733366,-7.03,247,4.63,188,36.37,165,11.33,-0.21,-3.06,0.69,0.9,36.6,0.142,19.34,False,False,False,True,False,True,True,False,False,True,False,True,False,True,False,False,2026-10-29,False,False,6,,near21,5,https://www.tradingview.com/chart/?symbol=NYSE:W&interval=D,False,False,False
BTDR,Bitdeer Technologies Group,NASDAQ,Data Processing Services,12.15,12.05,11.74,11.18,11.02,13.26,12.01,12.01,12.17,11.79,12.74,11.8,6.33,7.73,0.94,9705044.2,12384155.9,150467494.0,138479631.0,0.73,-0.41,3302154404.122664,13.55,78,-24.06,361,44.47,148,11.32,1.33,3.46,0.4,1.0,37.3,0.294,18.42,False,True,False,True,False,True,False,False,False,True,True,True,False,False,False,False,2026-11-16,False,False,5,thin RVOL,near21,5,https://www.tradingview.com/chart/?symbol=NASDAQ:BTDR&interval=D,False,False,False
KOS,Kosmos Energy Ltd.,NYSE,Integrated Oil,2.79,2.81,2.84,2.81,2.68,2.67,2.66,2.3,2.76,2.78,2.85,2.68,4.97,5.57,0.16,13965229.7,12219526.833333334,34092480.0,34345017.0,0.86,1.89,1661410491.3849058,1.64,159,31.6,85,-4.45,290,9.6,0.77,-1.66,0.05,1.06,67.6,0.176,19.31,False,False,False,True,True,True,False,False,False,True,True,False,False,False,False,False,2026-11-09,False,False,4,"LoD>60% ATR, thin RVOL",near21,4,https://www.tradingview.com/chart/?symbol=NYSE:KOS&interval=D,False,False,False
VOYG,"Voyager Technologies, Inc.",NYSE,Information Technology Services,31.1,34.67,34.22,35.92,33.74,35.17,32.65,31.74,34.28,34.66,31.89,30.6,7.16,8.31,2.59,3408537.2,1960364.6666666667,60967341.0,70419566.0,2.86,-0.16,1898003697.659236,-13.54,318,7.8,168,33.88,174,9.38,-0.94,-9.11,1.24,0.5,19.3,0.203,11.04,False,False,False,False,False,True,True,True,False,True,False,True,True,True,True,False,2026-11-09,False,False,5,below 200-MA,"near21, ADR, RVOL",5,https://www.tradingview.com/chart/?symbol=NYSE:VOYG&interval=D,False,False,False
CDE,"Coeur Mining, Inc.",NYSE,Precious Metals,18.94,19.74,20.4,20.33,18.56,17.98,18.81,19.23,19.76,19.88,19.24,18.74,4.39,5.45,1.03,37945362.8,36243306.666666664,686448228.0,736935154.0,1.45,-1.19,19469089701.910973,-7.47,251,18.23,128,17.38,224,9.38,0.38,-7.15,0.86,0.48,19.4,0.17,12.8,False,False,False,False,False,True,True,True,False,True,False,True,False,True,True,False,2026-11-11,False,False,5,below 200-MA,"near21, ADR, RVOL",5,https://www.tradingview.com/chart/?symbol=NYSE:CDE&interval=D,False,False,False
BHVN,Biohaven Ltd.,NYSE,Pharmaceuticals: Major,13.19,13.32,14.27,14.32,14.31,13.23,12.12,11.98,13.73,13.97,13.63,12.76,7.55,8.35,1.1,3360859.4,3465303.533333333,45707354.0,49606975.0,0.78,-1.76,1992267435.428676,-5.52,235,-16.04,317,49.04,137,9.16,-0.94,-7.58,0.67,0.79,39.0,0.364,17.69,False,False,False,True,False,True,True,False,False,True,False,True,False,False,False,False,2026-11-17,False,False,5,thin RVOL,near21,5,https://www.tradingview.com/chart/?symbol=NYSE:BHVN&interval=D,False,False,False
HIMS,"Hims & Hers Health, Inc.",NYSE,Medical/Nursing Services,29.28,28.55,28.59,29.14,29.72,29.65,27.12,27.81,28.79,28.92,29.65,27.31,4.96,6.2,1.81,10590133.5,10883237.5,318661194.0,317083125.0,1.73,-1.37,6831416616.02536,-6.42,239,-8.5,260,42.27,155,9.12,-0.24,2.42,0.2,1.29,108.5,0.144,8.87,False,False,False,True,True,True,False,False,False,True,True,False,True,True,True,False,2026-11-09,False,False,5,LoD>60% ATR,"near21, RVOL",4,https://www.tradingview.com/chart/?symbol=NYSE:HIMS&interval=D,False,False,False
WAY,Waystar Holding Corp.,NASDAQ,Packaged Software,24.64,25.45,25.3,25.11,24.23,22.17,22.95,24.58,25.26,25.1,25.42,24.35,4.34,4.6,1.13,2509189.3,2155381.6,53108603.0,54120195.0,0.45,0.0,4724681318.384492,-2.65,199,29.01,92,0.49,275,8.95,0.37,-2.61,0.4,0.94,25.6,0.16,13.32,False,False,False,True,True,True,True,False,False,True,False,True,False,False,False,False,2026-11-11,False,False,5,thin RVOL,near21,6,https://www.tradingview.com/chart/?symbol=NASDAQ:WAY&interval=D,False,False,False
JHX,James Hardie Industries plc.,NYSE,Construction Materials,26.1,26.94,28.14,28.86,28.26,25.7,24.14,23.74,27.05,27.76,26.81,25.67,4.17,3.97,1.04,18924238.6,10633926.433333334,277545480.0,306891572.0,0.65,-0.63,15151638038.34637,-15.2,336,0.81,201,40.78,156,8.79,-1.93,-7.25,1.51,1.1,41.5,0.205,17.34,False,False,False,True,False,False,False,False,False,False,True,True,False,True,False,False,2026-11-09,False,False,6,,,3,https://www.tradingview.com/chart/?symbol=NYSE:JHX&interval=D,False,False,False
DIOD,Diodes Incorporated,NASDAQ,Semiconductors,94.74,92.51,91.32,92.87,91.91,98.53,91.49,82.78,93.0,92.53,95.17,91.85,4.23,5.02,4.75,591858.1,666191.9666666667,63115027.0,61866472.0,0.89,-1.9,4362938572.81583,2.67,145,-13.14,295,35.34,168,8.29,0.61,3.75,0.48,0.7,60.8,0.101,16.62,False,True,True,True,False,True,True,False,False,True,False,False,False,False,False,False,2026-11-05,False,False,4,"LoD>60% ATR, thin RVOL","EMA, near21",6,https://www.tradingview.com/chart/?symbol=NASDAQ:DIOD&interval=D,False,False,False
WYFI,"WhiteFiber, Inc.",NASDAQ,Data Processing Services,20.26,18.7,18.73,20.47,22.4,26.34,22.65,21.54,19.21,19.72,20.35,18.56,5.84,8.6,1.74,1288752.6,2468364.966666667,50009074.0,50538127.0,1.4,-0.58,787062835.6902888,-3.06,203,-43.33,429,71.26,99,8.29,-1.11,8.16,0.32,1.03,97.6,0.231,37.7,False,False,False,False,False,True,False,False,False,True,True,False,False,False,True,False,2026-11-12,False,False,3,"LoD>60% ATR, thin RVOL, below 200-MA","near21, RVOL",2,https://www.tradingview.com/chart/?symbol=NASDAQ:WYFI&interval=D,False,False,False
SEZL,Sezzle Inc.,NASDAQ,Packaged Software,109.78,114.97,117.68,119.1,134.51,134.0,112.98,101.91,113.74,118.21,110.49,104.87,4.64,5.94,6.52,554678.0,506112.5,55561030.0,60275468.0,1.42,-1.67,3696843070.339788,-9.26,277,-31.79,402,65.48,105,8.14,-3.1,-6.71,1.2,0.86,75.3,0.163,29.69,False,False,False,True,False,True,True,False,False,True,False,False,False,False,True,False,2026-11-05,False,False,4,"LoD>60% ATR, thin RVOL","near21, RVOL",4,https://www.tradingview.com/chart/?symbol=NASDAQ:SEZL&interval=D,False,False,False
RBLX,Roblox Corporation,NYSE,Packaged Software,48.83,48.87,45.38,43.02,43.43,45.57,50.1,56.92,48.17,46.1,50.23,46.97,4.59,4.97,2.42,11681289.9,10677826.3,521398258.0,459331613.0,2.03,-0.02,34882978050.64951,25.56,30,6.3,176,-8.2,312,7.89,2.5,7.6,1.19,1.34,76.7,0.357,27.63,False,False,True,False,False,True,False,False,False,True,True,False,True,True,True,False,2026-11-11,False,False,4,"LoD>60% ATR, below 200-MA","EMA, near21, RVOL",3,https://www.tradingview.com/chart/?symbol=NYSE:RBLX&interval=D,False,False,False
CRML,Critical Metals Corp.,NASDAQ,Precious Metals,8.17,7.31,7.27,7.11,6.78,8.61,8.95,9.65,7.63,7.34,8.49,7.68,6.86,9.15,0.75,14772790.1,10081854.2,82368749.0,71655098.0,1.04,1.81,1200081039.876943,21.4,41,-10.61,280,11.46,245,7.41,2.23,12.36,1.23,1.09,66.2,0.413,35.04,False,True,True,False,False,True,False,False,False,True,True,False,False,False,False,False,2027-03-03,False,False,3,"LoD>60% ATR, thin RVOL, below 200-MA","EMA, near21",4,https://www.tradingview.com/chart/?symbol=NASDAQ:CRML&interval=D,False,False,False
ACHR,Archer Aviation Inc.,NYSE,Aerospace & Defense,5.71,5.5,5.6,5.83,5.57,5.62,5.76,6.3,5.57,5.61,5.74,5.47,4.48,5.32,0.3,26587996.8,27265180.1,155684178.0,159019619.0,1.1,-1.23,4396835949.0,-6.85,244,21.23,117,7.74,254,7.37,0.46,2.06,0.32,0.89,79.0,0.132,14.07,False,True,False,False,True,True,True,False,False,True,False,False,False,False,False,False,2026-11-05,False,False,3,"LoD>60% ATR, thin RVOL, below 200-MA",near21,5,https://www.tradingview.com/chart/?symbol=NYSE:ACHR&interval=D,False,False,False
PSKY,Paramount Skydance Corporation,NASDAQ,Cable/Satellite TV,10.18,10.46,10.6,10.53,9.76,9.98,10.17,10.69,10.33,10.37,10.3,9.96,5.32,5.17,0.53,31798877.4,17552065.8,178680030.0,184785223.0,0.49,0.2,11421409181.25502,-1.36,187,8.76,163,14.64,237,7.35,0.84,-3.97,0.36,0.63,41.4,0.142,9.16,False,False,False,False,False,True,True,True,False,True,False,True,False,True,False,False,2026-11-16,False,False,5,below 200-MA,"near21, ADR",5,https://www.tradingview.com/chart/?symbol=NASDAQ:PSKY&interval=D,False,False,False
KSS,Kohl's Corporation,NYSE,Department Stores,17.24,17.04,17.63,17.9,18.25,16.9,16.04,17.04,17.3,17.56,17.74,16.89,4.93,5.63,0.97,3743458.2,4455324.633333334,76809797.0,79772588.0,1.13,0.29,1954609964.612676,-4.49,226,-8.93,264,35.43,167,7.34,-0.98,-2.23,0.32,0.88,36.1,0.21,12.84,False,False,False,True,True,True,True,False,False,True,False,True,False,False,False,False,2026-11-12,False,False,5,thin RVOL,near21,6,https://www.tradingview.com/chart/?symbol=NYSE:KSS&interval=D,False,False,False
ARQT,"Arcutis Biotherapeutics, Inc.",NASDAQ,Pharmaceuticals: Major,26.27,25.6,24.77,25.04,25.88,24.87,24.53,25.31,25.81,25.4,26.68,25.19,5.29,5.12,1.35,4712743.3,2797826.8,73498910.0,70063645.0,0.47,-0.61,3301927768.4867325,5.04,124,-1.94,221,18.17,221,7.09,0.29,6.05,0.67,1.11,80.3,0.203,5.14,True,True,True,True,False,True,False,False,False,True,True,False,False,False,False,False,2026-10-29,False,False,4,"LoD>60% ATR, thin RVOL","EMA, near21",6,https://www.tradingview.com/chart/?symbol=NASDAQ:ARQT&interval=D,False,False,False
AXGN,"Axogen, Inc.",NASDAQ,Medical Specialties,43.32,44.3,46.32,47.3,45.56,43.97,40.59,38.61,44.63,45.56,43.95,42.55,5.1,5.26,2.28,1449813.0,1131998.9666666666,49038195.0,53541098.0,0.46,-0.32,2541649908.0,-12.8,313,-2.45,225,36.36,166,7.03,-0.94,-6.47,0.93,0.61,33.8,0.252,17.79,False,False,False,True,False,True,True,True,False,True,False,True,False,False,False,False,2026-11-10,False,False,5,thin RVOL,"near21, ADR",6,https://www.tradingview.com/chart/?symbol=NASDAQ:AXGN&interval=D,False,False,False
RMBS,"Rambus, Inc.",NASDAQ,Semiconductors,104.55,91.56,88.9,90.45,93.13,112.58,109.53,107.76,95.09,92.28,108.62,101.12,4.27,5.26,5.5,3598973.4,2451218.6666666665,256274912.0,221724167.0,0.67,-1.79,11339660544.734705,16.19,64,-11.54,285,16.08,231,6.91,2.33,17.61,2.53,1.36,62.4,0.33,22.66,False,True,True,False,False,False,False,False,False,False,True,False,False,True,False,False,2026-11-02,False,False,4,"LoD>60% ATR, below 200-MA",EMA,3,https://www.tradingview.com/chart/?symbol=NASDAQ:RMBS&interval=D,False,False,False
ACHC,"Acadia Healthcare Company, Inc.",NASDAQ,Medical/Nursing Services,27.8,28.31,28.31,28.53,29.98,28.18,26.96,23.76,28.36,28.54,28.65,27.31,4.65,5.0,1.39,1658094.3,1584661.0666666667,44053578.0,45215662.0,1.41,0.04,2588187613.553139,-3.74,214,6.8,173,16.76,227,6.61,-1.46,-1.79,0.52,0.96,35.3,0.089,22.37,False,False,False,True,True,True,True,False,True,True,False,True,False,False,True,False,2026-11-04,False,False,5,thin RVOL,"near21, BB, RVOL",7,https://www.tradingview.com/chart/?symbol=NASDAQ:ACHC&interval=D,False,False,False
WOLF,"Wolfspeed, Inc.",NYSE,Semiconductors,26.3,25.6,26.29,27.12,27.11,38.79,32.86,29.23,26.3,26.57,26.77,25.42,6.47,8.36,2.2,2300656.6000001146,3135144.033333355,82454288.0,85027196.0,0.73,-2.73,1392073925.2984524,2.37,149,-42.32,427,59.39,114,6.48,-0.36,0.05,0.12,0.62,40.0,0.23,50.12,False,False,False,False,True,True,True,False,False,True,False,True,False,False,False,False,2026-10-28,False,True,3,"thin RVOL, below 200-MA, large gap",near21,5,https://www.tradingview.com/chart/?symbol=NYSE:WOLF&interval=D,False,False,False
RDDT,"Reddit, Inc.",NYSE,Internet Software/Services,152.72,156.02,153.96,155.47,160.22,165.98,158.91,171.1,154.49,155.37,153.88,150.2,4.45,5.18,7.91,5295731.8,6609820.466666667,1009451782.0,1027617772.0,0.59,-0.32,29382795777.130676,-0.5,180,-2.49,226,22.14,208,6.38,-0.9,-0.81,0.33,0.47,31.9,0.116,11.22,False,False,False,False,True,True,True,True,False,True,False,True,False,True,False,False,2026-11-04,False,False,5,below 200-MA,"near21, ADR",6,https://www.tradingview.com/chart/?symbol=NYSE:RDDT&interval=D,False,False,False
ONTO,Onto Innovation Inc.,NYSE,Electronic Equipment/Instruments,279.73,265.45,267.25,281.3,280.53,287.94,269.37,249.27,271.5,272.9,281.04,272.26,4.1,5.76,16.11,943359.7,915788.9666666667,256173648.0,257614794.0,0.47,-2.18,13727538561.826431,-3.46,208,-15.49,313,38.02,160,6.35,-0.05,4.67,0.43,0.54,46.4,0.214,13.82,False,False,False,True,False,True,True,False,False,True,False,True,False,True,False,False,2026-10-29,False,True,5,large gap,near21,5,https://www.tradingview.com/chart/?symbol=NYSE:ONTO&interval=D,False,False,False
PATH,"UiPath, Inc.",NYSE,Packaged Software,12.6,13.59,15.1,15.48,14.45,12.71,12.12,12.84,13.63,14.34,13.15,12.5,6.59,6.64,0.84,51632093.9,62688843.86666667,789879433.0,970381510.0,0.92,-0.23,6566561689.555214,-23.91,417,27.14,98,15.6,233,6.28,-1.93,-16.57,1.83,0.78,11.9,0.564,23.69,False,False,False,False,False,False,True,False,False,False,False,True,False,False,False,False,2026-12-09,False,False,4,"thin RVOL, below 200-MA",,3,https://www.tradingview.com/chart/?symbol=NYSE:PATH&interval=D,False,False,False
POET,POET Technologies Inc.,NASDAQ,Electrical Products,7.75,7.74,7.71,7.98,7.89,9.82,8.88,8.32,7.82,7.85,7.82,7.55,5.18,6.34,0.49,8042786.0,8868388.366666634,68730010.0,70760871.0,0.84,-1.64,1341200232.275641,-2.94,201,-21.64,341,42.99,152,6.14,-0.28,0.56,0.2,0.55,40.7,0.193,27.21,False,False,False,False,True,True,True,True,False,True,False,True,False,False,False,False,2026-11-12,False,False,4,"thin RVOL, below 200-MA","near21, ADR",6,https://www.tradingview.com/chart/?symbol=NASDAQ:POET&interval=D,False,False,False
VKTX,"Viking Therapeutics, Inc.",NASDAQ,Pharmaceuticals: Major,36.75,33.07,33.2,33.44,33.89,33.45,33.48,33.31,34.7,33.82,37.22,35.11,5.66,7.52,2.76,10536447.3,4728844.866666666,173785049.0,158126267.0,3.66,-13.51,4286995659.705883,9.15,104,1.09,199,8.12,253,6.12,1.12,10.69,1.15,0.76,59.3,0.4,2.22,True,True,True,True,False,True,True,False,False,True,False,True,True,True,True,True,2026-10-28,False,True,5,large gap,"EMA, near21, RVOL",9,https://www.tradingview.com/chart/?symbol=NASDAQ:VKTX&interval=D,False,False,False
CIFR,Cipher Digital Inc.,NASDAQ,Data Processing Services,18.1,17.4,16.89,16.78,18.21,20.58,18.96,18.37,17.75,17.42,18.81,17.72,7.39,8.7,1.57,36784949.0,35483611.46666667,642253368.0,595332205.0,0.67,-2.64,7512056391.040872,15.8,66,-27.43,374,28.92,189,5.76,-0.07,7.19,0.45,0.69,24.1,0.322,20.4,False,False,True,False,False,True,True,False,False,True,False,True,False,False,False,False,2026-11-11,False,True,3,"thin RVOL, below 200-MA, large gap","EMA, near21",5,https://www.tradingview.com/chart/?symbol=NASDAQ:CIFR&interval=D,False,False,False
WRBY,Warby Parker Inc.,NYSE,Specialty Stores,26.27,24.08,24.25,24.97,25.46,25.96,25.08,25.2,24.16,24.49,26.95,23.0,5.69,5.97,1.57,3767711.9,2745572.9,72126200.0,68559701.0,2.67,-0.73,3247183463.9370446,-0.87,183,-3.67,233,21.56,211,5.68,0.53,8.32,1.22,2.52,208.6,0.151,7.17,True,True,False,True,False,True,False,False,False,True,True,False,True,True,True,False,2026-11-05,False,False,5,LoD>60% ATR,"near21, RVOL",5,https://www.tradingview.com/chart/?symbol=NYSE:WRBY&interval=D,False,False,False
FPS,"Forgent Power Solutions, Inc.",NYSE,Electrical Products,38.95,35.93,33.25,33.83,35.11,43.01,39.84,,36.68,35.2,39.64,38.21,5.51,6.43,2.51,15344230.0,8500339.166666666,331088211.0,287532473.0,0.52,-2.33,11857505762.434807,17.64,58,-30.45,393,29.62,188,5.6,1.7,17.15,1.66,0.57,29.5,0.464,25.06,False,True,True,False,False,False,True,True,False,True,False,True,False,True,False,False,2026-12-02,False,True,4,"below 200-MA, large gap","EMA, ADR",6,https://www.tradingview.com/chart/?symbol=NYSE:FPS&interval=D,False,False,False
GWRE,"Guidewire Software, Inc.",NYSE,Information Technology Services,151.0,148.25,164.27,170.56,164.47,148.25,147.23,152.78,151.93,158.36,154.99,150.01,4.42,5.42,8.18,1372442.6,1468152.4333333333,221691017.0,250408568.0,0.7,-0.15,12380892841.807838,-19.88,387,35.16,80,1.21,270,5.5,-1.51,-8.08,0.86,0.61,12.2,0.606,11.42,False,False,False,False,False,True,True,True,False,True,False,True,False,True,False,False,2026-12-03,False,False,5,below 200-MA,"near21, ADR",5,https://www.tradingview.com/chart/?symbol=NYSE:GWRE&interval=D,False,False,False
OCTV,Octave Intelligence plc,NASDAQ,Packaged Software,19.05,18.82,18.96,18.78,18.41,,,,19.0,18.84,19.53,18.86,4.06,4.55,0.87,4023690.5,2916696.7,55563072.0,54784800.0,0.47,-1.61,5113739644.987386,3.7,135,18.4,127,-6.39,299,5.24,0.77,0.5,0.24,0.77,21.9,0.16,2.88,False,True,True,False,True,True,True,False,False,True,False,True,False,False,False,True,2026-11-12,False,False,4,"thin RVOL, below 200-MA","EMA, near21",8,https://www.tradingview.com/chart/?symbol=NASDAQ:OCTV&interval=D,False,False,False
EPAM,"EPAM Systems, Inc.",NYSE,Information Technology Services,106.99,115.5,115.77,112.45,106.38,99.73,110.56,133.55,113.12,113.02,112.06,105.58,4.17,4.67,4.99,1154686.1,1171357.8,125323571.0,131713718.0,0.9,0.58,5519290751.256314,-2.38,194,37.96,73,-20.31,360,5.09,0.12,-7.58,1.14,1.3,28.2,0.135,31.61,False,False,False,False,False,True,False,False,False,True,True,True,False,False,False,False,2026-10-29,False,False,4,"thin RVOL, below 200-MA",near21,3,https://www.tradingview.com/chart/?symbol=NYSE:EPAM&interval=D,False,False,False
TSEM,Tower Semiconductor Ltd.,NASDAQ,Semiconductors,217.28,216.1,213.64,220.44,225.55,238.89,215.81,193.36,220.55,219.26,228.12,217.19,4.64,6.2,13.46,2482141.3,1693119.3,367880962.0,373238273.0,0.73,-1.88,24514603733.342125,-0.2,176,-13.14,296,28.34,191,5.0,-0.59,1.71,0.15,0.81,0.7,0.228,20.95,False,False,False,True,True,True,True,False,False,True,False,True,False,True,False,False,2026-11-16,False,False,6,,near21,6,https://www.tradingview.com/chart/?symbol=NASDAQ:TSEM&interval=D,False,False,False
SGRY,"Surgery Partners, Inc.",NASDAQ,Hospital/Nursing Management,14.2,14.08,14.08,14.15,14.75,14.75,14.31,14.59,14.21,14.22,14.52,13.98,5.58,5.79,0.82,2958505.2,2692961.066666667,38240047.0,38101808.0,0.66,-1.24,1859039326.5247252,3.27,140,-8.15,257,19.73,217,4.95,-0.65,0.87,0.03,0.65,26.8,0.148,4.77,False,False,False,False,True,True,True,True,False,True,False,True,False,False,False,True,2026-11-10,False,False,4,"thin RVOL, below 200-MA","near21, ADR",7,https://www.tradingview.com/chart/?symbol=NASDAQ:SGRY&interval=D,False,False,False
HUBS,"HubSpot, Inc.",NYSE,Packaged Software,221.56,227.94,237.54,236.58,231.54,216.52,225.25,251.56,226.48,230.9,233.49,219.2,5.78,6.4,14.18,2184603.4,1664219.0,368724362.0,393714274.0,0.43,1.31,11048355100.460823,-7.62,253,28.58,94,-7.48,309,4.49,-0.67,-6.73,0.63,1.01,16.6,0.254,15.82,False,False,False,False,False,True,False,False,False,True,True,True,False,True,False,False,2026-11-11,False,False,5,below 200-MA,near21,3,https://www.tradingview.com/chart/?symbol=NYSE:HUBS&interval=D,False,False,False
BRZE,"Braze, Inc.",NASDAQ,Internet Software/Services,24.67,25.07,28.13,28.8,27.46,25.07,23.65,24.53,25.71,26.85,26.3,24.47,5.51,6.26,1.54,2107865.4,2884885.5,71170125.0,83073163.0,0.59,-0.27,2802127902.308852,-19.62,386,23.35,110,9.3,250,4.35,-1.63,-12.29,1.3,1.19,13.0,0.581,18.14,False,False,False,True,False,True,False,False,False,True,True,True,False,False,False,False,2026-12-15,False,False,5,thin RVOL,near21,4,https://www.tradingview.com/chart/?symbol=NASDAQ:BRZE&interval=D,False,False,False
GENI,Genius Sports Limited,NYSE,Internet Software/Services,5.8,6.27,6.84,7.19,7.17,6.46,5.94,6.81,6.26,6.67,6.05,5.62,6.86,7.56,0.44,8004435.3,5819870.0,33755246.0,41848745.0,1.35,-1.47,1610236474.9019606,-27.32,438,6.81,172,33.33,177,4.28,-2.53,-15.24,1.72,0.98,41.0,0.409,21.19,False,False,False,False,False,False,True,False,False,False,False,True,False,False,True,False,2026-11-11,False,False,4,"thin RVOL, below 200-MA",RVOL,3,https://www.tradingview.com/chart/?symbol=NYSE:GENI&interval=D,False,False,False
HL,Hecla Mining Company,NYSE,Precious Metals,17.94,18.67,19.58,19.62,17.97,17.29,18.14,19.2,18.76,19.02,18.2,17.68,4.35,5.63,1.01,45159530.9,37125055.2,666023490.0,728257458.0,0.9,-1.15,12051525982.689655,-10.08,286,17.87,131,4.91,262,4.24,-0.03,-8.36,1.0,0.52,26.2,0.22,12.74,False,False,False,False,False,True,True,True,False,True,False,True,False,True,False,False,2026-11-11,False,False,5,below 200-MA,"near21, ADR",5,https://www.tradingview.com/chart/?symbol=NYSE:HL&interval=D,False,False,False
ATI,ATI Inc.,NYSE,Other Metals/Minerals,186.21,188.46,197.24,204.3,202.85,191.14,178.66,164.57,189.87,195.68,187.8,181.51,4.25,4.36,8.12,1768538.9,1817880.4666666666,338507522.0,371385102.0,0.63,-0.58,25356288225.650726,-12.97,314,-5.81,249,31.23,184,4.15,-1.88,-5.59,1.11,0.77,57.9,0.199,20.55,False,False,False,True,False,True,True,False,False,True,False,True,False,True,False,False,2026-11-03,False,False,6,,near21,5,https://www.tradingview.com/chart/?symbol=NYSE:ATI&interval=D,False,False,False
ETSY,"Etsy, Inc.",NYSE,Internet Retail,68.98,73.09,75.82,77.71,79.8,74.66,68.35,65.18,73.25,75.29,73.39,67.59,4.57,4.81,3.32,3628732.8,3131533.8666666667,216013206.0,243344190.0,1.41,-1.36,6331105097.216825,-20.71,397,-10.76,282,43.92,150,4.15,-2.82,-9.02,1.74,1.75,41.9,0.236,21.19,False,False,False,True,False,False,False,False,False,False,True,True,False,False,True,False,2026-11-04,False,False,5,thin RVOL,RVOL,3,https://www.tradingview.com/chart/?symbol=NYSE:ETSY&interval=D,False,False,False
SYNA,Synaptics Incorporated,NASDAQ,Semiconductors,96.82,95.48,95.71,97.55,102.59,115.66,103.18,98.0,95.84,96.86,96.98,94.91,4.35,4.62,4.48,585473.2,674809.6666666666,65335072.0,65824984.0,0.79,-1.25,3843019398.7292557,1.88,156,-23.29,354,33.77,175,4.12,-1.22,1.16,0.01,0.46,42.7,0.111,20.84,False,False,False,False,True,True,True,True,False,True,False,True,False,False,False,False,2026-11-05,False,False,4,"thin RVOL, below 200-MA","near21, ADR",6,https://www.tradingview.com/chart/?symbol=NASDAQ:SYNA&interval=D,False,False,False
PTRN,Pattern Group Inc. - Series A,NASDAQ,Advertising/Marketing Services,17.94,19.6,20.01,20.38,21.83,21.35,18.28,16.9,19.52,20.07,19.69,17.52,5.35,6.03,1.08,1964530.3,1604226.2666666666,28779819.0,32694666.0,1.25,-0.15,3182539792.8409095,-17.71,363,-16.17,318,45.97,143,4.03,-2.95,-10.35,1.76,2.0,38.8,0.155,27.46,False,False,False,True,False,False,False,False,False,False,True,True,False,False,True,False,2026-11-11,False,False,5,thin RVOL,RVOL,3,https://www.tradingview.com/chart/?symbol=NASDAQ:PTRN&interval=D,False,False,False
CRWV,"CoreWeave, Inc.",NASDAQ,Packaged Software,90.13,84.67,86.16,88.82,85.47,94.75,94.04,92.18,86.25,86.64,91.12,85.94,5.33,6.19,5.58,35643178.2,28261186.266666666,2547180718.0,2510262189.0,0.96,2.31,49709993331.72347,2.11,153,-5.31,242,14.95,236,3.92,0.88,4.61,0.65,0.93,75.2,0.225,11.19,False,True,False,False,False,True,True,False,False,True,False,False,False,True,False,False,2026-11-16,False,True,3,"LoD>60% ATR, below 200-MA, large gap",near21,4,https://www.tradingview.com/chart/?symbol=NASDAQ:CRWV&interval=D,False,False,False
RELY,"Remitly Global, Inc.",NASDAQ,Miscellaneous Commercial Services,21.16,21.61,23.59,24.35,24.11,22.92,21.13,19.3,21.83,22.91,21.26,20.11,4.93,5.25,1.11,4789026.5,3958795.2,83768106.0,96394684.0,0.99,-0.35,4479234648.394255,-20.39,394,-2.44,224,34.18,172,3.78,-2.33,-10.31,1.45,1.04,94.5,0.387,22.73,False,False,False,True,False,True,False,False,False,True,True,False,False,False,False,False,2026-11-04,False,False,4,"LoD>60% ATR, thin RVOL",near21,3,https://www.tradingview.com/chart/?symbol=NASDAQ:RELY&interval=D,False,False,False
FIGR,"Figure Technology Solutions, Inc.",NASDAQ,Finance/Rental/Leasing,32.66,34.6,35.44,35.74,32.81,32.77,32.95,36.83,34.82,34.9,34.51,31.96,7.49,7.87,2.57,4778387.9,4907777.466666667,160288012.0,175410510.0,1.14,-1.21,7328181157.685517,-16.47,354,23.25,111,4.3,266,3.69,-0.06,-7.84,0.81,0.99,27.2,0.192,12.43,False,False,False,False,False,True,True,False,False,True,False,True,False,False,False,False,2026-11-12,False,False,4,"thin RVOL, below 200-MA",near21,4,https://www.tradingview.com/chart/?symbol=NASDAQ:FIGR&interval=D,False,False,False
GOLD,"Gold.com, Inc.",NYSE,Investment Banks/Brokers,43.48,45.79,45.58,45.41,43.73,42.73,44.32,44.02,45.01,45.21,44.03,42.91,5.16,5.24,2.28,664960.4,674305.5333333333,29318805.0,30619090.0,0.49,-0.55,1267648801.0,-4.71,229,5.41,184,10.24,248,3.65,-0.11,-4.61,0.73,0.49,25.0,0.17,7.03,False,False,False,False,False,True,True,True,False,True,False,True,False,False,False,False,2026-11-10,False,False,4,"thin RVOL, below 200-MA","near21, ADR",5,https://www.tradingview.com/chart/?symbol=NYSE:GOLD&interval=D,False,False,False
LAD,"Lithia Motors, Inc.",NYSE,Specialty Stores,309.6,328.65,350.27,357.04,359.68,326.77,307.16,313.24,326.38,341.64,312.22,302.18,4.06,3.89,12.03,366573.0,246333.73333333334,76264924.0,87950668.0,1.12,0.39,6805972516.638657,-15.86,346,5.07,185,21.02,212,3.41,-3.58,-11.61,2.41,0.83,61.7,0.296,16.96,False,False,False,False,False,False,True,False,False,False,False,False,False,False,False,False,2026-10-28,False,False,3,"LoD>60% ATR, thin RVOL, below 200-MA",,2,https://www.tradingview.com/chart/?symbol=NYSE:LAD&interval=D,False,False,False
RXO,"RXO, Inc.",NYSE,Packaged Software,19.93,19.73,20.14,20.91,22.13,23.56,20.95,19.38,19.9,20.34,20.45,19.56,4.91,5.46,1.09,1847163.6,1595263.3,31793598.0,33351106.0,0.57,2.87,3286977676.2625756,-8.24,264,-25.27,364,42.77,153,3.08,-1.82,-1.05,0.37,0.82,34.0,0.158,20.99,False,False,False,True,True,True,True,False,False,True,False,True,False,False,False,False,2026-11-05,False,True,4,"thin RVOL, large gap",near21,6,https://www.tradingview.com/chart/?symbol=NYSE:RXO&interval=D,False,False,False
NAVN,"Navan, Inc.",NASDAQ,Packaged Software,19.43,21.24,24.15,25.83,26.16,23.79,19.87,18.39,21.53,23.41,19.92,19.1,6.01,7.1,1.38,5320575.6,3968262.4,77103338.0,102488313.0,0.45,0.1,5064147556.468464,-33.98,447,-9.71,273,51.8,130,2.7,-3.63,-19.55,2.4,0.59,23.9,0.582,39.99,False,False,False,True,False,False,True,True,False,True,False,True,False,False,False,False,2026-12-15,False,False,5,thin RVOL,ADR,5,https://www.tradingview.com/chart/?symbol=NASDAQ:NAVN&interval=D,False,False,False
EXK,Endeavour Silver Corporation,NYSE,Precious Metals,9.16,9.85,10.4,10.47,9.64,9.29,9.63,9.95,9.91,10.11,9.34,8.97,5.24,6.7,0.61,7942850.7,8879944.466666667,81340291.0,92981899.0,0.97,-0.65,2712683386.9639845,-12.26,306,12.67,149,7.64,255,2.68,-0.75,-11.94,1.4,0.6,31.0,0.261,12.09,False,False,False,False,False,True,True,False,False,True,False,True,False,False,False,False,2026-11-10,False,False,4,"thin RVOL, below 200-MA",near21,4,https://www.tradingview.com/chart/?symbol=NYSE:EXK&interval=D,False,False,False
RKLB,Rocket Lab Corporation,NASDAQ,Aerospace & Defense,73.61,67.09,65.57,68.52,69.35,88.16,82.93,80.98,68.53,67.98,75.46,68.92,4.9,5.53,4.07,21483991.3,18200878.833333332,1339766691.0,1247184887.0,1.21,-0.76,44052622716.256294,5.28,123,-9.25,268,11.51,244,2.51,1.11,12.26,1.5,1.61,115.2,0.204,30.69,False,True,True,False,False,True,False,False,False,True,True,False,False,True,True,False,2026-11-16,False,False,4,"LoD>60% ATR, below 200-MA","EMA, near21, RVOL",4,https://www.tradingview.com/chart/?symbol=NASDAQ:RKLB&interval=D,False,False,False
TTMI,"TTM Technologies, Inc.",NASDAQ,Electronic Components,126.98,120.32,120.67,121.38,124.55,149.96,136.75,123.73,122.46,122.07,128.88,119.44,5.19,6.32,8.02,1911653.6,2153183.1,273411190.0,261346187.0,0.97,-3.56,13377199394.117628,12.37,83,-38.36,421,33.14,179,2.39,0.31,5.23,0.64,1.18,94.1,0.18,23.34,False,True,True,True,False,True,False,False,False,True,True,False,False,True,False,False,2026-11-04,False,True,4,"LoD>60% ATR, large gap","EMA, near21",5,https://www.tradingview.com/chart/?symbol=NASDAQ:TTMI&interval=D,False,False,False
PBLS,"Parabilis Medicines, Inc.",NASDAQ,Pharmaceuticals: Major,32.47,36.91,38.11,38.29,36.12,,,,36.56,37.25,33.72,31.06,9.34,9.22,2.99,1729511.8,853149.0666666667,27701750.0,32665087.0,0.69,0.03,4011124597.769138,-15.71,341,24.64,106,-2.64,286,2.1,-1.1,-14.79,1.39,0.89,47.1,0.254,6.1,False,False,False,False,False,True,True,False,False,True,False,True,False,False,False,False,2026-12-02,False,False,4,"thin RVOL, below 200-MA",near21,4,https://www.tradingview.com/chart/?symbol=NASDAQ:PBLS&interval=D,False,False,False
M,Macy's Inc,NYSE,Department Stores,22.31,22.16,22.12,22.45,23.31,22.72,21.44,21.6,22.2,22.36,22.58,22.14,4.21,3.83,0.86,6858456.1,6372354.1,142167220.0,143069970.0,0.63,0.76,5826850683.313399,-3.59,211,-12.61,292,22.18,207,1.99,-1.12,0.85,0.05,0.53,20.5,0.095,8.39,False,False,False,True,True,True,True,True,True,True,False,True,False,False,False,False,2026-11-12,False,False,5,thin RVOL,"near21, ADR, BB",8,https://www.tradingview.com/chart/?symbol=NYSE:M&interval=D,False,False,False
RGTI,"Rigetti Computing, Inc.",NASDAQ,Computer Processing Hardware,16.5,15.77,15.59,16.2,16.0,18.04,17.46,18.65,15.97,15.94,16.6,15.6,5.4,6.05,1.0,16900542.7,16929921.6,279343706.0,274213940.0,1.15,-2.09,5507183884.536082,-1.9,190,-7.98,256,15.79,232,1.97,0.52,5.82,0.58,1.0,90.1,0.144,18.5,False,True,True,False,False,True,False,False,False,True,True,False,False,False,False,False,2026-11-16,False,True,2,"LoD>60% ATR, thin RVOL, below 200-MA, large gap","EMA, near21",4,https://www.tradingview.com/chart/?symbol=NASDAQ:RGTI&interval=D,False,False,False
SPCX,Space Exploration Technologies Corp,NASDAQ,Specialty Telecommunications,148.03,150.42,148.01,145.14,135.57,,,,149.87,147.27,149.0,145.88,4.28,4.67,6.92,102307410.3,88785130.73333333,13142862902.0,12886155494.0,0.68,-0.11,2008925394347.9163,8.1,109,-1.72,218,-1.31,281,1.69,1.97,0.02,0.11,0.45,31.1,0.121,10.03,False,False,False,False,True,True,True,True,False,True,False,True,False,True,False,False,2026-11-05,False,False,5,below 200-MA,"near21, ADR",6,https://www.tradingview.com/chart/?symbol=NASDAQ:SPCX&interval=D,False,False,False
AVAV,"AeroVironment, Inc.",NASDAQ,Aerospace & Defense,158.55,156.84,151.75,156.93,158.62,163.72,178.36,204.58,156.4,155.85,160.29,151.5,5.73,5.81,9.21,2040372.9,1922016.9666666666,304735790.0,301616677.0,0.32,-1.87,8057622364.242978,4.97,125,16.82,134,-17.48,345,1.44,-0.01,4.48,0.3,0.95,76.5,0.166,33.32,False,False,True,False,False,True,True,False,False,True,False,False,False,False,False,False,2026-12-08,False,False,3,"LoD>60% ATR, thin RVOL, below 200-MA","EMA, near21",4,https://www.tradingview.com/chart/?symbol=NASDAQ:AVAV&interval=D,False,False,False
AGCO,AGCO Corporation,NYSE,Trucks/Construction/Farm Machinery,116.21,120.69,121.69,115.86,113.58,114.36,116.55,116.16,120.3,119.12,121.05,115.16,4.01,3.84,4.46,1115720.1,1186277.5666666667,137857316.0,137441723.0,0.95,-0.52,8138386553.09492,4.48,128,-1.17,214,0.85,273,1.39,0.6,-4.5,0.64,1.32,23.5,0.161,6.98,False,False,False,True,False,True,False,False,False,True,True,True,False,False,False,False,2026-11-03,False,False,5,thin RVOL,near21,4,https://www.tradingview.com/chart/?symbol=NYSE:AGCO&interval=D,False,False,False
FIG,FIGMA INC,NYSE,Packaged Software,21.34,22.73,24.17,24.97,24.53,22.76,22.86,25.05,22.58,23.53,22.0,21.12,5.5,6.61,1.41,13897143.4,14772963.733333332,315255046.0,368866131.0,0.74,-0.64,11374425345.522978,-21.54,405,26.2,100,-1.25,280,1.13,-1.97,-11.7,1.41,0.62,15.6,0.415,10.91,False,False,False,False,False,True,True,True,False,True,False,True,False,True,False,False,2026-11-11,False,False,5,below 200-MA,"near21, ADR",5,https://www.tradingview.com/chart/?symbol=NYSE:FIG&interval=D,False,False,False
MOS,Mosaic Company (The),NYSE,Chemicals: Agricultural,23.69,24.72,24.94,24.23,23.6,22.88,23.89,24.57,24.58,24.54,24.42,23.18,4.4,4.6,1.09,8490479.0,8323226.966666667,197177247.0,201677338.0,1.1,-0.29,7530948454.476405,-0.34,178,8.97,162,-5.24,295,1.13,0.09,-5.0,0.75,1.14,46.8,0.132,8.67,False,False,False,False,False,True,False,False,False,True,True,True,False,False,False,False,2026-11-10,False,False,4,"thin RVOL, below 200-MA",near21,3,https://www.tradingview.com/chart/?symbol=NYSE:MOS&interval=D,False,False,False
FIVE,"Five Below, Inc.",NASDAQ,Discount Stores,222.38,235.71,240.78,242.9,232.24,217.29,220.19,213.45,233.95,237.26,230.98,221.61,4.69,4.56,10.14,1220881.8,1229417.6666666667,273397901.0,298626371.0,0.81,0.69,12242916541.560793,-13.24,317,17.93,129,-1.47,282,1.07,-0.93,-7.64,1.38,0.92,7.6,0.131,12.29,False,False,False,True,False,True,True,False,False,True,False,True,False,True,False,False,2026-12-02,False,False,6,,near21,5,https://www.tradingview.com/chart/?symbol=NASDAQ:FIVE&interval=D,False,False,False
CCXI,Churchill Capital Corp. XI Class A,NASDAQ,Financial Conglomerates,12.23,12.51,13.0,13.76,14.24,13.05,,,12.75,13.15,12.49,12.05,5.72,6.78,0.83,2581910.6,2340489.2333333334,28624183.0,32198110.0,0.86,-2.67,681211032.6902516,-14.48,329,-3.85,235,20.97,213,0.88,-2.08,-5.92,1.03,0.53,21.7,0.212,14.11,False,False,False,False,False,True,True,True,False,True,False,True,False,False,False,False,,False,True,3,"thin RVOL, below 200-MA, large gap","near21, ADR",5,https://www.tradingview.com/chart/?symbol=NASDAQ:CCXI&interval=D,False,False,False
MBLY,Mobileye Global Inc.,NASDAQ,Packaged Software,7.69,7.92,8.17,8.41,8.43,8.95,8.61,9.02,7.91,8.13,7.87,7.56,4.3,4.57,0.35,6687704.0,4534894.1,34873336.0,38132413.0,1.43,-0.26,6537942650.063074,-11.0,296,0.13,203,13.25,240,0.8,-1.93,-5.92,1.18,0.88,37.0,0.154,14.34,False,False,False,False,False,True,True,False,False,True,False,True,False,False,True,False,2026-10-22,False,False,4,"thin RVOL, below 200-MA","near21, RVOL",4,https://www.tradingview.com/chart/?symbol=NASDAQ:MBLY&interval=D,False,False,False
AG,First Majestic Silver Corp.,NYSE,Precious Metals,18.76,19.21,20.03,20.1,18.76,18.78,20.15,20.1,19.44,19.61,18.9,18.38,4.36,5.58,1.05,9542312.1,9624449.6,180554674.0,193441813.0,0.91,-1.05,9246923828.71455,-7.68,256,12.13,154,-2.14,284,0.77,0.0,-6.36,0.78,0.49,36.3,0.199,7.43,False,False,False,False,False,True,True,True,False,True,False,True,False,False,False,False,2026-11-11,False,False,4,"thin RVOL, below 200-MA","near21, ADR",5,https://www.tradingview.com/chart/?symbol=NYSE:AG&interval=D,False,False,False
AGIO,"Agios Pharmaceuticals, Inc.",NASDAQ,Pharmaceuticals: Major,32.9,33.53,33.65,33.68,34.06,33.13,31.99,30.85,33.66,33.68,34.12,31.37,4.15,4.36,1.43,1072772.4,933023.4,30696470.0,31423295.0,1.67,-0.5,1964191819.0903776,0.15,171,-9.52,272,10.74,246,0.46,-0.78,-2.22,0.53,1.92,106.7,0.07,9.77,False,False,False,True,True,True,False,False,True,True,True,False,True,True,True,False,2026-10-29,False,False,5,LoD>60% ATR,"near21, BB, RVOL",5,https://www.tradingview.com/chart/?symbol=NASDAQ:AGIO&interval=D,False,False,False
PEGA,Pegasystems Inc.,NASDAQ,Information Technology Services,34.23,35.96,36.21,35.25,33.41,33.26,36.17,40.33,35.43,35.38,35.74,34.03,4.14,4.28,1.47,2323948.6,2193958.6666666665,75099205.0,77331192.0,0.8,-0.77,5627581067.788515,0.41,169,17.91,130,-17.12,344,0.4,0.58,-5.46,0.76,1.17,13.6,0.126,20.67,False,False,False,False,False,True,False,False,False,True,True,True,False,False,False,False,2026-10-28,False,False,4,"thin RVOL, below 200-MA",near21,3,https://www.tradingview.com/chart/?symbol=NASDAQ:PEGA&interval=D,False,False,False
SRPT,"Sarepta Therapeutics, Inc.",NASDAQ,Pharmaceuticals: Major,18.39,20.09,20.9,20.16,18.65,18.22,18.66,19.22,19.95,20.07,19.14,18.05,7.04,7.19,1.32,2819814.1,3019505.466666667,55528706.0,60881282.0,0.92,-0.55,1942481008.4311345,-0.16,175,16.47,135,-15.14,336,0.39,-0.19,-11.99,1.16,0.82,25.7,0.223,14.54,False,False,False,False,False,True,True,False,False,True,False,True,False,False,False,False,2026-11-04,False,False,4,"thin RVOL, below 200-MA",near21,4,https://www.tradingview.com/chart/?symbol=NASDAQ:SRPT&interval=D,False,False,False
TPG,TPG Inc.,NASDAQ,Investment Managers,43.63,46.3,49.12,50.34,48.35,45.28,44.14,48.45,46.35,47.88,45.15,42.56,4.02,4.11,1.79,2909944.0,2863207.433333333,124921740.0,144123841.0,1.82,-0.49,16776814556.521034,-17.43,360,9.05,161,9.49,249,0.37,-2.37,-11.18,2.16,1.45,59.9,0.273,11.4,False,False,False,False,False,False,False,False,False,False,True,True,True,True,True,False,2026-11-10,False,False,5,below 200-MA,RVOL,2,https://www.tradingview.com/chart/?symbol=NASDAQ:TPG&interval=D,False,False,False
GEN,Gen Digital Inc.,NASDAQ,Packaged Software,23.07,28.85,29.66,29.3,28.55,26.52,24.45,24.77,27.86,28.74,27.07,23.01,5.04,5.43,1.25,10842216.8,7239111.966666667,167006313.0,212110807.0,3.92,0.34,13809402682.801373,-20.45,395,-1.91,220,22.45,206,0.03,-3.53,-22.22,3.63,3.24,4.8,0.266,22.6,False,False,False,False,False,False,False,False,False,False,True,True,True,True,True,False,2026-11-10,False,False,5,below 200-MA,RVOL,2,https://www.tradingview.com/chart/?symbol=NASDAQ:GEN&interval=D,False,False,False
SHLS,"Shoals Technologies Group, Inc.",NASDAQ,Semiconductors,7.45,7.46,7.26,7.37,8.11,9.12,8.36,8.6,7.53,7.51,7.58,7.26,6.17,6.8,0.51,4503205.7,4637611.866666666,34550208.0,34193885.0,0.73,-2.08,1253834687.8923478,4.93,126,-22.07,345,16.95,226,-0.06,-1.2,2.56,0.11,0.64,37.5,0.207,24.91,False,False,False,False,True,True,True,True,False,True,False,True,False,False,False,False,2026-11-10,False,True,3,"thin RVOL, below 200-MA, large gap","near21, ADR",6,https://www.tradingview.com/chart/?symbol=NASDAQ:SHLS&interval=D,False,False,False
ATRO,Astronics Corporation,NASDAQ,Aerospace & Defense,69.15,68.51,71.74,75.42,74.03,73.14,68.89,65.49,69.38,71.44,70.18,67.51,4.54,5.09,3.52,802301.0999999996,669604.6999999996,46303165.0,50500359.0,0.32,-1.04,2974835896.41886,-10.36,289,-19.91,334,29.98,187,-0.1,-1.29,-3.61,0.63,0.76,46.6,0.216,12.34,False,False,False,True,False,True,True,False,False,True,False,True,False,False,False,False,2026-11-11,False,False,5,thin RVOL,near21,5,https://www.tradingview.com/chart/?symbol=NASDAQ:ATRO&interval=D,False,False,False
UCTT,"Ultra Clean Holdings, Inc.",NASDAQ,Industrial Machinery,76.52,71.42,70.91,73.65,79.4,88.39,80.96,70.23,73.15,73.4,77.66,74.24,4.57,6.35,4.86,742805.7,889581.2666666667,68070759.0,65514398.0,0.76,-2.86,3464598156.700219,1.11,165,-32.5,404,30.45,186,-0.31,-0.57,7.91,0.67,0.7,47.0,0.233,23.73,False,False,False,True,False,True,True,False,False,True,False,True,False,False,False,False,2026-10-28,False,True,4,"thin RVOL, large gap",near21,5,https://www.tradingview.com/chart/?symbol=NASDAQ:UCTT&interval=D,False,False,False
AKAM,"Akamai Technologies, Inc.",NASDAQ,Data Processing Services,110.41,109.84,108.63,110.46,113.37,123.66,117.07,110.99,111.39,110.62,118.0,110.31,5.08,5.17,5.71,4146913.3,3334689.4,368183057.0,368348680.0,1.83,-1.44,15867751653.62428,4.16,132,-1.86,219,-4.61,292,-0.77,-0.51,1.64,0.04,1.35,1.8,0.162,13.62,False,False,False,False,True,True,False,False,False,True,True,True,True,True,True,False,2026-11-10,False,False,5,below 200-MA,"near21, RVOL",4,https://www.tradingview.com/chart/?symbol=NASDAQ:AKAM&interval=D,False,False,False
PCOR,"Procore Technologies, Inc.",NYSE,Packaged Software,49.5,52.07,55.64,57.53,54.83,50.42,52.15,55.61,52.16,54.15,51.91,47.87,4.52,4.92,2.44,2591897.2,2792519.6,138229720.0,160646206.0,2.29,1.66,7521789410.076382,-19.09,383,28.44,95,-11.73,325,-0.8,-1.98,-11.03,1.74,1.66,66.9,0.328,10.55,False,False,False,False,False,False,False,False,False,False,True,False,True,True,True,False,2026-11-04,False,False,4,"LoD>60% ATR, below 200-MA",RVOL,1,https://www.tradingview.com/chart/?symbol=NYSE:PCOR&interval=D,False,False,False
CECO,CECO Environmental Corp.,NASDAQ,Industrial Machinery,72.86,71.93,72.76,73.47,73.24,79.43,73.6,71.63,72.64,72.85,74.14,70.5,5.08,5.7,4.15,849643.8,727536.8333333334,53008334.0,53449100.0,0.77,-1.79,4267397705.411216,-0.05,174,-22.56,347,20.01,216,-0.87,-0.09,0.14,0.0,0.87,56.7,0.173,10.71,False,False,False,True,True,True,True,False,False,True,False,True,False,False,False,False,2026-11-09,False,False,5,thin RVOL,near21,6,https://www.tradingview.com/chart/?symbol=NASDAQ:CECO&interval=D,False,False,False
ASO,"Academy Sports and Outdoors, Inc.",NASDAQ,Specialty Stores,48.13,50.29,47.85,47.31,47.79,49.0,51.62,52.59,49.01,48.51,49.06,47.79,4.57,4.28,2.06,2051252.9,2166364.6333333333,104267130.0,102483851.0,0.32,0.31,2963792144.1699443,7.99,110,-0.62,209,-10.04,317,-0.89,0.17,0.58,0.18,0.61,16.5,0.333,9.99,False,False,False,False,True,True,True,True,False,True,False,True,False,False,False,False,2026-12-03,False,False,4,"thin RVOL, below 200-MA","near21, ADR",6,https://www.tradingview.com/chart/?symbol=NASDAQ:ASO&interval=D,False,False,False
BRUN,Boost Run Inc.,NASDAQ,Packaged Software,16.72,16.14,16.85,17.94,19.08,24.28,20.2,18.14,16.64,17.2,17.1,15.8,7.69,9.87,1.65,2496547.4,2485826.7333333334,41563023.0,44586203.0,0.55,-2.67,1401890765.712901,-8.18,263,-49.61,441,54.81,123,-0.99,-1.25,-0.79,0.28,0.79,55.7,0.331,48.67,False,False,False,False,True,True,True,False,False,True,False,True,False,False,False,False,2026-12-02,False,True,3,"thin RVOL, below 200-MA, large gap",near21,5,https://www.tradingview.com/chart/?symbol=NASDAQ:BRUN&interval=D,False,False,False
RIVN,"Rivian Automotive, Inc.",NASDAQ,Motor Vehicles,15.29,15.39,15.69,15.77,16.01,15.9,15.84,16.25,15.37,15.6,15.58,14.8,4.11,4.48,0.69,23672891.3,21920710.0,335167656.0,345631141.0,1.18,-0.73,22137789556.346867,-9.2,276,4.98,186,0.72,274,-1.17,-1.0,-2.55,0.44,1.13,71.4,0.114,5.63,False,False,False,False,True,True,False,False,False,True,True,False,False,True,False,False,2026-11-10,False,False,4,"LoD>60% ATR, below 200-MA",near21,3,https://www.tradingview.com/chart/?symbol=NASDAQ:RIVN&interval=D,False,False,False
RYAN,"Ryan Specialty Holdings, Inc.",NYSE,Insurance Brokers/Services,36.74,38.9,40.32,41.14,41.89,38.35,37.58,40.56,38.75,39.92,37.16,35.9,4.25,4.44,1.63,2639497.0,1801882.8666666667,66201177.0,74122854.0,0.87,1.47,9398634848.990324,-16.44,351,0.85,200,12.01,242,-1.19,-2.77,-8.89,1.79,0.78,51.5,0.204,11.73,False,False,False,False,False,False,True,False,False,False,False,True,False,False,False,False,2026-10-29,False,False,4,"thin RVOL, below 200-MA",,3,https://www.tradingview.com/chart/?symbol=NYSE:RYAN&interval=D,False,False,False
CART,Maplebear Inc.,NASDAQ,Air Freight/Couriers,43.26,45.89,47.83,48.63,47.55,45.34,43.25,42.63,45.44,46.87,43.76,42.71,4.1,4.16,1.8,4850566.9,4006408.1333333333,173317216.0,194848989.0,0.81,0.0,10014692426.829609,-16.45,352,-8.35,258,20.94,214,-1.29,-2.17,-9.56,1.85,0.58,30.6,0.226,12.02,False,False,False,True,False,False,True,True,False,True,False,True,False,True,False,False,2026-11-17,False,False,6,,ADR,5,https://www.tradingview.com/chart/?symbol=NASDAQ:CART&interval=D,False,False,False
CBRS,Cerebras Systems Inc.,NASDAQ,Packaged Software,206.41,197.27,193.38,198.76,202.18,,,,200.81,198.94,208.65,197.04,5.45,6.61,13.64,5335908.7,7394115.033333333,1526219284.0,1469648142.0,0.59,-3.76,46204576821.98948,9.82,102,26.9,99,-41.03,430,-1.44,0.32,6.74,0.57,0.85,68.7,0.224,4.27,False,True,True,False,False,True,True,False,False,True,False,False,False,True,False,True,2026-12-02,False,True,3,"LoD>60% ATR, below 200-MA, large gap","EMA, near21",6,https://www.tradingview.com/chart/?symbol=NASDAQ:CBRS&interval=D,False,False,False
CF,"CF Industries Holdings, Inc.",NYSE,Chemicals: Agricultural,118.44,127.63,130.57,128.03,125.42,120.17,119.97,111.37,125.72,127.47,122.19,117.77,4.08,4.33,5.13,2639202.500000006,2620792.300000016,310406640.0,335529555.0,0.73,1.09,17924486783.768234,-6.33,237,12.79,147,-11.0,318,-1.51,-1.28,-9.29,1.64,0.86,13.1,0.188,16.21,False,False,False,True,False,False,True,False,False,False,False,True,False,True,False,False,2026-11-04,False,False,6,,,4,https://www.tradingview.com/chart/?symbol=NYSE:CF&interval=D,False,False,False
INSM,Insmed Incorporated,NASDAQ,Pharmaceuticals: Major,121.55,122.29,123.34,124.25,119.03,113.31,124.64,135.51,121.87,122.52,121.69,118.38,4.17,4.06,4.93,2151761.8,1959182.3,238138609.0,243418605.0,1.02,0.78,26544270533.086445,-2.49,196,15.64,137,-17.86,348,-1.57,0.52,-1.45,0.19,0.67,64.4,0.106,18.26,False,False,False,False,True,True,True,True,False,True,False,False,False,True,False,False,2026-10-22,False,False,4,"LoD>60% ATR, below 200-MA","near21, ADR",5,https://www.tradingview.com/chart/?symbol=NASDAQ:INSM&interval=D,False,False,False
KD,"Kyndryl Holdings, Inc.",NYSE,Data Processing Services,11.74,12.59,12.85,12.83,12.93,12.42,12.61,15.35,12.39,12.66,12.23,11.52,4.88,5.18,0.61,3825404.6,3687040.8,43285859.0,47299817.0,0.82,0.25,2557186392.1767135,-7.92,260,9.72,160,-6.9,304,-1.7,-1.78,-8.64,1.4,1.18,37.0,0.161,25.02,False,False,False,False,False,True,False,False,False,True,True,True,False,False,False,False,2026-11-10,False,False,4,"thin RVOL, below 200-MA",near21,3,https://www.tradingview.com/chart/?symbol=NYSE:KD&interval=D,False,False,False
EXPE,"Expedia Group, Inc.",NASDAQ,Other Consumer Services,261.75,279.52,289.91,302.72,298.08,268.77,257.66,260.34,277.37,287.33,268.14,256.5,4.87,4.99,13.07,2747946.5,1980258.0,518332532.0,599467332.0,0.84,0.58,31414944906.549175,-22.33,409,4.65,187,12.19,241,-1.83,-2.44,-9.71,1.78,0.89,40.2,0.254,15.44,False,False,False,True,False,False,True,False,False,False,False,True,False,True,False,False,2026-10-29,False,False,6,,,4,https://www.tradingview.com/chart/?symbol=NASDAQ:EXPE&interval=D,False,False,False
QBTS,D-Wave Quantum Inc.,NASDAQ,Computer Processing Hardware,17.48,17.07,17.03,17.91,18.2,20.86,19.76,21.11,17.21,17.45,17.58,16.47,5.41,6.5,1.14,16565705.2,15891460.7,277782733.0,284536604.0,1.16,-1.55,6635873229.004166,-8.12,261,-17.93,326,20.47,215,-1.86,-0.61,2.63,0.02,0.98,88.9,0.113,23.35,False,False,False,False,True,True,True,False,False,True,False,False,False,False,False,False,2026-11-05,False,False,3,"LoD>60% ATR, thin RVOL, below 200-MA",near21,4,https://www.tradingview.com/chart/?symbol=NASDAQ:QBTS&interval=D,False,False,False
COHR,Coherent Corp.,NYSE,Semiconductors,290.61,296.94,290.37,294.77,296.39,332.03,314.22,285.61,298.58,296.64,300.89,290.2,6.14,7.17,20.84,7162512.2,6693162.8,1945100041.0,1972932443.0,0.69,-1.9,56910809837.9988,1.2,164,-26.02,368,19.2,218,-1.87,-0.27,0.08,0.28,0.51,2.0,0.23,15.97,False,False,False,True,True,True,True,True,False,True,False,True,False,True,False,False,2026-11-11,False,False,6,,"near21, ADR",7,https://www.tradingview.com/chart/?symbol=NYSE:COHR&interval=D,False,False,False
NVTS,Navitas Semiconductor Corporation,NASDAQ,Semiconductors,11.84,11.47,11.5,12.07,12.04,16.42,14.53,13.12,11.68,11.78,11.86,11.43,4.9,6.6,0.78,11424510.6,12019823.866666667,142314715.0,145055234.0,0.7,-3.17,3091346788.0,-9.62,282,-30.56,394,34.09,173,-2.03,-0.25,2.93,0.08,0.55,52.5,0.185,41.79,False,False,False,False,True,True,True,True,False,True,False,True,False,False,False,False,2026-11-09,False,True,3,"thin RVOL, below 200-MA, large gap","near21, ADR",6,https://www.tradingview.com/chart/?symbol=NASDAQ:NVTS&interval=D,False,False,False
GLOB,Globant S.A.,NYSE,Information Technology Services,34.83,37.02,37.98,38.29,37.07,36.41,39.62,45.84,36.33,37.2,35.05,33.26,4.69,5.48,1.91,1061555.1,1448729.9,50459262.0,55472834.0,0.86,0.99,1503943898.8806965,-10.42,291,25.6,104,-21.52,368,-2.11,-1.1,-8.29,1.16,0.94,82.2,0.221,27.06,False,False,False,False,False,True,True,False,False,True,False,False,False,False,False,False,2026-11-12,False,False,3,"LoD>60% ATR, thin RVOL, below 200-MA",near21,3,https://www.tradingview.com/chart/?symbol=NYSE:GLOB&interval=D,False,False,False
OWL,Blue Owl Capital Inc.,NYSE,Investment Managers,9.25,9.99,10.78,11.13,10.86,10.24,9.97,11.14,10.01,10.48,9.51,9.02,4.27,4.5,0.42,17883680.5,18526267.9,171367978.0,206135608.0,2.43,-2.71,14421603954.21875,-20.87,402,9.99,158,4.52,264,-2.12,-3.29,-14.18,2.61,1.18,55.2,0.339,12.65,False,False,False,False,False,False,False,False,False,False,True,True,True,True,True,False,2026-10-29,False,True,4,"below 200-MA, large gap",RVOL,2,https://www.tradingview.com/chart/?symbol=NYSE:OWL&interval=D,False,False,False
ON,ON Semiconductor Corporation,NASDAQ,Semiconductors,73.15,71.84,72.26,73.85,77.95,94.03,86.2,79.77,72.22,73.17,73.3,71.79,4.43,4.77,3.49,13610795.1,9453651.266666668,691534590.0,698111180.0,0.78,-2.16,28478150747.397438,0.03,172,-25.58,366,19.16,219,-2.13,-1.29,1.23,0.01,0.43,39.0,0.123,30.33,False,False,False,False,True,True,True,True,False,True,False,True,False,True,False,False,2026-11-02,False,True,4,"below 200-MA, large gap","near21, ADR",6,https://www.tradingview.com/chart/?symbol=NASDAQ:ON&interval=D,False,False,False
CVNA,Carvana Co.,NYSE,Specialty Stores,64.18,66.4,69.92,70.55,68.99,68.86,68.46,72.8,66.54,68.37,64.53,62.44,4.46,4.92,3.16,7624971.1,7677246.333333333,492725670.0,541668115.0,0.92,-0.47,70627767389.5284,-11.96,303,-2.02,222,7.42,257,-2.19,-1.42,-8.21,1.25,0.66,55.0,0.224,9.98,False,False,False,False,False,True,True,True,False,True,False,True,False,True,False,False,2026-10-29,False,False,5,below 200-MA,"near21, ADR",5,https://www.tradingview.com/chart/?symbol=NYSE:CVNA&interval=D,False,False,False
VG,"Venture Global, Inc.",NYSE,Oil & Gas Pipelines,13.23,14.25,14.5,14.35,14.02,13.19,13.13,11.86,13.92,14.17,13.7,13.0,4.92,5.28,0.7,16586484.0,14420268.533333333,190780153.0,206983728.0,1.02,1.36,33076229696.097973,-5.3,233,22.73,115,-24.03,379,-2.2,-1.06,-8.78,1.25,1.0,32.9,0.211,20.01,False,False,False,True,False,True,False,False,False,True,True,True,False,True,False,False,2026-11-16,False,False,6,,near21,4,https://www.tradingview.com/chart/?symbol=NYSE:VG&interval=D,False,False,False
HRI,Herc Holdings Inc.,NYSE,Finance/Rental/Leasing,130.94,139.0,142.01,149.48,153.11,146.48,136.24,141.87,139.0,143.29,135.78,128.45,5.24,5.68,7.43,1190959.5,689819.3666666667,90324948.0,103113049.0,0.74,-1.5,4377513412.736865,-20.33,392,-13.63,303,27.2,193,-2.25,-2.55,-7.8,1.52,0.99,33.5,0.159,12.89,False,False,False,False,False,False,True,False,False,False,False,True,False,False,False,False,2026-10-15,False,False,4,"thin RVOL, below 200-MA",,3,https://www.tradingview.com/chart/?symbol=NYSE:HRI&interval=D,False,False,False
BSP,Bending Spoons S.p.A.,NASDAQ,Packaged Software,32.8,37.75,39.38,39.8,39.13,,,,37.02,38.5,35.05,32.4,7.37,8.51,2.79,2821106.8,1869365.2666666666,61315181.0,74397622.0,1.44,0.09,20835193416.859123,-20.25,391,5.81,181,5.81,259,-2.88,-1.9,-16.72,1.74,0.95,14.3,0.288,5.0,False,False,False,False,False,False,True,False,False,False,False,True,False,True,True,True,2026-12-02,False,False,5,below 200-MA,RVOL,4,https://www.tradingview.com/chart/?symbol=NASDAQ:BSP&interval=D,False,False,False
KVYO,"Klaviyo, Inc. Series A",NYSE,Packaged Software,16.11,16.28,17.59,17.77,17.76,16.67,17.42,19.62,16.44,17.01,17.07,16.08,5.53,6.34,1.02,7127009.9,6229937.866666666,100364299.0,110701843.0,0.89,0.54,4586959105.25149,-10.25,288,14.66,140,-13.34,330,-2.98,-1.47,-8.41,0.84,0.97,3.4,0.4,20.72,False,False,False,False,False,True,True,False,False,True,False,True,False,False,False,False,2026-11-11,False,False,4,"thin RVOL, below 200-MA",near21,4,https://www.tradingview.com/chart/?symbol=NYSE:KVYO&interval=D,False,False,False
STEP,StepStone Group Inc.,NASDAQ,Investment Managers,43.55,47.4,48.94,49.18,47.54,47.48,47.78,52.48,46.84,47.91,45.49,43.17,4.77,5.06,2.2,1227119.5,1037148.9666666667,45167837.0,51008023.0,0.64,-0.71,5255468875.887186,-12.3,307,6.92,171,-5.28,296,-3.55,-1.66,-11.02,1.8,1.05,17.3,0.182,11.65,False,False,False,False,False,False,False,False,False,False,True,True,False,False,False,False,2026-11-05,False,False,4,"thin RVOL, below 200-MA",,2,https://www.tradingview.com/chart/?symbol=NASDAQ:STEP&interval=D,False,False,False
ORCL,Oracle Corporation,NYSE,Packaged Software,139.54,145.86,149.38,148.4,141.99,161.48,159.48,164.96,146.4,147.32,140.34,133.48,4.57,5.26,7.34,38847828.4,28943857.7,4038825903.0,4295403554.0,1.45,-5.01,421932126033.7386,-2.62,198,-7.13,253,-0.99,279,-3.58,-0.33,-6.59,1.0,0.94,82.6,0.169,16.46,False,False,False,False,False,True,True,False,False,True,False,False,False,True,True,False,2026-12-14,False,True,3,"LoD>60% ATR, below 200-MA, large gap","near21, RVOL",3,https://www.tradingview.com/chart/?symbol=NYSE:ORCL&interval=D,False,False,False
CORZ,"Core Scientific, Inc.",NASDAQ,Packaged Software,18.12,17.63,17.48,17.87,19.33,22.35,20.73,19.8,17.88,17.98,18.66,17.7,5.16,6.17,1.12,11631211.7,11337916.466666667,205443046.0,202642581.0,1.16,-1.44,5822688597.60663,1.88,157,-31.32,400,16.15,230,-4.43,-1.02,3.66,0.13,0.85,37.5,0.189,26.88,False,False,False,False,False,True,True,False,False,True,False,True,False,False,False,False,2026-11-11,False,False,4,"thin RVOL, below 200-MA",near21,4,https://www.tradingview.com/chart/?symbol=NASDAQ:CORZ&interval=D,False,False,False
COMP,"Compass, Inc.",NYSE,Real Estate Development,9.29,10.07,10.4,11.01,11.37,10.41,9.65,10.14,9.94,10.43,9.47,9.06,5.26,5.91,0.55,17831423.0,12818139.833333334,119080519.0,141089265.0,1.27,1.42,7131418677.811134,-20.8,400,-15.55,314,22.88,205,-4.49,-3.09,-10.65,1.85,0.75,41.9,0.205,18.45,False,False,False,False,False,False,True,False,False,False,False,True,False,False,True,False,2026-11-11,False,False,4,"thin RVOL, below 200-MA",RVOL,3,https://www.tradingview.com/chart/?symbol=NYSE:COMP&interval=D,False,False,False
MMYT,MakeMyTrip Limited,NASDAQ,Internet Software/Services,46.87,48.22,51.81,54.63,55.47,51.82,49.95,55.46,48.65,51.21,47.36,46.14,4.36,4.49,2.11,897129.0,622883.4,29194545.0,34029574.0,1.92,-0.41,4408529478.944646,-22.43,410,-9.48,271,17.7,222,-4.73,-3.45,-9.54,1.89,0.58,34.7,0.342,15.48,False,False,False,False,False,False,True,True,False,True,False,True,True,True,True,False,2026-11-03,False,False,5,below 200-MA,"ADR, RVOL",4,https://www.tradingview.com/chart/?symbol=NASDAQ:MMYT&interval=D,False,False,False
ICHR,Ichor Holdings,NASDAQ,Industrial Machinery,56.47,54.74,55.05,57.77,65.32,73.52,66.66,56.87,55.81,57.04,57.49,54.88,4.06,6.38,3.6,744245.6,667465.2,37691760.0,38558797.0,0.81,-2.6,2115040494.7707188,-4.48,225,-36.91,417,26.33,195,-5.02,-2.13,2.58,0.16,0.72,44.2,0.187,33.25,False,False,False,False,True,True,True,False,False,True,False,True,False,False,False,False,2026-11-09,False,True,3,"thin RVOL, below 200-MA, large gap",near21,5,https://www.tradingview.com/chart/?symbol=NASDAQ:ICHR&interval=D,False,False,False
GLW,Corning Incorporated,NYSE,Electronic Components,154.15,152.3,153.05,153.93,152.81,172.52,164.65,148.51,153.95,153.97,156.36,149.6,4.42,5.49,8.47,8898466.8,8897850.266666668,1371603619.0,1369640160.0,0.61,-2.57,132783003645.99203,2.21,150,-31.31,399,13.84,238,-5.09,0.16,0.72,0.02,0.8,53.7,0.209,15.58,False,True,False,True,True,True,True,False,False,True,False,True,False,True,False,False,2026-11-03,False,True,5,large gap,near21,7,https://www.tradingview.com/chart/?symbol=NYSE:GLW&interval=D,False,False,False
TMDX,"TransMedics Group, Inc.",NASDAQ,Medical Specialties,83.9,86.3,86.56,88.25,84.18,77.9,91.05,101.42,86.45,86.57,86.09,82.53,5.04,4.95,4.16,831199.8,699106.2666666667,58655016.0,61697293.0,0.75,-1.05,2909244597.9942527,-10.38,290,12.62,151,-17.49,346,-5.09,-0.07,-3.08,0.62,0.86,32.9,0.107,28.03,False,False,False,False,False,True,True,False,False,True,False,True,False,False,False,False,2026-11-04,False,False,4,"thin RVOL, below 200-MA",near21,4,https://www.tradingview.com/chart/?symbol=NASDAQ:TMDX&interval=D,False,False,False
VAL,Valaris Limited,NYSE,Contract Drilling,81.79,83.24,85.19,85.56,82.75,85.6,88.81,81.56,83.34,84.08,84.0,81.68,4.24,4.15,3.4,1430088.6,1227785.3333333333,100420562.0,105047676.0,1.08,0.75,5679154574.305075,-3.2,206,7.04,169,-19.43,357,-5.19,-0.28,-3.99,0.66,0.68,3.4,0.133,8.87,False,False,False,True,False,True,True,True,False,True,False,True,False,False,False,False,2026-11-03,False,False,5,thin RVOL,"near21, ADR",6,https://www.tradingview.com/chart/?symbol=NYSE:VAL&interval=D,False,False,False
STRL,"Sterling Infrastructure, Inc.",NASDAQ,Engineering & Construction,513.72,500.49,489.72,504.49,541.68,674.0,595.51,533.67,504.38,505.61,519.99,485.0,4.22,5.54,28.48,599567.7,561443.3,288424652.0,283244589.0,0.7,-3.08,15713933540.205235,-0.55,182,-39.07,423,23.51,204,-5.37,-0.93,4.9,0.29,1.23,100.8,0.177,35.87,False,False,False,False,False,True,False,False,False,True,True,False,False,True,False,False,2026-11-09,False,True,3,"LoD>60% ATR, below 200-MA, large gap",near21,2,https://www.tradingview.com/chart/?symbol=NASDAQ:STRL&interval=D,False,False,False
ASND,Ascendis Pharma A/S,NASDAQ,Pharmaceuticals: Major,230.7,242.06,252.12,251.87,252.01,246.46,241.36,234.98,239.96,246.81,231.13,220.23,4.44,4.37,10.07,1149640.8,752173.1666666666,173526350.0,189452739.0,1.08,-0.06,14390338759.94308,-8.82,271,-11.89,289,4.54,263,-5.39,-1.94,-8.49,1.5,1.08,104.0,0.23,7.43,False,False,False,False,False,True,False,False,False,True,True,False,False,True,False,False,2026-11-11,False,False,4,"LoD>60% ATR, below 200-MA",near21,2,https://www.tradingview.com/chart/?symbol=NASDAQ:ASND&interval=D,False,False,False
NG,Novagold Resources Inc.,AMEX,Precious Metals,7.14,7.32,7.79,8.03,7.33,7.4,8.25,8.68,7.43,7.61,7.18,6.92,5.15,6.44,0.46,6875265.9,5661823.633333334,40425421.0,45485204.0,0.73,-1.38,3132893865.586777,-23.31,413,14.98,139,-8.34,313,-5.56,-0.41,-8.39,0.96,0.55,46.7,0.296,19.05,False,False,False,False,False,True,True,True,False,True,False,True,False,False,False,False,2026-10-06,False,False,4,"thin RVOL, below 200-MA","near21, ADR",5,https://www.tradingview.com/chart/?symbol=AMEX:NG&interval=D,False,False,False
HCC,"Warrior Met Coal, Inc.",NYSE,Coal,88.95,91.7,98.73,99.86,93.49,91.25,90.12,90.15,92.49,95.31,90.01,88.15,4.12,4.64,4.13,806418.1,607446.7666666667,54032390.0,60661051.0,0.94,-0.25,4696745427.82746,-15.79,345,5.88,180,-7.05,306,-5.65,-1.05,-9.91,1.44,0.45,19.4,0.304,9.68,False,False,False,False,False,True,True,True,False,True,False,True,False,False,False,False,2026-11-04,False,False,4,"thin RVOL, below 200-MA","near21, ADR",5,https://www.tradingview.com/chart/?symbol=NYSE:HCC&interval=D,False,False,False
DPC,DPC Holdings PLC,NYSE,Electrical Products,41.34,40.81,41.65,43.49,45.66,,,,41.24,42.26,42.09,40.53,6.56,6.93,2.86,1059174.3,1117273.1,46188070.0,48584993.0,1.25,-1.34,6175907518.181255,-5.51,234,-5.49,245,-6.05,297,-5.68,-1.37,-0.74,0.31,0.54,28.3,0.158,11.73,False,False,False,False,True,True,True,True,False,True,False,True,False,False,True,False,2026-12-02,False,False,4,"thin RVOL, below 200-MA","near21, ADR, RVOL",6,https://www.tradingview.com/chart/?symbol=NYSE:DPC&interval=D,False,False,False
VIAV,Viavi Solutions Inc.,NASDAQ,Information Technology Services,37.23,35.72,36.08,37.51,37.99,43.43,41.17,36.06,36.19,36.61,37.5,35.18,5.14,6.03,2.24,5636616.599999999,4580274.199999992,170523608.0,171816773.0,0.8,-1.98,9186496328.384022,-2.69,200,-23.87,360,8.99,251,-5.86,-0.33,3.19,0.28,1.03,91.4,0.192,20.72,False,False,False,True,False,True,False,False,False,True,True,False,False,False,False,False,2026-10-29,False,False,4,"LoD>60% ATR, thin RVOL",near21,3,https://www.tradingview.com/chart/?symbol=NASDAQ:VIAV&interval=D,False,False,False
HLNE,Hamilton Lane Incorporated,NASDAQ,Investment Managers,85.34,89.82,96.42,99.11,96.17,89.78,93.28,104.48,89.84,93.73,85.6,82.65,4.46,4.57,3.9,695202.9,581586.5,49632592.0,57641232.0,1.18,-0.25,4709540375.635706,-18.74,377,11.8,155,-11.38,323,-6.11,-2.47,-11.49,1.96,0.76,69.0,0.314,17.22,False,False,False,False,False,False,True,False,False,False,False,False,False,False,False,False,2026-11-10,False,False,3,"LoD>60% ATR, thin RVOL, below 200-MA",,2,https://www.tradingview.com/chart/?symbol=NASDAQ:HLNE&interval=D,False,False,False
PINS,"Pinterest, Inc.",NYSE,Internet Software/Services,18.72,18.8,19.83,21.02,22.02,21.47,20.58,21.46,18.95,19.85,18.79,18.34,4.23,4.49,0.84,17362999.1,13157424.866666667,246306994.0,276591000.0,0.67,0.65,10601380117.93171,-20.0,388,-4.15,236,5.23,261,-6.31,-3.34,-5.62,1.27,0.54,45.3,0.304,17.21,False,False,False,False,False,True,True,True,False,True,False,True,False,True,False,False,2026-11-04,False,False,5,below 200-MA,"near21, ADR",5,https://www.tradingview.com/chart/?symbol=NYSE:PINS&interval=D,False,False,False
MRCY,Mercury Systems Inc,NASDAQ,Aerospace & Defense,83.18,84.28,84.31,89.32,94.66,100.08,93.83,91.6,84.26,86.52,83.58,80.99,4.24,4.75,3.95,720613.9,823279.2333333333,68476250.0,73531871.0,0.65,-1.04,5062328875.229993,-8.59,269,-21.06,338,10.71,247,-6.31,-2.55,-1.35,0.81,0.66,55.3,0.131,19.0,False,False,False,False,True,True,True,True,False,True,False,True,False,False,False,False,2026-11-10,False,False,4,"thin RVOL, below 200-MA","near21, ADR",6,https://www.tradingview.com/chart/?symbol=NASDAQ:MRCY&interval=D,False,False,False
FLY,Firefly Aerospace Inc.,NASDAQ,Aerospace & Defense,23.09,21.71,21.59,22.65,22.29,28.67,28.75,27.77,22.09,22.14,23.3,21.35,6.44,6.81,1.57,3195005.3,2692011.6333333333,62158549.0,60973166.0,0.84,-1.37,3865373251.468493,-1.95,191,-5.37,243,-11.87,326,-6.4,0.53,6.97,0.63,1.24,110.6,0.16,31.03,False,True,False,False,False,True,False,False,False,True,True,False,False,False,False,False,2026-11-18,False,False,3,"LoD>60% ATR, thin RVOL, below 200-MA",near21,3,https://www.tradingview.com/chart/?symbol=NASDAQ:FLY&interval=D,False,False,False
RIG,Transocean Ltd (Switzerland),NYSE,Contract Drilling,5.43,5.57,5.72,5.75,5.55,5.75,5.97,5.65,5.57,5.63,5.58,5.42,4.31,4.31,0.23,46695130.8,42503607.4,230794588.0,244254064.0,0.91,0.91,6064658856.636198,-4.06,218,5.44,183,-20.85,364,-6.49,-0.52,-5.02,0.84,0.68,4.3,0.145,7.72,False,False,False,False,False,True,True,True,False,True,False,True,False,False,False,False,2026-11-04,False,False,4,"thin RVOL, below 200-MA","near21, ADR",5,https://www.tradingview.com/chart/?symbol=NYSE:RIG&interval=D,False,False,False
CPRI,Capri Holdings Limited,NYSE,Apparel/Footwear Retail,15.19,14.66,13.88,14.0,14.76,16.73,17.56,19.16,14.66,14.39,15.56,15.03,5.02,4.99,0.76,7751345.1,5547213.433333334,84262172.0,77660988.0,0.45,-0.06,1726368125.9138043,11.45,94,-19.07,332,-13.0,329,-6.88,0.58,9.45,1.12,0.7,21.1,0.256,34.74,False,True,True,False,False,True,True,True,False,True,False,True,False,False,False,False,2026-11-05,False,False,4,"thin RVOL, below 200-MA","EMA, near21, ADR",7,https://www.tradingview.com/chart/?symbol=NYSE:CPRI&interval=D,False,False,False
COCO,"The Vita Coco Company, Inc.",NASDAQ,Food: Specialty/Candy,59.17,56.52,56.46,59.15,62.61,68.85,63.59,61.27,57.26,57.89,59.62,57.17,4.17,4.48,2.65,1878860.5,1272430.6,75289719.0,75260241.0,0.53,-0.38,3396185390.557779,-7.72,257,-29.15,386,15.43,235,-7.15,-1.23,4.81,0.5,0.92,75.5,0.209,20.95,False,False,False,False,False,True,True,False,False,True,False,False,False,False,False,False,2026-11-04,False,False,3,"LoD>60% ATR, thin RVOL, below 200-MA",near21,3,https://www.tradingview.com/chart/?symbol=NASDAQ:COCO&interval=D,False,False,False
VRDN,"Viridian Therapeutics, Inc.",NASDAQ,Pharmaceuticals: Major,20.66,21.74,22.37,22.82,21.8,19.6,20.43,23.2,21.77,22.12,21.25,20.22,4.45,4.41,0.91,2004909.6,1506009.6,31114158.0,34365633.0,1.15,-1.54,2340618266.2893143,-14.98,333,18.8,124,-25.84,385,-7.34,-1.19,-7.65,1.5,1.13,48.3,0.138,17.44,False,False,False,False,False,True,False,False,False,True,True,True,False,False,False,False,2026-11-16,False,False,4,"thin RVOL, below 200-MA",near21,3,https://www.tradingview.com/chart/?symbol=NASDAQ:VRDN&interval=D,False,False,False
WULF,TeraWulf Inc.,NASDAQ,Data Processing Services,16.29,16.3,16.17,16.19,16.89,20.62,19.47,18.05,16.47,16.44,16.82,15.88,5.91,7.13,1.16,30161187.9,29675089.033333335,483407200.0,480311099.0,0.87,-1.96,8128200132.963303,4.42,129,-35.36,416,7.6,256,-7.78,-0.5,0.77,0.13,0.81,35.3,0.234,27.32,False,False,False,False,True,True,True,False,False,True,False,True,False,False,False,False,2026-11-16,False,False,4,"thin RVOL, below 200-MA",near21,5,https://www.tradingview.com/chart/?symbol=NASDAQ:WULF&interval=D,False,False,False
ERAS,"Erasca, Inc.",NASDAQ,Pharmaceuticals: Major,14.52,15.28,16.09,16.72,17.48,15.72,15.71,13.65,15.2,15.93,15.07,13.54,7.3,7.77,1.13,5187150.9,4269765.933333334,61997001.0,71406854.0,1.16,-0.9,5078544476.359984,-18.43,373,-2.68,229,-3.97,288,-8.36,-2.18,-9.76,1.14,1.36,87.3,0.308,26.4,False,False,False,True,False,True,False,False,False,True,True,False,False,False,False,False,2026-11-11,False,False,4,"LoD>60% ATR, thin RVOL",near21,3,https://www.tradingview.com/chart/?symbol=NASDAQ:ERAS&interval=D,False,False,False
FIGS,"FIGS, Inc.",NYSE,Apparel/Footwear,12.49,13.02,13.79,14.08,12.91,12.29,13.15,12.71,12.98,13.35,12.58,11.81,5.37,5.38,0.67,2394109.4,2372355.2666666666,29630717.0,33410670.0,1.03,-0.17,2075091630.1553884,-17.88,366,10.14,157,-17.99,350,-8.58,-0.61,-9.43,1.19,1.15,101.1,0.306,12.04,False,False,False,False,False,True,False,False,False,True,True,False,False,False,False,False,2026-11-05,False,False,3,"LoD>60% ATR, thin RVOL, below 200-MA",near21,2,https://www.tradingview.com/chart/?symbol=NYSE:FIGS&interval=D,False,False,False
APLD,Applied Digital Corporation,NASDAQ,Data Processing Services,27.06,26.43,26.26,27.11,27.62,34.24,32.31,32.25,26.94,26.94,27.84,26.26,5.27,6.49,1.76,16371678.4,15694044.53333334,424680845.0,425538786.0,0.81,-2.2,7887154152.077119,-1.02,185,-31.23,398,6.33,258,-8.64,-0.31,3.04,0.07,0.91,45.9,0.222,29.47,False,False,True,False,False,True,True,False,False,True,False,True,False,False,False,False,2026-10-14,False,True,3,"thin RVOL, below 200-MA, large gap","EMA, near21",5,https://www.tradingview.com/chart/?symbol=NASDAQ:APLD&interval=D,False,False,False
ONDS,Ondas Inc,NASDAQ,Telecommunications Equipment,7.6,7.38,7.51,7.9,7.98,8.66,9.13,9.48,7.48,7.62,7.73,7.18,4.61,5.95,0.45,69448475.1,67371232.9,512021370.0,532333797.0,1.81,-1.89,4425410848.216216,-8.43,265,1.13,198,-18.72,353,-8.67,-0.8,1.24,0.04,1.22,92.9,0.19,27.66,False,False,False,False,True,True,False,False,False,True,True,False,True,True,True,False,2026-11-16,False,False,4,"LoD>60% ATR, below 200-MA","near21, RVOL",3,https://www.tradingview.com/chart/?symbol=NASDAQ:ONDS&interval=D,False,False,False
AXON,"Axon Enterprise, Inc.",NASDAQ,Aerospace & Defense,445.0,458.83,496.01,535.96,540.62,501.47,485.59,501.13,463.81,492.59,449.54,431.01,4.43,5.7,25.35,1263314.2,920322.6666666666,409543587.0,493255830.0,1.18,-1.04,36150646942.30044,-26.21,432,-0.01,205,-0.0,276,-8.74,-3.1,-10.28,1.7,0.73,55.2,0.397,18.38,False,False,False,False,False,False,True,False,False,False,False,True,False,True,False,False,2026-11-10,False,False,5,below 200-MA,,3,https://www.tradingview.com/chart/?symbol=NASDAQ:AXON&interval=D,False,False,False
MP,MP Materials Corp.,NYSE,Other Metals/Minerals,49.3,49.52,52.14,54.04,50.86,55.28,56.15,57.06,50.12,51.39,49.89,47.6,4.76,5.56,2.74,5104840.4,5475856.466666667,269959724.0,295900681.0,0.87,-1.06,8780408426.226223,-13.77,320,-8.89,262,-4.42,289,-9.03,-0.55,-5.45,0.73,0.84,62.0,0.232,15.28,False,False,False,False,False,True,True,False,False,True,False,False,False,False,False,False,2026-10-29,False,False,3,"LoD>60% ATR, thin RVOL, below 200-MA",near21,3,https://www.tradingview.com/chart/?symbol=NYSE:MP&interval=D,False,False,False
DKNG,DraftKings Inc.,NASDAQ,Movies/Entertainment,21.27,22.91,23.5,24.13,24.02,24.87,24.38,26.18,22.45,23.25,21.52,20.64,4.94,5.33,1.13,14370144.5,10807125.433333334,229867558.0,260768732.0,1.29,-0.89,10559578091.421177,-17.75,365,-10.25,276,0.9,272,-9.03,-2.15,-9.48,1.6,0.77,55.6,0.21,15.37,False,False,False,False,False,False,True,False,False,False,False,True,False,True,True,False,2026-10-30,False,False,5,below 200-MA,RVOL,3,https://www.tradingview.com/chart/?symbol=NASDAQ:DKNG&interval=D,False,False,False
MIAX,"Miami International Holdings, Inc.",NYSE,Investment Banks/Brokers,35.64,38.34,40.5,41.27,42.39,43.42,42.87,42.93,38.08,39.79,36.16,35.33,4.34,4.71,1.68,1908618.4,1455956.4,51890286.0,60083438.0,0.71,0.33,3536589073.4210086,-20.02,389,-2.62,227,-6.43,301,-9.69,-3.38,-12.0,2.21,0.5,18.5,0.262,14.27,False,False,False,False,False,False,True,True,False,True,False,True,False,False,False,False,2026-11-11,False,False,4,"thin RVOL, below 200-MA",ADR,4,https://www.tradingview.com/chart/?symbol=NYSE:MIAX&interval=D,False,False,False
BTU,Peabody Energy Corporation,NYSE,Coal,25.68,26.6,27.84,27.39,25.62,25.36,27.57,28.96,26.61,26.91,26.6,25.0,4.85,5.19,1.33,3127692.4,2480745.3666666667,63705541.0,67935212.0,0.74,-0.15,3130392021.391897,-6.35,238,9.98,159,-32.79,406,-9.72,0.05,-7.77,0.88,1.2,51.0,0.212,14.01,False,False,False,False,False,True,False,False,False,True,True,True,False,False,False,False,2026-10-29,False,False,4,"thin RVOL, below 200-MA",near21,3,https://www.tradingview.com/chart/?symbol=NYSE:BTU&interval=D,False,False,False
GPK,Graphic Packaging Holding Company,NYSE,Containers/Packaging,9.34,9.53,10.06,10.52,10.86,10.68,10.49,11.54,9.62,10.01,9.75,9.08,4.15,4.6,0.43,7678107.5,5713638.4,53365383.0,60120808.0,0.75,-0.21,2765308361.118013,-18.78,378,-13.6,301,2.08,268,-10.1,-3.04,-7.13,1.45,1.56,60.5,0.296,21.48,False,False,False,False,False,True,False,False,False,True,True,False,False,False,False,False,2026-11-03,False,False,3,"LoD>60% ATR, thin RVOL, below 200-MA",near21,2,https://www.tradingview.com/chart/?symbol=NYSE:GPK&interval=D,False,False,False
VSEC,VSE Corporation,NASDAQ,Engineering & Construction,180.44,181.79,193.1,204.53,205.55,200.3,199.94,198.55,183.7,192.13,181.11,173.81,4.39,5.09,9.19,464037.8,358568.9666666667,64700184.0,73336796.0,0.81,-0.83,5064043343.651619,-17.68,362,-18.14,327,5.47,260,-10.12,-2.4,-6.56,1.19,0.79,72.1,0.278,13.17,False,False,False,False,False,True,True,False,False,True,False,False,False,False,False,False,2026-10-28,False,False,3,"LoD>60% ATR, thin RVOL, below 200-MA",near21,3,https://www.tradingview.com/chart/?symbol=NASDAQ:VSEC&interval=D,False,False,False
VRT,"Vertiv Holdings, LLC",NYSE,Electronic Production Equipment,245.3,245.77,255.34,260.49,266.76,295.26,288.78,262.42,249.4,254.66,246.9,239.0,4.58,5.28,12.95,5580912.8,4991524.8,1224421033.0,1300242295.0,0.67,-3.34,94437602469.4264,-6.76,243,-21.88,343,-1.86,283,-10.17,-1.52,-3.93,0.7,0.61,48.6,0.216,20.17,False,False,False,False,False,True,True,True,False,True,False,True,False,True,False,False,2026-10-28,False,True,4,"below 200-MA, large gap","near21, ADR",5,https://www.tradingview.com/chart/?symbol=NYSE:VRT&interval=D,False,False,False
MIRM,"Mirum Pharmaceuticals, Inc.",NASDAQ,Pharmaceuticals: Major,89.36,93.9,96.62,97.38,101.82,104.54,100.97,97.63,93.23,95.89,90.69,87.64,4.48,4.39,3.93,848597.0,613190.4666666667,54794700.0,59712488.0,0.81,-0.09,5802341837.199285,-9.28,279,-23.3,355,-0.07,277,-10.88,-2.79,-7.51,1.55,0.78,43.9,0.155,11.91,False,False,False,False,False,False,True,False,False,False,False,True,False,False,False,False,2026-11-17,False,False,4,"thin RVOL, below 200-MA",,3,https://www.tradingview.com/chart/?symbol=NASDAQ:MIRM&interval=D,False,False,False
AAOI,"Applied Optoelectronics, Inc.",NASDAQ,Semiconductors,101.03,101.41,103.83,111.79,111.68,137.25,129.52,106.64,103.06,106.02,103.58,97.59,6.06,8.33,8.42,7074322.0,8270208.166666667,835539131.0,924567922.0,0.78,-2.11,8578082084.417079,-9.61,281,-23.28,353,-0.17,278,-11.02,-1.14,-2.69,0.56,0.71,40.9,0.188,35.47,False,False,False,False,True,True,True,False,False,True,False,True,False,False,False,False,2026-11-05,False,True,3,"thin RVOL, below 200-MA, large gap",near21,5,https://www.tradingview.com/chart/?symbol=NASDAQ:AAOI&interval=D,False,False,False
NXST,"Nexstar Media Group, Inc.",NASDAQ,Broadcasting,161.53,165.17,170.53,175.94,180.86,181.31,192.88,197.85,165.77,170.33,166.54,159.85,4.37,4.26,6.88,441313.8,373163.86666666664,60277159.0,65653580.0,0.8,-0.66,4976464922.412272,-12.56,310,4.53,190,-25.83,384,-11.28,-2.51,-5.28,1.21,0.97,24.4,0.17,20.23,False,False,False,False,False,True,True,False,False,True,False,True,False,False,False,False,2026-11-05,False,False,4,"thin RVOL, below 200-MA",near21,4,https://www.tradingview.com/chart/?symbol=NASDAQ:NXST&interval=D,False,False,False
MOD,Modine Manufacturing Company,NYSE,Industrial Machinery,196.95,188.87,186.52,190.27,199.21,233.57,230.58,212.78,190.97,190.63,197.68,186.08,4.37,5.36,10.55,1212155.9,1254637.1666666667,247100790.0,238718559.0,0.82,-1.77,10460547328.740095,2.01,154,-28.42,381,-8.07,310,-11.49,-0.21,5.59,0.62,1.1,103.1,0.141,23.89,False,False,True,False,False,True,False,False,False,True,True,False,False,True,False,False,2026-11-03,False,False,4,"LoD>60% ATR, below 200-MA","EMA, near21",3,https://www.tradingview.com/chart/?symbol=NYSE:MOD&interval=D,False,False,False
GNRC,Generac Holdings Inc.,NYSE,Electrical Products,198.05,193.74,189.74,196.63,201.32,232.65,226.08,211.19,196.62,195.8,199.5,193.96,4.15,5.37,10.64,2026335.4,1301137.1333333333,257690209.0,255848233.0,0.43,-2.17,11697612085.71733,-4.98,230,-30.74,395,1.12,271,-11.54,-0.3,4.38,0.21,0.52,38.4,0.225,21.67,False,False,True,False,False,True,True,True,False,True,False,True,False,True,False,False,2026-11-04,False,True,4,"below 200-MA, large gap","EMA, near21, ADR",6,https://www.tradingview.com/chart/?symbol=NYSE:GNRC&interval=D,False,False,False
AMR,"Alpha Metallurgical Resources, Inc.",NYSE,Coal,172.01,186.08,206.39,201.0,178.89,179.95,183.82,189.93,186.96,192.93,179.63,165.98,5.8,6.55,11.27,374135.9,364468.2,62692175.0,73259445.0,1.5,-0.64,2180922409.3564854,-18.09,368,3.07,193,-20.25,359,-11.76,-0.59,-16.66,1.65,1.21,53.5,0.429,15.99,False,False,False,False,False,False,False,False,False,False,True,True,True,True,True,False,2026-10-30,False,False,5,below 200-MA,RVOL,2,https://www.tradingview.com/chart/?symbol=NYSE:AMR&interval=D,False,False,False
BKV,BKV Corporation,NYSE,Integrated Oil,23.08,23.32,24.23,24.64,24.77,25.85,26.94,27.21,23.43,23.99,23.57,22.61,4.15,4.37,1.01,1693999.1,1974248.6333333333,45565658.0,48652725.0,0.71,0.04,2525825121.259991,-3.03,202,-10.37,277,-22.73,375,-12.04,-1.56,-4.73,0.86,0.96,46.6,0.195,16.89,False,False,False,False,False,True,True,False,False,True,False,True,False,False,False,False,2026-11-17,False,False,4,"thin RVOL, below 200-MA",near21,4,https://www.tradingview.com/chart/?symbol=NYSE:BKV&interval=D,False,False,False
GRAB,Grab Holdings Limited,NASDAQ,Air Freight/Couriers,3.11,2.98,3.19,3.31,3.4,3.5,3.63,3.9,3.07,3.17,3.26,3.1,4.25,4.51,0.14,89003671.2,57053736.4,177437120.0,188914430.0,0.8,-0.31,12684188338.443748,-12.15,305,-9.2,267,-15.49,337,-12.28,-1.92,-2.38,0.4,1.14,7.1,0.335,29.4,False,False,False,False,True,True,False,False,False,True,True,True,False,True,False,False,2026-11-17,False,False,5,below 200-MA,near21,4,https://www.tradingview.com/chart/?symbol=NASDAQ:GRAB&interval=D,False,False,False
ACAD,ACADIA Pharmaceuticals Inc.,NASDAQ,Pharmaceuticals: Major,22.18,26.48,27.46,28.12,27.55,25.14,24.16,24.6,26.05,27.0,24.38,21.97,4.11,4.79,1.06,2299816.4,1697488.7333333334,37650300.0,47734232.0,3.92,-4.13,3821736290.0361776,-26.41,433,-15.92,315,4.38,265,-12.65,-4.07,-19.24,3.73,2.27,19.8,0.23,15.3,False,False,False,False,False,False,False,False,False,False,True,True,True,True,True,False,2026-11-11,False,True,4,"below 200-MA, large gap",RVOL,2,https://www.tradingview.com/chart/?symbol=NASDAQ:ACAD&interval=D,False,False,False
LUMN,"Lumen Technologies, Inc.",NYSE,Major Telecommunications,5.86,6.52,6.54,6.41,6.4,7.5,7.47,7.64,6.37,6.45,6.06,5.82,5.66,5.89,0.35,14351465.8,12656030.633333333,74164340.0,81125156.0,0.89,-1.31,6044270359.464928,2.45,148,-28.32,380,-12.28,327,-12.72,-1.43,-10.36,1.55,0.68,11.6,0.199,21.17,False,False,False,False,False,False,True,True,False,True,False,True,False,False,False,False,2026-11-04,False,False,4,"thin RVOL, below 200-MA",ADR,4,https://www.tradingview.com/chart/?symbol=NYSE:LUMN&interval=D,False,False,False
EFX,"Equifax, Inc.",NYSE,Financial Publishing/Services,148.8,161.47,171.71,177.11,177.27,171.27,176.36,184.75,160.83,168.11,157.2,148.1,4.11,4.22,6.28,1639303.0,1307331.2333333334,194530888.0,231547971.0,1.16,0.0,17481754156.579967,-22.43,411,-2.11,223,-13.72,332,-12.75,-3.81,-13.34,2.72,1.45,11.1,0.304,15.64,False,False,False,False,False,False,False,False,False,False,True,True,False,True,False,False,2026-10-21,False,False,5,below 200-MA,,2,https://www.tradingview.com/chart/?symbol=NYSE:EFX&interval=D,False,False,False
CIEN,Ciena Corporation,NYSE,Telecommunications Equipment,358.43,348.59,350.69,369.58,377.51,441.93,433.32,387.06,353.47,358.08,363.46,346.56,5.51,6.65,23.82,2815264.8,2523883.1,904635420.0,932782605.0,0.48,-1.55,50828432904.119415,-7.22,249,-23.14,349,-9.22,315,-13.19,-0.76,2.21,0.01,0.71,49.8,0.24,26.04,False,False,False,False,True,True,True,False,False,True,False,True,False,True,False,False,2026-12-10,False,False,5,below 200-MA,near21,5,https://www.tradingview.com/chart/?symbol=NYSE:CIEN&interval=D,False,False,False
CRK,"Comstock Resources, Inc.",NYSE,Oil & Gas Production,13.82,13.59,14.31,14.19,13.85,13.91,15.7,17.31,13.67,13.93,13.95,13.3,4.66,4.83,0.67,2750661.3,2691323.8666666667,37194096.0,38180915.0,1.3,0.97,4057836288.1888475,-0.43,179,0.0,204,-39.25,426,-13.23,-0.04,-3.43,0.16,0.97,77.9,0.259,26.94,False,False,False,False,False,True,True,False,False,True,False,False,False,False,True,False,2026-11-03,False,False,3,"LoD>60% ATR, thin RVOL, below 200-MA","near21, RVOL",3,https://www.tradingview.com/chart/?symbol=NYSE:CRK&interval=D,False,False,False
BBWI,"Bath & Body Works, Inc.",NYSE,Specialty Stores,16.8,17.24,17.96,18.35,19.06,19.28,19.49,20.01,17.28,17.83,17.17,16.64,4.6,5.09,0.86,6994974.9,6972078.233333333,117130914.0,127944608.0,1.1,-0.12,3387641289.72973,-12.32,308,-23.15,350,-4.6,291,-13.35,-2.33,-6.47,1.14,0.63,19.3,0.208,16.44,False,False,False,False,False,True,True,True,False,True,False,True,False,False,False,False,2026-11-18,False,False,4,"thin RVOL, below 200-MA","near21, ADR",5,https://www.tradingview.com/chart/?symbol=NYSE:BBWI&interval=D,False,False,False
LUNR,"Intuitive Machines, Inc.",NASDAQ,Aerospace & Defense,15.7,14.76,14.94,15.97,15.17,21.2,21.18,20.13,15.15,15.25,16.08,14.86,5.97,6.96,1.09,8153262.6,8427639.733333332,132313944.0,134623117.0,1.0,-0.95,3594107742.6181097,-7.07,248,-15.46,312,-18.1,351,-13.54,0.5,5.08,0.42,1.12,76.4,0.194,41.06,False,True,False,False,False,True,False,False,False,True,True,False,False,False,False,False,2026-11-18,False,False,3,"LoD>60% ATR, thin RVOL, below 200-MA",near21,3,https://www.tradingview.com/chart/?symbol=NASDAQ:LUNR&interval=D,False,False,False
NNE,Nano Nuclear Energy Inc.,NASDAQ,Electrical Products,17.02,16.49,17.28,17.86,17.58,20.84,21.7,24.0,16.91,17.24,17.11,16.36,5.7,6.59,1.12,2244230.2,1863401.8,31715099.0,33289052.0,0.85,-2.0,913942406.4373896,-7.65,255,-15.11,310,-17.94,349,-13.57,-0.48,-1.53,0.2,0.67,58.9,0.238,44.14,False,False,False,False,True,True,True,False,False,True,False,True,False,False,False,False,2026-12-17,False,False,4,"thin RVOL, below 200-MA",near21,5,https://www.tradingview.com/chart/?symbol=NASDAQ:NNE&interval=D,False,False,False
NKTR,Nektar Therapeutics,NASDAQ,Pharmaceuticals: Major,59.38,65.26,69.27,70.93,71.07,69.45,71.91,65.44,64.57,67.76,61.79,56.21,5.75,5.91,3.51,1669673.6999999997,961426.0,57089476.0,68190741.0,1.85,0.64,2027410974.4103367,-20.81,401,-3.48,231,-16.43,342,-13.57,-2.79,-14.28,2.09,1.59,90.4,0.293,11.2,False,False,False,False,False,False,False,False,False,False,True,False,True,True,True,False,2026-11-05,False,False,4,"LoD>60% ATR, below 200-MA",RVOL,1,https://www.tradingview.com/chart/?symbol=NASDAQ:NKTR&interval=D,False,False,False
BBAI,"BigBear.ai, Inc.",NYSE,Packaged Software,2.8,2.84,2.91,2.99,2.97,3.49,3.58,4.08,2.85,2.91,2.83,2.7,4.1,4.83,0.14,15761414.0,16257958.466666667,45522284.0,48622134.0,1.11,-1.41,1342584578.309859,-10.54,292,-16.42,319,-13.85,333,-13.6,-1.21,-3.63,0.76,0.96,74.0,0.153,44.45,False,False,False,False,False,True,True,False,False,True,False,False,False,False,False,False,2026-11-11,False,False,3,"LoD>60% ATR, thin RVOL, below 200-MA",near21,3,https://www.tradingview.com/chart/?symbol=NYSE:BBAI&interval=D,False,False,False
ASTS,"AST SpaceMobile, Inc.",NASDAQ,Specialty Telecommunications,61.06,60.58,60.77,62.68,62.66,74.3,78.34,81.59,61.06,61.69,63.2,58.32,6.2,6.97,4.26,9719608.8,9614047.866666667,587033763.0,602646976.0,0.91,-1.28,23762567102.077362,-3.51,209,-5.59,246,-31.73,401,-13.61,-0.37,0.47,0.15,1.15,64.4,0.148,34.41,False,False,False,False,True,True,False,False,False,True,True,False,False,True,False,False,2026-11-16,False,False,4,"LoD>60% ATR, below 200-MA",near21,3,https://www.tradingview.com/chart/?symbol=NASDAQ:ASTS&interval=D,False,False,False
LAZ,"Lazard, Inc.",NYSE,Investment Banks/Brokers,36.12,37.39,40.36,41.6,42.2,43.44,44.07,46.03,37.67,39.51,36.79,35.56,5.4,5.0,1.81,2557584.5,1626011.7,58731543.0,67637209.0,0.54,-0.68,3519914528.1673007,-18.92,379,-10.55,279,-11.41,324,-13.63,-2.88,-10.5,1.72,0.68,31.0,0.324,23.92,False,False,False,False,False,False,True,True,False,True,False,True,False,False,False,False,2026-10-22,False,False,4,"thin RVOL, below 200-MA",ADR,4,https://www.tradingview.com/chart/?symbol=NYSE:LAZ&interval=D,False,False,False
POWI,"Power Integrations, Inc.",NASDAQ,Semiconductors,50.78,49.91,50.41,52.75,57.51,67.15,62.67,57.42,50.38,51.65,50.84,49.08,4.07,5.14,2.61,799716.3,770616.9333333333,39131928.0,40648759.0,0.85,-2.37,2837246062.592361,-6.98,246,-37.7,419,2.88,267,-13.93,-2.28,0.74,0.33,0.67,65.2,0.127,33.96,False,False,False,False,True,True,True,False,False,True,False,False,False,False,False,False,2026-11-11,False,True,2,"LoD>60% ATR, thin RVOL, below 200-MA, large gap",near21,4,https://www.tradingview.com/chart/?symbol=NASDAQ:POWI&interval=D,False,False,False
USAR,"USA Rare Earth, Inc.",NASDAQ,Metal Fabrication,15.38,15.77,16.7,17.38,16.88,20.05,19.71,19.38,16.08,16.57,15.56,15.06,5.54,7.0,1.08,13492993.1,13192506.5,202900750.0,229316545.0,1.01,-2.21,5768677596.952621,-16.77,356,-23.18,351,-2.35,285,-14.1,-1.27,-7.9,1.02,0.46,29.7,0.275,27.81,False,False,False,False,False,True,True,True,False,True,False,True,False,False,False,False,2026-11-05,False,True,3,"thin RVOL, below 200-MA, large gap","near21, ADR",5,https://www.tradingview.com/chart/?symbol=NASDAQ:USAR&interval=D,False,False,False
SMR,NuScale Power Corporation,NYSE,Electrical Products,8.47,8.6,9.24,9.26,9.05,9.96,10.54,12.31,8.81,9.03,8.61,8.31,7.55,7.95,0.67,46104098.1,37860233.06666667,320676174.0,350421697.0,0.74,-1.84,3639756278.790323,-8.58,268,-13.31,298,-21.28,366,-14.39,-0.81,-8.29,0.78,0.45,23.8,0.345,43.8,False,False,False,False,False,True,True,True,False,True,False,True,False,False,False,False,2026-11-05,False,False,4,"thin RVOL, below 200-MA","near21, ADR",5,https://www.tradingview.com/chart/?symbol=NYSE:SMR&interval=D,False,False,False
WEN,Wendy's Company (The),NASDAQ,Restaurants,6.5,7.02,7.48,7.92,7.79,7.58,7.43,7.61,6.98,7.37,6.77,6.5,4.22,5.02,0.33,6059425.0,6994308.566666666,45497977.0,55422901.0,0.66,-0.45,1240307945.0081723,-26.91,436,-10.4,278,-6.4,300,-14.57,-3.29,-13.05,2.33,0.83,1.5,0.309,11.8,False,False,False,False,False,False,True,False,False,False,False,True,False,False,False,False,2026-11-11,False,False,4,"thin RVOL, below 200-MA",,3,https://www.tradingview.com/chart/?symbol=NASDAQ:WEN&interval=D,False,False,False
PLUG,"Plug Power, Inc.",NASDAQ,Electronic Production Equipment,1.96,2.06,2.11,2.16,2.14,2.62,2.58,2.48,2.07,2.11,2.02,1.94,4.96,5.68,0.11,45480254.7,51454871.766666666,100851549.0,110885249.0,1.31,-1.23,2738502521.862745,-10.91,295,-21.6,340,-11.32,322,-14.61,-1.5,-7.24,1.22,0.72,18.0,0.139,28.47,False,False,False,False,False,True,True,False,False,True,False,True,False,False,True,False,2026-11-10,False,False,4,"thin RVOL, below 200-MA","near21, RVOL",4,https://www.tradingview.com/chart/?symbol=NASDAQ:PLUG&interval=D,False,False,False
NN,NextNav Inc.,NASDAQ,Packaged Software,14.45,14.92,15.16,16.03,15.27,17.36,17.37,16.99,14.91,15.24,14.56,13.93,6.35,7.03,1.02,2284851.9,2317256.9,33484362.0,37144469.0,0.62,-0.9,2439303199.600417,-9.74,283,-12.42,290,-22.12,372,-14.76,-0.76,-4.66,0.73,0.62,51.2,0.121,16.97,False,False,False,False,False,True,True,True,False,True,False,True,False,False,False,False,2026-11-05,False,False,4,"thin RVOL, below 200-MA","near21, ADR",5,https://www.tradingview.com/chart/?symbol=NASDAQ:NN&interval=D,False,False,False
PRAX,"Praxis Precision Medicines, Inc.",NASDAQ,Pharmaceuticals: Major,281.79,305.99,328.85,343.29,336.23,324.85,322.69,316.09,304.78,321.58,286.38,276.34,5.34,5.87,16.54,534311.1,394023.7333333337,111031948.0,135263619.0,1.07,-0.33,7867573460.910357,-24.68,422,-13.58,300,-6.9,305,-15.05,-2.76,-14.31,2.11,0.61,32.9,0.32,10.73,False,False,False,False,False,False,True,True,False,True,False,True,False,False,False,False,2026-11-11,False,False,4,"thin RVOL, below 200-MA",ADR,4,https://www.tradingview.com/chart/?symbol=NASDAQ:PRAX&interval=D,False,False,False
RH,RH,NYSE,Specialty Stores,121.19,127.66,136.13,144.79,159.08,153.46,149.0,161.05,128.72,136.76,125.76,120.36,5.58,6.09,7.38,968681.9,788814.6666666666,95596449.0,114211950.0,0.63,-0.54,2294509456.714423,-16.54,355,-22.47,346,-6.78,303,-15.26,-3.91,-10.98,1.87,0.73,11.2,0.279,27.55,False,False,False,False,False,False,True,False,False,False,False,True,False,False,False,False,2026-12-03,False,False,4,"thin RVOL, below 200-MA",,3,https://www.tradingview.com/chart/?symbol=NYSE:RH&interval=D,False,False,False
TTAN,"ServiceTitan, Inc.",NASDAQ,Packaged Software,59.98,58.0,72.09,78.92,79.53,73.99,71.45,76.4,61.61,68.52,62.57,59.07,6.99,7.81,4.68,4352729.4,3181895.4,190850086.0,251119958.0,0.37,0.21,5786144733.453691,-36.47,449,-5.96,251,-3.48,287,-15.3,-3.15,-16.8,1.6,0.75,19.4,1.002,35.9,False,False,False,False,False,False,True,False,False,False,False,True,False,False,False,False,2027-01-19,False,False,4,"thin RVOL, below 200-MA",,3,https://www.tradingview.com/chart/?symbol=NASDAQ:TTAN&interval=D,False,False,False
APP,Applovin Corporation,NASDAQ,Packaged Software,312.47,323.25,318.57,315.38,345.89,426.47,430.73,468.3,319.76,322.79,320.44,308.24,4.84,5.43,16.97,5467460.0,4984660.333333333,1557556814.0,1572055530.0,0.72,0.08,104568395834.00365,4.2,131,-29.98,390,-20.41,362,-15.4,-1.78,-1.92,0.59,0.72,24.9,0.101,47.92,False,False,False,False,True,True,True,False,False,True,False,True,False,True,False,False,2026-11-11,False,False,5,below 200-MA,near21,5,https://www.tradingview.com/chart/?symbol=NASDAQ:APP&interval=D,False,False,False
KTOS,"Kratos Defense & Security Solutions, Inc.",NASDAQ,Aerospace & Defense,47.02,47.33,48.25,51.67,51.63,53.33,61.7,69.94,47.49,48.93,47.36,44.81,4.58,5.31,2.5,4215162.9,3543392.3666666667,166610309.0,183095352.0,1.14,-1.53,8826656848.182844,-12.08,304,2.13,195,-37.19,418,-15.71,-1.68,-2.55,0.73,1.02,88.5,0.154,48.08,False,False,False,False,True,True,False,False,False,True,True,False,False,False,False,False,2026-10-29,False,False,3,"LoD>60% ATR, thin RVOL, below 200-MA",near21,3,https://www.tradingview.com/chart/?symbol=NASDAQ:KTOS&interval=D,False,False,False
ALGT,Allegiant Travel Company,NASDAQ,Airlines,76.84,78.71,77.62,79.11,86.7,89.91,88.33,89.34,78.43,79.52,77.94,74.78,4.2,4.86,3.74,544957.6,529193.7666666667,40663249.0,41866195.0,0.93,-1.29,2100633167.499353,-10.09,287,-30.83,396,-6.29,298,-15.74,-2.34,-1.0,0.69,0.85,55.1,0.107,16.0,False,False,False,False,True,True,True,False,False,True,False,True,False,False,False,False,2026-11-04,False,False,4,"thin RVOL, below 200-MA",near21,5,https://www.tradingview.com/chart/?symbol=NASDAQ:ALGT&interval=D,False,False,False
AN,"AutoNation, Inc.",NYSE,Specialty Stores,162.89,181.77,193.65,196.04,201.87,196.94,196.7,200.22,178.06,188.23,166.58,161.95,4.93,4.58,7.46,761250.4,507618.56666666665,82685988.0,99514390.0,0.73,0.12,5385274833.133231,-17.48,361,-14.94,308,-15.88,340,-16.1,-4.22,-15.88,2.94,0.62,12.6,0.354,12.34,False,False,False,False,False,False,True,True,False,True,False,True,False,False,False,False,2026-10-22,False,False,4,"thin RVOL, below 200-MA",ADR,4,https://www.tradingview.com/chart/?symbol=NYSE:AN&interval=D,False,False,False
CENX,Century Aluminum Company,NASDAQ,Aluminum,38.12,40.03,43.34,43.85,44.7,50.3,52.63,50.33,40.3,42.22,38.46,37.6,4.61,5.51,2.1,1691875.8,1771511.4,67530015.0,77680480.0,0.67,-1.73,3773624328.904688,-12.57,311,-15.29,311,-21.24,365,-16.37,-2.67,-12.05,1.76,0.41,24.5,0.331,33.06,False,False,False,False,False,False,True,True,False,True,False,True,False,False,False,False,2026-11-09,False,False,4,"thin RVOL, below 200-MA",ADR,4,https://www.tradingview.com/chart/?symbol=NASDAQ:CENX&interval=D,False,False,False
RKT,"Rocket Companies, Inc.",NYSE,Finance/Rental/Leasing,11.93,12.68,13.18,13.56,13.62,13.86,14.36,15.78,12.62,13.05,12.14,11.48,4.43,5.23,0.62,41587394.5,29109434.3,347275551.0,394646304.0,1.14,-0.66,33781492204.02139,-17.04,358,-19.01,331,-13.43,331,-16.49,-2.37,-9.46,1.64,1.07,72.9,0.201,25.98,False,False,False,False,False,False,False,False,False,False,True,False,False,True,False,False,2026-10-29,False,False,4,"LoD>60% ATR, below 200-MA",,1,https://www.tradingview.com/chart/?symbol=NYSE:RKT&interval=D,False,False,False
KGS,"Kodiak Gas Services, Inc.",NYSE,Oilfield Services/Equipment,52.81,57.06,59.16,60.02,60.35,65.32,63.21,57.51,56.53,58.39,53.8,51.55,4.43,5.06,2.67,2326225.4,1852805.6333333333,97846665.0,111205394.0,0.72,0.15,5339303981.838274,-11.82,302,-28.09,379,-9.83,316,-16.58,-2.47,-10.73,1.89,0.84,47.2,0.225,15.63,False,False,False,False,False,False,True,False,False,False,False,True,False,False,False,False,2026-11-11,False,False,4,"thin RVOL, below 200-MA",,3,https://www.tradingview.com/chart/?symbol=NYSE:KGS&interval=D,False,False,False
LEU,Centrus Energy Corp.,NYSE,Other Metals/Minerals,147.32,148.61,162.25,169.7,171.69,174.82,182.66,204.02,153.26,160.26,150.0,144.9,6.16,7.17,10.56,881025.6,711770.1999999988,104857986.0,120789776.0,0.58,-1.69,3013151777.5977798,-16.15,349,-11.58,286,-22.05,371,-16.6,-1.98,-9.2,1.13,0.48,23.0,0.379,37.61,False,False,False,False,False,True,True,True,False,True,False,True,False,False,False,False,2026-11-11,False,False,4,"thin RVOL, below 200-MA","near21, ADR",5,https://www.tradingview.com/chart/?symbol=NYSE:LEU&interval=D,False,False,False
EQPT,EquipmentShare.com Inc,NASDAQ,Internet Software/Services,16.32,17.87,18.02,18.51,18.68,19.74,21.08,,17.84,18.14,18.39,16.28,6.45,6.8,1.11,4354683.7,3036731.966666667,49559466.0,56203835.0,2.47,-1.16,4142130583.0088496,-14.11,323,-16.78,320,-18.93,354,-16.6,-1.86,-9.45,1.48,1.9,3.6,0.16,19.67,False,False,False,False,False,True,False,False,False,True,True,True,True,True,True,False,2026-12-02,False,False,5,below 200-MA,"near21, RVOL",3,https://www.tradingview.com/chart/?symbol=NASDAQ:EQPT&interval=D,False,False,False
SHAK,"Shake Shack, Inc.",NYSE,Restaurants,57.45,58.38,62.97,66.62,65.49,63.41,73.77,77.63,59.02,62.01,59.41,56.35,4.81,4.84,2.78,1477750.6,1192146.8333333333,68488836.0,79417246.0,1.13,0.05,2458799080.5977426,-23.62,414,5.61,182,-31.79,402,-16.6,-2.54,-8.77,1.52,1.1,39.6,0.342,33.51,False,False,False,False,False,False,False,False,False,False,True,True,False,False,False,False,2026-10-29,False,False,4,"thin RVOL, below 200-MA",,2,https://www.tradingview.com/chart/?symbol=NYSE:SHAK&interval=D,False,False,False
MWH,"SOLV Energy, Inc.",NASDAQ,Engineering & Construction,25.05,25.9,25.66,27.05,27.53,31.68,31.61,,25.82,26.23,25.31,24.4,4.77,5.55,1.39,1329879.6,1668077.9333333333,41785352.0,45120396.0,0.63,-1.77,5069910344.787819,-12.69,312,-30.01,391,-8.38,314,-17.02,-1.62,-2.36,0.81,0.65,46.7,0.139,24.06,False,False,False,False,True,True,True,False,False,True,False,True,False,False,False,False,2026-12-02,False,False,4,"thin RVOL, below 200-MA",near21,5,https://www.tradingview.com/chart/?symbol=NASDAQ:MWH&interval=D,False,False,False
ALKT,"Alkami Technology, Inc.",NASDAQ,Packaged Software,14.18,18.19,18.95,19.4,18.98,17.88,17.48,18.3,17.46,18.43,14.38,13.76,7.02,7.54,1.07,2614588.7,1717447.4,24353404.0,33313327.0,1.74,-2.95,1516437293.882192,-28.37,440,-11.82,288,-11.26,321,-17.15,-3.35,-25.17,3.06,0.58,39.3,0.35,10.57,False,False,False,False,False,False,True,True,False,True,False,True,True,True,True,False,2026-10-29,False,True,4,"below 200-MA, large gap","ADR, RVOL",4,https://www.tradingview.com/chart/?symbol=NASDAQ:ALKT&interval=D,False,False,False
STNE,StoneCo Ltd.,NASDAQ,Miscellaneous Commercial Services,9.16,9.69,9.82,9.72,10.22,10.53,11.78,12.72,9.64,9.78,9.52,9.13,4.1,4.35,0.4,4431958.8,6189471.666666667,56695560.0,60181265.0,0.76,0.0,2227970505.045311,-4.08,219,-14.23,305,-33.62,408,-17.31,-2.39,-6.76,1.47,0.99,7.5,0.122,33.09,False,False,False,False,False,True,True,False,False,True,False,True,False,False,False,False,2026-11-17,False,False,4,"thin RVOL, below 200-MA",near21,4,https://www.tradingview.com/chart/?symbol=NASDAQ:STNE&interval=D,False,False,False
CRI,"Carter's, Inc.",NYSE,Apparel/Footwear Retail,30.26,30.0,31.25,33.0,35.42,37.05,36.8,36.37,30.43,31.66,30.48,29.66,4.21,4.4,1.33,1744423.6,1469531.4333333333,44468021.0,48491598.0,0.76,1.78,1110880489.1528385,-11.62,300,-29.23,387,-11.16,320,-17.34,-3.31,-3.16,1.01,0.62,45.1,0.19,23.28,False,False,False,False,False,True,True,True,False,True,False,True,False,False,False,False,2026-10-23,False,False,4,"thin RVOL, below 200-MA","near21, ADR",5,https://www.tradingview.com/chart/?symbol=NYSE:CRI&interval=D,False,False,False
INTU,Intuit Inc.,NASDAQ,Packaged Software,277.13,308.48,323.04,333.84,325.03,319.61,351.2,405.33,303.18,316.12,291.8,276.78,4.26,5.06,14.03,3891975.9,4044676.2333333334,1120901125.0,1350284151.0,1.23,0.96,74059107430.18379,-23.94,418,6.46,174,-35.02,410,-17.5,-2.91,-14.21,2.44,1.07,2.5,0.281,34.95,False,False,False,False,False,False,False,False,False,False,True,True,False,True,True,False,2026-12-01,False,False,5,below 200-MA,RVOL,2,https://www.tradingview.com/chart/?symbol=NASDAQ:INTU&interval=D,False,False,False
PII,Polaris Inc.,NYSE,Recreational Products,52.38,55.41,58.58,61.07,65.23,66.35,63.26,64.42,55.26,58.23,53.46,51.78,4.14,4.53,2.37,912076.8,823167.8333333334,43117531.0,50269762.0,0.93,0.11,2980606431.226672,-19.5,384,-26.57,371,-7.11,307,-17.73,-4.34,-10.58,2.22,0.71,25.1,0.259,20.88,False,False,False,False,False,False,True,False,False,False,False,True,False,False,False,False,2026-10-27,False,False,4,"thin RVOL, below 200-MA",,3,https://www.tradingview.com/chart/?symbol=NYSE:PII&interval=D,False,False,False
HYMC,Hycroft Mining Holding Corporation,NASDAQ,Precious Metals,20.89,21.08,22.1,23.48,22.86,26.07,30.52,30.58,21.46,22.15,21.16,20.22,5.94,7.79,1.63,2417657.9,2089387.5333333286,43647306.0,49066132.0,0.62,-1.55,1946565290.483537,-16.12,347,-5.82,250,-31.98,405,-17.97,-1.11,-5.47,0.73,0.58,41.1,0.256,45.52,False,False,False,False,False,True,True,False,False,True,False,True,False,False,False,False,2026-11-03,False,False,4,"thin RVOL, below 200-MA",near21,4,https://www.tradingview.com/chart/?symbol=NASDAQ:HYMC&interval=D,False,False,False
AAP,Advance Auto Parts Inc.,NYSE,Specialty Stores,41.43,42.58,42.81,45.21,49.47,53.18,53.4,51.74,42.28,43.84,42.2,40.75,4.1,4.93,2.04,1763293.7,2341485.9,97007761.0,105859358.0,0.97,1.61,2502371970.767153,-5.04,231,-29.28,388,-20.08,358,-18.13,-3.3,-3.23,1.12,0.71,33.3,0.098,26.11,False,False,False,False,False,True,True,False,True,True,False,True,False,False,False,False,2026-11-18,False,False,4,"thin RVOL, below 200-MA","near21, BB",5,https://www.tradingview.com/chart/?symbol=NYSE:AAP&interval=D,False,False,False
FLUT,Flutter Entertainment plc,NYSE,Casinos/Gaming,81.89,92.4,96.06,97.14,99.01,100.71,103.31,124.75,90.44,94.26,86.09,80.69,4.82,5.35,4.38,3100442.0,2650115.3666666667,217017947.0,257428673.0,0.93,-0.49,14211117475.824429,-18.95,380,-15.1,309,-20.39,361,-18.15,-3.23,-14.75,2.45,1.23,27.3,0.253,39.5,False,False,False,False,False,False,False,False,False,False,True,True,False,True,False,False,2026-11-18,False,False,5,below 200-MA,,2,https://www.tradingview.com/chart/?symbol=NYSE:FLUT&interval=D,False,False,False
FSLR,"First Solar, Inc.",NASDAQ,Semiconductors,172.16,197.13,201.27,206.15,211.53,230.57,219.98,226.76,194.68,201.21,190.0,170.8,6.1,6.04,10.4,2574824.0,2145554.3666666667,369378640.0,442296020.0,2.95,-1.03,18501998750.184715,-18.64,376,-28.67,382,-7.22,308,-18.18,-3.08,-14.46,2.39,1.85,13.1,0.171,19.42,False,False,False,False,False,False,False,False,False,False,True,True,True,True,True,False,2026-10-29,False,False,5,below 200-MA,RVOL,2,https://www.tradingview.com/chart/?symbol=NASDAQ:FSLR&interval=D,False,False,False
TPL,Texas Pacific Land Corporation,NYSE,Investment Trusts/Mutual Funds,338.25,355.05,362.36,364.03,375.32,384.65,416.84,395.7,352.81,359.93,342.67,334.13,4.34,4.56,15.41,499171.8999999996,395120.0333333332,133649351.0,143835019.0,0.7,0.72,23330684167.840443,-8.13,262,-11.17,284,-35.33,411,-18.21,-2.17,-6.65,1.32,0.55,26.8,0.132,18.27,False,False,False,False,False,True,True,True,False,True,False,True,False,True,False,False,2026-11-04,False,False,5,below 200-MA,"near21, ADR",5,https://www.tradingview.com/chart/?symbol=NYSE:TPL&interval=D,False,False,False
OKLO,Oklo Inc.,NYSE,Industrial Machinery,38.29,37.94,39.38,40.53,41.32,50.73,53.87,61.26,38.89,39.64,38.63,37.56,5.71,6.84,2.62,11508425.0,9880346.5,378318467.0,400450444.0,0.62,-1.21,7122615931.929933,-6.06,236,-23.42,357,-25.68,383,-18.39,-1.07,-2.77,0.5,0.41,27.9,0.219,60.9,False,False,False,False,True,True,True,True,False,True,False,True,False,False,False,False,2026-11-18,False,False,4,"thin RVOL, below 200-MA","near21, ADR",6,https://www.tradingview.com/chart/?symbol=NYSE:OKLO&interval=D,False,False,False
FOUR,"Shift4 Payments, Inc.",NYSE,Miscellaneous Commercial Services,38.16,41.02,42.11,43.73,46.01,44.8,45.45,49.83,40.31,42.09,38.9,37.43,6.28,6.63,2.53,2098179.9,2013338.2333333334,76828987.0,88040596.0,0.71,-0.86,3013117860.5054603,-22.91,412,-11.77,287,-20.48,363,-18.39,-2.57,-9.39,1.41,0.58,28.9,0.221,23.1,False,False,False,False,False,True,True,True,False,True,False,True,False,False,False,False,2026-11-11,False,False,4,"thin RVOL, below 200-MA","near21, ADR",5,https://www.tradingview.com/chart/?symbol=NYSE:FOUR&interval=D,False,False,False
LGN,Legence Corp.,NASDAQ,Engineering & Construction,52.45,54.1,54.02,56.57,60.41,72.39,68.66,63.14,53.95,55.34,53.35,50.82,4.8,5.7,2.99,905029.4,931835.3666666667,48874765.0,52716101.0,0.61,-1.74,5668558553.735827,-9.04,274,-35.25,414,-11.12,319,-18.47,-2.31,-2.9,0.91,0.85,54.5,0.125,35.02,False,False,False,False,True,True,True,False,False,True,False,True,False,False,False,False,2026-11-13,False,False,4,"thin RVOL, below 200-MA",near21,5,https://www.tradingview.com/chart/?symbol=NASDAQ:LGN&interval=D,False,False,False
CHWY,"Chewy, Inc.",NYSE,Internet Retail,18.32,20.25,21.65,22.23,22.29,21.5,22.99,24.97,20.13,21.14,19.11,18.14,5.43,5.6,1.03,11619612.1,9050065.133333333,165797193.0,201219148.0,1.17,0.11,7363306905.449056,-25.29,425,0.55,202,-31.49,400,-18.74,-3.18,-15.37,2.38,0.95,18.0,0.326,25.79,False,False,False,False,False,False,True,False,False,False,False,True,False,False,False,False,2026-12-03,False,False,4,"thin RVOL, below 200-MA",,3,https://www.tradingview.com/chart/?symbol=NYSE:CHWY&interval=D,False,False,False
ZG,"Zillow Group, Inc.",NASDAQ,Internet Software/Services,28.91,31.41,33.09,34.15,33.93,34.62,37.67,44.1,31.14,32.48,29.94,28.37,4.67,5.39,1.56,1052576.7,955783.8666666667,27631712.0,32641771.0,1.16,0.78,6374629055.860647,-24.76,423,-0.93,210,-30.54,396,-18.74,-2.75,-12.63,2.04,1.01,34.6,0.278,43.9,False,False,False,False,False,False,False,False,False,False,True,True,False,False,False,False,2026-11-04,False,False,4,"thin RVOL, below 200-MA",,2,https://www.tradingview.com/chart/?symbol=NASDAQ:ZG&interval=D,False,False,False
FDXF,"FedEx Freight Holding Company, Inc.",NYSE,Trucking,113.81,121.86,125.38,129.87,136.51,,,,120.72,125.37,119.76,113.75,4.2,4.67,5.31,2190830.6,1607131.3666666667,182907621.0,208722972.0,0.92,-0.01,17016659994.720266,-14.12,324,-26.74,372,-15.7,338,-18.85,-3.56,-9.23,1.98,1.13,1.1,0.173,12.87,False,False,False,False,False,False,False,False,False,False,True,True,False,True,False,False,2026-12-02,False,False,5,below 200-MA,,2,https://www.tradingview.com/chart/?symbol=NYSE:FDXF&interval=D,False,False,False
LPTH,"LightPath Technologies, Inc.",NASDAQ,Electronic Components,10.06,9.72,10.06,11.31,11.4,12.72,12.51,12.05,9.97,10.4,10.14,9.55,6.02,8.23,0.83,3237747.7,3458861.1333333333,34796143.0,39128943.0,0.68,-1.83,704564677.5637103,-26.94,437,-23.21,352,-6.68,302,-18.94,-1.43,0.0,0.4,0.71,61.6,0.394,29.85,False,False,False,False,True,True,True,False,False,True,False,False,False,False,False,False,2026-11-05,False,False,3,"LoD>60% ATR, thin RVOL, below 200-MA",near21,4,https://www.tradingview.com/chart/?symbol=NASDAQ:LPTH&interval=D,False,False,False
UEC,Uranium Energy Corp.,AMEX,Other Metals/Minerals,9.47,10.07,10.99,11.29,10.81,11.61,12.46,13.15,10.2,10.65,9.87,9.33,5.48,6.45,0.61,9384438.2,8636192.033333333,81784739.0,97514123.0,1.42,-1.01,4686441306.305529,-23.69,415,-8.5,261,-26.07,386,-19.42,-1.92,-13.82,1.72,0.88,22.9,0.383,32.48,False,False,False,False,False,False,True,False,False,False,False,True,False,False,True,False,2026-09-29,False,False,4,"thin RVOL, below 200-MA",RVOL,3,https://www.tradingview.com/chart/?symbol=AMEX:UEC&interval=D,False,False,False
GT,The Goodyear Tire & Rubber Company,NASDAQ,Automotive Aftermarket,5.07,5.22,5.63,5.77,6.24,6.25,6.55,7.21,5.31,5.56,5.37,5.06,4.81,5.34,0.27,11810015.6,9348772.0,47398274.0,53979810.0,0.89,0.56,1459646667.2471912,-15.5,337,-20.16,336,-22.83,376,-19.5,-3.51,-10.02,1.65,1.14,3.7,0.327,39.17,False,False,False,False,False,False,False,False,False,False,True,True,False,False,False,False,2026-11-09,False,False,4,"thin RVOL, below 200-MA",,2,https://www.tradingview.com/chart/?symbol=NASDAQ:GT&interval=D,False,False,False
ENPH,"Enphase Energy, Inc.",NASDAQ,Electrical Products,32.82,35.1,36.0,36.9,37.88,44.24,42.44,41.22,34.75,35.95,33.0,31.54,5.66,5.75,1.89,4628714.5,4240687.2,139179354.0,156462275.0,1.6,-0.79,4336986980.792259,-13.06,315,-28.93,385,-16.59,343,-19.53,-2.32,-8.84,1.51,0.77,67.8,0.172,27.85,False,False,False,False,False,False,True,False,False,False,False,False,True,True,True,False,2026-10-27,False,False,4,"LoD>60% ATR, below 200-MA",RVOL,2,https://www.tradingview.com/chart/?symbol=NASDAQ:ENPH&interval=D,False,False,False
EYE,"National Vision Holdings, Inc.",NASDAQ,Specialty Stores,16.41,16.67,16.87,17.46,19.03,18.7,21.13,22.74,16.66,17.16,16.71,16.14,4.73,5.11,0.84,2836130.5,2337647.033333333,38360788.0,40812590.0,0.59,0.98,1297527475.8007338,-9.54,280,-9.04,265,-40.28,428,-19.62,-2.7,-2.72,0.86,0.68,32.2,0.106,37.04,False,False,False,False,True,True,True,True,False,True,False,True,False,False,False,False,2026-11-11,False,False,4,"thin RVOL, below 200-MA","near21, ADR",6,https://www.tradingview.com/chart/?symbol=NASDAQ:EYE&interval=D,False,False,False
IBP,"Installed Building Products, Inc.",NYSE,Engineering & Construction,196.29,201.39,216.47,225.89,228.63,223.66,246.09,257.75,204.94,213.66,204.55,196.0,4.85,4.93,9.68,536502.2,379892.3,74569060.0,85815518.0,0.92,0.31,5217226648.654816,-20.76,398,-13.08,294,-25.36,382,-19.74,-2.87,-9.32,1.65,0.88,3.0,0.335,28.71,False,False,False,False,False,False,True,False,False,False,False,True,False,False,False,False,2026-11-11,False,False,4,"thin RVOL, below 200-MA",,3,https://www.tradingview.com/chart/?symbol=NYSE:IBP&interval=D,False,False,False
FTFT,Future FinTech Group Inc.,NASDAQ,Finance/Rental/Leasing,4.42,5.28,3.58,3.39,3.73,9.41,13.76,21.6,4.55,4.13,4.7,4.21,36.74,30.32,1.34,21698253.3,11025299.008333333,48731822.0,37328502.0,0.02,-5.18,35702514.162162155,76.04,3,-58.5,448,-77.45,454,-19.97,0.61,23.46,0.23,0.37,15.7,2.233,407.62,False,False,False,False,False,True,True,True,False,True,False,True,False,False,False,False,,False,True,3,"thin RVOL, below 200-MA, large gap","near21, ADR",5,https://www.tradingview.com/chart/?symbol=NASDAQ:FTFT&interval=D,True,False,False
QNT,Quantinuum Inc.,NASDAQ,Computer Processing Hardware,49.39,50.69,50.15,52.91,54.1,,,,50.64,51.47,49.74,47.21,6.53,7.45,3.68,2177425.6,1744404.5666666667,86156142.0,92297318.0,1.11,-2.22,13004789245.130913,-6.6,240,-26.56,370,-27.37,391,-20.18,-1.17,-1.51,0.54,0.69,59.3,0.143,8.0,False,False,False,False,True,True,True,False,False,True,False,True,False,True,False,False,2026-12-02,False,True,4,"below 200-MA, large gap",near21,5,https://www.tradingview.com/chart/?symbol=NASDAQ:QNT&interval=D,False,False,False
SFM,"Sprouts Farmers Market, Inc.",NASDAQ,Food Retail,65.42,70.16,74.38,77.0,78.55,81.01,79.49,78.39,69.85,73.39,67.06,65.25,4.57,4.82,3.15,1980778.1,1770992.2,115858310.0,136366990.0,0.99,1.5,6100259746.566976,-23.75,416,-21.66,342,-15.13,335,-20.18,-3.47,-12.05,2.25,0.58,5.4,0.284,16.58,False,False,False,False,False,False,True,True,False,True,False,True,False,False,False,False,2026-11-04,False,False,4,"thin RVOL, below 200-MA",ADR,4,https://www.tradingview.com/chart/?symbol=NASDAQ:SFM&interval=D,False,False,False
Z,"Zillow Group, Inc.",NASDAQ,Internet Software/Services,28.14,30.78,32.38,33.43,33.41,34.27,37.44,44.13,30.48,31.82,29.2,27.64,4.74,5.48,1.54,4268837.9,3668734.1333333333,103238179.0,122637222.0,1.66,0.63,6356446538.238744,-24.92,424,-4.35,238,-31.85,403,-20.37,-2.88,-13.09,2.11,1.01,32.4,0.274,47.44,False,False,False,False,False,False,False,False,False,False,True,True,True,True,True,False,2026-11-04,False,False,5,below 200-MA,RVOL,2,https://www.tradingview.com/chart/?symbol=NASDAQ:Z&interval=D,False,False,False
DNN,Denison Mines Corp,AMEX,Other Metals/Minerals,2.63,2.86,3.11,3.19,3.11,3.21,3.4,3.39,2.89,3.03,2.82,2.62,5.3,6.11,0.16,23728850.1,25787558.833333332,67821280.0,82365463.0,1.7,-0.35,2380718410.065,-25.92,429,-13.77,304,-21.49,367,-20.39,-2.54,-15.49,2.15,1.25,6.2,0.354,20.51,False,False,False,False,False,False,False,False,False,False,True,True,True,True,True,False,2026-11-03,False,False,5,below 200-MA,RVOL,2,https://www.tradingview.com/chart/?symbol=AMEX:DNN&interval=D,False,False,False
CELC,Celcuity Inc.,NASDAQ,Medical Specialties,79.37,82.52,87.24,88.84,88.69,100.2,105.07,105.2,83.19,85.95,80.19,77.07,4.66,5.2,4.12,942622.9,858600.0,68147082.0,76273731.0,1.34,-0.33,3883725407.0625086,-14.17,325,-17.52,324,-29.7,394,-20.46,-2.02,-9.03,1.47,0.76,55.8,0.251,28.57,False,False,False,False,False,True,True,False,False,True,False,True,False,False,True,False,2026-11-18,False,False,4,"thin RVOL, below 200-MA","near21, RVOL",4,https://www.tradingview.com/chart/?symbol=NASDAQ:CELC&interval=D,False,False,False
AESI,Atlas Energy Solutions Inc.,NYSE,Oilfield Services/Equipment,10.99,12.93,13.15,12.91,12.54,14.79,14.17,13.32,12.55,12.82,11.52,10.97,6.51,6.98,0.77,2996566.6,3048433.966666667,33502289.0,39353250.0,1.52,-0.43,1373788037.6111112,-7.65,254,-32.95,407,-22.28,373,-20.96,-1.77,-16.42,2.05,0.72,2.6,0.255,20.51,False,False,False,False,False,False,True,False,False,False,False,True,True,True,True,False,2026-11-02,False,False,5,below 200-MA,RVOL,3,https://www.tradingview.com/chart/?symbol=NYSE:AESI&interval=D,False,False,False
UAA,"Under Armour, Inc.",NYSE,Apparel/Footwear,4.5,4.85,4.96,5.06,5.72,5.84,6.04,5.97,4.79,4.99,4.59,4.46,4.28,4.66,0.21,10595895.8,8401632.366666667,37807346.0,42503858.0,1.09,1.32,1916563640.066225,-15.09,335,-25.86,367,-22.95,377,-21.3,-4.59,-9.2,2.12,0.6,16.7,0.155,26.45,False,False,False,False,False,False,True,True,False,True,False,True,False,False,False,False,2026-11-05,False,False,4,"thin RVOL, below 200-MA",ADR,4,https://www.tradingview.com/chart/?symbol=NYSE:UAA&interval=D,False,False,False
LMND,"Lemonade, Inc.",NYSE,Multi-Line Insurance,45.28,47.86,50.0,50.77,53.29,56.35,57.55,62.77,47.59,49.44,45.4,43.28,4.76,5.15,2.33,1151382.0,1010521.7666666667,45756426.0,51300822.0,1.15,-0.41,3504518733.93688,-16.15,348,-18.56,329,-30.34,395,-21.68,-2.92,-9.45,1.64,0.91,85.8,0.224,32.92,False,False,False,False,False,False,True,False,False,False,False,False,False,False,False,False,2026-11-10,False,False,3,"LoD>60% ATR, thin RVOL, below 200-MA",,2,https://www.tradingview.com/chart/?symbol=NYSE:LMND&interval=D,False,False,False
FMC,FMC Corporation,NYSE,Chemicals: Agricultural,9.59,10.51,11.35,11.13,11.05,11.65,12.9,13.35,10.5,10.89,10.11,9.54,6.24,6.44,0.62,4152572.4,3324685.1333333333,31883730.0,36989339.0,1.39,0.0,1200925321.9797978,-13.76,319,-14.6,307,-38.05,423,-22.14,-2.05,-15.48,1.86,0.92,8.1,0.385,29.62,False,False,False,False,False,False,True,False,False,False,False,True,False,False,True,False,2026-10-29,False,False,4,"thin RVOL, below 200-MA",RVOL,3,https://www.tradingview.com/chart/?symbol=NYSE:FMC&interval=D,False,False,False
QS,QuantumScape Corporation,NASDAQ,Electrical Products,4.94,5.07,5.28,5.49,5.54,6.6,6.67,7.55,5.09,5.27,4.96,4.76,4.36,5.22,0.26,11603866.1,13816123.633333333,68251651.0,75866638.0,1.04,-0.61,3058420695.0305505,-14.97,332,-28.92,384,-22.57,374,-22.16,-2.08,-6.5,1.2,0.76,67.9,0.199,50.21,False,False,False,False,False,True,True,False,False,True,False,False,False,False,False,False,2026-10-28,False,False,3,"LoD>60% ATR, thin RVOL, below 200-MA",near21,3,https://www.tradingview.com/chart/?symbol=NASDAQ:QS&interval=D,False,False,False
JOBY,"Joby Aviation, Inc.",NYSE,Aerospace & Defense,6.3,6.26,6.51,6.88,7.18,8.46,8.7,9.85,6.34,6.59,6.32,6.1,4.11,4.87,0.31,25296913.0,24881779.033333335,156755208.0,171178346.0,0.75,-1.28,6261409039.536,-13.93,321,-28.08,378,-24.64,381,-22.22,-2.52,-3.28,0.89,0.72,65.2,0.193,56.94,False,False,False,False,False,True,True,False,False,True,False,False,False,False,False,False,2026-11-11,False,False,3,"LoD>60% ATR, thin RVOL, below 200-MA",near21,3,https://www.tradingview.com/chart/?symbol=NYSE:JOBY&interval=D,False,False,False
ENOV,Enovis Corporation,NYSE,Medical Specialties,18.27,18.29,19.67,21.67,24.09,23.83,23.79,24.06,18.57,19.95,18.5,17.68,5.77,6.47,1.18,2259766.3,1667497.966666667,30465188.0,36139683.0,0.76,0.44,1053621583.7023027,-27.59,439,-17.52,323,-21.59,369,-22.23,-3.73,-7.1,1.3,0.7,50.3,0.462,31.74,False,False,False,False,False,True,True,False,False,True,False,True,False,False,False,False,2026-11-11,False,False,4,"thin RVOL, below 200-MA",near21,4,https://www.tradingview.com/chart/?symbol=NYSE:ENOV&interval=D,False,False,False
AMPX,"Amprius Technologies, Inc.",NYSE,Electrical Products,9.69,9.49,9.68,10.06,10.21,13.22,14.5,13.49,9.65,9.81,9.86,9.37,4.78,5.8,0.56,4502280.4,4650683.3,45065121.0,46767271.0,1.07,-2.26,1415521213.1778007,-3.68,212,-19.98,335,-43.27,432,-22.31,-0.88,0.14,0.21,0.87,57.0,0.147,51.71,False,False,False,False,True,True,True,False,False,True,False,True,False,False,False,False,2026-11-05,False,True,3,"thin RVOL, below 200-MA, large gap",near21,5,https://www.tradingview.com/chart/?symbol=NYSE:AMPX&interval=D,False,False,False
BOOT,"Boot Barn Holdings, Inc.",NYSE,Apparel/Footwear Retail,126.0,128.82,139.23,146.96,150.7,156.63,159.84,167.58,129.81,137.62,127.38,123.44,4.65,4.81,6.06,853076.8,661549.9,83355287.0,97223358.0,0.71,0.35,3815890208.8199854,-22.07,407,-27.44,375,-17.5,347,-22.34,-3.41,-9.51,1.76,0.65,42.3,0.351,30.76,False,False,False,False,False,False,True,True,False,True,False,True,False,False,False,False,2026-11-04,False,False,4,"thin RVOL, below 200-MA",ADR,4,https://www.tradingview.com/chart/?symbol=NYSE:BOOT&interval=D,False,False,False
TNDM,"Tandem Diabetes Care, Inc.",NASDAQ,Medical Specialties,15.22,16.86,18.64,19.94,19.62,17.84,19.17,19.59,17.13,18.25,16.6,15.2,7.38,7.68,1.17,2498686.2,1800343.2666666666,27401225.0,35899745.0,1.11,0.31,1058987833.5128207,-31.32,444,-3.0,230,-33.3,407,-22.54,-2.92,-18.36,2.16,1.2,1.7,0.431,18.17,False,False,False,False,False,False,False,False,False,False,True,True,False,False,False,False,2026-11-04,False,False,4,"thin RVOL, below 200-MA",,2,https://www.tradingview.com/chart/?symbol=NASDAQ:TNDM&interval=D,False,False,False
FICO,Fair Isaac Corporation,NYSE,Financial Publishing/Services,856.48,945.53,1002.23,1043.5,1092.02,1138.26,1140.17,1251.18,934.52,987.43,892.85,855.0,4.79,5.46,46.78,405122.5,366237.1,313674751.0,382166705.0,1.28,0.97,18497942552.645916,-25.98,430,-25.56,365,-16.31,341,-22.62,-3.95,-14.54,2.43,0.81,3.2,0.365,35.69,False,False,False,False,False,False,True,False,False,False,False,True,False,True,True,False,2026-11-11,False,False,5,below 200-MA,RVOL,3,https://www.tradingview.com/chart/?symbol=NYSE:FICO&interval=D,False,False,False
TRIP,"TripAdvisor, Inc.",NASDAQ,Other Consumer Services,8.52,8.79,9.07,9.47,11.03,11.47,11.14,11.75,8.73,9.21,8.64,8.06,4.49,5.08,0.43,5090868.0,3912283.3666666667,33332654.0,37059756.0,1.4,0.25,998538379.3432837,-16.39,350,-33.33,409,-18.23,352,-22.65,-4.48,-6.11,1.48,1.35,106.4,0.194,34.79,False,False,False,False,False,True,False,False,False,True,True,False,False,False,True,False,2026-11-09,False,False,3,"LoD>60% ATR, thin RVOL, below 200-MA","near21, RVOL",2,https://www.tradingview.com/chart/?symbol=NASDAQ:TRIP&interval=D,False,False,False
EROC,"ERock, Inc.",NYSE,Electrical Products,12.06,12.4,12.31,13.06,12.26,,,,12.5,12.52,12.26,11.75,8.16,9.32,1.12,3106650.2,3053803.433333333,36828869.0,39885727.0,0.52,-2.64,2645965057.6581473,-11.65,301,-17.06,321,-40.0,427,-22.9,-0.17,-2.06,0.4,0.45,27.6,0.243,1.19,False,False,False,False,True,True,True,True,False,True,False,True,False,False,False,True,2026-12-02,False,True,3,"thin RVOL, below 200-MA, large gap","near21, ADR",7,https://www.tradingview.com/chart/?symbol=NYSE:EROC&interval=D,False,False,False
NXT,Nextpower Inc.,NASDAQ,Electronic Equipment/Instruments,79.97,81.46,82.72,85.79,91.59,108.08,110.25,108.02,81.79,83.97,80.26,77.5,4.64,5.33,4.26,2331139.5,2087913.3333333333,166970429.0,179117213.0,0.77,-2.04,12133809568.55568,-8.92,273,-27.95,377,-31.88,404,-22.92,-2.38,-3.33,0.89,0.65,58.0,0.115,36.0,False,False,False,False,False,True,True,True,False,True,False,True,False,True,False,False,2026-10-22,False,True,4,"below 200-MA, large gap","near21, ADR",5,https://www.tradingview.com/chart/?symbol=NASDAQ:NXT&interval=D,False,False,False
WHR,Whirlpool Corporation,NYSE,Electronics/Appliances,32.98,33.18,35.92,37.45,38.38,39.83,45.99,54.77,33.72,35.42,33.16,32.17,4.18,4.79,1.58,3127406.0,2500330.9,82460913.0,93634892.0,0.64,0.36,2150275537.9781356,-18.49,374,-12.59,291,-37.95,420,-23.01,-2.94,-8.2,1.44,0.62,51.3,0.337,65.47,False,False,False,False,False,True,True,True,False,True,False,True,False,False,False,False,2026-10-15,False,False,4,"thin RVOL, below 200-MA","near21, ADR",5,https://www.tradingview.com/chart/?symbol=NYSE:WHR&interval=D,False,False,False
RSI,"Rush Street Interactive, Inc.",NYSE,Casinos/Gaming,19.54,23.61,24.99,25.2,26.74,27.83,25.81,23.97,22.8,24.31,20.65,19.1,6.37,6.55,1.28,4627269.3,2957691.8,57793298.0,74539749.0,2.57,0.44,4528851215.282102,-26.12,431,-35.28,415,-8.16,311,-23.19,-4.11,-21.82,3.0,1.21,34.4,0.366,21.61,False,False,False,False,False,False,False,False,False,False,True,True,True,True,True,False,2026-11-04,False,False,5,below 200-MA,RVOL,2,https://www.tradingview.com/chart/?symbol=NYSE:RSI&interval=D,False,False,False
ALM,Almonty Industries Inc.,NASDAQ,Other Metals/Minerals,12.4,14.07,16.01,16.3,15.08,16.48,17.25,15.51,14.3,15.16,13.17,12.37,8.73,9.63,1.19,6544012.5,6493668.1,80521484.0,105828391.0,1.05,-4.77,3577161188.017622,-32.2,445,-22.93,348,-14.54,334,-23.23,-1.84,-22.54,1.89,0.67,2.5,0.518,25.62,False,False,False,False,False,False,True,True,False,True,False,True,False,False,False,False,2026-11-17,False,True,3,"thin RVOL, below 200-MA, large gap",ADR,4,https://www.tradingview.com/chart/?symbol=NASDAQ:ALM&interval=D,False,False,False
SEDG,"SolarEdge Technologies, Inc.",NASDAQ,Electrical Products,31.91,34.76,34.38,33.34,36.71,46.74,45.36,42.14,34.34,34.6,32.79,31.45,8.66,8.44,2.69,3140556.9,3108275.6666666665,99185077.0,103624730.0,0.93,-3.39,1963286445.6866565,3.6,138,-38.01,420,-35.51,413,-23.31,-1.55,-7.18,0.92,0.5,17.1,0.175,38.73,False,False,False,False,False,True,True,True,False,True,False,True,False,False,False,False,2026-11-11,False,True,3,"thin RVOL, below 200-MA, large gap","near21, ADR",5,https://www.tradingview.com/chart/?symbol=NASDAQ:SEDG&interval=D,False,False,False
NAMS,NewAmsterdam Pharma Company N.V.,NASDAQ,Pharmaceuticals: Major,22.74,22.32,23.67,24.9,26.55,30.04,30.66,31.52,22.82,23.79,23.19,21.95,6.74,6.12,1.39,2052339.2,1524566.7666666666,34668648.0,37955614.0,0.85,-0.93,2718275291.3201056,-15.78,344,-27.95,376,-26.55,389,-23.42,-2.34,-3.91,0.72,0.89,56.8,0.295,40.46,False,False,False,False,False,True,True,False,False,True,False,True,False,False,False,False,2026-11-11,False,False,4,"thin RVOL, below 200-MA",near21,4,https://www.tradingview.com/chart/?symbol=NASDAQ:NAMS&interval=D,False,False,False
LBRT,Liberty Energy Inc.,NYSE,Oilfield Services/Equipment,18.24,19.11,19.72,19.84,20.09,24.54,26.09,24.87,18.98,19.5,18.52,17.93,4.87,5.26,0.96,3696341.4,3443934.466666667,62817365.0,68329956.0,1.07,0.22,2976611603.231527,-0.87,184,-32.59,405,-38.69,425,-24.05,-1.75,-7.52,1.23,0.61,32.3,0.212,38.29,False,False,False,False,False,True,True,True,False,True,False,True,False,False,False,False,2026-10-21,False,False,4,"thin RVOL, below 200-MA","near21, ADR",5,https://www.tradingview.com/chart/?symbol=NYSE:LBRT&interval=D,False,False,False
TTD,"The Trade Desk, Inc.",NASDAQ,Packaged Software,12.63,13.94,13.99,13.83,15.24,17.78,19.79,23.37,13.58,13.97,12.85,12.49,4.71,5.24,0.66,33313755.699999996,23390285.73333334,295419309.0,323479855.0,0.58,0.55,5934591816.638802,-3.77,215,-27.41,373,-41.55,431,-24.25,-3.27,-9.71,1.83,0.54,21.2,0.192,74.73,False,False,False,False,False,False,True,True,False,True,False,True,False,False,False,False,2026-11-05,False,False,4,"thin RVOL, below 200-MA",ADR,4,https://www.tradingview.com/chart/?symbol=NASDAQ:TTD&interval=D,False,False,False
HUBG,"Hub Group, Inc.",NASDAQ,Air Freight/Couriers,30.03,32.91,35.14,36.8,41.07,42.17,41.24,42.15,32.73,35.0,31.61,29.92,5.22,5.56,1.67,1470917.8,1264725.2666666666,37979700.0,46545684.0,0.54,0.0,1836439842.1796181,-25.37,426,-31.83,403,-15.72,339,-24.31,-4.84,-14.54,2.56,1.01,6.6,0.32,30.82,False,False,False,False,False,False,False,False,False,False,True,True,False,False,False,False,2026-10-22,False,False,4,"thin RVOL, below 200-MA",,2,https://www.tradingview.com/chart/?symbol=NASDAQ:HUBG&interval=D,False,False,False
FTAI,FTAI Aviation Ltd.,NASDAQ,Aerospace & Defense,174.53,185.72,188.71,195.5,202.89,226.2,235.67,235.83,186.28,190.86,182.97,174.22,4.32,5.48,9.57,1467840.2000000016,1301706.4666666684,227186830.0,254485784.0,1.02,-1.77,17925468287.37251,-13.96,322,-33.39,411,-26.84,390,-24.73,-2.55,-7.52,1.56,0.91,3.2,0.156,28.71,False,False,False,False,False,False,True,False,False,False,False,True,False,True,False,False,2026-11-03,False,False,5,below 200-MA,,3,https://www.tradingview.com/chart/?symbol=NASDAQ:FTAI&interval=D,False,False,False
MAIR,Madison Air Solutions Corporation,NYSE,Industrial Machinery,24.37,24.28,25.09,26.12,28.69,34.02,,,24.63,25.47,25.06,24.14,4.32,5.41,1.32,2855537.3,2919500.8,71148234.0,76248602.0,0.71,-0.83,12226979919.256927,-12.37,309,-38.68,422,-23.84,378,-24.96,-2.78,-2.87,0.8,0.7,17.4,0.164,39.98,False,False,False,False,True,True,True,False,False,True,False,True,False,True,False,False,2026-12-02,False,False,5,below 200-MA,near21,5,https://www.tradingview.com/chart/?symbol=NYSE:MAIR&interval=D,False,False,False
GIL,"Gildan Activewear, Inc.",NYSE,Apparel/Footwear,40.63,46.12,48.97,51.22,52.52,54.24,56.25,58.48,46.2,48.56,45.72,40.13,4.35,4.79,1.94,2040257.1,1313476.6333333333,53366556.0,67277149.0,6.96,-1.02,7524345168.116986,-25.76,427,-23.56,358,-26.46,388,-25.26,-4.73,-17.04,3.41,2.87,25.7,0.273,30.41,False,False,False,False,False,False,False,False,False,False,True,True,True,True,True,False,2026-10-29,False,False,5,below 200-MA,RVOL,2,https://www.tradingview.com/chart/?symbol=NYSE:GIL&interval=D,False,False,False
CHTR,"Charter Communications, Inc.",NASDAQ,Cable/Satellite TV,117.55,130.16,139.24,143.26,142.47,141.38,166.98,177.81,127.55,135.24,118.53,115.01,5.47,5.89,6.93,3280897.5,3034506.3666666667,356706223.0,434714279.0,1.11,0.35,20584790188.432808,-20.91,404,-9.83,275,-46.2,435,-25.65,-2.97,-15.58,2.22,0.51,36.7,0.366,40.54,False,False,False,False,False,False,True,True,False,True,False,True,False,True,False,False,2026-10-30,False,False,5,below 200-MA,ADR,4,https://www.tradingview.com/chart/?symbol=NASDAQ:CHTR&interval=D,False,False,False
QXO,"QXO, Inc.",NYSE,Wholesale Distributors,12.26,11.97,12.57,13.03,13.61,15.18,17.26,18.72,12.23,12.61,12.3,11.89,4.17,4.91,0.6,21401808.1,16795662.466666665,205914822.0,218825088.0,1.24,-1.38,12719635982.998371,-10.58,293,-30.34,392,-36.71,417,-25.87,-2.03,-2.5,0.57,0.68,61.5,0.241,55.09,False,False,False,False,True,True,True,False,False,True,False,False,False,True,True,False,2026-11-17,False,False,4,"LoD>60% ATR, below 200-MA","near21, RVOL",4,https://www.tradingview.com/chart/?symbol=NYSE:QXO&interval=D,False,False,False
XE,"X-Energy, Inc.",NASDAQ,Industrial Machinery,15.72,15.71,16.78,17.7,17.56,20.42,,,16.16,16.74,16.25,15.66,7.44,8.69,1.37,7469635.0,6684840.666666667,105085695.0,118297169.0,0.71,-0.79,6388074508.498169,-15.07,334,-12.72,293,-50.91,441,-26.23,-1.2,-6.31,0.7,0.44,4.8,0.314,29.97,False,False,False,False,False,True,True,True,False,True,False,True,False,False,False,False,2026-12-02,False,False,4,"thin RVOL, below 200-MA","near21, ADR",5,https://www.tradingview.com/chart/?symbol=NASDAQ:XE&interval=D,False,False,False
UUUU,Energy Fuels Inc,AMEX,Other Metals/Minerals,11.32,11.99,13.26,13.81,13.24,14.96,16.58,17.25,12.18,12.86,11.52,11.18,5.06,6.45,0.73,8024804.3,6901682.733333333,78127049.0,95291533.0,0.86,-1.12,2997236792.882759,-24.53,421,-20.17,337,-34.91,409,-26.54,-2.25,-14.63,1.86,0.47,19.2,0.408,46.42,False,False,False,False,False,False,True,True,False,True,False,True,False,False,False,False,2026-10-30,False,False,4,"thin RVOL, below 200-MA",ADR,4,https://www.tradingview.com/chart/?symbol=AMEX:UUUU&interval=D,False,False,False
ALB,Albemarle Corporation,NYSE,Chemicals: Specialty,108.25,113.29,122.51,126.82,124.26,143.08,155.02,156.1,114.92,119.88,110.5,108.21,4.09,4.89,5.29,2742162.6,2391488.933333333,258878677.0,303283844.0,0.93,-3.06,12774047697.10937,-20.58,396,-21.08,339,-38.03,421,-26.56,-2.64,-11.64,1.98,0.43,0.8,0.331,39.55,False,False,False,False,False,False,True,True,False,True,False,True,False,True,False,False,2026-11-04,False,True,4,"below 200-MA, large gap",ADR,4,https://www.tradingview.com/chart/?symbol=NYSE:ALB&interval=D,False,False,False
BLDR,"Builders FirstSource, Inc.",NYSE,Home Improvement Chains,58.28,59.31,61.66,64.61,67.7,72.4,77.99,87.07,59.73,62.02,59.49,57.76,4.16,4.63,2.7,5244755.2,3118821.466666667,181764915.0,201521609.0,0.5,-0.61,6270721136.5388775,-18.56,375,-33.36,410,-28.38,392,-26.77,-3.0,-5.48,1.3,0.64,19.3,0.201,47.64,False,False,False,False,False,True,True,True,False,True,False,True,False,False,False,False,2026-10-29,False,False,4,"thin RVOL, below 200-MA","near21, ADR",5,https://www.tradingview.com/chart/?symbol=NYSE:BLDR&interval=D,False,False,False
PUMP,ProPetro Holding Corp.,NYSE,Oilfield Services/Equipment,9.53,10.3,10.88,11.1,11.33,13.26,13.55,12.77,10.27,10.71,9.91,9.5,5.52,5.82,0.55,4532342.7,3414275.466666667,32538045.0,37899596.0,0.98,0.82,1170511918.7020404,-11.35,298,-33.87,413,-35.35,412,-26.85,-2.73,-12.4,1.89,0.74,5.4,0.265,34.04,False,False,False,False,False,False,True,False,False,False,False,True,False,False,False,False,2026-11-04,False,False,4,"thin RVOL, below 200-MA",,3,https://www.tradingview.com/chart/?symbol=NYSE:PUMP&interval=D,False,False,False
EOSE,"Eos Energy Enterprises, Inc.",NASDAQ,Electrical Products,3.24,3.87,3.75,3.74,3.79,5.29,5.65,7.73,3.77,3.81,3.51,3.17,9.92,10.49,0.34,27793410.6,26288037.866666667,85304683.0,98290974.0,2.2,-2.21,1181724340.5921788,-8.85,272,-45.09,434,-30.69,397,-28.21,-1.37,-13.51,1.4,1.0,22.0,0.378,122.73,False,False,False,False,False,True,True,False,False,True,False,True,True,True,True,False,2026-11-11,False,True,4,"below 200-MA, large gap","near21, RVOL",4,https://www.tradingview.com/chart/?symbol=NASDAQ:EOSE&interval=D,False,False,False
CAR,"Avis Budget Group, Inc.",NASDAQ,Finance/Rental/Leasing,103.54,114.31,125.86,131.3,139.06,152.47,167.54,156.8,114.55,123.18,105.8,102.4,5.36,5.78,5.99,526656.2,382013.9666666667,39553726.0,50158306.0,0.98,-0.45,3657628325.0027447,-29.79,441,-37.12,418,-21.68,370,-29.53,-4.42,-17.73,2.76,0.57,19.0,0.408,51.41,False,False,False,False,False,False,True,True,False,True,False,True,False,False,False,False,2026-11-02,False,False,4,"thin RVOL, below 200-MA",ADR,4,https://www.tradingview.com/chart/?symbol=NASDAQ:CAR&interval=D,False,False,False
FRMI,Fermi Inc.,NASDAQ,Real Estate Development,4.55,4.96,5.05,5.36,5.78,6.35,6.56,7.3,4.95,5.17,4.81,4.43,7.21,8.42,0.38,18604199.4,17504490.366666667,79645431.0,93800729.0,1.08,-1.24,2914126529.3464727,-19.61,385,-46.6,437,-24.17,380,-30.12,-2.53,-9.89,1.43,0.99,31.3,0.247,51.59,False,False,False,False,False,True,True,False,False,True,False,True,False,False,False,False,2026-11-17,False,False,4,"thin RVOL, below 200-MA",near21,4,https://www.tradingview.com/chart/?symbol=NASDAQ:FRMI&interval=D,False,False,False
UAMY,United States Antimony Corporation,NYSE,Other Metals/Minerals,4.57,4.69,4.89,5.04,5.3,6.76,7.69,7.6,4.74,4.92,4.62,4.46,4.96,7.09,0.32,4950929.9,6289411.3,28742610.0,31725887.0,0.75,-0.87,683989088.4565217,-11.43,299,-31.48,401,-47.83,437,-30.25,-1.95,-6.55,1.0,0.46,32.4,0.22,65.48,False,False,False,False,False,True,True,True,False,True,False,True,False,False,False,False,2026-11-18,False,False,4,"thin RVOL, below 200-MA","near21, ADR",5,https://www.tradingview.com/chart/?symbol=NYSE:UAMY&interval=D,False,False,False
STUB,"StubHub Holdings, Inc.",NYSE,Internet Software/Services,5.39,5.81,6.06,6.39,7.36,8.83,8.39,9.5,5.78,6.18,5.43,5.23,5.39,6.37,0.34,7500574.4,7359591.766666667,39668200.0,47022885.0,0.92,-0.38,2059464893.9416199,-19.07,382,-53.17,444,-19.31,356,-30.52,-4.19,-11.03,2.0,0.58,46.6,0.227,68.48,False,False,False,False,False,False,True,True,False,True,False,True,False,False,False,False,2026-11-12,False,False,4,"thin RVOL, below 200-MA",ADR,4,https://www.tradingview.com/chart/?symbol=NYSE:STUB&interval=D,False,False,False
WING,Wingstop Inc.,NASDAQ,Restaurants,97.84,104.7,107.64,110.52,118.17,133.75,154.5,180.75,103.54,107.77,99.45,96.37,5.97,6.32,6.19,1527445.8,1238815.5,121205709.0,136913476.0,0.73,0.11,2665410634.187168,-15.58,340,-39.96,424,-36.15,414,-30.56,-2.72,-9.1,1.46,0.5,23.8,0.201,77.73,False,False,False,False,False,True,True,True,False,True,False,True,False,False,False,False,2026-11-04,False,False,4,"thin RVOL, below 200-MA","near21, ADR",5,https://www.tradingview.com/chart/?symbol=NASDAQ:WING&interval=D,False,False,False
PLNT,"Planet Fitness, Inc.",NYSE,Other Consumer Services,40.72,47.35,49.22,50.29,51.59,51.85,59.52,69.81,45.96,48.33,42.09,39.9,5.02,5.22,2.13,3119491.0,2204547.5,89769174.0,110874777.0,1.11,1.24,3075702633.74439,-24.13,419,-21.9,344,-45.76,434,-30.6,-4.03,-17.27,3.01,1.03,38.5,0.284,55.15,False,False,False,False,False,False,False,False,False,False,True,True,False,False,False,False,2026-11-10,False,False,4,"thin RVOL, below 200-MA",,2,https://www.tradingview.com/chart/?symbol=NYSE:PLNT&interval=D,False,False,False
RUN,Sunrun Inc.,NASDAQ,Semiconductors,7.78,8.45,8.64,8.91,9.51,11.55,12.16,13.85,8.46,8.73,8.28,7.75,5.22,6.15,0.48,8170197.9,7497950.366666666,58334054.0,66840479.0,1.53,-1.68,1873789627.3892217,-14.6,331,-41.98,426,-36.18,415,-30.92,-2.95,-9.92,1.78,1.11,6.3,0.149,69.37,False,False,False,False,False,False,False,False,False,False,True,True,True,True,True,False,2026-11-04,False,False,5,below 200-MA,RVOL,2,https://www.tradingview.com/chart/?symbol=NASDAQ:RUN&interval=D,False,False,False
FRVO,Fervo Energy Company,NASDAQ,Alternative Power Generation,16.71,16.1,16.6,16.91,19.54,,,,16.49,16.99,18.54,16.16,7.31,9.28,1.55,5668957.3,6605796.766666667,110382864.0,111704023.0,2.95,13.09,4925493106.748624,6.84,115,-46.53,436,-53.58,444,-31.09,-1.56,0.65,0.18,1.54,35.5,0.313,20.57,False,False,False,False,True,True,False,False,False,True,True,True,True,True,True,False,2026-12-02,False,True,4,"below 200-MA, large gap","near21, RVOL",4,https://www.tradingview.com/chart/?symbol=NASDAQ:FRVO&interval=D,False,False,False
DY,"Dycom Industries, Inc.",NYSE,Engineering & Construction,272.1,286.79,291.54,324.89,359.62,407.12,398.69,390.93,286.65,304.13,279.17,271.87,4.06,5.3,14.41,683930.5,716624.8,194993608.0,232820648.0,0.77,-1.22,8206796562.820531,-30.27,443,-44.57,432,-19.21,355,-31.35,-4.6,-6.67,1.99,0.51,1.6,0.121,44.22,False,False,False,False,False,False,True,True,False,True,False,True,False,False,False,False,2026-11-24,False,False,4,"thin RVOL, below 200-MA",ADR,4,https://www.tradingview.com/chart/?symbol=NYSE:DY&interval=D,False,False,False
MTZ,"MasTec, Inc.",NYSE,Engineering & Construction,211.95,221.26,230.31,244.45,268.46,327.93,328.55,305.64,221.65,233.43,216.63,211.18,5.13,5.95,12.62,1622156.4,1545291.8,327524597.0,377750186.0,0.56,-1.39,17020633829.975863,-17.22,359,-46.36,435,-31.15,398,-31.58,-3.53,-7.97,1.55,0.43,6.1,0.202,50.62,False,False,False,False,False,False,True,True,False,True,False,True,False,True,False,False,2026-10-29,False,False,5,below 200-MA,ADR,4,https://www.tradingview.com/chart/?symbol=NYSE:MTZ&interval=D,False,False,False
LCID,"Lucid Group, Inc.",NASDAQ,Motor Vehicles,4.15,4.18,4.42,4.85,5.74,5.77,6.84,7.9,4.26,4.56,4.21,4.03,5.81,8.07,0.33,12212641.599999977,11390433.50000001,47270299.0,55211330.0,0.62,-0.48,1635391230.2403846,-19.02,381,-18.47,328,-57.83,448,-31.77,-3.44,-6.12,1.12,0.54,35.8,0.282,89.65,False,False,False,False,False,True,True,True,False,True,False,True,False,False,False,False,2026-11-10,False,False,4,"thin RVOL, below 200-MA","near21, ADR",5,https://www.tradingview.com/chart/?symbol=NASDAQ:LCID&interval=D,False,False,False
KNF,Knife Riv Holding Co.,NYSE,Construction Materials,53.37,55.12,58.42,60.9,66.38,73.71,77.43,77.18,55.31,58.34,54.2,52.36,4.02,4.75,2.54,1219737.9,947981.6,50593778.0,57729551.0,1.56,3.5,3029463748.6449547,-18.14,369,-42.36,428,-36.55,416,-32.35,-4.12,-8.64,1.79,0.72,39.6,0.27,41.79,False,False,False,False,False,False,True,False,False,False,False,True,True,True,True,False,2026-11-09,False,True,4,"below 200-MA, large gap",RVOL,3,https://www.tradingview.com/chart/?symbol=NYSE:KNF&interval=D,False,False,False
PZZA,"Papa John's International, Inc.",NASDAQ,Restaurants,20.22,20.42,21.55,22.29,25.17,29.46,31.15,32.72,20.6,21.66,20.48,19.92,4.03,4.2,0.85,1648105.8,1361608.5666666667,27531725.0,30349801.0,0.83,0.4,665676520.1210917,-15.75,343,-43.83,430,-37.78,419,-32.46,-4.68,-6.19,1.59,0.66,35.3,0.238,60.81,False,False,False,False,False,False,True,True,False,True,False,True,False,False,False,False,2026-10-29,False,False,4,"thin RVOL, below 200-MA",ADR,4,https://www.tradingview.com/chart/?symbol=NASDAQ:PZZA&interval=D,False,False,False
UTI,Universal Technical Institute Inc,NYSE,Miscellaneous Commercial Services,20.67,20.66,20.98,21.94,27.7,34.44,35.01,33.07,20.8,21.93,20.97,20.33,4.93,6.53,1.35,2206133.8,1835667.1333333333,37943240.0,40267194.0,0.55,0.05,1138818410.5783546,-6.64,241,-48.59,439,-44.89,433,-33.38,-3.89,-1.5,0.88,0.47,25.2,0.097,69.45,False,False,False,False,True,True,True,True,True,True,False,True,False,False,False,False,2026-11-25,False,False,4,"thin RVOL, below 200-MA","near21, ADR, BB",7,https://www.tradingview.com/chart/?symbol=NYSE:UTI&interval=D,False,False,False
RCAT,"Red Cat Holdings, Inc.",NASDAQ,Packaged Software,6.8,7.19,7.83,8.49,8.43,9.56,10.87,11.0,7.19,7.74,6.83,6.37,6.69,7.78,0.53,11606300.2,8552565.966666667,58157449.0,72609860.0,0.75,-1.52,1038457641.3960545,-25.85,428,-23.85,359,-51.43,442,-33.71,-2.48,-13.2,1.56,0.87,81.3,0.39,55.97,False,False,False,False,False,False,True,False,False,False,False,False,False,False,False,False,2026-11-12,False,False,3,"LoD>60% ATR, thin RVOL, below 200-MA",,2,https://www.tradingview.com/chart/?symbol=NASDAQ:RCAT&interval=D,False,False,False
PL,Planet Labs PBC,NYSE,Packaged Software,17.62,16.61,17.73,19.43,20.49,28.06,29.03,27.3,17.05,18.04,17.71,16.13,5.62,6.27,1.11,10044028.9,9757760.1,171931733.0,189642068.0,1.63,-0.37,6411001131.789988,-20.34,393,-32.83,406,-48.15,438,-33.77,-2.23,-0.6,0.37,1.43,134.8,0.341,70.51,False,False,False,False,True,True,False,False,False,True,True,False,True,True,True,False,2026-12-14,False,False,4,"LoD>60% ATR, below 200-MA","near21, RVOL",3,https://www.tradingview.com/chart/?symbol=NYSE:PL&interval=D,False,False,False
XENE,Xenon Pharmaceuticals Inc.,NASDAQ,Pharmaceuticals: Major,38.06,47.97,53.97,56.64,59.92,58.41,56.86,53.28,45.6,51.54,38.34,36.07,5.37,7.47,2.84,3465206.5,1593605.7,60652633.0,90260233.0,0.96,-0.16,3685746950.2702403,-37.62,451,-33.19,408,-31.35,399,-34.05,-4.88,-29.48,3.5,0.8,70.0,0.67,31.41,False,False,False,False,False,False,True,False,False,False,False,False,False,False,False,False,2026-11-11,False,False,3,"LoD>60% ATR, thin RVOL, below 200-MA",,2,https://www.tradingview.com/chart/?symbol=NASDAQ:XENE&interval=D,False,False,False
INIO,INNIO N.V.,NASDAQ,Electrical Products,19.01,19.52,20.08,21.65,23.66,,,,19.83,20.72,19.68,18.66,6.97,8.49,1.61,7052618.8,4771922.9,90714254.0,103318493.0,1.16,-2.45,14257499836.432217,-14.5,330,-49.44,440,-38.68,424,-34.21,-2.32,-5.32,0.97,0.63,21.4,0.239,21.77,False,False,False,False,False,True,True,False,False,True,False,True,False,True,False,False,2026-12-02,False,True,4,"below 200-MA, large gap",near21,4,https://www.tradingview.com/chart/?symbol=NASDAQ:INIO&interval=D,False,False,False
AGX,"Argan, Inc.",NYSE,Engineering & Construction,361.06,384.84,401.56,441.05,495.19,590.93,570.71,515.15,384.42,413.27,374.88,360.99,5.31,6.6,23.82,467470.9,413068.6666666667,149142573.0,182183935.0,0.9,-1.95,5065614461.473238,-24.47,420,-50.98,443,-28.59,393,-34.68,-4.11,-10.09,1.91,0.58,0.3,0.23,57.08,False,False,False,False,False,False,True,True,False,True,False,True,False,False,False,False,2026-12-09,False,False,4,"thin RVOL, below 200-MA",ADR,4,https://www.tradingview.com/chart/?symbol=NYSE:AGX&interval=D,False,False,False
TE,T1 Energy Inc.,NYSE,Electrical Products,3.81,4.25,4.45,4.51,4.8,6.49,6.32,6.54,4.23,4.43,4.02,3.8,7.29,9.82,0.37,18435843.9,20052828.133333333,76401275.0,90358044.0,1.62,-0.5,1121955576.2821782,-15.52,338,-53.76,445,-38.05,422,-35.78,-2.1,-14.32,1.42,0.59,2.7,0.28,60.22,False,False,False,False,False,True,True,False,False,True,False,True,True,True,True,False,2026-11-11,False,False,5,below 200-MA,"near21, RVOL",4,https://www.tradingview.com/chart/?symbol=NYSE:TE&interval=D,False,False,False
YSS,York Space Systems Inc.,NYSE,Aerospace & Defense,9.81,8.8,8.73,9.17,11.56,19.84,22.33,,9.15,9.34,9.94,9.36,7.04,8.58,0.84,5205024.8,3966241.3,38908827.0,36367789.0,0.41,-1.46,1347478057.020812,-1.9,189,-58.76,449,-53.11,443,-37.92,-1.77,12.34,0.59,0.68,52.9,0.324,138.63,False,False,False,False,False,True,True,False,False,True,False,True,False,False,False,False,2026-12-02,False,False,4,"thin RVOL, below 200-MA",near21,4,https://www.tradingview.com/chart/?symbol=NYSE:YSS&interval=D,False,False,False
OPEN,Opendoor Technologies Inc,NASDAQ,Real Estate Development,2.53,2.65,2.88,3.09,3.43,4.06,4.38,4.77,2.69,2.89,2.62,2.52,5.14,6.64,0.17,34453382.6,36633082.36666667,92681698.0,113379390.0,0.68,-0.39,2456860320.217054,-26.45,434,-40.05,425,-47.4,436,-37.97,-3.93,-12.21,1.89,0.59,5.9,0.368,83.94,False,False,False,False,False,False,True,False,False,False,False,True,False,False,False,False,2026-11-05,False,False,4,"thin RVOL, below 200-MA",,3,https://www.tradingview.com/chart/?symbol=NASDAQ:OPEN&interval=D,False,False,False
HTZ,"Hertz Global Holdings, Inc",NASDAQ,Finance/Rental/Leasing,1.76,1.87,2.03,2.08,2.01,3.21,3.86,4.22,1.87,1.97,1.79,1.71,5.45,7.98,0.14,13103746.8,19964790.666666668,35038208.0,41530092.0,0.74,-1.15,625572238.2672412,-20.77,399,-33.77,412,-60.47,450,-38.34,-1.56,-13.48,1.38,0.57,32.1,0.364,133.7,False,False,False,False,False,True,True,False,False,True,False,True,False,False,False,False,2026-10-22,False,False,4,"thin RVOL, below 200-MA",near21,4,https://www.tradingview.com/chart/?symbol=NASDAQ:HTZ&interval=D,False,False,False
IONS,"Ionis Pharmaceuticals, Inc.",NASDAQ,Pharmaceuticals: Major,43.81,46.73,52.85,55.22,55.05,64.77,68.28,71.44,47.15,50.95,44.6,43.25,5.54,5.36,2.35,5311190.9,3572076.3333333335,156492664.0,197250055.0,1.3,-0.36,7280535379.722058,-29.94,442,-44.4,431,-40.8,429,-38.38,-3.81,-17.1,2.62,0.58,23.9,0.51,56.4,False,False,False,False,False,False,True,True,False,True,False,True,False,False,True,False,2026-11-04,False,False,4,"thin RVOL, below 200-MA","ADR, RVOL",4,https://www.tradingview.com/chart/?symbol=NASDAQ:IONS&interval=D,False,False,False
KRMN,Karman Holdings Inc.,NYSE,Aerospace & Defense,34.92,35.21,37.89,43.88,46.93,50.92,63.36,69.8,35.59,38.96,35.26,32.2,7.1,7.74,2.7,4942456.8,3338728.5,116588399.0,146513423.0,0.97,-1.09,4628076929.733132,-32.98,446,-23.39,356,-59.4,449,-38.59,-3.31,-7.85,1.34,1.13,100.7,0.41,99.07,False,False,False,False,False,True,False,False,False,True,True,False,False,False,False,False,2026-11-05,False,False,3,"LoD>60% ATR, thin RVOL, below 200-MA",near21,2,https://www.tradingview.com/chart/?symbol=NYSE:KRMN&interval=D,False,False,False
RARE,Ultragenyx Pharmaceutical Inc.,NASDAQ,Pharmaceuticals: Major,14.77,14.28,17.3,20.21,22.83,24.9,24.11,24.73,15.15,17.3,14.87,14.54,5.58,9.0,1.33,6823887.5,5205635.4,76887235.0,105231052.0,0.51,-1.01,1456157692.6834676,-43.73,453,-49.74,442,-26.15,387,-39.88,-3.92,-14.61,1.62,0.24,16.9,1.157,71.9,False,False,False,False,False,False,True,True,False,True,False,True,False,False,False,False,2026-11-04,False,False,4,"thin RVOL, below 200-MA",ADR,4,https://www.tradingview.com/chart/?symbol=NASDAQ:RARE&interval=D,False,False,False
CAPR,"Capricor Therapeutics, Inc.",NASDAQ,Pharmaceuticals: Major,8.57,8.83,9.12,8.44,9.28,18.4,22.62,23.35,8.85,8.87,8.86,8.27,6.98,10.49,0.9,2720554.4,8703992.066666666,74593212.0,73503762.0,0.87,-0.81,498251136.09573245,18.21,53,-68.49,453,-71.07,451,-40.45,-0.73,-6.03,0.32,0.66,33.4,0.242,169.52,False,False,False,False,False,True,True,False,False,True,False,True,False,False,False,False,2026-11-17,False,False,4,"thin RVOL, below 200-MA",near21,4,https://www.tradingview.com/chart/?symbol=NASDAQ:CAPR&interval=D,False,False,False
BW,"Babcock & Wilcox Enterprises, Inc.",NYSE,Electronic Equipment/Instruments,6.17,7.09,7.19,7.71,8.49,12.28,12.92,11.63,7.0,7.39,6.51,6.02,7.32,10.16,0.63,5059017.2,4885592.466666667,30144106.0,37667918.0,1.61,-1.96,919114385.4472891,-22.1,408,-57.45,447,-56.55,447,-45.36,-2.69,-14.14,1.63,0.79,24.7,0.219,94.45,False,False,False,False,False,False,True,False,False,False,False,True,True,True,True,False,2026-11-11,False,False,5,below 200-MA,RVOL,3,https://www.tradingview.com/chart/?symbol=NYSE:BW&interval=D,False,False,False
SOC,Sable Offshore Corp.,NYSE,Integrated Oil,3.97,4.52,4.64,4.61,4.58,7.56,9.69,9.48,4.4,4.56,4.25,3.93,8.14,9.18,0.36,8393183.9,8869000.533333333,35209932.0,40856529.0,0.87,1.2,761722262.2554215,-15.53,339,-47.07,438,-77.8,455,-46.8,-1.45,-14.49,1.4,0.88,11.0,0.252,130.17,False,False,False,False,False,True,True,False,False,True,False,True,False,False,False,False,2026-11-12,False,False,4,"thin RVOL, below 200-MA",near21,4,https://www.tradingview.com/chart/?symbol=NYSE:SOC&interval=D,False,False,False
FLNC,"Fluence Energy, Inc.",NASDAQ,Electrical Products,7.46,8.24,9.39,10.22,11.65,16.06,15.6,17.41,8.18,9.29,7.58,7.24,6.5,9.44,0.7,11091762.2,7678145.7,57278967.0,78468090.0,0.68,-2.24,1377088909.7678099,-36.62,450,-60.57,451,-49.46,440,-48.88,-3.81,-20.58,2.08,0.49,31.3,0.594,122.97,False,False,False,False,False,False,True,True,False,True,False,True,False,False,False,False,2026-11-30,False,True,3,"thin RVOL, below 200-MA, large gap",ADR,4,https://www.tradingview.com/chart/?symbol=NASDAQ:FLNC&interval=D,False,False,False
BENF,Beneficient,NASDAQ,Investment Managers,1.45,0.99,1.48,1.76,2.31,2.9,3.15,3.7,1.29,1.5,1.99,1.16,36.76,39.77,0.58,56901375.0,18980009.833333332,27521014.0,33360088.0,0.39,-33.45,44821597.0,-35.56,448,-59.94,450,-55.79,446,-50.43,-0.94,-1.95,0.09,1.44,50.3,1.961,186.84,False,False,False,False,True,True,False,False,False,True,True,True,False,False,False,False,2026-11-12,False,True,3,"thin RVOL, below 200-MA, large gap",near21,4,https://www.tradingview.com/chart/?symbol=NASDAQ:BENF&interval=D,False,False,False
XNDU,Xanadu Quantum Technologies Limited,NASDAQ,Computer Processing Hardware,5.1,7.06,8.47,9.21,9.79,11.6,12.63,12.18,6.89,8.06,5.12,4.8,9.89,13.05,0.67,8182704.0,3702805.466666667,18884308.0,34097901.0,2.2,-3.94,1552405813.7335835,-51.8,454,-56.78,446,-49.0,439,-52.53,-3.67,-39.82,2.81,0.48,45.1,0.791,109.17,False,False,False,False,False,False,True,True,False,True,False,True,True,True,True,False,2026-12-02,False,True,4,"below 200-MA, large gap","ADR, RVOL",4,https://www.tradingview.com/chart/?symbol=NASDAQ:XNDU&interval=D,False,False,False
ALHC,"Alignment Healthcare, Inc.",NASDAQ,Managed Health Care,7.67,9.35,11.38,12.05,14.08,16.55,17.5,18.36,9.2,10.82,7.97,7.37,10.82,10.68,0.82,16885359.7,8395574.333333334,64394055.0,101173667.0,1.01,0.76,1591027628.7989821,-42.89,452,-66.4,452,-54.32,445,-54.54,-4.26,-32.61,2.73,0.73,36.6,0.851,117.44,False,False,False,False,False,False,True,True,False,True,False,True,False,False,False,False,2026-10-29,False,False,4,"thin RVOL, below 200-MA",ADR,4,https://www.tradingview.com/chart/?symbol=NASDAQ:ALHC&interval=D,False,False,False
EYPT,"EyePoint, Inc.",NASDAQ,Pharmaceuticals: Major,3.65,3.89,4.21,5.15,8.16,10.72,11.98,12.94,3.97,4.77,3.72,3.54,8.62,14.53,0.53,4101038.6999999955,6171497.866666666,22525967.0,31807900.0,0.53,-0.27,314674323.95161295,-26.71,435,-73.38,455,-71.81,452,-57.3,-3.81,-13.27,1.61,0.35,20.7,0.361,247.86,False,False,False,False,False,False,True,True,False,True,False,True,False,False,False,False,2026-11-04,False,False,4,"thin RVOL, below 200-MA",ADR,4,https://www.tradingview.com/chart/?symbol=NASDAQ:EYPT&interval=D,False,False,False
ALMS,Alumis Inc.,NASDAQ,Pharmaceuticals: Major,7.29,8.11,11.05,15.43,20.27,22.12,23.18,22.26,8.6,11.69,7.45,7.22,8.6,16.21,1.18,3643359.1,3664554.1,26714599.0,56526969.0,0.68,-0.13,973179648.3991934,-69.01,455,-70.85,454,-71.97,453,-70.61,-3.95,-34.04,2.32,0.19,5.9,1.789,206.71,False,False,False,False,False,False,True,True,False,True,False,True,False,False,False,False,2026-11-12,False,False,4,"thin RVOL, below 200-MA",ADR,4,https://www.tradingview.com/chart/?symbol=NASDAQ:ALMS&interval=D,False,False,False
