name,description,exchange,industry,close,SMA10,SMA20,SMA30,SMA50,SMA100,SMA150,SMA200,EMA10,EMA21,high,low,ADRP,ATRP,atr_abs,average_volume_10d_calc,average_volume_30d_calc,dollar_volume_30d,average_dollar_volume_30d,rvol,gap_pct,market_cap_basic,Perf.1M,perf_1m_rank,Perf.3M,perf_3m_rank,Perf.6M,perf_6m_rank,momentum_score,atr_extension_from_50d,sma20_distance_pct,ema21_atr_dist,day_range_atr,lod_atr_pct,bb_width,ma_spread_pct,above_all_mas,ma_aligned,ema_aligned,above_sma200,near_sma20,near_ema,range_tight,adr_tight,bb_tight,plan_tight,wide_day,lod_ok,rvol_ok,rvol_pass,rvol_expand,ma_coiled,earnings_date,earnings_soon,large_gap,hard_rule_passes,hard_rule_fails,tightness_flags,focus_score,tradingview_url,is_top_1m,is_top_3m,is_top_6m
XHLD,"TEN Holdings, Inc.",NASDAQ,Miscellaneous Commercial Services,11.73,10.36,9.69,8.62,5.88,3.67,2.94,2.69,10.21,9.25,12.92,10.1,13.9,12.68,1.49,4592271.9,3851085.6333333333,45173234.0,33193149.0,0.66,-1.05,140495415.6080306,54.34,6,869.42,2,756.2,1,559.99,7.84,21.01,2.12,1.9,109.6,0.428,65.4,True,True,True,True,False,False,False,False,False,False,True,False,False,False,False,False,2026-11-16,False,False,3,"LoD>60% ATR, >4x 50-MA, thin RVOL",EMA,5,https://www.tradingview.com/chart/?symbol=NASDAQ:XHLD&interval=D,True,True,True
USDE,StablecoinX Inc.,NASDAQ,Packaged Software,13.54,8.5,8.04,6.59,4.69,6.68,8.52,9.74,9.43,7.92,14.19,12.88,9.64,11.68,1.58,6147944.8,8318739.0,112635726.0,54852379.0,0.89,3.1,368113739.12539685,168.65,1,1240.59,1,25.84,183,478.36,16.18,68.34,6.08,0.83,41.7,0.982,37.31,True,True,True,True,False,False,True,False,False,False,False,True,False,False,False,False,,False,True,3,">4x 50-MA, thin RVOL, large gap",EMA,7,https://www.tradingview.com/chart/?symbol=NASDAQ:USDE&interval=D,True,True,False
QMCO,Quantum Corporation,NASDAQ,Computer Peripherals,25.65,24.25,23.94,23.51,18.53,14.72,11.74,10.61,24.6,23.39,26.49,24.65,6.57,7.02,1.8,1075795.6,2004463.7333333334,51414495.0,47130956.0,0.99,-0.19,1010866510.8103447,23.32,34,86.27,16,373.25,3,160.95,5.48,7.16,1.38,1.02,55.5,0.172,53.19,True,True,True,True,False,True,False,False,False,True,True,True,False,False,False,False,2026-11-13,False,False,4,">4x 50-MA, thin RVOL","EMA, near21",7,https://www.tradingview.com/chart/?symbol=NASDAQ:QMCO&interval=D,False,True,True
MXL,"MaxLinear, Inc",NASDAQ,Semiconductors,87.43,74.64,68.36,69.68,71.29,80.88,61.44,50.69,76.19,72.33,87.54,82.0,5.54,6.98,6.1,3111893.3,2467891.9,215767789.0,171970111.0,1.2,-4.14,7929305377.786463,29.95,21,-2.06,235,400.17,2,142.69,3.24,27.9,2.99,0.91,89.0,0.493,34.53,True,True,True,True,False,False,True,False,False,False,False,False,False,False,False,False,2026-10-28,False,True,3,"LoD>60% ATR, thin RVOL, large gap",EMA,6,https://www.tradingview.com/chart/?symbol=NASDAQ:MXL&interval=D,True,False,True
LIFE,Ethos Technologies Inc.,NASDAQ,Packaged Software,36.19,38.21,38.28,36.93,30.96,25.24,21.14,,37.5,36.84,38.0,35.27,7.4,7.26,2.63,1925230.6,1536011.3333333333,55588250.0,56721827.0,1.02,0.0,2307431286.393806,6.76,127,135.31,3,244.67,7,128.91,2.33,-5.45,0.24,1.04,35.0,0.186,47.35,False,False,False,False,False,True,False,False,False,True,True,True,False,False,False,False,2026-12-02,False,False,4,"thin RVOL, below 200-MA",near21,3,https://www.tradingview.com/chart/?symbol=NASDAQ:LIFE&interval=D,False,True,True
APPS,"Digital Turbine, Inc.",NASDAQ,Packaged Software,12.19,11.45,11.11,11.35,10.71,9.3,7.37,6.77,11.43,11.27,12.3,11.5,6.28,6.84,0.83,2677444.5,2705511.6666666665,32980187.0,30709812.0,0.86,1.58,1475188118.3543565,13.82,74,30.58,89,317.47,4,120.62,2.02,9.77,1.2,0.96,82.7,0.219,38.35,True,True,True,True,False,True,True,False,False,True,False,False,False,False,False,False,2026-11-11,False,False,4,"LoD>60% ATR, thin RVOL","EMA, near21",7,https://www.tradingview.com/chart/?symbol=NASDAQ:APPS&interval=D,False,False,True
ASST,"Strive, Inc.",NASDAQ,Financial Conglomerates,29.35,28.33,26.23,22.31,18.23,16.67,14.7,15.09,28.21,25.51,31.02,29.01,6.81,6.73,1.98,10601480.9,9654599.7,283362501.0,215424692.0,0.78,-3.4,2803611348.7339277,66.19,4,111.23,6,180.06,16,119.16,9.06,11.88,2.24,1.02,17.2,0.417,46.42,True,True,True,True,False,False,False,False,False,False,True,True,False,False,False,False,2026-11-13,False,True,3,">4x 50-MA, thin RVOL, large gap",EMA,6,https://www.tradingview.com/chart/?symbol=NASDAQ:ASST&interval=D,True,True,True
SDGR,"Schrodinger, Inc.",NASDAQ,Packaged Software,30.7,24.51,22.34,21.1,19.0,16.74,15.16,15.49,26.06,23.25,31.59,29.69,5.9,5.34,1.64,3002215.0,1694219.6,52012542.0,35752551.0,0.9,-0.36,2296532723.0324078,54.85,5,102.77,9,172.16,17,109.93,11.54,37.43,6.0,1.16,61.6,0.726,30.47,True,True,True,True,False,False,False,False,False,False,True,False,False,False,False,False,2026-11-11,False,False,3,"LoD>60% ATR, >4x 50-MA, thin RVOL",EMA,5,https://www.tradingview.com/chart/?symbol=NASDAQ:SDGR&interval=D,True,True,True
TEAM,Atlassian Corporation,NASDAQ,Packaged Software,188.65,187.87,185.9,178.97,148.26,118.47,102.82,111.34,189.01,181.35,200.0,185.58,4.31,4.83,9.11,3442577.2,3951328.1333333333,745418052.0,707181709.0,0.84,2.21,47754637992.50319,8.28,111,132.13,4,185.44,15,108.62,5.64,1.48,0.83,1.58,33.7,0.178,45.09,True,True,False,True,True,True,False,False,False,True,True,True,False,True,False,False,2026-10-29,False,True,4,">4x 50-MA, large gap",near21,7,https://www.tradingview.com/chart/?symbol=NASDAQ:TEAM&interval=D,False,True,True
BLZE,"Backblaze, Inc.",NASDAQ,Computer Peripherals,14.3,13.17,13.65,15.12,14.98,12.31,9.48,8.28,13.55,13.98,14.38,13.52,5.16,6.69,0.96,1956629.2,2442231.8,34923915.0,36929394.0,2.28,0.81,885170046.2647059,-11.78,336,20.37,119,300.56,5,103.05,-0.68,4.73,0.34,0.89,81.0,0.242,46.81,False,False,False,True,False,True,True,False,False,True,False,False,True,True,True,False,2026-11-11,False,False,5,LoD>60% ATR,"near21, RVOL",4,https://www.tradingview.com/chart/?symbol=NASDAQ:BLZE&interval=D,False,False,True
FIVN,"Five9, Inc.",NASDAQ,Packaged Software,38.65,33.28,33.32,33.06,30.64,26.43,23.01,22.02,34.46,33.31,39.55,36.67,5.15,5.36,2.07,2754000.1,2061930.1666666667,79693601.0,68176690.0,2.14,0.3,2888064443.5855174,19.96,43,102.89,8,166.55,20,96.47,4.88,15.99,2.99,1.39,95.6,0.247,29.23,True,True,True,True,False,False,False,False,False,False,True,False,True,True,True,False,2026-11-09,False,False,4,"LoD>60% ATR, >4x 50-MA","EMA, RVOL",5,https://www.tradingview.com/chart/?symbol=NASDAQ:FIVN&interval=D,False,True,True
BAND,Bandwidth Inc.,NASDAQ,Packaged Software,58.4,51.88,49.72,50.2,52.45,55.45,42.83,35.69,52.04,50.96,60.3,53.72,7.62,7.55,4.41,1108437.5,836110.5333333333,48828855.0,41974560.0,1.84,0.72,1879358023.2001472,19.55,45,11.52,166,245.77,6,92.28,1.5,17.46,1.93,1.49,106.1,0.292,33.83,True,True,True,True,False,False,False,False,False,False,True,False,True,True,True,False,2026-10-29,False,False,5,LoD>60% ATR,"EMA, RVOL",5,https://www.tradingview.com/chart/?symbol=NASDAQ:BAND&interval=D,False,False,True
RNG,"RingCentral, Inc.",NYSE,Packaged Software,79.73,72.96,71.6,69.52,62.02,51.55,46.95,42.3,74.11,71.16,79.93,76.9,4.27,4.2,3.35,1599180.1,1474261.8333333333,117542896.0,102486751.0,1.66,0.14,6657946692.743984,22.17,38,127.54,5,125.54,40,91.75,6.8,11.35,2.87,0.9,84.5,0.196,38.45,True,True,True,True,False,False,True,False,False,False,False,False,True,True,True,False,2026-11-09,False,False,4,"LoD>60% ATR, >4x 50-MA","EMA, RVOL",6,https://www.tradingview.com/chart/?symbol=NYSE:RNG&interval=D,False,True,False
PURR,Hyperliquid Strategies Inc,NASDAQ,Financial Conglomerates,13.95,12.36,12.16,10.84,9.17,8.64,7.53,6.61,12.7,11.76,14.27,13.36,7.73,8.3,1.16,26458626.4,25700117.666666668,358516641.0,278499325.0,0.8,0.66,3318974016.741697,32.6,17,74.37,23,165.71,21,90.9,6.28,14.7,2.24,0.79,51.0,0.289,41.19,True,True,True,True,False,False,True,False,False,False,False,True,False,False,False,False,2026-12-02,False,False,4,">4x 50-MA, thin RVOL",EMA,7,https://www.tradingview.com/chart/?symbol=NASDAQ:PURR&interval=D,True,True,True
GPRO,"GoPro, Inc.",NASDAQ,Electronics/Appliances,1.27,1.34,1.21,1.01,0.89,0.94,0.93,1.04,1.3,1.19,1.31,1.26,16.99,12.31,0.16,28160059.9,65034968.4,82594410.0,65500836.0,0.29,0.0,237671259.2846154,101.81,2,74.24,24,88.15,69,88.06,3.49,5.37,0.54,0.32,6.4,1.133,35.2,False,False,False,True,False,True,True,True,False,True,False,True,False,False,False,False,2026-11-05,False,False,5,thin RVOL,"near21, ADR",6,https://www.tradingview.com/chart/?symbol=NASDAQ:GPRO&interval=D,True,False,False
OKTA,"Okta, Inc.",NASDAQ,Packaged Software,196.62,183.57,172.56,162.66,155.11,132.59,113.68,107.43,184.19,173.91,198.08,188.22,4.58,4.85,9.53,4337543.2,4055593.566666667,797410807.0,659678118.0,1.27,0.78,34373257226.12052,44.87,8,65.48,31,153.08,27,87.81,5.52,13.95,2.69,1.04,88.1,0.386,38.73,True,True,True,True,False,False,False,False,False,False,True,False,False,True,True,False,2026-12-08,False,False,4,"LoD>60% ATR, >4x 50-MA","EMA, RVOL",5,https://www.tradingview.com/chart/?symbol=NASDAQ:OKTA&interval=D,True,False,False
AMC,"AMC Entertainment Holdings, Inc.",NYSE,Movies/Entertainment,2.97,2.63,2.62,2.58,2.53,2.18,1.87,1.81,2.71,2.63,2.98,2.86,5.35,5.62,0.17,29712051.100000035,23185750.933333334,68861680.0,59904252.0,1.04,1.38,2651035800.7370243,17.86,50,41.43,65,200.0,12,86.43,3.13,13.32,2.28,0.66,62.9,0.208,27.33,True,True,True,True,False,False,True,True,False,True,False,False,False,False,False,False,2026-11-11,False,False,4,"LoD>60% ATR, thin RVOL","EMA, ADR",7,https://www.tradingview.com/chart/?symbol=NYSE:AMC&interval=D,False,False,True
DELL,Dell Technologies Inc.,NYSE,Computer Processing Hardware,548.92,553.09,516.12,497.64,467.98,408.56,327.78,276.76,549.9,523.44,574.6,547.71,5.93,5.88,32.29,9835788.399999997,8881444.633333333,4875202588.0,4419768028.0,1.02,-0.96,349010338200.6445,24.94,29,30.15,92,200.43,11,85.17,2.94,6.36,0.83,0.83,3.7,0.364,50.34,False,False,False,True,False,True,True,False,False,True,False,True,False,True,False,False,2026-12-01,False,False,6,,near21,5,https://www.tradingview.com/chart/?symbol=NYSE:DELL&interval=D,False,False,True
NTSK,"Netskope, Inc.",NASDAQ,Packaged Software,18.55,16.77,15.55,15.39,14.47,12.62,11.7,12.93,17.02,16.02,18.74,18.14,5.71,5.38,1.0,8688864.3,6251579.833333333,115966806.0,96205562.0,0.8,-0.92,7579302115.266304,28.37,24,95.06,14,122.96,45,82.13,5.24,19.28,2.94,0.6,41.6,0.418,27.31,True,True,True,True,False,False,True,True,False,True,False,True,False,False,False,False,2026-12-11,False,False,4,">4x 50-MA, thin RVOL","EMA, ADR",8,https://www.tradingview.com/chart/?symbol=NASDAQ:NTSK&interval=D,False,True,False
CORT,Corcept Therapeutics Incorporated,NASDAQ,Pharmaceuticals: Major,117.5,113.43,114.2,115.13,109.23,90.51,73.29,68.73,113.78,113.44,119.0,113.09,4.57,4.4,5.16,2616979.6,1405268.3333333333,165126056.0,161785967.0,0.31,0.18,12702102295.745165,-3.27,217,45.86,61,203.16,10,81.92,1.72,2.89,0.82,1.14,85.5,0.112,38.7,True,True,True,True,True,True,False,False,False,True,True,False,False,True,False,False,2026-11-04,False,False,5,LoD>60% ATR,"EMA, near21",7,https://www.tradingview.com/chart/?symbol=NASDAQ:CORT&interval=D,False,False,True
CRWD,"CrowdStrike Holdings, Inc.",NASDAQ,Packaged Software,250.06,232.54,221.69,217.38,209.57,187.14,159.11,148.17,236.04,225.55,250.8,244.7,4.68,5.12,12.81,12840868.9,11175624.1,2794576562.0,2429383243.0,0.7,-0.46,256045145969.05548,30.96,19,46.99,60,161.04,22,79.66,3.77,12.79,2.12,0.48,41.8,0.341,33.74,True,True,True,True,False,False,True,True,False,True,False,True,False,True,False,False,2026-12-01,False,False,6,,"EMA, ADR",8,https://www.tradingview.com/chart/?symbol=NASDAQ:CRWD&interval=D,True,False,True
GTLB,GitLab Inc.,NASDAQ,Packaged Software,48.82,48.58,47.3,45.51,40.94,34.5,30.66,31.96,48.66,46.86,50.67,48.04,4.55,4.52,2.21,3752652.8,5245537.3,256087131.0,238724403.0,0.76,1.41,8134144450.01928,15.55,61,80.21,18,140.37,34,78.71,4.26,3.21,0.92,1.19,35.1,0.217,36.72,True,True,True,True,False,True,False,False,False,True,True,True,False,False,False,False,2026-12-07,False,False,4,">4x 50-MA, thin RVOL","EMA, near21",7,https://www.tradingview.com/chart/?symbol=NASDAQ:GTLB&interval=D,False,True,False
AMLX,"Amylyx Pharmaceuticals, Inc.",NASDAQ,Pharmaceuticals: Major,33.0,32.73,33.89,32.68,27.48,21.42,19.35,17.88,32.99,32.46,33.19,32.25,4.57,5.43,1.79,1592762.9,2982188.6666666665,98412226.0,97459914.0,0.88,0.4,4141930448.780488,-17.08,391,102.33,10,143.18,31,76.15,3.7,-2.61,0.31,0.52,41.9,0.192,48.5,False,False,True,True,True,True,True,True,False,True,False,True,False,False,False,False,2026-11-05,False,False,5,thin RVOL,"EMA, near21, ADR",8,https://www.tradingview.com/chart/?symbol=NASDAQ:AMLX&interval=D,False,True,False
GRAL,"GRAIL, Inc.",NASDAQ,Medical Specialties,108.52,83.5,81.97,78.96,75.41,69.66,63.84,72.33,88.1,82.72,112.58,104.0,4.88,5.99,6.5,1744650.3,989078.1,107334755.0,78098926.0,2.19,-1.13,4847179666.460684,37.58,12,75.49,21,114.04,48,75.7,7.33,32.39,5.21,1.32,69.5,0.439,18.11,True,True,True,True,False,False,False,False,False,False,True,False,True,True,True,False,2026-11-18,False,False,4,"LoD>60% ATR, >4x 50-MA","EMA, RVOL",5,https://www.tradingview.com/chart/?symbol=NASDAQ:GRAL&interval=D,True,True,False
ALAB,"Astera Labs, Inc.",NASDAQ,Semiconductors,363.46,295.61,292.78,296.55,303.96,316.22,256.81,233.23,307.27,300.33,369.15,335.0,5.53,6.61,24.04,4463189.7,3827470.5,1391132428.0,1135035101.0,1.21,-1.68,63054895336.67646,23.71,33,-9.52,273,210.2,8,74.79,2.96,24.14,3.18,1.42,118.4,0.337,22.83,True,True,True,True,False,False,False,False,False,False,True,False,False,True,True,False,2026-11-10,False,False,5,LoD>60% ATR,"EMA, RVOL",5,https://www.tradingview.com/chart/?symbol=NASDAQ:ALAB&interval=D,False,False,True
NEO,"NeoGenomics, Inc.",NASDAQ,Medical/Nursing Services,18.89,18.69,18.15,17.56,16.51,13.76,12.02,12.05,18.82,18.13,19.6,18.83,4.14,4.25,0.8,2111838.4,1827740.5666666667,34526019.0,32098475.0,2.19,-0.67,2426900917.1756825,13.8,75,62.15,36,147.58,28,74.51,3.39,4.09,0.99,0.96,7.5,0.197,35.35,True,True,True,True,False,True,True,False,False,True,False,True,True,True,True,False,2026-11-10,False,False,6,,"EMA, near21, RVOL",8,https://www.tradingview.com/chart/?symbol=NASDAQ:NEO&interval=D,False,False,False
OMER,Omeros Corporation,NASDAQ,Pharmaceuticals: Major,21.05,18.41,18.65,18.17,15.4,13.36,12.83,12.65,18.69,18.14,21.24,19.3,4.2,4.84,1.02,1896559.2,2250952.033333333,47382540.0,40895297.0,2.47,5.9,1523773975.7057872,12.93,80,99.15,12,103.78,57,71.95,7.57,12.86,3.31,1.9,171.7,0.179,28.53,True,True,True,True,False,False,False,False,False,False,True,False,True,True,True,False,2026-11-11,False,True,3,"LoD>60% ATR, >4x 50-MA, large gap","EMA, RVOL",5,https://www.tradingview.com/chart/?symbol=NASDAQ:OMER&interval=D,False,True,False
AYA,Aya Gold & Silver Inc.,NASDAQ,Precious Metals,30.38,28.3,28.31,27.8,25.15,22.05,20.31,19.22,28.53,27.89,30.67,28.58,4.54,5.55,1.69,1576897.6,1260622.1333333333,38297700.0,35046976.0,0.68,0.59,4375819287.9184885,9.71,99,76.83,20,123.05,44,69.87,3.74,7.3,1.61,1.24,106.7,0.153,29.92,True,True,True,True,False,False,False,False,False,False,True,False,False,False,False,False,2026-11-17,False,False,4,"LoD>60% ATR, thin RVOL",EMA,5,https://www.tradingview.com/chart/?symbol=NASDAQ:AYA&interval=D,False,True,False
RBRK,"Rubrik, Inc.",NYSE,Information Technology Services,111.87,101.25,97.37,98.18,90.43,80.77,71.08,70.66,104.08,99.37,113.95,110.25,4.78,5.33,5.96,3696957.7,3727802.8,417029299.0,365991951.0,1.01,0.7,23191146589.249825,15.19,66,52.35,53,141.62,32,69.72,4.45,14.89,2.36,0.62,27.2,0.347,27.34,True,True,True,True,False,False,True,True,False,True,False,True,False,True,False,False,2026-12-03,False,False,5,>4x 50-MA,"EMA, ADR",8,https://www.tradingview.com/chart/?symbol=NYSE:RBRK&interval=D,False,False,False
ETON,"Eton Pharmaceuticals, Inc.",NASDAQ,Pharmaceuticals: Major,57.09,56.77,58.82,57.8,52.16,42.24,35.38,30.52,56.91,56.88,57.5,55.01,4.63,5.04,2.87,423670.4,614523.9,35083169.0,35520403.0,1.17,0.0,1631811252.6541314,-4.47,236,65.96,30,141.09,33,67.53,1.88,-2.93,0.07,0.87,72.4,0.167,49.57,False,False,True,True,True,True,True,False,False,True,False,False,False,False,False,False,2026-11-05,False,False,4,"LoD>60% ATR, thin RVOL","EMA, near21",6,https://www.tradingview.com/chart/?symbol=NASDAQ:ETON&interval=D,False,False,False
PENG,"Penguin Solutions, Inc.",NASDAQ,Semiconductors,56.58,51.05,50.53,52.68,54.49,56.16,44.51,38.37,52.21,52.01,57.5,54.42,4.09,5.91,3.34,1384806.8,1469199.7333333334,83127321.0,77390096.0,1.24,-0.55,2899311882.5365143,9.21,103,-15.55,310,208.84,9,67.5,0.65,11.97,1.49,0.92,64.6,0.204,31.45,True,True,True,True,False,True,True,False,False,True,False,False,False,False,True,False,2026-10-06,False,False,4,"LoD>60% ATR, thin RVOL","EMA, near21, RVOL",7,https://www.tradingview.com/chart/?symbol=NASDAQ:PENG&interval=D,False,False,True
SNDK,Sandisk Corporation,NASDAQ,Computer Peripherals,1887.04,1675.29,1619.64,1594.96,1505.48,1602.96,1315.86,1084.51,1697.84,1637.19,1909.48,1756.82,4.98,6.25,117.88,10113062.0,12240677.533333333,23098648133.0,19523372678.0,1.29,-0.52,276298524029.4422,17.59,52,-5.06,248,188.54,13,67.02,4.06,16.51,2.44,1.3,110.5,0.297,31.31,True,True,True,True,False,False,False,False,False,False,True,False,False,True,True,False,2026-11-05,False,False,4,"LoD>60% ATR, >4x 50-MA","EMA, RVOL",5,https://www.tradingview.com/chart/?symbol=NASDAQ:SNDK&interval=D,False,False,True
CVI,CVR Energy Inc.,NYSE,Oil Refining/Marketing,52.13,51.3,46.71,43.24,39.46,35.5,33.48,31.53,50.88,47.17,54.11,51.22,4.98,4.79,2.5,1333742.8,1077644.1666666667,56177590.0,46602363.0,0.85,-2.16,5240660406.528505,44.09,9,96.87,13,56.78,121,65.91,6.71,11.6,2.2,1.16,36.5,0.439,37.91,True,True,True,True,False,False,False,False,False,False,True,True,False,False,False,False,2026-11-02,False,True,3,">4x 50-MA, thin RVOL, large gap",EMA,6,https://www.tradingview.com/chart/?symbol=NYSE:CVI&interval=D,True,True,False
XMTR,"Xometry, Inc.",NASDAQ,Information Technology Services,105.13,91.94,91.99,90.88,91.12,88.35,73.55,70.69,95.12,92.63,105.81,99.6,4.05,4.46,4.69,946574.2,620044.3,65185257.0,56352623.0,1.42,2.25,6026427238.267557,24.87,30,14.32,150,156.41,24,65.2,3.45,14.29,3.03,1.32,117.9,0.222,20.26,True,True,True,True,False,False,False,False,False,False,True,False,False,False,True,False,2026-11-05,False,True,3,"LoD>60% ATR, thin RVOL, large gap","EMA, RVOL",5,https://www.tradingview.com/chart/?symbol=NASDAQ:XMTR&interval=D,False,False,False
AMBQ,"Ambiq Micro, Inc.",NYSE,Semiconductors,71.05,63.83,60.99,61.44,64.73,69.38,56.09,49.76,64.66,63.05,73.08,69.81,4.65,5.55,3.94,759807.3,542118.5333333333,38517522.0,33307763.0,0.87,-1.77,1718311192.610775,21.18,41,-12.15,291,186.15,14,65.06,1.76,16.49,2.29,0.83,31.5,0.272,27.63,True,True,True,True,False,False,True,False,False,False,False,True,False,False,False,False,2026-11-05,False,False,5,thin RVOL,EMA,7,https://www.tradingview.com/chart/?symbol=NYSE:AMBQ&interval=D,False,False,True
NSIT,"Insight Enterprises, Inc.",NASDAQ,Information Technology Services,156.25,158.76,157.13,154.79,143.7,123.15,107.53,101.61,157.6,155.43,159.82,152.86,4.09,3.99,6.23,460769.0,330004.7,51563234.0,51082143.0,0.85,1.46,4585757762.643587,6.13,131,41.71,64,143.8,30,63.88,2.19,-0.56,0.13,1.12,54.3,0.1,36.57,False,False,False,True,True,True,False,False,False,True,True,True,False,False,False,False,2026-10-29,False,False,5,thin RVOL,near21,5,https://www.tradingview.com/chart/?symbol=NASDAQ:NSIT&interval=D,False,False,False
PANW,"Palo Alto Networks, Inc.",NASDAQ,Packaged Software,374.57,361.39,356.12,361.38,354.58,312.32,262.44,242.39,364.87,359.92,377.91,363.58,4.63,4.96,18.57,7111268.100000009,6490263.566666675,2431058024.0,2345470919.0,1.17,0.82,306398268048.3784,6.29,129,29.33,96,146.04,29,60.55,1.14,5.18,0.82,0.77,59.2,0.223,31.77,True,True,True,True,False,True,True,False,False,True,False,True,False,True,False,False,2026-11-12,False,False,6,,"EMA, near21",8,https://www.tradingview.com/chart/?symbol=NASDAQ:PANW&interval=D,False,False,False
SBET,"Sharplink, Inc.",NASDAQ,Advertising/Marketing Services,10.23,8.91,8.71,8.1,7.32,6.65,6.82,7.44,9.1,8.58,10.4,9.85,5.49,6.06,0.62,10527282.5,9652332.600000022,98743362.0,78145285.0,1.67,-0.7,2222197349.071142,29.99,20,105.01,7,46.14,146,60.38,6.55,17.42,3.18,0.88,61.3,0.27,22.11,True,True,True,True,False,False,True,False,False,False,False,False,True,True,True,False,2026-11-12,False,False,4,"LoD>60% ATR, >4x 50-MA","EMA, RVOL",6,https://www.tradingview.com/chart/?symbol=NASDAQ:SBET&interval=D,True,True,False
HPE,Hewlett Packard Enterprise Company,NYSE,Computer Processing Hardware,61.03,58.88,56.08,55.95,53.01,47.26,39.4,35.31,58.86,56.9,63.0,60.44,5.99,5.81,3.55,25705668.9,23218947.900000025,1417052390.0,1299069176.0,0.63,0.0,81015171964.38736,14.5,71,26.51,103,138.58,36,59.87,2.6,8.83,1.25,0.72,16.5,0.254,38.61,True,True,True,True,False,True,True,True,False,True,False,True,False,True,False,False,2026-12-03,False,False,6,,"EMA, near21, ADR",9,https://www.tradingview.com/chart/?symbol=NYSE:HPE&interval=D,False,False,False
CLMT,"Calumet, Inc",NASDAQ,Oil Refining/Marketing,56.42,57.36,53.84,51.98,48.07,41.33,37.85,33.74,56.76,54.23,58.32,55.54,4.04,4.1,2.31,1554831.0,1284920.4,72495209.0,66796159.0,1.07,-2.65,4959218130.1930485,15.73,60,74.46,22,88.95,68,59.71,4.24,4.79,0.99,1.2,38.0,0.308,41.88,False,False,False,True,False,True,False,False,False,True,True,True,False,False,False,False,2026-11-06,False,True,3,">4x 50-MA, thin RVOL, large gap",near21,4,https://www.tradingview.com/chart/?symbol=NASDAQ:CLMT&interval=D,False,True,False
HNGE,"Hinge Health, Inc.",NYSE,Packaged Software,94.15,92.73,91.91,90.6,86.83,75.88,64.59,59.34,93.25,91.57,94.6,91.78,4.15,4.37,4.11,2046505.4,1842679.0666666667,173488234.0,166943038.0,0.62,0.0,7597379330.994178,9.86,95,30.78,87,135.49,38,58.71,1.93,2.44,0.65,0.69,57.6,0.097,35.47,True,True,True,True,True,True,True,True,True,True,False,True,False,False,False,False,2026-11-03,False,False,5,thin RVOL,"EMA, near21, ADR, BB",11,https://www.tradingview.com/chart/?symbol=NYSE:HNGE&interval=D,False,False,False
BFLY,"Butterfly Network, Inc.",NYSE,Medical Specialties,9.93,7.83,7.95,8.34,8.02,6.89,5.99,5.43,8.16,8.08,10.0,8.35,5.88,6.66,0.66,6154690.8,5087523.6,50519109.0,42453689.0,4.38,8.72,2693861979.8845205,6.77,126,26.66,100,139.86,35,57.76,3.56,24.94,3.45,2.49,238.7,0.35,26.14,True,True,True,True,False,False,False,False,False,False,True,False,True,True,True,False,2026-10-29,False,True,4,"LoD>60% ATR, large gap","EMA, RVOL",5,https://www.tradingview.com/chart/?symbol=NYSE:BFLY&interval=D,False,False,False
VRNS,"Varonis Systems, Inc.",NASDAQ,Packaged Software,47.29,46.95,45.57,44.62,44.53,39.29,34.0,33.4,46.97,45.88,48.58,46.55,4.4,4.2,1.99,2001880.1999999986,1735095.7666666673,82052679.0,77416792.0,0.78,0.13,5431752364.269941,15.51,62,30.1,93,123.28,43,56.29,1.48,3.77,0.73,1.02,37.2,0.185,28.67,True,True,True,True,False,True,False,False,False,True,True,True,False,False,False,False,2026-11-02,False,False,5,thin RVOL,"EMA, near21",7,https://www.tradingview.com/chart/?symbol=NASDAQ:VRNS&interval=D,False,False,False
QLYS,"Qualys, Inc.",NASDAQ,Packaged Software,183.32,174.08,175.97,179.24,169.43,140.99,124.21,126.43,177.38,175.8,186.55,177.65,5.41,5.28,9.69,914119.2,696885.3,127753013.0,124912276.0,0.81,1.56,6341955581.264321,0.86,181,62.84,35,105.12,55,56.27,1.55,4.18,0.81,0.92,58.5,0.203,28.23,True,True,True,True,False,True,True,False,False,True,False,True,False,False,False,False,2026-11-04,False,False,5,thin RVOL,"EMA, near21",8,https://www.tradingview.com/chart/?symbol=NASDAQ:QLYS&interval=D,False,False,False
MRVL,"Marvell Technology, Inc.",NASDAQ,Semiconductors,262.36,237.31,230.15,229.38,217.27,224.98,185.46,160.05,240.66,232.95,266.0,254.0,4.01,5.52,14.49,19153431.2,22686177.666666668,5951945573.0,5203800806.0,1.03,-0.75,230063494769.42032,3.95,153,-6.95,257,167.82,19,54.94,3.76,14.0,2.29,0.83,57.7,0.27,29.45,True,True,True,True,False,False,True,False,False,False,False,True,False,True,False,False,2026-11-26,False,False,6,,EMA,7,https://www.tradingview.com/chart/?symbol=NASDAQ:MRVL&interval=D,False,False,True
ILMN,"Illumina, Inc.",NASDAQ,Medical Specialties,247.46,224.32,221.06,214.43,206.18,183.45,164.1,157.21,230.47,221.56,248.16,234.57,4.17,4.27,10.56,5609635.7,2998208.3666666667,741936642.0,642901323.0,0.48,-0.72,37366461146.01273,16.51,57,48.96,56,97.54,62,54.34,4.69,11.94,2.74,1.29,122.0,0.241,27.12,True,True,True,True,False,False,False,False,False,False,True,False,False,True,False,False,2026-10-29,False,False,4,"LoD>60% ATR, >4x 50-MA",EMA,5,https://www.tradingview.com/chart/?symbol=NASDAQ:ILMN&interval=D,False,False,False
SNOW,Snowflake Inc.,NYSE,Packaged Software,336.59,332.33,329.95,329.64,313.29,262.99,228.49,223.47,333.51,329.45,346.79,333.68,4.38,4.58,15.41,4205702.0,4908230.133333334,1652061181.0,1617926076.0,1.17,1.86,118748953016.54366,4.64,140,47.22,59,111.14,50,54.33,1.62,2.01,0.47,0.85,18.9,0.125,32.34,True,True,True,True,True,True,True,False,False,True,False,True,False,True,False,False,2026-12-02,False,False,6,,"EMA, near21",9,https://www.tradingview.com/chart/?symbol=NYSE:SNOW&interval=D,False,False,False
BMNR,"BitMine Immersion Technologies, Inc.",NYSE,Financial Conglomerates,28.76,25.25,24.98,23.26,20.83,19.28,19.81,22.04,25.79,24.44,28.86,27.72,5.2,6.07,1.74,45743319.2,44218468.3,1271723148.0,1028433136.0,0.91,-0.96,17348790671.493103,29.26,22,91.73,15,41.81,152,54.27,6.27,15.13,2.92,0.65,59.6,0.243,20.75,True,True,True,True,False,False,True,False,False,False,False,True,False,True,False,False,2026-11-20,False,False,5,>4x 50-MA,EMA,7,https://www.tradingview.com/chart/?symbol=NYSE:BMNR&interval=D,True,True,False
SMTC,Semtech Corporation,NASDAQ,Semiconductors,174.33,167.07,152.88,146.25,138.51,142.15,124.1,112.8,167.18,156.6,178.5,172.22,5.8,6.59,11.48,3742837.2,3473347.3,605508635.0,507967201.0,0.98,-1.83,16269455333.223995,33.03,16,5.66,190,124.1,42,54.26,3.93,14.03,1.72,0.55,18.4,0.466,31.13,True,True,True,True,False,False,True,True,False,True,False,True,False,True,False,False,2026-12-02,False,False,6,,"EMA, ADR",8,https://www.tradingview.com/chart/?symbol=NASDAQ:SMTC&interval=D,True,False,False
AEHR,Aehr Test Systems,NASDAQ,Electronic Production Equipment,100.6,91.48,88.11,98.23,93.72,94.32,80.34,66.58,92.23,92.23,100.94,93.01,6.83,8.82,8.88,2673784.2,2723547.6333333333,273988892.0,267538623.0,0.65,-3.07,3285550327.8283296,-7.28,273,-1.96,234,170.07,18,53.61,0.83,14.17,1.03,0.89,85.5,0.325,27.57,True,True,True,True,False,True,True,False,False,True,False,False,False,False,False,False,2026-10-06,False,True,3,"LoD>60% ATR, thin RVOL, large gap","EMA, near21",7,https://www.tradingview.com/chart/?symbol=NASDAQ:AEHR&interval=D,False,False,True
SAIL,"SailPoint, Inc.",NASDAQ,Packaged Software,21.37,19.44,19.24,19.15,17.97,16.25,15.21,16.05,19.88,19.3,21.86,19.93,5.79,5.85,1.25,6338004.3,4289666.2,91670167.0,82137099.0,1.5,4.08,12200381159.125,14.28,72,66.17,29,75.6,86,52.02,3.23,11.05,1.83,1.54,115.1,0.246,19.79,True,True,True,True,False,False,False,False,False,False,True,False,True,True,True,False,2026-12-15,False,True,4,"LoD>60% ATR, large gap","EMA, RVOL",5,https://www.tradingview.com/chart/?symbol=NASDAQ:SAIL&interval=D,False,False,False
DK,"Delek US Holdings, Inc.",NYSE,Oil Refining/Marketing,73.34,76.54,74.27,71.86,68.5,57.82,52.3,47.04,75.8,73.83,76.32,71.57,5.43,5.85,4.29,2995090.6,2138589.966666667,156844188.0,153671946.0,0.64,-3.24,4490767801.527767,13.35,78,73.26,25,67.75,97,51.45,1.21,-1.25,0.11,1.11,41.3,0.174,40.22,False,False,False,True,True,True,False,False,False,True,True,True,False,False,False,False,2026-11-11,False,True,4,"thin RVOL, large gap",near21,5,https://www.tradingview.com/chart/?symbol=NYSE:DK&interval=D,False,False,False
OSCR,"Oscar Health, Inc.",NYSE,Managed Health Care,30.67,32.18,31.6,31.46,30.73,28.16,23.42,21.39,31.8,31.63,31.48,29.22,6.19,6.18,1.9,6385575.9,5422670.833333333,166313314.0,170588187.0,1.37,0.58,8387294295.67242,-2.42,208,2.23,208,154.52,26,51.45,-0.03,-2.96,0.49,1.19,76.5,0.14,35.18,False,False,False,True,True,True,False,False,False,True,True,False,False,False,True,False,2026-11-10,False,False,4,"LoD>60% ATR, thin RVOL","near21, RVOL",4,https://www.tradingview.com/chart/?symbol=NYSE:OSCR&interval=D,False,False,False
SLS,"SELLAS Life Sciences Group, Inc.",NASDAQ,Pharmaceuticals: Major,12.02,12.01,12.93,12.99,12.46,10.64,8.72,7.39,12.04,12.45,12.07,11.17,7.69,8.51,1.02,7695576.7,7389221.3,88818440.0,95972438.0,0.77,0.35,2427387400.687775,-12.2,345,29.95,94,136.38,37,51.38,-0.41,-7.02,0.41,0.88,83.1,0.365,46.07,False,False,False,True,False,True,True,False,False,True,False,False,False,False,False,False,2026-11-18,False,False,4,"LoD>60% ATR, thin RVOL",near21,4,https://www.tradingview.com/chart/?symbol=NASDAQ:SLS&interval=D,False,False,False
DINO,HF Sinclair Corporation,NYSE,Oil Refining/Marketing,106.69,110.53,106.17,101.76,96.18,83.47,74.85,68.79,109.76,105.9,110.23,105.83,4.38,4.31,4.6,3092553.6,2631401.7,280744247.0,267776700.0,1.67,-1.97,18967758474.740326,13.5,76,64.14,32,74.87,87,50.84,2.53,0.49,0.17,0.96,18.7,0.229,39.12,False,False,False,True,True,True,True,False,False,True,False,True,True,True,True,False,2026-10-29,False,False,6,,"near21, RVOL",6,https://www.tradingview.com/chart/?symbol=NYSE:DINO&interval=D,False,False,False
S,"SentinelOne, Inc.",NYSE,Packaged Software,23.85,22.16,21.41,21.62,20.76,18.62,16.96,16.34,22.55,21.81,24.17,23.42,4.58,4.92,1.17,9455681.2,8957804.966666667,213643648.0,193634898.0,0.83,1.55,8300971562.105042,13.41,77,57.95,43,79.46,80,50.27,3.02,11.4,1.9,0.64,36.6,0.298,24.4,True,True,True,True,False,False,True,True,False,True,False,True,False,False,False,False,2026-12-08,False,False,5,thin RVOL,"EMA, ADR",8,https://www.tradingview.com/chart/?symbol=NYSE:S&interval=D,False,False,False
MGNI,"Magnite, Inc.",NASDAQ,Packaged Software,24.8,24.31,24.06,24.07,22.52,19.25,17.04,16.51,24.54,24.07,25.64,24.28,4.35,4.25,1.05,2262577.6999999997,2401130.7333333315,59548042.0,57796017.0,0.89,1.3,3556919187.9889374,5.62,135,38.16,71,106.67,54,50.15,2.38,3.08,0.71,1.29,49.3,0.121,31.48,True,True,True,True,False,True,False,False,False,True,True,True,False,False,False,False,2026-11-11,False,False,5,thin RVOL,"EMA, near21",7,https://www.tradingview.com/chart/?symbol=NASDAQ:MGNI&interval=D,False,False,False
ZETA,Zeta Global Holdings Corp.,NYSE,Packaged Software,30.13,30.59,30.53,29.94,26.98,23.35,21.24,20.8,30.57,30.02,32.01,29.53,4.72,4.86,1.46,5236705.5,6775633.9,204149849.0,202864738.0,1.54,2.73,7563039490.397753,7.19,121,55.39,49,87.49,70,50.02,2.41,-1.31,0.07,1.7,41.2,0.132,32.49,False,False,False,True,True,True,False,False,False,True,True,True,True,True,True,False,2026-11-10,False,True,5,large gap,"near21, RVOL",5,https://www.tradingview.com/chart/?symbol=NYSE:ZETA&interval=D,False,False,False
NET,"Cloudflare, Inc.",NYSE,Information Technology Services,353.0,327.63,307.9,305.85,295.07,263.77,242.27,229.34,328.42,314.72,357.1,345.3,4.86,5.08,17.93,3562085.3,3298995.8,1164545517.0,1009013261.0,0.95,0.22,125696143987.25224,25.69,28,58.23,42,63.43,106,49.11,3.87,14.65,2.39,0.66,42.9,0.309,27.85,True,True,True,True,False,False,True,True,False,True,False,True,False,True,False,False,2026-10-29,False,False,6,,"EMA, ADR",8,https://www.tradingview.com/chart/?symbol=NYSE:NET&interval=D,False,False,False
GH,"Guardant Health, Inc.",NASDAQ,Medical Specialties,177.16,171.11,167.34,166.02,161.72,143.79,125.85,120.98,172.81,168.73,179.43,170.5,4.85,4.68,8.29,1852702.8,1992299.6333333333,352955803.0,330768226.0,1.21,-0.85,23774192277.01156,5.93,133,33.04,82,107.08,53,48.68,2.04,5.87,1.07,1.08,80.4,0.178,28.29,True,True,True,True,False,True,False,False,False,True,True,False,False,True,True,False,2026-10-29,False,False,5,LoD>60% ATR,"EMA, near21, RVOL",6,https://www.tradingview.com/chart/?symbol=NASDAQ:GH&interval=D,False,False,False
TEM,"Tempus AI, Inc.",NASDAQ,Packaged Software,77.19,69.35,67.31,64.36,57.89,54.68,53.42,56.19,72.0,67.48,79.0,75.81,5.68,6.08,4.7,7420372.6,7599788.6,586627682.0,489097062.0,0.81,-0.05,13927759288.81084,17.67,51,58.78,41,67.8,96,48.08,5.48,14.67,2.37,0.68,29.4,0.383,20.63,True,True,True,True,False,False,True,True,False,True,False,True,False,True,False,False,2026-11-10,False,False,5,>4x 50-MA,"EMA, ADR",8,https://www.tradingview.com/chart/?symbol=NASDAQ:TEM&interval=D,False,False,False
ANF,Abercrombie & Fitch Company,NYSE,Apparel/Footwear Retail,136.21,140.32,140.95,130.22,118.63,100.5,97.56,100.2,138.53,135.27,141.74,134.92,4.18,4.7,6.41,1377052.3,2043194.4666666666,278303518.0,266064783.0,0.9,0.91,5779986610.169495,27.01,26,60.17,38,53.91,130,47.03,3.15,-3.37,0.15,1.06,20.1,0.256,31.86,False,False,False,True,False,True,False,False,False,True,True,True,False,False,False,False,2026-11-24,False,False,5,thin RVOL,near21,4,https://www.tradingview.com/chart/?symbol=NYSE:ANF&interval=D,False,False,False
ZS,"Zscaler, Inc.",NASDAQ,Packaged Software,210.18,188.34,182.13,181.93,170.34,156.56,152.73,167.97,193.39,185.09,210.73,202.55,4.46,4.7,9.88,3649151.6,3164411.5,665096009.0,575695055.0,0.77,1.39,34270838234.143875,19.95,44,67.54,28,51.01,136,46.17,4.98,15.4,2.88,0.83,77.2,0.318,16.94,True,True,True,True,False,False,True,False,False,False,False,False,False,True,False,False,2026-12-01,False,False,4,"LoD>60% ATR, >4x 50-MA",EMA,6,https://www.tradingview.com/chart/?symbol=NASDAQ:ZS&interval=D,False,False,False
ESTC,Elastic N.V.,NYSE,Packaged Software,89.22,86.36,88.14,86.66,77.89,67.46,62.08,64.47,87.71,86.31,91.25,87.68,4.14,4.89,4.36,2088845.1,2836510.2333333334,253073443.0,245819541.0,0.66,1.44,9367321870.519897,4.44,142,52.77,52,80.5,79,45.9,2.98,1.23,0.69,0.82,35.3,0.241,29.21,True,True,True,True,True,True,True,False,False,True,False,True,False,False,False,False,2026-12-02,False,False,5,thin RVOL,"EMA, near21",9,https://www.tradingview.com/chart/?symbol=NYSE:ESTC&interval=D,False,False,False
TENB,"Tenable Holdings, Inc.",NASDAQ,Packaged Software,35.91,34.9,35.05,35.45,35.42,31.71,27.58,26.53,35.45,35.24,37.0,35.13,6.33,6.49,2.33,6696410.4,4721854.466666667,169561794.0,167394463.0,0.41,1.88,3955126913.925413,5.8,134,31.2,86,99.61,60,45.54,0.21,2.46,0.29,0.8,33.4,0.233,24.77,True,True,True,True,True,True,True,False,False,True,False,True,False,False,False,False,2026-11-04,False,False,5,thin RVOL,"EMA, near21",9,https://www.tradingview.com/chart/?symbol=NASDAQ:TENB&interval=D,False,False,False
SHAZ,"SharonAI Holdings, Inc.",NASDAQ,Data Processing Services,63.21,56.43,56.34,59.66,59.2,63.54,51.85,,57.53,57.56,64.0,58.67,6.82,8.69,5.5,1475854.8,1675575.4666666666,105913125.0,99958689.0,0.78,-1.49,2263139553.5286164,2.85,166,-26.05,363,158.11,23,44.97,0.78,12.2,1.13,0.97,82.6,0.24,18.49,False,True,False,False,False,True,True,False,False,True,False,False,False,False,False,False,2026-11-04,False,False,3,"LoD>60% ATR, thin RVOL, below 200-MA",near21,4,https://www.tradingview.com/chart/?symbol=NASDAQ:SHAZ&interval=D,False,False,True
APPN,Appian Corporation,NASDAQ,Packaged Software,36.9,36.79,38.34,37.78,33.55,28.12,26.78,28.15,37.51,37.14,39.67,36.27,5.16,5.71,2.11,935159.3,861134.5,31775863.0,32529643.0,1.0,2.59,2643084038.7778354,-1.07,195,80.53,17,55.43,123,44.96,1.75,-3.77,0.11,1.61,29.9,0.264,31.34,False,False,False,True,False,True,False,False,False,True,True,True,False,False,False,False,2026-10-29,False,True,4,"thin RVOL, large gap",near21,4,https://www.tradingview.com/chart/?symbol=NASDAQ:APPN&interval=D,False,True,False
PI,"Impinj, Inc.",NASDAQ,Semiconductors,181.75,176.51,173.29,172.07,162.44,151.4,137.11,143.0,177.97,173.87,186.66,181.08,4.24,4.44,8.07,430089.5,387928.2,70505950.0,66749706.0,2.02,0.25,5553264479.219757,10.69,90,45.28,62,77.92,82,44.63,2.68,4.88,1.02,0.69,8.3,0.139,21.68,True,True,True,True,False,True,True,True,False,True,False,True,True,True,True,False,2026-10-28,False,False,6,,"EMA, near21, ADR, RVOL",9,https://www.tradingview.com/chart/?symbol=NASDAQ:PI&interval=D,False,False,False
HTFL,"Heartflow, Inc.",NASDAQ,Packaged Software,50.17,48.9,49.05,46.43,38.26,34.15,31.43,30.98,49.34,47.38,51.4,49.71,4.89,4.86,2.44,2299323.3,2417246.6666666665,121273265.0,112229540.0,0.55,1.21,4362463702.926287,5.96,132,44.71,63,83.04,75,44.57,6.4,2.29,1.21,0.69,18.9,0.11,36.02,True,True,True,True,True,True,True,True,False,True,False,True,False,False,False,False,2026-11-18,False,False,4,">4x 50-MA, thin RVOL","EMA, near21, ADR",10,https://www.tradingview.com/chart/?symbol=NASDAQ:HTFL&interval=D,False,False,False
VLO,Valero Energy Corporation,NYSE,Oil Refining/Marketing,377.14,394.43,377.15,365.38,341.54,297.89,275.36,251.57,390.57,377.27,396.2,375.03,4.06,3.85,14.53,4532811.7999999765,3056822.500000005,1152850038.0,1116915051.0,1.84,-2.13,108588959124.49156,9.8,97,57.86,44,60.32,115,42.66,2.71,-0.0,0.01,1.46,14.5,0.223,37.88,False,False,False,True,True,True,False,False,False,True,True,True,True,True,True,False,2026-10-22,False,True,5,large gap,"near21, RVOL",5,https://www.tradingview.com/chart/?symbol=NYSE:VLO&interval=D,False,False,False
ORKA,"Oruka Therapeutics, Inc.",NASDAQ,Pharmaceuticals: Major,94.55,93.78,94.05,98.76,96.62,83.53,71.83,61.77,94.35,95.2,96.78,91.53,4.97,5.22,4.93,938095.6,860237.5,81335456.0,84958489.0,1.15,0.0,6260126374.590384,-10.36,313,15.32,143,122.94,46,42.63,-0.41,0.53,0.13,1.06,61.2,0.122,36.86,False,False,False,True,True,True,False,False,False,True,True,False,False,False,False,False,2026-11-18,False,False,4,"LoD>60% ATR, thin RVOL",near21,4,https://www.tradingview.com/chart/?symbol=NASDAQ:ORKA&interval=D,False,False,False
P,"Everpure, Inc.",NYSE,Computer Peripherals,110.89,101.04,99.63,103.8,93.2,85.02,78.35,76.37,103.67,101.02,111.39,107.2,4.4,5.41,6.0,10500619.4,5893157.366666666,653492220.0,611709735.0,0.57,-2.0,36951572540.847885,-0.1,188,53.5,51,72.83,90,42.08,3.51,11.3,1.8,0.7,61.5,0.241,22.24,True,True,True,True,False,False,True,False,False,False,False,False,False,True,False,False,2026-12-02,False,False,5,LoD>60% ATR,EMA,6,https://www.tradingview.com/chart/?symbol=NYSE:P&interval=D,False,False,False
MSTR,Strategy Inc,NASDAQ,Internet Software/Services,167.33,140.7,136.34,125.22,113.8,124.97,130.02,136.87,145.86,135.39,171.19,167.25,4.68,5.61,9.38,25433477.8,27214302.266666666,4553769198.0,3407784001.0,0.95,-0.57,64292454631.00143,39.81,11,63.28,34,22.54,196,41.88,8.39,22.73,4.21,0.42,0.9,0.38,16.07,True,True,True,True,False,False,True,True,False,True,False,True,False,True,False,False,2026-11-04,False,False,5,>4x 50-MA,"EMA, ADR",8,https://www.tradingview.com/chart/?symbol=NASDAQ:MSTR&interval=D,True,False,False
STX,Seagate Technology Holdings PLC,NASDAQ,Computer Peripherals,919.84,839.8,837.44,852.28,843.86,858.48,721.93,625.68,849.95,845.02,936.94,856.39,5.28,5.91,54.35,4396686.3,3919312.533333333,3605140441.0,3340343194.0,1.2,-2.24,209165199006.59848,6.63,128,-10.5,280,129.01,39,41.71,1.52,9.84,1.5,1.48,116.7,0.183,25.31,True,True,True,True,False,True,False,False,False,True,True,False,False,True,True,False,2026-10-28,False,True,4,"LoD>60% ATR, large gap","EMA, near21, RVOL",6,https://www.tradingview.com/chart/?symbol=NASDAQ:STX&interval=D,False,False,False
INSP,"Inspire Medical Systems, Inc.",NYSE,Medical Specialties,71.3,72.58,67.29,64.67,60.15,52.41,53.92,63.95,71.83,68.15,76.1,71.19,5.31,4.87,3.48,1147728.7,696527.5333333333,49662413.0,45041649.0,1.02,-0.53,2061309812.8301635,16.56,56,69.76,27,38.77,155,41.7,3.8,5.95,0.95,1.41,3.2,0.341,28.3,False,False,False,True,False,True,False,False,False,True,True,True,False,False,False,False,2026-11-09,False,False,5,thin RVOL,near21,4,https://www.tradingview.com/chart/?symbol=NYSE:INSP&interval=D,False,False,False
TVTX,"Travere Therapeutics, Inc.",NASDAQ,Pharmaceuticals: Major,60.28,64.23,65.34,64.72,61.79,55.63,47.66,44.02,63.58,64.03,62.45,59.3,4.27,4.23,2.55,1751351.1,1401121.0333333334,84459576.0,90674482.0,1.98,-3.96,5682057829.711104,-6.95,270,6.6,186,125.18,41,41.61,-0.58,-7.74,1.38,1.24,38.5,0.118,35.37,False,False,False,True,False,True,False,False,False,True,True,True,True,True,True,False,2026-10-22,False,True,5,large gap,"near21, RVOL",4,https://www.tradingview.com/chart/?symbol=NASDAQ:TVTX&interval=D,False,False,False
PBF,PBF Energy Inc.,NYSE,Oil Refining/Marketing,71.44,75.12,73.86,73.33,69.55,56.34,51.61,46.49,74.36,73.5,74.99,70.05,5.95,6.25,4.46,5007931.2,3402030.2,243041037.0,249470875.0,1.07,-1.71,8468272649.751654,1.58,173,79.36,19,43.6,149,41.51,0.43,-3.28,0.45,1.11,31.2,0.173,40.08,False,False,False,True,False,True,False,False,False,True,True,True,False,False,False,False,2026-10-29,False,False,5,thin RVOL,near21,4,https://www.tradingview.com/chart/?symbol=NYSE:PBF&interval=D,False,True,False
CHYM,"Chime Financial, Inc.",NASDAQ,Packaged Software,28.62,31.86,32.47,32.36,28.89,23.84,22.89,23.43,31.16,31.46,30.31,28.58,5.07,5.26,1.5,10278635.6,8256559.633333334,236302737.0,267165757.0,0.79,1.3,10835105458.692514,-10.56,320,71.58,26,62.24,109,41.09,-0.18,-11.85,1.72,1.15,2.7,0.187,33.47,False,False,False,True,False,False,False,False,False,False,True,True,False,True,False,False,2026-11-11,False,False,6,,,3,https://www.tradingview.com/chart/?symbol=NASDAQ:CHYM&interval=D,False,False,False
COHU,"Cohu, Inc.",NASDAQ,Semiconductors,64.54,55.74,52.23,53.6,52.42,53.8,47.12,42.11,56.39,54.3,64.76,58.83,4.96,6.06,3.91,1167312.7,1029422.8,66438948.0,55178606.0,0.94,-1.87,3055222505.966511,16.69,55,-1.56,233,107.93,52,41.02,3.81,23.56,3.11,1.52,146.0,0.394,21.12,True,True,True,True,False,False,False,False,False,False,True,False,False,False,False,False,2026-10-29,False,False,4,"LoD>60% ATR, thin RVOL",EMA,5,https://www.tradingview.com/chart/?symbol=NASDAQ:COHU&interval=D,False,False,False
PGY,Pagaya Technologies Ltd.,NASDAQ,Packaged Software,20.77,20.87,21.56,21.37,20.25,17.73,15.86,17.19,21.01,21.1,21.6,20.64,5.15,5.65,1.17,2206512.9999999953,2170439.1,45080020.0,46390965.0,0.86,2.15,1732754770.3397129,1.19,177,39.02,68,81.4,77,40.54,0.45,-3.67,0.28,0.82,11.1,0.17,27.44,False,False,False,True,False,True,True,False,False,True,False,True,False,False,False,False,2026-11-17,False,True,4,"thin RVOL, large gap",near21,5,https://www.tradingview.com/chart/?symbol=NASDAQ:PGY&interval=D,False,False,False
FCEL,"FuelCell Energy, Inc.",NASDAQ,Electronic Equipment/Instruments,17.86,16.57,16.86,18.06,19.15,19.96,15.92,13.98,17.06,17.38,18.87,17.17,7.33,9.51,1.7,6017841.599999996,7746745.899999995,138356882.0,139916560.0,0.92,-1.78,1427981816.096882,-6.05,250,-28.87,381,155.87,25,40.32,-0.71,5.92,0.29,1.0,40.6,0.364,33.48,False,False,False,True,False,True,False,False,False,True,True,True,False,False,False,False,2026-12-17,False,False,5,thin RVOL,near21,4,https://www.tradingview.com/chart/?symbol=NASDAQ:FCEL&interval=D,False,False,False
DDOG,"Datadog, Inc.",NASDAQ,Packaged Software,247.48,231.78,227.82,232.42,243.12,233.25,195.87,180.13,234.17,232.8,249.91,244.13,4.15,4.83,11.94,3291780.8,3765876.3333333335,931960246.0,875255563.0,0.8,0.25,88862097266.07048,5.24,137,13.42,152,102.2,59,40.29,0.37,8.63,1.31,0.48,28.0,0.19,25.45,True,True,True,True,False,True,True,True,False,True,False,True,False,True,False,False,2026-11-05,False,False,6,,"EMA, near21, ADR",9,https://www.tradingview.com/chart/?symbol=NASDAQ:DDOG&interval=D,False,False,False
HOOD,"Robinhood Markets, Inc.",NASDAQ,Investment Banks/Brokers,124.25,114.76,113.08,107.88,103.69,97.01,90.14,94.84,116.2,112.22,126.16,122.46,5.16,5.36,6.66,24003618.2,22325457.733333334,2773938123.0,2408403404.0,0.64,-0.24,111710977051.76198,22.9,36,21.4,116,74.63,88,39.64,3.7,9.87,2.0,0.56,26.9,0.239,19.81,True,True,True,True,False,False,True,True,False,True,False,True,False,True,False,False,2026-11-04,False,False,6,,"EMA, ADR",8,https://www.tradingview.com/chart/?symbol=NASDAQ:HOOD&interval=D,False,False,False
SWKS,"Skyworks Solutions, Inc.",NASDAQ,Semiconductors,89.96,86.25,77.75,74.6,69.82,70.27,65.94,65.03,85.54,80.05,90.84,88.09,6.19,5.22,4.7,9790809.2,6984309.266666667,628308462.0,521024815.0,0.45,0.16,13536530812.13568,32.45,18,22.33,113,61.8,111,38.86,5.53,15.7,2.37,0.58,39.8,0.485,23.59,True,True,True,True,False,False,True,True,False,True,False,True,False,True,False,False,2026-10-29,False,False,5,>4x 50-MA,"EMA, ADR",8,https://www.tradingview.com/chart/?symbol=NASDAQ:SWKS&interval=D,True,False,False
RUM,RUM Group Inc.,NASDAQ,Internet Software/Services,8.96,8.27,8.65,8.47,7.49,7.47,6.84,6.73,8.63,8.41,9.3,8.72,6.65,7.15,0.64,8281614.3,5879562.266666667,52680878.0,49774414.0,0.76,0.55,4442459247.389314,4.31,145,33.73,80,77.78,83,38.61,2.75,3.58,0.91,0.91,37.4,0.336,21.42,True,True,True,True,False,True,True,False,False,True,False,True,False,False,False,False,2026-11-16,False,False,5,thin RVOL,"EMA, near21",8,https://www.tradingview.com/chart/?symbol=NASDAQ:RUM&interval=D,False,False,False
ATEX,Anterix Inc.,NASDAQ,Wireless Telecommunications,85.24,80.19,85.07,86.87,91.43,82.15,67.84,56.94,81.64,84.22,85.65,80.8,4.91,6.01,5.12,382509.3,350686.0,29892475.0,30463275.0,0.7,-0.88,1671538134.8682132,-1.03,194,2.81,204,113.21,49,38.33,-1.13,0.2,0.2,0.95,86.7,0.278,40.46,False,False,False,True,True,True,True,False,False,True,False,False,False,False,False,False,2026-11-18,False,False,4,"LoD>60% ATR, thin RVOL",near21,5,https://www.tradingview.com/chart/?symbol=NASDAQ:ATEX&interval=D,False,False,False
SMCI,"Super Micro Computer, Inc.",NASDAQ,Computer Processing Hardware,41.54,38.78,38.4,37.91,34.09,33.77,31.81,31.68,39.27,38.11,41.74,40.45,5.06,5.69,2.36,39143311.7,49149258.53333333,2041660199.0,1863264774.0,0.75,0.15,27290342933.782524,11.8,86,24.19,109,78.13,81,38.04,3.84,8.19,1.58,0.55,46.1,0.17,17.09,True,True,True,True,False,False,True,True,False,True,False,True,False,True,False,False,2026-11-03,False,False,6,,"EMA, ADR",8,https://www.tradingview.com/chart/?symbol=NASDAQ:SMCI&interval=D,False,False,False
BLSH,Bullish,NYSE,Packaged Software,40.7,36.26,35.08,32.29,28.74,30.04,32.36,33.8,36.88,34.56,41.47,39.01,5.89,6.17,2.51,1896647.7,1809204.0666666667,73634606.0,58414978.0,1.1,-1.27,6117299459.897858,36.81,14,63.78,33,12.12,233,37.57,6.75,16.01,2.88,0.98,67.2,0.278,18.47,True,True,True,True,False,False,True,False,False,False,False,False,False,False,False,False,2026-11-25,False,False,3,"LoD>60% ATR, >4x 50-MA, thin RVOL",EMA,6,https://www.tradingview.com/chart/?symbol=NYSE:BLSH&interval=D,True,False,False
ELF,"e.l.f. Beauty, Inc.",NYSE,Household/Personal Care,102.12,96.81,101.72,99.92,92.83,77.14,75.77,77.35,98.39,98.53,102.54,99.07,4.13,4.39,4.49,1529678.3,1637099.8666666667,167180638.0,163583384.0,0.8,2.09,6025896567.351263,3.13,164,59.54,39,49.63,138,37.43,2.28,0.39,0.83,0.77,68.0,0.212,25.41,True,True,False,True,True,True,True,False,False,True,False,False,False,False,False,False,2026-11-11,False,True,3,"LoD>60% ATR, thin RVOL, large gap",near21,7,https://www.tradingview.com/chart/?symbol=NYSE:ELF&interval=D,False,False,False
MDB,"MongoDB, Inc.",NASDAQ,Packaged Software,427.69,384.27,395.66,409.68,380.94,354.44,326.01,344.53,394.8,393.82,439.75,406.66,4.7,5.28,22.59,1545910.6,1836436.2,785425398.0,752356080.0,1.33,0.49,34453141339.16663,0.41,183,34.49,78,77.27,84,37.39,2.32,8.1,1.63,1.47,93.1,0.3,16.28,True,True,True,True,False,False,False,False,False,False,True,False,False,True,True,False,2026-12-07,False,False,5,LoD>60% ATR,"EMA, RVOL",5,https://www.tradingview.com/chart/?symbol=NASDAQ:MDB&interval=D,False,False,False
HPQ,HP Inc.,NYSE,Information Technology Services,32.04,33.52,32.22,31.38,29.46,26.42,23.97,23.38,33.06,32.19,33.34,31.83,5.25,5.19,1.66,18464903.899999995,16213621.966666767,519484448.0,508713198.0,0.81,0.85,28893384809.776016,8.76,107,36.57,74,65.67,101,37.0,1.69,-0.57,0.09,0.91,12.6,0.206,31.65,False,False,False,True,True,True,True,False,False,True,False,True,False,True,False,False,2026-12-01,False,False,6,,near21,6,https://www.tradingview.com/chart/?symbol=NYSE:HPQ&interval=D,False,False,False
DFTX,"Definium Therapeutics, Inc.",NASDAQ,Pharmaceuticals: Major,40.32,38.66,39.57,41.08,42.22,35.68,30.27,26.41,39.11,39.82,40.39,38.7,4.68,5.38,2.17,2706437.3999999985,2305159.5999999973,92944035.0,94704409.0,0.65,0.36,5417675602.606925,-12.14,342,2.73,205,119.07,47,36.55,-0.84,1.89,0.23,0.78,74.7,0.217,39.2,False,False,False,True,True,True,True,False,False,True,False,False,False,False,False,False,2026-11-05,False,False,4,"LoD>60% ATR, thin RVOL",near21,5,https://www.tradingview.com/chart/?symbol=NASDAQ:DFTX&interval=D,False,False,False
DOCU,"DocuSign, Inc.",NASDAQ,Packaged Software,66.76,68.29,66.32,64.62,60.34,53.77,51.32,53.68,68.07,66.18,69.93,65.57,4.35,4.34,2.9,3721755.6,3525412.6333333333,235356547.0,227827441.0,1.43,1.59,12477607543.988335,8.03,114,55.73,48,45.86,147,36.54,2.45,0.66,0.2,1.51,41.1,0.19,25.43,False,False,False,True,True,True,False,False,False,True,True,True,False,True,True,False,2026-12-03,False,False,6,,"near21, RVOL",5,https://www.tradingview.com/chart/?symbol=NASDAQ:DOCU&interval=D,False,False,False
BE,Bloom Energy Corporation,NYSE,Electronic Production Equipment,276.53,268.58,247.64,237.44,226.85,254.15,226.22,200.55,265.67,252.67,284.25,268.97,5.73,6.71,18.54,18920064.8,14917843.233333332,4125231189.0,3542062862.0,0.51,0.47,81445650738.794,34.09,15,-15.58,311,90.71,66,36.41,3.27,11.66,1.41,0.82,40.8,0.425,24.6,True,True,True,True,False,True,True,False,False,True,False,True,False,True,False,False,2026-10-29,False,False,6,,"EMA, near21",8,https://www.tradingview.com/chart/?symbol=NYSE:BE&interval=D,True,False,False
FROG,JFrog Ltd.,NASDAQ,Packaged Software,89.95,91.23,92.29,91.96,88.75,82.98,69.9,67.34,91.65,91.34,93.75,86.77,5.66,6.05,5.44,1723465.2,1971109.9333333333,177301339.0,181261955.0,1.39,1.22,11090953311.626087,0.39,184,14.29,151,93.77,63,36.15,0.22,-2.54,0.25,1.28,58.4,0.19,27.74,False,False,False,True,True,True,False,False,False,True,True,True,False,True,True,False,2026-11-04,False,False,6,,"near21, RVOL",5,https://www.tradingview.com/chart/?symbol=NASDAQ:FROG&interval=D,False,False,False
NTAP,"NetApp, Inc.",NASDAQ,Computer Peripherals,192.91,192.31,189.57,192.64,185.5,166.16,144.79,135.14,193.07,191.07,198.98,190.89,4.53,4.19,8.08,2370411.1,2463812.1,475293992.0,474634101.0,0.96,-0.21,37891189347.439766,-1.17,197,23.34,111,84.48,73,35.55,0.95,1.76,0.23,1.0,25.0,0.112,29.63,True,True,False,True,True,True,False,False,False,True,True,True,False,True,False,False,2026-12-01,False,False,6,,near21,7,https://www.tradingview.com/chart/?symbol=NASDAQ:NTAP&interval=D,False,False,False
MANE,"Veradermics, Incorporated",NYSE,Pharmaceuticals: Major,118.14,105.12,102.53,104.32,106.52,106.32,91.34,,107.41,105.31,122.0,113.22,4.65,5.1,6.02,930199.3,714165.9333333333,84371563.0,74501552.0,2.71,1.05,4935905413.877129,12.32,82,13.18,156,80.75,78,35.42,2.14,15.23,2.39,1.46,81.7,0.208,12.85,False,True,True,False,False,False,False,False,False,False,True,False,True,True,True,False,2026-12-02,False,False,4,"LoD>60% ATR, below 200-MA","EMA, RVOL",3,https://www.tradingview.com/chart/?symbol=NYSE:MANE&interval=D,False,False,False
HUT,Hut 8 Corp.,NASDAQ,Data Processing Services,106.61,95.29,90.4,88.53,93.38,101.39,86.89,78.22,96.3,93.12,110.69,101.9,7.01,7.77,8.28,5005808.300000008,4985559.599999999,531510509.0,441372422.0,1.07,-1.37,13140691659.209341,15.37,63,-11.16,288,99.27,61,34.49,1.82,17.93,1.87,1.06,56.9,0.356,21.73,True,True,True,True,False,False,False,False,False,False,True,True,False,True,False,False,2026-11-18,False,False,6,,EMA,6,https://www.tradingview.com/chart/?symbol=NASDAQ:HUT&interval=D,False,False,False
WGS,GeneDx Holdings Corp.,NASDAQ,Medical/Nursing Services,90.8,93.22,90.05,87.02,78.5,66.72,68.66,81.47,93.93,89.81,95.19,87.33,5.88,6.09,5.53,771305.5,581558.2,52805485.0,50606904.0,2.61,-2.7,2707886708.8500457,8.47,109,55.19,50,39.01,154,34.22,2.57,0.83,0.18,1.42,62.7,0.259,29.18,False,False,False,True,True,True,False,False,False,True,True,False,True,True,True,False,2026-11-03,False,True,4,"LoD>60% ATR, large gap","near21, RVOL",4,https://www.tradingview.com/chart/?symbol=NASDAQ:WGS&interval=D,False,False,False
SPSC,"SPS Commerce, Inc.",NASDAQ,Packaged Software,81.48,80.71,81.73,80.7,75.46,65.67,62.87,68.77,81.1,80.39,83.41,79.0,4.4,4.18,3.41,661236.2,546329.4666666667,44514925.0,44087604.0,0.6,2.03,2933294353.053766,2.63,169,48.74,57,48.55,142,33.31,1.91,-0.31,0.32,1.29,72.7,0.105,23.15,False,False,True,True,True,True,False,False,False,True,True,False,False,False,False,False,2026-10-22,False,True,3,"LoD>60% ATR, thin RVOL, large gap","EMA, near21",5,https://www.tradingview.com/chart/?symbol=NASDAQ:SPSC&interval=D,False,False,False
NBIS,Nebius Group N.V.,NASDAQ,Packaged Software,236.12,223.24,219.34,225.44,212.73,217.8,185.19,162.07,224.04,221.67,246.61,231.66,6.13,7.23,17.07,15884693.5,20221372.566666666,4774670490.0,4558760155.0,0.9,0.19,64190457749.43676,4.31,144,-14.17,306,108.49,51,32.88,1.52,7.65,0.9,0.88,26.1,0.223,25.9,True,True,True,True,False,True,True,False,False,True,False,True,False,True,False,False,2026-10-22,False,False,6,,"EMA, near21",8,https://www.tradingview.com/chart/?symbol=NASDAQ:NBIS&interval=D,False,False,False
SYRE,"Spyre Therapeutics, Inc.",NASDAQ,Pharmaceuticals: Major,91.97,90.61,91.15,95.92,97.8,88.99,76.25,65.46,91.34,92.76,93.58,89.9,4.07,4.8,4.41,1347977.2999999996,1201737.3,110523779.0,115267037.0,0.91,-0.54,8109341252.04455,-15.51,373,10.51,169,102.62,58,32.54,-1.24,0.9,0.18,0.83,46.9,0.184,35.16,False,False,False,True,True,True,True,False,False,True,False,True,False,False,False,False,2026-11-05,False,False,5,thin RVOL,near21,6,https://www.tradingview.com/chart/?symbol=NASDAQ:SYRE&interval=D,False,False,False
AUGO,Aura Minerals Inc.,NASDAQ,Other Metals/Minerals,92.77,87.53,86.71,84.66,73.92,71.64,75.88,71.26,88.09,85.35,92.91,88.0,4.11,4.84,4.49,1228717.1000000013,1033129.4999999985,95843424.0,87466638.0,2.01,-1.03,7773127032.036006,4.12,149,56.55,46,35.95,161,32.2,5.27,6.98,1.8,1.09,106.2,0.132,17.53,True,True,True,True,False,False,False,False,False,False,True,False,True,True,True,False,2026-11-05,False,False,4,"LoD>60% ATR, >4x 50-MA","EMA, RVOL",5,https://www.tradingview.com/chart/?symbol=NASDAQ:AUGO&interval=D,False,False,False
OUST,"Ouster, Inc.",NASDAQ,Semiconductors,40.25,35.54,35.55,37.98,38.38,39.11,33.27,30.76,36.36,36.67,40.55,37.88,4.59,6.38,2.57,2117877.7,2348988.433333333,94546784.0,89209883.0,1.49,0.0,2902521410.6833687,1.87,171,-10.6,283,105.04,56,32.11,0.76,13.23,1.53,1.04,92.3,0.192,20.73,True,True,False,True,False,False,False,False,False,False,True,False,False,False,True,False,2026-11-05,False,False,4,"LoD>60% ATR, thin RVOL",RVOL,4,https://www.tradingview.com/chart/?symbol=NASDAQ:OUST&interval=D,False,False,False
PARR,"Par Pacific Holdings, Inc. Common Stock",NYSE,Oil Refining/Marketing,79.11,83.35,81.23,80.19,79.01,68.93,64.62,58.11,82.46,81.33,82.32,78.63,5.47,5.63,4.45,1049216.1000000013,935469.0666666671,74004958.0,75016512.0,1.14,-2.07,3963381606.7759757,8.73,108,59.18,40,27.99,178,31.96,0.02,-2.6,0.49,0.83,10.8,0.154,31.9,False,False,False,True,True,True,True,False,False,True,False,True,False,False,False,False,2026-11-09,False,True,4,"thin RVOL, large gap",near21,6,https://www.tradingview.com/chart/?symbol=NYSE:PARR&interval=D,False,False,False
WT,"WisdomTree, Inc.",NYSE,Investment Managers,23.73,23.2,23.84,23.52,22.23,20.32,18.86,17.65,23.33,23.3,24.01,23.02,4.65,4.18,0.99,3731604.3,2726040.966666667,64688952.0,64124662.0,0.63,0.0,3595382396.1108775,3.49,160,30.24,91,61.21,112,31.65,1.62,-0.46,0.44,1.0,71.6,0.148,26.09,False,False,True,True,True,True,True,False,False,True,False,False,False,False,False,False,2026-10-23,False,False,4,"LoD>60% ATR, thin RVOL","EMA, near21",6,https://www.tradingview.com/chart/?symbol=NYSE:WT&interval=D,False,False,False
MRX,Marex Group Limited,NASDAQ,Internet Software/Services,72.65,73.04,73.25,72.2,68.85,63.8,57.07,52.65,73.31,72.52,76.66,71.19,4.76,4.67,3.4,786692.8,781683.2333333333,56789287.0,56441177.0,0.88,0.38,5225777646.293753,3.39,161,9.63,172,81.63,76,31.55,1.18,-0.82,0.04,1.61,43.0,0.123,28.36,False,False,False,True,True,True,False,False,False,True,True,True,False,False,False,False,2026-11-05,False,False,5,thin RVOL,near21,5,https://www.tradingview.com/chart/?symbol=NASDAQ:MRX&interval=D,False,False,False
VSXY,Victorias Secret & Co.,NYSE,Apparel/Footwear Retail,83.82,76.67,80.22,82.92,84.94,75.63,67.61,64.99,78.86,80.2,85.7,83.41,4.38,4.92,4.12,2038832.5,1951587.7666666666,163582087.0,161830862.0,0.76,2.19,6685821447.533995,-4.81,240,5.95,189,92.91,64,31.35,-0.27,4.48,0.92,0.56,9.9,0.292,23.8,False,False,False,True,False,True,True,True,False,True,False,True,False,False,False,False,2026-12-02,False,True,4,"thin RVOL, large gap","near21, ADR",6,https://www.tradingview.com/chart/?symbol=NYSE:VSXY&interval=D,False,False,False
BETA,"Beta Technologies, Inc.",NYSE,Aerospace & Defense,23.28,21.08,21.05,22.44,21.26,19.09,18.4,20.27,21.54,21.5,23.51,21.86,6.56,6.87,1.6,5675691.5,3467248.1666666665,80717537.0,77818918.0,0.71,0.61,5446147782.70956,-8.92,292,47.44,58,55.2,126,31.24,1.38,10.59,1.2,1.03,88.8,0.177,12.29,True,True,True,True,False,True,False,False,False,True,True,False,False,False,False,False,2026-12-03,False,False,4,"LoD>60% ATR, thin RVOL","EMA, near21",6,https://www.tradingview.com/chart/?symbol=NYSE:BETA&interval=D,False,False,False
NUAI,"New Era Energy & Digital, Inc.",NASDAQ,Engineering & Construction,6.98,6.11,5.65,5.5,5.25,5.14,4.95,4.89,6.21,5.82,7.46,6.61,8.09,9.5,0.66,9054647.0,7163305.666666667,49964057.0,39394600.0,1.9,-5.49,743251362.7647058,24.33,31,10.54,168,58.52,118,31.13,3.45,23.53,2.08,1.28,55.1,0.542,17.55,True,True,True,True,False,False,False,False,False,False,True,True,True,True,True,False,2026-12-02,False,True,5,large gap,"EMA, RVOL",6,https://www.tradingview.com/chart/?symbol=NASDAQ:NUAI&interval=D,False,False,False
DOCN,"DigitalOcean Holdings, Inc.",NYSE,Packaged Software,146.0,130.38,121.86,122.41,122.82,138.35,117.89,101.81,131.57,126.44,151.83,143.66,6.64,6.84,9.99,3530876.0,2657969.466666667,388063542.0,325372674.0,0.73,-1.25,17166613863.47838,26.1,27,-5.81,251,70.36,93,30.22,2.76,19.81,2.26,0.82,23.4,0.38,25.03,True,True,True,True,False,False,True,False,False,False,False,True,False,True,False,False,2026-11-09,False,False,6,,EMA,7,https://www.tradingview.com/chart/?symbol=NYSE:DOCN&interval=D,False,False,False
QRVO,"Qorvo, Inc.",NASDAQ,Semiconductors,118.44,114.66,106.37,103.15,97.81,96.61,91.28,89.46,113.99,108.49,119.18,116.61,4.43,3.76,4.45,1801186.9,1228131.5333333334,145459899.0,126687704.0,0.56,-0.51,10448970238.863579,22.99,35,18.72,124,48.92,140,30.21,5.62,11.35,2.44,0.58,41.1,0.346,21.28,True,True,True,True,False,False,True,True,False,True,False,True,False,True,False,False,2026-11-04,False,False,5,>4x 50-MA,"EMA, ADR",8,https://www.tradingview.com/chart/?symbol=NASDAQ:QRVO&interval=D,False,False,False
ERO,Ero Copper Corp.,NYSE,Other Metals/Minerals,37.29,34.66,35.99,35.88,32.55,30.12,29.57,29.58,34.96,34.95,37.62,35.46,4.15,5.3,1.98,1374629.8,1547136.4333333333,57692718.0,55503520.0,1.36,2.22,3889445156.4091187,-0.93,192,38.88,70,52.39,132,30.11,2.75,3.62,1.26,1.09,92.8,0.265,17.2,True,True,True,True,False,True,False,False,False,True,True,False,False,False,True,False,2026-11-10,False,True,3,"LoD>60% ATR, thin RVOL, large gap","EMA, near21, RVOL",6,https://www.tradingview.com/chart/?symbol=NYSE:ERO&interval=D,False,False,False
MMED,"MiniMed Group, Inc.",NASDAQ,Medical Specialties,21.2,22.02,21.76,21.18,19.72,16.52,,,21.8,21.5,21.68,20.98,4.84,4.81,1.02,2599465.4,2113747.433333333,44811446.0,44773046.0,1.16,2.63,5964619072.5,4.23,147,51.75,54,31.6,171,29.19,1.56,-2.56,0.29,0.69,21.1,0.26,25.97,False,False,False,False,True,True,True,True,False,True,False,True,False,False,False,False,2026-12-30,False,True,3,"thin RVOL, below 200-MA, large gap","near21, ADR",6,https://www.tradingview.com/chart/?symbol=NASDAQ:MMED&interval=D,False,False,False
GCT,GigaCloud Technology Inc,NASDAQ,Wholesale Distributors,53.12,52.48,51.74,51.49,47.63,41.78,42.28,41.66,52.47,51.5,54.7,49.34,4.78,4.76,2.53,742126.9,591795.4666666667,31436175.0,30469083.0,2.72,1.43,1896927858.297776,6.22,130,60.68,37,20.1,209,29.0,2.42,2.66,0.66,2.12,149.6,0.113,20.36,True,True,True,True,True,True,False,False,False,True,True,False,True,True,True,False,2026-11-26,False,False,5,LoD>60% ATR,"EMA, near21, RVOL",7,https://www.tradingview.com/chart/?symbol=NASDAQ:GCT&interval=D,False,False,False
BHVN,Biohaven Ltd.,NYSE,Pharmaceuticals: Major,14.85,13.41,14.5,14.38,14.37,13.15,12.1,11.94,13.89,14.09,14.97,14.22,6.86,7.4,1.1,3897919.5,3423081.066666667,50832754.0,49233034.0,0.61,1.41,2243000137.5949364,9.19,104,0.47,216,76.79,85,28.82,0.45,2.45,0.73,0.68,57.3,0.382,17.23,True,True,False,True,True,True,True,True,False,True,False,True,False,False,False,False,2026-11-17,False,False,5,thin RVOL,"near21, ADR",9,https://www.tradingview.com/chart/?symbol=NYSE:BHVN&interval=D,False,False,False
WIX,Wix.com Ltd.,NASDAQ,Packaged Software,80.1,79.47,81.49,79.9,70.4,62.64,68.14,74.09,80.33,79.04,85.37,79.12,6.17,6.26,5.02,1064592.1,1548814.2666666666,124060023.0,123756971.0,1.08,1.04,3352145717.1495266,-2.89,211,99.2,11,-10.12,318,28.73,2.2,-1.71,0.21,1.25,19.5,0.23,23.54,False,False,False,True,True,True,False,False,False,True,True,True,False,False,False,False,2026-11-05,False,False,5,thin RVOL,near21,5,https://www.tradingview.com/chart/?symbol=NASDAQ:WIX&interval=D,False,True,False
BRKR,Bruker Corporation,NASDAQ,Medical Specialties,61.21,57.77,57.87,57.96,58.27,55.27,49.26,48.63,59.36,58.44,62.47,60.9,4.37,4.6,2.81,2630999.7,2077384.3,127156693.0,120410041.0,0.78,1.15,9325913885.156382,2.7,168,9.52,173,73.2,89,28.47,1.1,5.78,1.03,0.56,10.8,0.199,15.76,True,True,True,True,False,True,True,True,False,True,False,True,False,False,False,False,2026-10-29,False,False,5,thin RVOL,"EMA, near21, ADR",9,https://www.tradingview.com/chart/?symbol=NASDAQ:BRKR&interval=D,False,False,False
AMRX,"Amneal Pharmaceuticals, Inc.",NASDAQ,Pharmaceuticals: Major,19.5,17.97,17.84,17.84,17.94,16.26,15.16,14.69,18.43,18.06,20.01,19.14,4.01,4.1,0.8,3000584.6,2183729.533333333,42582726.0,38961374.0,0.84,-0.79,6227401243.452381,8.39,110,16.0,142,60.63,114,28.34,2.12,9.32,1.95,1.09,45.0,0.188,16.82,True,True,True,True,False,False,False,False,False,False,True,True,False,False,False,False,2026-10-29,False,False,5,thin RVOL,EMA,6,https://www.tradingview.com/chart/?symbol=NASDAQ:AMRX&interval=D,False,False,False
BLLN,"BillionToOne, Inc.",NASDAQ,Medical/Nursing Services,116.07,104.17,100.17,98.23,109.75,104.75,95.81,94.74,105.36,103.22,118.72,102.75,5.14,5.61,6.51,691202.3,623078.9666666667,72320776.0,61203074.0,1.75,0.13,5476999334.500867,21.36,40,9.71,171,53.8,131,28.29,1.03,15.87,2.22,2.45,204.7,0.237,12.93,True,True,True,True,False,False,False,False,False,False,True,False,True,True,True,False,2026-12-15,False,False,5,LoD>60% ATR,"EMA, RVOL",5,https://www.tradingview.com/chart/?symbol=NASDAQ:BLLN&interval=D,False,False,False
CNH,CNH Industrial N.V.,NYSE,Trucks/Construction/Farm Machinery,13.67,13.64,13.13,12.33,11.68,11.13,11.13,10.97,13.5,13.03,13.95,13.53,4.35,3.92,0.54,18118431.500000004,22372611.533333335,305833600.0,275846843.0,0.92,0.37,16919713190.916914,23.82,32,36.7,73,23.38,193,27.97,4.34,4.15,1.26,0.78,26.2,0.284,19.5,True,True,True,True,False,True,True,True,False,True,False,True,False,True,False,False,2026-11-10,False,False,5,>4x 50-MA,"EMA, near21, ADR",9,https://www.tradingview.com/chart/?symbol=NYSE:CNH&interval=D,False,False,False
ASAN,"Asana, Inc.",NYSE,Packaged Software,9.08,9.26,9.47,9.44,8.86,7.96,7.52,8.63,9.4,9.34,9.84,8.89,5.93,6.81,0.62,10023500.9,6913116.4,62771097.0,65232166.0,0.83,0.84,2079048683.1278827,-3.81,228,36.13,76,51.33,134,27.88,0.37,-4.13,0.41,1.54,30.7,0.242,21.53,False,False,False,True,False,True,False,False,False,True,True,True,False,False,False,False,2026-12-08,False,False,5,thin RVOL,near21,4,https://www.tradingview.com/chart/?symbol=NYSE:ASAN&interval=D,False,False,False
CLF,Cleveland-Cliffs Inc.,NYSE,Steel,12.53,12.14,12.03,11.93,11.58,11.5,10.81,11.42,12.22,12.05,12.7,12.09,4.34,4.84,0.61,13861626.7,14017480.466666667,175639030.0,167228542.0,1.54,0.33,7148866508.318972,12.88,81,14.64,148,48.64,141,25.39,1.7,4.19,0.82,1.01,72.6,0.128,10.65,True,True,True,True,False,True,False,False,False,True,True,False,True,True,True,False,2026-10-26,False,False,5,LoD>60% ATR,"EMA, near21, RVOL",6,https://www.tradingview.com/chart/?symbol=NYSE:CLF&interval=D,False,False,False
SITM,SiTime Corporation,NASDAQ,Semiconductors,633.72,597.04,589.58,612.73,598.46,647.48,566.42,517.14,603.88,600.98,635.01,621.02,5.11,6.21,39.32,576014.8,420225.5333333333,266305325.0,257485421.0,0.94,-2.49,19056616762.643253,3.04,165,-11.04,286,83.96,74,25.32,0.95,7.49,0.88,0.36,32.3,0.191,20.57,False,True,True,True,False,True,True,True,False,True,False,True,False,True,False,False,2026-11-04,False,True,5,large gap,"EMA, near21, ADR",8,https://www.tradingview.com/chart/?symbol=NASDAQ:SITM&interval=D,False,False,False
NWL,Newell Brands Inc.,NASDAQ,Industrial Machinery,5.77,5.73,5.9,5.96,5.77,5.14,4.78,4.61,5.74,5.82,5.78,5.65,4.52,4.89,0.28,6252846.4,6614981.733333333,38168445.0,39405446.0,0.68,1.25,2457442922.723214,-0.69,190,11.82,163,64.39,103,25.17,0.01,-2.13,0.17,0.48,42.5,0.15,22.35,False,False,False,True,True,True,True,True,False,True,False,True,False,False,False,False,2026-10-23,False,False,5,thin RVOL,"near21, ADR",7,https://www.tradingview.com/chart/?symbol=NASDAQ:NWL&interval=D,False,False,False
QCOM,QUALCOMM Incorporated,NASDAQ,Semiconductors,198.27,184.7,175.93,171.31,168.91,188.15,170.52,168.79,185.19,178.6,199.15,191.66,4.57,4.46,8.83,17608574.6,12497684.8,2477915965.0,2140978383.0,0.6,-1.15,208229868139.00583,21.7,39,-2.12,236,53.95,129,24.51,3.9,12.7,2.47,0.85,74.8,0.238,9.76,True,True,True,True,False,False,True,False,False,False,False,False,False,True,False,False,2026-11-11,False,False,5,LoD>60% ATR,EMA,6,https://www.tradingview.com/chart/?symbol=NASDAQ:QCOM&interval=D,False,False,False
OMDA,"Omada Health, Inc.",NASDAQ,Internet Software/Services,21.37,20.48,21.93,22.62,22.23,20.19,17.86,17.11,20.86,21.49,21.52,20.18,4.93,5.2,1.11,1810747.7,1332333.5333333334,28471968.0,30134720.0,0.74,1.21,1308200949.507521,-9.87,303,16.14,139,66.95,99,24.41,-0.75,-2.56,0.11,1.21,107.1,0.298,23.96,False,False,False,True,True,True,False,False,False,True,True,False,False,False,False,False,2026-11-05,False,False,4,"LoD>60% ATR, thin RVOL",near21,4,https://www.tradingview.com/chart/?symbol=NASDAQ:OMDA&interval=D,False,False,False
VSAT,"ViaSat, Inc.",NASDAQ,Telecommunications Equipment,74.99,73.48,72.36,74.66,75.06,73.12,65.87,59.43,73.96,73.86,77.97,74.44,5.34,5.42,4.07,1852606.4,1695821.4,127169647.0,126612569.0,0.88,0.51,10330308089.989002,-0.2,189,18.47,125,54.62,127,24.3,-0.02,3.64,0.28,0.87,13.4,0.168,20.85,False,False,True,True,False,True,True,False,False,True,False,True,False,True,False,False,2026-11-11,False,False,6,,"EMA, near21",6,https://www.tradingview.com/chart/?symbol=NASDAQ:VSAT&interval=D,False,False,False
KEEL,Keel Infrastructure Corp.,NASDAQ,Data Processing Services,4.15,3.67,3.51,3.46,3.71,4.37,3.7,3.42,3.74,3.63,4.23,3.97,6.1,7.55,0.31,35574637.6,38456654.46666667,159595116.0,133239489.0,0.93,-1.72,2562928809.5700245,18.57,47,-39.33,412,92.13,65,23.79,1.55,18.28,1.89,0.83,57.5,0.339,23.1,False,True,True,True,False,False,True,False,False,False,False,True,False,False,False,False,2026-11-16,False,False,5,thin RVOL,EMA,6,https://www.tradingview.com/chart/?symbol=NASDAQ:KEEL&interval=D,False,False,False
RIOT,"Riot Platforms, Inc.",NASDAQ,Information Technology Services,24.93,22.02,21.13,20.69,20.77,22.78,20.37,19.08,22.45,21.59,25.39,23.7,5.6,6.45,1.61,16081955.7,19568658.666666668,487846661.0,404780966.0,1.25,-1.78,9355205533.801489,15.07,68,-12.8,296,68.11,95,23.46,3.11,17.98,2.4,1.05,76.5,0.337,14.85,True,True,True,True,False,False,False,False,False,False,True,False,False,False,True,False,2026-11-10,False,False,4,"LoD>60% ATR, thin RVOL","EMA, RVOL",5,https://www.tradingview.com/chart/?symbol=NASDAQ:RIOT&interval=D,False,False,False
CNXC,Concentrix Corporation,NASDAQ,Information Technology Services,30.51,28.42,29.22,27.78,26.56,25.76,27.1,30.26,28.84,28.45,30.78,27.48,5.98,6.21,1.89,1836487.1,1433788.4666666666,43744886.0,39829688.0,1.32,2.14,1861669980.9611332,20.17,42,25.35,106,24.43,188,23.31,2.39,4.4,1.17,1.74,160.2,0.254,14.74,True,True,True,True,False,True,False,False,False,True,True,False,False,False,True,False,2026-09-29,False,True,3,"LoD>60% ATR, thin RVOL, large gap","EMA, near21, RVOL",6,https://www.tradingview.com/chart/?symbol=NASDAQ:CNXC&interval=D,False,False,False
PAY,"Paymentus Holdings, Inc.",NYSE,Miscellaneous Commercial Services,32.3,35.56,36.08,37.45,35.89,30.04,28.58,28.78,35.21,35.93,35.18,32.16,4.76,5.34,1.73,930492.4,1069010.4666666666,34529038.0,40034798.0,1.73,1.42,4067850587.3333325,-15.62,376,56.27,47,29.05,177,23.23,-1.87,-10.47,1.89,1.75,8.1,0.164,23.23,False,False,False,True,False,False,False,False,False,False,True,True,True,True,True,False,2026-11-09,False,False,6,,RVOL,3,https://www.tradingview.com/chart/?symbol=NYSE:PAY&interval=D,False,False,False
BULL,Webull Corporation,NASDAQ,Packaged Software,8.09,8.56,8.96,8.71,8.21,7.49,6.9,7.16,8.45,8.59,8.4,8.06,5.96,6.36,0.51,14798250.5,17716938.9,143330036.0,154332255.0,0.76,0.3,4285793999.922424,-10.01,306,21.65,115,57.7,120,23.11,-0.23,-9.71,0.92,0.66,5.8,0.289,25.5,False,False,False,True,False,True,True,True,False,True,False,True,False,False,False,False,2026-11-19,False,False,5,thin RVOL,"near21, ADR",6,https://www.tradingview.com/chart/?symbol=NASDAQ:BULL&interval=D,False,False,False
UMAC,"Unusual Machines, Inc.",AMEX,Electronic Equipment/Instruments,24.03,23.38,23.82,25.26,23.57,22.05,19.74,18.14,23.68,23.98,24.17,23.18,6.48,8.19,1.97,2422394.0,3959655.033333333,95150510.0,100019566.0,0.77,-0.91,1200454810.9385567,-8.77,290,11.66,164,65.72,100,22.87,0.24,0.86,0.02,0.5,43.1,0.168,23.67,True,True,False,True,True,True,True,True,False,True,False,True,False,False,False,False,2026-11-12,False,False,5,thin RVOL,"near21, ADR",9,https://www.tradingview.com/chart/?symbol=AMEX:UMAC&interval=D,False,False,False
MARA,"MARA Holdings, Inc.",NASDAQ,Data Processing Services,13.63,12.09,11.63,11.08,11.23,12.29,11.29,10.96,12.3,11.77,13.97,12.97,6.1,6.85,0.93,52125549.1,50563888.46666667,689185800.0,560155184.0,0.82,-1.13,5265259577.030873,16.5,58,-8.95,269,58.95,116,22.16,3.12,17.15,2.3,1.07,70.6,0.302,9.75,True,True,True,True,False,False,False,False,False,False,True,False,False,False,False,False,2026-11-11,False,False,4,"LoD>60% ATR, thin RVOL",EMA,5,https://www.tradingview.com/chart/?symbol=NASDAQ:MARA&interval=D,False,False,False
NCNO,"nCino, Inc.",NASDAQ,Packaged Software,19.67,21.28,21.91,21.36,20.07,18.08,17.52,18.94,21.14,21.25,20.87,19.47,4.28,4.66,0.92,2499867.4,2654814.8333333335,52220208.0,56708615.0,1.24,2.06,2079830603.4096918,-4.47,237,34.27,79,36.5,159,22.1,-0.43,-10.21,1.59,1.53,21.8,0.181,22.3,False,False,False,True,False,False,False,False,False,False,True,True,False,False,True,False,2026-12-02,False,True,4,"thin RVOL, large gap",RVOL,3,https://www.tradingview.com/chart/?symbol=NASDAQ:NCNO&interval=D,False,False,False
SMCIP,"Super Micro Computer, Inc. - Depositary Shares Each Representing a 1/20th Interest in a Share of 7% Series A Mandatory Convertible Preferred Stock",NASDAQ,Computer Processing Hardware,69.32,65.32,64.72,64.05,58.53,,,,66.02,64.33,69.68,67.8,4.07,4.78,3.32,693592.9,701011.2666666667,48594101.0,44899071.0,1.21,0.17,27066974696.0,10.17,93,19.07,123,36.59,158,21.94,3.86,7.11,1.62,0.57,45.8,0.152,9.8,False,True,True,False,False,False,True,True,False,True,False,True,False,True,True,False,2026-11-03,False,False,5,below 200-MA,"EMA, ADR, RVOL",6,https://www.tradingview.com/chart/?symbol=NASDAQ:SMCIP&interval=D,False,False,False
DUOL,"Duolingo, Inc.",NASDAQ,Packaged Software,147.71,146.74,148.44,145.72,139.93,128.26,119.1,129.57,147.67,146.58,152.68,144.8,4.79,5.16,7.63,1153117.0,1172494.1666666667,173189113.0,170858977.0,0.66,1.74,6910761818.640677,0.85,182,11.1,167,51.11,135,21.02,1.08,-0.49,0.15,1.03,38.1,0.153,19.86,False,False,True,True,True,True,False,False,False,True,True,True,False,False,False,False,2026-11-11,False,False,5,thin RVOL,"EMA, near21",6,https://www.tradingview.com/chart/?symbol=NASDAQ:DUOL&interval=D,False,False,False
GEO,Geo Group Inc (The) REIT,NYSE,Miscellaneous Commercial Services,29.74,31.19,31.47,31.45,31.12,28.36,24.4,22.43,31.04,31.22,30.76,29.22,4.03,4.09,1.22,2387785.6,2282922.0,67894100.0,71794092.0,1.79,1.49,3914366402.598347,-7.06,271,-0.83,225,70.53,92,20.88,-1.08,-5.48,1.16,1.27,42.9,0.099,30.4,False,False,False,True,False,True,False,False,True,True,True,True,True,True,True,False,2026-11-05,False,False,6,,"near21, BB, RVOL",5,https://www.tradingview.com/chart/?symbol=NYSE:GEO&interval=D,False,False,False
IBRX,"ImmunityBio, Inc.",NASDAQ,Pharmaceuticals: Major,9.29,8.28,8.2,8.05,7.78,7.79,7.92,6.94,8.42,8.2,9.48,8.37,5.46,5.6,0.52,12897711.0,9205270.466666667,85516963.0,74117769.0,1.82,0.0,9845879039.001184,18.34,48,26.57,102,17.59,218,20.84,3.46,13.29,2.36,2.13,176.9,0.161,14.46,True,True,True,True,False,False,False,False,False,False,True,False,True,True,True,False,2026-11-05,False,False,5,LoD>60% ATR,"EMA, RVOL",5,https://www.tradingview.com/chart/?symbol=NASDAQ:IBRX&interval=D,False,False,False
FDS,FactSet Research Systems Inc.,NYSE,Financial Publishing/Services,276.42,275.54,289.47,289.55,279.63,256.64,243.16,249.81,280.94,283.77,288.9,276.36,4.12,4.34,12.01,906427.3,862485.9333333333,238408362.0,249734527.0,0.78,1.43,9831027919.224497,-7.42,277,25.99,105,42.68,150,20.42,-0.26,-4.51,0.6,1.04,0.5,0.219,16.75,False,False,False,True,False,True,False,False,False,True,True,True,False,False,False,False,2026-09-30,False,False,5,thin RVOL,near21,4,https://www.tradingview.com/chart/?symbol=NYSE:FDS&interval=D,False,False,False
SNAP,Snap Inc.,NYSE,Packaged Software,5.62,5.64,5.58,5.48,5.22,5.29,5.21,5.72,5.63,5.54,5.84,5.6,4.92,5.07,0.29,35743625.3,35696508.63333333,200614379.0,195759653.0,0.73,1.4,9504531179.498247,7.05,123,26.58,101,27.16,180,20.26,1.51,0.73,0.27,0.84,7.0,0.123,9.09,False,False,False,False,True,True,True,False,False,True,False,True,False,False,False,False,2026-10-15,False,False,4,"thin RVOL, below 200-MA",near21,5,https://www.tradingview.com/chart/?symbol=NYSE:SNAP&interval=D,False,False,False
VOYG,"Voyager Technologies, Inc.",NYSE,Information Technology Services,37.53,35.1,34.55,36.7,33.61,35.08,32.61,31.67,35.78,35.38,38.33,36.62,5.63,6.14,2.3,1637379.1,1416700.2,53168759.0,51995259.0,0.72,1.12,2290420558.4195433,-3.37,222,13.21,155,49.58,139,19.81,1.9,8.63,0.99,0.74,39.5,0.165,9.14,True,True,True,True,False,True,True,False,False,True,False,True,False,False,False,False,2026-11-09,False,False,5,thin RVOL,"EMA, near21",8,https://www.tradingview.com/chart/?symbol=NYSE:VOYG&interval=D,False,False,False
FSLY,"Fastly, Inc.",NASDAQ,Information Technology Services,26.08,24.32,23.22,24.38,23.36,21.33,22.38,19.34,24.57,23.96,28.84,24.66,8.26,8.62,2.25,7860727.3,5763937.9,150323500.0,140547862.0,2.15,2.19,4154544091.308534,13.34,79,57.2,45,-11.59,323,19.65,1.35,12.32,1.03,1.86,63.2,0.306,19.09,True,True,True,True,False,True,False,False,False,True,True,False,True,True,True,False,2026-11-04,False,True,4,"LoD>60% ATR, large gap","EMA, near21, RVOL",6,https://www.tradingview.com/chart/?symbol=NASDAQ:FSLY&interval=D,False,False,False
GRML,Greenland Mines Ltd,NASDAQ,Miscellaneous Commercial Services,14.15,4.99,5.14,6.68,7.93,12.37,14.93,15.28,6.39,6.15,18.21,12.61,7.79,13.8,1.95,32710697.3,11375765.919333333,160967088.0,76024244.0,4.44,45.44,44954730.25477707,70.48,3,8.85,177,-20.51,364,19.61,5.68,175.36,9.43,2.87,78.9,2.138,72.74,False,True,True,False,False,False,False,False,False,False,True,False,True,True,True,False,,False,True,2,"LoD>60% ATR, >4x 50-MA, below 200-MA, large gap","EMA, RVOL",3,https://www.tradingview.com/chart/?symbol=NASDAQ:GRML&interval=D,True,False,False
SANM,Sanmina Corporation,NASDAQ,Electronic Production Equipment,215.77,202.97,199.4,199.73,199.79,220.31,195.84,186.13,203.29,201.21,216.68,207.24,4.43,4.97,10.72,554353.8,581459.9,125461603.0,116136924.0,1.18,-0.24,11564701331.7677,11.69,87,-12.36,293,58.85,117,19.39,1.61,8.21,1.46,0.88,79.5,0.159,15.84,False,True,True,True,False,True,True,False,False,True,False,False,False,True,False,False,2026-11-09,False,False,5,LoD>60% ATR,"EMA, near21",6,https://www.tradingview.com/chart/?symbol=NASDAQ:SANM&interval=D,False,False,False
PTRN,Pattern Group Inc. - Series A,NASDAQ,Advertising/Marketing Services,20.41,19.83,20.27,20.63,22.22,21.25,18.17,16.85,19.99,20.37,20.74,19.73,4.09,4.84,0.99,1878061.1,1575117.6,32148150.0,32496251.0,0.68,0.35,3620715406.126977,0.34,185,-4.76,247,62.5,108,19.36,-1.69,0.69,0.04,1.02,68.9,0.133,26.36,False,False,False,True,True,True,False,False,False,True,True,False,False,False,False,False,2026-11-11,False,False,4,"LoD>60% ATR, thin RVOL",near21,4,https://www.tradingview.com/chart/?symbol=NASDAQ:PTRN&interval=D,False,False,False
AUR,"Aurora Innovation, Inc.",NASDAQ,Packaged Software,6.46,6.43,6.17,6.28,6.32,6.53,5.87,5.49,6.39,6.33,6.61,6.43,4.94,5.26,0.34,32787240.8,31392111.833333332,202793042.0,197210479.0,0.77,1.23,12946784378.568357,4.87,139,1.02,213,51.64,133,19.18,0.41,4.66,0.39,0.53,8.8,0.227,16.15,False,True,True,True,False,True,True,True,False,True,False,True,False,True,False,False,2026-11-04,False,False,6,,"EMA, near21, ADR",8,https://www.tradingview.com/chart/?symbol=NASDAQ:AUR&interval=D,False,False,False
VKTX,"Viking Therapeutics, Inc.",NASDAQ,Pharmaceuticals: Major,40.85,31.71,32.71,33.09,33.83,33.27,33.36,33.31,32.6,32.71,41.73,36.34,4.26,5.5,2.25,6463819.6,3328928.3666666667,135986724.0,110140924.0,16.24,22.88,4765272648.654932,17.42,53,14.65,147,25.4,185,19.16,3.77,24.89,4.52,2.39,200.6,0.316,5.19,True,True,False,True,False,False,False,False,False,False,True,False,True,True,True,False,2026-10-28,False,True,4,"LoD>60% ATR, large gap",RVOL,4,https://www.tradingview.com/chart/?symbol=NASDAQ:VKTX&interval=D,False,False,False
VICR,Vicor Corporation,NASDAQ,Electronic Components,268.34,204.38,196.65,204.76,210.88,254.99,233.77,208.74,214.59,207.1,268.65,229.2,5.05,6.58,17.66,1022906.7,883216.1333333333,237002217.0,180845275.0,2.29,7.66,12372280449.539434,27.14,25,-19.87,334,49.91,137,19.06,4.14,36.46,4.49,2.23,221.6,0.436,21.74,True,True,True,True,False,False,False,False,False,False,True,False,True,True,True,False,2026-10-27,False,True,3,"LoD>60% ATR, >4x 50-MA, large gap","EMA, RVOL",5,https://www.tradingview.com/chart/?symbol=NASDAQ:VICR&interval=D,False,False,False
CLSK,"CleanSpark, Inc.",NASDAQ,Data Processing Services,15.14,13.62,12.92,12.6,13.07,14.13,12.82,12.6,13.78,13.26,15.26,14.36,5.94,6.48,0.98,18521431.8,18853750.333333332,285445780.0,237601246.0,0.9,-1.76,3888210616.023035,15.18,67,-13.98,304,55.76,122,18.99,2.44,17.16,2.19,0.92,79.5,0.326,10.08,True,True,True,True,False,False,True,False,False,False,False,False,False,False,False,False,2026-12-16,False,False,4,"LoD>60% ATR, thin RVOL",EMA,6,https://www.tradingview.com/chart/?symbol=NASDAQ:CLSK&interval=D,False,False,False
NAVN,"Navan, Inc.",NASDAQ,Packaged Software,20.96,21.95,25.13,26.45,26.4,23.76,19.74,18.34,22.52,24.22,21.72,20.73,5.72,6.73,1.41,7023160.1,3838106.433333333,80465901.0,101508960.0,0.66,0.0,5464223248.736181,-27.1,433,-2.44,237,86.19,71,18.88,-3.06,-16.57,2.0,0.71,16.7,0.549,38.46,False,False,False,True,False,False,True,False,False,False,False,True,False,False,False,False,2026-12-15,False,False,5,thin RVOL,,4,https://www.tradingview.com/chart/?symbol=NASDAQ:NAVN&interval=D,False,False,False
CXW,"CoreCivic, Inc.",NYSE,Miscellaneous Commercial Services,31.47,34.29,33.98,33.7,32.68,28.82,25.61,23.99,33.83,33.76,33.0,30.7,4.77,4.78,1.5,2278613.0,1876814.6333333333,59063357.0,63240520.0,1.09,0.68,3112178230.4097505,-6.62,262,4.83,195,58.22,119,18.81,-0.78,-7.39,1.42,1.53,51.2,0.128,32.73,False,False,False,True,False,True,False,False,False,True,True,True,False,False,False,False,2026-11-09,False,False,5,thin RVOL,near21,4,https://www.tradingview.com/chart/?symbol=NYSE:CXW&interval=D,False,False,False
EAT,"Brinker International, Inc.",NYSE,Restaurants,206.81,207.41,220.11,226.31,216.95,184.71,171.62,167.47,208.43,215.11,213.49,204.76,4.25,4.7,9.71,2033205.4,1338859.0666666667,276889444.0,302991394.0,0.74,2.35,8637422021.655365,-11.36,332,25.09,108,42.25,151,18.66,-1.0,-6.04,0.82,0.9,21.1,0.262,25.45,False,False,False,True,False,True,True,False,False,True,False,True,False,False,False,False,2026-11-04,False,True,4,"thin RVOL, large gap",near21,5,https://www.tradingview.com/chart/?symbol=NYSE:EAT&interval=D,False,False,False
INOD,Innodata Inc.,NASDAQ,Data Processing Services,69.97,57.11,56.61,58.5,60.01,72.79,62.8,60.81,59.14,58.43,74.93,61.4,4.47,5.59,3.91,1440480.8,1221764.2333333334,85486843.0,71477891.0,5.23,1.2,2405754150.5834565,9.79,98,-19.45,329,64.64,102,18.32,2.97,23.61,3.54,3.46,219.3,0.252,23.13,False,True,True,True,False,False,False,False,False,False,True,False,True,True,True,False,2026-11-05,False,False,5,LoD>60% ATR,"EMA, RVOL",4,https://www.tradingview.com/chart/?symbol=NASDAQ:INOD&interval=D,False,False,False
HIVE,HIVE Digital Technologies Ltd,NASDAQ,Information Technology Services,3.54,3.14,3.03,2.97,2.95,3.29,2.92,2.9,3.21,3.09,3.6,3.43,4.95,5.92,0.21,12818321.799999993,20679916.3,73206904.0,61326292.0,0.79,-0.86,970941766.7291243,9.26,101,-24.03,352,69.38,94,18.2,3.35,16.8,2.46,0.81,52.5,0.307,11.03,True,True,True,True,False,False,True,False,False,False,False,True,False,False,False,False,2026-11-16,False,False,5,thin RVOL,EMA,7,https://www.tradingview.com/chart/?symbol=NASDAQ:HIVE&interval=D,False,False,False
AFRM,"Affirm Holdings, Inc.",NASDAQ,Finance/Rental/Leasing,71.77,70.89,72.79,73.9,74.49,73.01,65.82,66.72,71.58,72.53,73.37,70.75,4.28,4.86,3.49,4196537.1,5008230.933333334,359440734.0,370099919.0,1.25,3.13,24216724296.881775,-5.33,243,-1.36,232,61.06,113,18.12,-0.75,-1.4,0.22,0.75,29.2,0.157,12.08,False,False,False,True,True,True,True,False,False,True,False,True,False,True,True,False,2026-11-11,False,True,5,large gap,"near21, RVOL",6,https://www.tradingview.com/chart/?symbol=NASDAQ:AFRM&interval=D,False,False,False
GKOS,Glaukos Corporation,NYSE,Medical Specialties,159.86,167.03,173.63,177.67,171.27,152.18,139.34,133.03,166.57,170.8,165.36,159.0,4.33,4.21,6.72,838887.8,710212.8666666667,113534629.0,126181863.0,1.31,2.37,9429171987.108278,-13.59,355,20.13,120,47.32,145,17.96,-1.58,-7.93,1.52,0.95,12.8,0.184,25.4,False,False,False,True,False,False,True,False,False,False,False,True,False,False,True,False,2026-11-04,False,True,4,"thin RVOL, large gap",RVOL,4,https://www.tradingview.com/chart/?symbol=NYSE:GKOS&interval=D,False,False,False
SG,"Sweetgreen, Inc.",NYSE,Restaurants,7.67,7.05,6.93,6.7,6.52,7.39,6.87,6.84,7.13,6.93,7.97,7.55,5.55,5.74,0.44,5392456.5,5082820.233333333,38985231.0,34034564.0,1.09,1.47,913046900.2005346,16.04,59,-9.98,276,47.5,144,17.85,3.06,10.65,1.86,0.95,27.2,0.163,11.35,True,True,True,True,False,False,True,False,False,False,False,True,False,False,False,False,2026-11-05,False,False,5,thin RVOL,EMA,7,https://www.tradingview.com/chart/?symbol=NYSE:SG&interval=D,False,False,False
SIG,Signet Jewelers Limited,NYSE,Specialty Stores,100.42,100.49,91.65,90.18,91.35,87.83,88.72,88.86,98.09,94.53,103.1,99.76,4.22,4.28,4.29,1532064.2,980524.9666666667,98464317.0,88423088.0,0.49,1.15,3847817301.6852884,22.67,37,17.89,131,12.88,228,17.82,2.32,9.57,1.46,0.78,15.4,0.39,12.6,False,False,True,True,False,True,True,False,False,True,False,True,False,False,False,False,2026-12-08,False,False,5,thin RVOL,"EMA, near21",6,https://www.tradingview.com/chart/?symbol=NYSE:SIG&interval=D,False,False,False
KSS,Kohl's Corporation,NYSE,Department Stores,18.27,17.05,17.7,18.02,18.24,16.85,16.07,17.1,17.37,17.65,18.36,17.63,4.53,5.1,0.93,3708992.1,4382543.1,80069062.0,78977809.0,0.91,1.89,2071387630.9156625,4.34,143,3.57,200,45.12,148,17.68,0.04,3.22,0.69,0.78,68.6,0.206,11.88,True,True,False,True,False,True,True,False,False,True,False,False,False,False,False,False,2026-11-12,False,False,4,"LoD>60% ATR, thin RVOL",near21,6,https://www.tradingview.com/chart/?symbol=NYSE:KSS&interval=D,False,False,False
IT,"Gartner, Inc.",NYSE,Internet Software/Services,178.75,183.98,187.64,187.68,174.45,161.04,159.42,174.99,185.08,184.87,186.5,178.18,4.52,4.85,8.67,1203224.6,1216942.0,217528382.0,228394458.0,0.74,1.73,11287879799.012655,-7.45,278,40.85,66,19.06,215,17.48,0.51,-4.74,0.68,0.96,6.6,0.193,15.79,False,False,False,True,False,True,True,False,False,True,False,True,False,True,False,False,2026-11-03,False,False,6,,near21,5,https://www.tradingview.com/chart/?symbol=NYSE:IT&interval=D,False,False,False
COIN,"Coinbase Global, Inc.",NASDAQ,Investment Banks/Brokers,201.07,182.07,182.76,175.01,168.37,171.51,176.53,188.53,186.34,180.55,203.0,197.2,4.89,6.06,12.19,11815142.9,10557286.933333334,2122753684.0,1847680054.0,0.62,-0.82,53049705590.0,11.67,88,27.02,99,13.6,227,17.43,3.2,10.02,1.87,0.48,31.7,0.217,10.02,True,True,True,True,False,False,True,True,False,True,False,True,False,True,False,False,2026-10-29,False,False,6,,"EMA, ADR",8,https://www.tradingview.com/chart/?symbol=NASDAQ:COIN&interval=D,False,False,False
SGRY,"Surgery Partners, Inc.",NASDAQ,Hospital/Nursing Management,15.8,14.03,14.04,14.2,14.8,14.74,14.32,14.62,14.14,14.19,15.9,13.67,4.72,5.04,0.8,2878423.2,2685594.0,42432385.0,38137225.0,3.57,0.95,2068508463.3528552,12.06,83,8.52,180,31.34,172,17.3,1.34,12.51,2.25,2.8,267.3,0.145,4.87,True,True,False,True,False,False,False,False,False,False,True,False,True,True,True,True,2026-11-10,False,False,5,LoD>60% ATR,RVOL,5,https://www.tradingview.com/chart/?symbol=NASDAQ:SGRY&interval=D,False,False,False
GDDY,GoDaddy Inc.,NYSE,Data Processing Services,98.24,99.26,99.04,97.98,95.97,90.6,88.75,94.64,99.61,98.65,106.0,97.52,4.44,4.76,4.68,2449226.1,2032763.2666666666,199698663.0,199176243.0,1.68,1.03,12441870148.331009,0.87,180,29.86,95,20.84,203,17.19,0.5,-0.8,0.09,1.81,15.4,0.131,10.7,False,False,False,True,True,True,False,False,False,True,True,True,True,True,True,False,2026-10-29,False,False,6,,"near21, RVOL",5,https://www.tradingview.com/chart/?symbol=NYSE:GDDY&interval=D,False,False,False
FIGR,"Figure Technology Solutions, Inc.",NASDAQ,Finance/Rental/Leasing,37.11,35.34,35.98,35.45,32.69,32.81,32.96,36.88,35.44,35.17,37.45,35.1,6.85,6.9,2.56,5115568.7,4973201.033333333,184555490.0,176290030.0,0.74,0.0,8326662921.533012,0.27,186,33.18,81,17.36,219,16.94,1.96,3.13,0.8,0.92,78.5,0.221,11.3,True,True,True,True,False,True,True,False,False,True,False,False,False,False,False,False,2026-11-12,False,False,4,"LoD>60% ATR, thin RVOL","EMA, near21",7,https://www.tradingview.com/chart/?symbol=NASDAQ:FIGR&interval=D,False,False,False
WAY,Waystar Holding Corp.,NASDAQ,Packaged Software,25.63,25.21,25.25,25.09,24.14,22.1,22.96,24.68,25.54,25.19,26.07,25.13,4.06,4.37,1.12,2472636.2,2261397.966666667,57959630.0,56739983.0,0.59,1.05,4914512043.279268,3.77,157,39.75,67,7.15,248,16.89,1.41,1.51,0.4,0.84,44.7,0.167,12.28,True,True,True,True,True,True,True,False,False,True,False,True,False,False,False,False,2026-11-11,False,False,5,thin RVOL,"EMA, near21",9,https://www.tradingview.com/chart/?symbol=NASDAQ:WAY&interval=D,False,False,False
PBLS,"Parabilis Medicines, Inc.",NASDAQ,Pharmaceuticals: Major,38.17,37.84,38.74,38.56,36.03,,,,38.4,38.17,38.73,35.51,7.37,7.46,2.85,1619698.1,795496.3666666667,30364096.0,30672484.0,0.54,1.3,4715263961.805037,-3.15,214,39.0,69,14.45,225,16.77,0.8,-1.48,0.0,1.13,93.4,0.174,7.11,False,False,False,False,True,True,False,False,False,True,True,False,False,False,False,False,2026-12-02,False,False,3,"LoD>60% ATR, thin RVOL, below 200-MA",near21,3,https://www.tradingview.com/chart/?symbol=NASDAQ:PBLS&interval=D,False,False,False
ACHC,"Acadia Healthcare Company, Inc.",NASDAQ,Medical/Nursing Services,29.37,28.35,28.51,28.75,30.13,28.16,26.81,23.63,28.48,28.63,29.69,28.55,4.18,4.67,1.37,1474214.1,1519171.5,44618067.0,43675674.0,1.47,0.92,2734355102.8900247,8.1,113,19.24,122,21.87,198,16.4,-0.54,3.0,0.55,0.83,59.8,0.119,22.14,False,False,False,True,False,True,True,False,False,True,False,True,False,False,True,False,2026-11-04,False,False,5,thin RVOL,"near21, RVOL",5,https://www.tradingview.com/chart/?symbol=NASDAQ:ACHC&interval=D,False,False,False
CCC,CCC Intelligent Solutions Holdings Inc.,NASDAQ,Packaged Software,6.57,6.64,7.0,7.05,6.71,5.8,5.75,6.17,6.68,6.81,6.73,6.43,4.81,4.76,0.31,14384594.4,10901772.4,71624645.0,76890201.0,0.95,2.46,3869695113.3,-11.34,331,50.34,55,10.05,241,16.35,-0.43,-6.13,0.75,0.96,44.7,0.224,19.01,False,False,False,True,False,True,True,False,False,True,False,True,False,False,False,False,2026-10-29,False,True,4,"thin RVOL, large gap",near21,5,https://www.tradingview.com/chart/?symbol=NASDAQ:CCC&interval=D,False,False,False
AI,"C3.ai, Inc.",NYSE,Packaged Software,10.85,10.69,10.54,10.41,9.9,9.79,9.51,10.44,10.69,10.52,11.12,10.75,4.6,4.57,0.5,4951070.2,5235810.433333334,56808543.0,54496060.0,0.8,1.85,1706486520.6365316,4.03,152,11.63,165,32.8,167,16.15,2.1,2.96,0.68,0.75,20.2,0.129,10.84,True,True,True,True,True,True,True,True,False,True,False,True,False,False,False,False,2026-12-09,False,False,5,thin RVOL,"EMA, near21, ADR",10,https://www.tradingview.com/chart/?symbol=NYSE:AI&interval=D,False,False,False
EXK,Endeavour Silver Corporation,NYSE,Precious Metals,10.51,10.18,10.58,10.56,9.6,9.29,9.67,9.94,10.27,10.29,10.59,10.05,4.52,5.48,0.58,7604695.6,8709837.933333334,91540397.0,92007825.0,1.07,-0.2,3112478390.276566,-7.32,274,36.49,75,18.76,217,15.98,1.74,-0.66,0.38,0.93,79.9,0.215,12.23,False,False,False,True,True,True,True,False,False,True,False,False,False,False,False,False,2026-11-10,False,False,4,"LoD>60% ATR, thin RVOL",near21,5,https://www.tradingview.com/chart/?symbol=NYSE:EXK&interval=D,False,False,False
LITE,Lumentum Holdings Inc.,NASDAQ,Electrical Products,945.67,916.98,910.35,900.42,848.37,867.04,828.08,720.2,918.48,903.31,1002.0,934.38,6.0,7.01,66.26,4943228.0,4772706.133333334,4513405009.0,4297431307.0,0.82,-1.81,84826595246.01239,5.24,138,14.63,149,26.96,181,15.61,1.64,3.88,0.67,1.02,17.0,0.193,20.81,True,True,True,True,False,True,False,False,False,True,True,True,False,True,False,False,2026-11-10,False,False,6,,"EMA, near21",7,https://www.tradingview.com/chart/?symbol=NASDAQ:LITE&interval=D,False,False,False
BTDR,Bitdeer Technologies Group,NASDAQ,Data Processing Services,13.1,11.99,11.62,10.96,11.03,13.25,11.96,12.01,12.15,11.7,13.36,12.88,6.03,7.22,0.95,9773176.5,13000751.5,170309845.0,142449234.0,1.09,-1.45,3560347518.8660574,18.07,49,-27.9,372,55.4,124,15.19,2.6,12.75,1.66,0.51,23.3,0.303,16.91,False,True,True,True,False,False,True,True,False,True,False,True,False,False,False,False,2026-11-16,False,False,5,thin RVOL,"EMA, ADR",7,https://www.tradingview.com/chart/?symbol=NASDAQ:BTDR&interval=D,False,False,False
VSH,"Vishay Intertechnology, Inc.",NYSE,Electronic Production Equipment,33.14,31.99,31.43,31.96,33.76,41.03,34.15,29.89,32.1,32.18,33.55,32.06,4.3,5.56,1.84,2990208.7,3499169.7666666666,115962486.0,111822968.0,0.93,-1.47,5082993876.799509,3.77,156,-43.36,426,84.83,72,15.08,-0.33,5.45,0.53,0.81,58.8,0.117,33.63,False,False,False,True,False,True,True,False,False,True,False,True,False,False,False,False,2026-11-11,False,False,5,thin RVOL,near21,5,https://www.tradingview.com/chart/?symbol=NYSE:VSH&interval=D,False,False,False
CDE,"Coeur Mining, Inc.",NYSE,Precious Metals,20.49,20.04,20.64,20.3,18.43,17.95,18.87,19.2,20.08,20.04,20.63,19.43,4.22,5.11,1.05,33231912.9,35760960.166666664,732742074.0,726078615.0,1.16,-0.15,21062389844.20389,-5.78,248,31.6,85,19.27,213,15.03,2.19,-0.72,0.44,1.14,100.8,0.156,13.12,False,False,True,True,True,True,False,False,False,True,True,False,False,True,False,False,2026-11-11,False,False,5,LoD>60% ATR,"EMA, near21",5,https://www.tradingview.com/chart/?symbol=NYSE:CDE&interval=D,False,False,False
FLEX,Flex Ltd.,NASDAQ,Electronic Production Equipment,114.45,110.43,110.25,113.1,116.06,128.24,108.98,97.78,110.75,111.71,114.99,110.01,4.03,4.8,5.49,3544726.1000000015,3103806.2999999914,355230631.0,351041527.0,0.77,-1.03,42278168328.392166,1.79,172,-24.6,357,67.06,98,14.75,-0.29,3.81,0.51,0.91,80.8,0.103,26.62,False,False,False,True,False,True,True,False,False,True,False,False,False,True,False,False,2026-11-04,False,False,5,LoD>60% ATR,near21,4,https://www.tradingview.com/chart/?symbol=NASDAQ:FLEX&interval=D,False,False,False
IOT,Samsara Inc.,NYSE,Packaged Software,38.26,39.65,39.72,39.73,38.63,35.51,33.74,33.79,39.44,39.48,39.85,37.74,6.08,5.89,2.25,6947767.9,6757690.666666667,258549245.0,268501071.0,0.68,2.21,22405255029.424965,-1.9,202,23.3,112,21.08,202,14.16,-0.16,-3.67,0.52,0.93,22.9,0.148,15.62,False,False,False,True,False,True,True,False,False,True,False,True,False,True,False,False,2026-11-26,False,True,5,large gap,near21,5,https://www.tradingview.com/chart/?symbol=NYSE:IOT&interval=D,False,False,False
CBRL,"Cracker Barrel Old Country Store, Inc.",NASDAQ,Restaurants,45.48,46.81,51.07,53.22,53.89,46.6,40.92,38.07,47.0,49.82,46.75,45.14,4.75,5.03,2.29,1133951.3,867831.2333333333,39468964.0,46186412.0,1.37,1.4,1016544441.1410742,-17.83,400,-3.56,241,63.83,105,14.15,-3.1,-10.95,1.73,0.7,14.8,0.381,34.78,False,False,False,True,False,False,True,True,False,True,False,True,False,False,True,False,2026-09-23,True,False,4,"thin RVOL, earnings soon","ADR, RVOL",4,https://www.tradingview.com/chart/?symbol=NASDAQ:CBRL&interval=D,False,False,False
CRML,Critical Metals Corp.,NASDAQ,Precious Metals,8.54,7.1,7.28,7.02,6.77,8.7,8.97,9.67,7.46,7.21,9.23,8.49,5.89,8.53,0.73,12877720.0,9411889.033333333,80377532.0,66105971.0,1.91,-2.36,1254429898.9131832,42.33,10,-10.58,282,10.19,240,13.98,3.06,17.29,2.16,1.02,6.9,0.416,33.88,False,True,True,False,False,False,False,False,False,False,True,True,True,True,True,False,2027-03-03,False,True,4,"below 200-MA, large gap","EMA, RVOL",4,https://www.tradingview.com/chart/?symbol=NASDAQ:CRML&interval=D,True,False,False
ARXS,"Arxis, Inc.",NASDAQ,Aerospace & Defense,51.02,50.91,51.84,53.26,51.15,45.72,,,51.14,51.7,52.6,50.56,4.6,4.95,2.53,971145.7,686926.2333333333,35046976.0,36585691.0,0.69,1.41,21980759392.16755,-5.83,249,13.28,153,34.26,163,13.9,-0.05,-1.58,0.27,0.81,18.2,0.112,11.99,False,False,False,False,True,True,True,False,False,True,False,True,False,True,False,False,2026-12-02,False,False,5,below 200-MA,near21,5,https://www.tradingview.com/chart/?symbol=NASDAQ:ARXS&interval=D,False,False,False
CRDO,Credo Technology Group Holding Ltd,NASDAQ,Information Technology Services,192.56,167.71,185.18,206.45,211.36,218.74,187.71,175.84,176.73,186.42,194.0,183.17,4.99,7.25,13.96,8751851.3,7436149.033333333,1431904858.0,1535197925.0,0.91,-1.92,36192022455.12725,-17.37,397,-31.51,392,90.05,67,13.72,-1.23,3.98,0.45,0.78,67.2,0.631,26.5,False,False,False,True,False,True,True,False,False,True,False,False,False,True,False,False,2026-12-02,False,False,5,LoD>60% ATR,near21,4,https://www.tradingview.com/chart/?symbol=NASDAQ:CRDO&interval=D,False,False,False
ACMR,"ACM Research, Inc.",NASDAQ,Industrial Machinery,75.8,69.87,72.3,75.06,78.16,81.3,70.84,65.36,70.99,72.73,76.08,71.72,4.75,6.32,4.79,1034305.4,914889.6333333349,69348634.0,68667804.0,1.24,-1.06,5279408720.434246,-4.79,239,-25.66,361,71.3,91,13.62,-0.48,4.84,0.67,0.91,85.1,0.255,21.03,False,False,False,True,False,True,True,False,False,True,False,False,False,False,True,False,2026-11-11,False,False,4,"LoD>60% ATR, thin RVOL","near21, RVOL",4,https://www.tradingview.com/chart/?symbol=NASDAQ:ACMR&interval=D,False,False,False
CLS,"Celestica, Inc.",NYSE,Electronic Components,356.09,332.52,318.87,318.51,323.33,349.95,337.13,329.17,332.84,325.87,359.05,341.5,4.85,5.44,19.39,2102261.0,2258480.3666666667,804222274.0,719350087.0,1.15,-0.55,44906906422.64147,16.9,54,1.45,211,21.63,200,13.33,1.86,11.67,1.7,0.91,75.3,0.236,8.73,True,True,True,True,False,False,True,False,False,False,False,False,False,True,False,False,2026-10-26,False,False,5,LoD>60% ATR,EMA,6,https://www.tradingview.com/chart/?symbol=NYSE:CLS&interval=D,False,False,False
TARS,"Tarsus Pharmaceuticals, Inc.",NASDAQ,Pharmaceuticals: Major,77.08,79.07,78.44,75.95,69.51,66.01,66.99,68.76,78.55,77.25,78.59,76.01,4.87,4.02,3.1,562595.9,732347.1333333333,56449317.0,55618225.0,0.75,0.19,3606703192.1461406,7.47,117,16.08,140,16.22,223,13.26,2.71,-1.73,0.05,0.83,34.5,0.264,16.95,False,False,False,True,True,True,True,True,False,True,False,True,False,False,False,False,2026-11-10,False,False,5,thin RVOL,"near21, ADR",7,https://www.tradingview.com/chart/?symbol=NASDAQ:TARS&interval=D,False,False,False
MNDY,monday.com Ltd.,NASDAQ,Packaged Software,84.95,88.57,91.79,90.99,88.02,82.82,78.81,91.66,88.95,89.85,90.76,83.51,6.03,6.5,5.52,1247215.4,1230080.3,104495321.0,111925417.0,0.78,2.89,3591186160.612779,-6.44,256,21.79,114,23.92,192,13.09,-0.54,-7.45,0.84,1.31,26.1,0.253,15.28,False,False,False,False,False,True,False,False,False,True,True,True,False,False,False,False,2026-11-16,False,True,3,"thin RVOL, below 200-MA, large gap",near21,3,https://www.tradingview.com/chart/?symbol=NASDAQ:MNDY&interval=D,False,False,False
TDW,Tidewater Inc.,NYSE,Marine Shipping,87.16,89.38,91.56,92.24,86.3,80.8,80.94,75.32,88.92,89.84,88.38,84.52,4.25,4.05,3.53,637354.1,613231.0,53449214.0,56566267.0,1.07,-1.01,4336752939.471779,-10.01,305,35.62,77,12.67,229,12.76,0.25,-4.81,0.74,1.09,74.7,0.155,18.63,False,False,False,True,False,True,False,False,False,True,True,False,False,False,False,False,2026-11-11,False,False,4,"LoD>60% ATR, thin RVOL",near21,3,https://www.tradingview.com/chart/?symbol=NYSE:TDW&interval=D,False,False,False
ARQT,"Arcutis Biotherapeutics, Inc.",NASDAQ,Pharmaceuticals: Major,27.78,25.06,24.64,25.04,25.92,24.81,24.54,25.36,25.56,25.21,28.29,25.69,4.56,4.63,1.29,4653752.4,2715966.7,75449555.0,68001016.0,0.59,-0.23,3491722613.914484,8.98,105,4.99,194,23.36,194,12.44,1.55,12.75,2.2,2.02,162.4,0.187,4.96,True,True,True,True,False,False,False,False,False,False,True,False,False,False,False,True,2026-10-29,False,False,4,"LoD>60% ATR, thin RVOL",EMA,6,https://www.tradingview.com/chart/?symbol=NASDAQ:ARQT&interval=D,False,False,False
HIMS,"Hims & Hers Health, Inc.",NYSE,Medical/Nursing Services,30.43,28.32,28.78,29.23,30.01,29.62,26.95,27.91,28.74,28.93,31.81,29.22,4.26,5.61,1.71,9331056.5,11265821.4,342818945.0,329284938.0,1.95,2.04,7099727280.398636,-3.92,230,-6.66,256,47.86,143,12.43,0.25,5.72,0.93,1.52,71.0,0.175,10.07,True,True,False,True,False,True,False,False,False,True,True,False,True,True,True,False,2026-11-09,False,True,4,"LoD>60% ATR, large gap","near21, RVOL",5,https://www.tradingview.com/chart/?symbol=NYSE:HIMS&interval=D,False,False,False
PATH,"UiPath, Inc.",NYSE,Packaged Software,13.25,13.77,15.49,15.66,14.42,12.66,12.1,12.9,14.04,14.66,13.94,13.19,6.42,6.5,0.86,53673977.5,63693291.96666667,843936119.0,997267103.0,0.77,2.58,6905312985.025754,-16.4,383,30.41,90,21.67,199,11.89,-1.24,-14.47,1.48,0.87,7.0,0.524,25.63,False,False,False,True,False,True,True,False,False,True,False,True,False,False,False,False,2026-12-09,False,True,4,"thin RVOL, large gap",near21,5,https://www.tradingview.com/chart/?symbol=NYSE:PATH&interval=D,False,False,False
BRZE,"Braze, Inc.",NASDAQ,Internet Software/Services,25.52,24.81,28.68,28.97,27.5,25.02,23.54,24.58,25.95,27.18,26.23,24.85,5.37,6.21,1.59,3157486.6,2874442.5,73355773.0,83286013.0,0.6,2.36,2898674530.0188975,-16.44,384,32.5,83,17.12,221,11.06,-1.16,-11.02,0.98,0.87,42.3,0.562,20.13,False,False,False,True,False,True,True,False,False,True,False,True,False,False,False,False,2026-12-15,False,True,4,"thin RVOL, large gap",near21,5,https://www.tradingview.com/chart/?symbol=NASDAQ:BRZE&interval=D,False,False,False
DSGX,The Descartes Systems Group Inc.,NASDAQ,Packaged Software,78.86,77.48,78.36,78.02,76.46,74.02,72.75,75.23,78.38,78.0,80.51,77.58,4.01,3.78,2.98,900081.4,691978.4,54569417.0,53990346.0,0.6,0.77,6746359037.276924,1.12,178,17.3,132,12.58,230,10.33,0.83,0.64,0.29,0.98,43.1,0.13,7.11,True,True,True,True,True,True,True,False,False,True,False,True,False,False,False,False,2026-12-09,False,False,5,thin RVOL,"EMA, near21",9,https://www.tradingview.com/chart/?symbol=NASDAQ:DSGX&interval=D,False,False,False
AXGN,"Axogen, Inc.",NASDAQ,Medical Specialties,44.54,44.55,47.06,47.68,45.38,43.96,40.48,38.51,45.27,46.03,47.0,44.0,5.43,5.4,2.41,1697639.9,1106986.1,49305161.0,52782758.0,0.82,0.52,2613229188.9327235,-4.22,233,-0.69,223,35.38,162,10.16,-0.34,-5.35,0.6,1.25,22.4,0.257,19.2,False,False,False,True,False,True,False,False,False,True,True,True,False,False,False,False,2026-11-10,False,False,5,thin RVOL,near21,4,https://www.tradingview.com/chart/?symbol=NASDAQ:AXGN&interval=D,False,False,False
WDC,Western Digital Corporation,NASDAQ,Computer Peripherals,464.6,442.43,450.08,458.26,477.2,513.17,445.9,388.86,444.98,452.4,474.54,438.0,4.99,6.2,28.82,7319158.1,6729758.433333328,3126645768.0,3083981343.0,1.18,-1.81,167507318342.9989,-2.65,210,-29.44,384,62.0,110,9.97,-0.43,3.23,0.43,1.27,92.3,0.165,26.76,False,False,False,True,False,True,False,False,False,True,True,False,False,True,False,False,2026-10-22,False,False,5,LoD>60% ATR,near21,3,https://www.tradingview.com/chart/?symbol=NASDAQ:WDC&interval=D,False,False,False
HL,Hecla Mining Company,NYSE,Precious Metals,19.03,19.14,19.85,19.6,17.86,17.29,18.19,19.19,19.09,19.21,19.29,18.26,4.52,5.42,1.03,39153933.0,36362850.166666664,691985039.0,712881557.0,1.34,0.27,12783753538.683922,-10.78,323,31.97,84,8.56,245,9.91,1.2,-4.11,0.17,1.0,74.6,0.204,13.44,False,False,False,False,False,True,True,False,False,True,False,False,False,True,True,False,2026-11-11,False,False,4,"LoD>60% ATR, below 200-MA","near21, RVOL",3,https://www.tradingview.com/chart/?symbol=NYSE:HL&interval=D,False,False,False
SEZL,Sezzle Inc.,NASDAQ,Packaged Software,110.0,116.86,119.23,120.33,137.6,133.49,112.4,101.51,116.34,120.27,119.0,109.63,4.7,6.06,6.66,489985.1,513893.6,56528296.0,61836646.0,2.54,2.08,3704251691.291291,-6.46,258,-27.58,371,62.67,107,9.54,-3.31,-7.74,1.41,1.41,5.6,0.131,32.81,False,False,False,True,False,True,False,False,False,True,True,True,True,True,True,False,2026-11-05,False,True,5,large gap,"near21, RVOL",4,https://www.tradingview.com/chart/?symbol=NASDAQ:SEZL&interval=D,False,False,False
GLXY,Galaxy Digital Inc.,NASDAQ,Investment Banks/Brokers,27.17,24.26,24.62,23.68,23.02,26.14,24.75,25.02,24.74,24.26,27.68,25.74,5.86,6.6,1.79,5343802.6,5748610.1,156189736.0,136136668.0,1.19,-0.46,10620456367.590717,12.04,85,-13.75,303,30.12,174,9.47,2.73,10.34,1.81,1.08,79.7,0.237,11.49,True,True,True,True,False,False,False,False,False,False,True,False,False,True,False,False,2026-10-27,False,False,5,LoD>60% ATR,EMA,5,https://www.tradingview.com/chart/?symbol=NASDAQ:GLXY&interval=D,False,False,False
AGCO,AGCO Corporation,NYSE,Trucks/Construction/Farm Machinery,120.65,121.78,120.92,114.7,113.4,114.38,116.81,116.02,121.1,119.19,122.59,119.51,4.0,3.62,4.37,1109534.6,1155662.1333333333,139430636.0,132549824.0,1.03,1.4,8449327489.933695,15.3,64,8.57,179,3.63,260,9.17,1.76,-0.22,0.34,0.7,26.1,0.19,6.94,False,False,False,True,True,True,True,True,False,True,False,True,False,False,False,False,2026-11-03,False,False,5,thin RVOL,"near21, ADR",7,https://www.tradingview.com/chart/?symbol=NYSE:AGCO&interval=D,False,False,False
INFQ,"Infleqtion, Inc.",NYSE,Computer Processing Hardware,14.06,13.26,13.23,13.08,11.89,12.79,12.52,13.26,13.41,13.12,14.14,13.67,5.43,6.49,0.91,8721959.7,9384897.6,131951660.0,122748204.0,0.86,0.21,3168519997.104584,10.97,89,-9.78,275,24.65,187,8.61,2.81,6.27,1.11,0.51,42.7,0.161,9.7,True,True,True,True,False,True,True,True,False,True,False,True,False,False,False,False,2026-12-02,False,False,5,thin RVOL,"EMA, near21, ADR",9,https://www.tradingview.com/chart/?symbol=NYSE:INFQ&interval=D,False,False,False
RDW,Redwire Corporation,NYSE,Aerospace & Defense,11.76,10.99,10.91,11.53,10.77,12.46,11.42,10.89,11.15,11.11,11.9,11.44,5.53,6.42,0.75,13921569.1,12940131.633333333,152175948.0,149191091.0,0.88,0.73,2939913245.6689653,-2.0,203,-4.31,245,32.13,169,8.61,1.43,7.8,0.91,0.61,42.4,0.162,14.32,False,True,True,True,False,True,True,True,False,True,False,True,False,False,False,False,2026-11-11,False,False,5,thin RVOL,"EMA, near21, ADR",8,https://www.tradingview.com/chart/?symbol=NYSE:RDW&interval=D,False,False,False
CRCL,"Circle Internet Group, Inc.",NYSE,Packaged Software,94.59,90.4,92.12,87.21,77.91,84.96,89.64,86.01,91.18,89.01,97.56,93.05,6.38,7.21,6.82,16767037.2,15798200.5,1494351785.0,1377687341.0,0.74,2.64,24014118157.59223,7.51,116,25.12,107,-7.18,302,8.48,2.97,2.68,0.87,0.66,22.6,0.232,15.03,True,True,True,True,True,True,True,True,False,True,False,True,False,True,False,False,2026-11-18,False,True,5,large gap,"EMA, near21, ADR",10,https://www.tradingview.com/chart/?symbol=NYSE:CRCL&interval=D,False,False,False
HRI,Herc Holdings Inc.,NYSE,Finance/Rental/Leasing,144.07,140.87,144.22,151.86,153.67,146.4,136.39,141.94,141.59,145.26,146.58,139.18,4.77,5.1,7.35,1177286.8,661439.7333333333,95293622.0,100445136.0,0.48,0.9,4816468623.769219,-12.2,344,-0.24,221,37.27,157,8.28,-1.22,-0.1,0.16,1.01,66.6,0.175,12.0,False,False,False,True,True,True,False,False,False,True,True,False,False,False,False,False,2026-10-15,False,False,4,"LoD>60% ATR, thin RVOL",near21,4,https://www.tradingview.com/chart/?symbol=NYSE:HRI&interval=D,False,False,False
RBLX,Roblox Corporation,NYSE,Packaged Software,49.87,48.03,44.32,42.15,43.7,45.59,50.3,57.39,47.81,45.51,51.96,49.46,4.36,4.85,2.42,9414652.8,10616578.7,529448780.0,447474637.0,0.78,1.03,35625927826.147316,28.73,23,6.11,188,-10.14,319,8.23,2.91,12.51,1.98,1.03,17.0,0.394,27.44,False,True,True,False,False,False,False,False,False,False,True,True,False,True,False,False,2026-11-11,False,False,5,below 200-MA,EMA,4,https://www.tradingview.com/chart/?symbol=NYSE:RBLX&interval=D,True,False,False
BSP,Bending Spoons S.p.A.,NASDAQ,Packaged Software,36.17,38.74,40.26,40.96,39.1,,,,38.7,39.51,39.11,35.6,6.51,7.92,2.86,2466870.5,1880445.8666666667,68015727.0,77031211.0,2.24,0.7,22975883714.754444,-9.42,299,16.68,137,16.68,222,7.98,-0.95,-10.15,1.07,1.22,19.7,0.221,4.18,False,False,False,False,False,True,False,False,False,True,True,True,True,True,True,True,2026-12-02,False,False,5,below 200-MA,"near21, RVOL",4,https://www.tradingview.com/chart/?symbol=NASDAQ:BSP&interval=D,False,False,False
CCXI,Churchill Capital Corp. XI Class A,NASDAQ,Financial Conglomerates,13.14,12.62,13.22,14.01,14.37,13.01,,,12.9,13.3,13.63,12.91,5.2,6.45,0.85,2559354.8,2407392.4,31633136.0,33729172.0,0.69,-0.59,731898015.4815907,-9.38,298,3.96,198,29.33,176,7.97,-1.33,-0.58,0.18,0.85,27.2,0.247,13.36,False,False,False,False,True,True,True,False,False,True,False,True,False,False,False,False,,False,False,4,"thin RVOL, below 200-MA",near21,5,https://www.tradingview.com/chart/?symbol=NASDAQ:CCXI&interval=D,False,False,False
AG,First Majestic Silver Corp.,NYSE,Precious Metals,20.32,19.56,20.26,20.11,18.67,18.8,20.21,20.06,19.72,19.76,20.45,19.24,4.22,5.16,1.05,9454172.9,9604857.766666668,195170710.0,193147286.0,1.1,0.31,10015857170.936972,-7.21,272,28.61,97,1.6,267,7.66,1.71,0.32,0.55,1.15,103.1,0.191,7.78,True,True,False,True,True,True,False,False,False,True,True,False,False,True,False,False,2026-11-11,False,False,5,LoD>60% ATR,near21,6,https://www.tradingview.com/chart/?symbol=NYSE:AG&interval=D,False,False,False
DIOD,Diodes Incorporated,NASDAQ,Semiconductors,95.94,91.66,90.98,93.53,91.95,98.78,91.12,82.35,91.97,91.99,96.43,89.56,4.24,5.13,4.92,579912.0,662123.6333333333,63524141.0,61928754.0,1.83,-0.53,4418200683.812409,4.11,150,-14.41,307,32.94,166,7.55,0.85,5.45,0.84,1.4,129.6,0.087,17.12,False,True,False,True,False,True,False,False,True,True,True,False,True,True,True,False,2026-11-05,False,False,5,LoD>60% ATR,"near21, BB, RVOL",5,https://www.tradingview.com/chart/?symbol=NASDAQ:DIOD&interval=D,False,False,False
AXTI,AXT Inc,NASDAQ,Electronic Production Equipment,77.79,67.29,64.61,68.82,64.01,79.27,70.81,57.77,69.34,67.38,79.39,74.9,6.84,8.98,6.98,9413224.3,9363673.333333334,728400149.0,644376787.0,0.76,-4.12,5100940155.484924,3.14,163,0.06,220,19.35,212,7.52,2.4,20.4,1.72,0.64,41.4,0.409,27.64,False,True,True,True,False,False,True,False,False,False,False,True,False,False,False,False,2026-10-29,False,True,4,"thin RVOL, large gap",EMA,6,https://www.tradingview.com/chart/?symbol=NASDAQ:AXTI&interval=D,False,False,False
GWRE,"Guidewire Software, Inc.",NYSE,Information Technology Services,150.46,146.1,168.05,172.09,164.01,148.01,146.92,153.37,151.96,159.72,152.57,147.22,4.88,5.76,8.66,1541608.0,1478037.5666666667,222385532.0,254353021.0,0.62,1.81,12336617253.4994,-17.32,395,37.91,72,1.52,268,7.37,-1.44,-10.46,1.01,0.62,37.4,0.609,14.59,False,False,False,False,False,True,True,True,False,True,False,True,False,True,False,False,2026-12-03,False,False,5,below 200-MA,"near21, ADR",5,https://www.tradingview.com/chart/?symbol=NYSE:GWRE&interval=D,False,False,False
RELY,"Remitly Global, Inc.",NASDAQ,Miscellaneous Commercial Services,21.28,22.07,24.12,24.57,24.25,22.95,21.06,19.23,22.38,23.37,22.25,21.03,5.03,4.97,1.06,4634644.3,3776892.2,80372266.0,92782504.0,0.99,1.81,4504636647.573876,-14.05,359,3.91,199,32.09,170,7.31,-2.47,-11.78,1.8,1.15,23.6,0.357,23.61,False,False,False,True,False,False,False,False,False,False,True,True,False,False,False,False,2026-11-04,False,False,5,thin RVOL,,3,https://www.tradingview.com/chart/?symbol=NASDAQ:RELY&interval=D,False,False,False
OCTV,Octave Intelligence plc,NASDAQ,Packaged Software,19.37,18.45,18.85,18.78,18.3,,,,18.8,18.72,19.55,18.8,4.13,4.5,0.87,4123452.3,3110079.1,60242232.0,58409877.0,0.53,1.41,5199639565.877668,7.61,115,18.11,130,-4.82,296,6.97,1.3,2.73,0.77,0.87,66.0,0.159,2.85,False,True,True,False,True,True,True,False,False,True,False,False,False,False,False,True,2026-11-12,False,False,3,"LoD>60% ATR, thin RVOL, below 200-MA","EMA, near21",7,https://www.tradingview.com/chart/?symbol=NASDAQ:OCTV&interval=D,False,False,False
FIVE,"Five Below, Inc.",NASDAQ,Discount Stores,232.28,239.57,244.13,243.65,230.96,217.45,220.06,212.91,238.55,239.88,242.4,232.0,4.69,4.2,9.76,1193559.6,1199003.4333333333,278504517.0,292141583.0,1.25,0.11,12787951259.734903,-3.16,215,23.51,110,0.31,274,6.89,0.14,-4.85,0.75,1.07,2.9,0.123,13.44,False,False,False,True,False,True,False,False,False,True,True,True,False,True,True,False,2026-12-02,False,False,6,,"near21, RVOL",4,https://www.tradingview.com/chart/?symbol=NASDAQ:FIVE&interval=D,False,False,False
TSEM,Tower Semiconductor Ltd.,NASDAQ,Semiconductors,236.61,213.79,212.95,222.51,226.72,238.8,214.52,192.27,219.23,218.35,236.87,227.01,4.09,5.71,13.52,2370179.6,1691750.0666666667,400284983.0,376438920.0,0.79,-2.28,26695510727.33834,4.26,146,-15.11,309,30.93,173,6.69,0.76,11.11,1.46,0.73,71.0,0.219,19.67,False,True,True,True,False,True,True,False,False,True,False,False,False,True,False,False,2026-11-16,False,True,4,"LoD>60% ATR, large gap","EMA, near21",6,https://www.tradingview.com/chart/?symbol=NASDAQ:TSEM&interval=D,False,False,False
MOS,Mosaic Company (The),NYSE,Chemicals: Agricultural,24.73,25.08,24.96,24.15,23.56,22.87,23.97,24.57,24.86,24.65,24.99,23.85,4.36,4.45,1.1,8570591.0,8236388.433333334,203685886.0,198925253.0,0.69,0.08,7861559582.208975,4.04,151,18.16,128,-2.64,285,6.52,1.12,-0.9,0.08,1.04,80.0,0.128,8.94,False,False,False,True,True,True,False,False,False,True,True,False,False,False,False,False,2026-11-10,False,False,4,"LoD>60% ATR, thin RVOL",near21,4,https://www.tradingview.com/chart/?symbol=NYSE:MOS&interval=D,False,False,False
AMBA,"Ambarella, Inc.",NASDAQ,Semiconductors,67.06,66.46,67.04,70.51,71.86,73.31,68.03,68.37,66.65,68.04,69.19,66.95,5.9,6.09,4.08,1843060.8,1525056.2333333334,102270271.0,107538832.0,0.42,0.0,2960093525.6331162,-8.49,289,2.29,207,25.72,184,6.51,-1.1,0.02,0.24,0.55,2.7,0.16,10.21,False,False,False,False,True,True,True,True,False,True,False,True,False,False,False,False,2026-12-01,False,False,4,"thin RVOL, below 200-MA","near21, ADR",6,https://www.tradingview.com/chart/?symbol=NASDAQ:AMBA&interval=D,False,False,False
IREN,IREN Limited,NASDAQ,Data Processing Services,48.55,44.61,42.54,42.57,40.69,47.2,45.4,45.59,44.98,43.5,49.35,46.83,5.77,6.3,3.06,35898610.6,43119446.8,2093449142.0,1835429559.0,0.9,-0.53,19106242870.098457,10.34,92,-10.25,279,19.36,211,6.49,3.06,14.14,1.84,0.82,56.2,0.33,13.41,True,True,True,True,False,False,True,False,False,False,False,True,False,True,False,False,2026-12-01,False,False,6,,EMA,7,https://www.tradingview.com/chart/?symbol=NASDAQ:IREN&interval=D,False,False,False
EXPE,"Expedia Group, Inc.",NASDAQ,Other Consumer Services,280.7,282.38,297.44,306.92,298.33,268.57,256.88,260.35,285.69,292.98,287.12,263.18,4.29,4.43,12.42,2459167.3,1835755.5666666667,515296588.0,563424285.0,2.88,1.51,33689300476.419113,-14.54,364,12.98,157,20.48,208,6.31,-1.33,-5.63,0.95,1.93,141.0,0.271,14.77,False,False,False,True,False,True,False,False,False,True,True,False,True,True,True,False,2026-10-29,False,False,5,LoD>60% ATR,"near21, RVOL",3,https://www.tradingview.com/chart/?symbol=NASDAQ:EXPE&interval=D,False,False,False
BTBT,"Bit Digital, Inc.",NASDAQ,Miscellaneous Commercial Services,1.86,1.62,1.57,1.55,1.5,1.68,1.64,1.75,1.65,1.59,1.86,1.78,6.37,6.95,0.13,28864213.0,32239050.8,59964634.0,49868438.0,0.76,-1.37,670778355.989011,12.05,84,-13.29,298,20.0,210,6.25,3.48,18.28,2.42,0.58,58.0,0.345,13.71,True,True,True,True,False,False,True,True,False,True,False,True,False,False,False,False,2026-11-12,False,False,5,thin RVOL,"EMA, ADR",8,https://www.tradingview.com/chart/?symbol=NASDAQ:BTBT&interval=D,False,False,False
SPCX,Space Exploration Technologies Corp,NASDAQ,Specialty Telecommunications,154.72,150.35,147.06,144.57,135.07,,,,150.7,147.08,154.94,150.55,4.41,4.68,7.24,112886517.1,93542986.96666667,14472970943.0,13523852617.0,0.51,-0.1,2099715923988.068,15.19,65,0.34,218,3.15,263,6.23,3.11,5.21,1.11,0.61,57.6,0.143,9.88,False,True,True,False,False,True,True,True,False,True,False,True,False,True,False,False,2026-11-05,False,False,5,below 200-MA,"EMA, near21, ADR",7,https://www.tradingview.com/chart/?symbol=NASDAQ:SPCX&interval=D,False,False,False
SRPT,"Sarepta Therapeutics, Inc.",NASDAQ,Pharmaceuticals: Major,20.81,20.61,20.95,20.14,18.62,18.27,18.66,19.26,20.59,20.36,21.18,20.19,6.25,6.17,1.28,2824972.6,2987903.2,62178266.0,60170395.0,0.68,1.59,2198098256.4419065,7.32,120,20.57,118,-10.11,317,5.93,1.91,-0.66,0.36,0.77,48.3,0.205,12.85,False,False,True,True,True,True,True,False,False,True,False,True,False,False,False,False,2026-11-04,False,False,5,thin RVOL,"EMA, near21",7,https://www.tradingview.com/chart/?symbol=NASDAQ:SRPT&interval=D,False,False,False
M,Macy's Inc,NYSE,Department Stores,22.78,21.91,22.17,22.58,23.36,22.66,21.44,21.6,22.16,22.37,22.88,22.31,4.05,3.84,0.87,8301749.9,6307402.233333333,143682623.0,142402220.0,0.54,1.76,5949603905.80712,-1.3,198,-6.1,253,24.34,189,5.65,-0.65,2.77,0.47,0.65,53.8,0.1,8.42,False,False,False,True,True,True,True,True,True,True,False,True,False,False,False,False,2026-11-12,False,False,5,thin RVOL,"near21, ADR, BB",8,https://www.tradingview.com/chart/?symbol=NYSE:M&interval=D,False,False,False
WOLF,"Wolfspeed, Inc.",NYSE,Semiconductors,27.99,25.51,26.22,27.4,27.43,38.92,32.76,29.18,26.11,26.54,28.53,26.71,6.41,8.22,2.3,2377953.300000115,3237814.100000022,90626417.0,88719344.0,1.15,-1.3,1481526568.7441359,4.21,148,-41.88,420,54.56,128,5.63,0.25,6.73,0.67,0.79,55.6,0.232,47.91,False,True,False,False,False,True,True,False,False,True,False,True,False,False,False,False,2026-10-28,False,False,4,"thin RVOL, below 200-MA",near21,5,https://www.tradingview.com/chart/?symbol=NYSE:WOLF&interval=D,False,False,False
FORM,"FormFactor, Inc.",NASDAQ,Semiconductors,126.01,112.59,107.84,112.84,111.0,121.53,117.22,105.32,113.83,111.69,126.17,116.52,4.25,5.91,7.45,1204996.7,1120946.7,141250494.0,126484823.0,0.67,-2.09,9843992675.803537,7.07,122,-11.14,287,20.55,207,5.5,2.29,16.85,2.17,1.3,127.4,0.297,12.86,True,True,True,True,False,False,False,False,False,False,True,False,False,False,False,False,2026-11-04,False,True,3,"LoD>60% ATR, thin RVOL, large gap",EMA,5,https://www.tradingview.com/chart/?symbol=NASDAQ:FORM&interval=D,False,False,False
VCYT,"Veracyte, Inc.",NASDAQ,Medical Specialties,43.36,41.19,42.5,42.51,46.99,47.51,42.85,42.45,41.52,42.46,43.74,41.32,4.9,5.06,2.2,1479782.4,1322442.8666666667,57341123.0,56220793.0,1.03,0.58,3485742170.1811175,2.8,167,-20.37,335,33.46,164,5.3,-1.52,2.03,0.42,1.1,93.1,0.171,14.59,False,False,False,True,True,True,False,False,False,True,True,False,False,False,False,False,2026-11-10,False,False,4,"LoD>60% ATR, thin RVOL",near21,4,https://www.tradingview.com/chart/?symbol=NASDAQ:VCYT&interval=D,False,False,False
HP,"Helmerich & Payne, Inc.",NYSE,Contract Drilling,39.79,42.3,43.1,43.25,39.85,38.51,37.54,35.99,41.8,42.19,40.78,39.54,4.1,3.99,1.59,1181187.2,1290262.5333333334,51339546.0,55807295.0,0.76,-1.41,3976570590.885331,-10.24,310,14.83,145,9.43,242,4.68,-0.04,-7.68,1.43,0.78,15.4,0.178,17.86,False,False,False,True,False,True,True,False,False,True,False,True,False,False,False,False,2026-11-18,False,False,5,thin RVOL,near21,5,https://www.tradingview.com/chart/?symbol=NYSE:HP&interval=D,False,False,False
GENI,Genius Sports Limited,NYSE,Internet Software/Services,6.08,6.45,7.03,7.31,7.19,6.43,5.95,6.86,6.42,6.82,6.22,5.71,6.56,7.32,0.45,7330790.4,5442123.4,33088110.0,39769224.0,1.39,3.13,1687972127.277778,-24.0,427,4.47,196,33.04,165,4.5,-2.11,-13.46,1.48,1.15,83.1,0.389,20.43,False,False,False,False,False,True,False,False,False,True,True,False,False,False,True,False,2026-11-11,False,True,2,"LoD>60% ATR, thin RVOL, below 200-MA, large gap","near21, RVOL",2,https://www.tradingview.com/chart/?symbol=NYSE:GENI&interval=D,False,False,False
SEI,"Solaris Energy Infrastructure, Inc.",NYSE,Oilfield Services/Equipment,65.67,66.02,59.65,59.48,58.69,66.25,63.73,60.59,65.09,62.22,68.17,64.86,5.46,6.56,4.31,3260210.0,2692927.066666667,176844520.0,160185176.0,0.59,-1.66,5264483890.495874,19.4,46,-14.13,305,8.12,246,4.46,1.81,10.1,0.84,0.77,18.8,0.486,11.51,False,False,True,True,False,True,True,False,False,True,False,True,False,False,False,False,2026-11-02,False,False,5,thin RVOL,"EMA, near21",6,https://www.tradingview.com/chart/?symbol=NYSE:SEI&interval=D,False,False,False
OLLI,"Ollie's Bargain Outlet Holdings, Inc.",NASDAQ,Department Stores,82.48,75.57,74.87,75.54,73.7,75.53,83.19,90.61,76.88,75.74,82.96,80.81,4.33,4.27,3.52,1753216.5,1743405.3333333333,143796072.0,131694224.0,1.15,2.27,4899509975.799273,9.8,96,12.89,158,-9.37,314,4.44,2.79,10.17,2.08,0.61,47.6,0.143,20.5,False,True,True,False,False,False,True,True,False,True,False,True,False,False,False,False,2026-12-09,False,True,3,"thin RVOL, below 200-MA, large gap","EMA, ADR",6,https://www.tradingview.com/chart/?symbol=NASDAQ:OLLI&interval=D,False,False,False
PSKY,Paramount Skydance Corporation,NASDAQ,Cable/Satellite TV,10.11,10.51,10.66,10.49,9.72,10.0,10.18,10.73,10.45,10.43,10.73,9.88,5.52,5.4,0.55,29523450.0,16726854.7,169108501.0,175395011.0,1.76,3.53,11342872751.106962,-2.51,209,4.33,197,10.37,239,4.07,0.74,-5.2,0.57,1.56,42.2,0.124,9.97,False,False,False,False,False,True,False,False,False,True,True,True,True,True,True,False,2026-11-16,False,True,4,"below 200-MA, large gap","near21, RVOL",3,https://www.tradingview.com/chart/?symbol=NASDAQ:PSKY&interval=D,False,False,False
RDDT,"Reddit, Inc.",NYSE,Internet Software/Services,155.67,155.72,154.62,155.63,162.15,166.07,158.83,171.86,155.53,156.01,161.67,152.33,4.91,5.31,8.26,5575337.1,6550364.133333334,1019695185.0,1019452821.0,0.75,1.61,29950365532.27008,2.56,170,-5.48,250,14.89,224,3.99,-0.75,0.68,0.04,1.13,40.4,0.124,11.08,False,False,False,False,True,True,False,False,False,True,True,True,False,True,False,False,2026-11-04,False,False,5,below 200-MA,near21,4,https://www.tradingview.com/chart/?symbol=NYSE:RDDT&interval=D,False,False,False
ASM,Avino Silver & Gold Mines Ltd.,AMEX,Precious Metals,6.49,6.47,6.95,7.05,6.59,6.58,6.82,7.01,6.5,6.71,6.52,6.14,5.33,6.06,0.39,3779002.8,4265857.8,27685417.0,30070032.0,0.86,-0.16,1102360651.2911394,-17.32,396,16.52,138,12.48,231,3.89,-0.25,-6.66,0.53,0.94,87.8,0.339,8.45,False,False,False,False,False,True,True,False,False,True,False,False,False,False,False,False,2026-11-11,False,False,3,"LoD>60% ATR, thin RVOL, below 200-MA",near21,3,https://www.tradingview.com/chart/?symbol=AMEX:ASM&interval=D,False,False,False
POET,POET Technologies Inc.,NASDAQ,Electrical Products,8.17,7.75,7.74,8.04,7.92,9.8,8.85,8.3,7.85,7.86,8.29,8.02,4.89,6.35,0.52,8114052.2,9080375.5333333,74186668.0,73030434.0,1.14,-2.73,1413884571.1105826,-1.57,199,-24.42,356,37.54,156,3.85,0.5,5.6,0.61,0.53,29.9,0.201,25.3,False,True,False,False,False,True,True,True,False,True,False,True,False,False,False,False,2026-11-12,False,True,3,"thin RVOL, below 200-MA, large gap","near21, ADR",6,https://www.tradingview.com/chart/?symbol=NASDAQ:POET&interval=D,False,False,False
HUBS,"HubSpot, Inc.",NYSE,Packaged Software,217.88,228.55,238.9,236.01,231.08,216.66,225.53,253.11,227.92,232.41,229.0,210.41,5.69,6.54,14.25,2204689.1,1682112.8333333333,366498744.0,396996571.0,0.93,3.34,10864847576.533806,-8.33,287,27.42,98,-8.06,307,3.67,-0.87,-8.8,0.96,1.3,52.4,0.241,16.73,False,False,False,False,False,True,False,False,False,True,True,True,False,True,False,False,2026-11-11,False,True,4,"below 200-MA, large gap",near21,3,https://www.tradingview.com/chart/?symbol=NYSE:HUBS&interval=D,False,False,False
ATI,ATI Inc.,NYSE,Other Metals/Minerals,186.56,191.98,200.13,207.3,203.1,190.54,178.2,163.73,192.13,197.87,190.6,185.87,4.27,4.49,8.38,1764078.5,1828487.5666666667,341122640.0,379044863.0,0.8,-0.06,25403949363.418907,-11.55,334,-5.4,249,27.43,179,3.49,-1.81,-6.78,1.27,0.57,8.3,0.202,21.11,False,False,False,True,False,True,True,True,False,True,False,True,False,True,False,False,2026-11-03,False,False,6,,"near21, ADR",6,https://www.tradingview.com/chart/?symbol=NYSE:ATI&interval=D,False,False,False
GOLD,"Gold.com, Inc.",NYSE,Investment Banks/Brokers,44.65,46.62,45.85,45.45,43.57,42.74,44.51,43.9,45.77,45.58,45.3,43.51,5.52,5.32,2.37,757700.7,671696.0666666667,29991229.0,30526571.0,0.87,0.43,1301759856.6232877,-4.29,234,7.85,183,5.56,253,3.04,0.47,-2.62,0.38,0.76,48.0,0.159,8.67,False,False,False,True,True,True,True,True,False,True,False,True,False,False,False,False,2026-11-10,False,False,5,thin RVOL,"near21, ADR",7,https://www.tradingview.com/chart/?symbol=NYSE:GOLD&interval=D,False,False,False
SHLS,"Shoals Technologies Group, Inc.",NASDAQ,Semiconductors,8.15,7.36,7.22,7.44,8.26,9.13,8.4,8.61,7.51,7.49,8.24,7.78,5.41,6.19,0.5,4546977.8,4616208.1,37622096.0,34329970.0,1.05,1.21,1371644658.8130186,9.25,102,-21.33,340,20.56,206,2.83,-0.21,12.95,1.42,0.91,73.3,0.203,23.47,False,False,True,False,False,True,True,False,False,True,False,False,False,False,False,False,2026-11-10,False,False,3,"LoD>60% ATR, thin RVOL, below 200-MA","EMA, near21",4,https://www.tradingview.com/chart/?symbol=NASDAQ:SHLS&interval=D,False,False,False
RXO,"RXO, Inc.",NYSE,Packaged Software,19.79,19.71,20.34,21.05,22.44,23.56,20.9,19.32,19.9,20.43,20.41,19.51,4.95,5.57,1.1,1966193.1,1589994.6,31465993.0,33473096.0,0.64,1.01,3263888042.8529415,-9.59,301,-22.18,344,39.76,153,2.66,-2.12,-2.7,0.57,0.82,25.4,0.187,21.41,False,False,False,True,True,True,True,False,False,True,False,True,False,False,False,False,2026-11-05,False,False,5,thin RVOL,near21,6,https://www.tradingview.com/chart/?symbol=NYSE:RXO&interval=D,False,False,False
ACHR,Archer Aviation Inc.,NYSE,Aerospace & Defense,5.69,5.45,5.62,5.89,5.54,5.62,5.77,6.33,5.5,5.59,5.71,5.46,4.46,5.53,0.31,26384594.6,30410699.366666667,173036879.0,179048061.0,0.77,3.13,4381435304.6372,-7.4,276,9.21,175,6.16,251,2.66,0.5,1.3,0.31,0.79,73.1,0.148,15.48,False,True,False,False,True,True,True,False,False,True,False,False,False,False,False,False,2026-11-05,False,True,2,"LoD>60% ATR, thin RVOL, below 200-MA, large gap",near21,5,https://www.tradingview.com/chart/?symbol=NYSE:ACHR&interval=D,False,False,False
LYFT,"Lyft, Inc.",NASDAQ,Other Transportation,14.9,15.33,16.23,16.58,16.25,15.22,14.7,15.66,15.51,15.94,15.6,14.84,4.02,4.24,0.63,10628622.8,10252490.133333333,152762103.0,170020461.0,0.92,1.9,5640249934.302554,-14.61,365,7.43,184,13.83,226,2.21,-1.96,-8.21,1.54,1.2,9.5,0.243,10.37,False,False,False,False,False,False,False,False,False,False,True,True,False,False,False,False,2026-11-11,False,False,4,"thin RVOL, below 200-MA",,2,https://www.tradingview.com/chart/?symbol=NASDAQ:LYFT&interval=D,False,False,False
AKAM,"Akamai Technologies, Inc.",NASDAQ,Data Processing Services,118.34,108.75,107.87,110.81,113.72,123.44,117.01,110.69,110.09,109.86,122.79,116.1,4.31,4.65,5.51,3816197.6,3169131.433333333,375035014.0,351180962.0,1.25,0.39,17007424603.97462,7.33,119,-0.76,224,-0.04,275,2.17,0.87,9.7,1.66,1.21,40.7,0.14,13.15,False,True,True,True,False,False,False,False,False,False,True,True,False,True,True,False,2026-11-10,False,False,6,,"EMA, RVOL",5,https://www.tradingview.com/chart/?symbol=NASDAQ:AKAM&interval=D,False,False,False
MMYT,MakeMyTrip Limited,NASDAQ,Internet Software/Services,48.34,48.66,53.11,55.57,55.82,51.83,50.08,55.74,49.55,52.13,49.06,47.81,4.37,4.44,2.15,916041.1,574034.3,27748818.0,31897747.0,0.55,2.27,4546795739.077757,-21.75,421,3.4,201,24.75,186,2.13,-3.01,-8.98,1.63,0.58,24.7,0.352,14.8,False,False,False,False,False,False,True,True,False,True,False,True,False,False,False,False,2026-11-03,False,True,3,"thin RVOL, below 200-MA, large gap",ADR,4,https://www.tradingview.com/chart/?symbol=NASDAQ:MMYT&interval=D,False,False,False
OWL,Blue Owl Capital Inc.,NYSE,Investment Managers,9.88,10.23,11.01,11.32,10.87,10.25,10.0,11.21,10.3,10.7,10.3,9.76,4.14,4.16,0.41,16562177.7,18205028.866666667,179865685.0,206014175.0,0.75,2.1,15403832206.99002,-14.53,363,10.39,170,10.51,238,2.12,-2.18,-10.3,1.85,1.31,29.2,0.302,12.18,False,False,False,False,False,False,False,False,False,False,True,True,False,True,False,False,2026-10-29,False,True,4,"below 200-MA, large gap",,2,https://www.tradingview.com/chart/?symbol=NYSE:OWL&interval=D,False,False,False
CF,"CF Industries Holdings, Inc.",NYSE,Chemicals: Agricultural,120.59,131.04,131.26,127.98,125.38,120.24,119.68,110.97,128.83,129.15,122.43,118.29,4.4,4.5,5.42,2847245.700000006,2694454.3333333493,324924248.0,344846145.0,1.42,-1.02,18249863334.757526,-5.37,244,18.12,129,-7.32,303,1.81,-0.85,-8.13,1.47,0.76,42.5,0.157,16.83,False,False,False,True,False,True,True,False,False,True,False,True,False,True,True,False,2026-11-04,False,False,6,,"near21, RVOL",5,https://www.tradingview.com/chart/?symbol=NYSE:CF&interval=D,False,False,False
PTEN,"Patterson-UTI Energy, Inc.",NASDAQ,Oil & Gas Production,11.14,12.22,12.32,12.12,11.28,11.16,10.79,9.83,11.96,12.02,11.5,11.12,4.4,4.71,0.53,8934194.9,7982339.066666666,88923257.0,96722002.0,0.78,-2.01,4248627677.721542,-9.65,302,12.87,159,1.74,266,1.65,-0.26,-9.57,1.56,0.73,3.8,0.178,22.31,False,False,False,True,False,False,True,False,False,False,False,True,False,False,False,False,2026-10-28,False,True,4,"thin RVOL, large gap",,4,https://www.tradingview.com/chart/?symbol=NASDAQ:PTEN&interval=D,False,False,False
PEGA,Pegasystems Inc.,NASDAQ,Information Technology Services,34.7,36.1,36.13,35.08,33.26,33.29,36.3,40.57,35.81,35.52,35.8,33.96,4.12,4.29,1.49,2495372.3,2184540.9,75814492.0,76635879.0,0.65,1.9,5705673389.002287,3.72,158,16.85,135,-15.76,342,1.6,1.01,-3.94,0.54,1.24,50.4,0.139,21.07,False,False,False,False,False,True,False,False,False,True,True,True,False,False,False,False,2026-10-28,False,False,4,"thin RVOL, below 200-MA",near21,3,https://www.tradingview.com/chart/?symbol=NASDAQ:PEGA&interval=D,False,False,False
SYNA,Synaptics Incorporated,NASDAQ,Semiconductors,97.64,94.73,95.49,98.28,103.58,115.61,103.0,97.8,95.07,96.75,97.99,94.74,4.45,4.82,4.7,662805.8,670316.2666666667,65449680.0,65879130.0,0.84,0.01,3875567261.962668,-0.9,191,-26.65,366,32.27,168,1.57,-1.19,2.25,0.19,0.69,61.7,0.108,21.39,False,False,False,False,True,True,True,True,False,True,False,False,False,False,False,False,2026-11-05,False,False,3,"LoD>60% ATR, thin RVOL, below 200-MA","near21, ADR",5,https://www.tradingview.com/chart/?symbol=NASDAQ:SYNA&interval=D,False,False,False
SPHR,Sphere Entertainment Co.,NYSE,Media Conglomerates,141.91,143.94,144.19,151.1,148.76,147.17,138.02,127.07,144.18,145.98,149.45,140.75,4.01,4.61,6.55,521555.7,635142.2666666667,90133039.0,95971902.0,0.97,1.01,5096500092.585505,-9.22,295,-10.01,277,23.94,191,1.57,-1.0,-1.58,0.6,1.33,17.7,0.161,15.28,False,False,False,True,True,True,False,False,False,True,True,True,False,False,False,False,2026-11-10,False,False,5,thin RVOL,near21,5,https://www.tradingview.com/chart/?symbol=NYSE:SPHR&interval=D,False,False,False
COHR,Coherent Corp.,NYSE,Semiconductors,310.39,297.49,289.93,297.87,296.77,332.61,313.32,284.45,300.3,296.91,323.43,305.0,5.7,7.16,22.23,7158057.6,6967860.7,2162754283.0,2075505054.0,1.02,-3.49,60784368409.04392,4.52,141,-19.4,328,18.86,216,1.33,0.64,7.06,0.63,0.83,24.2,0.228,15.52,False,True,True,True,False,True,True,False,False,True,False,True,False,True,False,False,2026-11-11,False,True,5,large gap,"EMA, near21",7,https://www.tradingview.com/chart/?symbol=NYSE:COHR&interval=D,False,False,False
WYFI,"WhiteFiber, Inc.",NASDAQ,Data Processing Services,20.23,18.56,18.79,20.92,22.82,26.27,22.62,21.54,18.96,19.73,20.57,19.39,5.71,8.8,1.78,1276289.4,2512256.3,50822945.0,52566451.0,0.84,-1.51,785897448.042296,-6.08,251,-54.76,438,64.2,104,1.12,-1.29,7.69,0.29,0.66,46.9,0.24,38.11,False,False,False,False,False,True,True,False,False,True,False,True,False,False,False,False,2026-11-12,False,False,4,"thin RVOL, below 200-MA",near21,4,https://www.tradingview.com/chart/?symbol=NASDAQ:WYFI&interval=D,False,False,False
KD,"Kyndryl Holdings, Inc.",NYSE,Data Processing Services,12.06,12.78,12.94,12.92,12.92,12.46,12.62,15.5,12.63,12.81,12.47,11.92,4.6,5.06,0.61,3874588.8,3726749.5,44944599.0,48130970.0,0.97,1.97,2626888268.980328,-2.03,204,8.45,181,-3.52,288,0.97,-1.32,-6.82,1.16,0.91,23.7,0.129,25.18,False,False,False,False,False,True,True,False,False,True,False,True,False,False,False,False,2026-11-10,False,False,4,"thin RVOL, below 200-MA",near21,4,https://www.tradingview.com/chart/?symbol=NYSE:KD&interval=D,False,False,False
PCOR,"Procore Technologies, Inc.",NYSE,Packaged Software,50.85,52.74,56.66,58.07,54.56,50.57,52.18,55.88,53.13,54.97,52.65,49.5,4.09,4.67,2.37,2451555.1,2730233.1333333333,138832355.0,158533717.0,0.74,1.66,7726928707.869995,-19.73,408,30.69,88,-8.56,311,0.8,-1.46,-10.26,1.6,1.33,56.9,0.31,11.98,False,False,False,False,False,False,False,False,False,False,True,True,False,False,False,False,2026-11-04,False,False,4,"thin RVOL, below 200-MA",,2,https://www.tradingview.com/chart/?symbol=NYSE:PCOR&interval=D,False,False,False
CIFR,Cipher Digital Inc.,NASDAQ,Data Processing Services,19.09,17.04,16.68,16.73,18.27,20.56,18.92,18.38,17.52,17.25,19.74,18.38,7.51,8.58,1.64,40115577.3,35826727.833333336,683932234.0,599452810.0,0.7,-2.06,7922936498.332805,8.96,106,-30.68,387,23.96,190,0.75,0.52,14.45,1.25,0.83,43.3,0.311,20.33,False,True,True,True,False,True,True,False,False,True,False,True,False,False,False,False,2026-11-11,False,True,4,"thin RVOL, large gap","EMA, near21",7,https://www.tradingview.com/chart/?symbol=NASDAQ:CIFR&interval=D,False,False,False
ASO,"Academy Sports and Outdoors, Inc.",NASDAQ,Specialty Stores,49.5,51.18,47.38,47.39,47.73,49.12,51.76,52.61,49.4,48.57,50.7,49.24,4.39,4.35,2.15,2791731.2,2166904.433333333,107261769.0,102679850.0,0.47,1.64,3048155247.8346047,7.38,118,0.77,215,-6.09,299,0.69,0.85,4.47,0.44,0.68,11.8,0.354,10.56,False,False,True,False,False,True,True,True,False,True,False,True,False,False,False,False,2026-12-03,False,False,4,"thin RVOL, below 200-MA","EMA, near21, ADR",6,https://www.tradingview.com/chart/?symbol=NASDAQ:ASO&interval=D,False,False,False
STEP,StepStone Group Inc.,NASDAQ,Investment Managers,46.57,48.47,49.49,49.48,47.53,47.65,47.93,52.66,48.14,48.67,48.47,45.74,4.64,4.81,2.24,1266620.4,1070219.4333333333,49840119.0,52956598.0,0.62,1.66,5619912654.887039,-6.15,252,9.14,176,-2.16,282,0.28,-0.42,-5.9,0.9,1.22,37.1,0.128,11.01,False,False,False,False,False,True,False,False,False,True,True,True,False,False,False,False,2026-11-05,False,False,4,"thin RVOL, below 200-MA",near21,3,https://www.tradingview.com/chart/?symbol=NASDAQ:STEP&interval=D,False,False,False
COMP,"Compass, Inc.",NYSE,Real Estate Development,9.67,10.3,10.63,11.24,11.48,10.38,9.67,10.15,10.29,10.68,10.4,9.55,4.89,5.75,0.56,16139498.4,11962563.833333334,115677992.0,134451242.0,1.36,1.97,7423123847.117472,-19.48,407,-3.3,239,23.34,195,0.19,-2.75,-9.07,1.65,1.53,21.6,0.183,18.77,False,False,False,False,False,False,False,False,False,False,True,True,False,False,True,False,2026-11-11,False,False,4,"thin RVOL, below 200-MA",RVOL,2,https://www.tradingview.com/chart/?symbol=NYSE:COMP&interval=D,False,False,False
ATRO,Astronics Corporation,NASDAQ,Aerospace & Defense,69.7,69.59,72.43,76.24,74.14,72.94,68.84,65.23,69.5,71.92,70.41,68.0,4.54,5.38,3.75,825536.4999999997,741478.6999999996,51681065.0,56526752.0,0.63,0.55,3001517036.8915763,-9.08,294,-16.94,316,26.4,182,0.13,-1.11,-3.77,0.57,0.64,45.3,0.22,12.79,False,False,False,True,False,True,True,False,False,True,False,True,False,False,False,False,2026-11-11,False,False,5,thin RVOL,near21,5,https://www.tradingview.com/chart/?symbol=NASDAQ:ATRO&interval=D,False,False,False
CVNA,Carvana Co.,NYSE,Specialty Stores,65.4,67.95,71.0,71.1,69.25,69.14,68.53,72.96,67.76,69.28,69.2,65.27,4.62,4.95,3.24,7361508.1,7541729.5,493229109.0,536216967.0,0.81,1.85,71970332707.88626,-9.0,293,0.32,219,8.67,244,-0.0,-1.12,-7.88,1.13,1.21,4.0,0.205,7.66,False,False,False,False,False,True,False,False,False,True,True,True,False,True,False,False,2026-10-29,False,False,5,below 200-MA,near21,3,https://www.tradingview.com/chart/?symbol=NYSE:CVNA&interval=D,False,False,False
FPS,"Forgent Power Solutions, Inc.",NYSE,Electrical Products,38.52,34.06,32.53,33.73,35.21,42.99,39.76,,35.35,34.32,38.99,37.19,5.42,6.6,2.54,14720756.7,8244184.366666666,317565982.0,278087331.0,0.62,-0.9,11726601020.859339,14.13,73,-35.04,404,20.6,204,-0.1,1.43,18.43,1.85,0.71,52.3,0.401,27.16,False,True,True,False,False,False,True,False,False,False,False,True,False,True,False,False,2026-12-02,False,False,5,below 200-MA,EMA,5,https://www.tradingview.com/chart/?symbol=NYSE:FPS&interval=D,False,False,False
ORCL,Oracle Corporation,NYSE,Packaged Software,149.2,148.91,149.85,148.89,141.51,161.97,159.67,165.7,148.67,148.45,153.6,148.6,4.54,4.83,7.21,39349638.9,28712187.433333334,4283858365.0,4275053294.0,0.78,1.81,451141416316.94934,3.82,154,-8.17,261,3.69,259,-0.22,1.12,-0.44,0.1,0.69,8.3,0.158,16.21,False,False,True,False,True,True,True,True,False,True,False,True,False,True,False,False,2026-12-14,False,False,5,below 200-MA,"EMA, near21, ADR",7,https://www.tradingview.com/chart/?symbol=NYSE:ORCL&interval=D,False,False,False
ASND,Ascendis Pharma A/S,NASDAQ,Pharmaceuticals: Major,237.57,248.89,254.59,253.75,253.62,246.43,241.38,234.78,246.21,250.95,240.69,234.67,4.0,3.97,9.44,1011495.7,701327.1,166614279.0,177959765.0,0.54,0.63,14818867150.092974,-6.33,254,-0.95,227,6.6,250,-0.23,-1.59,-6.68,1.34,0.64,30.7,0.186,8.34,False,False,False,True,False,True,True,True,False,True,False,True,False,True,False,False,2026-11-11,False,False,6,,"near21, ADR",6,https://www.tradingview.com/chart/?symbol=NASDAQ:ASND&interval=D,False,False,False
FIG,FIGMA INC,NYSE,Packaged Software,21.8,22.83,24.73,25.15,24.62,22.69,22.91,25.22,23.09,23.95,23.19,21.07,5.87,6.88,1.5,15397195.5,15164617.433333334,330588660.0,381435622.0,1.19,3.76,11619609609.97761,-19.85,410,15.28,144,3.86,258,-0.24,-1.66,-11.84,1.31,1.41,48.7,0.402,11.6,False,False,False,False,False,True,False,False,False,True,True,True,False,True,False,False,2026-11-11,False,True,4,"below 200-MA, large gap",near21,3,https://www.tradingview.com/chart/?symbol=NYSE:FIG&interval=D,False,False,False
TMDX,"TransMedics Group, Inc.",NASDAQ,Medical Specialties,88.07,86.36,87.31,88.43,83.76,78.2,91.7,101.94,87.02,86.82,89.8,86.5,4.68,4.69,4.13,832969.6,710227.2333333333,62549712.0,62808472.0,0.92,0.99,3053839981.7599945,-3.34,221,17.02,133,-14.65,340,-0.32,1.1,0.87,0.31,0.8,38.0,0.134,26.95,False,True,True,False,True,True,True,False,False,True,False,True,False,False,False,False,2026-11-04,False,False,4,"thin RVOL, below 200-MA","EMA, near21",7,https://www.tradingview.com/chart/?symbol=NASDAQ:TMDX&interval=D,False,False,False
GLW,Corning Incorporated,NYSE,Electronic Components,159.69,154.59,152.62,154.53,153.88,172.66,164.34,147.82,153.77,153.9,160.71,155.13,4.19,5.46,8.72,9203633.1,9071229.066666666,1448584570.0,1401770980.0,0.68,-1.1,137555094834.58463,3.8,155,-17.86,318,12.14,232,-0.64,0.69,4.64,0.69,0.64,52.3,0.212,15.55,False,True,False,True,False,True,True,False,False,True,False,True,False,True,False,False,2026-11-03,False,False,6,,near21,6,https://www.tradingview.com/chart/?symbol=NYSE:GLW&interval=D,False,False,False
NG,Novagold Resources Inc.,AMEX,Precious Metals,7.77,7.45,8.03,8.07,7.28,7.42,8.3,8.71,7.55,7.7,7.84,7.33,4.88,5.85,0.45,7115141.6,5615088.433333334,43629237.0,45324994.0,0.73,0.82,3409325631.4972825,-13.86,358,12.61,161,-1.02,280,-0.76,1.15,-3.21,0.16,1.12,96.9,0.371,18.38,False,False,False,False,False,True,False,False,False,True,True,False,False,False,False,False,2026-10-06,False,False,3,"LoD>60% ATR, thin RVOL, below 200-MA",near21,2,https://www.tradingview.com/chart/?symbol=AMEX:NG&interval=D,False,False,False
IONQ,"IonQ, Inc.",NYSE,Computer Processing Hardware,40.74,38.38,39.07,40.77,39.24,47.13,43.15,43.78,39.23,39.48,40.8,39.87,5.12,6.09,2.48,18248206.0,18438938.166666668,751202341.0,751675607.0,0.83,0.0,16505325186.311035,-3.46,223,-28.96,382,29.77,175,-0.89,0.63,4.29,0.53,0.37,35.1,0.172,21.47,False,True,False,False,False,True,True,True,False,True,False,True,False,True,False,False,2026-11-11,False,False,5,below 200-MA,"near21, ADR",6,https://www.tradingview.com/chart/?symbol=NYSE:IONQ&interval=D,False,False,False
KOS,Kosmos Energy Ltd.,NYSE,Integrated Oil,2.57,2.85,2.84,2.8,2.66,2.68,2.64,2.28,2.78,2.79,2.63,2.52,5.28,5.95,0.15,13185434.7,11748471.0,30193570.0,32876138.0,1.14,-3.04,1530403223.8555133,-14.9,367,16.03,141,-5.17,298,-1.35,-0.59,-9.52,1.35,0.72,32.7,0.17,22.02,False,False,False,True,False,True,True,False,False,True,False,True,False,False,False,False,2026-11-09,False,True,4,"thin RVOL, large gap",near21,5,https://www.tradingview.com/chart/?symbol=NYSE:KOS&interval=D,False,False,False
VRDN,"Viridian Therapeutics, Inc.",NASDAQ,Pharmaceuticals: Major,22.12,22.04,22.69,22.94,21.73,19.45,20.53,23.31,22.15,22.35,22.33,21.54,4.17,3.99,0.88,1786848.3,1491751.2333333334,32997537.0,34227238.0,0.8,2.04,2506024933.883226,-10.26,311,26.4,104,-20.55,365,-1.47,0.46,-2.51,0.26,0.9,65.8,0.141,17.48,False,False,False,False,True,True,True,False,False,True,False,False,False,False,False,False,2026-11-16,False,True,2,"LoD>60% ATR, thin RVOL, below 200-MA, large gap",near21,4,https://www.tradingview.com/chart/?symbol=NASDAQ:VRDN&interval=D,False,False,False
CECO,CECO Environmental Corp.,NASDAQ,Industrial Machinery,73.71,72.51,72.4,73.53,73.55,79.44,73.66,71.44,72.05,72.64,74.65,70.8,5.18,5.68,4.18,840391.5,778984.3,57418933.0,57279495.0,0.78,0.75,4317181950.941982,-0.99,193,-24.22,353,20.58,205,-1.54,0.04,1.81,0.26,0.92,69.5,0.176,10.85,False,True,False,True,True,True,True,False,False,True,False,False,False,False,False,False,2026-11-09,False,False,4,"LoD>60% ATR, thin RVOL",near21,6,https://www.tradingview.com/chart/?symbol=NASDAQ:CECO&interval=D,False,False,False
INSM,Insmed Incorporated,NASDAQ,Pharmaceuticals: Major,120.82,123.91,123.76,125.08,118.63,113.61,125.12,136.36,122.74,123.04,122.48,119.09,4.17,4.13,4.99,2279908.6,1963737.3666666667,237258749.0,245618379.0,1.09,0.0,26384852859.95537,-3.51,224,16.85,136,-18.61,353,-1.76,0.45,-2.37,0.44,0.68,34.7,0.098,18.83,False,False,False,False,True,True,True,True,True,True,False,True,False,True,False,False,2026-10-22,False,False,5,below 200-MA,"near21, ADR, BB",7,https://www.tradingview.com/chart/?symbol=NASDAQ:INSM&interval=D,False,False,False
FRPT,"Freshpet, Inc.",NASDAQ,Food: Specialty/Candy,60.13,62.91,67.06,69.19,65.7,59.65,63.14,63.82,63.09,65.35,62.58,59.83,4.09,4.16,2.5,1173983.3,1135071.0333333334,68251821.0,78533673.0,1.04,1.24,2889731996.106241,-19.11,405,12.56,162,1.04,270,-1.84,-2.04,-10.33,1.92,1.1,12.0,0.279,12.32,False,False,False,False,False,False,False,False,False,False,True,True,False,False,False,False,2026-11-09,False,False,4,"thin RVOL, below 200-MA",,2,https://www.tradingview.com/chart/?symbol=NASDAQ:FRPT&interval=D,False,False,False
KVYO,"Klaviyo, Inc. Series A",NYSE,Packaged Software,15.87,16.24,17.71,17.86,17.8,16.76,17.44,19.75,16.46,17.14,16.24,15.2,5.95,6.42,1.02,7104549.6,6295894.5,99915846.0,112444676.0,1.08,2.28,4518624246.286346,-12.13,341,16.86,134,-11.83,326,-2.37,-1.69,-10.41,1.15,1.03,65.8,0.387,22.17,False,False,False,False,False,True,False,False,False,True,True,False,False,False,False,False,2026-11-11,False,True,2,"LoD>60% ATR, thin RVOL, below 200-MA, large gap",near21,2,https://www.tradingview.com/chart/?symbol=NYSE:KVYO&interval=D,False,False,False
RGTI,"Rigetti Computing, Inc.",NASDAQ,Computer Processing Hardware,16.52,15.56,15.61,16.33,15.98,18.06,17.46,18.77,15.82,15.87,16.57,16.06,4.64,5.72,0.95,15587571.6,16491690.733333332,272442731.0,269317556.0,0.74,-0.27,5513859777.483363,1.26,175,-20.62,337,11.85,234,-2.5,0.6,5.82,0.72,0.54,48.7,0.154,19.45,False,True,False,False,False,True,True,True,False,True,False,True,False,False,False,False,2026-11-16,False,False,4,"thin RVOL, below 200-MA","near21, ADR",6,https://www.tradingview.com/chart/?symbol=NASDAQ:RGTI&interval=D,False,False,False
UCTT,"Ultra Clean Holdings, Inc.",NASDAQ,Industrial Machinery,76.55,70.65,70.54,74.41,80.44,88.38,80.68,69.72,71.31,72.67,76.59,71.84,4.45,6.46,4.94,802926.3,896694.3666666667,68641954.0,66722878.0,1.51,-1.6,3465956571.574264,3.59,159,-32.25,397,21.1,201,-2.52,-0.75,8.52,0.83,0.96,95.3,0.211,24.37,False,False,False,True,False,True,True,False,False,True,False,False,True,True,True,False,2026-10-28,False,False,5,LoD>60% ATR,"near21, RVOL",4,https://www.tradingview.com/chart/?symbol=NASDAQ:UCTT&interval=D,False,False,False
TTMI,"TTM Technologies, Inc.",NASDAQ,Electronic Components,127.47,119.69,119.73,121.91,125.2,150.6,136.36,123.19,120.49,121.16,128.66,121.82,4.99,6.35,8.09,1887608.0,2188140.1333333333,278922223.0,266759081.0,1.58,0.0,13428820009.332365,10.58,91,-40.43,417,22.26,197,-2.53,0.29,6.47,0.82,0.84,69.8,0.179,24.25,False,True,False,True,False,True,True,False,False,True,False,False,True,True,True,False,2026-11-04,False,False,5,LoD>60% ATR,"near21, RVOL",5,https://www.tradingview.com/chart/?symbol=NASDAQ:TTMI&interval=D,False,False,False
MBLY,Mobileye Global Inc.,NASDAQ,Packaged Software,7.68,8.02,8.27,8.49,8.52,8.97,8.63,9.06,8.03,8.23,8.15,7.67,4.36,4.66,0.36,5638930.0,4182915.2,32124789.0,35503190.0,1.17,1.5,6529440472.9111395,-15.6,374,-3.52,240,11.3,236,-2.61,-2.11,-7.13,1.43,1.34,2.8,0.139,13.58,False,False,False,False,False,True,False,False,False,True,True,True,False,False,False,False,2026-10-22,False,False,4,"thin RVOL, below 200-MA",near21,3,https://www.tradingview.com/chart/?symbol=NASDAQ:MBLY&interval=D,False,False,False
HCC,"Warrior Met Coal, Inc.",NYSE,Coal,92.1,94.38,100.3,100.37,93.21,91.22,90.08,90.07,93.94,96.51,93.68,88.49,4.59,4.75,4.37,770045.1,617081.6333333333,56833218.0,61938335.0,0.83,0.31,4863072176.378432,-12.45,347,8.63,178,-4.26,294,-2.69,-0.25,-8.18,0.96,1.19,82.5,0.281,11.1,False,False,False,True,False,True,False,False,False,True,True,False,False,False,False,False,2026-11-04,False,False,4,"LoD>60% ATR, thin RVOL",near21,3,https://www.tradingview.com/chart/?symbol=NYSE:HCC&interval=D,False,False,False
ERAS,"Erasca, Inc.",NASDAQ,Pharmaceuticals: Major,15.55,15.61,16.51,17.0,17.73,15.64,15.68,13.54,15.66,16.29,15.78,15.08,6.36,6.8,1.06,5347181.9,4149151.2333333334,64519302.0,70554934.0,0.9,0.86,5438799458.766623,-10.01,307,2.98,203,-2.14,281,-3.06,-1.81,-5.83,0.67,0.65,44.0,0.307,26.94,False,False,False,True,False,True,True,True,False,True,False,True,False,False,False,False,2026-11-11,False,False,5,thin RVOL,"near21, ADR",6,https://www.tradingview.com/chart/?symbol=NASDAQ:ERAS&interval=D,False,False,False
FIGS,"FIGS, Inc.",NYSE,Apparel/Footwear,12.95,13.19,14.06,14.22,12.82,12.35,13.13,12.7,13.33,13.58,13.38,12.86,4.63,4.93,0.64,2594555.3,2395468.033333333,31021311.0,34073936.0,0.72,1.37,2151516112.7341957,-11.12,328,18.16,127,-17.09,349,-3.35,0.21,-7.91,0.94,0.82,14.1,0.275,13.26,False,False,False,True,False,True,True,False,False,True,False,True,False,False,False,False,2026-11-05,False,False,5,thin RVOL,near21,5,https://www.tradingview.com/chart/?symbol=NYSE:FIGS&interval=D,False,False,False
GLOB,Globant S.A.,NYSE,Information Technology Services,35.01,37.37,38.46,38.57,36.94,36.53,39.8,46.2,37.16,37.74,36.76,34.68,4.72,5.63,1.97,1077098.9,1522800.2,53313235.0,58737449.0,0.73,1.98,1511716191.049386,-10.32,312,19.41,121,-19.18,357,-3.37,-0.93,-8.96,1.28,1.05,16.5,0.189,27.6,False,False,False,False,False,True,False,False,False,True,True,True,False,False,False,False,2026-11-12,False,False,4,"thin RVOL, below 200-MA",near21,3,https://www.tradingview.com/chart/?symbol=NYSE:GLOB&interval=D,False,False,False
NVTS,Navitas Semiconductor Corporation,NASDAQ,Semiconductors,12.46,11.37,11.58,12.2,12.09,16.52,14.48,13.09,11.61,11.76,12.52,11.91,4.57,6.56,0.82,11357272.3,12227161.566666666,152350433.0,149126538.0,1.03,-1.56,3253224661.611842,-5.5,246,-40.91,418,36.1,160,-3.43,0.47,7.65,0.9,0.75,67.3,0.213,41.28,False,True,False,False,False,True,True,False,False,True,False,False,False,False,False,False,2026-11-09,False,False,3,"LoD>60% ATR, thin RVOL, below 200-MA",near21,4,https://www.tradingview.com/chart/?symbol=NASDAQ:NVTS&interval=D,False,False,False
MIAX,"Miami International Holdings, Inc.",NYSE,Investment Banks/Brokers,36.76,39.73,41.31,41.74,42.64,43.65,42.94,43.02,39.22,40.63,38.22,36.61,4.71,4.84,1.78,1858927.9,1478022.4,54332103.0,61697089.0,0.75,0.66,3647727751.8816066,-11.68,335,1.6,210,-0.92,279,-3.66,-2.85,-11.02,1.97,0.91,8.4,0.223,10.66,False,False,False,False,False,False,True,False,False,False,False,True,False,False,False,False,2026-11-11,False,False,4,"thin RVOL, below 200-MA",,3,https://www.tradingview.com/chart/?symbol=NYSE:MIAX&interval=D,False,False,False
VVX,"V2X, Inc.",NYSE,Miscellaneous Commercial Services,72.95,74.36,75.43,77.22,79.13,78.23,75.05,71.71,75.15,76.0,77.7,72.78,4.08,4.24,3.09,975644.1,634899.9333333333,46315950.0,49025280.0,0.72,0.54,2286643758.794487,-6.93,267,-10.22,278,6.08,252,-3.69,-1.84,-3.28,0.95,1.59,5.5,0.107,10.18,False,False,False,True,False,True,False,False,False,True,True,True,False,False,False,False,2026-11-09,False,False,5,thin RVOL,near21,4,https://www.tradingview.com/chart/?symbol=NYSE:VVX&interval=D,False,False,False
HLNE,Hamilton Lane Incorporated,NASDAQ,Investment Managers,87.6,92.18,98.47,100.35,96.11,89.92,93.72,104.87,91.99,95.46,90.25,83.29,4.35,4.49,3.93,656061.3,585285.9666666667,51271051.0,58731496.0,1.6,1.8,4834259837.210776,-17.01,388,14.79,146,-11.65,324,-4.62,-1.97,-11.04,1.83,1.77,109.6,0.288,17.07,False,False,False,False,False,False,False,False,False,False,True,False,True,True,True,False,2026-11-10,False,False,4,"LoD>60% ATR, below 200-MA",RVOL,1,https://www.tradingview.com/chart/?symbol=NASDAQ:HLNE&interval=D,False,False,False
BRUN,Boost Run Inc.,NASDAQ,Packaged Software,17.09,16.2,17.04,18.19,19.44,24.3,20.13,18.09,16.64,17.32,17.99,16.91,7.75,10.07,1.72,2538467.7,2550870.1,43594370.0,46394800.0,0.7,0.58,1432913454.7431562,-19.42,406,-50.19,433,55.31,125,-4.77,-1.2,0.32,0.13,0.63,10.5,0.345,47.39,False,False,False,False,True,True,True,False,False,True,False,True,False,False,False,False,2026-12-02,False,False,4,"thin RVOL, below 200-MA",near21,5,https://www.tradingview.com/chart/?symbol=NASDAQ:BRUN&interval=D,False,False,False
VG,"Venture Global, Inc.",NYSE,Oil & Gas Pipelines,12.91,14.68,14.6,14.37,14.01,13.19,13.09,11.79,14.24,14.36,13.57,12.87,4.84,5.25,0.68,16920443.6,14673251.3,189431674.0,210830166.0,1.18,-1.98,32276198478.963398,-10.1,308,18.22,126,-24.19,380,-5.36,-1.49,-11.56,1.92,1.03,5.9,0.18,22.37,False,False,False,True,False,False,False,False,False,False,True,True,False,True,False,False,2026-11-16,False,False,6,,,3,https://www.tradingview.com/chart/?symbol=NYSE:VG&interval=D,False,False,False
VAL,Valaris Limited,NYSE,Contract Drilling,82.72,83.87,85.44,85.81,82.57,86.0,88.94,81.34,83.93,84.49,83.38,80.42,4.74,4.36,3.6,1504375.9,1222984.6333333333,101165289.0,104948796.0,1.15,-1.63,5743729959.560825,-8.07,282,8.4,182,-16.97,348,-5.55,0.04,-3.18,0.48,0.82,63.8,0.126,9.19,False,False,False,True,False,True,True,False,False,True,False,False,False,False,False,False,2026-11-03,False,False,4,"LoD>60% ATR, thin RVOL",near21,4,https://www.tradingview.com/chart/?symbol=NYSE:VAL&interval=D,False,False,False
AVAV,"AeroVironment, Inc.",NASDAQ,Aerospace & Defense,156.15,154.18,150.74,159.44,158.03,164.37,179.91,205.84,155.91,155.54,164.1,153.53,5.84,5.96,9.31,3209940.9,1920053.6333333333,299816375.0,306130471.0,0.42,1.99,7935652253.564636,-3.32,220,5.64,191,-19.94,360,-5.87,-0.2,3.59,0.07,1.14,28.1,0.163,35.28,False,False,True,False,False,True,False,False,False,True,True,True,False,False,False,False,2026-12-08,False,False,4,"thin RVOL, below 200-MA","EMA, near21",4,https://www.tradingview.com/chart/?symbol=NASDAQ:AVAV&interval=D,False,False,False
AXON,"Axon Enterprise, Inc.",NASDAQ,Aerospace & Defense,459.32,466.15,512.26,547.31,544.48,500.55,485.43,502.16,471.85,502.02,462.0,444.7,4.47,5.83,26.8,1211088.0,932705.5,428410290.0,510478114.0,0.56,1.94,37313967648.29908,-26.37,432,6.26,187,2.48,264,-5.88,-2.68,-10.34,1.46,0.65,54.5,0.444,17.05,False,False,False,False,False,True,True,False,False,True,False,True,False,True,False,False,2026-11-10,False,False,5,below 200-MA,near21,4,https://www.tradingview.com/chart/?symbol=NASDAQ:AXON&interval=D,False,False,False
BTU,Peabody Energy Corporation,NYSE,Coal,26.79,27.23,27.98,27.28,25.53,25.37,27.67,28.99,26.91,27.09,27.08,24.65,4.94,5.02,1.34,3121164.1,2468992.5,66144309.0,67364814.0,1.1,-0.28,3265701001.0686073,-1.87,201,12.8,160,-29.31,395,-6.13,0.98,-4.25,0.22,1.8,158.9,0.194,13.51,False,False,False,False,False,True,False,False,False,True,True,False,False,False,False,False,2026-10-29,False,False,3,"LoD>60% ATR, thin RVOL, below 200-MA",near21,2,https://www.tradingview.com/chart/?symbol=NYSE:BTU&interval=D,False,False,False
BG,Bunge Limited,NYSE,Agricultural Commodities/Milling,110.0,118.81,118.15,116.53,115.51,117.92,119.65,115.52,116.61,117.1,113.56,109.97,4.05,4.09,4.5,2261862.3,1696869.1666666667,186655608.0,197732770.0,0.87,-0.18,21133103905.0706,-6.66,263,0.36,217,-12.78,330,-6.36,-1.17,-6.9,1.48,0.8,0.7,0.152,3.76,False,False,False,False,False,True,True,False,False,True,False,True,False,True,False,True,2026-10-22,False,False,5,below 200-MA,near21,5,https://www.tradingview.com/chart/?symbol=NYSE:BG&interval=D,False,False,False
LUMN,"Lumen Technologies, Inc.",NYSE,Major Telecommunications,6.38,6.68,6.54,6.43,6.41,7.56,7.5,7.66,6.56,6.54,6.54,6.36,5.74,5.54,0.35,14518293.0,12683754.166666666,80922352.0,81590363.0,0.64,0.31,6580621911.743033,5.45,136,-17.89,319,-7.13,300,-6.52,-0.1,-2.39,0.45,0.51,5.7,0.199,19.58,False,False,False,False,True,True,True,True,False,True,False,True,False,False,False,False,2026-11-04,False,False,4,"thin RVOL, below 200-MA","near21, ADR",6,https://www.tradingview.com/chart/?symbol=NYSE:LUMN&interval=D,False,False,False
ON,ON Semiconductor Corporation,NASDAQ,Semiconductors,73.6,71.23,72.18,74.42,78.73,94.59,86.14,79.58,71.55,73.08,73.83,71.18,4.56,5.0,3.68,13085499.9,9315737.7,685638295.0,693261673.0,0.89,0.04,28653342088.745113,-2.22,205,-37.17,410,19.09,214,-6.76,-1.3,1.96,0.14,0.72,65.8,0.121,31.74,False,False,False,False,True,True,True,False,False,True,False,False,False,True,False,False,2026-11-02,False,False,4,"LoD>60% ATR, below 200-MA",near21,4,https://www.tradingview.com/chart/?symbol=NASDAQ:ON&interval=D,False,False,False
CRWV,"CoreWeave, Inc.",NASDAQ,Packaged Software,86.76,85.37,86.11,89.52,85.07,95.29,94.14,92.16,85.05,86.23,89.23,84.6,5.52,6.62,5.75,34080691.4,30533156.266666666,2649056638.0,2733460459.0,0.72,0.33,47851314336.45089,-4.02,232,-16.23,312,-0.1,277,-6.79,0.3,0.75,0.09,0.81,37.6,0.223,11.78,False,True,False,False,True,True,True,False,False,True,False,True,False,True,False,False,2026-11-16,False,False,5,below 200-MA,near21,6,https://www.tradingview.com/chart/?symbol=NASDAQ:CRWV&interval=D,False,False,False
FSLR,"First Solar, Inc.",NASDAQ,Semiconductors,200.78,201.75,203.7,209.6,213.13,231.06,220.69,227.51,201.39,205.33,202.46,198.53,4.63,4.74,9.52,2292926.6,2018039.0666666667,405181884.0,422974934.0,0.86,0.53,21577783558.49079,-6.61,261,-19.6,331,5.35,254,-6.95,-1.22,-1.44,0.47,0.41,23.6,0.097,14.6,False,False,False,False,True,True,True,True,True,True,False,True,False,True,False,False,2026-10-29,False,False,5,below 200-MA,"near21, ADR, BB",7,https://www.tradingview.com/chart/?symbol=NASDAQ:FSLR&interval=D,False,False,False
SOUN,"SoundHound AI, Inc.",NASDAQ,Packaged Software,6.12,6.18,6.55,6.77,6.66,7.18,7.29,8.04,6.22,6.44,6.22,6.09,4.03,4.99,0.31,20493097.8,23277130.633333333,142456039.0,157679283.0,0.67,0.32,2753249648.3241496,-12.89,350,-4.38,246,-3.62,291,-6.96,-1.62,-6.58,1.01,0.43,9.8,0.257,30.44,False,False,False,False,False,True,True,True,False,True,False,True,False,False,False,False,2026-11-05,False,False,4,"thin RVOL, below 200-MA","near21, ADR",5,https://www.tradingview.com/chart/?symbol=NASDAQ:SOUN&interval=D,False,False,False
RIG,Transocean Ltd (Switzerland),NYSE,Contract Drilling,5.49,5.63,5.74,5.77,5.55,5.78,5.98,5.64,5.63,5.67,5.53,5.35,4.87,4.53,0.25,48141400.8,43328980.7,237876104.0,249878232.0,1.32,-1.65,6131671682.515597,-9.26,296,5.58,192,-18.67,354,-7.45,-0.22,-4.35,0.71,0.72,56.3,0.132,7.98,False,False,False,False,False,True,True,True,False,True,False,True,False,False,True,False,2026-11-04,False,False,4,"thin RVOL, below 200-MA","near21, ADR, RVOL",5,https://www.tradingview.com/chart/?symbol=NYSE:RIG&interval=D,False,False,False
MIRM,"Mirum Pharmaceuticals, Inc.",NASDAQ,Pharmaceuticals: Major,91.39,95.92,97.51,98.0,103.09,104.69,101.18,97.44,95.16,97.27,92.82,90.55,4.33,4.4,4.02,817418.0,606790.5,55454584.0,59463851.0,0.96,0.53,5934154232.830652,-6.41,255,-18.04,322,1.9,265,-7.52,-2.58,-6.28,1.37,0.56,20.9,0.118,9.6,False,False,False,False,False,True,True,True,False,True,False,True,False,False,False,False,2026-11-17,False,False,4,"thin RVOL, below 200-MA","near21, ADR",5,https://www.tradingview.com/chart/?symbol=NASDAQ:MIRM&interval=D,False,False,False
PRAX,"Praxis Precision Medicines, Inc.",NASDAQ,Pharmaceuticals: Major,300.65,317.98,337.92,349.72,337.87,325.64,323.34,315.46,316.07,329.91,312.46,298.4,4.8,5.36,16.12,440419.2,370033.966666667,111250712.0,129410006.0,1.4,0.44,8394144444.95232,-18.82,403,-1.08,228,-3.61,290,-7.84,-2.05,-11.03,1.65,0.87,14.0,0.286,7.47,False,False,False,False,False,False,True,False,False,False,False,True,False,False,True,False,2026-11-11,False,False,4,"thin RVOL, below 200-MA",RVOL,3,https://www.tradingview.com/chart/?symbol=NASDAQ:PRAX&interval=D,False,False,False
CORZ,"Core Scientific, Inc.",NASDAQ,Packaged Software,18.79,17.56,17.44,18.02,19.5,22.39,20.73,19.79,17.77,17.95,18.95,18.11,5.16,6.04,1.13,11337633.8,11280435.8,211959389.0,203273453.0,0.86,0.0,6037986759.731482,0.05,187,-35.47,405,11.85,235,-7.86,-0.61,7.73,0.78,0.74,59.9,0.186,26.35,False,False,False,False,False,True,True,False,False,True,False,True,False,False,False,False,2026-11-11,False,False,4,"thin RVOL, below 200-MA",near21,4,https://www.tradingview.com/chart/?symbol=NASDAQ:CORZ&interval=D,False,False,False
MP,MP Materials Corp.,NYSE,Other Metals/Minerals,51.04,50.26,53.21,54.41,50.9,55.63,56.27,57.19,50.62,51.87,51.34,48.67,4.56,5.5,2.81,5290024.2,5598322.333333333,285738372.0,304600986.0,1.06,1.36,9090305307.740799,-9.97,304,-10.91,285,-2.78,286,-7.89,0.05,-4.07,0.29,0.95,84.3,0.27,13.56,False,False,False,False,False,True,True,False,False,True,False,False,False,False,False,False,2026-10-29,False,False,3,"LoD>60% ATR, thin RVOL, below 200-MA",near21,3,https://www.tradingview.com/chart/?symbol=NYSE:MP&interval=D,False,False,False
USAR,"USA Rare Earth, Inc.",NASDAQ,Metal Fabrication,16.99,15.96,17.06,17.59,16.97,20.26,19.74,19.4,16.33,16.77,17.1,16.24,4.89,6.43,1.09,13543861.4,13162336.266666668,223628093.0,231472846.0,0.88,0.69,6372551161.6334915,-3.58,225,-24.42,355,4.23,257,-7.92,0.02,-0.38,0.2,0.79,68.7,0.304,25.31,False,False,False,False,True,True,True,False,False,True,False,False,False,False,False,False,2026-11-05,False,False,3,"LoD>60% ATR, thin RVOL, below 200-MA",near21,4,https://www.tradingview.com/chart/?symbol=NASDAQ:USAR&interval=D,False,False,False
CE,Celanese Corporation,NYSE,Chemicals: Specialty,47.44,45.92,45.45,45.4,45.35,49.42,52.71,51.09,45.94,45.68,48.77,44.4,4.13,4.16,1.97,2178896.3,1639589.5333333334,77782127.0,74436272.0,1.23,0.05,5206489453.631364,0.94,179,-1.25,230,-23.69,379,-8.0,1.11,4.39,0.93,2.22,154.2,0.09,15.51,False,True,True,False,False,True,False,False,True,True,True,False,False,False,True,False,2026-11-09,False,False,3,"LoD>60% ATR, thin RVOL, below 200-MA","EMA, near21, BB, RVOL",5,https://www.tradingview.com/chart/?symbol=NYSE:CE&interval=D,False,False,False
DKNG,DraftKings Inc.,NASDAQ,Movies/Entertainment,21.8,23.39,23.9,24.41,24.18,24.9,24.4,26.31,23.04,23.67,23.42,21.73,4.75,5.29,1.15,12789169.3,10344997.5,225520946.0,252490354.0,2.03,1.37,10822698410.559856,-15.01,368,-12.73,294,3.32,261,-8.14,-1.86,-8.78,1.49,1.47,6.1,0.184,13.39,False,False,False,False,False,True,False,False,False,True,True,True,True,True,True,False,2026-10-30,False,False,5,below 200-MA,"near21, RVOL",3,https://www.tradingview.com/chart/?symbol=NASDAQ:DKNG&interval=D,False,False,False
WFRD,Weatherford International plc,NASDAQ,Oilfield Services/Equipment,84.0,85.43,89.61,90.47,88.41,93.39,94.92,93.03,85.36,87.73,85.64,81.64,4.23,4.27,3.59,1102659.0,969796.6,81462914.0,87737983.0,0.95,-0.44,6105824754.89051,-8.08,283,-3.89,244,-12.64,329,-8.2,-1.17,-6.26,0.99,1.11,65.7,0.244,11.3,False,False,False,False,False,True,False,False,False,True,True,False,False,False,False,False,2026-10-27,False,False,3,"LoD>60% ATR, thin RVOL, below 200-MA",near21,2,https://www.tradingview.com/chart/?symbol=NASDAQ:WFRD&interval=D,False,False,False
QBTS,D-Wave Quantum Inc.,NASDAQ,Computer Processing Hardware,17.56,17.01,17.16,18.13,18.26,20.92,19.79,21.22,17.22,17.51,17.77,17.23,4.42,6.02,1.06,14702166.5,15119879.266666668,265505080.0,274088131.0,0.84,0.0,6666243857.925424,-8.11,284,-28.11,373,11.28,237,-8.31,-0.63,2.33,0.04,0.51,31.2,0.162,23.95,False,False,False,False,True,True,True,True,False,True,False,True,False,False,False,False,2026-11-05,False,False,4,"thin RVOL, below 200-MA","near21, ADR",6,https://www.tradingview.com/chart/?symbol=NASDAQ:QBTS&interval=D,False,False,False
RKLB,Rocket Lab Corporation,NASDAQ,Aerospace & Defense,71.98,65.2,65.03,69.1,69.58,88.33,82.98,80.75,66.76,67.13,72.5,70.1,4.47,5.43,3.91,21575978.0,18284553.133333333,1316122135.0,1263438242.0,1.01,2.51,43077134431.73358,-2.93,213,-23.3,349,1.1,269,-8.38,0.64,10.69,1.33,0.61,48.1,0.159,32.38,False,True,False,False,False,True,True,True,False,True,False,True,False,True,False,False,2026-11-16,False,True,4,"below 200-MA, large gap","near21, ADR",6,https://www.tradingview.com/chart/?symbol=NASDAQ:RKLB&interval=D,False,False,False
VSEC,VSE Corporation,NASDAQ,Engineering & Construction,183.42,184.95,197.38,208.71,206.63,200.14,200.5,198.45,185.73,194.78,184.47,178.74,4.53,5.14,9.42,447752.3,370325.4666666667,67925097.0,77289764.0,1.24,2.05,5147677132.594093,-15.74,377,-14.69,308,4.94,255,-8.49,-2.19,-7.07,1.14,0.61,49.7,0.308,11.82,False,False,False,False,False,True,True,True,False,True,False,True,False,False,True,False,2026-10-28,False,True,3,"thin RVOL, below 200-MA, large gap","near21, ADR, RVOL",5,https://www.tradingview.com/chart/?symbol=NASDAQ:VSEC&interval=D,False,False,False
XRAY,DENTSPLY SIRONA Inc.,NASDAQ,Medical Specialties,9.95,10.03,10.57,10.78,11.81,11.24,11.56,11.7,10.03,10.5,10.02,9.65,4.28,4.69,0.47,5312213.4,4233362.566666666,42121958.0,45653287.0,1.0,2.28,1983571036.2235167,-8.25,285,-3.86,243,-13.4,333,-8.51,-3.36,-5.87,1.12,0.79,64.4,0.243,17.86,False,False,False,False,False,True,True,False,False,True,False,False,False,False,False,False,2026-10-29,False,True,2,"LoD>60% ATR, thin RVOL, below 200-MA, large gap",near21,3,https://www.tradingview.com/chart/?symbol=NASDAQ:XRAY&interval=D,False,False,False
WRBY,Warby Parker Inc.,NYSE,Specialty Stores,22.94,24.0,24.35,25.0,25.58,25.92,25.06,25.14,23.77,24.41,23.95,22.67,5.55,6.12,1.4,3154786.2,2526339.7333333334,57954233.0,63147546.0,1.18,1.08,2835568612.2400002,-17.51,398,-8.71,268,-0.04,276,-8.76,-1.69,-5.77,0.98,0.91,19.2,0.148,8.34,False,False,False,False,False,True,True,False,False,True,False,True,False,False,False,False,2026-11-05,False,False,4,"thin RVOL, below 200-MA",near21,4,https://www.tradingview.com/chart/?symbol=NYSE:WRBY&interval=D,False,False,False
PINS,"Pinterest, Inc.",NYSE,Internet Software/Services,18.39,18.79,20.32,21.34,22.2,21.5,20.56,21.55,19.13,20.12,19.77,18.25,4.52,4.77,0.88,18956891.0,12957915.766666668,238296071.0,276491687.0,1.25,1.6,10414496712.130167,-20.87,416,-6.03,252,0.52,272,-8.79,-3.6,-9.52,1.8,1.73,15.9,0.353,18.57,False,False,False,False,False,False,False,False,False,False,True,True,False,True,True,False,2026-11-04,False,False,5,below 200-MA,RVOL,2,https://www.tradingview.com/chart/?symbol=NYSE:PINS&interval=D,False,False,False
DPC,DPC Holdings PLC,NYSE,Electrical Products,40.65,40.78,41.93,44.24,45.85,,,,41.06,42.39,41.84,40.47,6.91,7.19,2.92,1090316.2,1092162.7,44396414.0,48320554.0,0.46,0.58,6072826333.481058,-11.26,329,-7.61,259,-7.61,305,-8.83,-1.58,-3.06,0.57,0.47,6.2,0.177,12.46,False,False,False,False,False,True,True,True,False,True,False,True,False,False,False,False,2026-12-02,False,False,4,"thin RVOL, below 200-MA","near21, ADR",5,https://www.tradingview.com/chart/?symbol=NYSE:DPC&interval=D,False,False,False
RKT,"Rocket Companies, Inc.",NYSE,Finance/Rental/Leasing,12.74,12.93,13.38,13.7,13.72,13.92,14.45,15.85,12.9,13.26,12.84,12.54,4.24,4.87,0.62,37313755.9,28422468.766666666,362102252.0,389397296.0,1.42,3.16,36075122568.03884,-10.53,318,-8.35,263,-7.68,306,-8.85,-1.47,-4.8,0.81,0.48,31.5,0.178,22.89,False,False,False,False,False,True,True,True,False,True,False,True,False,True,True,False,2026-10-29,False,True,4,"below 200-MA, large gap","near21, ADR, RVOL",5,https://www.tradingview.com/chart/?symbol=NYSE:RKT&interval=D,False,False,False
CPRI,Capri Holdings Limited,NYSE,Apparel/Footwear Retail,15.19,14.16,13.69,14.02,14.81,16.81,17.64,19.28,14.35,14.19,16.2,14.8,4.95,5.06,0.77,8042644.4,5545448.7,84235366.0,77728706.0,1.49,4.4,1726368142.6170506,9.68,100,-20.6,336,-15.98,344,-8.97,0.5,10.94,1.38,1.82,50.7,0.221,36.76,False,True,True,False,False,True,False,False,False,True,True,True,False,False,True,False,2026-11-05,False,True,3,"thin RVOL, below 200-MA, large gap","EMA, near21, RVOL",5,https://www.tradingview.com/chart/?symbol=NYSE:CPRI&interval=D,False,False,False
ALNY,"Alnylam Pharmaceuticals, Inc.",NASDAQ,Pharmaceuticals: Major,251.65,246.29,248.03,241.96,246.12,271.13,287.75,309.96,246.5,246.23,255.51,244.13,4.16,4.19,10.54,1430394.7,1631672.5,410610385.0,394797846.0,0.75,1.04,33673068022.23273,9.95,94,-13.51,300,-23.49,378,-9.02,0.54,1.46,0.53,1.08,71.3,0.159,25.37,False,True,True,False,True,True,False,False,False,True,True,False,False,True,False,False,2026-10-29,False,False,4,"LoD>60% ATR, below 200-MA","EMA, near21",5,https://www.tradingview.com/chart/?symbol=NASDAQ:ALNY&interval=D,False,False,False
STRL,"Sterling Infrastructure, Inc.",NASDAQ,Engineering & Construction,516.57,495.92,487.62,506.36,548.13,674.23,594.18,531.83,500.15,504.08,521.9,503.0,4.03,5.65,29.17,608773.1,566386.5333333333,292578292.0,286795485.0,0.66,-0.3,15801111268.737772,-2.26,206,-42.22,423,17.27,220,-9.07,-1.02,5.94,0.44,0.65,46.5,0.168,36.12,False,False,False,False,False,True,True,False,False,True,False,True,False,True,False,False,2026-11-09,False,False,5,below 200-MA,near21,4,https://www.tradingview.com/chart/?symbol=NASDAQ:STRL&interval=D,False,False,False
MRCY,Mercury Systems Inc,NASDAQ,Aerospace & Defense,83.88,83.81,84.89,91.15,95.4,100.0,93.9,91.48,84.89,87.27,86.75,82.5,4.29,5.02,4.21,750472.0,816448.1666666666,68483672.0,74415712.0,0.9,1.28,5105237720.112083,-11.92,337,-24.34,354,8.88,243,-9.13,-2.4,-1.19,0.77,1.01,32.7,0.143,19.3,False,False,False,False,True,True,False,False,False,True,True,True,False,False,False,False,2026-11-10,False,False,4,"thin RVOL, below 200-MA",near21,4,https://www.tradingview.com/chart/?symbol=NASDAQ:MRCY&interval=D,False,False,False
PRMB,Primo Brands Corporation,NYSE,Beverages: Non-Alcoholic,19.64,20.7,21.62,22.34,22.87,23.19,22.12,21.01,20.8,21.5,20.91,19.42,4.31,4.1,0.81,4295635.4,4340275.4,85243009.0,96944391.0,1.25,1.27,7108574611.316406,-15.31,371,-19.74,333,7.03,249,-9.34,-3.44,-9.15,2.11,1.85,27.3,0.191,12.68,False,False,False,False,False,False,False,False,False,False,True,True,False,False,True,False,2026-11-05,False,False,4,"thin RVOL, below 200-MA",RVOL,2,https://www.tradingview.com/chart/?symbol=NYSE:PRMB&interval=D,False,False,False
GT,The Goodyear Tire & Rubber Company,NASDAQ,Automotive Aftermarket,5.49,5.31,5.74,5.83,6.3,6.28,6.6,7.24,5.37,5.64,5.55,5.15,4.61,4.96,0.27,12073283.3,9387405.9,51536858.0,54741093.0,1.2,2.59,1580564091.5677295,-6.47,259,-8.35,264,-13.54,334,-9.45,-2.6,-4.31,0.53,1.47,125.0,0.324,35.18,False,False,False,False,False,True,False,False,False,True,True,False,False,False,False,False,2026-11-09,False,True,2,"LoD>60% ATR, thin RVOL, below 200-MA, large gap",near21,2,https://www.tradingview.com/chart/?symbol=NASDAQ:GT&interval=D,False,False,False
EQPT,EquipmentShare.com Inc,NASDAQ,Internet Software/Services,18.58,18.07,18.13,18.7,18.69,19.81,21.3,,18.2,18.35,18.71,17.97,5.27,5.71,1.06,3597415.0,2788270.8,51806071.0,52149029.0,1.07,0.0,4715734490.499724,1.2,176,-19.71,332,-10.02,316,-9.51,-0.1,2.48,0.22,0.7,57.5,0.135,17.35,False,False,False,False,True,True,True,False,False,True,False,True,False,False,False,False,2026-12-02,False,False,4,"thin RVOL, below 200-MA",near21,5,https://www.tradingview.com/chart/?symbol=NASDAQ:EQPT&interval=D,False,False,False
RH,RH,NYSE,Specialty Stores,130.64,130.42,138.33,148.7,161.46,153.62,150.14,161.43,131.68,139.68,134.66,130.2,5.22,5.78,7.55,1084861.7,776401.1666666666,101429048.0,115450853.0,0.76,2.99,2473427815.9641504,-15.92,379,-10.82,284,-2.42,284,-9.72,-3.3,-5.56,1.12,0.59,5.8,0.253,23.76,False,False,False,False,False,True,True,True,False,True,False,True,False,False,False,False,2026-12-03,False,True,3,"thin RVOL, below 200-MA, large gap","near21, ADR",5,https://www.tradingview.com/chart/?symbol=NYSE:RH&interval=D,False,False,False
TNDM,"Tandem Diabetes Care, Inc.",NASDAQ,Medical Specialties,17.5,17.44,19.21,20.45,19.6,17.92,19.21,19.64,17.81,18.77,18.03,16.97,5.96,6.29,1.1,2268805.6,1734593.3,30355383.0,35472144.0,1.24,1.48,1217627393.019296,-24.73,429,21.36,117,-26.5,389,-9.96,-1.71,-8.9,1.07,0.96,48.1,0.399,12.58,False,False,False,False,False,True,True,False,False,True,False,True,False,False,True,False,2026-11-04,False,False,4,"thin RVOL, below 200-MA","near21, RVOL",4,https://www.tradingview.com/chart/?symbol=NASDAQ:TNDM&interval=D,False,False,False
FLY,Firefly Aerospace Inc.,NASDAQ,Aerospace & Defense,23.34,21.48,21.56,22.91,22.24,28.9,28.74,27.74,21.87,22.06,23.41,22.15,5.74,6.59,1.54,3161054.1,2858092.566666667,66722171.0,65488428.0,0.84,0.15,3908061633.7713037,-3.29,218,-13.51,299,-13.22,331,-10.0,0.76,8.26,0.89,0.82,77.7,0.152,31.77,False,True,False,False,False,True,True,False,False,True,False,False,False,False,False,False,2026-11-18,False,False,3,"LoD>60% ATR, thin RVOL, below 200-MA",near21,4,https://www.tradingview.com/chart/?symbol=NASDAQ:FLY&interval=D,False,False,False
STNE,StoneCo Ltd.,NASDAQ,Miscellaneous Commercial Services,9.86,9.84,9.87,9.77,10.3,10.57,11.88,12.78,9.8,9.88,9.88,9.57,4.1,3.93,0.39,4817544.4,6239765.966666667,61524092.0,60942754.0,1.22,1.03,2398230327.1864057,6.83,125,-8.39,265,-29.67,397,-10.41,-1.09,-0.07,0.06,0.8,74.7,0.1,29.85,False,False,False,False,True,True,True,False,False,True,False,False,False,False,True,False,2026-11-17,False,False,3,"LoD>60% ATR, thin RVOL, below 200-MA","near21, RVOL",4,https://www.tradingview.com/chart/?symbol=NASDAQ:STNE&interval=D,False,False,False
BL,"BlackLine, Inc.",NASDAQ,Packaged Software,27.85,28.72,30.53,30.52,30.41,29.6,31.36,36.66,28.96,29.77,29.25,27.24,4.44,5.18,1.44,913012.7,999853.1,27845909.0,30518183.0,0.81,2.38,1618788775.4462724,-12.53,349,5.21,193,-24.3,381,-10.54,-1.63,-8.77,1.24,1.4,42.6,0.263,28.51,False,False,False,False,False,True,False,False,False,True,True,True,False,False,False,False,2026-10-29,False,True,3,"thin RVOL, below 200-MA, large gap",near21,3,https://www.tradingview.com/chart/?symbol=NASDAQ:BL&interval=D,False,False,False
WULF,TeraWulf Inc.,NASDAQ,Data Processing Services,17.33,16.36,16.15,16.23,17.02,20.72,19.45,18.04,16.55,16.47,17.93,17.21,5.67,6.8,1.18,29057906.1,29707412.4,514829457.0,482121596.0,0.75,-0.8,8647127757.707163,3.15,162,-39.71,413,4.9,256,-10.55,0.27,7.32,0.77,0.61,10.2,0.235,26.38,False,True,True,False,False,True,True,True,False,True,False,True,False,False,False,False,2026-11-16,False,False,4,"thin RVOL, below 200-MA","EMA, near21, ADR",7,https://www.tradingview.com/chart/?symbol=NASDAQ:WULF&interval=D,False,False,False
PLUG,"Plug Power, Inc.",NASDAQ,Electronic Production Equipment,2.11,2.09,2.14,2.17,2.15,2.64,2.57,2.48,2.1,2.13,2.13,2.07,4.5,5.4,0.11,45083041.4,56090472.6,118350897.0,121828506.0,0.58,0.48,2948081730.660287,-4.52,238,-22.14,343,-5.08,297,-10.58,-0.37,-1.17,0.17,0.53,35.1,0.13,26.18,False,False,False,False,True,True,True,True,False,True,False,True,False,False,False,False,2026-11-10,False,False,4,"thin RVOL, below 200-MA","near21, ADR",6,https://www.tradingview.com/chart/?symbol=NASDAQ:PLUG&interval=D,False,False,False
VIAV,Viavi Solutions Inc.,NASDAQ,Information Technology Services,36.4,36.01,36.22,37.77,38.15,43.77,41.03,35.87,35.86,36.56,36.46,34.82,4.97,6.18,2.25,5458940.299999999,4510030.366666659,164165105.0,170361887.0,0.82,-0.83,8981694079.469612,-6.45,257,-26.3,365,0.38,273,-10.79,-0.74,0.5,0.07,0.73,70.2,0.204,21.7,False,False,False,True,True,True,True,False,False,True,False,False,False,False,False,False,2026-10-29,False,False,4,"LoD>60% ATR, thin RVOL",near21,5,https://www.tradingview.com/chart/?symbol=NASDAQ:VIAV&interval=D,False,False,False
GRAB,Grab Holdings Limited,NASDAQ,Air Freight/Couriers,3.17,2.96,3.23,3.35,3.43,3.52,3.64,3.92,3.02,3.17,3.21,3.04,4.12,4.45,0.14,92219861.9,52821112.8,167442928.0,176730640.0,2.4,4.64,12929600126.68041,-10.45,315,-8.25,262,-13.74,336,-10.81,-1.71,-1.9,0.0,1.21,92.2,0.365,30.32,False,False,False,False,True,True,False,False,False,True,True,False,True,True,True,False,2026-11-17,False,True,3,"LoD>60% ATR, below 200-MA, large gap","near21, RVOL",3,https://www.tradingview.com/chart/?symbol=NASDAQ:GRAB&interval=D,False,False,False
NXST,"Nexstar Media Group, Inc.",NASDAQ,Broadcasting,167.53,165.95,172.92,177.36,181.49,182.15,193.84,198.11,166.96,171.78,171.53,164.16,4.27,4.21,7.05,482408.0,373841.5,62629666.0,66303656.0,0.63,1.07,5161314312.463436,-10.56,319,0.82,214,-23.15,375,-10.96,-1.83,-3.12,0.59,1.05,47.8,0.195,19.19,False,False,False,False,False,True,False,False,False,True,True,True,False,False,False,False,2026-11-05,False,False,4,"thin RVOL, below 200-MA",near21,3,https://www.tradingview.com/chart/?symbol=NASDAQ:NXST&interval=D,False,False,False
DNN,Denison Mines Corp,AMEX,Other Metals/Minerals,2.93,2.97,3.21,3.23,3.13,3.23,3.42,3.39,2.98,3.09,2.96,2.84,4.63,5.5,0.16,21964887.8,25112692.0,73580188.0,81172591.0,0.83,1.04,2652283359.454545,-9.29,297,-8.15,260,-15.8,343,-11.08,-1.15,-8.64,0.96,0.81,58.9,0.359,15.14,False,False,False,False,False,True,True,False,False,True,False,True,False,False,False,False,2026-11-03,False,False,4,"thin RVOL, below 200-MA",near21,4,https://www.tradingview.com/chart/?symbol=AMEX:DNN&interval=D,False,False,False
ALGM,"Allegro MicroSystems, Inc.",NASDAQ,Semiconductors,35.51,34.58,35.46,37.16,40.47,45.91,42.49,39.94,34.85,36.07,36.38,35.13,4.05,5.4,1.92,2363909.6,2132380.433333333,75720829.0,79237125.0,2.12,-0.2,6619136931.53831,-5.62,247,-36.28,406,8.1,247,-11.27,-2.27,0.13,0.29,0.65,19.8,0.15,31.92,False,False,False,False,True,True,True,False,False,True,False,True,True,True,True,False,2026-10-29,False,False,5,below 200-MA,"near21, RVOL",5,https://www.tradingview.com/chart/?symbol=NASDAQ:ALGM&interval=D,False,False,False
FLUT,Flutter Entertainment plc,NYSE,Casinos/Gaming,88.62,95.42,97.67,98.12,100.03,101.17,103.85,126.01,93.77,96.46,91.51,86.53,4.47,4.91,4.35,3044038.4,2696087.3333333335,238927259.0,264529305.0,0.93,1.5,15379035883.716558,-11.02,326,-9.54,274,-13.3,332,-11.29,-2.32,-9.27,1.66,1.15,48.1,0.188,34.51,False,False,False,False,False,False,False,False,False,False,True,True,False,True,False,False,2026-11-18,False,False,5,below 200-MA,,2,https://www.tradingview.com/chart/?symbol=NYSE:FLUT&interval=D,False,False,False
CHWY,"Chewy, Inc.",NYSE,Internet Retail,19.66,20.74,22.19,22.5,22.39,21.64,23.07,25.12,20.97,21.71,20.94,19.62,5.24,5.17,1.02,11884525.7,8484429.5,166803884.0,190891179.0,0.97,1.9,7901889811.205265,-17.6,399,9.4,174,-26.34,388,-11.51,-2.36,-11.38,1.82,1.3,3.9,0.276,22.27,False,False,False,False,False,False,False,False,False,False,True,True,False,False,False,False,2026-12-03,False,False,4,"thin RVOL, below 200-MA",,2,https://www.tradingview.com/chart/?symbol=NYSE:CHWY&interval=D,False,False,False
VRT,"Vertiv Holdings, LLC",NYSE,Electronic Production Equipment,253.46,247.47,256.61,263.03,269.04,296.89,288.73,261.81,250.65,256.28,255.4,249.14,4.73,5.41,13.71,6797795.2,4992729.566666666,1265457236.0,1313219351.0,0.51,-0.22,97579106797.64378,-5.5,245,-21.71,341,-7.43,304,-11.54,-1.07,-1.23,0.2,0.46,31.5,0.212,19.5,False,False,False,False,True,True,True,True,False,True,False,True,False,True,False,False,2026-10-28,False,False,5,below 200-MA,"near21, ADR",6,https://www.tradingview.com/chart/?symbol=NYSE:VRT&interval=D,False,False,False
BBWI,"Bath & Body Works, Inc.",NYSE,Specialty Stores,17.18,17.38,18.09,18.46,19.2,19.33,19.59,20.03,17.47,18.03,17.6,17.06,4.73,5.3,0.91,6778329.3,6887641.566666666,118329682.0,127127496.0,0.96,2.48,3464266385.0597286,-12.08,339,-19.08,325,-4.71,295,-11.96,-1.98,-5.05,0.89,0.59,13.2,0.197,15.42,False,False,False,False,False,True,True,True,False,True,False,True,False,False,False,False,2026-11-18,False,True,3,"thin RVOL, below 200-MA, large gap","near21, ADR",5,https://www.tradingview.com/chart/?symbol=NYSE:BBWI&interval=D,False,False,False
APLD,Applied Digital Corporation,NASDAQ,Data Processing Services,28.54,26.3,26.33,27.33,27.68,34.37,32.37,32.29,26.84,26.89,29.1,28.02,4.83,6.21,1.77,16063296.2,15825791.03333334,451668076.0,432566346.0,0.78,-0.11,8318528734.610856,-2.36,207,-36.83,407,3.31,262,-11.96,0.5,8.38,0.99,0.61,29.0,0.235,28.3,False,True,False,False,False,True,True,False,False,True,False,True,False,False,False,False,2026-10-14,False,False,4,"thin RVOL, below 200-MA",near21,5,https://www.tradingview.com/chart/?symbol=NASDAQ:APLD&interval=D,False,False,False
CBRS,Cerebras Systems Inc.,NASDAQ,Packaged Software,212.41,194.86,191.1,201.6,201.71,,,,198.31,197.49,213.21,201.06,5.47,6.63,14.08,5402440.8,7643332.3,1623520214.0,1540881779.0,1.08,-2.34,47547668032.358475,1.3,174,2.12,209,-39.31,418,-11.96,0.8,11.15,1.14,0.86,80.6,0.217,4.99,False,True,True,False,False,True,True,False,False,True,False,False,False,True,False,True,2026-12-02,False,True,3,"LoD>60% ATR, below 200-MA, large gap","EMA, near21",6,https://www.tradingview.com/chart/?symbol=NASDAQ:CBRS&interval=D,False,False,False
IBP,"Installed Building Products, Inc.",NYSE,Engineering & Construction,211.94,202.71,221.16,229.01,229.71,225.46,247.75,258.44,207.77,216.65,213.25,206.2,4.53,4.61,9.77,584938.7,377060.3333333333,79914167.0,86350210.0,1.06,2.54,5633190836.225109,-13.84,357,-1.13,229,-20.93,368,-11.96,-1.68,-4.17,0.47,0.72,58.7,0.347,26.29,False,False,False,False,False,True,True,True,False,True,False,True,False,False,False,False,2026-11-11,False,True,3,"thin RVOL, below 200-MA, large gap","near21, ADR",5,https://www.tradingview.com/chart/?symbol=NYSE:IBP&interval=D,False,False,False
MWH,"SOLV Energy, Inc.",NASDAQ,Engineering & Construction,26.47,25.81,25.96,27.38,27.69,31.98,31.68,,26.11,26.44,27.37,26.13,4.74,5.42,1.44,1423692.7,1724612.2666666666,45650487.0,47217010.0,0.66,0.82,5357306178.643733,-8.91,291,-18.73,324,-9.47,315,-12.37,-0.81,1.97,0.02,0.86,23.7,0.18,23.33,False,False,False,False,True,True,True,False,False,True,False,True,False,False,False,False,2026-12-02,False,False,4,"thin RVOL, below 200-MA",near21,5,https://www.tradingview.com/chart/?symbol=NASDAQ:MWH&interval=D,False,False,False
CELC,Celcuity Inc.,NASDAQ,Medical Specialties,84.1,84.14,88.64,89.53,89.56,101.08,105.42,105.46,84.95,87.27,85.5,82.8,4.32,4.86,4.09,922672.8,839847.0333333333,70631136.0,75190945.0,0.56,0.0,4115173433.765476,-7.98,280,-6.18,254,-23.02,374,-12.39,-1.25,-5.13,0.75,0.66,31.8,0.233,25.34,False,False,False,False,False,True,True,True,False,True,False,True,False,False,False,False,2026-11-18,False,False,4,"thin RVOL, below 200-MA","near21, ADR",5,https://www.tradingview.com/chart/?symbol=NASDAQ:CELC&interval=D,False,False,False
FMC,FMC Corporation,NYSE,Chemicals: Agricultural,10.57,10.99,11.48,11.16,11.09,11.76,12.96,13.38,10.88,11.14,10.76,10.37,6.57,5.83,0.62,3750045.2,3208028.2666666666,33908859.0,35815497.0,0.85,1.95,1323647634.8453307,-4.0,231,-3.03,238,-30.23,400,-12.42,-0.8,-7.96,0.87,0.63,32.5,0.334,22.6,False,False,False,False,False,True,True,True,False,True,False,True,False,False,False,False,2026-10-29,False,False,4,"thin RVOL, below 200-MA","near21, ADR",5,https://www.tradingview.com/chart/?symbol=NYSE:FMC&interval=D,False,False,False
LAZ,"Lazard, Inc.",NYSE,Investment Banks/Brokers,36.6,38.55,41.04,42.07,42.51,43.64,44.27,46.21,38.27,40.15,37.37,35.42,5.6,5.24,1.92,2501381.9,1627606.5333333334,59570399.0,68469067.0,0.84,1.32,3566690786.151316,-15.4,372,-12.79,295,-9.25,313,-12.48,-2.65,-10.82,1.69,1.02,61.5,0.302,20.92,False,False,False,False,False,False,False,False,False,False,True,False,False,False,False,False,2026-10-22,False,False,3,"LoD>60% ATR, thin RVOL, below 200-MA",,1,https://www.tradingview.com/chart/?symbol=NYSE:LAZ&interval=D,False,False,False
LEU,Centrus Energy Corp.,NYSE,Other Metals/Minerals,157.83,153.48,166.37,172.22,172.03,176.01,183.44,205.25,155.3,162.58,158.89,151.0,5.94,7.06,11.14,925661.2,698445.7666666656,110235695.0,120289124.0,0.69,-0.55,3228114115.344915,-11.53,333,-9.03,272,-16.93,347,-12.5,-1.17,-5.14,0.41,0.71,61.3,0.405,32.8,False,False,False,False,False,True,True,False,False,True,False,False,False,False,False,False,2026-11-11,False,False,3,"LoD>60% ATR, thin RVOL, below 200-MA",near21,3,https://www.tradingview.com/chart/?symbol=NYSE:LEU&interval=D,False,False,False
INTU,Intuit Inc.,NASDAQ,Packaged Software,292.35,314.76,330.01,337.42,324.99,321.85,352.58,409.2,313.9,323.35,310.74,288.25,4.26,4.93,14.41,3606446.3,3959585.8,1157584909.0,1336028922.0,1.35,2.18,78126441132.5975,-19.89,411,13.26,154,-31.02,402,-12.55,-2.04,-11.41,1.94,1.56,28.5,0.237,32.3,False,False,False,False,False,False,False,False,False,False,True,True,False,True,True,False,2026-12-01,False,True,4,"below 200-MA, large gap",RVOL,2,https://www.tradingview.com/chart/?symbol=NASDAQ:INTU&interval=D,False,False,False
FOUR,"Shift4 Payments, Inc.",NYSE,Miscellaneous Commercial Services,39.07,41.77,43.0,44.01,46.49,44.93,45.73,50.14,41.31,42.88,40.02,38.06,6.66,6.85,2.68,2253573.1,1986844.7333333334,77626024.0,87434414.0,1.33,1.6,3084971551.5862336,-19.01,404,-0.46,222,-18.26,352,-12.58,-2.33,-9.13,1.3,0.73,37.7,0.224,21.42,False,False,False,False,False,True,True,False,False,True,False,True,False,False,True,False,2026-11-11,False,False,4,"thin RVOL, below 200-MA","near21, RVOL",4,https://www.tradingview.com/chart/?symbol=NYSE:FOUR&interval=D,False,False,False
ZG,"Zillow Group, Inc.",NASDAQ,Internet Software/Services,31.59,32.06,33.83,34.47,34.08,34.94,37.88,44.54,32.14,33.19,32.23,30.64,4.27,4.75,1.5,977234.9,949557.1333333333,29996510.0,32729652.0,1.29,2.51,7014431182.495664,-14.34,361,2.53,206,-26.24,387,-12.69,-1.54,-6.62,1.01,1.06,63.3,0.248,39.52,False,False,False,False,False,True,False,False,False,True,True,False,False,False,True,False,2026-11-04,False,True,2,"LoD>60% ATR, thin RVOL, below 200-MA, large gap","near21, RVOL",2,https://www.tradingview.com/chart/?symbol=NASDAQ:ZG&interval=D,False,False,False
TTAN,"ServiceTitan, Inc.",NASDAQ,Packaged Software,61.56,57.14,75.22,80.88,80.26,73.99,71.51,76.8,62.05,70.15,62.2,56.22,7.03,8.0,4.93,6900942.1,3194950.8666666667,196681175.0,258408159.0,0.73,2.58,5938563743.229436,-33.72,439,-3.81,242,-0.87,278,-12.8,-2.91,-18.16,1.53,1.21,108.4,0.986,37.55,False,False,False,False,False,False,False,False,False,False,True,False,False,False,False,False,2027-01-19,False,True,2,"LoD>60% ATR, thin RVOL, below 200-MA, large gap",,1,https://www.tradingview.com/chart/?symbol=NASDAQ:TTAN&interval=D,False,False,False
UEC,Uranium Energy Corp.,AMEX,Other Metals/Minerals,10.33,10.39,11.34,11.4,10.83,11.72,12.55,13.19,10.46,10.86,10.43,9.9,5.19,6.02,0.62,9085885.9,8354768.833333333,86304762.0,95283354.0,0.9,1.59,5112031599.931547,-10.49,317,-7.35,258,-20.66,366,-12.83,-0.77,-8.88,0.8,0.86,70.0,0.403,27.09,False,False,False,False,False,True,True,False,False,True,False,False,False,False,False,False,2026-09-25,True,False,2,"LoD>60% ATR, thin RVOL, earnings soon, below 200-MA",near21,2,https://www.tradingview.com/chart/?symbol=AMEX:UEC&interval=D,False,False,False
CIEN,Ciena Corporation,NYSE,Telecommunications Equipment,368.56,344.41,354.56,373.09,380.53,445.42,432.75,385.48,351.58,358.26,376.74,363.14,5.82,6.75,24.89,2924022.0,2598809.466666667,957817217.0,969590690.0,0.8,-0.45,52264951597.45263,-6.93,268,-17.98,320,-13.98,338,-12.96,-0.47,3.95,0.43,0.55,21.8,0.284,27.4,False,False,False,False,False,True,True,True,False,True,False,True,False,True,False,False,2026-12-10,False,False,5,below 200-MA,"near21, ADR",5,https://www.tradingview.com/chart/?symbol=NYSE:CIEN&interval=D,False,False,False
KGS,"Kodiak Gas Services, Inc.",NYSE,Oilfield Services/Equipment,54.69,59.11,59.82,60.59,60.96,65.62,63.17,57.34,58.25,59.51,57.6,54.3,4.61,5.08,2.78,2175012.1,1800480.6333333333,98468286.0,109088121.0,0.9,-0.96,5529379807.957681,-10.18,309,-22.01,342,-7.18,301,-13.12,-2.03,-8.58,1.6,1.19,14.0,0.177,15.14,False,False,False,False,False,False,False,False,False,False,True,True,False,False,False,False,2026-11-11,False,False,4,"thin RVOL, below 200-MA",,2,https://www.tradingview.com/chart/?symbol=NYSE:KGS&interval=D,False,False,False
AN,"AutoNation, Inc.",NYSE,Specialty Stores,169.61,190.62,196.92,199.01,203.31,197.89,197.23,200.74,185.07,193.34,171.99,166.66,4.83,4.62,7.84,751874.5,491676.93333333335,83393325.0,97850102.0,0.7,1.74,5607443169.417221,-15.89,378,-12.29,292,-11.5,322,-13.23,-3.59,-13.87,2.66,0.68,37.6,0.285,7.48,False,False,False,False,False,False,True,True,False,True,False,True,False,False,False,False,2026-10-22,False,False,4,"thin RVOL, below 200-MA",ADR,4,https://www.tradingview.com/chart/?symbol=NYSE:AN&interval=D,False,False,False
WEN,Wendy's Company (The),NASDAQ,Restaurants,6.81,7.2,7.73,8.02,7.82,7.59,7.45,7.63,7.17,7.53,6.88,6.74,4.3,4.99,0.34,6526103.4,8486682.6,57794309.0,68090069.0,0.63,0.6,1298462234.480597,-22.96,424,-12.8,297,-4.22,292,-13.33,-2.59,-11.87,1.91,0.43,20.6,0.349,9.19,False,False,False,False,False,False,True,True,False,True,False,True,False,False,False,False,2026-11-11,False,False,4,"thin RVOL, below 200-MA",ADR,4,https://www.tradingview.com/chart/?symbol=NASDAQ:WEN&interval=D,False,False,False
ONDS,Ondas Inc,NASDAQ,Telecommunications Equipment,7.72,7.33,7.58,8.05,7.97,8.71,9.18,9.5,7.46,7.64,7.74,7.39,4.41,5.61,0.43,62822631.8,66673881.9,514722368.0,536846985.0,1.16,1.22,4495285767.875339,-7.99,281,-8.96,270,-23.18,376,-13.38,-0.56,1.84,0.18,0.82,76.3,0.219,28.03,False,False,False,False,True,True,True,False,False,True,False,False,False,False,False,False,2026-11-16,False,False,3,"LoD>60% ATR, thin RVOL, below 200-MA",near21,4,https://www.tradingview.com/chart/?symbol=NASDAQ:ONDS&interval=D,False,False,False
APP,Applovin Corporation,NASDAQ,Packaged Software,328.73,322.43,318.12,315.2,351.37,429.26,431.99,472.04,322.74,324.68,333.6,323.68,4.9,5.12,16.83,5257883.4,5203592.133333334,1710576842.0,1640186117.0,0.65,0.86,110009825457.24358,8.12,112,-28.41,376,-20.28,363,-13.52,-1.26,3.34,0.24,0.59,30.0,0.106,46.82,False,False,False,False,False,True,True,True,False,True,False,True,False,True,False,False,2026-11-11,False,False,5,below 200-MA,"near21, ADR",5,https://www.tradingview.com/chart/?symbol=NASDAQ:APP&interval=D,False,False,False
Z,"Zillow Group, Inc.",NASDAQ,Internet Software/Services,30.95,31.44,33.09,33.78,33.59,34.6,37.67,44.59,31.53,32.55,31.59,30.1,4.25,4.78,1.48,3554814.4,3412659.933333333,105621825.0,115284203.0,0.99,2.68,6979947049.867864,-13.64,356,1.08,212,-28.27,393,-13.61,-1.64,-6.47,1.03,1.01,57.5,0.237,42.5,False,False,False,False,False,True,False,False,False,True,True,True,False,False,False,False,2026-11-04,False,True,3,"thin RVOL, below 200-MA, large gap",near21,3,https://www.tradingview.com/chart/?symbol=NASDAQ:Z&interval=D,False,False,False
NN,NextNav Inc.,NASDAQ,Packaged Software,15.33,15.07,15.27,16.3,15.29,17.45,17.4,17.0,15.15,15.41,15.88,14.94,5.78,6.79,1.04,2513645.3,2728950.8333333335,41834816.0,44491450.0,0.7,0.64,2587855833.56705,-10.64,322,-10.51,281,-19.95,361,-13.7,0.03,0.41,0.07,0.91,38.0,0.105,15.54,False,True,False,False,True,True,True,False,False,True,False,True,False,False,False,False,2026-11-05,False,False,4,"thin RVOL, below 200-MA",near21,6,https://www.tradingview.com/chart/?symbol=NASDAQ:NN&interval=D,False,False,False
SMR,NuScale Power Corporation,NYSE,Electrical Products,8.89,8.99,9.33,9.33,9.05,10.03,10.61,12.44,8.93,9.13,9.02,8.63,7.42,8.07,0.72,43482974.8,37294137.0,331544878.0,348078612.0,0.72,0.46,3820239910.4516497,-3.26,216,-16.56,313,-21.95,371,-13.93,-0.21,-4.74,0.33,0.54,36.2,0.331,38.9,False,False,False,False,False,True,True,True,False,True,False,True,False,False,False,False,2026-11-05,False,False,4,"thin RVOL, below 200-MA","near21, ADR",5,https://www.tradingview.com/chart/?symbol=NYSE:SMR&interval=D,False,False,False
SFM,"Sprouts Farmers Market, Inc.",NASDAQ,Food Retail,68.68,71.55,76.45,78.3,78.9,81.33,79.51,78.59,71.9,75.0,70.67,68.06,4.42,4.66,3.2,2004628.0,1707177.2666666666,117248935.0,133671411.0,0.94,2.2,6404247381.644628,-13.06,352,-19.53,330,-9.21,312,-13.94,-2.78,-10.16,1.81,0.81,19.4,0.29,14.24,False,False,False,False,False,False,True,False,False,False,False,True,False,False,False,False,2026-11-04,False,True,3,"thin RVOL, below 200-MA, large gap",,3,https://www.tradingview.com/chart/?symbol=NASDAQ:SFM&interval=D,False,False,False
EOSE,"Eos Energy Enterprises, Inc.",NASDAQ,Electrical Products,4.06,4.0,3.75,3.79,3.82,5.35,5.76,7.85,3.96,3.89,4.35,4.05,7.85,7.94,0.32,23846652.0,24945344.4,101278098.0,94646794.0,1.04,1.72,1478521148.29484,14.69,70,-37.68,411,-18.88,356,-13.96,0.78,8.13,0.55,0.93,3.1,0.372,100.95,False,True,True,False,False,True,True,False,False,True,False,True,False,False,False,False,2026-11-11,False,False,4,"thin RVOL, below 200-MA","EMA, near21",6,https://www.tradingview.com/chart/?symbol=NASDAQ:EOSE&interval=D,False,False,False
NKTR,Nektar Therapeutics,NASDAQ,Pharmaceuticals: Major,60.97,67.95,70.86,72.08,71.44,70.0,72.11,65.43,67.51,69.69,68.33,59.44,5.36,5.4,3.29,1399197.9999999995,837301.2333333335,51050256.0,60349603.0,2.87,0.36,2081698225.6333032,-18.81,402,-9.0,271,-14.15,339,-13.99,-2.72,-13.96,2.32,2.7,46.5,0.213,10.96,False,False,False,False,False,False,False,False,False,False,True,True,True,True,True,False,2026-11-05,False,False,5,below 200-MA,RVOL,2,https://www.tradingview.com/chart/?symbol=NASDAQ:NKTR&interval=D,False,False,False
POWI,"Power Integrations, Inc.",NASDAQ,Semiconductors,51.46,49.66,50.79,53.59,58.31,67.59,62.6,57.28,50.12,51.8,52.26,49.42,4.14,5.28,2.71,771238.1,759657.7666666667,39091989.0,40710819.0,0.87,0.22,2875239850.6588564,-6.91,265,-37.15,409,0.78,271,-14.43,-2.23,1.31,0.13,1.04,75.0,0.163,34.84,False,False,False,False,True,True,False,False,False,True,True,False,False,False,False,False,2026-11-11,False,False,3,"LoD>60% ATR, thin RVOL, below 200-MA",near21,3,https://www.tradingview.com/chart/?symbol=NASDAQ:POWI&interval=D,False,False,False
PII,Polaris Inc.,NYSE,Recreational Products,53.97,56.59,59.68,62.18,65.9,66.62,63.43,64.56,56.56,59.41,56.41,53.02,4.37,4.57,2.46,901411.9,810736.6,43755454.0,50410251.0,1.16,2.26,3071083100.1746,-17.26,393,-22.21,345,-4.24,293,-14.57,-3.96,-9.56,2.0,1.38,38.5,0.234,18.58,False,False,False,False,False,False,False,False,False,False,True,True,False,False,False,False,2026-10-27,False,True,3,"thin RVOL, below 200-MA, large gap",,2,https://www.tradingview.com/chart/?symbol=NYSE:PII&interval=D,False,False,False
BKV,BKV Corporation,NYSE,Integrated Oil,22.9,23.59,24.32,24.85,24.87,26.01,27.04,27.27,23.57,24.16,23.26,22.7,4.47,4.54,1.04,3844476.7,1898522.8333333333,43476173.0,47183355.0,0.28,-0.96,2506126346.4139433,-12.06,338,-8.55,267,-23.26,377,-14.62,-1.74,-5.84,1.15,0.55,19.7,0.185,16.08,False,False,False,False,False,True,True,True,False,True,False,True,False,False,False,False,2026-11-17,False,False,4,"thin RVOL, below 200-MA","near21, ADR",5,https://www.tradingview.com/chart/?symbol=NYSE:BKV&interval=D,False,False,False
HYMC,Hycroft Mining Holding Corporation,NASDAQ,Precious Metals,22.69,21.28,22.57,23.91,22.88,26.4,30.79,30.49,21.65,22.38,22.78,20.45,5.99,7.29,1.65,2433192.3,2085311.966666662,47315729.0,49862242.0,1.09,0.83,2114292361.8611789,-17.19,392,3.37,202,-30.06,398,-14.62,-0.11,0.54,0.19,1.41,135.4,0.308,41.9,False,False,False,False,True,True,False,False,False,True,True,False,False,False,False,False,2026-11-03,False,False,3,"LoD>60% ATR, thin RVOL, below 200-MA",near21,3,https://www.tradingview.com/chart/?symbol=NASDAQ:HYMC&interval=D,False,False,False
AESI,Atlas Energy Solutions Inc.,NYSE,Oilfield Services/Equipment,12.0,13.52,13.23,12.95,12.67,14.91,14.18,13.3,13.21,13.15,13.05,11.91,6.16,6.68,0.8,2899621.2,2939700.033333333,35276400.0,38068136.0,1.39,-2.49,1500041525.2449136,-8.4,288,-25.05,358,-11.18,321,-14.87,-0.79,-9.28,1.31,1.42,11.2,0.203,18.7,False,False,False,False,False,True,False,False,False,True,True,True,False,False,True,False,2026-11-02,False,True,3,"thin RVOL, below 200-MA, large gap","near21, RVOL",3,https://www.tradingview.com/chart/?symbol=NYSE:AESI&interval=D,False,False,False
CRK,"Comstock Resources, Inc.",NYSE,Oil & Gas Production,13.32,13.87,14.38,14.22,13.82,13.99,15.78,17.44,13.67,13.99,13.71,12.85,4.96,5.15,0.69,2703776.2,2609361.6,34756697.0,37108601.0,1.16,-1.08,3911026195.576037,-3.62,226,-1.26,231,-40.3,423,-15.06,-0.71,-7.38,0.92,1.25,68.5,0.249,27.18,False,False,False,False,False,True,False,False,False,True,True,False,False,False,False,False,2026-11-03,False,False,3,"LoD>60% ATR, thin RVOL, below 200-MA",near21,2,https://www.tradingview.com/chart/?symbol=NYSE:CRK&interval=D,False,False,False
CENX,Century Aluminum Company,NASDAQ,Aluminum,39.4,41.54,43.91,44.63,44.96,50.71,52.81,50.26,41.22,43.02,40.1,38.77,4.64,5.69,2.24,1822208.2,1879889.8333333333,74067659.0,83906690.0,0.68,1.36,3900335621.9693093,-12.27,346,-13.67,302,-19.38,359,-15.11,-2.17,-10.26,1.48,0.59,28.1,0.291,28.59,False,False,False,False,False,True,True,True,False,True,False,True,False,False,False,False,2026-11-09,False,False,4,"thin RVOL, below 200-MA","near21, ADR",5,https://www.tradingview.com/chart/?symbol=NASDAQ:CENX&interval=D,False,False,False
ALM,Almonty Industries Inc.,NASDAQ,Other Metals/Minerals,14.35,14.96,16.57,16.35,15.15,16.65,17.27,15.45,14.97,15.61,14.49,13.86,8.04,8.42,1.21,6443997.2,6655520.033333333,95506712.0,108829954.0,0.9,-1.16,4139698624.481582,-20.28,413,-18.0,321,-8.31,309,-15.53,-0.63,-13.38,0.96,0.53,41.0,0.467,16.09,False,False,False,False,False,True,True,True,False,True,False,True,False,False,False,False,2026-11-17,False,False,4,"thin RVOL, below 200-MA","near21, ADR",5,https://www.tradingview.com/chart/?symbol=NASDAQ:ALM&interval=D,False,False,False
SEDG,"SolarEdge Technologies, Inc.",NASDAQ,Electrical Products,36.08,35.43,34.26,33.34,37.6,46.94,45.39,42.12,35.23,35.02,37.17,35.62,7.39,7.5,2.71,3700712.8,3045380.4,109877325.0,101535013.0,0.49,2.08,2219848931.8303843,15.05,69,-33.11,399,-28.7,394,-15.59,-0.54,5.3,0.4,0.57,17.0,0.201,35.14,False,False,True,False,False,True,True,True,False,True,False,True,False,False,False,False,2026-11-11,False,True,3,"thin RVOL, below 200-MA, large gap","EMA, near21, ADR",6,https://www.tradingview.com/chart/?symbol=NASDAQ:SEDG&interval=D,False,False,False
LGN,Legence Corp.,NASDAQ,Engineering & Construction,54.25,54.44,54.51,57.52,61.11,73.1,68.58,63.09,54.58,55.89,54.95,53.37,4.71,5.75,3.12,938057.7,998051.7333333333,54144307.0,57402945.0,0.78,0.57,5863094624.8351345,-10.96,325,-33.69,400,-2.41,283,-15.69,-1.95,-0.47,0.51,0.51,28.2,0.141,34.4,False,False,False,False,True,True,True,True,False,True,False,True,False,False,False,False,2026-11-13,False,False,4,"thin RVOL, below 200-MA","near21, ADR",6,https://www.tradingview.com/chart/?symbol=NASDAQ:LGN&interval=D,False,False,False
MOD,Modine Manufacturing Company,NYSE,Industrial Machinery,195.96,186.39,185.78,190.53,200.64,234.88,230.88,212.44,188.88,189.69,203.22,192.82,4.21,5.41,10.61,1199350.5,1264924.8,247874664.0,241004436.0,1.39,0.06,10407965459.49843,-4.41,235,-29.39,383,-13.83,337,-15.88,-0.43,5.48,0.61,0.98,29.6,0.128,25.06,False,False,False,False,False,True,True,False,False,True,False,True,False,True,True,False,2026-11-03,False,False,5,below 200-MA,"near21, RVOL",4,https://www.tradingview.com/chart/?symbol=NYSE:MOD&interval=D,False,False,False
BBAI,"BigBear.ai, Inc.",NYSE,Packaged Software,2.89,2.84,2.93,3.02,2.99,3.51,3.6,4.12,2.87,2.92,2.95,2.86,4.04,4.86,0.14,15725635.0,16410758.7,47427093.0,49598783.0,0.71,1.72,1385739170.7724137,-8.25,286,-22.93,347,-17.19,350,-16.13,-0.66,-1.38,0.24,0.64,21.3,0.16,44.45,False,False,False,False,True,True,True,False,False,True,False,True,False,False,False,False,2026-11-11,False,False,4,"thin RVOL, below 200-MA",near21,5,https://www.tradingview.com/chart/?symbol=NYSE:BBAI&interval=D,False,False,False
RSI,"Rush Street Interactive, Inc.",NYSE,Casinos/Gaming,21.22,24.9,25.61,25.51,27.26,27.99,25.79,23.96,24.18,25.21,22.92,21.18,5.79,5.92,1.26,3208136.2,2424812.2,51454515.0,61864234.0,1.39,4.4,4918230497.329624,-16.95,387,-28.31,375,-3.19,287,-16.15,-3.75,-17.14,2.68,1.39,3.2,0.249,19.01,False,False,False,False,False,False,False,False,False,False,True,True,False,False,True,False,2026-11-04,False,True,3,"thin RVOL, below 200-MA, large gap",RVOL,2,https://www.tradingview.com/chart/?symbol=NYSE:RSI&interval=D,False,False,False
ASTS,"AST SpaceMobile, Inc.",NASDAQ,Specialty Telecommunications,63.69,60.7,60.81,63.51,62.94,74.54,78.67,81.71,61.3,61.93,65.41,60.99,5.87,6.65,4.24,9652248.9,9866784.133333333,628415481.0,626678927.0,1.07,0.03,24786077553.254482,-5.12,242,-11.42,289,-31.92,404,-16.15,0.18,4.73,0.43,1.04,63.7,0.149,32.99,False,True,False,False,False,True,False,False,False,True,True,False,False,True,False,False,2026-11-16,False,False,4,"LoD>60% ATR, below 200-MA",near21,3,https://www.tradingview.com/chart/?symbol=NASDAQ:ASTS&interval=D,False,False,False
FICO,Fair Isaac Corporation,NYSE,Financial Publishing/Services,914.48,966.3,1028.97,1055.04,1105.63,1141.51,1146.73,1260.36,967.92,1012.61,941.97,909.16,4.46,5.25,48.0,420622.1,361544.5,330625214.0,381443909.0,0.75,1.37,19750605918.31532,-20.46,414,-16.84,315,-11.72,325,-16.34,-3.29,-11.13,1.85,0.68,11.1,0.34,32.16,False,False,False,False,False,False,True,False,False,False,False,True,False,True,False,False,2026-11-11,False,False,5,below 200-MA,,3,https://www.tradingview.com/chart/?symbol=NYSE:FICO&interval=D,False,False,False
SHAK,"Shake Shack, Inc.",NYSE,Restaurants,58.09,59.26,64.53,67.57,65.58,64.26,74.24,77.84,59.57,62.86,59.64,57.75,4.93,4.77,2.77,1440748.1,1163243.7666666666,67572830.0,78605034.0,0.82,1.39,2486190309.970155,-21.9,422,6.88,185,-34.23,407,-16.42,-2.39,-9.98,1.59,0.68,12.3,0.367,31.99,False,False,False,False,False,False,True,True,False,True,False,True,False,False,False,False,2026-10-29,False,False,4,"thin RVOL, below 200-MA",ADR,4,https://www.tradingview.com/chart/?symbol=NYSE:SHAK&interval=D,False,False,False
AAOI,"Applied Optoelectronics, Inc.",NASDAQ,Semiconductors,107.0,102.33,105.07,114.14,112.33,138.7,128.77,105.9,104.05,107.07,110.74,103.9,5.54,8.16,8.74,7024498.8,8610901.7,921366482.0,982839709.0,0.99,-1.6,9084972678.190853,-17.29,394,-28.43,378,-3.6,289,-16.44,-0.58,1.84,0.01,0.78,35.5,0.211,34.0,False,False,False,True,True,True,True,False,False,True,False,True,False,False,False,False,2026-11-05,False,False,5,thin RVOL,near21,6,https://www.tradingview.com/chart/?symbol=NASDAQ:AAOI&interval=D,False,False,False
UAA,"Under Armour, Inc.",NYSE,Apparel/Footwear,4.74,4.93,5.02,5.11,5.81,5.87,6.08,5.97,4.92,5.09,4.9,4.71,4.17,4.56,0.22,10095948.5,8521421.1,40391536.0,43555824.0,1.11,1.89,2017599431.3459125,-10.57,321,-19.25,326,-20.07,362,-16.63,-4.05,-5.54,1.52,0.9,13.9,0.103,24.26,False,False,False,False,False,False,True,False,False,False,False,True,False,False,False,False,2026-11-05,False,False,4,"thin RVOL, below 200-MA",,3,https://www.tradingview.com/chart/?symbol=NYSE:UAA&interval=D,False,False,False
EYE,"National Vision Holdings, Inc.",NASDAQ,Specialty Stores,16.6,16.81,17.1,17.75,19.19,18.84,21.27,22.87,16.79,17.32,17.0,15.95,4.63,5.2,0.86,2836430.3,2516056.933333333,41766545.0,44665462.0,2.01,2.13,1312550657.507599,-10.46,316,-0.9,226,-40.09,421,-17.15,-2.59,-2.91,0.8,1.22,75.3,0.158,36.47,False,False,False,False,True,True,False,False,False,True,True,False,True,True,True,False,2026-11-11,False,True,3,"LoD>60% ATR, below 200-MA, large gap","near21, RVOL",3,https://www.tradingview.com/chart/?symbol=NASDAQ:EYE&interval=D,False,False,False
LMND,"Lemonade, Inc.",NYSE,Multi-Line Insurance,47.69,48.78,50.92,51.26,54.22,56.58,57.81,63.1,48.93,50.4,49.0,46.31,4.32,4.75,2.27,1050088.1,969084.0,46215616.0,49677507.0,1.51,2.24,3691044572.438989,-7.58,279,-16.66,314,-27.65,392,-17.3,-2.53,-6.35,1.13,1.19,60.9,0.191,30.03,False,False,False,False,False,True,False,False,False,True,True,False,True,True,True,False,2026-11-10,False,True,3,"LoD>60% ATR, below 200-MA, large gap","near21, RVOL",2,https://www.tradingview.com/chart/?symbol=NYSE:LMND&interval=D,False,False,False
NNE,Nano Nuclear Energy Inc.,NASDAQ,Electrical Products,17.32,16.64,17.47,18.01,17.62,20.97,21.81,24.19,16.86,17.29,17.42,16.68,5.52,6.84,1.19,2214494.6,1891886.2333333334,32767470.0,34072871.0,0.74,-0.12,930051857.7263157,-6.53,260,-27.53,370,-19.22,358,-17.76,-0.25,-0.86,0.03,0.62,54.0,0.259,43.62,False,False,False,False,True,True,True,False,False,True,False,True,False,False,False,False,2026-12-17,False,False,4,"thin RVOL, below 200-MA",near21,5,https://www.tradingview.com/chart/?symbol=NASDAQ:NNE&interval=D,False,False,False
TRIP,"TripAdvisor, Inc.",NASDAQ,Other Consumer Services,8.55,8.9,9.24,9.64,11.27,11.54,11.17,11.82,8.94,9.41,8.99,8.5,4.36,4.8,0.41,5156254.0,3710794.7,31727295.0,35781956.0,1.27,2.16,1002054386.1477273,-14.76,366,-30.88,388,-8.46,310,-18.03,-5.03,-7.51,1.9,1.19,12.2,0.184,34.21,False,False,False,False,False,False,False,False,False,False,True,True,False,False,True,False,2026-11-09,False,True,3,"thin RVOL, below 200-MA, large gap",RVOL,2,https://www.tradingview.com/chart/?symbol=NASDAQ:TRIP&interval=D,False,False,False
CRI,"Carter's, Inc.",NYSE,Apparel/Footwear Retail,30.86,30.22,31.66,33.62,35.74,37.15,36.96,36.39,30.63,32.01,32.07,30.34,4.26,4.42,1.36,1860441.7,1434231.8666666667,44260395.0,48224134.0,1.01,2.87,1132907202.6347342,-15.22,370,-28.31,374,-10.73,320,-18.09,-3.09,-2.51,0.81,1.27,38.2,0.207,22.43,False,False,False,False,True,True,False,False,False,True,True,True,False,False,False,False,2026-10-23,False,True,3,"thin RVOL, below 200-MA, large gap",near21,4,https://www.tradingview.com/chart/?symbol=NYSE:CRI&interval=D,False,False,False
LUNR,"Intuitive Machines, Inc.",NASDAQ,Aerospace & Defense,16.24,14.62,15.03,16.06,15.15,21.4,21.21,20.09,14.98,15.2,16.26,15.3,5.32,6.65,1.08,7981233.7,8642337.533333333,140351562.0,138770014.0,1.05,-0.25,3717726854.030534,-13.34,354,-22.64,346,-18.68,355,-18.22,1.08,8.05,1.03,0.89,86.9,0.221,41.78,False,True,False,False,False,True,True,False,False,True,False,False,False,False,False,False,2026-11-18,False,False,3,"LoD>60% ATR, thin RVOL, below 200-MA",near21,4,https://www.tradingview.com/chart/?symbol=NASDAQ:LUNR&interval=D,False,False,False
HUBG,"Hub Group, Inc.",NASDAQ,Air Freight/Couriers,32.06,33.87,36.03,37.36,41.75,42.42,41.38,42.25,33.76,35.91,33.19,31.86,5.14,5.35,1.72,1577510.2,1491367.9333333333,47813256.0,55720986.0,0.76,1.58,1960581506.5145204,-21.0,417,-25.65,360,-8.11,308,-18.25,-4.34,-11.01,2.0,0.78,11.7,0.296,26.68,False,False,False,False,False,False,True,False,False,False,False,True,False,False,False,False,2026-10-22,False,False,4,"thin RVOL, below 200-MA",,3,https://www.tradingview.com/chart/?symbol=NASDAQ:HUBG&interval=D,False,False,False
FTAI,FTAI Aviation Ltd.,NASDAQ,Aerospace & Defense,189.74,186.2,190.77,198.56,204.08,227.49,237.11,235.79,189.53,193.14,194.86,189.03,4.33,5.08,9.64,1478894.3000000014,1297101.600000002,246112058.0,257551197.0,0.42,1.1,19487644245.366505,-6.94,269,-26.75,368,-21.4,369,-18.37,-1.38,-0.54,0.35,0.6,7.4,0.154,26.83,False,False,False,False,True,True,True,True,False,True,False,True,False,True,False,False,2026-11-03,False,False,5,below 200-MA,"near21, ADR",6,https://www.tradingview.com/chart/?symbol=NASDAQ:FTAI&interval=D,False,False,False
OKLO,Oklo Inc.,NYSE,Industrial Machinery,40.45,38.48,39.82,41.03,41.62,51.39,54.26,61.96,39.07,39.87,41.29,39.33,5.53,6.93,2.8,11881849.8,10053072.366666667,406646777.0,412487612.0,0.66,-0.2,7524414178.072426,-3.78,227,-28.65,379,-24.55,383,-18.99,-0.4,1.59,0.21,0.7,39.8,0.243,58.05,False,False,False,False,True,True,True,False,False,True,False,True,False,False,False,False,2026-11-18,False,False,4,"thin RVOL, below 200-MA",near21,5,https://www.tradingview.com/chart/?symbol=NYSE:OKLO&interval=D,False,False,False
ENPH,"Enphase Energy, Inc.",NASDAQ,Electrical Products,34.42,35.87,36.5,37.47,38.34,44.25,42.6,41.2,35.65,36.58,35.35,34.33,5.35,5.55,1.91,4369408.7,4002461.033333333,137764709.0,149964877.0,0.74,1.47,4548418222.230725,-11.33,330,-28.85,380,-16.92,346,-19.04,-1.84,-5.69,1.06,0.53,4.7,0.139,24.35,False,False,False,False,False,True,True,True,False,True,False,True,False,False,False,False,2026-10-27,False,False,4,"thin RVOL, below 200-MA","near21, ADR",5,https://www.tradingview.com/chart/?symbol=NASDAQ:ENPH&interval=D,False,False,False
LPTH,"LightPath Technologies, Inc.",NASDAQ,Electronic Components,10.15,9.72,10.41,11.54,11.47,12.79,12.54,12.04,9.99,10.5,10.26,9.7,6.19,8.68,0.88,3426263.4,3495912.9,35483516.0,40357984.0,0.71,-0.88,710867896.7009804,-22.52,423,-25.48,359,-12.2,327,-20.06,-1.32,-2.54,0.38,0.64,51.1,0.548,30.29,False,False,False,False,True,True,True,False,False,True,False,True,False,False,False,False,2026-11-05,False,False,4,"thin RVOL, below 200-MA",near21,5,https://www.tradingview.com/chart/?symbol=NASDAQ:LPTH&interval=D,False,False,False
ENOV,Enovis Corporation,NYSE,Medical Specialties,18.39,18.38,20.38,22.1,24.36,23.93,23.84,24.15,18.73,20.3,18.65,18.12,6.2,6.79,1.25,2334255.0999999996,1638624.1333333335,30134298.0,36211955.0,0.71,2.27,1060541989.8076499,-29.78,438,-13.54,301,-17.57,351,-20.3,-3.61,-9.77,1.39,0.42,21.2,0.547,32.52,False,False,False,False,False,True,True,True,False,True,False,True,False,False,False,False,2026-11-11,False,True,3,"thin RVOL, below 200-MA, large gap","near21, ADR",5,https://www.tradingview.com/chart/?symbol=NYSE:ENOV&interval=D,False,False,False
MAIR,Madison Air Solutions Corporation,NYSE,Industrial Machinery,25.05,24.31,25.43,26.59,29.08,34.31,,,24.56,25.61,25.17,24.28,4.47,5.47,1.37,2707352.4,2875823.5,72039379.0,76459519.0,1.02,2.78,12568150740.702444,-4.93,241,-34.54,403,-21.72,370,-20.4,-2.53,-1.51,0.4,0.65,56.2,0.218,39.91,False,False,False,False,True,True,True,False,False,True,False,True,False,True,False,False,2026-12-02,False,True,4,"below 200-MA, large gap",near21,5,https://www.tradingview.com/chart/?symbol=NYSE:MAIR&interval=D,False,False,False
BLDR,"Builders FirstSource, Inc.",NYSE,Home Improvement Chains,60.87,59.6,62.69,65.62,68.37,72.77,78.71,87.59,60.25,62.72,61.32,59.63,4.19,4.68,2.85,5379502.1,3090370.433333333,188110848.0,202780837.0,0.62,2.43,6549396011.355092,-13.19,353,-23.11,348,-27.12,391,-21.14,-2.34,-2.9,0.63,0.59,43.5,0.23,45.99,False,False,False,False,True,True,True,True,False,True,False,True,False,False,False,False,2026-10-29,False,True,3,"thin RVOL, below 200-MA, large gap","near21, ADR",6,https://www.tradingview.com/chart/?symbol=NYSE:BLDR&interval=D,False,False,False
BOOT,"Boot Barn Holdings, Inc.",NYSE,Apparel/Footwear Retail,129.28,132.14,142.68,149.5,151.89,157.55,160.8,168.33,132.03,140.21,131.8,126.82,4.46,4.85,6.26,867247.0,664493.3666666667,85905702.0,99340429.0,1.07,2.14,3915224618.261723,-20.62,415,-25.99,362,-16.83,345,-21.15,-3.07,-9.39,1.61,0.79,39.2,0.354,27.99,False,False,False,False,False,False,True,False,False,False,False,True,False,False,False,False,2026-11-04,False,True,3,"thin RVOL, below 200-MA, large gap",,3,https://www.tradingview.com/chart/?symbol=NYSE:BOOT&interval=D,False,False,False
EROC,"ERock, Inc.",NYSE,Electrical Products,12.83,12.4,12.38,13.08,12.25,,,,12.61,12.58,13.57,12.68,8.05,9.28,1.19,3243345.3,3253256.2666666666,41739278.0,42543917.0,0.82,1.42,2814903046.153214,-3.9,229,-23.4,350,-36.17,411,-21.16,0.51,3.62,0.22,0.75,12.6,0.249,1.11,False,True,True,False,False,True,True,False,False,True,False,True,False,False,False,True,2026-12-02,False,False,4,"thin RVOL, below 200-MA","EMA, near21",7,https://www.tradingview.com/chart/?symbol=NYSE:EROC&interval=D,False,False,False
KTOS,"Kratos Defense & Security Solutions, Inc.",NASDAQ,Aerospace & Defense,46.97,47.39,48.87,52.82,51.76,53.65,62.43,70.24,47.92,49.41,49.68,45.94,4.65,5.42,2.54,4241792.7,3499939.466666667,164392157.0,184859803.0,1.56,1.94,8817270838.490225,-17.04,390,-6.4,255,-40.07,420,-21.17,-1.71,-3.88,0.91,1.47,40.5,0.18,48.66,False,False,False,False,False,True,False,False,False,True,True,True,True,True,True,False,2026-10-29,False,False,5,below 200-MA,"near21, RVOL",3,https://www.tradingview.com/chart/?symbol=NASDAQ:KTOS&interval=D,False,False,False
WHR,Whirlpool Corporation,NYSE,Electronics/Appliances,33.56,33.86,36.67,38.13,38.61,40.3,46.69,55.22,34.09,35.94,34.0,33.13,4.46,4.99,1.67,3344226.1,2462772.066666667,82650631.0,93913708.0,0.82,2.18,2188091117.5367646,-17.85,401,-8.43,266,-38.51,416,-21.6,-2.62,-8.49,1.33,0.52,25.7,0.341,63.65,False,False,False,False,False,True,True,True,False,True,False,True,False,False,False,False,2026-10-15,False,True,3,"thin RVOL, below 200-MA, large gap","near21, ADR",5,https://www.tradingview.com/chart/?symbol=NYSE:WHR&interval=D,False,False,False
QNT,Quantinuum Inc.,NASDAQ,Computer Processing Hardware,51.39,50.5,50.53,53.85,54.65,,,,51.09,51.83,52.16,50.5,5.55,6.78,3.48,1945764.1,1786927.2333333334,91830191.0,96232881.0,0.53,-0.1,13531405771.734898,-6.9,264,-33.78,401,-24.43,382,-21.7,-0.88,1.7,0.13,0.48,25.5,0.163,8.09,False,False,False,False,True,True,True,True,False,True,False,True,False,True,False,False,2026-12-02,False,False,5,below 200-MA,"near21, ADR",6,https://www.tradingview.com/chart/?symbol=NASDAQ:QNT&interval=D,False,False,False
TTD,"The Trade Desk, Inc.",NASDAQ,Packaged Software,13.18,14.19,14.04,13.89,15.5,18.0,19.96,23.64,14.03,14.24,14.04,13.15,4.98,5.24,0.69,31299512.899999995,23664448.40000001,311897430.0,328643971.0,0.97,1.08,6193026042.121037,-1.13,196,-26.66,367,-39.43,419,-22.4,-2.85,-6.11,1.43,1.3,4.3,0.167,72.88,False,False,False,False,False,True,False,False,False,True,True,True,False,False,False,False,2026-11-05,False,False,4,"thin RVOL, below 200-MA",near21,3,https://www.tradingview.com/chart/?symbol=NASDAQ:TTD&interval=D,False,False,False
NAMS,NewAmsterdam Pharma Company N.V.,NASDAQ,Pharmaceuticals: Major,23.32,22.25,24.13,25.23,26.94,30.15,30.83,31.65,22.87,24.02,23.72,22.13,6.35,6.07,1.42,2148108.4,1520605.9666666666,35460531.0,38365395.0,1.28,1.46,2787606804.8131094,-16.68,386,-26.09,364,-24.68,384,-22.48,-2.22,-3.36,0.48,1.13,84.1,0.336,40.34,False,False,False,False,False,True,False,False,False,True,True,False,False,False,True,False,2026-11-11,False,False,3,"LoD>60% ATR, thin RVOL, below 200-MA","near21, RVOL",2,https://www.tradingview.com/chart/?symbol=NASDAQ:NAMS&interval=D,False,False,False
QS,QuantumScape Corporation,NASDAQ,Electrical Products,5.05,5.13,5.37,5.59,5.6,6.65,6.7,7.63,5.16,5.34,5.19,5.02,4.24,5.33,0.27,11233922.8,14152076.466666667,71467986.0,79065293.0,1.19,1.76,3126523218.5686274,-12.93,351,-31.66,394,-24.96,385,-23.19,-1.85,-5.94,1.03,0.63,11.2,0.203,49.58,False,False,False,False,False,True,True,False,False,True,False,True,False,False,False,False,2026-10-28,False,False,4,"thin RVOL, below 200-MA",near21,4,https://www.tradingview.com/chart/?symbol=NASDAQ:QS&interval=D,False,False,False
UUUU,Energy Fuels Inc,AMEX,Other Metals/Minerals,12.14,12.52,13.7,14.02,13.3,15.16,16.72,17.29,12.55,13.16,12.33,11.91,5.08,6.34,0.77,7770370.7,6805429.733333333,82617917.0,95398514.0,1.1,0.08,3214351062.814634,-17.02,389,-19.34,327,-33.26,406,-23.21,-1.38,-11.37,1.22,0.55,29.9,0.411,39.33,False,False,False,False,False,True,True,True,False,True,False,True,False,False,False,False,2026-10-30,False,False,4,"thin RVOL, below 200-MA","near21, ADR",5,https://www.tradingview.com/chart/?symbol=AMEX:UUUU&interval=D,False,False,False
ALB,Albemarle Corporation,NYSE,Chemicals: Specialty,116.8,115.92,124.81,128.02,124.9,144.77,155.8,156.21,117.06,121.8,117.59,112.8,4.16,4.59,5.36,2731880.1,2348118.033333333,274260186.0,300599809.0,1.45,0.62,13782990584.739637,-16.48,385,-21.08,338,-34.38,408,-23.98,-1.41,-6.42,0.9,0.89,74.7,0.314,34.5,False,False,False,False,False,True,True,False,False,True,False,False,False,True,True,False,2026-11-04,False,False,4,"LoD>60% ATR, below 200-MA","near21, RVOL",3,https://www.tradingview.com/chart/?symbol=NYSE:ALB&interval=D,False,False,False
NXT,Nextpower Inc.,NASDAQ,Electronic Equipment/Instruments,82.52,81.65,83.24,87.35,92.63,108.85,110.77,108.12,82.28,84.62,84.08,82.2,4.51,5.31,4.39,2376397.9,2082052.1666666667,171810945.0,181860317.0,0.73,1.12,12520720442.945038,-6.23,253,-31.23,389,-35.2,410,-24.22,-2.05,-0.86,0.47,0.43,7.3,0.12,35.29,False,False,False,False,True,True,True,True,False,True,False,True,False,True,False,False,2026-10-22,False,False,5,below 200-MA,"near21, ADR",6,https://www.tradingview.com/chart/?symbol=NASDAQ:NXT&interval=D,False,False,False
PUMP,ProPetro Holding Corp.,NYSE,Oilfield Services/Equipment,10.03,10.74,10.97,11.23,11.49,13.41,13.57,12.79,10.58,10.93,10.43,9.89,5.12,5.72,0.57,4384582.6,3273336.433333333,32831564.0,36761750.0,1.02,-1.08,1231923834.4773622,-12.09,340,-30.4,386,-31.11,403,-24.53,-2.22,-8.61,1.44,0.94,24.4,0.221,28.19,False,False,False,False,False,True,True,False,False,True,False,True,False,False,False,False,2026-11-04,False,False,4,"thin RVOL, below 200-MA",near21,4,https://www.tradingview.com/chart/?symbol=NYSE:PUMP&interval=D,False,False,False
LBRT,Liberty Energy Inc.,NYSE,Oilfield Services/Equipment,18.04,19.74,19.74,20.06,20.36,24.84,26.21,24.89,19.34,19.76,18.92,17.93,4.81,5.4,0.97,3558896.9,3374453.2333333334,60875136.0,67689282.0,1.3,-1.27,2943973303.889655,-6.91,266,-31.46,391,-36.77,413,-25.05,-2.11,-8.62,1.61,1.01,11.3,0.206,35.86,False,False,False,False,False,False,False,False,False,False,True,True,False,False,True,False,2026-10-21,False,False,4,"thin RVOL, below 200-MA",RVOL,2,https://www.tradingview.com/chart/?symbol=NYSE:LBRT&interval=D,False,False,False
JOBY,"Joby Aviation, Inc.",NYSE,Aerospace & Defense,6.44,6.28,6.6,7.01,7.24,8.52,8.76,9.94,6.38,6.65,6.57,6.31,4.29,4.97,0.32,27896959.5,26337254.766666666,169611921.0,184553923.0,0.76,2.03,6400551309.809673,-16.36,382,-32.07,395,-27.07,390,-25.17,-2.23,-2.48,0.63,0.81,40.6,0.218,56.85,False,False,False,False,True,True,True,False,False,True,False,True,False,False,False,False,2026-11-11,False,True,3,"thin RVOL, below 200-MA, large gap",near21,5,https://www.tradingview.com/chart/?symbol=NYSE:JOBY&interval=D,False,False,False
AMPX,"Amprius Technologies, Inc.",NYSE,Electrical Products,9.98,9.49,9.72,10.22,10.27,13.45,14.51,13.52,9.62,9.83,10.05,9.62,4.38,5.76,0.57,4443034.6,4657654.733333333,46483394.0,47598126.0,1.01,1.98,1457884610.239334,-2.92,212,-30.21,385,-42.61,424,-25.25,-0.49,2.63,0.26,0.75,62.6,0.159,50.26,False,False,False,False,True,True,True,False,False,True,False,False,False,False,False,False,2026-11-05,False,False,3,"LoD>60% ATR, thin RVOL, below 200-MA",near21,4,https://www.tradingview.com/chart/?symbol=NYSE:AMPX&interval=D,False,False,False
FRMI,Fermi Inc.,NASDAQ,Real Estate Development,5.14,5.11,5.16,5.54,5.85,6.36,6.62,7.41,5.08,5.28,5.23,5.01,6.18,7.52,0.39,17886879.9,19249960.466666665,98944797.0,106587031.0,0.64,-0.2,3292002122.114625,-14.48,362,-40.23,416,-22.36,372,-25.69,-1.62,-0.43,0.35,0.57,33.3,0.281,44.77,False,False,False,False,True,True,True,True,False,True,False,True,False,False,False,False,2026-11-17,False,False,4,"thin RVOL, below 200-MA","near21, ADR",6,https://www.tradingview.com/chart/?symbol=NASDAQ:FRMI&interval=D,False,False,False
PCG,Pacific Gas & Electric Co.,NYSE,Electric Utilities,12.88,13.45,14.47,15.53,16.32,16.48,16.93,16.64,13.5,14.39,13.15,12.77,4.1,5.08,0.65,38838766.8,46842345.53333333,603329410.0,727633381.0,1.54,0.7,28366485310.683155,-28.68,436,-24.01,351,-26.06,386,-26.25,-4.15,-10.99,2.07,0.58,16.8,0.484,27.03,False,False,False,False,False,False,True,True,False,True,False,True,True,True,True,False,2026-10-22,False,False,5,below 200-MA,"ADR, RVOL",4,https://www.tradingview.com/chart/?symbol=NYSE:PCG&interval=D,False,False,False
CAR,"Avis Budget Group, Inc.",NASDAQ,Finance/Rental/Leasing,107.73,119.32,129.85,133.67,141.29,154.04,167.61,157.1,119.51,127.1,119.82,107.47,5.04,5.77,6.22,496409.8,369625.43333333335,39819748.0,49406846.0,1.12,2.18,3805643359.8673882,-25.16,430,-41.41,419,-12.41,328,-26.33,-4.12,-17.04,2.64,1.99,4.2,0.362,44.83,False,False,False,False,False,False,False,False,False,False,True,True,False,False,False,False,2026-11-02,False,True,3,"thin RVOL, below 200-MA, large gap",,2,https://www.tradingview.com/chart/?symbol=NASDAQ:CAR&interval=D,False,False,False
CHTR,"Charter Communications, Inc.",NASDAQ,Cable/Satellite TV,117.26,134.19,142.98,145.72,142.97,142.41,168.55,178.67,132.7,139.05,126.5,117.06,6.21,6.08,7.13,3236146.5,2871377.1333333333,336697683.0,418403676.0,1.59,2.11,20534006422.224564,-21.35,418,-11.5,290,-46.38,427,-26.41,-2.96,-17.99,2.58,1.33,2.9,0.309,37.93,False,False,False,False,False,False,False,False,False,False,True,True,True,True,True,False,2026-10-30,False,True,4,"below 200-MA, large gap",RVOL,2,https://www.tradingview.com/chart/?symbol=NASDAQ:CHTR&interval=D,False,False,False
WING,Wingstop Inc.,NASDAQ,Restaurants,102.38,107.24,109.16,111.44,120.14,135.04,156.79,182.37,106.34,109.85,109.78,102.32,6.43,6.42,6.57,1494522.8,1231024.0666666667,126032244.0,137189836.0,0.92,2.24,2789091915.587254,-9.53,300,-32.85,398,-36.9,414,-26.43,-2.3,-6.21,1.06,1.14,0.9,0.165,73.39,False,False,False,False,False,True,False,False,False,True,True,True,False,False,False,False,2026-11-04,False,True,3,"thin RVOL, below 200-MA, large gap",near21,3,https://www.tradingview.com/chart/?symbol=NASDAQ:WING&interval=D,False,False,False
RUN,Sunrun Inc.,NASDAQ,Semiconductors,8.79,8.58,8.75,9.04,9.69,11.65,12.32,13.95,8.67,8.88,8.95,8.72,4.7,5.34,0.47,7478996.1,7338398.233333333,64504520.0,66333005.0,0.65,1.14,2117044988.0000002,-7.38,275,-43.25,425,-31.0,401,-27.21,-1.75,0.5,0.18,0.48,13.9,0.128,61.05,False,False,False,False,True,True,True,True,False,True,False,True,False,False,False,False,2026-11-04,False,False,4,"thin RVOL, below 200-MA","near21, ADR",6,https://www.tradingview.com/chart/?symbol=NASDAQ:RUN&interval=D,False,False,False
PLNT,"Planet Fitness, Inc.",NYSE,Other Consumer Services,42.6,49.16,50.43,50.78,52.02,52.36,60.21,70.5,48.48,49.9,48.33,41.79,4.63,4.97,2.12,2682378.3,2067148.5666666667,88060529.0,104960847.0,3.57,2.51,3217704569.534538,-20.06,412,-18.39,323,-43.18,425,-27.21,-3.64,-15.52,2.94,3.09,38.2,0.18,50.09,False,False,False,False,False,False,False,False,False,False,True,True,True,True,True,False,2026-11-10,False,True,4,"below 200-MA, large gap",RVOL,2,https://www.tradingview.com/chart/?symbol=NYSE:PLNT&interval=D,False,False,False
XE,"X-Energy, Inc.",NASDAQ,Industrial Machinery,16.36,15.81,17.04,17.99,17.52,20.72,,,16.23,16.88,16.6,15.97,7.39,8.97,1.47,8165850.4,6464723.5,105762876.0,116302531.0,0.49,0.79,6648149469.954795,-12.18,343,-21.27,339,-48.91,429,-27.45,-0.74,-4.0,0.35,0.43,26.6,0.33,30.03,False,False,False,False,False,True,True,True,False,True,False,True,False,False,False,False,2026-12-02,False,False,4,"thin RVOL, below 200-MA","near21, ADR",5,https://www.tradingview.com/chart/?symbol=NASDAQ:XE&interval=D,False,False,False
STUB,"StubHub Holdings, Inc.",NYSE,Internet Software/Services,5.74,5.94,6.19,6.59,7.54,8.87,8.43,9.57,5.99,6.35,6.1,5.72,5.15,6.04,0.35,7045019.9,7461215.3,42827376.0,49171896.0,1.05,1.68,2193196333.741176,-16.33,381,-51.44,434,-15.46,341,-27.74,-3.96,-7.31,1.59,1.08,4.3,0.195,63.3,False,False,False,False,False,False,False,False,False,False,True,True,False,False,False,False,2026-11-12,False,False,4,"thin RVOL, below 200-MA",,2,https://www.tradingview.com/chart/?symbol=NYSE:STUB&interval=D,False,False,False
BROS,Dutch Bros Inc.,NYSE,Restaurants,38.76,41.78,45.14,46.89,53.45,56.95,55.34,56.44,41.66,44.87,40.1,38.58,4.4,4.97,1.93,4768044.1,4242743.5,164448738.0,198954971.0,1.29,1.79,6771596912.944061,-21.47,420,-42.11,422,-22.91,373,-28.83,-5.53,-14.13,2.74,0.79,9.3,0.35,39.13,False,False,False,False,False,False,True,False,False,False,False,True,False,False,True,False,2026-11-11,False,False,4,"thin RVOL, below 200-MA",RVOL,3,https://www.tradingview.com/chart/?symbol=NYSE:BROS&interval=D,False,False,False
TE,T1 Energy Inc.,NYSE,Electrical Products,4.36,4.41,4.51,4.59,4.91,6.51,6.35,6.56,4.39,4.54,4.45,4.34,6.48,8.92,0.39,17020986.9,20722763.833333332,90351250.0,95117486.0,0.63,-1.12,1283917624.2606742,-1.58,200,-52.66,435,-32.92,405,-29.05,-1.26,-3.38,0.44,0.27,3.9,0.228,49.22,False,False,False,False,False,True,True,True,False,True,False,True,False,False,False,False,2026-11-11,False,False,4,"thin RVOL, below 200-MA","near21, ADR",5,https://www.tradingview.com/chart/?symbol=NYSE:TE&interval=D,False,False,False
UAMY,United States Antimony Corporation,NYSE,Other Metals/Minerals,4.8,4.8,4.95,5.12,5.37,6.91,7.73,7.61,4.82,4.99,4.91,4.71,5.65,7.19,0.35,5160229.0,7134180.1,34244064.0,36553161.0,0.91,-0.2,718413038.8594705,-10.45,314,-31.53,393,-48.94,430,-30.3,-1.47,-2.93,0.53,0.58,26.1,0.208,60.94,False,False,False,False,True,True,True,True,False,True,False,True,False,False,False,False,2026-11-18,False,False,4,"thin RVOL, below 200-MA","near21, ADR",6,https://www.tradingview.com/chart/?symbol=NYSE:UAMY&interval=D,False,False,False
AGX,"Argan, Inc.",NYSE,Engineering & Construction,371.25,391.14,410.07,454.89,505.08,597.3,571.45,514.82,393.0,422.9,385.0,369.9,5.5,6.79,25.23,504905.4,408121.6,151515144.0,185649754.0,0.85,0.92,5208578561.181337,-28.78,437,-49.1,430,-13.7,335,-30.53,-3.9,-9.47,1.8,0.6,5.4,0.24,55.53,False,False,False,False,False,False,True,True,False,True,False,True,False,False,False,False,2026-12-09,False,False,4,"thin RVOL, below 200-MA",ADR,4,https://www.tradingview.com/chart/?symbol=NYSE:AGX&interval=D,False,False,False
MTZ,"MasTec, Inc.",NYSE,Engineering & Construction,221.69,225.6,233.61,248.6,274.33,331.75,329.29,305.69,225.2,237.39,226.74,220.01,4.82,5.98,13.26,1607467.9,1577425.1333333333,349699378.0,392140527.0,0.88,0.32,17802803190.91099,-19.79,409,-42.06,421,-30.12,399,-30.66,-3.21,-5.1,1.11,0.51,12.7,0.196,47.88,False,False,False,False,False,True,True,True,False,True,False,True,False,True,False,False,2026-10-29,False,False,5,below 200-MA,"near21, ADR",5,https://www.tradingview.com/chart/?symbol=NYSE:MTZ&interval=D,False,False,False
XENE,Xenon Pharmaceuticals Inc.,NASDAQ,Pharmaceuticals: Major,39.09,52.28,56.45,58.43,61.13,58.79,56.94,53.36,49.66,54.52,39.76,37.97,4.76,7.28,2.84,2965296.1,1432155.8,55982970.0,83687069.0,0.84,1.97,3785492619.5393696,-35.33,440,-28.42,377,-29.41,396,-31.06,-4.96,-30.76,3.89,0.63,39.4,0.524,22.63,False,False,False,False,False,False,True,False,False,False,False,True,False,False,False,False,2026-11-11,False,False,4,"thin RVOL, below 200-MA",,3,https://www.tradingview.com/chart/?symbol=NASDAQ:XENE&interval=D,False,False,False
LASR,"nLIGHT, Inc.",NASDAQ,Semiconductors,41.2,39.52,40.76,43.7,53.48,61.96,62.8,57.73,40.1,42.51,41.39,39.6,4.12,6.24,2.57,899297.2,1234871.2666666666,50876696.0,53963051.0,1.03,0.0,2376836034.973874,-16.16,380,-36.86,408,-40.29,422,-31.1,-3.68,1.08,0.49,0.7,62.2,0.185,56.49,False,False,False,False,True,True,True,False,False,True,False,False,False,False,False,False,2026-10-29,False,False,3,"LoD>60% ATR, thin RVOL, below 200-MA",near21,4,https://www.tradingview.com/chart/?symbol=NASDAQ:LASR&interval=D,False,False,False
PZZA,"Papa John's International, Inc.",NASDAQ,Restaurants,20.4,20.7,21.92,22.56,25.67,29.77,31.32,32.93,20.81,21.97,21.14,20.18,4.08,4.4,0.9,1755167.9,1371554.5333333334,27979712.0,30939070.0,0.74,2.37,671602466.8506653,-12.48,348,-42.68,424,-38.55,417,-31.24,-4.67,-6.94,1.63,1.07,24.5,0.249,59.99,False,False,False,False,False,False,False,False,False,False,True,True,False,False,False,False,2026-10-29,False,True,3,"thin RVOL, below 200-MA, large gap",,2,https://www.tradingview.com/chart/?symbol=NASDAQ:PZZA&interval=D,False,False,False
CAVA,"CAVA Group, Inc.",NYSE,Restaurants,52.66,52.85,58.53,62.53,63.48,71.67,75.65,72.3,53.78,57.55,55.41,52.66,4.13,5.28,2.78,4723622.4,3651886.3,192308333.0,228362189.0,1.08,1.56,6151014392.756154,-27.19,434,-32.1,396,-34.93,409,-31.41,-3.23,-10.04,1.61,0.99,0.0,0.433,43.29,False,False,False,False,False,False,True,False,False,False,False,True,False,False,False,False,2026-11-10,False,False,4,"thin RVOL, below 200-MA",,3,https://www.tradingview.com/chart/?symbol=NYSE:CAVA&interval=D,False,False,False
FTFT,Future FinTech Group Inc.,NASDAQ,Finance/Rental/Leasing,4.02,4.81,3.41,3.31,3.81,9.81,14.04,22.35,4.61,4.07,4.44,3.73,36.3,33.17,1.33,30438283.0,10805779.75,43439235.0,35764321.0,0.01,-5.1,32471518.80266075,46.72,7,-61.92,439,-79.74,445,-31.65,0.17,17.92,0.04,0.53,21.7,2.337,471.23,False,False,False,False,False,True,True,True,False,True,False,True,False,False,False,False,,False,True,3,"thin RVOL, below 200-MA, large gap","near21, ADR",5,https://www.tradingview.com/chart/?symbol=NASDAQ:FTFT&interval=D,True,False,False
CAPR,"Capricor Therapeutics, Inc.",NASDAQ,Pharmaceuticals: Major,9.34,8.8,9.14,8.14,9.76,18.89,22.82,23.54,8.97,8.92,9.48,8.89,6.71,9.95,0.93,2732311.5,8721823.466666667,81461831.0,71002911.0,0.91,1.24,543018128.8202246,37.15,13,-68.74,444,-68.27,442,-33.29,-0.44,2.18,0.48,0.64,48.4,0.246,157.91,False,False,True,False,True,True,True,False,False,True,False,True,False,False,False,False,2026-11-17,False,False,4,"thin RVOL, below 200-MA","EMA, near21",6,https://www.tradingview.com/chart/?symbol=NASDAQ:CAPR&interval=D,True,False,False
IONS,"Ionis Pharmaceuticals, Inc.",NASDAQ,Pharmaceuticals: Major,45.75,49.12,54.81,56.03,55.49,65.39,68.8,71.82,48.77,52.43,46.13,44.44,5.34,5.13,2.35,4922266.2,3386159.066666667,154916777.0,189716334.0,0.78,0.13,7602933181.05234,-23.29,425,-40.12,415,-36.68,412,-33.36,-3.42,-16.53,2.48,0.72,55.8,0.488,49.61,False,False,False,False,False,False,True,True,False,True,False,True,False,False,False,False,2026-11-04,False,False,4,"thin RVOL, below 200-MA",ADR,4,https://www.tradingview.com/chart/?symbol=NASDAQ:IONS&interval=D,False,False,False
LCID,"Lucid Group, Inc.",NASDAQ,Motor Vehicles,4.32,4.2,4.52,5.01,5.79,5.82,6.92,8.0,4.31,4.65,4.39,4.16,6.13,8.23,0.36,12814416.299999977,11127367.333333341,48070227.0,55764801.0,0.7,1.63,1702383298.1581397,-23.54,426,-17.71,317,-58.9,439,-33.38,-3.08,-4.33,0.86,0.65,45.0,0.32,88.03,False,False,False,False,False,True,True,False,False,True,False,True,False,False,False,False,2026-11-10,False,False,4,"thin RVOL, below 200-MA",near21,4,https://www.tradingview.com/chart/?symbol=NASDAQ:LCID&interval=D,False,False,False
OPEN,Opendoor Technologies Inc,NASDAQ,Real Estate Development,2.76,2.72,2.98,3.16,3.51,4.12,4.41,4.82,2.76,2.96,2.81,2.71,4.64,6.21,0.17,35941128.8,36370950.4,100383823.0,114944327.0,0.81,3.36,2680211405.104477,-21.37,419,-34.29,402,-44.91,426,-33.52,-3.44,-7.29,1.11,0.58,29.2,0.404,76.18,False,False,False,False,False,True,True,False,False,True,False,True,False,False,False,False,2026-11-05,False,True,3,"thin RVOL, below 200-MA, large gap",near21,4,https://www.tradingview.com/chart/?symbol=NASDAQ:OPEN&interval=D,False,False,False
INIO,INNIO N.V.,NASDAQ,Electrical Products,19.51,19.66,20.4,22.21,24.1,,,,20.02,20.99,20.41,19.01,6.66,8.48,1.65,6308591.3,4464719.433333334,87106676.0,99151001.0,1.02,0.54,14632499450.2601,-15.61,375,-49.05,429,-37.06,415,-33.91,-2.25,-4.34,0.83,0.85,30.2,0.277,22.76,False,False,False,False,False,True,True,False,False,True,False,True,False,True,False,False,2026-12-02,False,False,5,below 200-MA,near21,4,https://www.tradingview.com/chart/?symbol=NASDAQ:INIO&interval=D,False,False,False
RARE,Ultragenyx Pharmaceutical Inc.,NASDAQ,Pharmaceuticals: Major,15.62,14.18,18.46,21.02,23.51,25.1,24.2,24.94,15.31,17.82,16.12,14.48,5.8,9.17,1.43,6726995.0,5021406.533333333,78409263.0,105552476.0,1.25,0.89,1539465239.6907852,-39.38,444,-46.19,427,-20.7,367,-35.42,-3.66,-15.41,1.35,1.15,79.6,1.215,69.88,False,False,False,False,False,True,False,False,False,True,True,False,False,False,True,False,2026-11-04,False,False,3,"LoD>60% ATR, thin RVOL, below 200-MA","near21, RVOL",2,https://www.tradingview.com/chart/?symbol=NASDAQ:RARE&interval=D,False,False,False
UTI,Universal Technical Institute Inc,NYSE,Miscellaneous Commercial Services,20.41,20.74,21.16,22.27,28.62,34.77,35.16,33.12,20.92,22.22,21.37,20.23,5.87,7.09,1.45,2129421.0,1874461.6666666667,38257763.0,41745511.0,1.53,3.14,1124493609.2326257,-10.87,324,-48.41,428,-48.15,428,-35.81,-4.05,-3.55,1.15,0.79,12.4,0.118,70.65,False,False,False,False,False,True,True,False,False,True,False,True,True,True,True,False,2026-11-25,False,True,4,"below 200-MA, large gap","near21, RVOL",4,https://www.tradingview.com/chart/?symbol=NYSE:UTI&interval=D,False,False,False
FRVO,Fervo Energy Company,NASDAQ,Alternative Power Generation,16.44,16.09,16.54,17.29,19.87,,,,16.46,17.09,16.97,16.3,7.59,9.41,1.55,5056241.2,6409994.466666667,105380309.0,110801028.0,0.68,0.3,4845906907.38681,-3.29,219,-50.18,432,-54.33,434,-35.94,-1.83,-0.63,0.4,0.43,9.0,0.32,22.98,False,False,False,False,True,True,True,True,False,True,False,True,False,False,False,False,2026-12-02,False,False,4,"thin RVOL, below 200-MA","near21, ADR",6,https://www.tradingview.com/chart/?symbol=NASDAQ:FRVO&interval=D,False,False,False
YSS,York Space Systems Inc.,NYSE,Aerospace & Defense,9.91,8.41,8.68,9.24,11.99,20.3,22.58,,8.86,9.26,10.03,9.3,6.94,8.97,0.89,5355953.1,4053761.1333333333,40172773.0,37470265.0,0.68,0.31,1361213897.2295082,7.02,124,-65.3,441,-54.56,436,-37.61,-1.93,14.12,0.79,0.82,68.6,0.301,142.99,False,False,False,False,False,True,True,False,False,True,False,False,False,False,False,False,2026-12-02,False,False,3,"LoD>60% ATR, thin RVOL, below 200-MA",near21,3,https://www.tradingview.com/chart/?symbol=NYSE:YSS&interval=D,False,False,False
RCAT,"Red Cat Holdings, Inc.",NASDAQ,Packaged Software,6.94,7.48,8.07,8.74,8.5,9.65,10.95,11.02,7.42,7.96,7.02,6.81,6.37,7.88,0.55,10726018.2,8597670.966666667,59667837.0,75168004.0,0.98,1.01,1059837597.48777,-27.71,435,-31.29,390,-55.46,437,-38.15,-2.33,-13.97,1.62,0.38,23.8,0.364,50.99,False,False,False,False,False,False,True,True,False,True,False,True,False,False,False,False,2026-11-12,False,False,4,"thin RVOL, below 200-MA",ADR,4,https://www.tradingview.com/chart/?symbol=NASDAQ:RCAT&interval=D,False,False,False
PL,Planet Labs PBC,NYSE,Packaged Software,16.91,16.6,18.16,19.91,20.82,28.46,29.13,27.26,17.05,18.26,17.25,16.61,6.23,6.48,1.1,10169430.6,9291032.266666668,157111356.0,184968967.0,0.86,0.47,6152669282.758641,-24.68,428,-39.76,414,-51.64,432,-38.69,-2.9,-6.89,1.14,0.58,27.2,0.402,74.11,False,False,False,False,False,True,True,True,False,True,False,True,False,False,False,False,2026-12-14,False,False,4,"thin RVOL, below 200-MA","near21, ADR",5,https://www.tradingview.com/chart/?symbol=NYSE:PL&interval=D,False,False,False
BW,"Babcock & Wilcox Enterprises, Inc.",NYSE,Electronic Equipment/Instruments,7.34,7.27,7.31,7.92,8.67,12.45,12.96,11.63,7.3,7.6,7.59,7.17,5.83,8.43,0.62,4312383.9,5440091.533333333,39930272.0,43058324.0,0.92,-0.54,1093403544.0,-14.25,360,-53.6,437,-51.55,431,-39.8,-1.82,0.36,0.41,0.67,26.7,0.172,77.5,False,False,False,False,True,True,True,False,False,True,False,True,False,False,False,False,2026-11-11,False,False,4,"thin RVOL, below 200-MA",near21,5,https://www.tradingview.com/chart/?symbol=NYSE:BW&interval=D,False,False,False
HTZ,"Hertz Global Holdings, Inc",NASDAQ,Finance/Rental/Leasing,1.85,1.93,2.07,2.14,2.01,3.3,3.9,4.25,1.93,2.02,1.9,1.85,5.98,7.96,0.15,12885765.9,25754180.433333334,47645234.0,55079607.0,0.91,1.62,659435127.9999999,-11.06,327,-53.28,436,-57.37,438,-40.57,-1.0,-10.62,1.05,0.37,0.0,0.316,125.27,False,False,False,False,False,True,True,True,False,True,False,True,False,False,False,False,2026-10-22,False,False,4,"thin RVOL, below 200-MA","near21, ADR",5,https://www.tradingview.com/chart/?symbol=NASDAQ:HTZ&interval=D,False,False,False
KRMN,Karman Holdings Inc.,NYSE,Aerospace & Defense,33.5,35.37,39.37,45.75,47.46,51.57,64.04,70.12,36.34,40.0,35.6,33.07,7.16,8.25,2.76,4924477.4,3215632.8333333335,107723700.0,147101268.0,0.94,0.97,4439879057.512071,-38.64,442,-27.06,369,-66.76,440,-44.16,-3.57,-14.92,1.97,0.92,15.6,0.489,103.73,False,False,False,False,False,False,True,False,False,False,False,True,False,False,False,False,2026-11-05,False,False,4,"thin RVOL, below 200-MA",,3,https://www.tradingview.com/chart/?symbol=NYSE:KRMN&interval=D,False,False,False
SOC,Sable Offshore Corp.,NYSE,Integrated Oil,4.31,4.69,4.7,4.64,4.59,7.77,9.75,9.5,4.58,4.66,4.43,4.23,7.6,8.67,0.37,8160954.6,9181331.866666667,39571540.0,42573836.0,0.61,-0.69,826957888.4064665,-15.16,369,-49.77,431,-76.04,444,-46.99,-0.7,-8.37,0.87,0.54,21.4,0.185,119.73,False,False,False,False,False,True,True,True,False,True,False,True,False,False,False,False,2026-11-12,False,False,4,"thin RVOL, below 200-MA","near21, ADR",5,https://www.tradingview.com/chart/?symbol=NYSE:SOC&interval=D,False,False,False
FLNC,"Fluence Energy, Inc.",NASDAQ,Electrical Products,7.27,8.71,9.76,10.6,11.97,16.16,15.72,17.57,8.51,9.66,7.49,7.14,6.94,10.37,0.75,10422011.0,7316839.966666667,53193427.0,77524358.0,0.78,1.35,1342015588.945873,-35.89,441,-66.09,442,-54.39,435,-52.12,-3.78,-25.49,2.38,0.46,16.6,0.546,121.84,False,False,False,False,False,False,True,True,False,True,False,True,False,False,False,False,2026-11-30,False,False,4,"thin RVOL, below 200-MA",ADR,4,https://www.tradingview.com/chart/?symbol=NASDAQ:FLNC&interval=D,False,False,False
ALHC,"Alignment Healthcare, Inc.",NASDAQ,Managed Health Care,7.99,10.38,11.98,12.42,14.61,16.82,17.68,18.48,9.92,11.47,8.5,7.85,10.3,10.79,0.86,14904960.0,7758722.033333333,61992189.0,96393069.0,0.85,1.32,1657406834.5918365,-38.87,443,-63.5,440,-54.29,433,-52.22,-4.2,-33.3,2.81,0.75,16.2,0.729,101.36,False,False,False,False,False,False,True,False,False,False,False,True,False,False,False,False,2026-10-29,False,False,4,"thin RVOL, below 200-MA",,3,https://www.tradingview.com/chart/?symbol=NASDAQ:ALHC&interval=D,False,False,False
EYPT,"EyePoint, Inc.",NASDAQ,Pharmaceuticals: Major,4.07,4.01,4.34,5.79,8.57,10.91,12.13,13.07,4.11,5.0,4.22,3.97,8.23,13.83,0.56,4398645.399999996,6171309.133333334,25117228.0,35758622.0,1.07,1.49,350883420.12686574,-25.66,431,-71.7,445,-68.64,443,-55.33,-3.79,-6.21,1.34,0.43,17.4,0.371,222.61,False,False,False,False,False,True,True,True,False,True,False,True,False,False,False,False,2026-11-04,False,False,4,"thin RVOL, below 200-MA","near21, ADR",5,https://www.tradingview.com/chart/?symbol=NASDAQ:EYPT&interval=D,False,False,False
ALMS,Alumis Inc.,NASDAQ,Pharmaceuticals: Major,8.11,8.6,12.69,16.63,21.1,22.47,23.46,22.28,9.21,12.6,8.14,7.67,9.0,15.91,1.29,3974486.1,3565108.6333333333,28913031.0,59293698.0,0.61,1.39,1082645676.7658226,-64.71,445,-66.69,443,-67.19,441,-66.2,-3.87,-36.11,2.24,0.36,34.1,1.907,183.13,False,False,False,False,False,False,True,True,False,True,False,True,False,False,False,False,2026-11-12,False,False,4,"thin RVOL, below 200-MA",ADR,4,https://www.tradingview.com/chart/?symbol=NASDAQ:ALMS&interval=D,False,False,False
