name,description,exchange,industry,close,SMA10,SMA20,SMA30,SMA50,SMA100,SMA150,SMA200,EMA10,EMA21,high,low,ADRP,ATRP,atr_abs,average_volume_10d_calc,average_volume_30d_calc,dollar_volume_30d,average_dollar_volume_30d,rvol,gap_pct,market_cap_basic,Perf.1M,perf_1m_rank,Perf.3M,perf_3m_rank,Perf.6M,perf_6m_rank,momentum_score,atr_extension_from_50d,sma20_distance_pct,ema21_atr_dist,day_range_atr,lod_atr_pct,bb_width,ma_spread_pct,above_all_mas,ma_aligned,ema_aligned,above_sma200,near_sma20,near_ema,range_tight,adr_tight,bb_tight,plan_tight,wide_day,lod_ok,rvol_ok,rvol_pass,rvol_expand,ma_coiled,earnings_date,earnings_soon,large_gap,hard_rule_passes,hard_rule_fails,tightness_flags,focus_score,tradingview_url,is_top_1m,is_top_3m,is_top_6m
CYPH,Cypherpunk Technologies Inc.,NASDAQ,Financial Conglomerates,3.31,3.36,2.78,2.31,1.65,1.26,1.1,1.06,3.39,2.84,4.14,3.18,16.48,14.38,0.48,22922008.0,16637412.6,55069836.0,38460540.0,1.25,-2.18,356700092.49757284,81.87,6,435.6,1,332.96,3,283.48,6.99,19.04,1.14,2.02,27.3,1.084,69.28,False,False,False,True,False,True,False,False,False,True,True,True,False,False,True,False,2026-11-16,False,True,3,">4x 50-MA, thin RVOL, large gap","near21, RVOL",4,https://www.tradingview.com/chart/?symbol=NASDAQ:CYPH&interval=D,True,True,True
QMCO,Quantum Corporation,NASDAQ,Computer Peripherals,31.4,26.74,25.29,24.39,20.09,15.6,12.39,11.03,27.62,25.44,32.9,31.07,7.57,7.74,2.43,2192739.0,1487952.9,46721721.0,36296379.0,0.76,-0.09,1237474006.9381313,34.07,13,165.43,3,547.42,1,248.97,7.28,24.15,3.03,0.75,13.6,0.402,50.05,True,True,True,True,False,False,True,False,False,False,False,True,False,False,False,False,2026-11-13,False,False,4,">4x 50-MA, thin RVOL",EMA,7,https://www.tradingview.com/chart/?symbol=NASDAQ:QMCO&interval=D,True,True,True
USDE,StablecoinX Inc.,NASDAQ,Packaged Software,15.56,11.63,9.69,8.24,5.74,6.76,8.6,9.74,12.63,10.19,17.07,15.51,10.31,11.3,1.76,7039690.4,8951604.866666667,139286972.0,73804490.0,0.6,-4.0,423031728.81855077,114.92,5,416.94,2,61.0,104,197.62,15.14,60.5,4.66,0.88,2.8,1.357,37.84,True,True,True,True,False,False,True,False,False,False,False,True,False,False,False,False,,False,True,3,">4x 50-MA, thin RVOL, large gap",EMA,7,https://www.tradingview.com/chart/?symbol=NASDAQ:USDE&interval=D,True,True,False
MXL,"MaxLinear, Inc",NASDAQ,Semiconductors,90.0,81.96,73.31,71.3,71.81,81.34,63.31,52.07,83.25,77.51,93.48,86.02,6.62,7.36,6.63,3399155.5,2666847.566666667,240016281.0,190156899.0,0.98,-1.66,8162386232.416881,44.12,10,-17.64,292,411.36,2,145.95,3.44,22.77,2.19,1.13,60.1,0.608,33.21,True,True,True,True,False,False,False,False,False,False,True,False,False,False,False,False,2026-10-28,False,False,4,"LoD>60% ATR, thin RVOL",EMA,5,https://www.tradingview.com/chart/?symbol=NASDAQ:MXL&interval=D,True,False,True
CDNA,"CareDx, Inc.",NASDAQ,Medical Specialties,64.6,56.91,53.57,51.92,48.05,36.5,30.55,27.85,57.98,54.46,65.5,62.3,4.39,4.45,2.88,1456260.4,1242272.1333333333,80250780.0,64497527.0,0.76,-2.17,3342030783.8473616,25.45,23,124.46,6,263.74,6,137.88,7.73,20.58,4.18,1.11,79.9,0.34,44.99,True,True,True,True,False,False,False,False,False,False,True,False,False,False,False,False,2026-11-10,False,True,2,"LoD>60% ATR, >4x 50-MA, thin RVOL, large gap",EMA,5,https://www.tradingview.com/chart/?symbol=NASDAQ:CDNA&interval=D,True,True,True
ASST,"Strive, Inc.",NASDAQ,Financial Conglomerates,29.0,29.04,27.72,24.56,19.61,17.2,15.27,15.28,28.83,26.72,30.4,28.72,6.34,6.44,1.87,9587337.200000001,10148547.966666667,294307891.0,249268635.0,0.74,0.37,2830317290.896739,28.89,18,160.32,4,181.01,14,123.41,7.43,4.64,1.32,0.9,15.2,0.269,47.47,False,False,True,True,False,True,True,False,False,True,False,True,False,False,False,False,2026-11-13,False,False,4,">4x 50-MA, thin RVOL","EMA, near21",6,https://www.tradingview.com/chart/?symbol=NASDAQ:ASST&interval=D,True,True,True
GRAL,"GRAIL, Inc.",NASDAQ,Medical Specialties,132.63,98.85,88.98,84.7,78.72,71.87,64.71,72.73,106.48,94.1,134.42,126.74,5.73,5.95,7.89,2144799.2,1128409.8666666667,149661001.0,95572930.0,0.54,1.58,5924082462.543778,65.42,8,93.06,11,154.59,26,104.35,11.51,49.06,6.88,0.97,74.6,0.846,25.74,True,True,True,True,False,False,True,False,False,False,False,False,False,False,False,False,2026-11-18,False,False,3,"LoD>60% ATR, >4x 50-MA, thin RVOL",EMA,6,https://www.tradingview.com/chart/?symbol=NASDAQ:GRAL&interval=D,True,True,False
AMC,"AMC Entertainment Holdings, Inc.",NYSE,Movies/Entertainment,3.29,2.85,2.69,2.65,2.61,2.24,1.92,1.83,2.89,2.75,3.4,2.9,5.41,5.79,0.19,35981664.10000004,25545186.966666672,84043665.0,67660685.0,2.39,-0.68,2936669238.0714293,20.96,28,62.87,22,229.0,8,104.28,4.54,22.12,3.35,2.62,204.7,0.324,31.02,True,True,True,True,False,False,False,False,False,False,True,False,True,True,True,False,2026-11-11,False,False,4,"LoD>60% ATR, >4x 50-MA","EMA, RVOL",5,https://www.tradingview.com/chart/?symbol=NYSE:AMC&interval=D,False,True,True
TEAM,Atlassian Corporation,NASDAQ,Packaged Software,178.54,190.29,188.05,182.85,156.01,122.58,105.78,111.92,187.96,183.41,182.11,173.5,4.47,5.13,9.15,3195131.5,3666573.2666666666,654629991.0,670450644.0,1.14,-3.0,45195406289.571526,-3.49,186,130.4,5,161.33,20,96.08,2.82,-5.06,0.52,0.94,55.1,0.131,47.33,False,False,False,True,False,True,True,False,False,True,False,True,False,True,False,False,2026-10-29,False,True,5,large gap,near21,5,https://www.tradingview.com/chart/?symbol=NASDAQ:TEAM&interval=D,False,True,True
LIFE,Ethos Technologies Inc.,NASDAQ,Packaged Software,34.24,36.17,37.38,36.99,32.21,25.85,21.77,,35.81,36.08,34.72,32.02,8.61,8.24,2.82,2084672.6,1584040.8666666667,54237559.0,58595784.0,0.63,-3.35,2183101460.739359,-13.54,301,84.68,13,205.71,11,92.29,0.76,-8.4,0.62,0.96,78.6,0.245,45.6,False,False,False,False,False,True,True,False,False,True,False,False,False,False,False,False,2026-12-02,False,True,2,"LoD>60% ATR, thin RVOL, below 200-MA, large gap",near21,3,https://www.tradingview.com/chart/?symbol=NASDAQ:LIFE&interval=D,False,True,True
SDGR,"Schrodinger, Inc.",NASDAQ,Packaged Software,29.5,28.44,24.21,22.56,20.07,17.41,15.63,15.72,27.83,25.16,30.21,28.2,7.21,6.01,1.77,3493081.3,1821382.9,53730796.0,41089184.0,0.61,-1.32,2206766017.001733,46.04,9,72.11,18,155.85,25,91.34,7.82,21.84,2.87,1.13,73.3,0.762,43.43,True,True,True,True,False,False,False,False,False,False,True,False,False,False,False,False,2026-11-11,False,False,3,"LoD>60% ATR, >4x 50-MA, thin RVOL",EMA,5,https://www.tradingview.com/chart/?symbol=NASDAQ:SDGR&interval=D,True,True,False
DELL,Dell Technologies Inc.,NYSE,Computer Processing Hardware,543.43,557.97,533.54,507.02,478.66,422.02,339.21,284.94,548.96,531.27,557.0,535.5,5.15,5.76,31.29,9335330.299999999,9172957.7,4984860403.0,4650873013.0,0.72,-1.98,345519736626.463,16.22,41,32.34,68,225.45,9,91.34,2.35,1.85,0.4,0.69,25.3,0.291,50.24,False,False,False,True,True,True,True,False,False,True,False,True,False,True,False,False,2026-12-01,False,False,6,,near21,6,https://www.tradingview.com/chart/?symbol=NYSE:DELL&interval=D,False,False,True
APPS,"Digital Turbine, Inc.",NASDAQ,Packaged Software,11.22,11.28,11.13,11.16,10.88,9.59,7.56,6.9,11.29,11.24,11.36,10.61,7.31,7.63,0.86,2984236.9,2693223.066666667,30217963.0,30053227.0,0.98,-0.99,1357802290.158416,-1.06,157,-12.48,251,281.63,5,89.36,0.41,0.78,0.02,0.88,70.8,0.218,39.11,False,False,False,True,True,True,True,False,False,True,False,False,False,False,False,False,2026-11-11,False,False,4,"LoD>60% ATR, thin RVOL",near21,5,https://www.tradingview.com/chart/?symbol=NASDAQ:APPS&interval=D,False,False,True
BLZE,"Backblaze, Inc.",NASDAQ,Computer Peripherals,13.54,13.52,13.38,14.35,14.89,12.65,9.73,8.46,13.54,13.84,13.64,12.8,5.89,6.83,0.93,1863515.0,2349861.6666666665,31817127.0,33715032.0,0.84,-1.14,838125993.8407885,-9.97,260,-8.51,218,285.75,4,89.09,-1.33,1.22,0.32,0.9,80.0,0.152,47.55,False,False,False,True,True,True,True,False,False,True,False,False,False,False,False,False,2026-11-11,False,False,4,"LoD>60% ATR, thin RVOL",near21,5,https://www.tradingview.com/chart/?symbol=NASDAQ:BLZE&interval=D,False,False,True
GLND,Greenland Energy Company,NASDAQ,Financial Conglomerates,4.49,2.85,2.07,1.85,1.91,2.29,4.2,5.75,3.35,2.54,5.7,4.23,13.44,14.49,0.65,63599469.6,21687927.966666665,97378797.0,40147969.0,0.45,-7.22,196348570.44404334,220.71,1,87.87,12,-48.39,446,86.73,9.33,116.93,5.28,2.27,40.0,2.711,85.48,False,True,True,False,False,False,False,False,False,False,True,True,False,False,False,False,2026-12-02,False,True,2,">4x 50-MA, thin RVOL, below 200-MA, large gap",EMA,4,https://www.tradingview.com/chart/?symbol=NASDAQ:GLND&interval=D,True,True,False
BAND,Bandwidth Inc.,NASDAQ,Packaged Software,61.01,55.62,52.19,51.27,51.58,56.14,44.08,36.61,57.02,54.14,62.68,59.16,8.05,7.36,4.49,1000910.2,888285.3666666667,54194290.0,45546092.0,0.67,-0.18,1963349873.6295097,17.67,37,1.72,169,239.13,7,86.17,2.49,16.9,1.72,0.78,41.2,0.43,32.02,True,True,True,True,False,False,True,True,False,True,False,True,False,False,False,False,2026-10-29,False,False,5,thin RVOL,"EMA, ADR",8,https://www.tradingview.com/chart/?symbol=NASDAQ:BAND&interval=D,False,False,True
GPRO,"GoPro, Inc.",NASDAQ,Electronics/Appliances,1.33,1.3,1.34,1.1,0.94,0.93,0.94,1.03,1.3,1.23,1.36,1.26,7.88,10.32,0.14,15402162.3,65091292.36666667,86571419.0,71563754.0,0.63,-0.78,248899825.02325583,117.96,4,71.26,19,68.23,89,85.82,4.06,-1.06,0.83,0.69,51.0,0.484,31.18,False,False,True,True,True,True,True,False,False,True,False,True,False,False,False,False,2026-11-05,False,False,4,">4x 50-MA, thin RVOL","EMA, near21",7,https://www.tradingview.com/chart/?symbol=NASDAQ:GPRO&interval=D,True,True,False
PLSE,"Pulse Biosciences, Inc",NASDAQ,Medical Specialties,52.32,52.3,52.48,51.0,45.38,35.49,30.6,27.02,52.21,51.19,53.6,51.14,8.44,6.98,3.65,595975.7,603145.8333333334,31556590.0,30761443.0,0.62,0.0,3803796443.676932,8.86,75,80.23,15,138.25,33,75.78,2.19,-0.31,0.32,0.67,32.3,0.126,48.67,False,False,True,True,True,True,True,True,False,True,False,True,False,False,False,False,2026-11-16,False,False,5,thin RVOL,"EMA, near21, ADR",8,https://www.tradingview.com/chart/?symbol=NASDAQ:PLSE&interval=D,False,True,False
SECZ,Securitize Corp.,NYSE,Packaged Software,16.63,12.55,10.02,8.77,8.08,9.72,10.19,10.52,13.34,11.05,17.01,15.57,7.92,7.52,1.25,7517341.9,3743559.033333333,62255387.0,32834756.0,0.6,0.25,2715108364.8903503,149.33,2,25.23,84,51.04,124,75.2,14.06,65.93,6.71,1.15,84.8,1.39,26.87,True,True,True,True,False,False,False,False,False,False,True,False,False,False,False,False,2026-11-13,False,False,3,"LoD>60% ATR, >4x 50-MA, thin RVOL",EMA,5,https://www.tradingview.com/chart/?symbol=NYSE:SECZ&interval=D,True,False,False
P,"Everpure, Inc.",NYSE,Computer Peripherals,129.4,111.42,103.76,104.82,97.23,86.99,79.67,77.39,114.48,107.82,130.88,124.6,4.71,5.38,6.96,12238515.8,6195984.533333333,801760399.0,649471360.0,0.39,-1.11,43119608013.9762,32.38,15,79.05,16,112.97,49,74.8,6.15,24.71,3.72,0.9,68.9,0.424,26.3,True,True,True,True,False,False,True,False,False,False,False,False,False,True,False,False,2026-12-02,False,False,4,"LoD>60% ATR, >4x 50-MA",EMA,6,https://www.tradingview.com/chart/?symbol=NYSE:P&interval=D,True,True,False
OKTA,"Okta, Inc.",NASDAQ,Packaged Software,202.18,194.83,182.82,169.64,159.25,137.64,117.02,109.74,193.94,182.85,203.44,190.5,5.11,5.01,10.13,4429058.2,4327178.133333334,874868875.0,734051681.0,0.77,-1.62,35345260738.48005,17.41,38,53.46,33,152.72,28,74.53,5.38,10.59,2.11,1.28,115.3,0.302,42.09,True,True,True,True,False,False,False,False,False,False,True,False,False,True,False,False,2026-12-08,False,False,4,"LoD>60% ATR, >4x 50-MA",EMA,5,https://www.tradingview.com/chart/?symbol=NASDAQ:OKTA&interval=D,False,False,False
HPE,Hewlett Packard Enterprise Company,NYSE,Computer Processing Hardware,62.63,60.86,57.88,56.61,54.28,48.61,40.51,36.1,61.07,58.79,63.38,61.0,5.01,5.47,3.43,20394352.8,23082150.200000025,1445635067.0,1306588194.0,0.68,-0.3,83139113705.25581,16.72,40,42.34,51,159.34,21,72.8,2.81,8.21,1.19,0.69,47.5,0.288,39.54,True,True,True,True,False,True,True,False,False,True,False,True,False,True,False,False,2026-12-03,False,False,6,,"EMA, near21",8,https://www.tradingview.com/chart/?symbol=NYSE:HPE&interval=D,False,False,True
CRWD,"CrowdStrike Holdings, Inc.",NASDAQ,Packaged Software,259.25,250.02,232.33,222.3,213.75,192.86,163.37,150.76,248.16,235.9,260.68,246.51,4.61,4.73,12.26,12132080.8,11588724.966666667,3004376948.0,2576115616.0,0.65,-1.28,265455105788.10138,13.59,54,40.8,55,161.37,19,71.92,4.5,11.59,2.09,1.16,104.0,0.342,38.29,True,True,True,True,False,False,False,False,False,False,True,False,False,True,False,False,2026-12-01,False,False,4,"LoD>60% ATR, >4x 50-MA",EMA,5,https://www.tradingview.com/chart/?symbol=NASDAQ:CRWD&interval=D,False,False,True
CORT,Corcept Therapeutics Incorporated,NASDAQ,Pharmaceuticals: Major,115.63,114.22,113.65,115.6,111.29,93.13,75.41,69.36,114.95,114.2,117.07,114.36,4.69,4.56,5.27,2615124.4,1435846.1333333333,166026888.0,165984052.0,0.44,-0.09,12499417400.404654,-1.29,162,31.98,70,184.73,13,71.81,0.86,1.74,0.27,0.51,24.1,0.078,38.8,True,True,True,True,True,True,True,True,True,True,False,True,False,True,False,False,2026-11-04,False,False,6,,"EMA, near21, ADR, BB",11,https://www.tradingview.com/chart/?symbol=NASDAQ:CORT&interval=D,False,False,True
RNG,"RingCentral, Inc.",NYSE,Packaged Software,76.13,76.1,73.69,71.28,64.95,52.86,48.14,43.27,75.99,73.23,76.87,73.7,4.33,4.36,3.32,1771678.8,1529615.2333333334,116449608.0,109023836.0,0.78,-2.31,6357324545.969407,9.26,73,98.67,8,103.01,55,70.31,3.95,3.31,0.91,0.95,73.2,0.19,43.13,True,True,True,True,False,True,True,False,False,True,False,False,False,False,False,False,2026-11-09,False,True,3,"LoD>60% ATR, thin RVOL, large gap","EMA, near21",7,https://www.tradingview.com/chart/?symbol=NYSE:RNG&interval=D,False,True,False
ALAB,"Astera Labs, Inc.",NASDAQ,Semiconductors,351.31,325.96,306.3,301.94,305.98,322.44,262.93,237.13,335.59,318.9,367.68,342.0,5.52,6.63,23.28,4336114.5,3855782.8333333335,1354575067.0,1164216354.0,0.89,-2.28,60947052272.13951,18.22,36,-23.32,335,215.9,10,70.27,2.24,14.69,1.53,1.1,40.0,0.471,25.29,True,True,True,True,False,False,False,False,False,False,True,True,False,True,False,False,2026-11-10,False,True,5,large gap,EMA,6,https://www.tradingview.com/chart/?symbol=NASDAQ:ALAB&interval=D,False,False,True
NEO,"NeoGenomics, Inc.",NASDAQ,Medical/Nursing Services,19.29,19.25,18.43,17.94,16.88,14.16,12.26,12.2,19.02,18.46,19.59,19.0,4.19,4.29,0.83,2506864.4,1912617.9666666666,36894401.0,34306947.0,0.51,-1.6,2478291099.6859803,5.07,104,35.56,65,157.54,24,66.06,3.33,4.66,1.05,0.71,34.4,0.196,36.55,True,True,True,True,False,True,True,True,False,True,False,True,False,False,False,False,2026-11-10,False,False,5,thin RVOL,"EMA, near21, ADR",9,https://www.tradingview.com/chart/?symbol=NASDAQ:NEO&interval=D,False,False,True
NTSK,"Netskope, Inc.",NASDAQ,Packaged Software,17.85,17.91,16.3,15.73,14.83,12.93,11.9,12.87,17.61,16.69,18.02,17.1,5.34,5.3,0.95,8085225.7,6413671.066666666,114484029.0,100897735.0,0.54,-3.0,7293290897.563666,19.88,31,69.52,20,105.41,52,64.93,3.84,9.49,1.32,0.98,79.3,0.433,33.66,False,False,True,True,False,True,True,False,False,True,False,False,False,False,False,False,2026-12-11,False,True,3,"LoD>60% ATR, thin RVOL, large gap","EMA, near21",5,https://www.tradingview.com/chart/?symbol=NASDAQ:NTSK&interval=D,False,True,False
ETON,"Eton Pharmaceuticals, Inc.",NASDAQ,Pharmaceuticals: Major,59.18,56.82,58.01,59.42,53.69,43.42,36.45,31.35,57.62,57.26,59.72,56.01,4.61,5.16,3.05,497257.5,547999.6,32430616.0,32564237.0,0.79,0.0,1691549973.6234396,-4.52,192,61.12,24,136.15,35,64.25,1.98,2.02,0.65,1.21,103.9,0.13,45.05,True,True,True,True,True,True,False,False,False,True,True,False,False,False,False,False,2026-11-05,False,False,4,"LoD>60% ATR, thin RVOL","EMA, near21",7,https://www.tradingview.com/chart/?symbol=NASDAQ:ETON&interval=D,False,True,False
RBRK,"Rubrik, Inc.",NYSE,Information Technology Services,113.09,109.99,100.53,99.88,92.92,83.05,72.72,71.23,108.86,103.65,114.0,105.9,5.23,5.19,5.87,3350920.9,3617648.8,409119903.0,361330762.0,0.75,-2.38,23444058836.745964,14.29,46,50.07,36,127.68,39,64.01,4.18,12.5,1.75,1.38,122.4,0.407,34.27,True,True,True,True,False,False,False,False,False,False,True,False,False,True,False,False,2026-12-03,False,True,3,"LoD>60% ATR, >4x 50-MA, large gap",EMA,5,https://www.tradingview.com/chart/?symbol=NYSE:RBRK&interval=D,False,False,False
PENG,"Penguin Solutions, Inc.",NASDAQ,Semiconductors,54.98,53.12,51.23,51.92,53.31,57.04,45.46,39.02,53.58,52.83,55.64,53.41,4.41,5.97,3.28,1504788.3,1480393.9,81392057.0,76864519.0,0.88,-1.2,2817323634.2646747,6.32,94,-19.08,303,204.43,12,63.89,0.52,7.32,0.68,0.68,47.9,0.239,32.77,False,True,True,True,False,True,True,False,False,True,False,True,False,False,False,False,2026-10-06,False,False,5,thin RVOL,"EMA, near21",7,https://www.tradingview.com/chart/?symbol=NASDAQ:PENG&interval=D,False,False,True
FIVN,"Five9, Inc.",NASDAQ,Packaged Software,34.66,35.45,33.92,33.54,31.51,27.0,23.51,22.33,35.28,34.19,35.36,33.79,5.95,5.93,2.05,3073774.7,2049721.1333333333,71043334.0,68739106.0,0.61,-2.85,2589917708.613921,1.17,138,64.11,21,126.24,40,63.84,1.68,2.2,0.23,0.77,42.3,0.277,37.85,False,False,False,True,True,True,True,False,False,True,False,True,False,False,False,False,2026-11-09,False,True,4,"thin RVOL, large gap",near21,6,https://www.tradingview.com/chart/?symbol=NASDAQ:FIVN&interval=D,False,True,False
TWLO,Twilio Inc.,NYSE,Packaged Software,286.98,267.48,249.14,242.16,229.0,215.65,188.1,172.9,270.75,255.47,288.17,265.4,5.05,5.03,14.44,3217200.3,2225620.1666666665,638708475.0,538948019.0,0.89,-2.88,44073016357.77671,19.17,33,47.14,44,125.08,41,63.8,5.03,15.19,2.45,1.58,149.4,0.389,32.96,True,True,True,True,False,False,False,False,False,False,True,False,False,True,False,False,2026-10-29,False,True,3,"LoD>60% ATR, >4x 50-MA, large gap",EMA,5,https://www.tradingview.com/chart/?symbol=NYSE:TWLO&interval=D,False,False,False
ILMN,"Illumina, Inc.",NASDAQ,Medical Specialties,271.9,249.35,229.97,224.49,212.5,188.75,168.05,159.99,251.65,236.38,275.69,262.89,4.44,4.26,11.57,6241478.8,3318690.566666667,902351965.0,745018930.0,0.48,-1.5,41056900000.0,20.99,27,50.25,35,119.95,45,63.73,6.57,18.23,3.53,1.11,77.8,0.404,32.87,True,True,True,True,False,False,False,False,False,False,True,False,False,True,False,False,2026-10-29,False,False,4,"LoD>60% ATR, >4x 50-MA",EMA,5,https://www.tradingview.com/chart/?symbol=NASDAQ:ILMN&interval=D,False,False,False
INTC,Intel Corporation,NASDAQ,Semiconductors,116.03,115.02,105.87,101.24,99.47,108.37,91.56,79.58,115.85,109.17,121.71,114.7,4.52,5.52,6.41,124468755.9,102663044.2,11911993019.0,10393349937.0,0.91,-1.89,613346817538.8267,28.54,19,-12.09,247,157.84,22,58.1,3.01,9.6,1.14,1.09,20.7,0.467,30.55,True,True,True,True,False,True,False,False,False,True,True,True,False,True,False,False,2026-10-22,False,False,6,,"EMA, near21",7,https://www.tradingview.com/chart/?symbol=NASDAQ:INTC&interval=D,True,False,True
PURR,Hyperliquid Strategies Inc,NASDAQ,Financial Conglomerates,12.08,13.0,12.42,11.71,9.66,8.91,7.77,6.8,12.9,12.21,12.67,11.93,8.71,9.4,1.14,27408173.0,28171994.666666668,340317696.0,329833018.0,0.67,-2.65,2874065000.1680937,-4.69,195,45.37,49,132.31,38,57.66,2.66,-2.71,0.11,0.65,13.2,0.325,51.34,False,False,False,True,True,True,True,True,False,True,False,True,False,False,False,False,2026-12-02,False,True,4,"thin RVOL, large gap","near21, ADR",7,https://www.tradingview.com/chart/?symbol=NASDAQ:PURR&interval=D,False,False,False
AEHR,Aehr Test Systems,NASDAQ,Electronic Production Equipment,98.49,94.51,90.1,94.7,95.17,94.69,82.14,68.07,96.32,94.54,102.41,94.24,7.56,9.03,8.9,2219516.0,2630665.2333333334,259094219.0,249111721.0,0.91,-2.82,3216638656.348692,11.29,63,3.13,160,157.83,23,57.42,0.39,9.32,0.46,0.92,47.8,0.367,27.51,True,True,True,True,False,True,True,False,False,True,False,True,False,False,False,False,2026-10-06,False,True,4,"thin RVOL, large gap","EMA, near21",8,https://www.tradingview.com/chart/?symbol=NASDAQ:AEHR&interval=D,False,False,True
OMER,Omeros Corporation,NASDAQ,Pharmaceuticals: Major,19.43,19.07,18.9,18.79,16.21,13.57,13.05,12.82,19.41,18.74,20.38,19.38,4.66,4.97,0.97,1772573.0,1639146.0,31848607.0,30792450.0,0.56,-1.25,1406504921.551295,2.16,125,94.49,10,71.64,81,56.1,3.99,2.79,0.74,1.03,5.2,0.217,32.17,True,True,True,True,True,True,False,False,False,True,True,True,False,False,False,False,2026-11-11,False,False,5,thin RVOL,"EMA, near21",8,https://www.tradingview.com/chart/?symbol=NASDAQ:OMER&interval=D,False,True,False
PANW,"Palo Alto Networks, Inc.",NASDAQ,Packaged Software,392.09,378.58,361.94,361.35,357.19,320.53,268.8,246.22,377.17,368.6,394.5,367.27,4.48,4.71,18.45,6648678.000000009,6513225.133333342,2553770443.0,2353545218.0,0.83,-1.1,320729611642.16547,3.93,110,19.7,97,142.86,31,55.5,2.08,8.33,1.35,1.48,134.5,0.246,33.76,True,True,True,True,False,True,False,False,False,True,True,False,False,True,False,False,2026-11-12,False,False,5,LoD>60% ATR,"EMA, near21",6,https://www.tradingview.com/chart/?symbol=NASDAQ:PANW&interval=D,False,False,False
XMTR,"Xometry, Inc.",NASDAQ,Information Technology Services,103.14,98.39,93.98,91.91,91.42,90.28,74.73,71.53,98.65,95.44,103.88,98.22,5.22,5.17,5.33,1170800.3,718765.5333333333,74133477.0,66064016.0,0.71,-1.81,5912353382.1787815,6.6,90,9.32,129,147.64,30,54.52,2.48,9.75,1.56,1.06,92.2,0.266,26.05,True,True,True,True,False,False,False,False,False,False,True,False,False,False,False,False,2026-11-05,False,False,4,"LoD>60% ATR, thin RVOL",EMA,5,https://www.tradingview.com/chart/?symbol=NASDAQ:XMTR&interval=D,False,False,False
NSIT,"Insight Enterprises, Inc.",NASDAQ,Information Technology Services,155.96,158.14,158.06,155.34,147.05,126.61,109.51,103.07,157.84,156.29,158.48,154.56,4.03,3.88,6.05,499281.3,331862.1666666667,51757224.0,51552188.0,0.54,-1.5,4577246649.432434,-0.91,155,31.01,72,132.33,37,54.14,1.56,-1.33,0.05,0.65,23.2,0.086,35.31,False,False,False,True,True,True,True,True,True,True,False,True,False,False,False,False,2026-10-29,False,False,5,thin RVOL,"near21, ADR, BB",8,https://www.tradingview.com/chart/?symbol=NASDAQ:NSIT&interval=D,False,False,False
SNDK,Sandisk Corporation,NASDAQ,Computer Peripherals,1712.89,1717.16,1675.18,1637.5,1523.92,1624.11,1346.01,1115.38,1731.08,1676.69,1762.0,1659.02,5.38,6.55,112.12,9389503.4,11089752.933333334,18995526902.0,18159498153.0,0.69,-2.32,250799658670.94855,18.29,35,-18.81,299,162.6,18,54.03,1.89,2.25,0.33,0.92,48.0,0.265,35.13,False,False,False,True,True,True,True,False,False,True,False,True,False,True,False,False,2026-11-05,False,True,5,large gap,near21,6,https://www.tradingview.com/chart/?symbol=NASDAQ:SNDK&interval=D,False,False,True
CVI,CVR Energy Inc.,NYSE,Oil Refining/Marketing,50.75,52.37,49.01,45.43,40.87,36.2,34.27,31.89,51.09,48.48,52.87,49.82,5.67,5.02,2.55,1205114.9,1121278.5333333334,56904886.0,50934451.0,0.97,0.93,5101928071.161684,27.35,21,77.7,17,55.77,113,53.61,4.81,3.55,0.93,1.2,36.5,0.321,40.35,False,False,False,True,False,True,False,False,False,True,True,True,False,False,False,False,2026-11-02,False,False,4,">4x 50-MA, thin RVOL",near21,4,https://www.tradingview.com/chart/?symbol=NYSE:CVI&interval=D,True,True,False
SMTC,Semtech Corporation,NASDAQ,Semiconductors,174.78,173.43,160.83,151.44,141.95,144.83,126.46,114.72,171.92,162.59,180.99,167.11,5.81,6.64,11.61,3778254.0,3621039.2,632885231.0,548371987.0,0.72,-1.81,16311452583.620737,23.29,24,11.87,118,122.88,44,52.68,3.48,8.67,1.13,1.2,66.1,0.423,33.59,True,True,True,True,False,True,False,False,False,True,True,False,False,True,False,False,2026-12-02,False,False,5,LoD>60% ATR,"EMA, near21",6,https://www.tradingview.com/chart/?symbol=NASDAQ:SMTC&interval=D,True,False,False
AMBQ,"Ambiq Micro, Inc.",NYSE,Semiconductors,68.3,66.68,62.97,61.99,63.96,70.57,57.13,50.56,67.05,64.94,70.78,66.74,5.34,5.62,3.84,675107.2,518120.5,35387630.0,32116735.0,0.41,0.0,1651803828.9210489,13.87,48,-20.62,312,163.91,17,52.39,1.21,8.46,0.92,1.05,40.8,0.319,29.3,False,True,True,True,False,True,False,False,False,True,True,True,False,False,False,False,2026-11-05,False,False,5,thin RVOL,"EMA, near21",6,https://www.tradingview.com/chart/?symbol=NYSE:AMBQ&interval=D,False,False,True
TEM,"Tempus AI, Inc.",NASDAQ,Packaged Software,85.08,78.12,70.16,68.1,60.02,55.77,54.07,56.3,78.02,72.26,86.44,82.77,5.42,5.57,4.74,8460487.0,8182963.166666667,696206506.0,557240698.0,0.76,-1.69,15351390187.864017,23.22,25,47.73,41,84.36,68,51.77,7.49,21.26,3.18,0.77,48.7,0.507,28.26,True,True,True,True,False,False,True,False,False,False,False,True,False,True,False,False,2026-11-10,False,False,5,>4x 50-MA,EMA,7,https://www.tradingview.com/chart/?symbol=NASDAQ:TEM&interval=D,False,False,False
OSCR,"Oscar Health, Inc.",NYSE,Managed Health Care,29.65,30.95,31.4,31.38,30.71,28.61,23.86,21.64,30.6,31.0,30.24,29.2,6.35,5.98,1.77,6251549.2,5291239.033333333,156885237.0,166017916.0,0.63,-0.3,8108355780.883445,-1.17,160,1.33,171,154.51,27,51.56,-0.58,-5.58,0.73,0.59,25.4,0.17,32.92,False,False,False,True,False,True,True,True,False,True,False,True,False,False,False,False,2026-11-10,False,False,5,thin RVOL,"near21, ADR",6,https://www.tradingview.com/chart/?symbol=NYSE:OSCR&interval=D,False,False,False
MRVL,"Marvell Technology, Inc.",NASDAQ,Semiconductors,251.9,248.98,234.65,234.72,221.83,228.69,190.24,163.33,250.11,240.93,261.78,248.14,4.27,5.37,13.53,17155562.9,22091742.733333334,5564909995.0,5185340717.0,0.96,-0.87,220891114091.0249,11.83,61,-9.63,225,149.85,29,50.68,2.52,7.35,0.85,1.01,27.8,0.319,34.0,True,True,True,True,False,True,False,False,False,True,True,True,False,True,False,False,2026-11-26,False,False,6,,"EMA, near21",7,https://www.tradingview.com/chart/?symbol=NASDAQ:MRVL&interval=D,False,False,False
HNGE,"Hinge Health, Inc.",NYSE,Packaged Software,92.45,93.66,92.49,91.3,87.31,77.72,65.99,60.21,93.2,92.06,94.16,91.76,4.3,4.49,4.15,1871649.6,1865944.6333333333,172506581.0,170359501.0,0.64,-1.66,7460199040.583867,0.49,144,14.05,114,137.05,34,50.53,1.31,-0.04,0.1,0.58,16.6,0.085,36.19,False,False,False,True,True,True,True,True,True,True,False,True,False,False,False,False,2026-11-03,False,False,5,thin RVOL,"near21, ADR, BB",8,https://www.tradingview.com/chart/?symbol=NYSE:HNGE&interval=D,False,False,False
SBET,"Sharplink, Inc.",NASDAQ,Advertising/Marketing Services,9.5,9.3,8.97,8.56,7.63,6.74,6.9,7.42,9.42,8.93,9.76,9.41,5.79,6.04,0.57,9741423.2,9846986.900000025,93546376.0,84283643.0,0.7,-1.35,2063624246.3655243,9.83,69,97.51,9,44.05,135,50.46,4.05,5.92,1.05,0.59,14.8,0.302,26.93,True,True,True,True,False,True,True,True,False,True,False,True,False,False,False,False,2026-11-12,False,False,4,">4x 50-MA, thin RVOL","EMA, near21, ADR",9,https://www.tradingview.com/chart/?symbol=NASDAQ:SBET&interval=D,False,True,False
HTFL,"Heartflow, Inc.",NASDAQ,Packaged Software,49.92,49.26,49.07,48.52,40.09,34.93,32.1,31.39,49.14,47.85,50.0,48.17,4.88,4.77,2.38,2137612.8,2164111.8,108032461.0,104996934.0,0.51,-1.08,4340724974.974984,2.93,118,45.54,48,102.35,56,50.27,5.14,1.74,0.91,0.77,73.6,0.111,35.79,True,True,True,True,True,True,True,False,False,True,False,False,False,False,False,False,2026-11-18,False,False,3,"LoD>60% ATR, >4x 50-MA, thin RVOL","EMA, near21",8,https://www.tradingview.com/chart/?symbol=NASDAQ:HTFL&interval=D,False,False,False
AMLX,"Amylyx Pharmaceuticals, Inc.",NASDAQ,Pharmaceuticals: Major,29.85,31.76,32.57,33.65,28.47,21.98,19.78,18.2,31.31,31.67,30.14,28.71,5.24,5.8,1.73,1478517.9,3010330.433333333,89858363.0,101289090.0,0.65,-1.32,3746564402.3092575,-18.84,366,58.86,27,110.66,51,50.23,0.84,-8.34,0.99,0.83,65.9,0.182,48.12,False,False,False,True,False,True,True,False,False,True,False,False,False,False,False,False,2026-11-05,False,False,4,"LoD>60% ATR, thin RVOL",near21,4,https://www.tradingview.com/chart/?symbol=NASDAQ:AMLX&interval=D,False,False,False
BMNR,"BitMine Immersion Technologies, Inc.",NYSE,Financial Conglomerates,26.84,26.32,25.52,24.51,21.76,19.49,20.01,21.86,26.68,25.39,27.92,26.73,5.47,6.1,1.64,42433946.8,45452149.63333333,1219935696.0,1114001886.0,0.62,-1.56,16190595709.251091,6.93,88,103.33,7,34.33,159,48.2,3.83,5.19,0.94,0.73,6.7,0.28,25.44,True,True,True,True,False,True,True,False,False,True,False,True,False,True,False,False,2026-11-20,False,False,6,,"EMA, near21",8,https://www.tradingview.com/chart/?symbol=NYSE:BMNR&interval=D,False,True,False
SNOW,Snowflake Inc.,NYSE,Packaged Software,328.12,333.37,332.12,329.64,318.22,270.68,232.8,225.57,333.08,330.58,333.72,316.63,4.12,4.65,15.26,3940857.3,4936050.533333333,1619616901.0,1627124634.0,1.14,-4.74,115760732835.42061,-0.68,154,31.35,71,113.2,48,47.96,0.67,-1.2,0.16,1.12,75.3,0.112,32.85,False,False,False,True,True,True,False,False,False,True,True,False,False,True,False,False,2026-12-02,False,True,4,"LoD>60% ATR, large gap",near21,4,https://www.tradingview.com/chart/?symbol=NYSE:SNOW&interval=D,False,False,False
DDOG,"Datadog, Inc.",NASDAQ,Packaged Software,268.7,246.47,233.55,234.08,242.9,238.05,199.76,182.3,249.99,242.07,272.79,255.5,4.45,4.8,12.9,3572840.3,3647085.6333333333,979971910.0,853706766.0,0.99,-4.15,96483465694.99086,11.86,60,9.01,133,122.93,43,47.93,2.21,15.05,2.29,1.34,102.3,0.298,23.88,True,True,True,True,False,False,False,False,False,False,True,False,False,True,False,False,2026-11-05,False,True,4,"LoD>60% ATR, large gap",EMA,5,https://www.tradingview.com/chart/?symbol=NASDAQ:DDOG&interval=D,False,False,False
BB,BlackBerry Limited,NYSE,Packaged Software,8.8,8.26,8.01,8.07,8.31,8.68,7.11,6.28,8.34,8.22,8.98,7.85,5.49,5.9,0.52,22360423.5,13426033.133333342,118149092.0,108339137.0,1.51,-3.29,5165883457.35523,2.33,124,-27.87,363,168.29,15,47.58,0.99,9.86,1.19,2.18,182.9,0.195,27.27,True,True,True,True,False,True,False,False,False,True,True,False,True,True,True,False,2026-12-17,False,True,4,"LoD>60% ATR, large gap","EMA, near21, RVOL",6,https://www.tradingview.com/chart/?symbol=NYSE:BB&interval=D,False,False,True
SMCI,"Super Micro Computer, Inc.",NASDAQ,Computer Processing Hardware,41.78,40.27,39.23,38.57,35.38,34.35,32.1,31.83,40.81,39.35,43.06,40.96,4.82,5.58,2.33,40172362.9,39436616.53333333,1647661839.0,1521057154.0,0.72,-1.18,27448013056.999073,9.9,68,47.01,45,82.68,70,46.53,3.24,6.51,1.11,0.9,35.2,0.217,20.2,True,True,True,True,False,True,True,False,False,True,False,True,False,True,False,False,2026-11-03,False,False,6,,"EMA, near21",8,https://www.tradingview.com/chart/?symbol=NASDAQ:SMCI&interval=D,False,False,False
STX,Seagate Technology Holdings PLC,NASDAQ,Computer Peripherals,921.51,868.22,853.6,854.76,852.42,866.06,735.37,638.45,887.08,867.87,932.87,870.38,4.85,5.46,50.33,4173159.6,3744961.433333333,3451019410.0,3201057590.0,0.8,-0.52,209544946346.38364,10.88,66,-4.8,201,132.42,36,46.17,1.48,7.96,1.13,1.24,101.6,0.232,24.93,True,True,True,True,False,True,False,False,False,True,True,False,False,True,False,False,2026-10-28,False,False,5,LoD>60% ATR,"EMA, near21",6,https://www.tradingview.com/chart/?symbol=NASDAQ:STX&interval=D,False,False,False
COHU,"Cohu, Inc.",NASDAQ,Semiconductors,66.07,60.02,55.23,54.76,53.38,54.54,48.04,42.91,61.43,57.82,67.0,63.87,4.87,5.56,3.67,1035155.0,978920.6666666666,64677288.0,53602269.0,0.65,-0.4,3127650222.948508,29.35,17,-4.18,197,110.75,50,45.31,4.28,19.64,2.56,0.85,59.9,0.517,25.89,True,True,True,True,False,False,True,False,False,False,False,True,False,False,False,False,2026-10-29,False,False,4,">4x 50-MA, thin RVOL",EMA,7,https://www.tradingview.com/chart/?symbol=NASDAQ:COHU&interval=D,True,False,False
DINO,HF Sinclair Corporation,NYSE,Oil Refining/Marketing,106.19,109.97,108.09,103.96,97.83,84.9,76.33,69.92,107.83,106.01,108.04,105.0,4.8,4.37,4.64,3336427.8,2679958.7333333334,284584818.0,278606723.0,0.75,0.28,18878866339.60485,9.47,71,49.02,38,73.51,78,44.0,1.96,-1.76,0.04,0.65,25.7,0.138,37.71,False,False,False,True,True,True,True,True,False,True,False,True,False,True,False,False,2026-10-28,False,False,6,,"near21, ADR",7,https://www.tradingview.com/chart/?symbol=NYSE:DINO&interval=D,False,False,False
BFLY,"Butterfly Network, Inc.",NYSE,Medical Specialties,9.15,8.61,8.06,8.37,8.19,7.07,6.15,5.55,8.78,8.46,9.49,8.99,6.71,7.14,0.65,6848409.3,5068022.033333333,46372402.0,42397383.0,0.57,-1.17,2482259513.738019,4.57,107,3.86,157,123.17,42,43.87,1.63,13.47,1.14,0.77,24.5,0.417,33.43,True,True,True,True,False,True,True,False,False,True,False,True,False,False,False,False,2026-10-29,False,False,5,thin RVOL,"EMA, near21",8,https://www.tradingview.com/chart/?symbol=NYSE:BFLY&interval=D,False,False,False
NET,"Cloudflare, Inc.",NYSE,Information Technology Services,353.99,342.83,320.08,310.83,301.26,269.0,246.89,232.31,342.21,327.01,357.0,338.67,5.24,5.06,17.91,3240402.1,3120523.7666666666,1104634208.0,969938880.0,0.83,-2.8,126048654137.93443,15.6,44,47.5,43,68.03,91,43.71,3.46,10.59,1.63,1.02,85.5,0.344,31.22,True,True,True,True,False,False,False,False,False,False,True,False,False,True,False,False,2026-10-29,False,True,4,"LoD>60% ATR, large gap",EMA,5,https://www.tradingview.com/chart/?symbol=NYSE:NET&interval=D,False,False,False
ECO,Okeanis Eco Tankers Corp.,NYSE,Marine Shipping,79.17,81.22,76.37,72.36,67.27,60.0,56.85,52.23,78.87,75.98,80.67,78.3,4.28,4.14,3.28,1003492.6,694034.3,54946696.0,50219628.0,0.53,2.12,3036071587.3409495,19.0,34,59.14,25,52.81,121,43.65,4.27,3.67,1.01,0.72,26.5,0.313,36.62,False,False,True,True,False,True,True,True,False,True,False,True,False,False,False,False,2026-11-11,False,True,3,">4x 50-MA, thin RVOL, large gap","EMA, near21, ADR",7,https://www.tradingview.com/chart/?symbol=NYSE:ECO&interval=D,False,False,False
PBF,PBF Energy Inc.,NYSE,Oil Refining/Marketing,74.39,73.94,74.58,73.48,70.5,57.46,52.64,47.29,73.58,73.27,75.84,73.12,6.43,6.06,4.51,4667358.2,3455602.3666666667,257062260.0,253923421.0,0.48,1.42,8817956244.74827,8.02,81,58.92,26,59.74,107,42.22,0.91,-0.25,0.25,0.6,28.1,0.123,36.68,False,False,True,True,True,True,True,True,False,True,False,True,False,False,False,False,2026-10-29,False,False,5,thin RVOL,"EMA, near21, ADR",8,https://www.tradingview.com/chart/?symbol=NYSE:PBF&interval=D,False,False,False
ZETA,Zeta Global Holdings Corp.,NYSE,Packaged Software,28.99,30.16,30.58,29.99,27.57,23.8,21.61,21.01,29.92,29.83,29.4,28.03,4.63,4.89,1.42,5330311.5,6226603.333333333,180509231.0,186723381.0,1.06,-2.75,7276884273.843802,-2.72,179,48.97,39,78.95,75,41.73,1.05,-5.19,0.58,0.97,67.7,0.105,32.99,False,False,False,True,False,True,True,False,False,True,False,False,False,False,False,False,2026-11-10,False,True,3,"LoD>60% ATR, thin RVOL, large gap",near21,4,https://www.tradingview.com/chart/?symbol=NYSE:ZETA&interval=D,False,False,False
MSTR,Strategy Inc,NASDAQ,Internet Software/Services,157.14,151.73,142.58,133.84,118.91,124.24,130.89,136.38,153.35,143.09,161.72,155.06,4.78,5.54,8.71,25744834.1,27565802.2,4331690158.0,3689324269.0,0.63,-0.54,60377196913.752205,17.27,39,82.29,14,24.54,184,41.36,5.8,10.21,1.77,0.76,23.9,0.419,20.89,True,True,True,True,False,False,True,False,False,False,False,True,False,True,False,False,2026-11-04,False,False,5,>4x 50-MA,EMA,7,https://www.tradingview.com/chart/?symbol=NASDAQ:MSTR&interval=D,False,True,False
QLYS,"Qualys, Inc.",NASDAQ,Packaged Software,173.83,179.98,175.25,177.8,170.91,144.53,126.39,127.03,177.41,176.49,175.63,168.06,5.63,5.34,9.28,752961.5,686138.4666666667,119271450.0,121993361.0,0.75,-2.11,6013648806.650872,-6.75,214,34.12,67,96.38,60,41.25,0.32,-0.81,0.28,0.82,62.2,0.194,30.83,False,False,False,True,True,True,True,False,False,True,False,False,False,False,False,False,2026-11-04,False,True,3,"LoD>60% ATR, thin RVOL, large gap",near21,5,https://www.tradingview.com/chart/?symbol=NASDAQ:QLYS&interval=D,False,False,False
SWKS,"Skyworks Solutions, Inc.",NASDAQ,Semiconductors,87.59,89.06,82.29,77.23,72.32,71.02,66.7,65.43,87.34,82.86,89.88,85.69,6.42,5.17,4.52,7644525.6,6993177.533333333,612532420.0,540055128.0,0.4,0.07,13179910112.73517,30.05,16,30.25,74,63.44,98,41.25,4.09,6.45,1.1,0.93,42.0,0.402,26.97,False,False,True,True,False,True,True,True,False,True,False,True,False,True,False,False,2026-10-29,False,False,5,>4x 50-MA,"EMA, near21, ADR",7,https://www.tradingview.com/chart/?symbol=NASDAQ:SWKS&interval=D,True,False,False
SLS,"SELLAS Life Sciences Group, Inc.",NASDAQ,Pharmaceuticals: Major,11.59,11.61,12.45,12.95,12.37,10.91,8.92,7.59,11.84,12.21,11.85,11.31,7.36,8.12,0.94,5815663.9,7195133.866666666,83391602.0,93149402.0,0.58,-0.86,2340550700.9345393,-21.53,398,-23.65,338,167.67,16,40.83,-0.78,-6.91,0.62,0.57,29.8,0.34,41.96,False,False,False,True,False,True,True,True,False,True,False,True,False,False,False,False,2026-11-18,False,False,5,thin RVOL,"near21, ADR",6,https://www.tradingview.com/chart/?symbol=NASDAQ:SLS&interval=D,False,False,True
VLO,Valero Energy Corporation,NYSE,Oil Refining/Marketing,389.57,393.2,384.55,371.94,348.17,303.2,280.29,255.76,387.48,379.53,395.85,385.0,4.48,3.93,15.33,4924975.999999976,3363292.6000000047,1310237898.0,1250949776.0,0.7,0.5,112167898359.7037,11.94,59,45.91,46,60.48,105,39.44,3.02,1.31,0.67,0.71,29.8,0.153,35.28,False,False,True,True,True,True,True,True,False,True,False,True,False,True,False,False,2026-10-22,False,False,6,,"EMA, near21, ADR",8,https://www.tradingview.com/chart/?symbol=NYSE:VLO&interval=D,False,False,False
NBIS,Nebius Group N.V.,NASDAQ,Packaged Software,231.88,226.65,223.13,223.91,216.66,220.74,188.74,164.78,230.06,225.87,245.35,228.38,6.11,7.18,16.64,16859663.4,17150398.033333335,3976834296.0,3840219942.0,0.75,-0.9,63037791219.06173,9.4,72,-10.21,230,118.87,46,39.35,0.98,3.92,0.37,1.02,21.0,0.243,26.68,True,True,True,True,False,True,False,False,False,True,True,True,False,True,False,False,2026-10-22,False,False,6,,"EMA, near21",7,https://www.tradingview.com/chart/?symbol=NASDAQ:NBIS&interval=D,False,False,False
MPC,Marathon Petroleum Corporation,NYSE,Oil Refining/Marketing,389.44,402.6,396.4,384.8,358.11,309.91,282.79,257.32,395.81,389.71,398.33,387.07,4.15,3.72,14.47,3834333.2,2903177.6,1130613485.0,1117145644.0,0.68,0.63,109364382737.78818,7.07,86,49.43,37,61.36,103,39.28,2.35,-1.75,0.02,0.78,16.4,0.127,37.3,False,False,False,True,True,True,True,True,False,True,False,True,False,True,False,False,2026-11-03,False,False,6,,"near21, ADR",7,https://www.tradingview.com/chart/?symbol=NYSE:MPC&interval=D,False,False,False
NUAI,"New Era Energy & Digital, Inc.",NASDAQ,Engineering & Construction,6.96,6.51,6.05,5.74,5.48,5.25,5.01,4.94,6.64,6.19,7.33,6.84,8.01,9.15,0.64,10350319.7,7616190.866666666,53008688.0,43694087.0,0.74,-1.13,741652957.6997168,37.82,12,14.29,112,65.71,96,39.27,2.95,14.97,1.35,0.77,18.8,0.543,22.56,True,True,True,True,False,True,True,False,False,True,False,True,False,False,False,False,2026-12-02,False,False,5,thin RVOL,"EMA, near21",8,https://www.tradingview.com/chart/?symbol=NASDAQ:NUAI&interval=D,True,False,False
U,Unity Software Inc.,NYSE,Packaged Software,39.86,42.16,42.2,43.3,40.33,34.35,30.23,32.03,41.97,42.16,40.92,39.48,4.95,5.07,2.02,11339022.1,10021306.066666666,399449260.0,433929234.0,0.93,-2.07,17541944356.955956,-7.35,224,43.02,50,79.87,72,38.52,-0.23,-5.54,1.08,0.71,18.8,0.101,30.02,False,False,False,True,False,True,True,True,False,True,False,True,False,True,False,False,2026-11-11,False,True,5,large gap,"near21, ADR",6,https://www.tradingview.com/chart/?symbol=NYSE:U&interval=D,False,False,False
ESTC,Elastic N.V.,NYSE,Packaged Software,87.94,88.37,88.91,87.74,80.1,69.09,62.9,64.77,88.6,87.32,88.7,84.62,4.08,4.74,4.17,1829120.4,2717657.2333333334,238990777.0,238454493.0,1.02,-2.79,9232933416.082386,-15.35,324,56.73,30,73.31,79,38.23,2.07,-1.09,0.15,0.98,79.6,0.167,29.57,False,False,False,True,True,True,True,False,False,True,False,False,False,False,False,False,2026-12-02,False,True,3,"LoD>60% ATR, thin RVOL, large gap",near21,5,https://www.tradingview.com/chart/?symbol=NYSE:ESTC&interval=D,False,False,False
S,"SentinelOne, Inc.",NYSE,Packaged Software,22.74,23.32,21.82,21.67,21.05,18.95,17.23,16.5,22.89,22.26,23.05,21.79,5.08,5.11,1.16,9211121.9,8914052.833333334,202705561.0,193131869.0,0.63,-2.28,7914636994.286863,5.82,98,38.15,60,70.46,83,38.14,1.57,4.23,0.42,1.08,81.8,0.318,29.98,False,False,False,True,False,True,False,False,False,True,True,False,False,False,False,False,2026-12-08,False,True,3,"LoD>60% ATR, thin RVOL, large gap",near21,3,https://www.tradingview.com/chart/?symbol=NYSE:S&interval=D,False,False,False
BE,Bloom Energy Corporation,NYSE,Electronic Production Equipment,262.87,271.86,259.1,243.4,230.63,253.51,229.35,203.72,269.65,259.16,286.26,259.46,6.14,7.58,19.91,19627644.7,15284638.033333333,4017872800.0,3720291087.0,0.8,-2.14,77422406125.25917,21.87,26,-6.02,206,94.57,61,36.81,1.85,1.45,0.19,1.35,17.1,0.349,25.92,False,False,False,True,True,True,False,False,False,True,True,True,False,True,False,False,2026-10-29,False,True,5,large gap,near21,5,https://www.tradingview.com/chart/?symbol=NYSE:BE&interval=D,False,False,False
INSP,"Inspire Medical Systems, Inc.",NYSE,Medical Specialties,70.0,72.23,68.96,66.19,61.68,53.03,54.18,62.54,70.65,68.62,70.93,69.59,5.29,4.59,3.21,893611.9,713999.9,49979993.0,47258225.0,0.46,0.47,2023726291.205674,15.66,42,57.3,29,35.37,157,36.11,2.94,1.51,0.44,0.42,12.9,0.285,27.42,False,False,False,True,True,True,True,True,False,True,False,True,False,False,False,False,2026-11-09,False,False,5,thin RVOL,"near21, ADR",7,https://www.tradingview.com/chart/?symbol=NYSE:INSP&interval=D,False,False,False
SAIL,"SailPoint, Inc.",NASDAQ,Packaged Software,20.57,20.68,19.66,19.4,18.43,16.62,15.38,16.07,20.54,19.88,21.08,20.0,6.47,6.09,1.25,5683711.2,4490616.366666666,92371979.0,87097001.0,0.57,-2.96,11743651698.70494,1.78,127,51.92,34,53.85,118,35.85,1.91,4.62,0.57,0.86,45.5,0.275,25.74,False,False,True,True,False,True,True,False,False,True,False,True,False,True,False,False,2026-12-15,False,True,5,large gap,"EMA, near21",6,https://www.tradingview.com/chart/?symbol=NASDAQ:SAIL&interval=D,False,False,False
GH,"Guardant Health, Inc.",NASDAQ,Medical Specialties,177.33,177.14,169.42,168.04,163.18,147.31,127.82,122.43,175.08,171.31,180.05,174.69,4.39,4.35,7.71,2106766.0,1959263.9,347436267.0,329227522.0,0.62,-1.35,23797006292.359207,6.6,91,16.73,106,84.14,69,35.82,1.99,4.67,0.81,0.69,34.2,0.193,30.85,True,True,True,True,False,True,True,True,False,True,False,True,False,True,False,False,2026-10-29,False,False,6,,"EMA, near21, ADR",9,https://www.tradingview.com/chart/?symbol=NASDAQ:GH&interval=D,False,False,False
PI,"Impinj, Inc.",NASDAQ,Semiconductors,176.88,178.77,175.56,172.19,165.25,152.64,138.54,143.4,177.57,174.94,180.34,174.78,4.17,4.27,7.55,435425.6,383914.93333333335,67906873.0,66107144.0,0.83,-1.56,5404464506.315459,5.4,101,32.33,69,69.59,84,35.77,1.65,0.75,0.26,0.74,27.8,0.102,22.74,False,False,False,True,True,True,True,False,False,True,False,True,False,False,False,False,2026-10-28,False,False,5,thin RVOL,near21,6,https://www.tradingview.com/chart/?symbol=NASDAQ:PI&interval=D,False,False,False
HPQ,HP Inc.,NYSE,Information Technology Services,31.32,32.65,32.51,31.58,30.03,26.84,24.31,23.5,32.16,31.96,31.8,30.74,5.24,4.88,1.53,16245972.999999994,16158668.633333435,506089502.0,510306914.0,0.79,-0.03,28244093920.87284,4.82,106,39.08,58,63.12,101,35.67,0.88,-3.66,0.41,0.69,38.0,0.166,29.22,False,False,False,True,False,True,True,True,False,True,False,True,False,True,False,False,2026-12-01,False,False,6,,"near21, ADR",6,https://www.tradingview.com/chart/?symbol=NYSE:HPQ&interval=D,False,False,False
OUST,"Ouster, Inc.",NASDAQ,Semiconductors,40.9,38.05,36.65,37.32,38.64,39.66,33.87,31.08,39.19,38.17,43.9,40.7,5.45,6.57,2.69,2501477.8,2292854.2666666666,93777740.0,85570850.0,1.51,0.05,2949394592.0562673,13.86,49,-23.84,340,116.52,47,35.51,0.89,11.59,1.09,1.19,7.4,0.323,20.97,True,True,True,True,False,True,False,False,False,True,True,True,True,True,True,False,2026-11-05,False,False,6,,"EMA, near21, RVOL",7,https://www.tradingview.com/chart/?symbol=NASDAQ:OUST&interval=D,False,False,False
CLMT,"Calumet, Inc",NASDAQ,Oil Refining/Marketing,52.61,56.26,55.15,52.81,49.09,42.11,38.5,34.42,54.95,54.01,53.98,51.93,4.74,4.59,2.42,1683303.1,1332229.3333333333,70088585.0,70354587.0,0.8,0.62,4624326090.641939,13.73,51,45.9,47,46.87,130,35.5,1.56,-4.6,0.57,0.85,28.1,0.183,41.52,False,False,False,True,False,True,True,False,False,True,False,True,False,False,False,False,2026-11-06,False,False,5,thin RVOL,near21,5,https://www.tradingview.com/chart/?symbol=NASDAQ:CLMT&interval=D,False,False,False
TVTX,"Travere Therapeutics, Inc.",NASDAQ,Pharmaceuticals: Major,61.57,61.81,64.04,64.57,62.1,56.28,48.48,44.53,61.86,62.88,61.75,58.71,4.16,4.02,2.48,1855477.6,1438168.3666666667,88548026.0,92857258.0,0.68,-0.66,5803654431.255048,-8.47,240,5.05,146,105.37,53,33.98,-0.21,-3.86,0.52,1.23,115.4,0.16,31.7,False,False,False,True,False,True,False,False,False,True,True,False,False,False,False,False,2026-10-22,False,False,4,"LoD>60% ATR, thin RVOL",near21,3,https://www.tradingview.com/chart/?symbol=NASDAQ:TVTX&interval=D,False,False,False
ZS,"Zscaler, Inc.",NASDAQ,Packaged Software,199.39,201.91,187.7,185.06,174.84,159.23,153.91,167.22,199.12,191.27,202.12,187.67,5.12,5.31,10.58,3626244.5,3389000.533333333,675732816.0,627159401.0,0.95,-2.15,32511477696.82647,7.1,85,47.55,42,42.98,137,32.55,2.65,6.23,0.8,1.37,110.7,0.361,24.07,False,False,True,True,False,True,False,False,False,True,True,False,False,True,False,False,2026-12-01,False,True,4,"LoD>60% ATR, large gap","EMA, near21",4,https://www.tradingview.com/chart/?symbol=NASDAQ:ZS&interval=D,False,False,False
BETA,"Beta Technologies, Inc.",NYSE,Aerospace & Defense,22.88,22.31,21.46,22.27,21.7,19.37,18.52,20.14,22.6,22.14,24.08,22.76,6.56,7.07,1.62,5498867.0,3359018.466666667,76854343.0,74801982.0,0.34,-2.1,5352571519.95304,4.0,109,41.23,54,51.32,123,32.19,0.77,6.59,0.47,0.82,7.7,0.254,16.54,True,True,True,True,False,True,True,False,False,True,False,True,False,False,False,False,2026-12-03,False,True,4,"thin RVOL, large gap","EMA, near21",8,https://www.tradingview.com/chart/?symbol=NYSE:BETA&interval=D,False,False,False
QRVO,"Qorvo, Inc.",NASDAQ,Semiconductors,116.3,117.46,110.86,105.78,100.51,97.55,92.21,90.02,115.85,111.33,118.4,114.44,4.58,3.66,4.26,1579531.2,1274705.2333333334,148248219.0,134837257.0,0.95,-0.14,10260176129.846571,20.73,29,24.91,85,50.26,126,31.97,4.29,4.91,1.22,0.93,43.7,0.29,23.59,False,False,True,True,False,True,True,True,False,True,False,True,False,True,False,False,2026-11-04,False,False,5,>4x 50-MA,"EMA, near21, ADR",7,https://www.tradingview.com/chart/?symbol=NASDAQ:QRVO&interval=D,False,False,False
PRGO,Perrigo Company plc,NYSE,Pharmaceuticals: Major,15.1,14.16,14.21,14.14,13.03,11.88,11.6,12.26,14.44,14.12,15.43,14.9,4.32,4.41,0.67,3390418.6,2780234.966666667,41981548.0,39317156.0,0.88,-1.36,2095415784.6757455,7.17,84,48.77,40,39.81,143,31.92,3.6,6.27,1.57,0.8,30.8,0.16,17.26,True,True,True,True,False,False,True,False,False,False,False,True,False,False,False,False,2026-11-11,False,False,5,thin RVOL,EMA,7,https://www.tradingview.com/chart/?symbol=NYSE:PRGO&interval=D,False,False,False
TENB,"Tenable Holdings, Inc.",NASDAQ,Packaged Software,34.47,35.81,34.97,35.01,34.98,32.28,27.97,26.7,35.11,35.14,34.92,32.49,6.62,6.47,2.23,3911036.2,4809326.3,165777478.0,168390545.0,0.73,-2.39,3796525442.845924,-8.06,233,2.88,161,100.76,57,31.86,-0.22,-1.42,0.3,1.09,88.8,0.21,26.44,False,False,False,True,True,True,False,False,False,True,True,False,False,False,False,False,2026-11-04,False,True,3,"LoD>60% ATR, thin RVOL, large gap",near21,4,https://www.tradingview.com/chart/?symbol=NASDAQ:TENB&interval=D,False,False,False
AMRX,"Amneal Pharmaceuticals, Inc.",NASDAQ,Pharmaceuticals: Major,20.5,19.08,18.24,18.15,18.13,16.54,15.3,14.85,19.26,18.64,20.62,19.42,4.5,4.14,0.85,3589710.3,2241088.6333333333,45942317.0,40673891.0,0.87,-1.11,6546755354.400606,13.64,52,18.5,103,63.35,99,31.83,3.16,12.42,2.41,1.42,126.8,0.258,20.63,True,True,True,True,False,False,False,False,False,False,True,False,False,False,False,False,2026-10-29,False,False,4,"LoD>60% ATR, thin RVOL",EMA,5,https://www.tradingview.com/chart/?symbol=NASDAQ:AMRX&interval=D,False,False,False
LQDA,Liquidia Corporation,NASDAQ,Pharmaceuticals: Major,73.67,68.51,68.19,69.35,75.5,71.16,59.68,54.07,69.26,69.62,74.74,67.66,4.25,4.8,3.54,1376358.4,1214562.4,89476812.0,84232939.0,0.88,-0.56,6594119826.5015335,5.26,103,-2.32,189,92.4,62,31.78,-0.51,8.04,1.21,2.0,170.0,0.106,29.09,False,False,False,True,False,True,False,False,False,True,True,False,False,False,False,False,2026-11-10,False,False,4,"LoD>60% ATR, thin RVOL",near21,3,https://www.tradingview.com/chart/?symbol=NASDAQ:LQDA&interval=D,False,False,False
AYA,Aya Gold & Silver Inc.,NASDAQ,Precious Metals,26.53,28.09,28.23,27.88,25.83,22.46,20.59,19.52,28.05,27.84,27.55,26.32,5.24,6.33,1.68,1454246.1,1290178.2666666666,34228429.0,35971460.0,0.92,-5.87,3821279832.2503715,-11.18,272,40.37,57,63.16,100,30.78,0.43,-6.03,0.74,0.73,12.5,0.158,32.85,False,False,False,True,False,True,True,False,False,True,False,True,False,False,False,False,2026-11-17,False,True,4,"thin RVOL, large gap",near21,5,https://www.tradingview.com/chart/?symbol=NASDAQ:AYA&interval=D,False,False,False
GRML,Greenland Mines Ltd,NASDAQ,Miscellaneous Commercial Services,11.85,8.81,6.52,7.07,8.24,11.91,14.9,15.07,10.13,8.37,14.28,11.28,18.59,22.16,2.63,45323827.3,15641967.321333332,185357313.0,110554818.0,0.21,-5.29,104601515.71964528,125.71,3,-7.96,214,-27.08,386,30.23,1.98,81.64,1.88,1.14,21.6,2.597,72.16,False,True,True,False,False,False,False,False,False,False,True,True,False,False,False,False,,False,True,3,"thin RVOL, below 200-MA, large gap",EMA,4,https://www.tradingview.com/chart/?symbol=NASDAQ:GRML&interval=D,True,False,False
SITM,SiTime Corporation,NASDAQ,Semiconductors,656.65,615.53,600.7,606.85,602.76,650.37,572.83,522.84,627.45,614.82,666.34,634.88,5.29,6.09,39.96,551167.4,425914.36666666664,279676669.0,258466914.0,0.59,-0.24,19746145968.15015,11.5,62,-7.58,211,85.09,67,29.67,1.47,9.31,1.12,0.79,54.5,0.236,19.42,True,True,True,True,False,True,True,False,False,True,False,True,False,True,False,False,2026-11-04,False,False,6,,"EMA, near21",8,https://www.tradingview.com/chart/?symbol=NASDAQ:SITM&interval=D,False,False,False
VICR,Vicor Corporation,NASDAQ,Electronic Components,285.1,242.55,213.8,212.35,213.55,255.7,236.94,212.42,251.74,230.75,287.54,271.7,5.61,6.21,17.7,1155792.2,894123.7333333333,254914676.0,189871049.0,0.6,0.03,13145029235.848349,41.14,11,-22.27,322,69.33,85,29.4,5.4,33.35,3.79,0.9,75.8,0.749,15.18,True,True,True,True,False,False,True,False,False,False,False,False,False,True,False,False,2026-10-27,False,False,4,"LoD>60% ATR, >4x 50-MA",EMA,6,https://www.tradingview.com/chart/?symbol=NASDAQ:VICR&interval=D,True,False,False
UMAC,"Unusual Machines, Inc.",AMEX,Electronic Equipment/Instruments,23.96,23.5,23.63,24.6,24.05,22.43,20.0,18.39,23.72,23.89,24.63,23.34,6.47,7.91,1.89,2308528.1,3264467.566666667,78216643.0,80318960.0,0.86,-1.87,1196957817.7081082,-7.2,220,14.64,110,79.61,73,29.02,-0.05,1.4,0.03,0.68,32.7,0.143,23.61,False,False,False,True,True,True,True,False,False,True,False,True,False,False,False,False,2026-11-12,False,False,5,thin RVOL,near21,6,https://www.tradingview.com/chart/?symbol=AMEX:UMAC&interval=D,False,False,False
APPN,Appian Corporation,NASDAQ,Packaged Software,35.02,37.32,37.58,37.9,34.43,28.7,27.1,28.05,36.89,36.95,35.66,33.35,5.35,6.01,2.1,768603.2,864556.2,30276758.0,32769850.0,1.2,-1.19,2508422799.532908,-15.37,327,57.39,28,44.59,134,28.87,0.29,-6.81,0.87,1.1,79.4,0.244,29.91,False,False,False,True,False,True,False,False,False,True,True,False,False,False,False,False,2026-10-29,False,False,4,"LoD>60% ATR, thin RVOL",near21,3,https://www.tradingview.com/chart/?symbol=NASDAQ:APPN&interval=D,False,False,False
CBRL,"Cracker Barrel Old Country Store, Inc.",NASDAQ,Restaurants,53.73,47.24,49.94,52.35,53.79,47.44,41.4,38.54,49.58,50.33,54.55,52.14,4.81,4.92,2.64,1517105.5,1014168.6,54491279.0,53089022.0,0.86,0.85,1200944053.0318472,-2.38,174,-0.39,183,89.06,64,28.76,-0.02,7.59,1.37,0.91,60.2,0.322,28.38,False,False,False,True,False,True,True,False,False,True,False,False,False,False,False,False,2026-11-27,False,False,4,"LoD>60% ATR, thin RVOL",near21,4,https://www.tradingview.com/chart/?symbol=NASDAQ:CBRL&interval=D,False,False,False
BRKR,Bruker Corporation,NASDAQ,Medical Specialties,63.28,61.48,58.91,58.6,58.58,56.31,49.89,48.95,61.39,59.86,64.95,62.37,4.81,4.76,3.01,2648460.2,2171881.6,137436668.0,127278053.0,0.98,-1.5,9641297433.776253,7.84,82,4.94,150,72.75,80,28.51,1.69,7.42,1.2,0.86,30.2,0.24,19.8,True,True,True,True,False,True,True,False,False,True,False,True,False,False,False,False,2026-10-29,False,False,5,thin RVOL,"EMA, near21",8,https://www.tradingview.com/chart/?symbol=NASDAQ:BRKR&interval=D,False,False,False
HOOD,"Robinhood Markets, Inc.",NASDAQ,Investment Banks/Brokers,116.46,117.14,115.32,111.05,104.58,98.8,91.34,94.53,117.93,114.56,120.17,116.06,4.71,5.21,6.07,22885161.5,22494330.8,2619689765.0,2497972941.0,0.55,-1.15,104707124601.42813,7.18,83,14.32,111,63.73,97,28.41,2.18,0.99,0.32,0.68,6.6,0.234,22.15,False,False,False,True,True,True,True,True,False,True,False,True,False,True,False,False,2026-11-04,False,False,6,,"near21, ADR",7,https://www.tradingview.com/chart/?symbol=NASDAQ:HOOD&interval=D,False,False,False
BLLN,"BillionToOne, Inc.",NASDAQ,Medical/Nursing Services,121.72,112.85,105.14,101.61,109.17,106.54,96.79,95.01,114.25,108.94,125.0,119.05,5.45,5.52,6.72,706526.8,618275.5,75256494.0,62820191.0,0.48,-1.98,5743606142.690607,28.26,20,0.1,181,56.77,112,28.38,2.08,15.77,2.13,0.89,39.7,0.373,14.66,True,True,True,True,False,False,True,False,False,False,False,True,False,False,False,False,2026-12-15,False,False,5,thin RVOL,EMA,7,https://www.tradingview.com/chart/?symbol=NASDAQ:BLLN&interval=D,True,False,False
MANE,"Veradermics, Incorporated",NYSE,Pharmaceuticals: Major,115.0,111.57,105.43,105.03,106.76,106.75,93.17,,112.0,108.62,118.0,112.3,5.1,5.24,6.03,974489.4,699842.4666666667,80481884.0,73505621.0,0.66,-1.72,4804715639.487003,12.41,58,-4.17,196,76.54,76,28.26,1.47,9.07,1.12,0.95,44.8,0.279,16.0,False,True,True,False,False,True,True,False,False,True,False,True,False,False,False,False,2026-12-02,False,False,4,"thin RVOL, below 200-MA","EMA, near21",6,https://www.tradingview.com/chart/?symbol=NYSE:MANE&interval=D,False,False,False
FCEL,"FuelCell Energy, Inc.",NASDAQ,Electronic Equipment/Instruments,16.14,16.86,16.4,17.48,18.93,20.1,16.16,14.15,16.74,17.11,16.34,15.75,6.37,9.18,1.48,5291224.499999998,7047141.099999994,113740857.0,123198121.0,0.76,-2.06,1290460658.801698,-15.36,326,-44.15,438,141.98,32,27.49,-1.61,-1.59,0.62,0.39,26.3,0.28,36.85,False,False,False,True,True,True,True,True,False,True,False,True,False,False,False,False,2026-12-17,False,True,4,"thin RVOL, large gap","near21, ADR",7,https://www.tradingview.com/chart/?symbol=NASDAQ:FCEL&interval=D,False,False,False
MRX,Marex Group Limited,NASDAQ,Internet Software/Services,71.29,72.37,73.24,72.62,69.49,64.55,57.87,53.33,72.4,72.26,72.66,70.32,4.44,4.54,3.24,705992.6,726262.7333333333,51775270.0,52739747.0,0.77,-1.0,5127951550.648156,-0.13,150,19.49,98,60.09,106,26.49,0.57,-2.66,0.29,0.72,29.8,0.123,27.93,False,False,False,True,True,True,True,True,False,True,False,True,False,False,False,False,2026-11-05,False,False,5,thin RVOL,"near21, ADR",7,https://www.tradingview.com/chart/?symbol=NASDAQ:MRX&interval=D,False,False,False
HUT,Hut 8 Corp.,NASDAQ,Data Processing Services,92.71,97.02,93.22,90.05,93.55,102.21,88.07,79.32,96.97,94.66,97.93,91.83,7.55,8.34,7.73,4222708.500000009,4683710.033333331,434226757.0,421767308.0,0.46,-0.92,11427385249.78331,8.81,76,-19.56,306,89.98,63,26.41,-0.11,-0.55,0.25,0.79,11.4,0.341,24.68,False,False,False,True,True,True,True,False,False,True,False,True,False,True,False,False,2026-11-18,False,False,6,,near21,6,https://www.tradingview.com/chart/?symbol=NASDAQ:HUT&interval=D,False,False,False
DK,"Delek US Holdings, Inc.",NYSE,Oil Refining/Marketing,67.47,73.92,73.95,72.18,69.08,58.66,53.22,47.69,71.67,72.13,68.1,66.05,6.01,6.22,4.19,3664601.7,2503655.533333333,168921639.0,180701338.0,0.68,-0.63,4131334550.875294,-4.7,196,29.7,75,53.41,119,26.14,-0.37,-8.76,1.04,0.49,33.9,0.201,38.92,False,False,False,True,False,True,True,True,False,True,False,True,False,False,False,False,2026-11-11,False,False,5,thin RVOL,"near21, ADR",6,https://www.tradingview.com/chart/?symbol=NYSE:DK&interval=D,False,False,False
GCT,GigaCloud Technology Inc,NASDAQ,Wholesale Distributors,52.62,52.95,51.95,51.64,48.91,42.16,42.77,41.93,52.9,52.06,54.0,51.86,4.9,4.83,2.54,753594.6,593966.1666666666,31254500.0,30674492.0,0.6,-1.5,1879072674.5857725,1.52,131,62.66,23,13.28,225,25.82,1.57,1.29,0.22,0.84,29.9,0.123,20.94,False,False,False,True,True,True,True,False,False,True,False,True,False,False,False,False,2026-11-26,False,False,5,thin RVOL,near21,6,https://www.tradingview.com/chart/?symbol=NASDAQ:GCT&interval=D,False,True,False
MMED,"MiniMed Group, Inc.",NASDAQ,Medical Specialties,20.49,21.2,21.93,21.21,20.08,16.85,,,21.0,21.14,20.51,19.8,4.72,4.75,0.97,2948817.5,2390118.7,48973532.0,50690832.0,1.24,-0.05,5764860242.705706,3.64,111,37.52,61,35.88,155,25.68,0.43,-6.56,0.64,0.73,71.4,0.21,24.77,False,False,False,False,False,True,True,True,False,True,False,False,False,False,True,False,2026-12-30,False,False,3,"LoD>60% ATR, thin RVOL, below 200-MA","near21, ADR, RVOL",4,https://www.tradingview.com/chart/?symbol=NASDAQ:MMED&interval=D,False,False,False
GEO,Geo Group Inc (The) REIT,NYSE,Miscellaneous Commercial Services,30.22,31.06,31.18,31.42,31.23,28.86,24.85,22.71,30.99,31.15,31.66,29.6,4.52,4.55,1.37,2644966.5,2325625.6,70280406.0,73077358.0,1.03,-0.7,3977543714.7629724,-7.58,229,2.68,165,79.56,74,24.89,-0.71,-3.07,0.65,1.5,45.1,0.086,28.19,False,False,False,True,False,True,False,False,True,True,True,True,False,False,False,False,2026-11-05,False,False,5,thin RVOL,"near21, BB",5,https://www.tradingview.com/chart/?symbol=NYSE:GEO&interval=D,False,False,False
SG,"Sweetgreen, Inc.",NYSE,Restaurants,8.24,7.51,7.18,6.99,6.63,7.44,6.93,6.86,7.69,7.31,8.8,8.2,5.14,5.53,0.46,5326181.6,5032157.133333334,41464975.0,35188197.0,1.61,4.0,980900421.0000001,20.64,30,-4.52,200,57.55,110,24.56,4.4,14.79,2.3,1.32,8.8,0.309,10.7,True,True,True,True,False,False,False,False,False,False,True,True,True,True,True,False,2026-11-05,False,True,4,">4x 50-MA, large gap","EMA, RVOL",6,https://www.tradingview.com/chart/?symbol=NYSE:SG&interval=D,False,False,False
FROG,JFrog Ltd.,NASDAQ,Packaged Software,88.81,92.07,91.27,91.99,88.89,84.59,71.2,67.86,91.14,91.21,89.22,85.02,5.5,5.91,5.25,1648322.4,1839113.0666666667,163331631.0,169188594.0,0.92,-2.74,10950389850.179075,-14.32,309,0.21,178,86.73,66,24.21,-0.01,-2.69,0.45,0.8,72.1,0.139,27.25,False,False,False,True,True,True,True,False,False,True,False,False,False,True,False,False,2026-11-04,False,True,4,"LoD>60% ATR, large gap",near21,5,https://www.tradingview.com/chart/?symbol=NASDAQ:FROG&interval=D,False,False,False
DFTX,"Definium Therapeutics, Inc.",NASDAQ,Pharmaceuticals: Major,38.41,38.07,38.35,40.37,41.6,36.29,30.81,26.9,38.11,39.01,39.1,35.51,5.4,5.77,2.22,2603264.0999999987,2149419.2999999975,82559195.0,86782088.0,0.99,-0.68,5161034619.056399,-11.05,270,-17.4,290,99.64,59,23.73,-1.33,0.15,0.27,1.62,130.9,0.11,38.25,False,False,False,True,True,True,False,False,False,True,True,False,False,False,False,False,2026-11-05,False,False,4,"LoD>60% ATR, thin RVOL",near21,4,https://www.tradingview.com/chart/?symbol=NASDAQ:DFTX&interval=D,False,False,False
ERO,Ero Copper Corp.,NYSE,Other Metals/Minerals,37.41,35.31,35.52,36.15,33.53,30.6,29.76,29.83,36.25,35.68,38.0,35.61,4.0,5.21,1.95,1258099.5,1510236.4333333333,56497945.0,54599074.0,0.92,-4.56,3901961548.908376,-6.75,215,41.28,53,36.53,153,23.68,2.23,5.33,0.93,1.23,92.4,0.201,15.39,True,True,True,True,False,True,False,False,False,True,True,False,False,False,False,False,2026-11-10,False,True,3,"LoD>60% ATR, thin RVOL, large gap","EMA, near21",6,https://www.tradingview.com/chart/?symbol=NYSE:ERO&interval=D,False,False,False
INOD,Innodata Inc.,NASDAQ,Data Processing Services,66.79,63.48,59.16,59.49,60.52,73.81,63.47,61.06,64.86,62.02,69.95,66.15,6.18,6.34,4.24,2097614.8,1334746.0333333334,89147688.0,79409158.0,0.62,-0.79,2296417315.576796,15.14,45,-12.29,249,67.39,93,23.41,1.63,12.9,1.21,0.9,15.1,0.441,21.94,False,True,True,True,False,True,True,False,False,True,False,True,False,False,False,False,2026-11-05,False,False,5,thin RVOL,"EMA, near21",7,https://www.tradingview.com/chart/?symbol=NASDAQ:INOD&interval=D,False,False,False
TGTX,"TG Therapeutics, Inc.",NASDAQ,Pharmaceuticals: Major,56.19,56.46,55.91,55.02,53.63,50.51,44.46,40.84,56.49,55.7,57.66,55.88,4.15,4.22,2.37,2098364.7,1897372.3666666667,106613353.0,104384889.0,0.69,-0.14,8600949741.918858,1.19,136,0.54,176,68.44,88,23.39,1.13,0.49,0.21,0.75,13.1,0.094,27.8,False,False,False,True,True,True,True,False,True,True,False,True,False,False,False,False,2026-11-09,False,False,5,thin RVOL,"near21, BB",7,https://www.tradingview.com/chart/?symbol=NASDAQ:TGTX&interval=D,False,False,False
RUM,RUM Group Inc.,NASDAQ,Internet Software/Services,7.93,8.58,8.41,8.59,7.68,7.51,6.91,6.75,8.42,8.37,8.21,7.88,7.28,7.7,0.61,6037111.3,5497202.5,43592816.0,47213640.0,0.43,-2.75,3931774564.436603,-14.73,315,27.9,78,54.88,116,22.68,0.42,-5.68,0.68,0.54,8.2,0.269,23.04,False,False,False,True,False,True,True,True,False,True,False,True,False,False,False,False,2026-11-16,False,True,4,"thin RVOL, large gap","near21, ADR",6,https://www.tradingview.com/chart/?symbol=NASDAQ:RUM&interval=D,False,False,False
SANM,Sanmina Corporation,NASDAQ,Electronic Production Equipment,220.06,209.68,204.48,201.72,201.36,220.4,197.8,187.35,213.65,207.84,226.56,216.39,4.45,4.85,10.66,646507.3,602664.6,132622372.0,121568499.0,0.66,-0.16,11794634140.682566,8.57,78,-8.5,217,67.52,92,22.53,1.92,7.62,1.21,0.95,34.4,0.228,15.02,False,True,True,True,False,True,True,False,False,True,False,True,False,True,False,False,2026-11-09,False,False,6,,"EMA, near21",7,https://www.tradingview.com/chart/?symbol=NASDAQ:SANM&interval=D,False,False,False
SIG,Signet Jewelers Limited,NYSE,Specialty Stores,103.3,100.99,95.32,91.37,92.39,88.52,88.87,89.18,100.15,96.79,104.0,101.52,4.03,3.86,3.99,931661.5,1005012.5333333333,103817795.0,91830675.0,0.59,0.03,3852495367.3792295,25.75,22,18.72,101,22.36,197,22.28,3.06,8.38,1.74,0.62,44.5,0.356,12.07,True,True,True,True,False,False,True,True,False,True,False,True,False,False,False,False,2026-12-08,False,False,5,thin RVOL,"EMA, ADR",8,https://www.tradingview.com/chart/?symbol=NYSE:SIG&interval=D,True,False,False
CXW,"CoreCivic, Inc.",NYSE,Miscellaneous Commercial Services,31.69,33.54,33.77,33.65,32.82,29.32,26.02,24.27,33.1,33.38,33.18,30.66,5.64,5.63,1.78,2398296.4,1926776.0,61059531.0,64828948.0,1.08,-0.25,3133934918.3420477,-6.38,211,5.04,147,67.32,94,21.99,-0.61,-6.15,0.9,1.41,57.8,0.153,29.97,False,False,False,True,False,True,False,False,False,True,True,True,False,False,False,False,2026-11-09,False,False,5,thin RVOL,near21,4,https://www.tradingview.com/chart/?symbol=NYSE:CXW&interval=D,False,False,False
PARR,"Par Pacific Holdings, Inc. Common Stock",NYSE,Oil Refining/Marketing,77.97,80.96,81.41,79.97,79.25,69.34,65.56,58.79,79.66,80.07,78.34,76.34,5.48,5.52,4.3,1129499.1000000015,929332.5666666671,72460060.0,74321823.0,0.58,1.03,3906267984.208366,1.02,141,36.05,64,28.28,173,21.79,-0.29,-4.23,0.47,0.46,37.8,0.135,29.01,False,False,False,True,False,True,True,True,False,True,False,True,False,False,False,False,2026-11-09,False,False,5,thin RVOL,"near21, ADR",6,https://www.tradingview.com/chart/?symbol=NYSE:PARR&interval=D,False,False,False
BLSH,Bullish,NYSE,Packaged Software,35.99,37.5,36.17,34.03,29.9,29.94,32.54,33.63,37.49,35.7,38.21,35.9,6.77,6.7,2.41,1711467.5,1644715.6,59193314.0,55974058.0,0.4,-1.73,5409376452.857106,8.4,79,56.68,31,-0.66,264,21.47,3.04,-0.5,0.12,0.96,3.7,0.281,21.13,False,False,False,True,True,True,True,False,False,True,False,True,False,False,False,False,2026-11-25,False,False,5,thin RVOL,near21,6,https://www.tradingview.com/chart/?symbol=NYSE:BLSH&interval=D,False,False,False
SHAZ,"SharonAI Holdings, Inc.",NASDAQ,Data Processing Services,52.91,56.13,55.82,57.93,58.21,63.98,52.5,,56.15,56.82,55.0,51.92,7.81,9.65,5.11,1396304.1,1611205.4333333333,85248879.0,93336325.0,1.04,-1.24,1894363452.0658376,-5.92,207,-38.48,423,105.08,54,20.23,-0.94,-5.21,0.71,0.6,19.4,0.217,21.7,False,False,False,False,False,True,True,True,False,True,False,True,False,False,False,False,2026-11-04,False,False,4,"thin RVOL, below 200-MA","near21, ADR",5,https://www.tradingview.com/chart/?symbol=NASDAQ:SHAZ&interval=D,False,False,False
QCOM,QUALCOMM Incorporated,NASDAQ,Semiconductors,187.48,191.25,182.32,175.46,170.56,188.84,171.94,169.19,190.41,183.79,199.16,186.71,5.19,4.87,9.13,17368134.2,13356439.5,2504065277.0,2343574300.0,0.98,-1.39,196897850272.44064,13.91,47,-0.8,185,46.47,131,19.86,2.04,2.83,0.41,1.36,8.4,0.236,11.77,False,False,False,True,True,True,False,False,False,True,True,True,False,True,False,False,2026-11-11,False,False,6,,near21,5,https://www.tradingview.com/chart/?symbol=NASDAQ:QCOM&interval=D,False,False,False
DOCN,"DigitalOcean Holdings, Inc.",NYSE,Packaged Software,136.29,135.57,126.78,123.83,124.36,139.33,119.88,103.64,135.82,130.58,138.4,133.0,6.78,6.87,9.37,3129175.5,2637082.1,359407919.0,326541086.0,0.57,-3.11,16024916060.53717,12.63,57,-8.17,215,54.52,117,19.66,1.4,7.5,0.64,0.58,35.1,0.402,26.19,False,True,True,True,False,True,True,True,False,True,False,True,False,True,False,False,2026-11-09,False,True,5,large gap,"EMA, near21, ADR",8,https://www.tradingview.com/chart/?symbol=NYSE:DOCN&interval=D,False,False,False
TGB,Trekor Metals Limited,AMEX,Other Metals/Minerals,8.8,8.64,8.54,8.71,8.3,7.7,7.5,7.34,8.72,8.62,8.88,8.24,4.29,5.46,0.48,5754167.0,5411587.833333333,47621973.0,47138538.0,0.93,-3.95,3221005125.1147547,-9.74,254,36.22,63,31.93,165,19.47,1.1,2.98,0.37,1.32,116.5,0.194,14.82,True,True,True,True,True,True,False,False,False,True,True,False,False,False,False,False,2026-11-04,False,True,3,"LoD>60% ATR, thin RVOL, large gap","EMA, near21",7,https://www.tradingview.com/chart/?symbol=AMEX:TGB&interval=D,False,False,False
CRDO,Credo Technology Group Holding Ltd,NASDAQ,Information Technology Services,192.67,182.93,178.56,198.18,209.76,219.36,189.62,176.28,188.77,190.25,208.1,189.44,4.77,7.34,14.15,9152262.6,8071490.3,1555134036.0,1599570281.0,0.98,-2.3,36212696550.237755,-19.24,372,-22.75,326,99.97,58,19.33,-1.11,7.9,0.17,1.32,22.8,0.459,22.36,False,False,False,True,False,True,False,False,False,True,True,True,False,True,False,False,2026-12-02,False,True,5,large gap,near21,4,https://www.tradingview.com/chart/?symbol=NASDAQ:CRDO&interval=D,False,False,False
RIOT,"Riot Platforms, Inc.",NASDAQ,Information Technology Services,21.62,22.76,21.68,21.15,21.08,22.96,20.57,19.24,22.73,22.06,22.85,21.57,5.9,7.05,1.52,18109926.1,16758356.533333333,362315668.0,354472757.0,0.7,-2.17,8113098318.520002,5.36,102,-20.95,313,70.77,82,18.39,0.37,-0.29,0.29,0.84,3.3,0.356,17.22,False,False,False,True,True,True,True,False,False,True,False,True,False,False,False,False,2026-11-10,False,True,4,"thin RVOL, large gap",near21,6,https://www.tradingview.com/chart/?symbol=NASDAQ:RIOT&interval=D,False,False,False
TH,Target Hospitality Corp.,NASDAQ,Hotels/Resorts/Cruise lines,19.3,20.45,19.69,19.05,17.83,17.93,15.77,13.75,20.3,19.68,20.75,18.94,4.52,5.27,1.02,2309709.7,2016137.2,38911448.0,38403381.0,0.76,0.83,1922732012.9397478,1.58,130,-4.5,199,55.39,114,17.49,1.57,-2.0,0.36,1.78,35.4,0.23,34.68,False,False,False,True,True,True,False,False,False,True,True,True,False,False,False,False,2026-11-11,False,False,5,thin RVOL,near21,5,https://www.tradingview.com/chart/?symbol=NASDAQ:TH&interval=D,False,False,False
WGS,GeneDx Holdings Corp.,NASDAQ,Medical/Nursing Services,85.93,93.47,89.79,87.91,80.39,67.89,68.63,80.0,90.12,88.92,89.32,84.9,7.25,6.84,5.88,920065.7,624228.7333333333,53639975.0,54874595.0,0.47,-1.21,2562650931.2161765,-3.22,181,24.54,87,30.79,168,17.37,1.01,-4.3,0.49,0.75,17.5,0.264,29.77,False,False,False,True,False,True,True,True,False,True,False,True,False,False,False,False,2026-11-03,False,False,5,thin RVOL,"near21, ADR",6,https://www.tradingview.com/chart/?symbol=NASDAQ:WGS&interval=D,False,False,False
KEEL,Keel Infrastructure Corp.,NASDAQ,Data Processing Services,3.6,3.78,3.59,3.52,3.69,4.4,3.74,3.43,3.77,3.69,3.81,3.58,6.75,8.12,0.29,32910532.1,36348368.13333333,130854125.0,127946256.0,0.6,-1.58,2223263424.3157897,5.57,100,-36.06,410,80.9,71,16.81,-0.29,0.17,0.3,0.77,5.1,0.353,26.83,False,False,False,True,True,True,True,False,False,True,False,True,False,False,False,False,2026-11-16,False,False,5,thin RVOL,near21,6,https://www.tradingview.com/chart/?symbol=NASDAQ:KEEL&interval=D,False,False,False
IT,"Gartner, Inc.",NYSE,Internet Software/Services,185.73,185.43,185.03,187.69,178.08,162.43,160.19,174.06,184.26,184.35,187.01,182.64,4.05,4.43,8.23,1093746.9,1155890.7333333334,214683586.0,216949902.0,0.77,-1.39,11728658814.893612,-5.87,205,38.47,59,17.78,213,16.79,0.97,0.38,0.17,0.53,37.6,0.179,13.59,True,True,False,True,True,True,True,True,False,True,False,True,False,True,False,False,2026-11-03,False,False,6,,"near21, ADR",9,https://www.tradingview.com/chart/?symbol=NYSE:IT&interval=D,False,False,False
INFQ,"Infleqtion, Inc.",NYSE,Computer Processing Hardware,14.13,13.74,13.35,13.33,12.26,12.87,12.54,13.25,13.86,13.46,14.8,14.04,5.98,6.5,0.92,9236118.9,8657719.866666667,122333582.0,115416064.0,0.67,-2.27,3184295031.291523,1.44,133,5.45,145,42.44,138,16.44,2.35,5.88,0.76,0.83,9.8,0.184,10.47,True,True,True,True,False,True,True,False,False,True,False,True,False,False,False,False,2026-12-02,False,True,4,"thin RVOL, large gap","EMA, near21",8,https://www.tradingview.com/chart/?symbol=NYSE:INFQ&interval=D,False,False,False
CLSK,"CleanSpark, Inc.",NASDAQ,Data Processing Services,13.34,13.91,13.25,12.89,13.12,14.18,12.94,12.59,13.85,13.48,13.98,13.32,6.42,6.91,0.92,18091349.4,18241712.233333334,243344441.0,235178235.0,0.61,-1.0,3425939768.785663,6.04,96,-10.59,234,53.25,120,16.23,0.24,0.71,0.15,0.72,2.2,0.326,11.88,False,False,False,True,True,True,True,False,False,True,False,True,False,False,False,False,2026-12-16,False,False,5,thin RVOL,near21,6,https://www.tradingview.com/chart/?symbol=NASDAQ:CLSK&interval=D,False,False,False
ORKA,"Oruka Therapeutics, Inc.",NASDAQ,Pharmaceuticals: Major,84.19,91.04,91.8,95.86,96.5,84.31,73.26,62.87,89.51,92.22,85.95,83.22,5.51,6.05,5.09,1165266.1,899769.7,75751611.0,86248324.0,0.8,-0.62,5574194069.838148,-11.45,276,-8.98,220,68.99,86,16.18,-2.11,-8.29,1.44,0.54,19.1,0.151,39.95,False,False,False,True,False,True,True,True,False,True,False,True,False,False,False,False,2026-11-18,False,False,5,thin RVOL,"near21, ADR",6,https://www.tradingview.com/chart/?symbol=NASDAQ:ORKA&interval=D,False,False,False
DUOL,"Duolingo, Inc.",NASDAQ,Packaged Software,134.3,145.98,148.18,146.54,140.92,129.62,119.96,128.4,144.46,145.26,140.79,133.68,5.09,5.72,7.68,1126974.1,1173177.7333333334,157557770.0,171918247.0,1.46,-1.9,6283361235.552924,-6.22,210,18.27,104,35.99,154,16.02,-0.82,-9.37,1.32,0.93,8.1,0.168,21.01,False,False,False,True,False,True,True,False,False,True,False,True,False,False,True,False,2026-11-11,False,False,5,thin RVOL,"near21, RVOL",5,https://www.tradingview.com/chart/?symbol=NASDAQ:DUOL&interval=D,False,False,False
EAT,"Brinker International, Inc.",NYSE,Restaurants,202.45,204.46,213.82,222.44,218.72,187.13,173.16,168.78,207.19,212.38,211.49,199.67,4.45,4.67,9.46,1939312.6,1247907.1333333333,252638799.0,277588622.0,0.63,-0.01,8455326318.468388,-13.63,302,20.99,94,39.25,145,15.53,-1.59,-5.32,1.0,1.25,29.4,0.212,24.66,False,False,False,True,False,True,False,False,False,True,True,True,False,False,False,False,2026-11-04,False,False,5,thin RVOL,near21,4,https://www.tradingview.com/chart/?symbol=NYSE:EAT&interval=D,False,False,False
ACMR,"ACM Research, Inc.",NASDAQ,Industrial Machinery,75.95,72.37,72.12,74.63,77.19,82.32,71.16,66.19,74.43,74.2,76.98,73.47,5.51,6.57,4.99,1307780.2,1035521.3000000018,78647843.0,77283889.0,0.64,-1.44,5289856552.335706,-4.19,189,-37.22,414,87.95,65,15.51,-0.24,5.32,0.36,0.7,49.7,0.24,21.24,False,False,True,True,False,True,True,False,False,True,False,True,False,False,False,False,2026-11-11,False,False,5,thin RVOL,"EMA, near21",6,https://www.tradingview.com/chart/?symbol=NASDAQ:ACMR&interval=D,False,False,False
VOYG,"Voyager Technologies, Inc.",NYSE,Information Technology Services,33.18,34.44,33.99,35.16,34.01,35.3,32.72,31.82,33.64,34.25,33.49,30.8,6.7,7.55,2.5,3739561.9,2034510.4,67505055.0,71541524.0,0.78,-1.12,2024944187.5157895,-3.49,185,10.27,127,38.92,146,15.23,-0.32,-2.39,0.42,1.07,95.0,0.217,10.5,False,False,False,True,True,True,False,False,False,True,True,False,False,False,False,False,2026-11-09,False,False,4,"LoD>60% ATR, thin RVOL",near21,4,https://www.tradingview.com/chart/?symbol=NYSE:VOYG&interval=D,False,False,False
GKOS,Glaukos Corporation,NYSE,Medical Specialties,158.56,160.31,168.51,173.63,171.27,152.86,140.29,133.98,160.58,165.96,160.98,151.71,4.33,4.23,6.71,942480.3,747180.6333333333,118472961.0,129729985.0,1.57,-0.85,9352492497.397655,-12.45,286,12.11,117,45.88,132,15.18,-1.75,-5.91,1.05,1.38,102.2,0.23,23.52,False,False,False,True,False,True,False,False,False,True,True,False,True,True,True,False,2026-11-04,False,False,5,LoD>60% ATR,"near21, RVOL",3,https://www.tradingview.com/chart/?symbol=NYSE:GKOS&interval=D,False,False,False
CLF,Cleveland-Cliffs Inc.,NYSE,Steel,11.22,12.26,12.14,11.93,11.78,11.57,10.85,11.42,12.13,12.08,11.78,11.0,4.81,5.54,0.62,16133602.4,14919079.466666667,167392072.0,178014456.0,1.78,-3.61,6401459398.768474,-5.71,203,18.73,100,32.47,163,15.16,-0.86,-7.57,1.28,1.25,35.4,0.14,12.52,False,False,False,False,False,True,False,False,False,True,True,True,True,True,True,False,2026-10-26,False,True,4,"below 200-MA, large gap","near21, RVOL",3,https://www.tradingview.com/chart/?symbol=NYSE:CLF&interval=D,False,False,False
CHYM,"Chime Financial, Inc.",NASDAQ,Packaged Software,26.69,29.14,31.18,31.67,29.28,24.04,23.06,23.49,28.73,29.97,27.02,25.92,5.23,5.38,1.44,8323119.5,7761793.133333334,207162259.0,245844448.0,0.52,-2.09,10104436455.539583,-20.21,383,27.1,82,38.36,148,15.08,-1.64,-14.39,2.03,0.77,53.6,0.341,30.42,False,False,False,True,False,False,True,False,False,False,False,True,False,True,False,False,2026-11-11,False,True,5,large gap,,4,https://www.tradingview.com/chart/?symbol=NASDAQ:CHYM&interval=D,False,False,False
WK,Workiva Inc.,NYSE,Information Technology Services,68.19,71.67,73.49,73.87,68.75,59.29,59.07,64.18,71.2,71.92,69.33,65.75,4.05,4.44,3.03,992995.5,877591.8666666667,59842989.0,64829466.0,0.9,-2.69,3710660267.447731,-11.8,283,42.03,52,14.41,220,14.88,-0.18,-7.21,1.17,1.18,80.6,0.162,21.16,False,False,False,True,False,True,False,False,False,True,True,False,False,False,False,False,2026-11-04,False,True,3,"LoD>60% ATR, thin RVOL, large gap",near21,3,https://www.tradingview.com/chart/?symbol=NYSE:WK&interval=D,False,False,False
ASAN,"Asana, Inc.",NYSE,Packaged Software,8.64,9.37,9.32,9.4,8.97,8.04,7.57,8.52,9.19,9.25,8.84,8.28,6.57,7.06,0.61,10712012.8,7251130.9,62649771.0,68189635.0,0.81,-2.88,1978301938.9090912,-14.62,314,25.95,83,31.71,166,14.34,-0.53,-7.34,0.93,0.91,58.2,0.237,20.84,False,False,False,True,False,True,True,False,False,True,False,True,False,False,False,False,2026-12-08,False,True,4,"thin RVOL, large gap",near21,5,https://www.tradingview.com/chart/?symbol=NYSE:ASAN&interval=D,False,False,False
HIVE,HIVE Digital Technologies Ltd,NASDAQ,Information Technology Services,3.04,3.22,3.09,3.04,2.97,3.32,2.95,2.9,3.2,3.13,3.15,2.99,5.52,6.71,0.2,13170382.099999994,19065146.666666668,57958046.0,57942158.0,0.71,-1.9,833803132.4125559,1.67,129,-17.39,289,58.33,109,14.2,0.35,-1.55,0.41,0.78,24.5,0.308,13.68,False,False,False,True,True,True,True,False,False,True,False,True,False,False,False,False,2026-11-16,False,False,5,thin RVOL,near21,6,https://www.tradingview.com/chart/?symbol=NASDAQ:HIVE&interval=D,False,False,False
FORM,"FormFactor, Inc.",NASDAQ,Semiconductors,130.97,120.27,112.5,113.1,112.52,121.21,118.18,106.77,122.89,117.57,131.16,124.1,4.39,5.53,7.24,1196764.5,1127645.8333333333,147687775.0,127535804.0,1.13,-0.29,10231471878.12977,19.65,32,-9.73,227,32.41,164,14.11,2.97,16.42,2.06,0.97,94.9,0.422,11.03,True,True,True,True,False,False,True,False,False,False,False,False,False,True,False,False,2026-11-04,False,False,5,LoD>60% ATR,EMA,6,https://www.tradingview.com/chart/?symbol=NASDAQ:FORM&interval=D,False,False,False
AXTI,AXT Inc,NASDAQ,Electronic Production Equipment,73.67,71.9,66.77,68.49,65.99,78.4,72.12,59.02,72.72,69.93,78.18,71.56,7.52,9.47,6.97,8899267.7,9080196.9,668938106.0,621887552.0,0.76,-3.06,4830778652.8329115,12.84,56,3.8,158,25.29,181,13.98,1.23,10.33,0.56,0.95,30.3,0.467,26.3,False,True,True,True,False,True,True,False,False,True,False,True,False,False,False,False,2026-10-29,False,True,4,"thin RVOL, large gap","EMA, near21",7,https://www.tradingview.com/chart/?symbol=NASDAQ:AXTI&interval=D,False,False,False
VSAT,"ViaSat, Inc.",NASDAQ,Telecommunications Equipment,71.65,73.44,72.76,73.15,75.3,73.44,66.6,60.18,73.34,73.57,72.28,69.82,5.23,5.58,4.0,1795997.7,1661986.2,119081311.0,121568474.0,0.74,-2.07,9870203591.037388,-2.01,169,-6.25,208,50.18,127,13.97,-0.87,-1.52,0.47,0.62,45.8,0.156,21.1,False,False,False,True,True,True,True,True,False,True,False,True,False,False,False,False,2026-11-11,False,True,4,"thin RVOL, large gap","near21, ADR",7,https://www.tradingview.com/chart/?symbol=NASDAQ:VSAT&interval=D,False,False,False
IONQ,"IonQ, Inc.",NYSE,Computer Processing Hardware,44.58,41.22,39.76,40.69,39.86,47.06,43.47,43.59,42.16,41.06,47.91,44.54,5.53,6.33,2.82,28487365.5,21850259.0,974084546.0,889065188.0,1.31,0.35,18061055961.82454,6.83,89,-15.4,268,50.4,125,13.94,1.87,12.13,1.36,1.19,1.4,0.27,16.37,False,True,True,True,False,True,False,False,False,True,True,True,False,True,True,False,2026-11-11,False,False,6,,"EMA, near21, RVOL",6,https://www.tradingview.com/chart/?symbol=NYSE:IONQ&interval=D,False,False,False
VSH,"Vishay Intertechnology, Inc.",NYSE,Electronic Production Equipment,32.23,32.21,31.67,31.75,33.21,41.11,34.49,30.23,32.2,32.22,32.55,31.34,4.35,5.33,1.72,2888476.0,3462630.1,111600568.0,109955819.0,1.01,-2.7,4943418653.130875,2.35,123,-37.32,416,76.12,77,13.72,-0.55,1.76,0.01,0.7,51.8,0.118,33.77,False,False,False,True,True,True,True,False,False,True,False,True,False,False,False,False,2026-11-11,False,True,4,"thin RVOL, large gap",near21,6,https://www.tradingview.com/chart/?symbol=NYSE:VSH&interval=D,False,False,False
MARA,"MARA Holdings, Inc.",NASDAQ,Data Processing Services,12.11,12.5,11.9,11.52,11.32,12.32,11.43,10.97,12.48,12.06,12.74,12.09,6.51,7.18,0.87,48882812.1,50484711.86666667,611369861.0,581491325.0,0.56,-0.64,4678084793.183267,5.03,105,-11.22,241,47.32,129,13.71,0.98,1.75,0.06,0.75,2.3,0.323,12.61,False,False,False,True,True,True,True,False,False,True,False,True,False,False,False,False,2026-11-11,False,False,5,thin RVOL,near21,6,https://www.tradingview.com/chart/?symbol=NASDAQ:MARA&interval=D,False,False,False
AI,"C3.ai, Inc.",NYSE,Packaged Software,10.41,10.7,10.65,10.47,10.03,9.85,9.52,10.35,10.66,10.56,10.54,10.2,4.23,4.59,0.48,4345071.3,5048908.9,52559142.0,52863759.0,0.75,-1.88,1637283298.6140842,1.26,134,17.96,105,21.05,198,13.42,0.82,-2.29,0.32,0.71,44.0,0.08,11.34,False,False,False,True,True,True,True,False,True,True,False,True,False,False,False,False,2026-12-09,False,False,5,thin RVOL,"near21, BB",7,https://www.tradingview.com/chart/?symbol=NYSE:AI&interval=D,False,False,False
KSS,Kohl's Corporation,NYSE,Department Stores,18.18,17.21,17.65,17.81,18.28,16.98,16.03,16.99,17.55,17.64,18.5,17.61,4.74,5.22,0.95,3919052.6,4512649.2,82039962.0,80385324.0,1.2,-1.17,2061183671.0748606,-0.38,151,0.5,177,39.74,144,13.28,-0.1,2.98,0.58,0.93,59.5,0.21,12.35,False,False,False,True,True,True,True,False,False,True,False,True,False,False,True,False,2026-11-12,False,False,5,thin RVOL,"near21, RVOL",6,https://www.tradingview.com/chart/?symbol=NYSE:KSS&interval=D,False,False,False
CLS,"Celestica, Inc.",NYSE,Electronic Components,356.53,346.11,330.22,322.67,326.78,347.85,339.03,329.8,349.84,337.97,372.97,349.52,4.82,5.48,19.55,2201789.5,2208316.4,787331046.0,712562606.0,1.13,-0.41,44962395015.87445,13.18,55,3.24,159,23.4,191,13.28,1.66,7.97,1.0,1.2,35.9,0.3,5.91,True,True,True,True,False,True,False,False,False,True,True,True,False,True,False,False,2026-10-26,False,False,6,,"EMA, near21",7,https://www.tradingview.com/chart/?symbol=NYSE:CLS&interval=D,False,False,False
SHOP,Shopify Inc.,NASDAQ,Miscellaneous Commercial Services,144.01,137.63,137.33,141.53,138.36,125.3,124.37,129.85,140.1,139.28,144.05,136.49,4.53,4.83,6.95,11731676.2,9077238.633333333,1307213136.0,1284725790.0,0.7,-2.96,185289603887.97333,-6.99,218,27.44,79,19.3,204,13.25,0.85,4.87,0.7,1.09,108.2,0.217,9.71,True,True,True,True,False,True,False,False,False,True,True,False,False,True,False,False,2026-10-22,False,True,4,"LoD>60% ATR, large gap","EMA, near21",6,https://www.tradingview.com/chart/?symbol=NASDAQ:SHOP&interval=D,False,False,False
COIN,"Coinbase Global, Inc.",NASDAQ,Investment Banks/Brokers,191.79,189.12,185.05,181.16,171.13,171.55,177.34,186.98,191.38,185.38,198.78,191.1,5.17,5.82,11.15,11385961.2,10573795.766666668,2027948290.0,1915510071.0,0.56,0.5,50601298230.0,3.1,116,29.43,76,7.15,245,13.22,2.08,3.64,0.59,0.69,6.2,0.242,9.38,True,True,True,True,False,True,True,False,False,True,False,True,False,True,False,False,2026-10-29,False,False,6,,"EMA, near21",8,https://www.tradingview.com/chart/?symbol=NASDAQ:COIN&interval=D,False,False,False
WTTR,"Select Water Solutions, Inc.",NYSE,Oil & Gas Production,20.18,20.18,20.19,20.08,20.03,19.4,17.94,16.39,20.06,20.1,20.44,19.64,4.12,4.4,0.89,2157876.8,1578572.3,31855589.0,31704046.0,0.9,0.91,2602067466.6985884,3.28,115,2.75,163,33.2,161,13.08,0.17,-0.04,0.09,0.91,61.4,0.084,18.84,False,False,False,True,True,True,True,False,True,True,False,False,False,False,False,False,2026-11-03,False,False,4,"LoD>60% ATR, thin RVOL","near21, BB",6,https://www.tradingview.com/chart/?symbol=NYSE:WTTR&interval=D,False,False,False
FLEX,Flex Ltd.,NASDAQ,Electronic Production Equipment,113.04,111.19,110.52,111.6,115.08,129.05,110.26,98.74,112.11,112.17,114.37,110.28,4.13,4.87,5.51,3579831.3000000017,3151176.099999992,356208946.0,351674404.0,0.65,-1.91,41757310042.66271,-1.38,163,-28.86,371,68.89,87,12.89,-0.36,2.28,0.16,0.74,50.1,0.105,26.81,False,False,False,True,True,True,True,False,False,True,False,True,False,True,False,False,2026-11-04,False,False,6,,near21,6,https://www.tradingview.com/chart/?symbol=NASDAQ:FLEX&interval=D,False,False,False
NWL,Newell Brands Inc.,NASDAQ,Industrial Machinery,5.44,5.59,5.81,5.87,5.79,5.19,4.8,4.64,5.61,5.73,5.52,5.3,4.16,4.81,0.26,5605341.5,6311911.5,34336799.0,37057232.0,0.77,-0.37,2316895893.8047886,-9.03,247,-9.63,226,57.23,111,12.85,-1.27,-6.3,1.04,0.82,53.4,0.176,21.37,False,False,False,True,False,True,True,False,False,True,False,True,False,False,False,False,2026-10-23,False,False,5,thin RVOL,near21,5,https://www.tradingview.com/chart/?symbol=NASDAQ:NWL&interval=D,False,False,False
WAY,Waystar Holding Corp.,NASDAQ,Packaged Software,25.74,25.66,25.25,25.13,24.33,22.26,22.96,24.51,25.26,25.13,25.77,24.44,4.07,4.27,1.1,2338671.2,2141653.3,55126156.0,53816892.0,0.78,0.0,4935604697.621053,1.18,137,30.46,73,6.54,248,12.73,1.36,1.95,0.57,1.21,118.2,0.159,13.21,True,True,True,True,True,True,False,False,False,True,True,False,False,False,False,False,2026-11-11,False,False,4,"LoD>60% ATR, thin RVOL","EMA, near21",7,https://www.tradingview.com/chart/?symbol=NASDAQ:WAY&interval=D,False,False,False
SEI,"Solaris Energy Infrastructure, Inc.",NYSE,Oilfield Services/Equipment,69.15,67.75,63.16,60.61,59.08,66.06,64.24,60.89,67.55,64.52,72.17,67.53,5.3,6.13,4.24,2685998.0,2731341.433333333,188872260.0,165552977.0,1.05,0.55,5543461041.040581,32.62,14,-13.78,259,19.22,205,12.69,2.78,9.49,1.17,1.09,38.2,0.435,12.54,True,True,True,True,False,True,False,False,False,True,True,True,False,False,False,False,2026-11-02,False,False,5,thin RVOL,"EMA, near21",7,https://www.tradingview.com/chart/?symbol=NYSE:SEI&interval=D,True,False,False
DIOD,Diodes Incorporated,NASDAQ,Semiconductors,96.37,93.2,91.98,92.58,92.23,98.24,91.86,83.23,94.03,93.15,96.57,92.9,4.14,4.74,4.57,532527.9,567054.9666666667,54647087.0,52500123.0,0.81,0.0,4438002584.4046335,6.05,95,-8.27,216,37.55,149,11.78,0.95,4.77,0.73,0.8,75.9,0.112,15.58,False,True,True,True,False,True,True,False,False,True,False,False,False,False,False,False,2026-11-05,False,False,4,"LoD>60% ATR, thin RVOL","EMA, near21",6,https://www.tradingview.com/chart/?symbol=NASDAQ:DIOD&interval=D,False,False,False
WOLF,"Wolfspeed, Inc.",NYSE,Semiconductors,27.58,26.13,26.4,26.85,26.99,38.61,32.98,29.27,26.72,26.74,28.07,26.26,5.89,7.72,2.13,2172931.400000115,3031551.2666666885,83610184.0,81394120.0,0.69,-0.04,1459825068.6811752,3.45,112,-38.7,424,68.17,90,10.97,0.28,4.46,0.41,0.85,62.0,0.235,45.26,False,True,False,False,False,True,True,False,False,True,False,False,False,False,False,False,2026-10-28,False,False,3,"LoD>60% ATR, thin RVOL, below 200-MA",near21,4,https://www.tradingview.com/chart/?symbol=NYSE:WOLF&interval=D,False,False,False
LITE,Lumentum Holdings Inc.,NASDAQ,Electrical Products,921.32,921.21,913.01,906.06,862.84,866.1,835.79,732.03,925.57,912.35,950.97,881.23,5.71,6.75,62.17,4789305.0,4393553.9,4047869079.0,3980844682.0,0.92,0.65,82642403330.76743,-2.17,172,9.16,132,25.37,180,10.79,1.0,0.91,0.15,1.12,64.5,0.188,20.53,True,True,False,True,True,True,False,False,False,True,True,False,False,True,False,False,2026-11-10,False,False,5,LoD>60% ATR,near21,6,https://www.tradingview.com/chart/?symbol=NASDAQ:LITE&interval=D,False,False,False
CCC,CCC Intelligent Solutions Holdings Inc.,NASDAQ,Packaged Software,6.62,6.62,6.86,7.02,6.76,5.86,5.8,6.16,6.72,6.8,6.82,6.56,4.33,4.73,0.31,14761401.5,11970784.033333333,79246590.0,84078797.0,1.3,-1.88,3899144901.527536,-12.84,291,35.1,66,9.78,238,10.68,-0.44,-3.48,0.55,0.83,19.2,0.187,16.06,False,False,False,True,False,True,True,False,False,True,False,True,False,False,True,False,2026-10-29,False,False,5,thin RVOL,"near21, RVOL",5,https://www.tradingview.com/chart/?symbol=NASDAQ:CCC&interval=D,False,False,False
BHVN,Biohaven Ltd.,NYSE,Pharmaceuticals: Major,13.27,13.41,14.01,14.21,14.24,13.29,12.15,12.0,13.53,13.83,13.42,12.49,7.21,7.95,1.05,3272272.6,3489639.066666667,46307510.0,49579629.0,0.63,-1.31,2004350891.9515014,-16.44,343,-10.03,229,58.35,108,10.63,-0.86,-5.27,0.51,0.88,74.0,0.351,16.88,False,False,False,True,False,True,True,False,False,True,False,False,False,False,False,False,2026-11-17,False,False,4,"LoD>60% ATR, thin RVOL",near21,4,https://www.tradingview.com/chart/?symbol=NYSE:BHVN&interval=D,False,False,False
WDC,Western Digital Corporation,NASDAQ,Computer Peripherals,453.23,444.1,449.73,456.46,473.46,513.77,450.48,394.68,451.75,454.14,459.99,432.04,5.0,6.1,27.63,7783869.9,6567864.733333329,2976753333.0,2997952211.0,0.96,-1.71,163407962143.72134,-1.95,168,-28.34,368,61.58,102,10.43,-0.7,0.78,0.03,1.01,76.7,0.166,26.28,False,False,False,True,True,True,False,False,False,True,True,False,False,True,False,False,2026-10-22,False,False,5,LoD>60% ATR,near21,4,https://www.tradingview.com/chart/?symbol=NASDAQ:WDC&interval=D,False,False,False
SYNA,Synaptics Incorporated,NASDAQ,Semiconductors,100.36,96.18,96.23,97.12,102.06,115.64,103.43,98.23,97.69,97.67,102.56,98.28,4.32,4.57,4.59,592779.4,676036.9666666667,67847070.0,65654907.0,0.84,-0.16,3983530649.421339,2.84,119,-14.96,267,41.91,139,9.93,-0.36,4.29,0.6,0.93,45.3,0.132,19.39,False,False,True,True,False,True,True,False,False,True,False,True,False,False,False,False,2026-11-05,False,False,5,thin RVOL,"EMA, near21",6,https://www.tradingview.com/chart/?symbol=NASDAQ:SYNA&interval=D,False,False,False
SM,SM Energy Company,NYSE,Integrated Oil,33.55,35.89,36.88,36.68,34.64,32.36,30.92,28.07,35.28,35.83,34.75,33.47,4.0,4.49,1.51,4864038.8,3991839.566666667,133926217.0,146422006.0,0.74,1.74,7980003843.005013,-9.1,249,27.28,80,11.17,232,9.78,-0.7,-9.02,1.42,0.85,5.3,0.214,26.24,False,False,False,True,False,True,True,False,False,True,False,True,False,False,False,False,2026-10-29,False,False,5,thin RVOL,near21,5,https://www.tradingview.com/chart/?symbol=NYSE:SM&interval=D,False,False,False
SNAP,Snap Inc.,NYSE,Packaged Software,5.22,5.54,5.54,5.48,5.27,5.25,5.22,5.67,5.47,5.48,5.39,5.19,4.98,5.19,0.27,33477516.0,35142745.36666667,183445131.0,192652530.0,0.84,-2.4,8828052511.184502,-2.43,176,18.64,102,12.99,228,9.73,-0.2,-5.82,0.91,0.74,11.1,0.125,8.63,False,False,False,False,False,True,True,False,False,True,False,True,False,False,False,False,2026-10-15,False,True,3,"thin RVOL, below 200-MA, large gap",near21,4,https://www.tradingview.com/chart/?symbol=NYSE:SNAP&interval=D,False,False,False
IOT,Samsara Inc.,NYSE,Packaged Software,37.93,39.25,39.33,39.52,38.74,35.85,34.07,33.7,38.9,39.17,38.37,36.4,5.22,5.59,2.12,5429376.8,6833839.633333334,259207537.0,270091566.0,0.75,-2.13,22212005223.010273,-9.13,250,19.96,95,17.9,212,9.58,-0.37,-3.56,0.57,0.93,72.2,0.144,14.85,False,False,False,True,False,True,True,False,False,True,False,False,False,True,False,False,2026-11-26,False,True,4,"LoD>60% ATR, large gap",near21,4,https://www.tradingview.com/chart/?symbol=NYSE:IOT&interval=D,False,False,False
W,Wayfair Inc.,NYSE,Specialty Stores,98.63,101.81,100.16,101.37,99.07,88.41,83.86,88.16,100.56,100.75,99.51,94.25,4.48,4.98,4.92,2528687.5,2327931.2333333334,229603858.0,235976957.0,0.84,-3.22,13509169802.685175,-6.48,213,4.79,153,30.27,171,9.53,-0.09,-1.52,0.42,1.07,89.1,0.137,18.2,False,False,False,True,True,True,False,False,False,True,True,False,False,True,False,False,2026-10-29,False,True,4,"LoD>60% ATR, large gap",near21,4,https://www.tradingview.com/chart/?symbol=NYSE:W&interval=D,False,False,False
AMBA,"Ambarella, Inc.",NASDAQ,Semiconductors,68.68,67.49,66.88,68.8,72.09,73.24,68.1,68.27,68.4,68.59,72.03,68.11,6.05,6.43,4.42,1606036.2,1709398.3333333333,117401478.0,117598628.0,0.74,-1.5,3031601978.731976,-3.46,184,1.16,173,30.76,169,9.49,-0.74,2.7,0.02,0.89,12.9,0.155,9.27,False,False,False,True,True,True,True,False,False,True,False,True,False,False,False,False,2026-12-01,False,False,5,thin RVOL,near21,6,https://www.tradingview.com/chart/?symbol=NASDAQ:AMBA&interval=D,False,False,False
ARQT,"Arcutis Biotherapeutics, Inc.",NASDAQ,Pharmaceuticals: Major,27.33,26.21,25.05,25.12,25.84,24.94,24.55,25.27,26.25,25.7,27.55,26.43,5.25,4.85,1.33,4815671.2,2878172.3666666667,78660451.0,72289616.0,0.65,-0.82,3435161364.059064,11.1,65,0.66,175,14.59,219,8.78,1.19,9.1,1.31,0.84,67.9,0.226,6.1,True,True,True,True,False,True,True,False,False,True,False,False,False,False,False,False,2026-10-29,False,False,4,"LoD>60% ATR, thin RVOL","EMA, near21",7,https://www.tradingview.com/chart/?symbol=NASDAQ:ARQT&interval=D,False,False,False
FSLY,"Fastly, Inc.",NASDAQ,Information Technology Services,24.92,25.6,23.83,24.02,23.84,21.26,22.61,19.65,25.46,24.72,25.23,24.14,11.0,10.49,2.61,11044382.7,7089970.2,176682057.0,170270361.0,0.45,-1.82,3969755930.1121793,2.42,122,40.47,56,-16.87,336,8.67,0.43,4.57,0.08,0.42,29.8,0.398,23.86,False,False,False,True,False,True,True,True,False,True,False,True,False,False,False,False,2026-11-04,False,False,5,thin RVOL,"near21, ADR",6,https://www.tradingview.com/chart/?symbol=NASDAQ:FSLY&interval=D,False,False,False
PAY,"Paymentus Holdings, Inc.",NYSE,Miscellaneous Commercial Services,29.92,33.16,34.61,35.98,35.97,30.14,28.72,28.67,32.45,34.12,30.07,29.45,5.15,5.56,1.66,1381606.9,1213003.9333333333,36293078.0,43647116.0,0.52,-0.86,3768114238.249917,-16.1,339,24.72,86,17.1,215,8.58,-3.03,-13.55,2.22,0.37,28.3,0.278,24.4,False,False,False,True,False,False,True,True,False,True,False,True,False,False,False,False,2026-11-09,False,False,5,thin RVOL,ADR,5,https://www.tradingview.com/chart/?symbol=NYSE:PAY&interval=D,False,False,False
FDS,FactSet Research Systems Inc.,NYSE,Financial Publishing/Services,267.67,276.81,283.79,288.21,280.98,258.57,245.22,249.54,276.03,280.19,271.51,264.66,4.08,4.25,11.36,697233.3,840203.9333333333,224897387.0,242157416.0,1.05,-1.11,9519828728.726784,-13.29,297,14.97,109,24.0,186,8.56,-1.12,-5.68,1.05,0.6,26.5,0.22,14.41,False,False,False,True,False,True,True,True,False,True,False,True,False,False,False,False,2026-09-30,True,False,4,"thin RVOL, earnings soon","near21, ADR",5,https://www.tradingview.com/chart/?symbol=NYSE:FDS&interval=D,False,False,False
BTBT,"Bit Digital, Inc.",NASDAQ,Miscellaneous Commercial Services,1.68,1.68,1.61,1.58,1.52,1.68,1.64,1.74,1.7,1.64,1.8,1.68,6.47,7.43,0.12,27089716.1,31913575.966666665,53614808.0,50567061.0,0.66,-1.42,605864301.0,6.33,93,-6.67,209,24.44,185,8.04,1.46,4.06,0.32,0.92,0.0,0.369,13.46,False,False,False,False,False,True,True,False,False,True,False,True,False,False,False,False,2026-11-12,False,False,4,"thin RVOL, below 200-MA",near21,4,https://www.tradingview.com/chart/?symbol=NASDAQ:BTBT&interval=D,False,False,False
NESR,National Energy Services Reunited Corp,NASDAQ,Oilfield Services/Equipment,29.81,32.17,33.22,33.49,31.93,29.02,26.94,24.82,32.21,32.66,32.52,29.75,4.57,4.86,1.45,1870043.7,1742363.8333333333,51939866.0,58359605.0,1.3,1.21,3006391091.037659,-15.34,323,0.17,179,38.84,147,7.89,-1.37,-10.27,1.8,1.91,4.1,0.159,28.19,False,False,False,True,False,False,False,False,False,False,True,True,False,False,True,False,2026-11-04,False,False,5,thin RVOL,RVOL,3,https://www.tradingview.com/chart/?symbol=NASDAQ:NESR&interval=D,False,False,False
BULL,Webull Corporation,NASDAQ,Packaged Software,7.05,7.78,8.58,8.64,8.2,7.49,6.94,7.12,7.78,8.17,7.21,7.01,5.94,6.6,0.47,14744556.5,17582867.933333334,123959219.0,151945284.0,0.54,-0.83,3734839053.337969,-25.63,425,4.21,156,44.91,133,7.83,-2.12,-17.88,2.08,0.43,8.6,0.422,23.39,False,False,False,False,False,False,True,True,False,True,False,True,False,False,False,False,2026-11-19,False,False,4,"thin RVOL, below 200-MA",ADR,4,https://www.tradingview.com/chart/?symbol=NASDAQ:BULL&interval=D,False,False,False
ARXS,"Arxis, Inc.",NASDAQ,Aerospace & Defense,48.44,50.42,51.22,52.25,51.84,46.32,,,50.52,51.21,49.62,48.23,5.02,5.05,2.45,1113282.3,732371.1666666666,35476059.0,38269811.0,0.76,-1.6,20869227386.927376,-9.78,255,4.96,149,27.47,176,7.55,-1.3,-5.43,1.07,0.57,8.6,0.109,11.39,False,False,False,False,False,True,True,True,False,True,False,True,False,True,False,False,2026-12-02,False,False,5,below 200-MA,"near21, ADR",5,https://www.tradingview.com/chart/?symbol=NASDAQ:ARXS&interval=D,False,False,False
M,Macy's Inc,NYSE,Department Stores,23.01,22.26,22.18,22.4,23.27,22.79,21.45,21.6,22.41,22.44,23.2,22.13,4.0,3.67,0.84,6059316.9,6388702.633333334,147004048.0,143096291.0,1.03,-1.86,6009674226.622791,1.1,140,-5.04,204,26.15,179,7.4,-0.3,3.74,0.69,1.27,104.2,0.101,7.89,False,False,False,True,False,True,False,False,False,True,True,False,False,False,False,False,2026-11-12,False,False,4,"LoD>60% ATR, thin RVOL",near21,3,https://www.tradingview.com/chart/?symbol=NYSE:M&interval=D,False,False,False
GDDY,GoDaddy Inc.,NYSE,Data Processing Services,93.71,98.81,98.94,98.32,96.27,90.99,88.95,94.01,98.0,98.08,96.12,93.48,5.42,5.69,5.34,3594979.2,2350718.6666666665,220285846.0,231119525.0,0.64,-1.17,11868156368.311096,-3.76,187,11.65,119,14.11,221,7.34,-0.47,-5.28,0.78,0.5,4.3,0.138,10.66,False,False,False,False,False,True,True,True,False,True,False,True,False,True,False,False,2026-10-29,False,False,5,below 200-MA,"near21, ADR",5,https://www.tradingview.com/chart/?symbol=NYSE:GDDY&interval=D,False,False,False
RELY,"Remitly Global, Inc.",NASDAQ,Miscellaneous Commercial Services,21.89,21.51,23.13,24.06,23.99,22.88,21.19,19.38,21.77,22.69,21.99,20.95,4.62,4.91,1.07,4667549.1,3938669.2666666666,86217470.0,94766352.0,0.64,-0.7,4633764020.519663,-15.07,318,-4.16,195,40.86,141,7.21,-1.78,-5.35,0.71,0.97,87.5,0.373,21.05,False,False,False,True,False,True,True,False,False,True,False,False,False,False,False,False,2026-11-04,False,False,4,"LoD>60% ATR, thin RVOL",near21,4,https://www.tradingview.com/chart/?symbol=NASDAQ:RELY&interval=D,False,False,False
RDW,Redwire Corporation,NYSE,Aerospace & Defense,11.2,11.29,10.95,11.26,10.97,12.56,11.5,10.99,11.3,11.21,11.72,11.17,6.2,6.47,0.72,14342590.8,12545318.766666668,140507570.0,141256108.0,0.84,-2.67,2799917257.831325,0.31,146,-7.13,210,28.0,174,7.06,0.33,2.29,0.02,0.76,4.1,0.173,14.35,False,False,False,True,True,True,True,False,False,True,False,True,False,False,False,False,2026-11-11,False,True,4,"thin RVOL, large gap",near21,6,https://www.tradingview.com/chart/?symbol=NYSE:RDW&interval=D,False,False,False
IREN,IREN Limited,NASDAQ,Data Processing Services,41.72,44.92,43.6,42.79,41.37,47.04,45.48,45.57,44.61,43.83,43.99,41.7,6.06,7.01,2.92,35989704.8,40112809.3,1673506404.0,1716547448.0,0.72,-1.73,16418382291.794674,10.82,67,-8.71,219,18.96,209,7.03,0.12,-4.31,0.69,0.79,0.9,0.289,13.6,False,False,False,False,False,True,True,False,False,True,False,True,False,True,False,False,2026-12-01,False,False,5,below 200-MA,near21,4,https://www.tradingview.com/chart/?symbol=NASDAQ:IREN&interval=D,False,False,False
TSEM,Tower Semiconductor Ltd.,NASDAQ,Semiconductors,226.04,221.49,215.07,218.38,225.24,239.05,217.15,194.43,223.02,220.8,228.65,218.15,4.47,6.06,13.71,2584581.4,1736798.7,392585978.0,379282390.0,0.71,-1.72,25502950373.458755,3.05,117,-10.5,232,27.68,175,6.74,0.06,5.1,0.39,0.77,57.6,0.238,19.74,False,True,True,True,False,True,True,False,False,True,False,True,False,True,False,False,2026-11-16,False,False,6,,"EMA, near21",7,https://www.tradingview.com/chart/?symbol=NASDAQ:TSEM&interval=D,False,False,False
FIVE,"Five Below, Inc.",NASDAQ,Discount Stores,228.0,231.35,238.87,241.71,233.24,217.22,220.27,213.96,231.18,235.21,230.53,220.01,4.18,4.44,10.12,1252489.0,1242618.7333333334,283317071.0,300356273.0,0.77,-0.76,12552320367.169811,-8.16,236,28.18,77,-1.03,265,6.33,-0.51,-4.55,0.69,1.04,79.0,0.151,10.93,False,False,False,True,False,True,False,False,False,True,True,False,False,True,False,False,2026-12-02,False,False,5,LoD>60% ATR,near21,3,https://www.tradingview.com/chart/?symbol=NASDAQ:FIVE&interval=D,False,False,False
SGRY,"Surgery Partners, Inc.",NASDAQ,Hospital/Nursing Management,14.69,14.15,14.15,14.11,14.68,14.75,14.29,14.57,14.33,14.28,14.71,14.14,5.43,5.32,0.78,2900139.1,2659743.3666666667,39071630.0,37531639.0,0.37,-1.53,1923189169.0104165,5.91,97,-11.08,240,23.24,193,6.02,0.01,3.81,0.54,0.73,70.4,0.15,4.1,False,True,True,True,False,True,True,True,False,True,False,False,False,False,False,True,2026-11-10,False,False,4,"LoD>60% ATR, thin RVOL","EMA, near21, ADR",8,https://www.tradingview.com/chart/?symbol=NASDAQ:SGRY&interval=D,False,False,False
HIMS,"Hims & Hers Health, Inc.",NYSE,Medical/Nursing Services,28.78,28.74,28.47,29.18,29.55,29.7,27.3,27.7,28.88,28.94,29.44,28.46,5.26,5.96,1.71,10156806.0,10649442.6,306490958.0,310725886.0,0.61,-1.43,6714760072.645819,-8.23,237,-12.12,248,37.05,151,5.57,-0.44,1.08,0.1,0.57,18.7,0.11,8.32,False,False,False,True,True,True,True,True,False,True,False,True,False,False,False,False,2026-11-09,False,False,5,thin RVOL,"near21, ADR",7,https://www.tradingview.com/chart/?symbol=NYSE:HIMS&interval=D,False,False,False
SEZL,Sezzle Inc.,NASDAQ,Packaged Software,108.3,112.89,116.17,117.79,131.8,134.49,113.65,102.33,112.4,116.74,110.97,107.69,4.81,5.75,6.23,583486.9,491066.0333333334,53182451.0,57842668.0,0.68,-0.83,3647003979.9120135,-15.61,333,-36.29,411,66.87,95,4.99,-3.1,-6.77,1.26,0.53,9.8,0.16,29.7,False,False,False,True,False,True,True,True,False,True,False,True,False,False,False,False,2026-11-05,False,False,5,thin RVOL,"near21, ADR",6,https://www.tradingview.com/chart/?symbol=NASDAQ:SEZL&interval=D,False,False,False
VCYT,"Veracyte, Inc.",NASDAQ,Medical Specialties,45.23,42.69,42.8,42.78,45.96,48.02,43.11,42.46,43.86,43.51,47.52,44.47,5.58,5.57,2.52,1829272.1,1431738.6,64757537.0,61252879.0,0.96,-0.86,3636072824.528506,0.06,147,-25.14,345,40.01,142,4.97,-0.28,5.67,0.71,1.21,30.2,0.214,12.28,False,False,True,True,False,True,False,False,False,True,True,True,False,False,False,False,2026-11-10,False,False,5,thin RVOL,"EMA, near21",5,https://www.tradingview.com/chart/?symbol=NASDAQ:VCYT&interval=D,False,False,False
PGY,Pagaya Technologies Ltd.,NASDAQ,Packaged Software,17.0,19.74,20.67,20.96,20.28,17.88,16.02,17.06,19.27,20.1,17.24,16.5,6.82,7.24,1.23,2973367.0999999954,2398206.6333333333,40769513.0,50262414.0,0.94,-2.84,1418239433.5981839,-26.76,431,-0.09,182,41.55,140,4.9,-2.23,-17.75,2.13,0.6,40.6,0.303,27.32,False,False,False,False,False,False,True,True,False,True,False,True,False,False,False,False,2026-11-17,False,True,3,"thin RVOL, below 200-MA, large gap",ADR,4,https://www.tradingview.com/chart/?symbol=NASDAQ:PGY&interval=D,False,False,False
PSKY,Paramount Skydance Corporation,NASDAQ,Cable/Satellite TV,10.28,10.34,10.53,10.53,9.8,9.97,10.16,10.65,10.26,10.33,10.4,9.79,5.39,5.06,0.52,33973018.6,18063317.0,185690899.0,190245865.0,0.74,-0.6,11533603770.461847,-4.59,193,4.9,151,13.84,223,4.72,0.96,-2.36,0.09,1.17,94.3,0.15,8.18,False,False,False,False,True,True,False,False,False,True,True,False,False,True,False,False,2026-11-16,False,False,4,"LoD>60% ATR, below 200-MA",near21,3,https://www.tradingview.com/chart/?symbol=NASDAQ:PSKY&interval=D,False,False,False
RMBS,"Rambus, Inc.",NASDAQ,Semiconductors,102.12,95.55,90.42,90.69,93.22,112.36,109.59,107.75,97.87,94.24,104.57,99.34,4.65,5.3,5.41,3530951.7,2479156.3,253171441.0,224837990.0,0.5,-0.92,11076099105.707495,13.62,53,-17.16,285,17.23,214,4.56,1.8,12.94,1.58,0.97,51.4,0.377,21.49,False,True,True,False,False,False,True,False,False,False,False,True,False,True,False,False,2026-11-02,False,False,5,below 200-MA,EMA,5,https://www.tradingview.com/chart/?symbol=NASDAQ:RMBS&interval=D,False,False,False
WIX,Wix.com Ltd.,NASDAQ,Packaged Software,69.6,78.27,79.29,80.17,72.15,62.5,68.36,73.53,76.72,77.48,72.94,69.18,6.95,7.61,5.3,1167001.1,1413157.6666666667,98355774.0,113297561.0,0.81,-3.2,2912725945.141618,-18.42,360,55.11,32,-23.09,370,4.53,-0.47,-12.22,1.34,0.71,7.9,0.253,24.13,False,False,False,False,False,True,True,False,False,True,False,True,False,False,False,False,2026-11-05,False,True,3,"thin RVOL, below 200-MA, large gap",near21,4,https://www.tradingview.com/chart/?symbol=NASDAQ:WIX&interval=D,False,False,False
ACHC,"Acadia Healthcare Company, Inc.",NASDAQ,Medical/Nursing Services,27.91,28.27,28.17,28.36,29.74,28.21,27.1,23.9,28.24,28.45,28.05,27.0,4.64,4.8,1.34,1711714.5,1584896.3,44234456.0,44954527.0,0.66,-2.74,2598428636.7483087,-7.43,227,0.72,174,19.32,203,4.21,-1.28,-0.92,0.4,0.78,68.0,0.064,20.91,False,False,False,True,True,True,True,False,True,True,False,False,False,False,False,False,2026-11-04,False,True,3,"LoD>60% ATR, thin RVOL, large gap","near21, BB",6,https://www.tradingview.com/chart/?symbol=NASDAQ:ACHC&interval=D,False,False,False
GENI,Genius Sports Limited,NYSE,Internet Software/Services,6.15,6.16,6.67,7.07,7.17,6.5,5.95,6.77,6.27,6.6,6.4,6.1,6.82,7.38,0.45,9237815.5,6132169.8,37712844.0,43338088.0,0.79,-1.86,1707405965.007764,-22.64,408,-1.76,187,36.67,152,4.09,-1.93,-7.84,0.93,0.66,11.0,0.36,19.9,False,False,False,False,False,True,True,True,False,True,False,True,False,False,False,False,2026-11-11,False,False,4,"thin RVOL, below 200-MA","near21, ADR",5,https://www.tradingview.com/chart/?symbol=NYSE:GENI&interval=D,False,False,False
IBRX,"ImmunityBio, Inc.",NASDAQ,Pharmaceuticals: Major,8.52,8.5,8.27,8.17,7.85,7.84,7.91,7.06,8.49,8.31,8.98,8.26,6.52,6.2,0.53,12827673.9,9802885.6,83520585.0,80128787.0,0.82,-0.59,9029804859.085308,2.53,120,-3.18,192,12.85,229,4.06,1.37,3.05,0.4,1.36,49.2,0.173,16.84,True,True,True,True,False,True,False,False,False,True,True,True,False,False,False,False,2026-11-05,False,False,5,thin RVOL,"EMA, near21",7,https://www.tradingview.com/chart/?symbol=NASDAQ:IBRX&interval=D,False,False,False
VIAV,Viavi Solutions Inc.,NASDAQ,Information Technology Services,40.87,36.61,36.41,37.35,38.12,43.18,41.35,36.28,37.71,37.33,41.66,38.39,4.99,5.9,2.41,6041844.8999999985,4842450.199999992,197910940.0,180847759.0,1.12,0.39,10084665715.459438,6.4,92,-13.79,260,19.57,201,4.06,1.22,12.26,1.61,1.36,102.9,0.241,16.88,False,True,True,True,False,False,False,False,False,False,True,False,False,True,False,False,2026-10-29,False,False,5,LoD>60% ATR,EMA,4,https://www.tradingview.com/chart/?symbol=NASDAQ:VIAV&interval=D,False,False,False
QUBT,Quantum Computing Inc.,NASDAQ,Information Technology Services,8.57,8.68,8.34,8.39,8.39,9.24,8.82,9.26,8.71,8.55,9.01,8.52,4.42,5.02,0.43,8200424.4,7240191.966666667,62048445.0,60747624.0,0.82,-1.56,1939792622.1462052,0.59,143,-11.56,243,23.04,195,4.02,0.42,2.75,0.06,1.15,12.8,0.227,10.71,False,False,False,False,True,True,False,False,False,True,True,True,False,False,False,False,2026-11-18,False,False,4,"thin RVOL, below 200-MA",near21,4,https://www.tradingview.com/chart/?symbol=NASDAQ:QUBT&interval=D,False,False,False
EPAM,"EPAM Systems, Inc.",NYSE,Information Technology Services,107.55,112.93,115.18,112.9,107.17,99.68,110.2,132.57,111.38,112.13,109.52,104.33,4.13,4.53,4.87,1156899.2,1178108.3,126705548.0,133011961.0,0.85,-1.58,5548179754.2506695,-4.65,194,37.29,62,-20.58,358,4.02,0.08,-6.62,0.9,1.07,66.1,0.158,30.58,False,False,False,False,False,True,False,False,False,True,True,False,False,False,False,False,2026-10-29,False,False,3,"LoD>60% ATR, thin RVOL, below 200-MA",near21,2,https://www.tradingview.com/chart/?symbol=NYSE:EPAM&interval=D,False,False,False
JHX,James Hardie Industries plc.,NYSE,Construction Materials,25.39,26.41,27.73,28.51,28.24,25.81,24.16,23.8,26.61,27.41,26.14,25.14,4.01,3.99,1.01,19573009.9,11072855.9,281139811.0,315705576.0,0.8,-3.12,14739467048.373562,-15.39,329,-4.19,198,31.35,167,3.92,-2.53,-8.44,1.85,1.0,25.2,0.214,17.46,False,False,False,True,False,False,True,False,False,False,False,True,False,True,False,False,2026-11-09,False,True,5,large gap,,4,https://www.tradingview.com/chart/?symbol=NYSE:JHX&interval=D,False,False,False
AXGN,"Axogen, Inc.",NASDAQ,Medical Specialties,43.36,44.38,45.49,46.96,45.71,43.97,40.69,38.73,44.21,45.18,43.94,42.46,4.98,5.03,2.18,1145981.5,1155824.6666666667,50116558.0,54281572.0,0.72,-0.37,2543996750.6466928,-15.89,336,-2.8,191,29.47,172,3.59,-1.02,-4.69,0.8,0.68,41.5,0.214,16.08,False,False,False,True,False,True,True,True,False,True,False,True,False,False,False,False,2026-11-10,False,False,5,thin RVOL,"near21, ADR",6,https://www.tradingview.com/chart/?symbol=NASDAQ:AXGN&interval=D,False,False,False
MDB,"MongoDB, Inc.",NASDAQ,Packaged Software,334.68,396.09,390.49,402.52,386.47,359.93,327.52,344.3,392.77,394.25,344.3,300.0,6.51,8.31,27.8,3026929.4,2325663.1333333333,778352937.0,936137553.0,12.5,-24.14,26960597062.035866,-24.1,417,0.13,180,34.71,158,3.58,-1.61,-14.29,1.82,1.59,124.8,0.307,20.49,False,False,False,False,False,False,False,False,False,False,True,False,True,True,True,False,2026-12-07,False,True,3,"LoD>60% ATR, below 200-MA, large gap",RVOL,1,https://www.tradingview.com/chart/?symbol=NASDAQ:MDB&interval=D,False,False,False
FPS,"Forgent Power Solutions, Inc.",NYSE,Electrical Products,36.59,37.44,33.93,33.77,35.03,42.94,39.89,,37.01,35.64,39.0,36.47,6.04,6.63,2.42,14543090.9,8620407.933333334,315420726.0,291116923.0,0.54,-1.08,11139053603.10624,15.61,43,-30.38,382,25.05,182,3.43,0.67,7.86,0.4,1.04,4.9,0.472,24.64,False,False,False,False,False,True,False,False,False,True,True,True,False,True,False,False,2026-12-02,False,False,5,below 200-MA,near21,3,https://www.tradingview.com/chart/?symbol=NYSE:FPS&interval=D,False,False,False
KOS,Kosmos Energy Ltd.,NYSE,Integrated Oil,2.58,2.74,2.82,2.82,2.69,2.66,2.66,2.31,2.71,2.75,2.73,2.56,5.55,6.12,0.16,14010434.2,12704112.7,32776611.0,35774781.0,1.29,1.89,1536358088.8075473,-9.15,251,21.7,93,-2.27,269,3.42,-0.68,-8.41,1.02,1.06,12.7,0.2,19.51,False,False,False,True,False,True,False,False,False,True,True,True,False,False,True,False,2026-11-09,False,False,5,thin RVOL,"near21, RVOL",4,https://www.tradingview.com/chart/?symbol=NYSE:KOS&interval=D,False,False,False
HRI,Herc Holdings Inc.,NYSE,Finance/Rental/Leasing,133.9,137.79,140.17,147.05,152.44,146.62,136.03,141.8,137.53,141.78,135.96,131.55,5.05,5.49,7.35,1168139.1,709701.4333333333,95029022.0,104358994.0,0.4,-0.74,4476470649.511672,-14.5,311,-9.02,221,32.81,162,3.1,-2.22,-4.47,1.01,0.6,32.0,0.132,12.25,False,False,False,False,False,True,True,True,False,True,False,True,False,False,False,False,2026-10-15,False,False,4,"thin RVOL, below 200-MA","near21, ADR",5,https://www.tradingview.com/chart/?symbol=NYSE:HRI&interval=D,False,False,False
CNXC,Concentrix Corporation,NASDAQ,Information Technology Services,25.45,28.48,29.22,28.2,26.83,25.93,26.99,30.07,28.17,28.25,26.8,24.61,7.52,8.07,2.05,2433471.7,1678463.4,42716894.0,47329870.0,1.51,-1.03,1552917066.7079024,-9.91,258,27.12,81,-7.99,297,3.07,-0.64,-12.9,1.23,1.07,40.9,0.274,16.26,False,False,False,False,False,True,False,False,False,True,True,True,True,True,True,False,2026-09-29,True,False,4,"earnings soon, below 200-MA","near21, RVOL",2,https://www.tradingview.com/chart/?symbol=NASDAQ:CNXC&interval=D,False,False,False
ETSY,"Etsy, Inc.",NYSE,Internet Retail,68.92,72.11,74.36,76.93,79.2,74.76,68.57,65.32,71.74,74.15,69.55,66.21,4.14,4.77,3.29,3609071.0,3148290.066666667,216980151.0,242210548.0,0.73,-0.79,6325598679.268265,-17.64,351,-11.98,245,37.35,150,2.58,-2.72,-7.32,1.48,1.01,82.4,0.224,20.13,False,False,False,True,False,True,False,False,False,True,True,False,False,False,False,False,2026-11-04,False,False,4,"LoD>60% ATR, thin RVOL",near21,3,https://www.tradingview.com/chart/?symbol=NYSE:ETSY&interval=D,False,False,False
ON,ON Semiconductor Corporation,NASDAQ,Semiconductors,75.65,72.35,72.53,73.47,77.49,93.51,86.29,79.97,73.59,73.73,77.21,74.11,4.41,4.66,3.53,13402863.5,9832591.3,743835532.0,722367708.0,0.77,-0.26,29451429435.713085,1.68,128,-14.78,265,20.5,199,2.47,-0.51,4.3,0.56,0.88,43.6,0.139,27.97,False,False,False,False,False,True,True,False,False,True,False,True,False,True,False,False,2026-11-02,False,False,5,below 200-MA,near21,4,https://www.tradingview.com/chart/?symbol=NASDAQ:ON&interval=D,False,False,False
WYFI,"WhiteFiber, Inc.",NASDAQ,Data Processing Services,18.83,18.88,18.8,19.83,22.15,26.35,22.68,21.54,19.2,19.63,19.83,18.65,6.08,8.83,1.66,1248983.8,2410432.7666666666,45388449.0,47802096.0,0.68,-0.87,731510089.6187562,-1.41,164,-46.52,441,54.98,115,2.35,-1.7,0.17,0.46,0.71,10.8,0.227,40.11,False,False,False,False,True,True,True,False,False,True,False,True,False,False,False,False,2026-11-12,False,False,4,"thin RVOL, below 200-MA",near21,5,https://www.tradingview.com/chart/?symbol=NASDAQ:WYFI&interval=D,False,False,False
PTEN,"Patterson-UTI Energy, Inc.",NASDAQ,Oil & Gas Production,10.85,11.51,12.12,12.11,11.37,11.11,10.86,9.93,11.42,11.7,11.13,10.82,4.07,4.46,0.48,8511820.8,8138184.433333334,88299301.0,98518148.0,0.75,1.42,4138025974.055911,-10.55,268,12.67,116,3.38,253,1.83,-1.02,-10.49,1.62,0.65,7.2,0.247,20.23,False,False,False,True,False,False,True,True,False,True,False,True,False,False,False,False,2026-10-28,False,False,5,thin RVOL,ADR,5,https://www.tradingview.com/chart/?symbol=NASDAQ:PTEN&interval=D,False,False,False
AFRM,"Affirm Holdings, Inc.",NASDAQ,Finance/Rental/Leasing,67.21,70.64,71.23,72.95,73.61,73.13,66.33,66.75,70.43,71.59,70.24,67.17,4.81,5.37,3.61,4263839.7,5267543.866666666,354031623.0,384278738.0,0.85,-1.96,22678081283.09997,-21.85,403,-17.96,294,44.04,136,1.41,-1.62,-5.64,1.14,0.85,1.1,0.115,10.84,False,False,False,True,False,True,True,False,False,True,False,True,False,True,False,False,2026-11-11,False,False,6,,near21,5,https://www.tradingview.com/chart/?symbol=NASDAQ:AFRM&interval=D,False,False,False
FIGS,"FIGS, Inc.",NYSE,Apparel/Footwear,13.62,12.99,13.62,14.0,13.04,12.27,13.18,12.73,13.16,13.38,13.82,13.19,4.94,5.05,0.69,2398799.0,2461431.6333333333,33524699.0,34460863.0,1.02,-1.12,2262830066.973174,-10.45,266,23.48,88,-9.32,299,1.24,0.88,0.03,0.36,0.91,62.5,0.275,9.87,True,True,False,True,True,True,True,False,False,True,False,False,False,False,False,False,2026-11-05,False,False,4,"LoD>60% ATR, thin RVOL",near21,7,https://www.tradingview.com/chart/?symbol=NYSE:FIGS&interval=D,False,False,False
MDA,MDA Space Ltd.,NYSE,Electronic Production Equipment,31.05,30.73,29.84,30.29,31.08,34.81,33.4,30.93,30.83,30.6,31.85,30.81,4.0,4.4,1.37,1258962.8,1238729.7,38462557.0,37516994.0,1.01,-1.62,5034161495.319651,2.48,121,-18.48,297,19.56,202,1.18,-0.02,4.06,0.34,0.76,17.6,0.16,16.02,False,False,True,True,False,True,True,False,False,True,False,True,False,False,False,False,2026-11-06,False,False,5,thin RVOL,"EMA, near21",6,https://www.tradingview.com/chart/?symbol=NYSE:MDA&interval=D,False,False,False
AUGO,Aura Minerals Inc.,NASDAQ,Other Metals/Minerals,77.72,86.03,85.53,85.5,76.27,71.64,76.12,72.08,84.65,84.34,80.61,77.0,5.33,6.12,4.76,1231967.2000000014,1089608.733333332,84684391.0,93164997.0,0.92,-5.62,6512098959.226995,-12.88,293,23.17,90,-8.02,298,0.76,0.31,-9.13,1.28,0.76,15.1,0.152,18.52,False,False,False,True,False,True,True,False,False,True,False,True,False,False,False,False,2026-11-05,False,True,4,"thin RVOL, large gap",near21,5,https://www.tradingview.com/chart/?symbol=NASDAQ:AUGO&interval=D,False,False,False
MNDY,monday.com Ltd.,NASDAQ,Packaged Software,79.05,87.16,89.25,90.32,88.32,83.25,79.05,90.15,85.75,87.84,81.2,76.71,5.73,6.53,5.17,967003.4,1114861.4333333333,88129796.0,100696143.0,1.27,-2.94,3341769057.305164,-20.16,381,9.2,131,13.01,227,0.68,-1.61,-11.43,1.53,0.87,45.3,0.264,14.04,False,False,False,False,False,False,True,False,False,False,False,True,False,False,True,False,2026-11-16,False,True,3,"thin RVOL, below 200-MA, large gap",RVOL,3,https://www.tradingview.com/chart/?symbol=NASDAQ:MNDY&interval=D,False,False,False
GLXY,Galaxy Digital Inc.,NASDAQ,Investment Banks/Brokers,23.21,24.32,24.65,24.17,23.13,25.97,24.84,24.97,24.55,24.34,24.49,23.07,6.63,7.33,1.7,5277459.2,5460457.8,126737226.0,131971984.0,0.73,-1.13,9072535621.294142,-5.9,206,-15.72,270,23.26,192,0.55,0.05,-5.84,0.63,0.83,8.2,0.24,12.25,False,False,False,False,False,True,True,False,False,True,False,True,False,False,False,False,2026-10-27,False,False,4,"thin RVOL, below 200-MA",near21,4,https://www.tradingview.com/chart/?symbol=NASDAQ:GLXY&interval=D,False,False,False
GOLD,"Gold.com, Inc.",NYSE,Investment Banks/Brokers,42.85,44.92,45.35,45.37,43.93,42.75,44.12,44.15,44.46,44.89,43.95,42.6,4.3,4.93,2.11,607584.8,679163.9,29102173.0,30816836.0,0.64,-1.91,1249281339.2536974,-7.47,228,4.64,154,4.44,250,0.53,-0.5,-5.51,0.92,0.64,11.8,0.181,6.07,False,False,False,False,False,True,True,True,False,True,False,True,False,False,False,False,2026-11-10,False,False,4,"thin RVOL, below 200-MA","near21, ADR",5,https://www.tradingview.com/chart/?symbol=NYSE:GOLD&interval=D,False,False,False
ASO,"Academy Sports and Outdoors, Inc.",NASDAQ,Specialty Stores,48.61,49.1,48.43,47.33,47.8,48.94,51.49,52.57,48.96,48.57,49.11,47.79,4.65,4.12,2.0,1755233.8,2125594.2,103325134.0,100614293.0,0.65,-0.81,2993349890.7779813,13.84,50,2.73,164,-15.71,328,0.29,0.41,0.36,0.02,0.66,40.9,0.302,9.82,False,False,False,False,True,True,True,True,False,True,False,True,False,False,False,False,2026-12-03,False,False,4,"thin RVOL, below 200-MA","near21, ADR",6,https://www.tradingview.com/chart/?symbol=NASDAQ:ASO&interval=D,False,False,False
NCNO,"nCino, Inc.",NASDAQ,Packaged Software,18.6,20.34,21.34,21.28,20.19,18.13,17.62,18.85,20.09,20.62,19.16,18.49,4.45,4.88,0.91,2289651.9,2619190.066666667,48716935.0,55736365.0,0.84,-2.06,1966692849.4899538,-20.17,382,19.77,96,1.25,257,0.28,-1.61,-12.82,2.01,0.74,12.1,0.254,19.99,False,False,False,False,False,False,True,False,False,False,False,True,False,False,False,False,2026-12-02,False,True,3,"thin RVOL, below 200-MA, large gap",,3,https://www.tradingview.com/chart/?symbol=NASDAQ:NCNO&interval=D,False,False,False
AUR,"Aurora Innovation, Inc.",NASDAQ,Packaged Software,5.29,6.23,6.21,6.15,6.31,6.52,5.9,5.51,6.09,6.19,6.0,5.28,6.98,7.37,0.39,39779464.0,34429707.2,182133151.0,211771391.0,1.24,-1.66,10601932897.902319,-7.27,221,-19.24,304,26.86,178,0.12,-2.2,-14.75,1.97,1.84,2.6,0.232,18.96,False,False,False,False,False,False,False,False,False,False,True,True,False,True,True,False,2026-11-04,False,False,5,below 200-MA,RVOL,2,https://www.tradingview.com/chart/?symbol=NASDAQ:AUR&interval=D,False,False,False
VRDN,"Viridian Therapeutics, Inc.",NASDAQ,Pharmaceuticals: Major,20.57,21.5,22.08,22.72,21.9,19.68,20.33,23.09,21.36,21.84,20.7,20.03,4.3,4.33,0.89,2123405.6,1524960.7,31368442.0,34644057.0,0.63,-0.78,2330421851.306791,-12.77,290,8.38,136,4.2,251,-0.06,-1.41,-6.82,1.35,0.76,60.6,0.153,16.56,False,False,False,False,False,True,True,False,False,True,False,False,False,False,False,False,2026-11-16,False,False,3,"LoD>60% ATR, thin RVOL, below 200-MA",near21,3,https://www.tradingview.com/chart/?symbol=NASDAQ:VRDN&interval=D,False,False,False
CECO,CECO Environmental Corp.,NASDAQ,Industrial Machinery,72.26,71.6,72.96,73.11,72.95,79.23,73.53,71.79,72.7,72.85,73.99,71.62,4.51,5.38,3.89,758489.0,709775.6666666666,51288390.0,51892290.0,0.48,-1.5,4232255773.2462587,0.71,142,-20.46,311,19.06,207,-0.23,-0.18,-0.96,0.15,0.61,16.5,0.169,10.55,False,False,False,True,True,True,True,True,False,True,False,True,False,False,False,False,2026-11-09,False,False,5,thin RVOL,"near21, ADR",7,https://www.tradingview.com/chart/?symbol=NASDAQ:CECO&interval=D,False,False,False
RYAN,"Ryan Specialty Holdings, Inc.",NYSE,Insurance Brokers/Services,38.12,38.72,39.76,40.85,41.72,38.51,37.55,40.4,38.51,39.59,38.49,37.0,4.31,4.29,1.63,2481762.0,1834896.7,69946262.0,74953084.0,0.71,0.58,9751659576.382158,-12.75,289,-2.08,188,14.0,222,-0.28,-2.01,-4.11,0.87,0.91,68.6,0.183,10.94,False,False,False,False,False,True,True,False,False,True,False,False,False,False,False,False,2026-10-29,False,False,3,"LoD>60% ATR, thin RVOL, below 200-MA",near21,3,https://www.tradingview.com/chart/?symbol=NYSE:RYAN&interval=D,False,False,False
CIFR,Cipher Digital Inc.,NASDAQ,Data Processing Services,16.74,17.6,17.01,16.78,18.19,20.52,18.99,18.35,17.56,17.38,17.94,16.68,7.97,9.14,1.53,35316780.0,34854816.833333336,583469634.0,584776689.0,0.61,-2.43,6947614260.730964,3.4,113,-31.45,388,27.2,177,-0.28,-0.87,-1.6,0.4,0.82,3.9,0.308,20.97,False,False,False,False,True,True,True,False,False,True,False,True,False,False,False,False,2026-11-11,False,True,3,"thin RVOL, below 200-MA, large gap",near21,5,https://www.tradingview.com/chart/?symbol=NASDAQ:CIFR&interval=D,False,False,False
NAVN,"Navan, Inc.",NASDAQ,Packaged Software,19.98,20.94,23.17,25.17,25.92,23.82,20.0,18.45,20.94,22.77,20.11,18.71,5.51,6.64,1.33,4666526.6,4045980.966666667,80838700.0,101856222.0,0.8,-1.36,5207497361.522534,-34.32,455,-15.73,271,49.1,128,-0.32,-3.45,-13.76,1.84,1.06,95.7,0.555,37.36,False,False,False,True,False,False,False,False,False,False,True,False,False,False,False,False,2026-12-15,False,False,4,"LoD>60% ATR, thin RVOL",,2,https://www.tradingview.com/chart/?symbol=NASDAQ:NAVN&interval=D,False,False,False
MTSI,"MACOM Technology Solutions Holdings, Inc.",NASDAQ,Semiconductors,278.56,271.45,268.73,271.22,273.99,315.25,292.71,270.95,275.65,273.39,287.38,274.48,4.11,5.13,14.29,1381939.9,1315151.9,366348713.0,356695718.0,0.71,0.63,21273885665.676365,1.22,135,-25.43,348,23.19,194,-0.34,0.32,3.66,0.37,0.9,28.5,0.2,16.7,False,True,True,True,False,True,True,False,False,True,False,True,False,True,False,False,2026-11-05,False,False,6,,"EMA, near21",7,https://www.tradingview.com/chart/?symbol=NASDAQ:MTSI&interval=D,False,False,False
CRCL,"Circle Internet Group, Inc.",NYSE,Packaged Software,85.8,89.22,91.93,89.54,80.1,84.32,90.37,86.08,90.15,89.2,88.34,84.82,6.46,7.43,6.37,16707716.6,15870767.0,1361711809.0,1421100219.0,0.56,-2.25,21888686965.570786,-7.35,225,18.75,99,-12.82,313,-0.47,0.96,-6.67,0.51,0.55,15.4,0.235,13.79,False,False,False,False,False,True,True,True,False,True,False,True,False,True,False,False,2026-11-18,False,True,4,"below 200-MA, large gap","near21, ADR",5,https://www.tradingview.com/chart/?symbol=NYSE:CRCL&interval=D,False,False,False
RXO,"RXO, Inc.",NYSE,Packaged Software,20.15,19.83,19.93,20.68,21.77,23.6,21.02,19.44,19.93,20.28,20.34,19.37,4.92,5.31,1.07,1930198.9,1607520.9,32391546.0,33237638.0,0.76,-1.01,3323261717.3345127,-10.92,269,-27.28,358,35.87,156,-0.78,-1.4,1.12,0.12,0.91,72.9,0.091,20.68,False,False,False,True,True,True,True,False,True,True,False,False,False,False,False,False,2026-11-05,False,False,4,"LoD>60% ATR, thin RVOL","near21, BB",6,https://www.tradingview.com/chart/?symbol=NYSE:RXO&interval=D,False,False,False
EXPE,"Expedia Group, Inc.",NASDAQ,Other Consumer Services,264.23,275.49,283.91,298.3,297.85,269.11,258.57,260.35,273.02,283.32,266.65,257.22,4.43,4.73,12.49,2825966.1,2037160.8333333333,538279007.0,607688811.0,0.64,-1.57,31712592323.631374,-17.27,349,1.36,170,13.57,224,-0.78,-2.39,-6.93,1.43,0.76,56.1,0.222,14.87,False,False,False,True,False,True,True,False,False,True,False,True,False,True,False,False,2026-10-29,False,False,6,,near21,5,https://www.tradingview.com/chart/?symbol=NASDAQ:EXPE&interval=D,False,False,False
ACHR,Archer Aviation Inc.,NYSE,Aerospace & Defense,5.2,5.47,5.55,5.74,5.61,5.61,5.74,6.27,5.51,5.58,5.53,5.18,5.11,5.88,0.31,26058184.1,25225188.633333333,131170981.0,144784174.0,0.64,-1.69,4004123874.9376106,-11.56,279,11.11,124,-2.26,268,-0.9,-1.25,-6.33,1.14,1.15,6.5,0.131,15.37,False,False,False,False,False,True,False,False,False,True,True,True,False,False,False,False,2026-11-05,False,False,4,"thin RVOL, below 200-MA",near21,3,https://www.tradingview.com/chart/?symbol=NYSE:ACHR&interval=D,False,False,False
CRWV,"CoreWeave, Inc.",NASDAQ,Packaged Software,85.07,84.74,86.24,87.53,86.0,93.95,93.99,92.16,86.23,86.58,88.22,83.53,5.0,6.37,5.42,35557631.9,26905567.566666666,2288856633.0,2354972581.0,0.54,-1.58,46919215374.42448,-0.12,149,-10.62,235,7.02,246,-1.24,-0.17,-1.36,0.27,0.87,28.4,0.225,10.88,False,False,False,False,True,True,True,False,False,True,False,True,False,True,False,False,2026-11-16,False,False,5,below 200-MA,near21,5,https://www.tradingview.com/chart/?symbol=NASDAQ:CRWV&interval=D,False,False,False
MMYT,MakeMyTrip Limited,NASDAQ,Internet Software/Services,47.39,47.57,50.66,53.73,55.18,51.82,49.84,55.23,48.14,50.49,47.81,45.52,4.19,4.37,2.07,944756.6,658270.4666666667,31195437.0,35369969.0,0.86,0.0,4457439896.38631,-18.81,365,-10.48,231,24.68,183,-1.54,-3.23,-6.45,1.41,1.1,90.2,0.315,16.17,False,False,False,False,False,True,False,False,False,True,True,False,False,False,False,False,2026-11-03,False,False,3,"LoD>60% ATR, thin RVOL, below 200-MA",near21,2,https://www.tradingview.com/chart/?symbol=NASDAQ:MMYT&interval=D,False,False,False
ATI,ATI Inc.,NYSE,Other Metals/Minerals,180.67,186.39,194.28,201.31,202.74,191.71,178.98,165.41,187.55,193.47,185.75,178.26,4.26,4.33,7.83,1748367.0,1826825.0,330052473.0,367759359.0,0.89,-1.46,24601904679.625187,-15.74,334,-9.3,222,20.21,200,-1.61,-2.51,-7.01,1.53,0.96,30.8,0.189,20.66,False,False,False,True,False,False,True,False,False,False,False,True,False,True,False,False,2026-11-03,False,False,6,,,4,https://www.tradingview.com/chart/?symbol=NYSE:ATI&interval=D,False,False,False
MBLY,Mobileye Global Inc.,NASDAQ,Packaged Software,7.8,7.86,8.11,8.34,8.39,8.93,8.59,8.99,7.9,8.09,8.08,7.72,4.44,4.55,0.35,7040771.6,4722151.2,36809169.0,39392972.0,0.74,-0.12,6627212011.950187,-9.88,256,-6.2,207,11.04,233,-1.68,-1.55,-3.83,0.8,1.0,19.7,0.144,14.45,False,False,False,False,False,True,False,False,False,True,True,True,False,False,False,False,2026-10-22,False,False,4,"thin RVOL, below 200-MA",near21,3,https://www.tradingview.com/chart/?symbol=NASDAQ:MBLY&interval=D,False,False,False
TMDX,"TransMedics Group, Inc.",NASDAQ,Medical Specialties,82.73,86.3,85.96,87.91,84.54,77.66,90.37,100.9,85.6,86.11,86.38,82.7,4.91,4.96,4.1,724060.4,698274.2,57768225.0,61386449.0,0.54,1.28,2868674709.9120646,-9.98,261,23.46,89,-18.76,349,-1.76,-0.43,-3.75,0.79,0.9,0.7,0.096,28.09,False,False,False,False,False,True,True,False,True,True,False,True,False,False,False,False,2026-11-04,False,False,4,"thin RVOL, below 200-MA","near21, BB",5,https://www.tradingview.com/chart/?symbol=NASDAQ:TMDX&interval=D,False,False,False
WRBY,Warby Parker Inc.,NYSE,Specialty Stores,24.66,24.17,24.31,24.96,25.41,26.04,25.12,25.24,24.63,24.69,26.22,24.39,6.22,6.53,1.61,3936275.5,2827348.7666666666,69722421.0,70562143.0,0.82,-2.66,3048174350.046425,-2.3,173,-19.01,301,15.29,218,-2.01,-0.45,1.45,0.02,1.14,16.8,0.169,7.57,False,False,False,False,True,True,False,False,False,True,True,True,False,False,False,False,2026-11-05,False,True,3,"thin RVOL, below 200-MA, large gap",near21,4,https://www.tradingview.com/chart/?symbol=NYSE:WRBY&interval=D,False,False,False
RGTI,"Rigetti Computing, Inc.",NASDAQ,Computer Processing Hardware,15.95,15.98,15.62,16.04,16.09,18.0,17.46,18.53,16.07,16.0,16.7,15.89,5.41,6.15,0.98,17228272.1,16743271.7,267055184.0,268495105.0,0.76,-1.26,5323611319.324729,-1.85,167,-16.16,276,11.54,231,-2.16,-0.14,2.1,0.05,0.83,6.1,0.15,18.21,False,False,False,False,True,True,True,False,False,True,False,True,False,False,False,False,2026-11-16,False,False,4,"thin RVOL, below 200-MA",near21,5,https://www.tradingview.com/chart/?symbol=NASDAQ:RGTI&interval=D,False,False,False
BTDR,Bitdeer Technologies Group,NASDAQ,Data Processing Services,11.03,11.94,11.79,11.34,11.03,13.24,12.05,12.0,11.87,11.7,11.53,10.95,7.01,8.31,0.92,10226109.1,12208673.066666666,134661664.0,138409727.0,1.15,-1.22,2997758235.228497,-1.08,159,-29.79,377,23.93,187,-2.31,-0.0,-6.43,0.69,0.63,8.7,0.276,19.99,False,False,False,False,False,True,True,True,False,True,False,True,False,False,False,False,2026-11-16,False,False,4,"thin RVOL, below 200-MA","near21, ADR",5,https://www.tradingview.com/chart/?symbol=NASDAQ:BTDR&interval=D,False,False,False
SPHR,Sphere Entertainment Co.,NYSE,Media Conglomerates,138.72,141.99,141.58,146.85,148.61,147.11,138.68,128.15,141.21,143.66,141.5,138.47,4.03,4.42,6.14,524548.1,585834.2,81266920.0,86028385.0,0.74,-0.92,4981935876.681075,-5.28,200,-18.4,296,16.59,216,-2.36,-1.5,-2.02,0.78,0.49,4.1,0.098,14.75,False,False,False,True,True,True,True,True,True,True,False,True,False,False,False,False,2026-11-10,False,False,5,thin RVOL,"near21, ADR, BB",8,https://www.tradingview.com/chart/?symbol=NYSE:SPHR&interval=D,False,False,False
PBLS,"Parabilis Medicines, Inc.",NASDAQ,Pharmaceuticals: Major,32.57,35.99,37.38,37.99,36.23,,,,35.04,36.32,33.76,30.16,9.89,9.3,3.03,1837661.1,898707.0333333333,29270888.0,34140682.0,0.45,-0.58,4023477855.416346,-16.4,342,11.58,120,-2.34,270,-2.39,-1.09,-12.86,1.11,1.18,79.4,0.323,4.27,False,False,False,False,False,True,False,False,False,True,True,False,False,False,False,True,2026-12-02,False,False,3,"LoD>60% ATR, thin RVOL, below 200-MA",near21,3,https://www.tradingview.com/chart/?symbol=NASDAQ:PBLS&interval=D,False,False,False
RKLB,Rocket Lab Corporation,NASDAQ,Aerospace & Defense,72.19,69.16,66.28,68.05,69.58,88.03,82.97,81.18,70.0,68.86,73.78,71.68,4.95,5.32,3.84,21896255.2,18292777.166666668,1320555584.0,1244817389.0,0.69,-1.01,43202809578.49033,8.17,80,-25.73,353,10.21,236,-2.45,0.71,8.92,0.91,0.55,13.3,0.242,30.13,False,True,True,False,False,True,True,True,False,True,False,True,False,True,False,False,2026-11-16,False,False,5,below 200-MA,"EMA, near21, ADR",7,https://www.tradingview.com/chart/?symbol=NASDAQ:RKLB&interval=D,False,False,False
NVTS,Navitas Semiconductor Corporation,NASDAQ,Semiconductors,11.73,11.61,11.5,11.93,12.05,16.32,14.58,13.14,11.77,11.81,12.18,11.6,4.87,6.48,0.76,12664393.8,12077448.533333333,141668471.0,144067858.0,1.74,-0.82,3062626417.5221314,-5.71,202,-32.97,400,30.33,170,-2.78,-0.41,2.0,0.1,0.76,17.1,0.178,41.1,False,False,False,False,True,True,True,False,False,True,False,True,True,True,True,False,2026-11-09,False,False,5,below 200-MA,"near21, RVOL",5,https://www.tradingview.com/chart/?symbol=NASDAQ:NVTS&interval=D,False,False,False
COCO,"The Vita Coco Company, Inc.",NASDAQ,Food: Specialty/Candy,57.66,57.45,56.1,58.67,62.0,68.66,63.65,61.31,57.53,57.92,58.69,56.93,4.32,4.42,2.55,1583546.6,1278224.1,73702402.0,74999160.0,0.43,-0.55,3309515830.4126983,-6.85,216,-20.08,308,18.47,211,-2.82,-1.58,2.78,0.1,0.69,28.6,0.177,21.78,False,False,False,False,True,True,True,True,False,True,False,True,False,False,False,False,2026-11-04,False,False,4,"thin RVOL, below 200-MA","near21, ADR",6,https://www.tradingview.com/chart/?symbol=NASDAQ:COCO&interval=D,False,False,False
PATH,"UiPath, Inc.",NYSE,Packaged Software,12.19,13.21,14.51,15.21,14.46,12.74,12.14,12.77,13.2,13.99,12.36,11.57,5.55,6.69,0.82,50849646.7,60636855.03333333,739163263.0,922367414.0,0.95,-3.77,6352887894.95024,-32.74,451,15.87,108,8.07,242,-2.93,-2.35,-15.99,1.92,0.96,76.1,0.549,19.43,False,False,False,False,False,False,True,False,False,False,False,False,False,False,False,False,2026-12-09,False,True,2,"LoD>60% ATR, thin RVOL, below 200-MA, large gap",,2,https://www.tradingview.com/chart/?symbol=NYSE:PATH&interval=D,False,False,False
TTMI,"TTM Technologies, Inc.",NASDAQ,Electronic Components,124.19,121.69,121.16,120.53,124.37,149.32,137.01,124.23,123.78,122.85,128.3,119.02,5.31,6.4,7.95,1859559.0,2115000.4,262661900.0,254912538.0,0.94,-1.29,13083275896.191221,1.12,139,-34.05,405,23.78,189,-3.05,-0.02,2.5,0.17,1.17,65.1,0.188,22.67,False,False,True,False,True,True,False,False,False,True,True,False,False,True,False,False,2026-11-04,False,False,4,"LoD>60% ATR, below 200-MA","EMA, near21",4,https://www.tradingview.com/chart/?symbol=NASDAQ:TTMI&interval=D,False,False,False
GWRE,"Guidewire Software, Inc.",NYSE,Information Technology Services,145.18,147.94,158.46,168.31,164.3,148.32,147.5,152.25,149.75,156.11,145.84,139.14,4.09,5.59,8.12,1219092.6,1465901.3333333333,212819556.0,246727808.0,0.89,-2.0,11903695362.624899,-27.32,432,21.74,92,-3.68,274,-3.09,-2.08,-8.38,1.25,0.83,74.4,0.545,11.57,False,False,False,False,False,True,True,False,False,True,False,False,False,True,False,False,2026-12-03,False,False,4,"LoD>60% ATR, below 200-MA",near21,3,https://www.tradingview.com/chart/?symbol=NYSE:GWRE&interval=D,False,False,False
POET,POET Technologies Inc.,NASDAQ,Electrical Products,7.41,7.72,7.68,7.87,7.89,9.8,8.91,8.33,7.74,7.8,7.67,7.32,4.76,6.39,0.47,7661269.0,8176174.733333301,60585455.0,64335594.0,1.19,-2.38,1282360445.6602318,-8.41,238,-24.7,342,23.71,190,-3.13,-0.95,-3.53,0.79,0.74,19.0,0.187,28.65,False,False,False,False,False,True,True,False,False,True,False,True,False,False,False,False,2026-11-12,False,True,3,"thin RVOL, below 200-MA, large gap",near21,4,https://www.tradingview.com/chart/?symbol=NASDAQ:POET&interval=D,False,False,False
SPCX,Space Exploration Technologies Corp,NASDAQ,Specialty Telecommunications,145.47,149.9,148.59,145.57,136.35,,,,148.89,147.22,150.8,145.36,4.15,4.53,6.6,101411026.2,86157150.93333334,12533280746.0,12541666709.0,0.84,-0.13,1974183351464.9473,4.04,108,-10.96,239,-3.02,272,-3.31,1.47,-2.1,0.26,0.82,1.7,0.105,9.31,False,False,False,False,True,True,True,False,False,True,False,True,False,True,False,False,2026-11-05,False,False,5,below 200-MA,near21,5,https://www.tradingview.com/chart/?symbol=NASDAQ:SPCX&interval=D,False,False,False
BSP,Bending Spoons S.p.A.,NASDAQ,Packaged Software,33.56,36.45,38.24,39.35,39.17,,,,35.83,37.62,33.77,31.42,7.18,8.07,2.71,2913065.6,1842257.0,61826145.0,72494655.0,0.89,-1.38,21317960470.039097,-27.45,434,8.26,137,8.26,241,-3.64,-1.78,-12.23,1.34,0.87,78.9,0.28,8.13,False,False,False,False,False,True,True,False,False,True,False,False,False,True,False,False,2026-12-02,False,False,4,"LoD>60% ATR, below 200-MA",near21,3,https://www.tradingview.com/chart/?symbol=NASDAQ:BSP&interval=D,False,False,False
CF,"CF Industries Holdings, Inc.",NYSE,Chemicals: Agricultural,115.51,124.22,129.5,127.85,125.22,119.93,120.22,111.75,122.22,125.33,117.69,114.68,4.11,4.25,4.91,2711809.600000006,2680964.800000016,309678244.0,342771180.0,1.09,2.29,17481065905.357723,-8.84,244,7.02,141,-9.37,300,-3.73,-1.82,-10.81,1.84,0.61,16.9,0.235,15.37,False,False,False,True,False,False,True,True,False,True,False,True,False,True,False,False,2026-11-04,False,True,5,large gap,ADR,5,https://www.tradingview.com/chart/?symbol=NYSE:CF&interval=D,False,False,False
CDW,CDW Corporation,NASDAQ,Information Technology Services,130.33,144.43,146.81,144.24,142.27,133.82,131.26,131.94,141.74,143.77,134.64,128.67,4.11,4.7,6.12,1563540.4,1655359.2,215742965.0,238762390.0,1.05,-1.06,16293521183.335596,-13.11,294,-5.77,205,7.36,244,-3.84,-1.79,-11.22,1.99,0.97,27.1,0.167,11.93,False,False,False,False,False,False,True,False,False,False,False,True,False,True,False,False,2026-11-04,False,False,5,below 200-MA,,3,https://www.tradingview.com/chart/?symbol=NASDAQ:CDW&interval=D,False,False,False
VG,"Venture Global, Inc.",NYSE,Oil & Gas Pipelines,12.89,13.7,14.35,14.29,14.0,13.18,13.18,11.92,13.54,13.92,13.33,12.81,5.07,5.39,0.69,15228410.1,14413098.833333334,185784844.0,205910334.0,0.84,2.22,32226196690.440575,-11.41,275,14.07,113,-14.86,325,-4.07,-1.47,-10.15,1.38,0.75,11.5,0.259,18.84,False,False,False,True,False,True,True,False,False,True,False,True,False,True,False,False,2026-11-16,False,True,5,large gap,near21,5,https://www.tradingview.com/chart/?symbol=NYSE:VG&interval=D,False,False,False
UCTT,"Ultra Clean Holdings, Inc.",NASDAQ,Industrial Machinery,78.07,72.95,71.49,72.91,78.81,88.39,81.19,70.74,74.72,74.18,79.5,74.74,4.28,5.94,4.64,751709.0,834117.3666666667,65119543.0,60815775.0,0.79,-0.7,3534777618.8487577,5.71,99,-40.36,434,22.44,196,-4.07,-0.16,9.21,0.88,1.03,71.8,0.255,22.61,False,False,True,True,False,True,False,False,False,True,True,False,False,False,False,False,2026-10-28,False,False,4,"LoD>60% ATR, thin RVOL","EMA, near21",4,https://www.tradingview.com/chart/?symbol=NASDAQ:UCTT&interval=D,False,False,False
AKAM,"Akamai Technologies, Inc.",NASDAQ,Data Processing Services,108.99,110.9,108.84,109.55,113.05,123.65,117.27,111.25,111.34,110.74,115.1,108.8,5.87,6.03,6.57,7355458.4,4504607.566666666,490957179.0,493470750.0,1.18,-0.96,15663674070.587677,-1.73,166,-4.85,202,-6.04,281,-4.2,-0.6,0.14,0.26,0.96,2.9,0.166,13.59,False,False,False,False,True,True,True,False,False,True,False,True,False,True,False,False,2026-11-10,False,False,5,below 200-MA,near21,5,https://www.tradingview.com/chart/?symbol=NASDAQ:AKAM&interval=D,False,False,False
COHR,Coherent Corp.,NYSE,Semiconductors,282.45,297.58,290.55,292.28,296.86,331.15,314.76,286.61,295.24,295.29,299.37,275.79,5.83,7.23,20.42,6596398.6,6351722.1,1794043907.0,1856453811.0,1.0,-1.94,55312815053.54071,-2.42,175,-27.28,359,15.69,217,-4.67,-0.67,-2.79,0.6,1.15,32.6,0.229,15.77,False,False,False,False,True,True,False,False,False,True,True,True,False,True,False,False,2026-11-11,False,False,5,below 200-MA,near21,4,https://www.tradingview.com/chart/?symbol=NYSE:COHR&interval=D,False,False,False
PCOR,"Procore Technologies, Inc.",NYSE,Packaged Software,49.06,50.9,54.19,56.74,54.98,50.23,52.13,55.33,51.17,53.28,49.3,47.27,4.27,4.74,2.32,2656542.6,2736320.3666666667,134243877.0,155259730.0,1.09,-2.11,7454928743.558621,-22.74,409,21.95,91,-14.1,320,-4.96,-2.27,-9.46,1.67,0.87,77.0,0.299,10.38,False,False,False,False,False,False,True,False,False,False,False,False,False,False,False,False,2026-11-04,False,True,2,"LoD>60% ATR, thin RVOL, below 200-MA, large gap",,2,https://www.tradingview.com/chart/?symbol=NYSE:PCOR&interval=D,False,False,False
ATRO,Astronics Corporation,NASDAQ,Aerospace & Defense,67.65,67.71,70.9,73.78,74.1,73.29,68.95,65.74,69.04,70.91,68.98,67.13,4.5,4.86,3.29,777765.2999999997,630864.5666666664,42677988.0,46544241.0,0.66,-1.03,2908214206.074834,-13.27,296,-21.35,317,19.21,206,-5.14,-1.79,-4.58,0.95,0.56,15.8,0.201,12.36,False,False,False,True,False,True,True,True,False,True,False,True,False,False,False,False,2026-11-11,False,False,5,thin RVOL,"near21, ADR",6,https://www.tradingview.com/chart/?symbol=NASDAQ:ATRO&interval=D,False,False,False
SHLS,"Shoals Technologies Group, Inc.",NASDAQ,Semiconductors,7.42,7.52,7.28,7.32,7.99,9.1,8.32,8.6,7.5,7.5,7.52,7.29,5.94,6.37,0.47,4116101.5,4588139.0,34043991.0,33569119.0,0.62,-1.47,1248785648.369478,-1.07,158,-23.58,337,9.12,240,-5.18,-1.13,1.92,0.16,0.49,27.5,0.207,24.58,False,False,False,False,True,True,True,True,False,True,False,True,False,False,False,False,2026-11-10,False,False,4,"thin RVOL, below 200-MA","near21, ADR",6,https://www.tradingview.com/chart/?symbol=NASDAQ:SHLS&interval=D,False,False,False
AGIO,"Agios Pharmaceuticals, Inc.",NASDAQ,Pharmaceuticals: Major,33.42,33.45,33.57,33.64,33.82,33.24,32.04,30.91,33.45,33.56,34.12,32.35,4.14,4.23,1.41,1152726.7,942376.6333333333,31494227.0,31705948.0,1.23,-0.15,1995236989.2117867,-1.53,165,-12.76,254,-1.39,266,-5.23,-0.28,-0.44,0.1,1.25,75.6,0.073,8.71,False,False,False,True,True,True,False,False,True,True,True,False,False,False,True,False,2026-10-29,False,False,4,"LoD>60% ATR, thin RVOL","near21, BB, RVOL",5,https://www.tradingview.com/chart/?symbol=NASDAQ:AGIO&interval=D,False,False,False
CDE,"Coeur Mining, Inc.",NYSE,Precious Metals,17.87,19.4,20.09,20.33,18.71,18.0,18.73,19.26,19.34,19.64,18.7,17.87,4.64,5.73,1.02,40691365.3,35829445.96666667,640272199.0,728317091.0,0.94,-5.46,18369198840.49948,-20.04,379,9.3,130,-6.39,285,-5.71,-0.79,-11.04,1.57,0.81,0.0,0.184,11.68,False,False,False,False,False,False,True,False,False,False,False,True,False,True,False,False,2026-11-11,False,True,4,"below 200-MA, large gap",,3,https://www.tradingview.com/chart/?symbol=NYSE:CDE&interval=D,False,False,False
MOS,Mosaic Company (The),NYSE,Chemicals: Agricultural,22.25,24.22,24.83,24.29,23.61,22.87,23.81,24.56,23.92,24.2,22.76,22.14,4.53,4.81,1.07,8543353.4,8393527.833333334,186755994.0,203903972.0,0.79,-1.09,7073178514.6784,-7.1,219,2.49,166,-12.75,311,-5.79,-1.2,-10.4,1.68,0.57,9.8,0.165,8.8,False,False,False,False,False,False,True,True,False,True,False,True,False,False,False,False,2026-11-10,False,False,4,"thin RVOL, below 200-MA",ADR,4,https://www.tradingview.com/chart/?symbol=NYSE:MOS&interval=D,False,False,False
PRM,"Perimeter Solutions, SA",NYSE,Chemicals: Major Diversified,27.88,30.25,30.73,30.93,32.25,32.82,30.36,29.67,29.67,30.56,29.92,27.87,4.39,4.91,1.37,1286211.6,1131351.3333333333,31542075.0,34989680.0,0.58,1.01,4563591429.971831,-13.39,300,-16.1,275,11.83,230,-5.89,-2.76,-9.29,1.78,1.5,0.7,0.179,11.26,False,False,False,False,False,False,False,False,False,False,True,True,False,False,False,False,2026-10-30,False,False,4,"thin RVOL, below 200-MA",,2,https://www.tradingview.com/chart/?symbol=NYSE:PRM&interval=D,False,False,False
COMP,"Compass, Inc.",NYSE,Real Estate Development,9.1,9.8,10.22,10.74,11.25,10.45,9.65,10.12,9.71,10.22,9.32,9.0,5.38,5.74,0.52,18387136.0,13257363.666666666,120642009.0,142437115.0,0.95,-2.67,6985566398.432835,-18.39,358,-23.21,331,23.81,188,-5.93,-3.34,-10.94,1.92,0.62,19.2,0.23,17.65,False,False,False,False,False,False,True,True,False,True,False,True,False,False,False,False,2026-11-11,False,True,3,"thin RVOL, below 200-MA, large gap",ADR,4,https://www.tradingview.com/chart/?symbol=NYSE:COMP&interval=D,False,False,False
VKTX,"Viking Therapeutics, Inc.",NASDAQ,Pharmaceuticals: Major,33.03,33.58,33.33,33.52,33.79,33.5,33.5,33.28,34.53,33.89,35.19,32.91,7.06,8.58,2.83,12348053.2,5305005.166666667,175224321.0,177827310.0,0.73,-1.57,3853046718.3619237,-2.13,171,-16.46,278,0.7,259,-5.97,-0.26,-0.9,0.3,0.8,4.2,0.401,1.54,False,False,False,False,True,True,True,False,False,True,False,True,False,False,False,True,2026-10-28,False,False,4,"thin RVOL, below 200-MA",near21,6,https://www.tradingview.com/chart/?symbol=NASDAQ:VKTX&interval=D,False,False,False
VAL,Valaris Limited,NYSE,Contract Drilling,79.62,82.8,84.63,85.22,82.9,85.26,88.62,81.77,82.31,83.42,81.94,79.6,4.1,4.08,3.25,1363929.8,1173471.4666666666,93431798.0,100004021.0,0.97,1.07,5528478749.91036,-7.41,226,6.64,143,-17.36,342,-6.04,-0.97,-5.92,1.12,0.72,0.5,0.15,8.6,False,False,False,False,False,True,True,True,False,True,False,True,False,False,False,False,2026-11-03,False,False,4,"thin RVOL, below 200-MA","near21, ADR",5,https://www.tradingview.com/chart/?symbol=NYSE:VAL&interval=D,False,False,False
RDDT,"Reddit, Inc.",NYSE,Internet Software/Services,143.08,153.29,153.26,154.03,158.75,165.5,158.91,170.2,151.72,153.8,149.29,143.08,4.7,5.33,7.63,5242828.9,5978581.2,855415398.0,920852962.0,0.82,-0.56,27528093473.529102,-6.02,209,-17.1,284,4.92,249,-6.07,-1.85,-6.64,1.31,0.81,0.0,0.134,11.84,False,False,False,False,False,True,True,False,False,True,False,True,False,True,False,False,2026-11-04,False,False,5,below 200-MA,near21,4,https://www.tradingview.com/chart/?symbol=NYSE:RDDT&interval=D,False,False,False
BRUN,Boost Run Inc.,NASDAQ,Packaged Software,16.24,16.32,16.62,17.52,18.78,24.23,20.28,18.18,16.59,17.07,16.83,16.0,7.57,9.49,1.54,2418774.7,2247049.2333333334,36492080.0,39369426.0,0.59,-2.44,1361645116.4031007,-19.6,376,-51.58,445,52.06,122,-6.37,-1.42,-2.29,0.51,0.54,15.6,0.264,48.7,False,False,False,False,True,True,True,True,False,True,False,True,False,False,False,False,2026-12-02,False,True,3,"thin RVOL, below 200-MA, large gap","near21, ADR",6,https://www.tradingview.com/chart/?symbol=NASDAQ:BRUN&interval=D,False,False,False
INSM,Insmed Incorporated,NASDAQ,Pharmaceuticals: Major,117.67,120.37,123.11,123.76,119.42,112.87,124.05,134.73,120.51,121.69,119.32,116.31,4.4,4.19,4.93,2262572.8,1958523.3666666667,230459445.0,242385546.0,0.78,-0.85,25696951533.41747,-2.03,170,11.18,123,-28.46,395,-6.44,-0.35,-4.42,0.79,0.61,27.6,0.115,18.58,False,False,False,False,False,True,True,True,False,True,False,True,False,True,False,False,2026-10-22,False,False,5,below 200-MA,"near21, ADR",5,https://www.tradingview.com/chart/?symbol=NASDAQ:INSM&interval=D,False,False,False
SRPT,"Sarepta Therapeutics, Inc.",NASDAQ,Pharmaceuticals: Major,18.8,19.7,20.65,20.19,18.71,18.16,18.66,19.19,19.55,19.84,18.86,17.64,6.69,6.8,1.28,2868175.3,3033098.1333333333,57022245.0,61251395.0,0.79,-1.29,1985788017.8896623,-12.52,288,7.43,138,-14.23,321,-6.44,0.07,-8.94,0.77,0.95,90.8,0.256,13.23,False,False,False,False,False,True,True,False,False,True,False,False,False,False,False,False,2026-11-04,False,False,3,"LoD>60% ATR, thin RVOL, below 200-MA",near21,3,https://www.tradingview.com/chart/?symbol=NASDAQ:SRPT&interval=D,False,False,False
STEP,StepStone Group Inc.,NASDAQ,Investment Managers,43.11,46.12,48.29,48.68,47.55,47.26,47.74,52.28,45.8,47.18,43.88,42.71,4.66,4.87,2.1,1152404.4,1021775.6,44048746.0,49744804.0,0.78,-1.17,5202371354.2932825,-14.41,310,6.76,142,-11.75,306,-6.47,-1.92,-10.73,1.77,0.56,19.1,0.221,14.3,False,False,False,False,False,False,True,True,False,True,False,True,False,False,False,False,2026-11-05,False,False,4,"thin RVOL, below 200-MA",ADR,4,https://www.tradingview.com/chart/?symbol=NASDAQ:STEP&interval=D,False,False,False
PEGA,Pegasystems Inc.,NASDAQ,Information Technology Services,33.23,35.16,35.95,35.29,33.45,33.19,36.03,40.06,34.78,35.05,33.37,31.56,4.08,4.46,1.48,2201166.3,2144675.4,71267564.0,75677374.0,0.62,-4.61,5463175908.73522,-7.28,223,10.84,126,-23.03,369,-6.49,-0.14,-7.57,1.16,1.22,112.6,0.157,20.67,False,False,False,False,False,True,False,False,False,True,True,False,False,False,False,False,2026-10-28,False,True,2,"LoD>60% ATR, thin RVOL, below 200-MA, large gap",near21,2,https://www.tradingview.com/chart/?symbol=NASDAQ:PEGA&interval=D,False,False,False
QBTS,D-Wave Quantum Inc.,NASDAQ,Computer Processing Hardware,16.78,17.12,17.0,17.64,18.21,20.78,19.74,21.0,17.16,17.39,17.55,16.75,5.68,6.48,1.09,17046183.5,16034312.9,269055770.0,282882693.0,0.82,-2.3,6370134745.091328,-4.44,191,-28.14,365,13.03,226,-6.51,-1.21,-1.27,0.54,0.73,2.8,0.106,23.86,False,False,False,False,True,True,True,False,False,True,False,True,False,False,False,False,2026-11-05,False,True,3,"thin RVOL, below 200-MA, large gap",near21,5,https://www.tradingview.com/chart/?symbol=NASDAQ:QBTS&interval=D,False,False,False
STRL,"Sterling Infrastructure, Inc.",NASDAQ,Engineering & Construction,498.36,503.17,491.4,500.53,536.29,670.76,596.45,535.48,504.46,505.5,511.75,488.59,4.35,5.48,27.3,552514.2,551792.7,274991410.0,276187329.0,0.62,-1.61,15244093247.55377,-0.43,152,-38.47,422,19.01,208,-6.63,-1.29,1.42,0.26,0.85,35.8,0.176,35.99,False,False,False,False,True,True,True,False,False,True,False,True,False,True,False,False,2026-11-09,False,False,5,below 200-MA,near21,5,https://www.tradingview.com/chart/?symbol=NASDAQ:STRL&interval=D,False,False,False
EXK,Endeavour Silver Corporation,NYSE,Precious Metals,8.96,9.7,10.22,10.38,9.71,9.3,9.58,9.95,9.66,9.94,9.12,8.76,5.48,6.71,0.6,7897533.4,8978633.633333333,80448557.0,93231139.0,1.18,-5.75,2653454445.604214,-21.82,402,8.61,135,-7.15,289,-6.79,-1.16,-12.3,1.47,0.6,33.3,0.286,10.21,False,False,False,False,False,True,True,True,False,True,False,True,False,False,False,False,2026-11-10,False,True,3,"thin RVOL, below 200-MA, large gap","near21, ADR",5,https://www.tradingview.com/chart/?symbol=NYSE:EXK&interval=D,False,False,False
PTRN,Pattern Group Inc. - Series A,NASDAQ,Advertising/Marketing Services,16.77,18.98,19.55,20.03,21.36,21.41,18.37,16.94,18.65,19.52,17.01,16.23,5.73,6.37,1.07,2160980.7,1629280.2,27323029.0,32636655.0,0.8,-1.47,2974982836.0575795,-23.14,415,-31.55,390,33.73,160,-6.99,-3.38,-14.21,2.21,0.73,50.6,0.217,26.68,False,False,False,False,False,False,True,False,False,False,False,True,False,False,False,False,2026-11-11,False,False,4,"thin RVOL, below 200-MA",,3,https://www.tradingview.com/chart/?symbol=NASDAQ:PTRN&interval=D,False,False,False
ASND,Ascendis Pharma A/S,NASDAQ,Pharmaceuticals: Major,230.05,234.79,250.04,250.57,250.71,246.48,241.33,235.24,236.02,243.53,231.14,224.8,4.35,4.16,9.56,1180251.7,734058.6,168870181.0,183933920.0,0.65,0.18,14349793882.603947,-7.28,222,-13.19,256,-0.63,263,-7.03,-1.98,-7.99,1.33,0.66,54.8,0.26,6.92,False,False,False,False,False,True,True,True,False,True,False,True,False,True,False,False,2026-11-11,False,False,5,below 200-MA,"near21, ADR",5,https://www.tradingview.com/chart/?symbol=NASDAQ:ASND&interval=D,False,False,False
SYM,Symbotic Inc.,NASDAQ,Industrial Machinery,42.0,43.46,42.38,41.93,42.04,43.87,47.53,50.81,43.14,42.69,43.25,41.87,4.01,4.36,1.83,1882444.5,1674479.5,70328139.0,70207856.0,0.47,-1.62,25401672514.975845,2.09,126,-0.47,184,-23.27,371,-7.22,-0.02,-0.9,0.37,0.75,7.1,0.159,20.89,False,False,False,False,True,True,True,False,False,True,False,True,False,True,False,False,2026-11-23,False,False,5,below 200-MA,near21,5,https://www.tradingview.com/chart/?symbol=NASDAQ:SYM&interval=D,False,False,False
AAON,"AAON, Inc.",NASDAQ,Industrial Machinery,85.34,79.98,78.57,78.96,85.09,106.62,101.0,97.75,81.8,80.88,91.52,82.71,4.52,5.16,4.41,1358690.8999999997,1181983.1666666672,100870443.0,93333922.0,1.32,-0.56,7036593841.611449,9.14,74,-32.56,396,1.33,256,-7.36,0.06,8.62,1.07,2.0,59.7,0.196,32.86,False,True,True,False,False,True,False,False,False,True,True,True,False,False,True,False,2026-11-09,False,False,4,"thin RVOL, below 200-MA","EMA, near21, RVOL",5,https://www.tradingview.com/chart/?symbol=NASDAQ:AAON&interval=D,False,False,False
GNRC,Generac Holdings Inc.,NYSE,Electrical Products,205.21,198.68,191.35,195.88,200.98,231.58,225.79,211.63,199.89,197.67,208.36,200.71,4.21,5.09,10.44,2062952.8,1315062.4666666666,269863969.0,257595313.0,0.46,-0.35,12120509927.926157,3.3,114,-28.5,370,2.7,255,-7.5,0.41,7.24,0.75,0.73,43.1,0.243,19.6,False,True,True,False,False,True,True,False,False,True,False,True,False,True,False,False,2026-11-04,False,False,5,below 200-MA,"EMA, near21",6,https://www.tradingview.com/chart/?symbol=NYSE:GNRC&interval=D,False,False,False
EQPT,EquipmentShare.com Inc,NASDAQ,Internet Software/Services,18.21,17.84,18.0,18.29,18.71,19.72,20.92,,17.83,18.08,18.26,16.58,6.0,6.39,1.16,4542122.7,3018104.3,54959679.0,55207164.0,0.5,-1.84,4621825973.792506,-0.92,156,-10.65,236,-11.13,304,-7.57,-0.42,1.16,0.11,1.44,140.0,0.162,16.91,False,False,False,False,True,True,False,False,False,True,True,False,False,False,False,False,2026-12-02,False,False,3,"LoD>60% ATR, thin RVOL, below 200-MA",near21,3,https://www.tradingview.com/chart/?symbol=NASDAQ:EQPT&interval=D,False,False,False
HL,Hecla Mining Company,NYSE,Precious Metals,17.01,18.33,19.25,19.59,18.1,17.3,18.05,19.21,18.36,18.76,17.63,16.95,4.7,5.9,1.0,45873418.8,36724365.2,624681452.0,719295658.0,0.88,-5.72,11426781374.242989,-21.25,393,9.53,128,-11.27,305,-7.66,-1.02,-11.62,1.59,0.68,6.0,0.235,11.46,False,False,False,False,False,False,True,False,False,False,False,True,False,True,False,False,2026-11-11,False,True,4,"below 200-MA, large gap",,3,https://www.tradingview.com/chart/?symbol=NYSE:HL&interval=D,False,False,False
RIG,Transocean Ltd (Switzerland),NYSE,Contract Drilling,5.28,5.53,5.67,5.72,5.56,5.72,5.96,5.66,5.49,5.58,5.45,5.28,4.26,4.24,0.22,47994175.9,41939183.0,221438886.0,239864167.0,1.14,0.56,5897127195.92565,-7.93,231,4.35,155,-19.51,352,-7.7,-1.19,-6.93,1.27,0.76,0.0,0.166,8.14,False,False,False,False,False,True,True,False,False,True,False,True,False,False,False,False,2026-11-04,False,False,4,"thin RVOL, below 200-MA",near21,4,https://www.tradingview.com/chart/?symbol=NYSE:RIG&interval=D,False,False,False
FLY,Firefly Aerospace Inc.,NASDAQ,Aerospace & Defense,24.11,22.31,21.84,22.48,22.49,28.5,28.81,27.82,22.8,22.5,25.1,23.75,6.38,6.71,1.62,3675057.1,2749588.466666667,66292578.0,61821747.0,0.99,-1.68,4036126159.997126,9.72,70,-16.08,274,-17.2,340,-7.86,1.07,10.4,1.07,0.83,22.3,0.214,28.91,False,True,True,False,False,True,True,False,False,True,False,True,False,False,False,False,2026-11-18,False,False,4,"thin RVOL, below 200-MA","EMA, near21",6,https://www.tradingview.com/chart/?symbol=NASDAQ:FLY&interval=D,False,False,False
BRZE,"Braze, Inc.",NASDAQ,Internet Software/Services,23.17,24.87,27.07,28.42,27.36,25.06,23.75,24.47,25.05,26.31,23.83,22.27,5.48,6.57,1.52,1875114.4,2865069.8,66383667.0,81427194.0,1.45,-2.59,2631751261.0693474,-31.97,449,11.45,122,-3.18,273,-7.9,-2.33,-14.42,1.82,1.03,59.2,0.546,15.58,False,False,False,False,False,False,False,False,False,False,True,True,False,False,True,False,2026-12-15,False,True,3,"thin RVOL, below 200-MA, large gap",RVOL,2,https://www.tradingview.com/chart/?symbol=NASDAQ:BRZE&interval=D,False,False,False
HLNE,Hamilton Lane Incorporated,NASDAQ,Investment Managers,84.96,87.71,94.33,97.77,96.16,89.66,93.04,104.06,88.42,92.31,86.04,84.09,4.29,4.27,3.63,715410.9,584369.6666666666,49648047.0,57132848.0,0.58,-0.2,4688569959.642734,-20.72,387,12.77,115,-15.8,330,-7.92,-2.73,-9.93,1.87,0.54,24.0,0.313,19.24,False,False,False,False,False,False,True,True,False,True,False,True,False,False,False,False,2026-11-10,False,False,4,"thin RVOL, below 200-MA",ADR,4,https://www.tradingview.com/chart/?symbol=NASDAQ:HLNE&interval=D,False,False,False
CCXI,Churchill Capital Corp. XI Class A,NASDAQ,Financial Conglomerates,12.05,12.53,12.8,13.46,14.14,13.09,,,12.57,12.99,12.31,12.04,5.22,6.37,0.77,2229522.3,2236069.433333333,26944637.0,30107184.0,0.4,-1.85,671185034.899437,-16.14,340,-26.52,356,18.72,210,-7.98,-2.33,-5.9,1.14,0.35,1.3,0.185,13.43,False,False,False,False,False,True,True,True,False,True,False,True,False,False,False,False,,False,False,4,"thin RVOL, below 200-MA","near21, ADR",5,https://www.tradingview.com/chart/?symbol=NASDAQ:CCXI&interval=D,False,False,False
NXST,"Nexstar Media Group, Inc.",NASDAQ,Broadcasting,161.78,163.6,168.56,174.13,179.95,180.57,191.96,197.5,164.5,168.88,165.43,160.21,4.15,4.02,6.51,448271.1,373666.76666666666,60451810.0,65065224.0,0.85,0.1,4984166964.622949,-9.96,259,-5.03,203,-10.63,301,-8.54,-2.51,-4.02,1.04,0.8,24.1,0.157,20.95,False,False,False,False,False,True,True,False,False,True,False,True,False,False,False,False,2026-11-05,False,False,4,"thin RVOL, below 200-MA",near21,4,https://www.tradingview.com/chart/?symbol=NASDAQ:NXST&interval=D,False,False,False
RIVN,"Rivian Automotive, Inc.",NASDAQ,Motor Vehicles,14.79,15.22,15.56,15.74,15.92,15.92,15.84,16.22,15.28,15.51,15.37,14.75,4.29,4.55,0.67,24279936.4,22336288.033333335,330353700.0,351498719.0,1.07,-1.36,21413858941.31868,-10.42,265,-10.93,238,-4.8,278,-8.71,-1.56,-4.95,1.03,0.92,5.9,0.102,6.75,False,False,False,False,False,True,True,False,False,True,False,True,False,True,False,False,2026-11-10,False,False,5,below 200-MA,near21,4,https://www.tradingview.com/chart/?symbol=NASDAQ:RIVN&interval=D,False,False,False
GLOB,Globant S.A.,NYSE,Information Technology Services,33.79,36.02,37.36,37.95,37.15,36.29,39.49,45.49,35.6,36.67,34.27,33.17,4.59,5.37,1.81,924442.1,1148581.8333333333,38810580.0,43594041.0,0.78,-2.03,1459037129.6599996,-16.07,338,15.96,107,-26.11,382,-8.74,-1.68,-9.55,1.46,0.61,34.2,0.237,28.02,False,False,False,False,False,True,True,True,False,True,False,True,False,False,False,False,2026-11-12,False,True,3,"thin RVOL, below 200-MA, large gap","near21, ADR",5,https://www.tradingview.com/chart/?symbol=NYSE:GLOB&interval=D,False,False,False
HUBS,"HubSpot, Inc.",NYSE,Packaged Software,202.84,222.0,232.54,234.97,230.89,215.75,225.02,249.79,220.29,226.93,204.29,190.03,6.5,7.24,14.68,2289063.6,1605843.1,325729214.0,377330841.0,1.13,-6.43,10114860165.534575,-20.63,386,11.45,121,-17.14,338,-8.77,-1.68,-12.77,1.47,0.97,87.3,0.271,16.78,False,False,False,False,False,True,True,False,False,True,False,False,False,True,False,False,2026-11-11,False,True,3,"LoD>60% ATR, below 200-MA, large gap",near21,3,https://www.tradingview.com/chart/?symbol=NYSE:HUBS&interval=D,False,False,False
CVNA,Carvana Co.,NYSE,Specialty Stores,60.47,64.95,68.79,69.76,68.74,68.61,68.41,72.53,65.22,67.38,64.22,59.65,4.85,5.37,3.25,8410930.7,7887890.2,476980720.0,550282884.0,2.07,-2.12,66545043360.30449,-18.8,364,-3.86,194,-4.52,276,-9.06,-2.24,-12.09,1.91,1.41,25.3,0.247,12.53,False,False,False,False,False,False,False,False,False,False,True,True,True,True,True,False,2026-10-29,False,True,4,"below 200-MA, large gap",RVOL,2,https://www.tradingview.com/chart/?symbol=NYSE:CVNA&interval=D,False,False,False
CPRI,Capri Holdings Limited,NYSE,Apparel/Footwear Retail,14.79,14.85,14.04,13.96,14.69,16.65,17.48,19.04,14.75,14.48,15.1,14.56,4.85,4.85,0.72,7063128.1,5401994.9,79895505.0,75438859.0,0.44,-1.79,1680907487.2251656,11.12,64,-22.93,329,-16.44,334,-9.42,0.14,5.35,0.44,0.74,31.3,0.263,33.84,False,False,True,False,False,True,True,True,False,True,False,True,False,False,False,False,2026-11-05,False,False,4,"thin RVOL, below 200-MA","EMA, near21, ADR",6,https://www.tradingview.com/chart/?symbol=NYSE:CPRI&interval=D,False,False,False
FIGR,"Figure Technology Solutions, Inc.",NASDAQ,Finance/Rental/Leasing,29.33,33.67,34.8,35.67,32.84,32.65,32.96,36.73,33.39,34.14,31.56,29.31,8.22,8.6,2.52,5197019.3,4794429.3,140620611.0,171026882.0,1.28,-2.19,6581002809.412226,-21.77,401,7.12,140,-13.74,317,-9.46,-1.24,-15.71,1.64,0.89,0.8,0.247,13.91,False,False,False,False,False,False,True,False,False,False,False,True,False,False,True,False,2026-11-12,False,True,3,"thin RVOL, below 200-MA, large gap",RVOL,3,https://www.tradingview.com/chart/?symbol=NASDAQ:FIGR&interval=D,False,False,False
CE,Celanese Corporation,NYSE,Chemicals: Specialty,45.92,46.72,45.95,45.76,45.4,48.56,52.52,51.23,46.56,46.15,47.46,45.88,4.04,4.24,1.95,2279059.5,1740737.8,79934680.0,79663705.0,0.93,-0.72,5039670968.283711,1.44,132,-1.06,186,-29.51,399,-9.71,0.27,-0.05,0.12,0.81,2.1,0.107,15.51,False,False,False,False,True,True,True,False,False,True,False,True,False,False,False,False,2026-11-09,False,False,4,"thin RVOL, below 200-MA",near21,5,https://www.tradingview.com/chart/?symbol=NYSE:CE&interval=D,False,False,False
KD,"Kyndryl Holdings, Inc.",NYSE,Data Processing Services,11.23,12.2,12.67,12.69,12.9,12.35,12.6,15.2,12.06,12.44,11.52,11.16,4.96,5.18,0.58,3980030.0,3688335.2666666666,41420005.0,46790221.0,1.0,-1.72,2446099228.25,-15.25,322,1.17,172,-15.37,327,-9.82,-2.5,-11.36,1.88,0.63,12.0,0.207,26.71,False,False,False,False,False,False,True,True,False,True,False,True,False,False,False,False,2026-11-10,False,False,4,"thin RVOL, below 200-MA",ADR,4,https://www.tradingview.com/chart/?symbol=NYSE:KD&interval=D,False,False,False
GLW,Corning Incorporated,NYSE,Electronic Components,151.59,152.13,153.38,153.39,152.72,172.38,164.81,149.15,153.93,153.98,155.66,149.26,4.09,5.32,8.07,7930457.9,8766933.2,1328979404.0,1344754039.0,0.82,-1.58,130577857832.34387,0.4,145,-39.96,433,9.85,237,-9.91,-0.14,-1.17,0.29,0.79,28.9,0.209,15.32,False,False,False,True,True,True,True,False,False,True,False,True,False,True,False,False,2026-11-03,False,False,6,,near21,6,https://www.tradingview.com/chart/?symbol=NYSE:GLW&interval=D,False,False,False
AIR,AAR Corp.,NYSE,Aerospace & Defense,115.09,116.33,120.92,126.84,132.3,128.06,122.95,116.95,118.01,121.92,118.6,111.4,4.3,4.52,5.2,541872.0,435003.36666666664,50064537.0,55176552.0,1.11,-1.52,4633389765.35432,-15.36,325,-17.75,293,3.33,254,-9.93,-2.88,-4.82,1.24,1.38,71.0,0.176,13.88,False,False,False,False,False,True,False,False,False,True,True,False,False,False,False,False,2027-01-06,False,False,3,"LoD>60% ATR, thin RVOL, below 200-MA",near21,2,https://www.tradingview.com/chart/?symbol=NYSE:AIR&interval=D,False,False,False
AG,First Majestic Silver Corp.,NYSE,Precious Metals,17.95,19.07,19.76,20.06,18.86,18.77,20.02,20.14,19.11,19.41,18.27,17.61,4.57,5.81,1.04,9276337.4,9585818.833333334,172065448.0,192320283.0,1.1,-6.05,8847669328.359346,-18.96,367,6.53,144,-17.58,346,-10.01,-0.83,-9.15,1.29,0.63,32.6,0.204,7.63,False,False,False,False,False,True,True,False,False,True,False,True,False,False,False,False,2026-11-11,False,True,3,"thin RVOL, below 200-MA, large gap",near21,4,https://www.tradingview.com/chart/?symbol=NYSE:AG&interval=D,False,False,False
BTU,Peabody Energy Corporation,NYSE,Coal,25.15,26.1,27.46,27.42,25.73,25.35,27.47,28.93,26.17,26.63,25.52,25.01,4.51,4.86,1.22,2994915.7,2437812.2,61310977.0,66842373.0,0.52,-0.67,3065785102.814465,-15.38,328,8.83,134,-24.02,375,-10.19,-0.46,-8.4,1.14,0.42,11.5,0.23,14.23,False,False,False,False,False,True,True,True,False,True,False,True,False,False,False,False,2026-10-29,False,False,4,"thin RVOL, below 200-MA","near21, ADR",5,https://www.tradingview.com/chart/?symbol=NYSE:BTU&interval=D,False,False,False
CORZ,"Core Scientific, Inc.",NASDAQ,Packaged Software,16.52,17.53,17.47,17.67,19.17,22.26,20.73,19.8,17.55,17.79,17.31,16.43,5.79,6.69,1.1,11529204.5,11235172.166666666,185605044.0,198521747.0,0.79,-1.44,5308543844.341408,-4.89,198,-35.52,409,9.4,239,-10.34,-2.07,-5.42,1.07,0.79,7.7,0.189,28.99,False,False,False,False,False,True,True,False,False,True,False,True,False,False,False,False,2026-11-11,False,False,4,"thin RVOL, below 200-MA",near21,4,https://www.tradingview.com/chart/?symbol=NASDAQ:CORZ&interval=D,False,False,False
RH,RH,NYSE,Specialty Stores,122.08,125.46,133.73,140.95,156.46,153.46,147.99,160.71,126.83,134.38,124.79,118.89,5.46,5.81,7.09,809626.7,818366.7333333333,99906211.0,115351792.0,1.05,-1.14,2311360001.532093,-16.53,344,-24.92,343,10.41,234,-10.35,-3.78,-8.71,1.58,0.83,45.0,0.282,28.88,False,False,False,False,False,False,True,False,False,False,False,True,False,False,False,False,2026-12-03,False,False,4,"thin RVOL, below 200-MA",,3,https://www.tradingview.com/chart/?symbol=NYSE:RH&interval=D,False,False,False
FIG,FIGMA INC,NYSE,Packaged Software,20.25,22.13,23.25,24.61,24.41,22.78,22.8,24.88,21.9,23.01,20.54,19.58,5.5,6.73,1.36,13168738.4,14240081.866666667,288361658.0,350495882.0,0.75,-2.64,10793444940.971224,-32.9,452,7.37,139,-5.77,280,-10.43,-2.53,-12.91,1.78,0.7,49.2,0.327,13.6,False,False,False,False,False,False,True,False,False,False,False,True,False,True,False,False,2026-11-11,False,True,4,"below 200-MA, large gap",,3,https://www.tradingview.com/chart/?symbol=NYSE:FIG&interval=D,False,False,False
MRCY,Mercury Systems Inc,NASDAQ,Aerospace & Defense,80.12,84.34,83.48,87.36,94.06,100.09,93.76,91.69,83.2,85.58,81.36,79.61,4.04,4.7,3.76,711408.9,833638.2333333333,66791095.0,72828442.0,0.84,-1.5,4876390562.498418,-11.59,280,-28.19,367,6.91,247,-10.95,-3.16,-4.02,1.36,0.47,13.6,0.11,20.73,False,False,False,False,False,True,True,True,False,True,False,True,False,False,False,False,2026-11-10,False,False,4,"thin RVOL, below 200-MA","near21, ADR",5,https://www.tradingview.com/chart/?symbol=NASDAQ:MRCY&interval=D,False,False,False
DKNG,DraftKings Inc.,NASDAQ,Movies/Entertainment,21.16,22.27,23.18,23.85,23.89,24.82,24.38,26.04,22.15,22.96,21.91,21.02,5.39,5.51,1.17,16010080.7,11451116.033333333,242305615.0,273109117.0,1.05,-1.82,10504968362.012716,-12.85,292,-17.41,291,-2.71,271,-10.99,-2.08,-8.72,1.42,0.76,11.6,0.22,17.84,False,False,False,False,False,True,True,False,False,True,False,True,False,True,False,False,2026-10-30,False,False,5,below 200-MA,near21,4,https://www.tradingview.com/chart/?symbol=NASDAQ:DKNG&interval=D,False,False,False
PINS,"Pinterest, Inc.",NYSE,Internet Software/Services,18.41,18.65,19.4,20.69,21.84,21.41,20.6,21.38,18.85,19.64,18.77,18.32,4.27,4.3,0.79,16553704.8,13195126.766666668,242922284.0,272954392.0,0.52,-1.06,10425822433.251854,-19.89,377,-14.59,264,0.66,260,-11.27,-3.65,-5.08,1.46,0.57,11.4,0.226,17.3,False,False,False,False,False,True,True,True,False,True,False,True,False,True,False,False,2026-11-04,False,False,5,below 200-MA,"near21, ADR",5,https://www.tradingview.com/chart/?symbol=NYSE:PINS&interval=D,False,False,False
ORCL,Oracle Corporation,NYSE,Packaged Software,132.6,143.33,147.72,147.17,142.37,160.52,159.35,164.09,142.51,145.14,135.69,131.58,4.57,5.27,6.98,32568421.5,29349151.033333335,3891697427.0,4319314558.0,1.09,-3.19,400947422586.302,-13.67,304,-9.95,228,-11.06,303,-11.56,-1.3,-10.24,1.64,0.59,14.6,0.207,16.38,False,False,False,False,False,False,True,True,False,True,False,True,False,True,False,False,2026-12-14,False,True,4,"below 200-MA, large gap",ADR,4,https://www.tradingview.com/chart/?symbol=NYSE:ORCL&interval=D,False,False,False
TNDM,"Tandem Diabetes Care, Inc.",NASDAQ,Medical Specialties,16.42,16.68,18.11,19.48,19.6,17.77,19.03,19.54,16.79,17.87,16.54,15.52,6.93,7.13,1.17,2668916.9,1886539.3666666667,30976976.0,36756390.0,1.1,-0.76,1142482353.2302797,-23.27,416,2.85,162,-14.57,324,-11.66,-2.27,-9.32,1.14,0.87,76.9,0.423,17.77,False,False,False,False,False,True,True,False,False,True,False,False,False,False,False,False,2026-11-04,False,False,3,"LoD>60% ATR, thin RVOL, below 200-MA",near21,3,https://www.tradingview.com/chart/?symbol=NASDAQ:TNDM&interval=D,False,False,False
AESI,Atlas Energy Solutions Inc.,NYSE,Oilfield Services/Equipment,12.3,12.67,13.09,12.93,12.47,14.67,14.19,13.34,12.49,12.74,12.89,12.12,6.11,7.09,0.87,4135271.7,3427915.933333333,42163366.0,44312669.0,1.21,2.25,1537542543.0072172,-4.87,197,-26.41,355,-4.06,275,-11.78,-0.2,-6.07,0.49,0.88,20.1,0.265,17.83,False,False,False,False,False,True,True,False,False,True,False,True,False,False,True,False,2026-11-02,False,True,3,"thin RVOL, below 200-MA, large gap","near21, RVOL",4,https://www.tradingview.com/chart/?symbol=NYSE:AESI&interval=D,False,False,False
VRT,"Vertiv Holdings, LLC",NYSE,Electronic Production Equipment,244.04,246.06,253.88,257.7,265.04,293.51,288.83,263.09,249.0,253.58,254.2,242.52,4.46,5.17,12.61,4855150.8,5063115.366666666,1235602674.0,1304783395.0,0.78,-0.02,93952517361.32611,-9.3,252,-21.28,316,-5.04,279,-11.87,-1.53,-3.88,0.73,0.93,12.1,0.214,19.44,False,False,False,False,False,True,True,False,False,True,False,True,False,True,False,False,2026-10-28,False,False,5,below 200-MA,near21,4,https://www.tradingview.com/chart/?symbol=NYSE:VRT&interval=D,False,False,False
ONDS,Ondas Inc,NASDAQ,Telecommunications Equipment,7.68,7.46,7.44,7.81,8.02,8.62,9.09,9.47,7.54,7.63,7.8,7.44,4.68,5.66,0.43,69205188.7,64104243.36666667,492320589.0,500472512.0,0.73,-1.44,4472084453.528795,-10.28,264,-9.33,223,-17.42,343,-12.34,-0.75,3.22,0.12,0.83,55.2,0.107,26.36,False,False,False,False,False,True,True,False,False,True,False,True,False,False,False,False,2026-11-16,False,False,4,"thin RVOL, below 200-MA",near21,4,https://www.tradingview.com/chart/?symbol=NASDAQ:ONDS&interval=D,False,False,False
GEN,Gen Digital Inc.,NASDAQ,Packaged Software,20.85,26.93,28.71,28.78,28.32,26.56,24.44,24.72,25.66,27.44,21.56,20.74,5.9,6.03,1.26,14504759.0,8581682.866666667,178928088.0,246992275.0,1.38,-0.6,12480540188.270123,-31.64,448,-16.0,273,10.32,235,-12.44,-4.38,-27.37,3.98,0.66,9.2,0.44,20.49,False,False,False,False,False,False,True,True,False,True,False,True,False,True,True,False,2026-11-10,False,False,5,below 200-MA,"ADR, RVOL",4,https://www.tradingview.com/chart/?symbol=NASDAQ:GEN&interval=D,False,False,False
CRML,Critical Metals Corp.,NASDAQ,Precious Metals,7.65,7.57,7.29,7.18,6.83,8.5,8.92,9.62,7.66,7.41,7.84,7.5,7.32,9.17,0.7,14909969.2,10126850.666666666,77470408.0,72731041.0,0.3,-2.43,1123698912.5862072,-4.26,190,-26.16,354,-7.16,290,-12.52,1.31,4.98,0.36,0.49,21.4,0.409,36.5,False,True,False,False,False,True,True,True,False,True,False,True,False,False,False,False,2027-03-03,False,True,3,"thin RVOL, below 200-MA, large gap","near21, ADR",6,https://www.tradingview.com/chart/?symbol=NASDAQ:CRML&interval=D,False,False,False
KVYO,"Klaviyo, Inc. Series A",NYSE,Packaged Software,15.4,16.03,17.16,17.55,17.67,16.52,17.4,19.48,16.16,16.77,15.57,14.77,5.69,6.51,1.0,7175378.0,6163613.366666666,94919646.0,108185796.0,1.31,-1.46,4384802494.126582,-21.21,392,4.98,148,-22.03,368,-12.75,-1.98,-10.26,1.25,0.8,62.9,0.389,22.4,False,False,False,False,False,True,True,False,False,True,False,False,False,False,True,False,2026-11-11,False,False,3,"LoD>60% ATR, thin RVOL, below 200-MA","near21, RVOL",3,https://www.tradingview.com/chart/?symbol=NYSE:KVYO&interval=D,False,False,False
DPC,DPC Holdings PLC,NYSE,Electrical Products,40.54,40.74,41.24,42.86,45.44,,,,41.08,42.0,41.43,39.61,5.93,6.67,2.7,1078455.4,1138460.7666666666,46153199.0,48795187.0,1.27,-1.21,6056392876.070192,-11.12,271,-19.61,307,-7.86,294,-12.86,-1.62,-1.7,0.52,0.67,34.4,0.12,11.6,False,False,False,False,True,True,True,False,False,True,False,True,False,False,True,False,2026-12-02,False,False,4,"thin RVOL, below 200-MA","near21, RVOL",5,https://www.tradingview.com/chart/?symbol=NYSE:DPC&interval=D,False,False,False
GPK,Graphic Packaging Holding Company,NYSE,Containers/Packaging,9.25,9.49,9.84,10.37,10.79,10.67,10.45,11.48,9.52,9.89,9.34,9.1,4.01,4.37,0.4,7343320.6,5812233.7,53763162.0,60265114.0,0.65,-1.6,2738661998.240938,-19.0,368,-12.98,255,-6.75,286,-12.91,-3.27,-6.04,1.48,0.58,37.1,0.247,21.51,False,False,False,False,False,True,True,True,False,True,False,True,False,False,False,False,2026-11-03,False,False,4,"thin RVOL, below 200-MA","near21, ADR",5,https://www.tradingview.com/chart/?symbol=NYSE:GPK&interval=D,False,False,False
AAOI,"Applied Optoelectronics, Inc.",NASDAQ,Semiconductors,96.82,101.12,102.76,109.06,111.59,135.69,130.14,107.34,101.68,104.8,102.43,93.62,6.23,8.49,8.22,7093779.1,7744863.4,749857674.0,844631568.0,1.15,-1.29,8220626942.419723,-12.35,285,-33.91,404,7.4,243,-12.95,-1.56,-5.78,0.9,1.07,38.9,0.177,35.7,False,False,False,False,False,True,False,False,False,True,True,True,False,False,False,False,2026-11-05,False,False,4,"thin RVOL, below 200-MA",near21,3,https://www.tradingview.com/chart/?symbol=NASDAQ:AAOI&interval=D,False,False,False
NN,NextNav Inc.,NASDAQ,Packaged Software,14.24,14.71,15.03,15.67,15.3,17.27,17.34,16.97,14.71,15.07,14.65,14.03,6.13,6.68,0.95,2394937.2,2295871.2666666666,32693207.0,35976303.0,0.77,-0.9,2403853080.9680114,-8.13,234,-19.46,305,-12.91,314,-13.5,-1.04,-5.28,0.83,0.65,22.1,0.133,18.46,False,False,False,False,False,True,True,True,False,True,False,True,False,False,False,False,2026-11-05,False,False,4,"thin RVOL, below 200-MA","near21, ADR",5,https://www.tradingview.com/chart/?symbol=NASDAQ:NN&interval=D,False,False,False
CBRS,Cerebras Systems Inc.,NASDAQ,Packaged Software,196.74,200.3,195.27,197.21,203.19,,,,200.96,199.39,205.21,193.61,4.68,6.77,13.32,5556458.5,6715465.566666666,1321200696.0,1324351368.0,0.94,-1.09,44039960276.08049,7.02,87,-3.8,193,-43.79,438,-13.52,-0.47,0.75,0.2,0.87,23.5,0.216,4.03,False,False,False,False,True,True,True,False,False,True,False,True,False,True,False,True,2026-12-02,False,False,5,below 200-MA,near21,6,https://www.tradingview.com/chart/?symbol=NASDAQ:CBRS&interval=D,False,False,False
POWI,"Power Integrations, Inc.",NASDAQ,Semiconductors,51.84,50.23,50.27,52.05,56.78,66.69,62.75,57.57,50.92,51.71,52.51,50.72,4.02,4.86,2.52,781453.9,791516.1333333333,41032196.0,41197096.0,0.81,-0.77,2896471869.021831,-5.75,204,-34.87,408,-0.48,262,-13.7,-1.79,3.12,0.05,0.71,44.5,0.099,31.75,False,False,False,False,False,True,True,False,True,True,False,True,False,False,False,False,2026-11-11,False,False,4,"thin RVOL, below 200-MA","near21, BB",5,https://www.tradingview.com/chart/?symbol=NASDAQ:POWI&interval=D,False,False,False
RBLX,Roblox Corporation,NYSE,Packaged Software,41.86,48.02,45.96,43.42,43.08,45.53,49.86,56.38,46.76,45.74,44.59,41.86,5.48,6.22,2.6,12327316.1,11034704.0,461912709.0,479141561.0,1.46,-6.12,29903775711.22136,8.73,77,-23.22,332,-26.65,385,-13.71,-0.46,-8.92,1.36,1.05,0.0,0.299,31.77,False,False,False,False,False,True,False,False,False,True,True,True,False,True,True,False,2026-11-11,False,True,4,"below 200-MA, large gap","near21, RVOL",3,https://www.tradingview.com/chart/?symbol=NYSE:RBLX&interval=D,False,False,False
AEIS,"Advanced Energy Industries, Inc.",NASDAQ,Electronic Production Equipment,277.84,267.06,271.37,278.54,290.28,309.69,321.28,303.8,273.16,275.57,286.96,271.95,4.14,5.09,14.15,593390.4,533641.0666666667,148266834.0,148641984.0,0.74,0.35,11127614442.125,-2.79,180,-22.83,327,-15.75,329,-13.79,-0.84,2.38,0.16,1.06,41.6,0.171,19.52,False,False,False,False,True,True,False,False,False,True,True,True,False,True,False,False,2026-11-03,False,False,5,below 200-MA,near21,4,https://www.tradingview.com/chart/?symbol=NASDAQ:AEIS&interval=D,False,False,False
AVAV,"AeroVironment, Inc.",NASDAQ,Aerospace & Defense,147.23,156.76,151.71,154.16,158.78,163.24,176.85,203.26,154.08,154.75,151.3,147.02,6.32,6.07,8.94,1512925.6,1919695.1666666667,282636719.0,295943726.0,0.64,-1.5,7482332046.383359,-3.24,182,-16.58,280,-21.95,366,-13.93,-1.2,-2.95,0.8,0.48,2.3,0.167,35.02,False,False,False,False,True,True,True,True,False,True,False,True,False,False,False,False,2026-12-08,False,False,4,"thin RVOL, below 200-MA","near21, ADR",6,https://www.tradingview.com/chart/?symbol=NASDAQ:AVAV&interval=D,False,False,False
WULF,TeraWulf Inc.,NASDAQ,Data Processing Services,15.12,16.16,16.12,16.09,16.79,20.47,19.47,18.06,16.12,16.26,15.76,15.09,6.24,7.4,1.12,28273447.2,29273567.833333332,442616346.0,471050738.0,0.66,-1.52,7544406467.344345,-6.41,212,-39.08,427,3.49,252,-14.0,-1.34,-6.18,0.95,0.6,2.7,0.238,28.77,False,False,False,False,False,True,True,True,False,True,False,True,False,False,False,False,2026-11-16,False,False,4,"thin RVOL, below 200-MA","near21, ADR",5,https://www.tradingview.com/chart/?symbol=NASDAQ:WULF&interval=D,False,False,False
PENN,"PENN Entertainment, Inc.",NASDAQ,Casinos/Gaming,15.24,16.33,16.73,17.19,18.38,18.93,17.7,16.73,16.1,16.76,15.65,15.2,4.03,4.07,0.62,3138500.0,2752018.7,41940765.0,47313164.0,0.69,0.0,2043174771.711182,-12.46,287,-30.22,381,0.59,261,-14.03,-4.21,-8.91,2.24,0.73,6.5,0.197,17.05,False,False,False,False,False,False,True,True,False,True,False,True,False,False,False,False,2026-10-29,False,False,4,"thin RVOL, below 200-MA",ADR,4,https://www.tradingview.com/chart/?symbol=NASDAQ:PENN&interval=D,False,False,False
OLED,Universal Display Corporation,NASDAQ,Electronic Production Equipment,75.47,76.89,79.33,81.51,82.81,85.33,89.13,96.73,77.19,79.2,77.0,75.01,4.11,4.02,3.03,803396.8,768641.5,58009374.0,62652737.0,0.45,-0.5,3469117011.46117,-11.23,273,-12.76,253,-18.23,347,-14.08,-2.21,-4.87,1.17,0.66,15.2,0.151,26.28,False,False,False,False,False,True,True,True,False,True,False,True,False,False,False,False,2026-10-29,False,False,4,"thin RVOL, below 200-MA","near21, ADR",5,https://www.tradingview.com/chart/?symbol=NASDAQ:OLED&interval=D,False,False,False
APLD,Applied Digital Corporation,NASDAQ,Data Processing Services,24.53,26.41,26.16,26.75,27.59,33.99,32.26,32.18,26.4,26.66,25.99,24.5,5.9,7.09,1.74,16765574.0,15520939.566666676,380728648.0,415133397.0,0.89,-2.48,7149737421.086859,-8.47,239,-34.78,407,0.95,258,-14.1,-1.56,-6.24,1.13,0.86,1.7,0.224,31.91,False,False,False,False,False,True,True,False,False,True,False,True,False,False,False,False,2026-10-14,False,True,3,"thin RVOL, below 200-MA, large gap",near21,4,https://www.tradingview.com/chart/?symbol=NASDAQ:APLD&interval=D,False,False,False
MP,MP Materials Corp.,NYSE,Other Metals/Minerals,46.45,48.93,51.15,53.4,50.95,54.89,56.05,56.93,49.26,50.73,47.83,46.31,4.45,5.71,2.65,5117436.0,5209218.5,241968199.0,278172268.0,1.06,-2.36,8272819305.731108,-21.26,395,-15.7,269,-6.09,282,-14.35,-1.55,-9.19,1.48,0.57,5.3,0.209,17.22,False,False,False,False,False,True,True,True,False,True,False,True,False,False,False,False,2026-10-29,False,True,3,"thin RVOL, below 200-MA, large gap","near21, ADR",5,https://www.tradingview.com/chart/?symbol=NYSE:MP&interval=D,False,False,False
LAZ,"Lazard, Inc.",NYSE,Investment Banks/Brokers,35.79,36.56,39.64,41.01,41.91,43.27,43.88,45.88,37.18,38.94,36.78,35.34,5.39,4.86,1.74,2591478.3,1630453.8666666667,58353944.0,66864370.0,0.74,-1.25,3487755985.6813726,-16.96,347,-11.41,242,-16.01,332,-14.79,-3.01,-9.72,1.67,0.82,25.6,0.334,26.06,False,False,False,False,False,False,True,True,False,True,False,True,False,False,False,False,2026-10-22,False,False,4,"thin RVOL, below 200-MA",ADR,4,https://www.tradingview.com/chart/?symbol=NYSE:LAZ&interval=D,False,False,False
MIAX,"Miami International Holdings, Inc.",NYSE,Investment Banks/Brokers,33.91,36.89,39.59,40.65,42.07,43.16,42.8,42.82,36.85,38.85,34.65,33.74,4.42,4.78,1.62,1972258.4,1509203.0,51177074.0,61344574.0,0.75,-0.8,3364919830.659599,-23.02,413,-7.58,212,-13.93,319,-14.84,-4.06,-14.34,2.66,0.56,10.5,0.303,18.48,False,False,False,False,False,False,True,True,False,True,False,True,False,False,False,False,2026-11-11,False,False,4,"thin RVOL, below 200-MA",ADR,4,https://www.tradingview.com/chart/?symbol=NYSE:MIAX&interval=D,False,False,False
JBLU,JetBlue Airways Corporation,NASDAQ,Airlines,4.22,4.39,4.44,4.61,5.08,5.17,5.05,5.1,4.39,4.54,4.33,4.2,4.1,4.84,0.2,17990764.3,20114455.266666666,84883001.0,92787982.0,1.25,-1.59,1592257496.4681814,-13.35,299,-25.18,346,-6.22,284,-14.92,-3.48,-5.03,1.45,0.64,9.8,0.109,18.57,False,False,False,False,False,True,True,False,False,True,False,True,False,False,True,False,2026-11-03,False,False,4,"thin RVOL, below 200-MA","near21, RVOL",4,https://www.tradingview.com/chart/?symbol=NASDAQ:JBLU&interval=D,False,False,False
NKTR,Nektar Therapeutics,NASDAQ,Pharmaceuticals: Major,60.4,63.18,67.79,69.88,70.72,68.91,71.71,65.45,62.69,66.21,61.4,56.4,6.03,6.03,3.64,1905489.9999999995,1048286.4666666667,63316503.0,73251463.0,0.74,-0.11,2062236882.4395373,-18.39,359,-9.55,224,-17.35,341,-15.1,-2.42,-10.91,1.45,1.37,109.8,0.339,14.12,False,False,False,False,False,True,False,False,False,True,True,False,False,False,False,False,2026-11-05,False,False,3,"LoD>60% ATR, thin RVOL, below 200-MA",near21,2,https://www.tradingview.com/chart/?symbol=NASDAQ:NKTR&interval=D,False,False,False
MIR,"Mirion Technologies, Inc.",NYSE,Aerospace & Defense,14.35,15.82,15.94,15.64,15.68,16.67,17.7,19.35,15.66,15.75,15.48,14.32,4.58,4.87,0.7,4001313.8,3659134.3,52508577.0,57213004.0,1.44,-0.83,3573690261.391918,-3.43,183,-18.09,295,-24.27,376,-15.27,-1.75,-9.98,1.83,1.65,4.3,0.158,25.54,False,False,False,False,False,False,False,False,False,False,True,True,False,False,True,False,2026-11-03,False,False,4,"thin RVOL, below 200-MA",RVOL,2,https://www.tradingview.com/chart/?symbol=NYSE:MIR&interval=D,False,False,False
NG,Novagold Resources Inc.,AMEX,Precious Metals,6.65,7.23,7.59,7.97,7.4,7.38,8.2,8.65,7.25,7.48,6.82,6.61,5.63,6.83,0.45,6418013.7,5704707.733333333,37936306.0,45464619.0,0.71,-5.75,2917891300.5820475,-27.72,436,11.02,125,-29.33,398,-15.34,-1.48,-12.37,1.63,0.46,8.8,0.261,21.49,False,False,False,False,False,False,True,True,False,True,False,True,False,False,False,False,2026-10-08,False,True,3,"thin RVOL, below 200-MA, large gap",ADR,4,https://www.tradingview.com/chart/?symbol=AMEX:NG&interval=D,False,False,False
ALGT,Allegiant Travel Company,NASDAQ,Airlines,76.55,78.6,77.44,78.56,85.69,89.99,87.96,89.29,78.19,79.21,78.55,75.05,4.35,4.9,3.75,508237.5,528160.0666666667,40430653.0,41492871.0,0.79,-2.47,2092705063.99608,-5.37,201,-33.84,403,-7.48,291,-15.56,-2.18,-1.14,0.69,0.93,40.0,0.103,16.4,False,False,False,False,True,True,True,False,False,True,False,True,False,False,False,False,2026-11-04,False,True,3,"thin RVOL, below 200-MA, large gap",near21,5,https://www.tradingview.com/chart/?symbol=NASDAQ:ALGT&interval=D,False,False,False
CRI,"Carter's, Inc.",NYSE,Apparel/Footwear Retail,31.0,30.14,31.02,32.48,35.11,37.01,36.64,36.37,30.67,31.57,31.85,30.54,4.01,4.23,1.31,1645018.9,1509611.2333333334,46797948.0,49031166.0,0.9,-0.03,1138046729.7029703,-7.96,232,-25.46,349,-13.41,316,-15.61,-2.76,-0.06,0.43,1.0,35.0,0.166,22.15,False,False,False,False,True,True,True,False,False,True,False,True,False,False,False,False,2026-10-23,False,False,4,"thin RVOL, below 200-MA",near21,5,https://www.tradingview.com/chart/?symbol=NYSE:CRI&interval=D,False,False,False
MIRM,"Mirum Pharmaceuticals, Inc.",NASDAQ,Pharmaceuticals: Major,87.96,92.16,95.64,96.66,100.65,104.2,100.75,97.85,91.75,94.66,91.25,84.71,4.71,4.57,4.02,955900.0,638654.9333333333,56176088.0,61729193.0,1.4,0.33,5711436574.801337,-11.54,277,-28.43,369,-6.93,287,-15.63,-2.76,-8.03,1.55,1.63,80.8,0.181,13.68,False,False,False,False,False,False,False,False,False,False,True,False,False,False,True,False,2026-11-17,False,False,3,"LoD>60% ATR, thin RVOL, below 200-MA",RVOL,1,https://www.tradingview.com/chart/?symbol=NASDAQ:MIRM&interval=D,False,False,False
LGN,Legence Corp.,NASDAQ,Engineering & Construction,53.41,53.75,53.74,55.78,59.78,71.54,68.65,63.19,53.64,54.93,54.11,51.5,4.32,5.39,2.88,845942.7,874366.8,46699931.0,48774657.0,1.06,-0.76,5772311258.054646,-6.94,217,-33.8,402,-6.98,288,-15.91,-1.98,-0.62,0.51,0.91,66.4,0.112,33.32,False,False,False,False,True,True,True,False,False,True,False,False,False,False,False,False,2026-11-13,False,False,3,"LoD>60% ATR, thin RVOL, below 200-MA",near21,4,https://www.tradingview.com/chart/?symbol=NASDAQ:LGN&interval=D,False,False,False
KGC,Kinross Gold Corporation,NYSE,Precious Metals,24.11,27.01,28.48,29.37,27.57,27.15,28.72,29.55,26.68,27.75,24.39,23.58,4.02,5.44,1.31,8314161.0,8273664.766666667,199478058.0,242986503.0,1.24,-4.89,28600263084.582344,-26.29,429,1.86,168,-23.8,374,-16.08,-2.31,-15.34,2.42,0.62,40.4,0.281,10.54,False,False,False,False,False,False,True,False,False,False,False,True,False,True,True,False,2026-10-28,False,True,4,"below 200-MA, large gap",RVOL,3,https://www.tradingview.com/chart/?symbol=NYSE:KGC&interval=D,False,False,False
GRAB,Grab Holdings Limited,NASDAQ,Air Freight/Couriers,3.1,3.0,3.14,3.27,3.38,3.49,3.61,3.88,3.08,3.16,3.15,3.07,4.11,4.32,0.13,91547485.0,59814923.06666667,185127187.0,195873935.0,0.75,-1.12,12623010854.635786,-13.79,305,-17.25,286,-17.47,344,-16.17,-1.97,-1.34,0.46,0.6,18.7,0.292,28.38,False,False,False,False,True,True,True,True,False,True,False,True,False,True,False,False,2026-11-17,False,False,5,below 200-MA,"near21, ADR",6,https://www.tradingview.com/chart/?symbol=NASDAQ:GRAB&interval=D,False,False,False
KGS,"Kodiak Gas Services, Inc.",NYSE,Oilfield Services/Equipment,52.72,55.58,58.55,59.28,59.84,64.98,63.24,57.67,55.3,57.42,53.64,51.92,4.42,4.8,2.53,2245466.1,1894426.0666666667,99874142.0,112307261.0,0.89,1.34,5330204679.514648,-12.16,284,-29.57,376,-7.82,293,-16.51,-2.48,-9.96,1.71,0.68,31.6,0.261,17.84,False,False,False,False,False,False,True,True,False,True,False,True,False,False,False,False,2026-11-11,False,False,4,"thin RVOL, below 200-MA",ADR,4,https://www.tradingview.com/chart/?symbol=NYSE:KGS&interval=D,False,False,False
SHAK,"Shake Shack, Inc.",NYSE,Restaurants,57.52,56.97,61.6,65.44,65.41,62.62,73.3,77.41,58.23,61.07,58.22,55.54,4.63,4.8,2.76,1556627.1,1221695.6333333333,70271933.0,79943690.0,1.18,0.2,2461794921.111791,-18.55,362,4.83,152,-36.44,417,-16.72,-2.51,-6.63,1.21,0.97,71.7,0.331,35.54,False,False,False,False,False,True,True,False,False,True,False,False,False,False,False,False,2026-10-29,False,False,3,"LoD>60% ATR, thin RVOL, below 200-MA",near21,3,https://www.tradingview.com/chart/?symbol=NYSE:SHAK&interval=D,False,False,False
XRAY,DENTSPLY SIRONA Inc.,NASDAQ,Medical Specialties,9.28,9.63,10.27,10.51,11.49,11.16,11.48,11.66,9.71,10.18,9.32,8.9,4.09,4.74,0.44,5763152.9,4230061.233333333,39254968.0,44461469.0,1.03,-0.9,1850003948.153191,-16.88,346,-13.43,257,-20.34,353,-16.89,-4.06,-9.62,1.86,0.94,86.4,0.28,21.96,False,False,False,False,False,False,True,False,False,False,False,False,False,False,False,False,2026-10-29,False,False,3,"LoD>60% ATR, thin RVOL, below 200-MA",,2,https://www.tradingview.com/chart/?symbol=NASDAQ:XRAY&interval=D,False,False,False
AXON,"Axon Enterprise, Inc.",NASDAQ,Aerospace & Defense,424.75,447.36,478.15,523.51,536.68,502.27,485.58,499.9,451.69,481.26,432.71,414.6,4.76,5.77,24.49,1325511.9,937998.8333333334,398415004.0,491049581.0,0.73,-1.46,34505589359.193,-30.46,447,-18.54,298,-1.8,267,-16.93,-3.62,-11.17,2.04,0.74,41.4,0.309,21.03,False,False,False,False,False,False,True,False,False,False,False,True,False,True,False,False,2026-11-10,False,False,5,below 200-MA,,3,https://www.tradingview.com/chart/?symbol=NASDAQ:AXON&interval=D,False,False,False
PRAX,"Praxis Precision Medicines, Inc.",NASDAQ,Pharmaceuticals: Major,285.65,296.12,321.54,337.66,335.1,323.8,321.95,316.27,297.73,314.95,292.18,277.9,5.27,5.59,15.98,569114.2,406110.20000000036,116005379.0,137127170.0,0.78,0.0,7975344718.046514,-21.4,396,-16.21,277,-13.22,315,-16.94,-2.64,-11.16,1.66,0.89,48.5,0.342,13.65,False,False,False,False,False,False,True,False,False,False,False,True,False,False,False,False,2026-11-11,False,False,4,"thin RVOL, below 200-MA",,3,https://www.tradingview.com/chart/?symbol=NASDAQ:PRAX&interval=D,False,False,False
AN,"AutoNation, Inc.",NYSE,Specialty Stores,161.36,173.68,190.12,193.06,200.15,196.18,196.24,199.71,173.37,184.03,167.58,161.33,4.97,4.55,7.35,773709.6,525051.3666666667,84722289.0,101365892.0,0.64,-0.31,5334691563.507008,-19.29,373,-14.13,263,-17.54,345,-16.99,-4.26,-15.13,2.71,0.85,0.4,0.403,16.4,False,False,False,False,False,False,True,False,False,False,False,True,False,False,False,False,2026-10-22,False,False,4,"thin RVOL, below 200-MA",,3,https://www.tradingview.com/chart/?symbol=NYSE:AN&interval=D,False,False,False
VSEC,VSE Corporation,NASDAQ,Engineering & Construction,174.65,179.08,189.03,200.62,204.71,200.4,199.31,198.67,181.62,189.6,177.47,172.33,4.33,5.11,8.92,465870.6,349996.7,61126924.0,70215055.0,0.48,-2.04,4901547462.752392,-20.97,391,-22.18,321,-7.91,295,-17.02,-2.87,-7.61,1.54,0.58,26.0,0.236,14.68,False,False,False,False,False,False,True,True,False,True,False,True,False,False,False,False,2026-10-28,False,True,3,"thin RVOL, below 200-MA, large gap",ADR,4,https://www.tradingview.com/chart/?symbol=NASDAQ:VSEC&interval=D,False,False,False
BKV,BKV Corporation,NYSE,Integrated Oil,21.9,22.88,23.97,24.35,24.61,25.64,26.83,27.15,22.91,23.62,22.47,21.52,4.55,4.73,1.04,1655485.3,2046553.6666666667,44819525.0,49824713.0,0.89,3.03,2396688376.286107,-11.34,274,-16.54,279,-23.35,373,-17.07,-2.33,-8.64,1.54,0.92,36.7,0.229,19.47,False,False,False,False,False,False,True,False,False,False,False,True,False,False,False,False,2026-11-17,False,True,3,"thin RVOL, below 200-MA, large gap",,3,https://www.tradingview.com/chart/?symbol=NYSE:BKV&interval=D,False,False,False
CHWY,"Chewy, Inc.",NYSE,Internet Retail,18.61,19.75,21.19,21.97,22.18,21.38,22.89,24.81,19.58,20.67,18.8,17.79,5.28,5.3,0.99,11230167.4,9392559.533333333,174795533.0,206329486.0,0.94,-0.38,7479866298.21018,-18.73,363,-2.67,190,-30.92,401,-17.44,-3.04,-12.16,1.88,1.02,83.1,0.365,27.15,False,False,False,False,False,False,False,False,False,False,True,False,False,False,False,False,2026-12-03,False,False,3,"LoD>60% ATR, thin RVOL, below 200-MA",,1,https://www.tradingview.com/chart/?symbol=NYSE:CHWY&interval=D,False,False,False
LUNR,"Intuitive Machines, Inc.",NASDAQ,Aerospace & Defense,15.2,15.02,14.9,15.78,15.25,21.01,21.15,20.17,15.23,15.27,15.98,15.12,6.17,6.86,1.04,8528202.0,7588859.033333333,115350657.0,119767373.0,0.93,-1.92,3479645689.019859,-5.0,199,-27.13,357,-20.54,356,-17.56,-0.05,1.99,0.07,0.82,7.2,0.182,41.08,False,False,False,False,True,True,True,False,False,True,False,True,False,False,False,False,2026-11-18,False,False,4,"thin RVOL, below 200-MA",near21,5,https://www.tradingview.com/chart/?symbol=NASDAQ:LUNR&interval=D,False,False,False
STNE,StoneCo Ltd.,NASDAQ,Miscellaneous Commercial Services,9.27,9.55,9.79,9.68,10.15,10.5,11.68,12.67,9.52,9.7,9.42,9.04,4.04,4.23,0.39,4515527.1,5833112.166666667,54072950.0,56481053.0,1.04,-1.61,2254725710.041935,-2.52,177,-14.88,266,-35.49,416,-17.63,-2.04,-5.31,1.04,0.97,58.7,0.138,33.69,False,False,False,False,False,True,True,False,False,True,False,True,False,False,False,False,2026-11-17,False,False,4,"thin RVOL, below 200-MA",near21,4,https://www.tradingview.com/chart/?symbol=NASDAQ:STNE&interval=D,False,False,False
ASTS,"AST SpaceMobile, Inc.",NASDAQ,Specialty Telecommunications,61.0,60.87,60.94,62.03,62.86,74.2,78.06,81.47,61.16,61.64,62.28,60.27,5.74,6.49,3.96,9764954.0,9520472.133333333,580748800.0,590532672.0,0.78,-1.11,23739217761.52726,-0.08,148,-25.53,350,-27.84,393,-17.82,-0.46,0.1,0.16,0.51,18.4,0.142,33.76,False,False,False,False,True,True,True,True,False,True,False,True,False,True,False,False,2026-11-16,False,False,5,below 200-MA,"near21, ADR",6,https://www.tradingview.com/chart/?symbol=NASDAQ:ASTS&interval=D,False,False,False
FOUR,"Shift4 Payments, Inc.",NYSE,Miscellaneous Commercial Services,37.03,39.53,41.49,43.13,45.48,44.71,45.18,49.54,39.44,41.33,37.97,36.56,5.74,6.61,2.45,1972786.8,2004479.0,74225857.0,86457856.0,0.89,-1.4,2923893061.5799737,-15.22,321,-22.3,324,-15.97,331,-17.83,-2.81,-10.75,1.57,0.58,19.2,0.249,27.04,False,False,False,False,False,False,True,True,False,True,False,True,False,False,False,False,2026-11-11,False,False,4,"thin RVOL, below 200-MA",ADR,4,https://www.tradingview.com/chart/?symbol=NYSE:FOUR&interval=D,False,False,False
BBWI,"Bath & Body Works, Inc.",NYSE,Specialty Stores,16.19,16.86,17.7,18.17,18.87,19.24,19.4,19.98,16.96,17.57,16.45,15.75,4.18,5.11,0.83,7231009.1,7066912.533333333,114413314.0,128412868.0,1.27,-2.25,3264637711.11611,-13.65,303,-29.12,373,-12.77,312,-18.51,-2.78,-8.53,1.54,0.85,53.2,0.222,19.25,False,False,False,False,False,False,True,False,False,False,False,True,False,False,True,False,2026-11-18,False,True,3,"thin RVOL, below 200-MA, large gap",RVOL,3,https://www.tradingview.com/chart/?symbol=NYSE:BBWI&interval=D,False,False,False
CIEN,Ciena Corporation,NYSE,Telecommunications Equipment,344.19,351.78,346.83,363.9,376.26,438.11,433.46,388.43,352.3,356.72,356.98,339.33,5.57,6.55,22.56,2740764.5,2457842.8,845964913.0,894409814.0,0.66,-1.26,48809079376.34386,-14.04,308,-28.13,364,-14.32,322,-18.83,-1.3,-0.76,0.54,0.78,21.5,0.19,26.52,False,False,False,False,True,True,True,False,False,True,False,True,False,True,False,False,2026-12-10,False,False,5,below 200-MA,near21,5,https://www.tradingview.com/chart/?symbol=NYSE:CIEN&interval=D,False,False,False
TPL,Texas Pacific Land Corporation,NYSE,Investment Trusts/Mutual Funds,338.15,349.53,359.61,363.15,372.26,382.81,414.69,396.12,348.4,356.39,344.41,337.26,4.21,4.3,14.54,491583.39999999973,389890.89999999997,131841608.0,141589140.0,0.51,0.86,23323787879.800625,-8.8,243,-20.44,310,-27.28,387,-18.84,-2.13,-5.97,1.19,0.49,6.1,0.151,19.27,False,False,False,False,False,True,True,True,False,True,False,True,False,True,False,False,2026-11-04,False,False,5,below 200-MA,"near21, ADR",5,https://www.tradingview.com/chart/?symbol=NYSE:TPL&interval=D,False,False,False
ACAD,ACADIA Pharmaceuticals Inc.,NASDAQ,Pharmaceuticals: Major,20.53,25.07,26.58,27.61,27.35,25.11,24.11,24.53,24.25,25.89,20.63,19.8,4.75,5.28,1.08,2708420.8,1841410.7333333334,37804162.0,50835519.0,1.4,-0.73,3537432202.896518,-30.43,446,-18.98,300,-7.61,292,-19.01,-4.72,-22.77,3.92,0.77,67.3,0.369,15.8,False,False,False,False,False,False,True,False,False,False,False,False,False,False,True,False,2026-11-11,False,False,3,"LoD>60% ATR, thin RVOL, below 200-MA",RVOL,2,https://www.tradingview.com/chart/?symbol=NASDAQ:ACAD&interval=D,False,False,False
BOOT,"Boot Barn Holdings, Inc.",NYSE,Apparel/Footwear Retail,126.16,125.04,136.18,144.42,149.56,155.79,158.88,166.83,128.18,135.39,126.92,122.01,4.49,4.62,5.83,891441.9,671941.3666666667,84772123.0,97040652.0,0.99,-0.05,3820735943.392052,-19.39,375,-23.54,336,-14.37,323,-19.1,-3.39,-7.36,1.48,0.84,71.2,0.342,33.12,False,False,False,False,False,True,True,False,False,True,False,False,False,False,False,False,2026-11-04,False,False,3,"LoD>60% ATR, thin RVOL, below 200-MA",near21,3,https://www.tradingview.com/chart/?symbol=NYSE:BOOT&interval=D,False,False,False
FDXF,"FedEx Freight Holding Company, Inc.",NYSE,Trucking,112.3,118.63,123.32,127.31,134.92,,,,118.07,123.17,113.59,110.5,4.16,4.54,5.1,2191264.0,1531881.2666666666,172030266.0,195028400.0,0.71,-0.34,16790887470.072447,-15.58,332,-25.05,344,-16.81,335,-19.15,-3.7,-8.94,1.95,0.61,35.3,0.192,14.51,False,False,False,False,False,False,True,True,False,True,False,True,False,True,False,False,2026-12-02,False,False,5,below 200-MA,ADR,4,https://www.tradingview.com/chart/?symbol=NYSE:FDXF&interval=D,False,False,False
FSLR,"First Solar, Inc.",NASDAQ,Semiconductors,172.97,190.6,198.08,202.86,210.06,229.77,219.09,225.97,188.21,196.7,178.23,172.2,5.98,5.77,9.98,2776465.1,2181893.8,377402171.0,442618249.0,0.84,0.24,18589049863.528896,-17.48,350,-27.54,361,-12.65,310,-19.22,-3.06,-12.68,2.09,0.6,7.7,0.228,22.65,False,False,False,False,False,False,True,True,False,True,False,True,False,True,False,False,2026-10-29,False,False,5,below 200-MA,ADR,4,https://www.tradingview.com/chart/?symbol=NASDAQ:FSLR&interval=D,False,False,False
INTU,Intuit Inc.,NASDAQ,Packaged Software,269.4,296.93,314.99,328.55,324.22,317.01,349.9,401.5,292.96,308.54,272.14,262.32,4.01,4.99,13.45,4020587.3,4024265.5,1084137126.0,1322173771.0,0.95,-2.05,71993378591.45871,-22.55,406,2.25,167,-37.53,422,-19.27,-3.39,-14.47,2.54,0.73,52.6,0.315,38.81,False,False,False,False,False,False,True,False,False,False,False,True,False,True,False,False,2026-12-01,False,True,4,"below 200-MA, large gap",,3,https://www.tradingview.com/chart/?symbol=NASDAQ:INTU&interval=D,False,False,False
LPTH,"LightPath Technologies, Inc.",NASDAQ,Electronic Components,9.83,9.87,9.8,11.03,11.38,12.68,12.49,12.06,9.95,10.31,10.2,9.78,5.82,7.81,0.77,2786566.4,3308673.3666666667,32524259.0,36494667.0,0.73,1.1,688456279.3867735,-22.29,405,-32.02,394,-4.56,277,-19.62,-1.74,0.32,0.6,0.55,6.5,0.16,29.3,False,False,False,False,True,True,True,True,False,True,False,True,False,False,False,False,2026-11-05,False,False,4,"thin RVOL, below 200-MA","near21, ADR",6,https://www.tradingview.com/chart/?symbol=NASDAQ:LPTH&interval=D,False,False,False
IBP,"Installed Building Products, Inc.",NYSE,Engineering & Construction,196.09,200.57,211.96,222.89,227.28,222.03,244.42,257.07,202.63,210.95,202.58,194.68,4.84,4.88,9.57,481125.9,389258.7,76329738.0,86763688.0,0.52,1.17,5211910875.014784,-19.08,369,-13.93,261,-26.13,383,-19.72,-2.81,-7.49,1.44,0.82,14.7,0.311,28.81,False,False,False,False,False,True,True,False,False,True,False,True,False,False,False,False,2026-11-11,False,False,4,"thin RVOL, below 200-MA",near21,4,https://www.tradingview.com/chart/?symbol=NYSE:IBP&interval=D,False,False,False
MOD,Modine Manufacturing Company,NYSE,Industrial Machinery,175.04,189.04,186.98,188.94,197.56,231.98,230.07,213.11,189.13,189.83,199.22,173.07,5.65,6.52,11.41,1401883.0,1341978.9666666666,234899998.0,253552164.0,2.53,-1.5,9296848267.312365,-5.95,208,-32.35,395,-21.25,361,-19.85,-1.75,-6.39,1.2,2.29,17.3,0.155,25.71,False,False,False,False,False,True,False,False,False,True,True,True,True,True,True,False,2026-11-03,False,False,5,below 200-MA,"near21, RVOL",3,https://www.tradingview.com/chart/?symbol=NYSE:MOD&interval=D,False,False,False
TTAN,"ServiceTitan, Inc.",NASDAQ,Packaged Software,59.92,58.43,67.97,76.72,78.86,73.9,71.37,75.91,60.78,66.87,60.19,55.04,6.87,7.68,4.6,3612015.7,3239416.7,194105849.0,248518871.0,0.53,-1.57,5780356440.005512,-40.16,458,-13.73,258,-6.2,283,-20.03,-3.13,-11.84,1.35,1.12,106.1,0.926,34.1,False,False,False,False,False,True,False,False,False,True,True,False,False,False,False,False,2027-01-19,False,False,3,"LoD>60% ATR, thin RVOL, below 200-MA",near21,2,https://www.tradingview.com/chart/?symbol=NASDAQ:TTAN&interval=D,False,False,False
SFM,"Sprouts Farmers Market, Inc.",NASDAQ,Food Retail,63.45,67.97,72.56,75.69,78.08,80.68,79.4,78.19,67.59,71.58,64.38,61.88,4.22,4.87,3.09,2266606.4,1883627.2666666666,119516150.0,142576143.0,1.45,0.67,5916562108.574172,-21.93,404,-21.61,318,-17.18,339,-20.24,-3.85,-12.55,2.33,0.81,50.8,0.317,20.02,False,False,False,False,False,False,True,False,False,False,False,True,False,False,True,False,2026-11-04,False,False,4,"thin RVOL, below 200-MA",RVOL,3,https://www.tradingview.com/chart/?symbol=NASDAQ:SFM&interval=D,False,False,False
ALM,Almonty Industries Inc.,NASDAQ,Other Metals/Minerals,13.21,13.74,15.51,16.23,15.08,16.36,17.22,15.57,14.02,14.86,13.62,13.02,7.66,9.01,1.19,6382701.6,6675305.3,88180783.0,108341318.0,0.7,-3.72,3810830694.9832363,-30.05,443,-19.06,302,-11.87,308,-20.33,-1.38,-14.83,1.23,0.5,16.0,0.522,26.35,False,False,False,False,False,True,True,True,False,True,False,True,False,False,False,False,2026-11-17,False,True,3,"thin RVOL, below 200-MA, large gap","near21, ADR",5,https://www.tradingview.com/chart/?symbol=NASDAQ:ALM&interval=D,False,False,False
NNE,Nano Nuclear Energy Inc.,NASDAQ,Electrical Products,16.16,16.57,17.08,17.63,17.6,20.71,21.59,23.81,16.79,17.12,16.85,16.09,5.56,6.65,1.07,2145683.3,1785750.8333333333,28857733.0,31483382.0,0.67,-1.59,867761978.9240731,-15.81,335,-23.85,341,-21.55,362,-20.4,-1.23,-5.39,0.85,0.71,6.5,0.219,44.76,False,False,False,False,False,True,True,False,False,True,False,True,False,False,False,False,2026-12-17,False,False,4,"thin RVOL, below 200-MA",near21,4,https://www.tradingview.com/chart/?symbol=NASDAQ:NNE&interval=D,False,False,False
LUMN,"Lumen Technologies, Inc.",NYSE,Major Telecommunications,5.53,6.24,6.49,6.35,6.37,7.42,7.45,7.61,6.12,6.3,5.76,5.5,5.79,6.03,0.33,13594167.8,12320332.266666668,68131437.0,78201256.0,0.95,-1.05,5703893291.528896,-10.15,262,-29.55,375,-21.89,365,-20.53,-2.19,-14.79,2.03,0.79,10.5,0.253,24.7,False,False,False,False,False,False,True,False,False,False,False,True,False,False,False,False,2026-11-04,False,False,4,"thin RVOL, below 200-MA",,3,https://www.tradingview.com/chart/?symbol=NYSE:LUMN&interval=D,False,False,False
LEU,Centrus Energy Corp.,NYSE,Other Metals/Minerals,140.37,147.5,158.1,166.55,171.37,173.56,181.88,202.79,149.99,157.37,144.8,140.11,5.69,7.0,9.83,777675.3,702794.0999999988,98651208.0,117051997.0,0.72,-2.3,2871002870.596519,-27.43,433,-12.46,250,-21.73,363,-20.54,-2.58,-11.21,1.54,0.48,2.6,0.351,39.39,False,False,False,False,False,False,True,True,False,True,False,True,False,False,False,False,2026-11-11,False,True,3,"thin RVOL, below 200-MA, large gap",ADR,4,https://www.tradingview.com/chart/?symbol=NYSE:LEU&interval=D,False,False,False
CRK,"Comstock Resources, Inc.",NYSE,Oil & Gas Production,12.69,13.26,14.16,14.13,13.84,13.82,15.62,17.19,13.41,13.75,13.42,12.66,5.29,5.38,0.68,2697973.6,2725123.4,34581816.0,38494185.0,0.63,-0.53,3726045063.8643293,-13.26,295,-10.57,233,-37.79,423,-20.54,-1.54,-10.36,1.43,1.11,3.7,0.287,30.99,False,False,False,False,False,True,False,False,False,True,True,True,False,False,False,False,2026-11-03,False,False,4,"thin RVOL, below 200-MA",near21,3,https://www.tradingview.com/chart/?symbol=NYSE:CRK&interval=D,False,False,False
GIL,"Gildan Activewear, Inc.",NYSE,Apparel/Footwear,42.62,44.89,47.84,50.22,52.04,53.89,55.86,58.32,44.77,47.4,43.39,39.93,4.39,4.72,2.01,2347679.6,1435871.6666666667,61196850.0,72103253.0,1.4,-2.1,7892876822.286601,-20.16,380,-17.32,287,-24.41,377,-20.63,-3.83,-10.9,2.14,1.72,133.7,0.305,31.5,False,False,False,False,False,False,False,False,False,False,True,False,False,False,True,False,2026-10-29,False,True,2,"LoD>60% ATR, thin RVOL, below 200-MA, large gap",RVOL,1,https://www.tradingview.com/chart/?symbol=NYSE:GIL&interval=D,False,False,False
ERAS,"Erasca, Inc.",NASDAQ,Pharmaceuticals: Major,14.13,14.92,15.63,16.46,17.29,15.8,15.72,13.76,14.86,15.63,14.62,13.86,7.4,7.57,1.07,5343837.5,4327927.9,61153621.0,71245628.0,0.69,1.93,4942137398.128422,-26.6,430,-21.89,320,-13.74,318,-20.74,-2.41,-9.62,1.27,0.71,25.2,0.245,24.98,False,False,False,True,False,True,True,True,False,True,False,True,False,False,False,False,2026-11-11,False,False,5,thin RVOL,"near21, ADR",6,https://www.tradingview.com/chart/?symbol=NASDAQ:ERAS&interval=D,False,False,False
EYE,"National Vision Holdings, Inc.",NASDAQ,Specialty Stores,16.12,16.45,16.74,17.27,18.85,18.59,20.99,22.62,16.54,17.01,16.62,15.91,4.76,4.96,0.8,2710318.1,2295019.8666666667,36995720.0,39632316.0,0.88,-0.91,1274597379.3030853,-9.89,257,-13.98,262,-38.68,427,-20.85,-2.92,-3.69,1.06,0.89,26.3,0.094,38.28,False,False,False,False,False,True,True,False,True,True,False,True,False,False,False,False,2026-11-11,False,False,4,"thin RVOL, below 200-MA","near21, BB",5,https://www.tradingview.com/chart/?symbol=NASDAQ:EYE&interval=D,False,False,False
ZG,"Zillow Group, Inc.",NASDAQ,Internet Software/Services,28.15,30.45,32.31,33.69,33.73,34.31,37.46,43.68,30.32,31.82,29.31,27.91,4.56,5.35,1.5,1069431.8,940202.3333333334,26466696.0,31672753.0,1.01,0.03,6176873414.549487,-22.75,410,-7.83,213,-32.04,406,-20.87,-3.09,-12.88,2.16,0.93,16.0,0.29,46.98,False,False,False,False,False,False,True,False,False,False,False,True,False,False,False,False,2026-11-04,False,False,4,"thin RVOL, below 200-MA",,3,https://www.tradingview.com/chart/?symbol=NASDAQ:ZG&interval=D,False,False,False
RKT,"Rocket Companies, Inc.",NYSE,Finance/Rental/Leasing,11.64,12.4,12.97,13.36,13.51,13.82,14.29,15.71,12.37,12.85,11.87,11.38,4.62,5.34,0.62,44877917.8,29864513.833333332,347622941.0,398920221.0,1.06,-2.63,32960317188.808548,-18.2,356,-25.38,347,-19.45,351,-21.01,-2.59,-10.23,1.76,0.8,42.6,0.216,28.44,False,False,False,False,False,False,True,False,False,False,False,True,False,True,False,False,2026-10-29,False,True,4,"below 200-MA, large gap",,3,https://www.tradingview.com/chart/?symbol=NYSE:RKT&interval=D,False,False,False
MAIR,Madison Air Solutions Corporation,NYSE,Industrial Machinery,24.97,24.41,24.92,25.69,28.33,33.74,,,24.77,25.4,25.07,24.38,4.21,5.04,1.26,2514736.9,2992371.9,74719526.0,76876029.0,0.85,-1.19,12528013294.211445,-8.74,242,-32.71,398,-21.97,367,-21.14,-2.35,0.19,0.34,0.55,46.9,0.137,37.37,False,False,False,False,True,True,True,True,False,True,False,True,False,True,False,False,2026-12-02,False,False,5,below 200-MA,"near21, ADR",6,https://www.tradingview.com/chart/?symbol=NYSE:MAIR&interval=D,False,False,False
APP,Applovin Corporation,NASDAQ,Packaged Software,308.24,319.33,318.0,315.07,341.09,423.13,429.53,464.32,316.32,320.47,322.74,306.88,4.85,5.28,16.27,5304889.5,4797979.633333334,1478929242.0,1511721834.0,0.77,3.63,103152822133.15605,-2.53,178,-37.66,420,-23.32,372,-21.17,-1.82,-3.07,0.72,0.97,8.4,0.106,47.47,False,False,False,False,False,True,True,False,False,True,False,True,False,True,False,False,2026-11-11,False,True,4,"below 200-MA, large gap",near21,4,https://www.tradingview.com/chart/?symbol=NASDAQ:APP&interval=D,False,False,False
LBRT,Liberty Energy Inc.,NYSE,Oilfield Services/Equipment,18.95,18.85,19.7,19.67,19.9,24.25,25.99,24.87,18.97,19.4,19.8,18.6,5.09,5.3,1.0,4022051.6,3568138.566666667,67616226.0,70171013.0,1.06,3.54,3092477525.261352,-1.2,161,-28.89,372,-33.53,408,-21.21,-0.9,-3.82,0.44,1.2,35.4,0.214,37.68,False,False,False,False,False,True,False,False,False,True,True,True,False,False,False,False,2026-10-21,False,True,3,"thin RVOL, below 200-MA, large gap",near21,3,https://www.tradingview.com/chart/?symbol=NYSE:LBRT&interval=D,False,False,False
PLUG,"Plug Power, Inc.",NASDAQ,Electronic Production Equipment,1.86,2.03,2.08,2.13,2.13,2.6,2.58,2.47,2.02,2.07,1.96,1.83,5.03,5.99,0.11,48045775.9,51061977.3,94975278.0,108710950.0,1.4,-1.52,2598783079.5151515,-17.88,354,-28.19,366,-18.24,348,-21.44,-2.14,-10.66,1.72,1.16,26.9,0.16,30.31,False,False,False,False,False,False,False,False,False,False,True,True,False,False,True,False,2026-11-10,False,False,4,"thin RVOL, below 200-MA",RVOL,2,https://www.tradingview.com/chart/?symbol=NASDAQ:PLUG&interval=D,False,False,False
ENOV,Enovis Corporation,NYSE,Medical Specialties,18.16,18.2,19.01,21.17,23.72,23.72,23.73,23.97,18.48,19.66,18.46,17.97,5.32,6.07,1.1,1938311.6999999997,1696481.5333333337,30808105.0,35913949.0,0.7,-0.98,1047277901.6078005,-27.94,440,-16.74,281,-20.39,354,-21.69,-3.86,-4.47,1.26,0.44,17.2,0.313,31.8,False,False,False,False,False,True,True,True,False,True,False,True,False,False,False,False,2026-11-11,False,False,4,"thin RVOL, below 200-MA","near21, ADR",5,https://www.tradingview.com/chart/?symbol=NYSE:ENOV&interval=D,False,False,False
USAR,"USA Rare Earth, Inc.",NASDAQ,Metal Fabrication,14.42,15.61,16.32,17.08,16.85,19.82,19.67,19.36,15.64,16.26,15.01,14.37,5.01,7.07,1.02,13333495.5,13136420.1,189361496.0,224394139.0,1.05,-1.55,5406728845.243083,-25.89,427,-31.39,386,-7.98,296,-21.75,-2.04,-11.66,1.6,0.63,4.4,0.262,29.21,False,False,False,False,False,False,True,False,False,False,False,True,False,False,False,False,2026-11-05,False,False,4,"thin RVOL, below 200-MA",,3,https://www.tradingview.com/chart/?symbol=NASDAQ:USAR&interval=D,False,False,False
OCUL,"Ocular Therapeutix, Inc.",NASDAQ,Pharmaceuticals: Major,7.66,9.78,10.29,10.5,9.86,9.54,9.39,9.77,9.65,10.01,9.38,7.18,8.41,8.7,0.67,3749405.1,3065244.7,23464448.0,32173319.0,6.52,-2.8,1681159458.2756474,-30.22,444,-23.3,334,-11.81,307,-21.77,-2.57,-25.58,2.7,3.3,71.3,0.298,11.7,False,False,False,False,False,False,False,False,False,False,True,False,True,True,True,False,2026-11-09,False,True,3,"LoD>60% ATR, below 200-MA, large gap",RVOL,1,https://www.tradingview.com/chart/?symbol=NASDAQ:OCUL&interval=D,False,False,False
BBAI,"BigBear.ai, Inc.",NYSE,Packaged Software,2.66,2.81,2.87,2.95,2.97,3.46,3.56,4.04,2.81,2.87,2.77,2.66,4.36,4.98,0.13,15073552.5,15938084.1,42395304.0,47054537.0,0.84,-1.79,1275455366.2,-15.56,330,-25.7,352,-24.86,378,-22.04,-2.08,-7.2,1.5,0.83,0.0,0.134,46.41,False,False,False,False,False,False,True,False,False,False,False,True,False,False,False,False,2026-11-11,False,False,4,"thin RVOL, below 200-MA",,3,https://www.tradingview.com/chart/?symbol=NYSE:BBAI&interval=D,False,False,False
GT,The Goodyear Tire & Rubber Company,NASDAQ,Automotive Aftermarket,5.02,5.17,5.52,5.7,6.16,6.21,6.5,7.17,5.23,5.48,5.13,5.0,4.33,4.98,0.25,10824089.8,8964580.6,45002195.0,51120521.0,0.68,0.1,1445251688.0234144,-18.37,357,-23.71,339,-25.07,379,-22.39,-3.71,-9.0,1.67,0.52,8.0,0.317,39.97,False,False,False,False,False,False,True,True,False,True,False,True,False,False,False,False,2026-11-09,False,False,4,"thin RVOL, below 200-MA",ADR,4,https://www.tradingview.com/chart/?symbol=NASDAQ:GT&interval=D,False,False,False
EROC,"ERock, Inc.",NYSE,Electrical Products,11.88,12.45,12.26,12.8,12.33,,,,12.4,12.47,12.66,11.75,8.24,9.41,1.12,2793265.8,2644549.8666666667,31417252.0,33844068.0,0.53,-0.63,2606473025.828572,-9.31,253,-16.98,283,-40.9,432,-22.4,-0.38,-3.1,0.5,0.81,11.6,0.237,1.6,False,False,False,False,False,True,True,False,False,True,False,True,False,False,False,True,2026-12-02,False,False,4,"thin RVOL, below 200-MA",near21,5,https://www.tradingview.com/chart/?symbol=NYSE:EROC&interval=D,False,False,False
SMR,NuScale Power Corporation,NYSE,Electrical Products,7.91,8.52,9.1,9.16,9.07,9.88,10.47,12.18,8.59,8.88,8.28,7.9,7.15,8.16,0.65,39361896.3,37577618.46666667,297238962.0,344160882.0,0.83,-2.49,3399111147.0546317,-17.78,353,-22.3,323,-27.43,389,-22.5,-1.57,-13.08,1.34,0.6,2.3,0.374,46.22,False,False,False,False,False,True,True,True,False,True,False,True,False,False,False,False,2026-11-05,False,True,3,"thin RVOL, below 200-MA, large gap","near21, ADR",5,https://www.tradingview.com/chart/?symbol=NYSE:SMR&interval=D,False,False,False
CELC,Celcuity Inc.,NASDAQ,Medical Specialties,79.64,81.74,86.12,88.19,88.34,98.93,104.73,104.96,82.0,84.84,80.02,77.09,4.43,4.92,3.92,818447.1,809062.7666666667,64433759.0,71348818.0,0.66,-0.1,3896936960.6700206,-13.34,298,-23.15,330,-31.11,402,-22.53,-2.0,-7.52,1.25,0.75,65.1,0.266,29.15,False,False,False,False,False,True,True,False,False,True,False,False,False,False,False,False,2026-11-18,False,False,3,"LoD>60% ATR, thin RVOL, below 200-MA",near21,3,https://www.tradingview.com/chart/?symbol=NASDAQ:CELC&interval=D,False,False,False
FTFT,Future FinTech Group Inc.,NASDAQ,Finance/Rental/Leasing,4.19,5.05,3.78,3.45,3.68,9.0,13.47,20.9,4.46,4.16,4.5,3.93,39.06,29.04,1.22,3732494.9,11037846.758333333,46248578.0,38113023.0,0.01,-2.51,33844691.518264845,74.58,7,-64.61,461,-78.09,463,-22.71,0.48,10.81,0.03,0.47,21.4,2.071,411.08,False,False,False,False,False,True,True,True,False,True,False,True,False,False,False,False,,False,True,3,"thin RVOL, below 200-MA, large gap","near21, ADR",5,https://www.tradingview.com/chart/?symbol=NASDAQ:FTFT&interval=D,True,False,False
MWH,"SOLV Energy, Inc.",NASDAQ,Engineering & Construction,23.81,25.67,25.39,26.53,27.37,31.3,31.52,,25.36,25.93,25.13,23.53,5.14,5.75,1.37,1235012.1,1579968.7,37619055.0,41909196.0,1.1,-1.23,4818944724.472619,-14.96,316,-32.8,399,-20.58,357,-22.78,-2.26,-6.21,1.42,1.17,20.4,0.119,25.76,False,False,False,False,False,True,False,False,False,True,True,True,False,False,False,False,2026-12-02,False,False,4,"thin RVOL, below 200-MA",near21,3,https://www.tradingview.com/chart/?symbol=NASDAQ:MWH&interval=D,False,False,False
KTOS,"Kratos Defense & Security Solutions, Inc.",NASDAQ,Aerospace & Defense,44.07,46.88,47.45,50.42,51.56,53.02,61.03,69.62,46.59,48.21,45.22,43.91,4.88,5.49,2.42,4266415.4,3534012.7,155743940.0,178171962.0,1.1,-1.42,8272878763.286277,-17.64,352,-12.04,246,-39.33,430,-23.01,-2.65,-7.12,1.57,0.54,6.6,0.114,51.6,False,False,False,False,False,False,True,True,False,True,False,True,False,False,False,False,2026-10-29,False,False,4,"thin RVOL, below 200-MA",ADR,4,https://www.tradingview.com/chart/?symbol=NASDAQ:KTOS&interval=D,False,False,False
QNT,Quantinuum Inc.,NASDAQ,Computer Processing Hardware,49.11,50.74,49.88,51.8,53.82,,,,50.19,51.09,51.28,48.21,6.65,7.26,3.56,2257756.8,1703560.6333333333,83661863.0,88237059.0,0.8,-1.07,12931062488.482738,-8.54,241,-32.71,397,-27.78,392,-23.01,-1.21,-1.55,0.53,0.86,25.2,0.126,8.02,False,False,False,False,True,True,True,False,False,True,False,True,False,True,False,False,2026-12-02,False,False,5,below 200-MA,near21,5,https://www.tradingview.com/chart/?symbol=NASDAQ:QNT&interval=D,False,False,False
OKLO,Oklo Inc.,NYSE,Industrial Machinery,37.11,38.21,39.0,40.01,41.17,50.11,53.52,60.59,38.44,39.28,38.08,36.91,5.49,6.59,2.45,9425097.5,9754647.033333333,361994951.0,390257415.0,0.67,-2.21,6903115321.236593,-11.64,282,-30.09,379,-27.35,388,-23.03,-1.5,-4.85,0.84,0.48,8.2,0.214,60.3,False,False,False,False,False,True,True,True,False,True,False,True,False,False,False,False,2026-11-18,False,True,3,"thin RVOL, below 200-MA, large gap","near21, ADR",5,https://www.tradingview.com/chart/?symbol=NYSE:OKLO&interval=D,False,False,False
Z,"Zillow Group, Inc.",NASDAQ,Internet Software/Services,27.44,29.8,31.62,32.93,33.17,33.95,37.23,43.67,29.62,31.14,28.29,27.2,4.52,5.34,1.46,4668326.3,3733057.2333333334,102435090.0,122942018.0,1.14,-0.67,6205334107.593388,-23.03,414,-11.88,244,-34.28,410,-23.06,-3.24,-13.21,2.23,0.74,16.4,0.292,50.56,False,False,False,False,False,False,True,False,False,False,False,True,False,False,False,False,2026-11-04,False,False,4,"thin RVOL, below 200-MA",,3,https://www.tradingview.com/chart/?symbol=NASDAQ:Z&interval=D,False,False,False
UPST,"Upstart Holdings, Inc.",NASDAQ,Finance/Rental/Leasing,23.03,24.74,25.89,27.23,27.92,29.59,29.35,32.76,24.74,25.89,23.5,22.78,4.31,5.4,1.24,4665093.9,4364681.333333333,100518611.0,118857547.0,1.08,-1.6,2241119475.244015,-24.76,422,-33.61,401,-12.1,309,-23.49,-3.24,-11.06,2.05,0.58,19.7,0.241,34.83,False,False,False,False,False,False,True,True,False,True,False,True,False,False,False,False,2026-11-10,False,False,4,"thin RVOL, below 200-MA",ADR,4,https://www.tradingview.com/chart/?symbol=NASDAQ:UPST&interval=D,False,False,False
AAP,Advance Auto Parts Inc.,NYSE,Specialty Stores,39.77,41.76,42.56,44.13,48.98,52.85,53.2,51.66,41.74,43.3,42.1,39.61,4.25,5.04,2.0,1834574.2,2372987.066666667,94373696.0,104719919.0,1.47,-0.01,2402108034.3091307,-9.03,248,-36.42,412,-25.38,380,-23.61,-3.73,-6.55,1.62,1.24,8.0,0.116,28.76,False,False,False,False,False,False,False,False,False,False,True,True,False,False,True,False,2026-11-18,False,False,4,"thin RVOL, below 200-MA",RVOL,2,https://www.tradingview.com/chart/?symbol=NYSE:AAP&interval=D,False,False,False
NAMS,NewAmsterdam Pharma Company N.V.,NASDAQ,Pharmaceuticals: Major,23.58,22.42,23.34,24.65,26.22,29.9,30.49,31.4,22.92,23.67,24.21,22.25,6.19,5.85,1.38,2104049.8,1558149.1,36741156.0,38402662.0,1.03,-0.35,2818686469.017715,-11.55,278,-31.83,392,-27.69,391,-23.69,-1.72,1.03,0.07,1.42,96.4,0.258,38.08,False,False,False,False,True,True,False,False,False,True,True,False,False,False,False,False,2026-11-11,False,False,3,"LoD>60% ATR, thin RVOL, below 200-MA",near21,3,https://www.tradingview.com/chart/?symbol=NASDAQ:NAMS&interval=D,False,False,False
ALKT,"Alkami Technology, Inc.",NASDAQ,Packaged Software,13.39,16.87,18.28,18.92,18.8,17.81,17.44,18.22,16.18,17.59,13.74,13.35,7.15,7.42,0.99,2642924.2,1821380.5,24388285.0,34463555.0,0.67,-1.45,1431953111.22971,-34.07,454,-21.1,315,-16.31,333,-23.83,-3.88,-26.76,3.22,0.39,4.0,0.489,14.43,False,False,False,False,False,False,True,True,False,True,False,True,False,False,False,False,2026-10-29,False,False,4,"thin RVOL, below 200-MA",ADR,4,https://www.tradingview.com/chart/?symbol=NASDAQ:ALKT&interval=D,False,False,False
FLUT,Flutter Entertainment plc,NYSE,Casinos/Gaming,76.63,88.27,94.21,95.81,97.91,100.23,102.8,123.39,86.86,91.75,83.32,76.53,5.65,5.98,4.58,3403920.2,2701397.3333333335,207008078.0,258819978.0,1.09,-0.5,13298302403.21182,-20.01,378,-25.62,351,-25.95,381,-23.86,-3.63,-18.66,2.76,1.48,2.2,0.326,45.84,False,False,False,False,False,False,False,False,False,False,True,True,False,True,False,False,2026-11-18,False,False,5,below 200-MA,,2,https://www.tradingview.com/chart/?symbol=NYSE:FLUT&interval=D,False,False,False
UAA,"Under Armour, Inc.",NYSE,Apparel/Footwear,4.28,4.71,4.88,4.99,5.61,5.8,5.99,5.97,4.64,4.88,4.4,4.24,4.44,4.84,0.21,10939389.4,8605638.833333334,36832134.0,42962218.0,1.21,-0.68,1826498434.4018064,-15.91,337,-30.07,378,-26.33,384,-24.1,-4.88,-12.37,2.54,0.75,16.9,0.212,30.05,False,False,False,False,False,False,True,False,False,False,False,True,False,False,True,False,2026-11-05,False,False,4,"thin RVOL, below 200-MA",RVOL,3,https://www.tradingview.com/chart/?symbol=NYSE:UAA&interval=D,False,False,False
HUBG,"Hub Group, Inc.",NASDAQ,Air Freight/Couriers,30.22,31.84,34.19,36.09,40.23,41.95,41.08,42.04,31.92,34.18,30.58,29.72,4.97,5.12,1.55,1414500.7,1263641.6333333333,38187250.0,45604827.0,1.52,-1.81,1848059040.9241922,-24.3,418,-31.44,387,-16.93,337,-24.22,-4.86,-11.6,2.26,0.56,32.3,0.314,33.76,False,False,False,False,False,False,True,True,False,True,False,True,True,True,True,False,2026-10-22,False,False,5,below 200-MA,"ADR, RVOL",4,https://www.tradingview.com/chart/?symbol=NASDAQ:HUBG&interval=D,False,False,False
JOBY,"Joby Aviation, Inc.",NYSE,Aerospace & Defense,6.11,6.23,6.43,6.75,7.14,8.41,8.66,9.76,6.3,6.52,6.22,6.03,4.13,4.85,0.3,23199544.7,24638619.366666667,150541964.0,166425661.0,0.94,-1.74,6072573058.685127,-14.55,312,-31.27,385,-27.95,394,-24.59,-2.97,-4.95,1.3,0.64,27.0,0.165,57.62,False,False,False,False,False,True,True,False,False,True,False,True,False,False,False,False,2026-11-11,False,False,4,"thin RVOL, below 200-MA",near21,4,https://www.tradingview.com/chart/?symbol=NYSE:JOBY&interval=D,False,False,False
RSI,"Rush Street Interactive, Inc.",NYSE,Casinos/Gaming,19.55,22.28,24.34,24.84,26.22,27.65,25.83,23.98,21.77,23.51,20.12,19.35,6.27,6.27,1.22,4830403.8,3030364.566666667,59243627.0,75283347.0,0.59,0.15,4531169257.659789,-26.09,428,-37.6,419,-10.89,302,-24.86,-4.06,-19.66,2.69,0.63,16.3,0.448,27.47,False,False,False,False,False,False,True,True,False,True,False,True,False,False,False,False,2026-11-04,False,False,4,"thin RVOL, below 200-MA",ADR,4,https://www.tradingview.com/chart/?symbol=NYSE:RSI&interval=D,False,False,False
DNN,Denison Mines Corp,AMEX,Other Metals/Minerals,2.58,2.79,3.02,3.15,3.1,3.18,3.38,3.39,2.8,2.96,2.62,2.55,5.16,5.82,0.15,23462323.3,26051011.0,67211608.0,82112787.0,0.73,-1.89,2335457604.048,-29.7,442,-16.77,282,-28.53,396,-25.0,-2.9,-14.58,2.18,0.5,20.0,0.357,23.06,False,False,False,False,False,False,True,True,False,True,False,True,False,False,False,False,2026-11-03,False,False,4,"thin RVOL, below 200-MA",ADR,4,https://www.tradingview.com/chart/?symbol=AMEX:DNN&interval=D,False,False,False
FICO,Fair Isaac Corporation,NYSE,Financial Publishing/Services,840.89,917.24,971.9,1027.08,1076.14,1134.04,1133.99,1242.14,906.87,963.83,853.54,832.0,4.32,5.23,43.98,417791.9,376047.76666666666,316214807.0,386230639.0,0.97,-1.19,18161236086.11797,-27.57,435,-27.61,362,-20.6,359,-25.26,-4.18,-13.48,2.44,0.49,20.2,0.354,38.64,False,False,False,False,False,False,True,True,False,True,False,True,False,True,False,False,2026-11-11,False,False,5,below 200-MA,ADR,4,https://www.tradingview.com/chart/?symbol=NYSE:FICO&interval=D,False,False,False
TRIP,"TripAdvisor, Inc.",NASDAQ,Other Consumer Services,8.41,8.64,8.93,9.31,10.78,11.42,11.11,11.69,8.62,9.07,8.43,8.15,4.59,5.06,0.43,4591828.1,4021051.5,33817043.0,37434649.0,0.95,-0.36,985646438.0,-14.62,313,-39.93,432,-21.8,364,-25.45,-4.34,-5.85,1.45,0.66,61.1,0.18,36.24,False,False,False,False,False,True,True,True,False,True,False,False,False,False,False,False,2026-11-09,False,False,3,"LoD>60% ATR, thin RVOL, below 200-MA","near21, ADR",4,https://www.tradingview.com/chart/?symbol=NASDAQ:TRIP&interval=D,False,False,False
CENX,Century Aluminum Company,NASDAQ,Aluminum,37.4,39.05,42.51,43.27,44.53,49.83,52.44,50.41,39.49,41.47,38.26,36.97,4.54,5.28,1.97,1752900.2,1776459.4666666666,66439584.0,76871842.0,1.56,-0.47,3702349127.7363896,-19.15,370,-20.96,314,-37.43,420,-25.85,-3.03,-12.02,1.86,0.65,21.8,0.356,35.81,False,False,False,False,False,False,True,False,False,False,False,True,True,True,True,False,2026-11-09,False,False,5,below 200-MA,RVOL,3,https://www.tradingview.com/chart/?symbol=NASDAQ:CENX&interval=D,False,False,False
ESAB,ESAB Corporation,NYSE,Industrial Machinery,67.25,67.51,70.16,73.35,79.04,86.04,91.85,99.02,68.66,71.08,71.68,66.3,4.13,4.7,3.16,1091672.8,923608.0,62112638.0,67749725.0,1.08,-1.31,4180785336.5004873,-15.17,319,-31.87,393,-31.48,404,-26.18,-3.17,-4.15,1.15,1.7,30.1,0.196,46.86,False,False,False,False,False,True,False,False,False,True,True,True,False,False,False,False,2026-11-04,False,False,4,"thin RVOL, below 200-MA",near21,3,https://www.tradingview.com/chart/?symbol=NYSE:ESAB&interval=D,False,False,False
NXT,Nextpower Inc.,NASDAQ,Electronic Equipment/Instruments,79.13,80.91,81.97,84.25,90.59,107.28,109.74,107.93,81.17,83.27,81.78,78.94,4.77,5.11,4.04,2315936.5,2108506.0,166846080.0,177647956.0,0.87,-1.22,12006356904.876562,-11.64,281,-31.63,391,-35.36,415,-26.21,-2.48,-3.47,0.97,0.7,4.8,0.087,36.43,False,False,False,False,False,True,True,False,True,True,False,True,False,True,False,False,2026-10-22,False,False,5,below 200-MA,"near21, BB",5,https://www.tradingview.com/chart/?symbol=NASDAQ:NXT&interval=D,False,False,False
UEC,Uranium Energy Corp.,AMEX,Other Metals/Minerals,9.21,9.86,10.62,11.17,10.81,11.5,12.37,13.1,9.9,10.42,9.32,9.01,5.25,6.24,0.57,9207911.8,8823623.0,81265568.0,98518692.0,1.01,-1.17,4557774504.503719,-32.33,450,-12.7,252,-33.98,409,-26.34,-2.37,-13.26,1.86,0.54,34.8,0.338,35.18,False,False,False,False,False,False,True,True,False,True,False,True,False,False,False,False,2026-09-29,True,False,3,"thin RVOL, earnings soon, below 200-MA",ADR,3,https://www.tradingview.com/chart/?symbol=AMEX:UEC&interval=D,False,False,False
WHR,Whirlpool Corporation,NYSE,Electronics/Appliances,31.4,32.57,35.03,36.75,38.08,39.39,45.29,54.34,33.0,34.75,32.5,30.3,4.45,5.2,1.63,3093614.5,2630264.8,82590315.0,96649957.0,1.19,-0.57,2047260440.1072216,-20.93,388,-17.39,288,-41.02,433,-26.45,-3.38,-10.38,1.86,1.35,67.4,0.327,69.33,False,False,False,False,False,False,False,False,False,False,True,False,False,False,False,False,2026-10-15,False,False,3,"LoD>60% ATR, thin RVOL, below 200-MA",,1,https://www.tradingview.com/chart/?symbol=NYSE:WHR&interval=D,False,False,False
LMND,"Lemonade, Inc.",NYSE,Multi-Line Insurance,43.91,46.8,49.1,50.21,52.44,56.11,57.43,62.43,46.53,48.56,44.48,43.39,4.4,5.05,2.22,1215225.8,1029472.4333333333,45204135.0,51687066.0,0.96,-1.76,3398485347.1075,-18.53,361,-29.38,374,-31.54,405,-26.49,-3.22,-10.57,1.9,0.49,23.5,0.244,35.6,False,False,False,False,False,False,True,True,False,True,False,True,False,False,False,False,2026-11-10,False,False,4,"thin RVOL, below 200-MA",ADR,4,https://www.tradingview.com/chart/?symbol=NYSE:LMND&interval=D,False,False,False
WING,Wingstop Inc.,NASDAQ,Restaurants,101.8,101.6,106.51,109.21,116.52,132.79,152.45,179.28,102.56,106.51,102.94,97.11,5.92,5.94,6.04,1538773.4,1245073.0666666667,126748438.0,135980240.0,1.1,0.75,2773291182.5739374,-7.61,230,-39.13,428,-34.47,412,-27.07,-2.13,-4.42,0.74,0.96,77.6,0.21,76.31,False,False,False,False,False,True,True,False,False,True,False,False,False,False,False,False,2026-11-04,False,False,3,"LoD>60% ATR, thin RVOL, below 200-MA",near21,3,https://www.tradingview.com/chart/?symbol=NASDAQ:WING&interval=D,False,False,False
FMC,FMC Corporation,NYSE,Chemicals: Agricultural,9.21,10.15,11.19,11.07,10.97,11.54,12.83,13.31,10.13,10.63,9.51,9.14,6.16,6.34,0.58,4348316.0,3391752.9,31238044.0,37563663.0,0.95,-0.94,1432637158.882046,-15.58,331,-20.19,309,-46.36,443,-27.38,-2.53,-17.66,2.11,0.62,12.0,0.442,34.33,False,False,False,False,False,False,True,True,False,True,False,True,False,False,False,False,2026-10-29,False,False,4,"thin RVOL, below 200-MA",ADR,4,https://www.tradingview.com/chart/?symbol=NYSE:FMC&interval=D,False,False,False
ENPH,"Enphase Energy, Inc.",NASDAQ,Electrical Products,30.91,34.13,35.35,36.3,37.49,44.19,42.23,41.22,33.7,35.19,32.16,30.88,5.82,5.81,1.79,4910436.7,4369236.9,135053113.0,158590920.0,1.15,-0.74,4084590955.007716,-20.97,390,-42.4,435,-19.15,350,-27.5,-3.02,-12.55,2.1,0.71,1.4,0.206,32.54,False,False,False,False,False,False,True,True,False,True,False,True,False,False,False,False,2026-10-27,False,False,4,"thin RVOL, below 200-MA",ADR,4,https://www.tradingview.com/chart/?symbol=NASDAQ:ENPH&interval=D,False,False,False
AMPX,"Amprius Technologies, Inc.",NYSE,Electrical Products,9.6,9.57,9.62,9.89,10.19,13.0,14.5,13.47,9.65,9.79,11.23,9.47,5.71,6.61,0.63,5617317.7,4842628.966666667,46489238.0,47874230.0,3.33,11.59,1402374023.876923,-9.0,246,-30.64,383,-43.7,437,-27.78,-0.88,-0.25,0.29,2.77,20.5,0.122,51.39,False,False,False,False,True,True,False,False,False,True,True,True,True,True,True,False,2026-11-05,False,True,4,"below 200-MA, large gap","near21, RVOL",4,https://www.tradingview.com/chart/?symbol=NYSE:AMPX&interval=D,False,False,False
CAR,"Avis Budget Group, Inc.",NASDAQ,Finance/Rental/Leasing,104.93,111.59,122.64,129.25,136.98,151.32,167.74,156.54,111.87,120.29,107.6,104.58,5.28,5.58,5.85,502290.5,388073.93333333335,40720598.0,50156874.0,0.62,-0.7,3706731215.420815,-24.62,421,-30.92,384,-28.87,397,-28.14,-4.2,-14.44,2.29,0.52,5.9,0.431,53.51,False,False,False,False,False,False,True,True,False,True,False,True,False,False,False,False,2026-11-02,False,False,4,"thin RVOL, below 200-MA",ADR,4,https://www.tradingview.com/chart/?symbol=NASDAQ:CAR&interval=D,False,False,False
TTD,"The Trade Desk, Inc.",NASDAQ,Packaged Software,12.34,13.5,13.89,13.7,14.98,17.54,19.63,23.1,13.21,13.71,12.58,12.18,4.29,5.01,0.62,33997164.699999996,22903112.00000001,282624402.0,313871881.0,0.69,-0.4,5798326482.55873,-8.14,235,-31.46,389,-45.49,441,-28.37,-3.52,-11.14,1.99,0.65,25.9,0.232,77.85,False,False,False,False,False,False,True,False,False,False,False,True,False,False,False,False,2026-11-05,False,False,4,"thin RVOL, below 200-MA",,3,https://www.tradingview.com/chart/?symbol=NASDAQ:TTD&interval=D,False,False,False
FTAI,FTAI Aviation Ltd.,NASDAQ,Aerospace & Defense,167.1,183.73,186.1,192.46,201.51,224.78,234.13,235.75,181.12,187.39,173.38,166.42,4.4,5.53,9.25,1450220.2000000016,1344444.933333335,224656748.0,258757698.0,1.12,-0.96,17162354881.797668,-16.24,341,-36.93,413,-33.3,407,-28.82,-3.09,-10.21,1.96,0.75,7.4,0.182,31.13,False,False,False,False,False,False,True,False,False,False,False,True,False,True,False,False,2026-11-03,False,False,5,below 200-MA,,3,https://www.tradingview.com/chart/?symbol=NASDAQ:FTAI&interval=D,False,False,False
HYMC,Hycroft Mining Holding Corporation,NASDAQ,Precious Metals,19.6,21.01,21.66,23.06,22.94,25.77,30.24,30.68,21.12,21.86,20.79,19.55,6.45,8.3,1.63,2416510.7,2149952.699999995,42139073.0,49588301.0,0.96,-5.68,1826360864.6741157,-24.62,420,-15.99,272,-46.15,442,-28.92,-1.75,-9.52,1.25,0.76,3.1,0.206,49.31,False,False,False,False,False,True,True,False,False,True,False,True,False,False,False,False,2026-11-03,False,True,3,"thin RVOL, below 200-MA, large gap",near21,4,https://www.tradingview.com/chart/?symbol=NASDAQ:HYMC&interval=D,False,False,False
QXO,"QXO, Inc.",NYSE,Wholesale Distributors,12.12,11.98,12.43,12.87,13.51,15.05,17.08,18.63,12.24,12.55,12.21,11.82,4.22,4.9,0.59,22862542.3,16651716.933333334,201818809.0,214257642.0,1.07,-2.49,12574387867.086082,-13.92,306,-34.33,406,-38.57,425,-28.94,-2.1,-2.52,0.7,0.66,50.5,0.212,54.89,False,False,False,False,True,True,True,False,False,True,False,True,False,True,False,False,2026-11-17,False,True,4,"below 200-MA, large gap",near21,5,https://www.tradingview.com/chart/?symbol=NYSE:QXO&interval=D,False,False,False
PUMP,ProPetro Holding Corp.,NYSE,Oilfield Services/Equipment,9.3,10.0,10.72,10.94,11.19,13.12,13.53,12.76,10.0,10.49,9.81,9.29,5.82,6.02,0.56,4459020.7,3539537.5,32917699.0,38729619.0,0.82,1.98,1142262414.494265,-16.74,345,-37.46,417,-34.41,411,-29.54,-2.81,-13.21,1.88,0.92,1.8,0.311,37.94,False,False,False,False,False,False,True,False,False,False,False,True,False,False,False,False,2026-11-04,False,False,4,"thin RVOL, below 200-MA",,3,https://www.tradingview.com/chart/?symbol=NYSE:PUMP&interval=D,False,False,False
PLNT,"Planet Fitness, Inc.",NYSE,Other Consumer Services,40.5,45.48,48.13,49.75,51.15,51.41,58.87,69.14,44.48,47.15,42.5,40.25,5.36,5.36,2.17,3530877.0,2295310.6,92960079.0,114193998.0,1.08,-0.71,3059085402.097001,-21.75,400,-21.68,319,-45.29,440,-29.58,-3.89,-15.85,2.63,1.04,11.5,0.33,58.43,False,False,False,False,False,False,False,False,False,False,True,True,False,False,False,False,2026-11-10,False,False,4,"thin RVOL, below 200-MA",,2,https://www.tradingview.com/chart/?symbol=NYSE:PLNT&interval=D,False,False,False
SEDG,"SolarEdge Technologies, Inc.",NASDAQ,Electrical Products,31.53,34.18,34.34,33.33,35.88,46.52,45.27,42.16,33.59,34.16,32.58,31.37,8.52,7.95,2.51,2598446.6,3087189.4,97339082.0,102881616.0,0.46,-0.31,1939906770.1450431,-4.16,188,-47.29,443,-39.33,429,-30.26,-1.52,-8.19,0.97,0.48,6.4,0.178,39.13,False,False,False,False,False,True,True,True,False,True,False,True,False,False,False,False,2026-11-11,False,False,4,"thin RVOL, below 200-MA","near21, ADR",5,https://www.tradingview.com/chart/?symbol=NASDAQ:SEDG&interval=D,False,False,False
QS,QuantumScape Corporation,NASDAQ,Electrical Products,4.56,4.97,5.18,5.4,5.5,6.55,6.64,7.47,4.96,5.18,4.84,4.54,4.94,5.69,0.26,12309203.6,13684108.5,62399535.0,73828046.0,1.4,-1.63,2823157564.6435843,-22.58,407,-38.87,425,-30.17,400,-30.54,-3.0,-11.99,2.09,1.16,7.7,0.201,54.87,False,False,False,False,False,False,False,False,False,False,True,True,False,False,True,False,2026-10-28,False,False,4,"thin RVOL, below 200-MA",RVOL,2,https://www.tradingview.com/chart/?symbol=NASDAQ:QS&interval=D,False,False,False
STUB,"StubHub Holdings, Inc.",NYSE,Internet Software/Services,5.3,5.68,5.94,6.22,7.19,8.79,8.33,9.43,5.64,6.04,5.52,5.25,4.72,6.12,0.32,7765368.9,6711009.0,35568348.0,41755898.0,0.91,-0.74,2025076840.220588,-19.33,374,-58.69,454,-15.2,326,-31.07,-4.3,-10.77,1.99,0.85,15.4,0.241,70.83,False,False,False,False,False,False,True,False,False,False,False,True,False,False,False,False,2026-11-12,False,False,4,"thin RVOL, below 200-MA",,3,https://www.tradingview.com/chart/?symbol=NYSE:STUB&interval=D,False,False,False
KNF,Knife Riv Holding Co.,NYSE,Construction Materials,53.37,54.51,57.27,60.09,65.23,73.01,76.96,76.97,54.85,57.58,54.53,53.2,4.06,4.52,2.41,1302423.7,1001331.6,53441067.0,60165009.0,1.06,-1.37,3029463832.3746796,-20.24,384,-38.2,421,-34.91,413,-31.12,-4.02,-6.82,1.61,0.55,7.0,0.234,42.09,False,False,False,False,False,False,True,True,False,True,False,True,False,False,False,False,2026-11-09,False,False,4,"thin RVOL, below 200-MA",ADR,4,https://www.tradingview.com/chart/?symbol=NYSE:KNF&interval=D,False,False,False
UUUU,Energy Fuels Inc,AMEX,Other Metals/Minerals,11.03,11.7,12.86,13.56,13.23,14.76,16.45,17.2,11.85,12.57,11.22,10.96,4.71,6.19,0.68,7562486.3,6809540.1,75109227.0,92362332.0,0.77,-1.41,2920452460.093392,-30.41,445,-23.24,333,-41.17,434,-31.61,-2.68,-14.22,1.98,0.37,9.5,0.405,49.9,False,False,False,False,False,False,True,True,False,True,False,True,False,False,False,False,2026-10-30,False,False,4,"thin RVOL, below 200-MA",ADR,4,https://www.tradingview.com/chart/?symbol=AMEX:UUUU&interval=D,False,False,False
CHTR,"Charter Communications, Inc.",NASDAQ,Cable/Satellite TV,111.4,123.68,135.35,140.37,141.67,140.39,165.42,176.89,122.44,131.23,114.62,110.35,5.59,5.94,6.61,3432008.0,3144627.6,350311515.0,441423955.0,0.86,-0.15,19507832320.999027,-25.24,424,-22.89,328,-47.74,445,-31.96,-3.6,-17.7,2.55,0.65,15.9,0.424,47.76,False,False,False,False,False,False,True,True,False,True,False,True,False,True,False,False,2026-10-30,False,False,5,below 200-MA,ADR,4,https://www.tradingview.com/chart/?symbol=NASDAQ:CHTR&interval=D,False,False,False
PZZA,"Papa John's International, Inc.",NASDAQ,Restaurants,20.09,20.15,21.19,21.99,24.63,29.16,30.99,32.51,20.35,21.35,20.11,19.45,4.27,4.26,0.86,1632645.6,1393265.2,27990698.0,30635115.0,0.9,-0.51,661396687.8736572,-13.92,307,-43.77,436,-38.36,424,-32.02,-4.33,-5.19,1.38,0.77,74.8,0.227,61.51,False,False,False,False,False,True,True,False,False,True,False,False,False,False,False,False,2026-10-29,False,False,3,"LoD>60% ATR, thin RVOL, below 200-MA",near21,3,https://www.tradingview.com/chart/?symbol=NASDAQ:PZZA&interval=D,False,False,False
EOSE,"Eos Energy Enterprises, Inc.",NASDAQ,Electrical Products,3.07,3.71,3.73,3.67,3.75,5.22,5.55,7.61,3.56,3.69,3.17,3.01,8.69,10.3,0.32,29662167.1,27153672.8,83361775.0,99767119.0,0.88,-0.79,1117994994.6824644,-8.9,245,-48.75,444,-38.66,426,-32.1,-1.76,-17.69,1.62,0.51,19.0,0.413,127.05,False,False,False,False,False,False,True,True,False,True,False,True,False,False,False,False,2026-11-11,False,False,4,"thin RVOL, below 200-MA",ADR,4,https://www.tradingview.com/chart/?symbol=NASDAQ:EOSE&interval=D,False,False,False
CAVA,"CAVA Group, Inc.",NYSE,Restaurants,51.58,51.7,55.48,60.3,62.15,70.12,75.22,72.28,52.95,55.91,52.81,51.01,4.32,4.99,2.58,4350289.4,3146680.7333333334,162305792.0,189731213.0,0.65,-1.11,6024863913.0,-23.01,412,-37.48,418,-37.3,419,-32.6,-3.41,-7.02,1.55,0.7,22.1,0.332,45.59,False,False,False,False,False,False,True,False,False,False,False,True,False,False,False,False,2026-11-10,False,False,4,"thin RVOL, below 200-MA",,3,https://www.tradingview.com/chart/?symbol=NYSE:CAVA&interval=D,False,False,False
XE,"X-Energy, Inc.",NASDAQ,Industrial Machinery,14.43,15.6,16.47,17.22,17.59,20.13,,,15.69,16.39,15.26,14.3,7.73,9.11,1.32,6825563.7,6619222.833333333,95515385.0,114003978.0,0.85,-0.53,5863862557.939655,-20.93,389,-22.67,325,-54.93,451,-32.84,-1.97,-12.39,1.31,0.73,9.9,0.335,31.39,False,False,False,False,False,True,True,False,False,True,False,True,False,False,False,False,2026-12-02,False,False,4,"thin RVOL, below 200-MA",near21,4,https://www.tradingview.com/chart/?symbol=NASDAQ:XE&interval=D,False,False,False
FRMI,Fermi Inc.,NASDAQ,Real Estate Development,4.26,4.78,4.97,5.22,5.72,6.34,6.5,7.19,4.76,5.04,4.53,4.23,6.74,8.56,0.36,18903864.5,16772049.666666666,71448932.0,87516555.0,0.7,-1.55,2728390883.6681414,-21.26,394,-54.49,449,-27.55,390,-34.43,-2.98,-14.22,1.8,0.81,8.2,0.288,56.55,False,False,False,False,False,False,True,False,False,False,False,True,False,False,False,False,2026-11-17,False,False,4,"thin RVOL, below 200-MA",,3,https://www.tradingview.com/chart/?symbol=NASDAQ:FRMI&interval=D,False,False,False
RUN,Sunrun Inc.,NASDAQ,Semiconductors,7.67,8.34,8.53,8.77,9.34,11.45,12.0,13.75,8.27,8.59,7.98,7.66,5.26,6.21,0.48,8223315.7,7466838.633333334,57270652.0,65500353.0,0.78,-1.85,1847296296.1220715,-15.06,317,-45.72,440,-44.42,439,-35.07,-2.88,-10.12,1.72,0.67,2.1,0.178,70.5,False,False,False,False,False,False,True,False,False,False,False,True,False,False,False,False,2026-11-04,False,False,4,"thin RVOL, below 200-MA",,3,https://www.tradingview.com/chart/?symbol=NASDAQ:RUN&interval=D,False,False,False
PL,Planet Labs PBC,NYSE,Packaged Software,16.77,16.76,17.38,18.93,20.28,27.65,28.94,27.34,17.06,17.88,17.5,16.74,5.12,6.32,1.06,10325190.0,10213181.966666667,171275062.0,193304895.0,0.82,-1.49,6101730782.005163,-20.45,385,-45.0,439,-42.17,436,-35.87,-2.74,-3.5,0.98,0.71,2.8,0.269,72.62,False,False,False,False,False,True,True,False,False,True,False,True,False,False,False,False,2026-12-14,False,False,4,"thin RVOL, below 200-MA",near21,4,https://www.tradingview.com/chart/?symbol=NYSE:PL&interval=D,False,False,False
MTZ,"MasTec, Inc.",NYSE,Engineering & Construction,204.09,216.14,226.55,238.89,263.39,323.47,327.58,305.52,217.15,229.07,213.98,203.38,5.19,5.94,12.12,1736620.3,1515509.6,309300354.0,362045645.0,1.04,0.05,16389437082.975899,-18.14,355,-52.5,447,-37.51,421,-36.05,-3.79,-9.91,1.84,0.87,5.9,0.212,54.6,False,False,False,False,False,False,True,False,False,False,False,True,False,True,False,False,2026-10-29,False,False,5,below 200-MA,,3,https://www.tradingview.com/chart/?symbol=NYSE:MTZ&interval=D,False,False,False
HTZ,"Hertz Global Holdings, Inc",NASDAQ,Finance/Rental/Leasing,1.69,1.81,1.99,2.04,2.0,3.13,3.82,4.18,1.82,1.93,1.76,1.68,5.34,7.72,0.13,12049708.6,15442425.233333332,26097699.0,31528285.0,0.71,-0.57,602402896.1091952,-17.08,348,-27.47,360,-63.89,459,-36.14,-2.01,-15.12,1.6,0.61,7.7,0.412,140.2,False,False,False,False,False,False,True,False,False,False,False,True,False,False,False,False,2026-10-22,False,False,4,"thin RVOL, below 200-MA",,3,https://www.tradingview.com/chart/?symbol=NASDAQ:HTZ&interval=D,False,False,False
IONS,"Ionis Pharmaceuticals, Inc.",NASDAQ,Pharmaceuticals: Major,45.57,45.17,51.18,54.45,54.67,64.17,67.77,71.09,46.47,49.92,46.94,44.06,5.03,5.13,2.34,5490648.8,3817773.433333333,173975935.0,207885399.0,0.65,0.13,7573019744.012359,-24.83,423,-43.86,437,-39.8,431,-36.16,-3.24,-10.96,1.7,1.23,64.5,0.499,56.87,False,False,False,False,False,False,False,False,False,False,True,False,False,False,False,False,2026-11-04,False,False,3,"LoD>60% ATR, thin RVOL, below 200-MA",,1,https://www.tradingview.com/chart/?symbol=NASDAQ:IONS&interval=D,False,False,False
TE,T1 Energy Inc.,NYSE,Electrical Products,3.57,4.09,4.33,4.42,4.71,6.46,6.28,6.52,4.05,4.3,3.76,3.57,6.96,9.75,0.35,20176109.7,19965275.033333335,71276032.0,88266481.0,0.97,-0.66,1051281210.7777779,-27.88,437,-60.33,456,-21.02,360,-36.41,-2.48,-17.49,1.74,0.53,0.0,0.326,68.08,False,False,False,False,False,False,True,True,False,True,False,True,False,False,False,False,2026-11-11,False,False,4,"thin RVOL, below 200-MA",ADR,4,https://www.tradingview.com/chart/?symbol=NYSE:TE&interval=D,False,False,False
SOC,Sable Offshore Corp.,NYSE,Integrated Oil,3.57,4.27,4.56,4.58,4.56,7.35,9.62,9.46,4.17,4.41,3.92,3.54,9.56,10.19,0.36,8637040.4,8797369.666666666,31406610.0,40312480.0,1.08,0.52,684974432.435567,-21.54,399,-10.75,237,-77.7,462,-36.66,-2.13,-21.67,1.87,1.06,9.6,0.355,149.92,False,False,False,False,False,False,False,False,False,False,True,True,False,False,False,False,2026-11-12,False,False,4,"thin RVOL, below 200-MA",,2,https://www.tradingview.com/chart/?symbol=NYSE:SOC&interval=D,False,False,False
AGX,"Argan, Inc.",NYSE,Engineering & Construction,355.21,376.16,393.65,427.13,487.61,583.95,569.64,515.49,376.12,403.94,366.21,354.78,4.84,6.12,21.74,451779.7,412236.3333333333,146430468.0,176078368.0,0.61,-1.18,4983540088.8877535,-21.47,397,-54.68,450,-35.32,414,-37.16,-4.44,-9.77,1.97,0.53,2.0,0.219,58.5,False,False,False,False,False,False,True,True,False,True,False,True,False,False,False,False,2026-12-09,False,False,4,"thin RVOL, below 200-MA",ADR,4,https://www.tradingview.com/chart/?symbol=NYSE:AGX&interval=D,False,False,False
INIO,INNIO N.V.,NASDAQ,Electrical Products,18.16,19.47,19.77,21.06,23.29,,,,19.42,20.36,19.15,18.05,7.15,8.42,1.53,7180535.2,4906502.3,89102082.0,103332574.0,0.59,0.16,13620000597.41841,-19.22,371,-52.36,446,-41.42,435,-37.67,-2.62,-8.16,1.28,0.72,7.2,0.226,21.05,False,False,False,False,False,True,True,False,False,True,False,True,False,True,False,False,2026-12-02,False,False,5,below 200-MA,near21,4,https://www.tradingview.com/chart/?symbol=NASDAQ:INIO&interval=D,False,False,False
BRBR,"BellRing Brands, Inc.",NYSE,Beverages: Non-Alcoholic,7.74,8.6,9.27,9.69,10.75,10.54,12.56,15.62,8.51,9.17,8.0,7.59,5.28,6.56,0.51,3742732.0,3159362.7666666666,24453468.0,30622650.0,0.87,-1.52,899993236.687737,-25.65,426,-37.28,415,-51.81,450,-38.24,-4.26,-16.55,2.37,0.81,29.5,0.386,90.64,False,False,False,False,False,False,True,False,False,False,False,True,False,False,False,False,2026-11-23,False,False,4,"thin RVOL, below 200-MA",,3,https://www.tradingview.com/chart/?symbol=NYSE:BRBR&interval=D,False,False,False
XENE,Xenon Pharmaceuticals Inc.,NASDAQ,Pharmaceuticals: Major,36.72,43.65,51.56,54.87,58.69,58.0,56.79,53.21,42.7,48.98,36.85,36.1,5.43,7.16,2.63,3872649.7,1711335.4666666666,62840238.0,93909534.0,0.69,-0.24,3555980501.9252844,-40.11,457,-38.89,426,-37.27,418,-38.76,-5.23,-28.78,3.5,0.28,23.5,0.777,40.96,False,False,False,False,False,False,True,True,False,True,False,True,False,False,False,False,2026-11-11,False,False,4,"thin RVOL, below 200-MA",ADR,4,https://www.tradingview.com/chart/?symbol=NASDAQ:XENE&interval=D,False,False,False
KRMN,Karman Holdings Inc.,NYSE,Aerospace & Defense,33.68,35.15,36.71,42.11,46.44,50.33,62.74,69.5,35.26,38.21,35.05,33.24,7.35,7.91,2.66,5064637.4,3517494.1,118469201.0,148127539.0,0.73,-1.85,4463735068.846175,-27.9,439,-30.12,380,-59.7,454,-39.24,-3.47,-8.26,1.5,0.68,16.7,0.294,102.01,False,False,False,False,False,True,True,True,False,True,False,True,False,False,False,False,2026-11-05,False,False,4,"thin RVOL, below 200-MA","near21, ADR",5,https://www.tradingview.com/chart/?symbol=NYSE:KRMN&interval=D,False,False,False
UTI,Universal Technical Institute Inc,NYSE,Miscellaneous Commercial Services,18.47,20.47,20.78,21.53,26.86,34.07,34.85,33.02,20.3,21.48,20.21,18.46,5.63,7.29,1.35,2225771.4,1860501.5666666667,34363464.0,40054118.0,1.17,-0.44,1017608861.7059114,-15.2,320,-55.08,451,-48.84,448,-39.71,-4.28,-11.1,1.92,1.3,0.7,0.14,77.87,False,False,False,False,False,False,False,False,False,False,True,True,False,False,False,False,2026-11-25,False,False,4,"thin RVOL, below 200-MA",,2,https://www.tradingview.com/chart/?symbol=NYSE:UTI&interval=D,False,False,False
RCAT,"Red Cat Holdings, Inc.",NASDAQ,Packaged Software,6.5,6.93,7.6,8.22,8.39,9.48,10.79,10.98,6.98,7.54,6.67,6.46,6.47,7.45,0.48,11698589.5,8076834.933333334,52499427.0,66363314.0,0.54,-1.05,992643287.6876876,-28.96,441,-39.65,431,-50.68,449,-39.76,-3.02,-14.52,1.85,0.43,8.3,0.395,62.26,False,False,False,False,False,False,True,True,False,True,False,True,False,False,False,False,2026-11-12,False,False,4,"thin RVOL, below 200-MA",ADR,4,https://www.tradingview.com/chart/?symbol=NASDAQ:RCAT&interval=D,False,False,False
YSS,York Space Systems Inc.,NYSE,Aerospace & Defense,9.14,9.11,8.76,9.04,11.21,19.38,22.1,,9.21,9.34,9.62,9.13,7.66,8.81,0.8,4980673.6,3709950.5,33908948.0,33556502.0,0.29,-2.72,1255448469.7304077,-0.44,153,-61.92,457,-59.16,453,-40.5,-2.1,4.34,0.24,0.6,1.2,0.332,145.98,False,False,False,False,False,True,True,True,False,True,False,True,False,False,False,False,2026-12-02,False,True,3,"thin RVOL, below 200-MA, large gap","near21, ADR",5,https://www.tradingview.com/chart/?symbol=NYSE:YSS&interval=D,False,False,False
LCID,"Lucid Group, Inc.",NASDAQ,Motor Vehicles,3.9,4.14,4.31,4.69,5.63,5.72,6.77,7.82,4.16,4.46,4.04,3.87,6.13,8.18,0.32,11718269.299999978,11594660.800000012,45219177.0,54388621.0,0.83,-0.98,1536873807.7886975,-22.92,411,-39.53,430,-59.75,455,-40.74,-3.75,-9.6,1.54,0.53,9.4,0.238,94.24,False,False,False,False,False,False,True,True,False,True,False,True,False,False,False,False,2026-11-10,False,False,4,"thin RVOL, below 200-MA",ADR,4,https://www.tradingview.com/chart/?symbol=NASDAQ:LCID&interval=D,False,False,False
OPEN,Opendoor Technologies Inc,NASDAQ,Real Estate Development,2.43,2.59,2.8,3.02,3.34,4.01,4.35,4.73,2.62,2.82,2.54,2.42,5.48,6.73,0.16,32963672.6,31210638.8,75841852.0,94214515.0,0.9,-1.17,2359751225.4980545,-27.89,438,-46.94,442,-48.63,447,-41.15,-4.06,-13.17,2.07,0.7,3.1,0.343,87.83,False,False,False,False,False,False,True,False,False,False,False,True,False,False,False,False,2026-11-05,False,False,4,"thin RVOL, below 200-MA",,3,https://www.tradingview.com/chart/?symbol=NASDAQ:OPEN&interval=D,False,False,False
FRVO,Fervo Energy Company,NASDAQ,Alternative Power Generation,14.1,15.97,16.53,16.55,19.17,,,,15.86,16.58,15.32,13.82,9.27,11.47,1.62,6843153.5,7098981.266666667,100131131.0,117489323.0,1.91,-0.03,4157634951.796114,-10.16,263,-55.22,452,-60.82,457,-42.07,-2.3,-14.67,1.3,0.92,17.3,0.334,22.65,False,False,False,False,False,True,True,False,False,True,False,True,True,True,True,False,2026-12-02,False,False,5,below 200-MA,"near21, RVOL",4,https://www.tradingview.com/chart/?symbol=NASDAQ:FRVO&interval=D,False,False,False
RARE,Ultragenyx Pharmaceutical Inc.,NASDAQ,Pharmaceuticals: Major,14.41,14.38,16.15,19.42,22.22,24.69,24.01,24.51,14.92,16.8,14.47,14.11,5.56,8.51,1.23,6830533.5,5441668.766666667,78414447.0,105656348.0,0.71,-1.17,1420665686.2655172,-45.7,460,-53.53,448,-31.28,403,-43.51,-4.13,-10.77,1.67,0.29,24.5,1.023,71.55,False,False,False,False,False,False,True,True,False,True,False,True,False,False,False,False,2026-11-04,False,False,4,"thin RVOL, below 200-MA",ADR,4,https://www.tradingview.com/chart/?symbol=NASDAQ:RARE&interval=D,False,False,False
FLNC,"Fluence Energy, Inc.",NASDAQ,Electrical Products,7.5,7.84,9.05,9.85,11.39,15.97,15.48,17.25,8.01,9.0,7.76,7.42,6.23,9.03,0.68,11451487.7,7791909.633333334,58439322.0,76771088.0,0.5,-3.82,1384472762.1019108,-33.45,453,-62.1,458,-47.18,444,-47.58,-3.78,-17.09,1.85,0.49,11.8,0.594,125.53,False,False,False,False,False,False,True,True,False,True,False,True,False,False,False,False,2026-11-30,False,True,3,"thin RVOL, below 200-MA, large gap",ADR,4,https://www.tradingview.com/chart/?symbol=NASDAQ:FLNC&interval=D,False,False,False
CAPR,"Capricor Therapeutics, Inc.",NASDAQ,Pharmaceuticals: Major,8.71,8.82,8.99,8.65,8.83,17.92,22.34,23.16,8.75,8.81,8.84,8.15,6.72,9.75,0.85,2624000.2,6068443.133333334,52856140.0,52503159.0,0.77,-0.84,506390569.14354074,-10.48,267,-63.5,460,-71.4,461,-48.46,-0.14,-3.13,0.12,0.81,65.8,0.231,164.72,False,False,False,False,False,True,True,False,False,True,False,False,False,False,False,False,2026-11-17,False,False,3,"LoD>60% ATR, thin RVOL, below 200-MA",near21,3,https://www.tradingview.com/chart/?symbol=NASDAQ:CAPR&interval=D,False,False,False
BW,"Babcock & Wilcox Enterprises, Inc.",NYSE,Electronic Equipment/Instruments,5.75,6.8,7.05,7.46,8.33,12.1,12.88,11.63,6.66,7.15,6.25,5.72,7.72,10.46,0.6,5108557.0,4780103.466666667,27485595.0,35640451.0,1.07,-1.44,856549077.3923446,-24.34,419,-60.21,455,-61.44,458,-48.66,-2.96,-18.39,1.87,0.88,5.0,0.294,105.86,False,False,False,False,False,False,True,False,False,False,False,True,False,False,False,False,2026-11-11,False,False,4,"thin RVOL, below 200-MA",,3,https://www.tradingview.com/chart/?symbol=NYSE:BW&interval=D,False,False,False
XHLD,"TEN Holdings, Inc.",NASDAQ,Miscellaneous Commercial Services,0.98,9.95,9.9,9.23,6.49,4.0,3.15,2.84,9.43,9.26,12.97,0.81,269.95,223.4,2.18,5852397.6,3808014.2333333334,3724238.0,35159142.0,5.64,-1.08,155107894.0,-88.14,463,-39.25,429,-20.49,355,-49.29,-0.38,-90.12,0.4,5.57,7.7,0.978,727.76,False,False,False,False,False,True,False,False,False,True,True,True,True,True,True,False,2026-11-16,False,False,5,below 200-MA,"near21, RVOL",3,https://www.tradingview.com/chart/?symbol=NASDAQ:XHLD&interval=D,False,False,False
XNDU,Xanadu Quantum Technologies Limited,NASDAQ,Computer Processing Hardware,4.77,6.37,7.92,8.79,9.58,11.42,12.55,12.12,6.22,7.5,4.94,4.7,9.83,12.85,0.61,9286155.3,4118395.0,19644744.0,36200692.0,0.77,-1.51,1451956052.4939756,-53.82,461,-56.36,453,-39.31,428,-49.83,-3.91,-39.75,2.84,0.39,11.4,0.933,129.62,False,False,False,False,False,False,True,True,False,True,False,True,False,False,False,False,2026-12-02,False,False,4,"thin RVOL, below 200-MA",ADR,4,https://www.tradingview.com/chart/?symbol=NASDAQ:XNDU&interval=D,False,False,False
BENF,Beneficient,NASDAQ,Investment Managers,1.42,1.09,1.4,1.69,2.23,2.86,3.12,3.64,1.34,1.49,1.55,1.34,38.88,39.57,0.56,58807324.6,20127210.5,28580639.0,34041352.0,0.05,-3.42,21947127.06849315,-37.03,456,-62.63,459,-59.89,456,-53.18,-0.92,1.32,0.12,0.37,14.2,1.947,179.31,False,False,False,False,True,True,True,True,False,True,False,True,False,False,False,False,2026-11-12,False,True,3,"thin RVOL, below 200-MA, large gap","near21, ADR",6,https://www.tradingview.com/chart/?symbol=NASDAQ:BENF&interval=D,False,False,False
ALHC,"Alignment Healthcare, Inc.",NASDAQ,Managed Health Care,7.93,8.41,10.83,11.67,13.59,16.33,17.34,18.25,8.82,10.34,8.27,7.84,10.67,9.91,0.79,17643327.3,8711207.1,69079872.0,101701891.0,0.5,-1.1,1644960748.6760046,-41.8,459,-66.14,462,-55.42,452,-54.45,-4.2,-26.77,2.35,0.55,12.1,0.918,124.04,False,False,False,False,False,False,True,True,False,True,False,True,False,False,False,False,2026-10-29,False,False,4,"thin RVOL, below 200-MA",ADR,4,https://www.tradingview.com/chart/?symbol=NASDAQ:ALHC&interval=D,False,False,False
ALMS,Alumis Inc.,NASDAQ,Pharmaceuticals: Major,7.16,7.69,9.49,14.24,19.44,21.75,22.9,22.22,8.11,10.9,7.22,6.83,7.94,14.94,1.07,3294143.6,3728564.0,26696518.0,53107180.0,0.65,0.0,955825258.8732395,-68.64,462,-73.72,463,-68.16,460,-70.18,-4.23,-24.51,2.3,0.36,30.8,1.314,212.4,False,False,False,False,False,False,True,True,False,True,False,True,False,False,False,False,2026-11-12,False,False,4,"thin RVOL, below 200-MA",ADR,4,https://www.tradingview.com/chart/?symbol=NASDAQ:ALMS&interval=D,False,False,False
CTNT,Cheetah Net Supply Chain Service Inc.,NASDAQ,Engineering & Construction,3.6,6.17,87.85,136.06,186.37,229.08,10940.65,17467.92,26.04,78.17,4.41,3.5,521.74,475.2,17.11,2511995.320317049,862844.7108259964,3106241.0,117401765.0,0.5,-11.75,945044371.0,-98.4,464,-98.63,464,-99.99,464,-99.01,-0.21,-95.9,0.2,0.05,0.6,4.063,485048.65,False,False,False,False,False,True,True,True,False,True,False,True,False,False,False,False,2026-11-06,False,True,3,"thin RVOL, below 200-MA, large gap","near21, ADR",5,https://www.tradingview.com/chart/?symbol=NASDAQ:CTNT&interval=D,False,False,False
