name,description,exchange,industry,close,SMA10,SMA20,SMA30,SMA50,SMA100,SMA150,SMA200,EMA10,EMA21,high,low,ADRP,ATRP,atr_abs,average_volume_10d_calc,average_volume_30d_calc,dollar_volume_30d,average_dollar_volume_30d,rvol,gap_pct,market_cap_basic,Perf.1M,perf_1m_rank,Perf.3M,perf_3m_rank,Perf.6M,perf_6m_rank,momentum_score,atr_extension_from_50d,sma20_distance_pct,ema21_atr_dist,day_range_atr,lod_atr_pct,bb_width,ma_spread_pct,above_all_mas,ma_aligned,ema_aligned,above_sma200,near_sma20,near_ema,range_tight,adr_tight,bb_tight,plan_tight,wide_day,lod_ok,rvol_ok,rvol_pass,rvol_expand,ma_coiled,earnings_date,earnings_soon,large_gap,hard_rule_passes,hard_rule_fails,tightness_flags,focus_score,tradingview_url,is_top_1m,is_top_3m,is_top_6m
QMCO,Quantum Corporation,NASDAQ,Computer Peripherals,33.47,31.7,27.98,26.52,22.7,17.02,13.5,11.76,31.58,28.81,35.41,33.29,8.78,7.77,2.6,2667557.6,1571377.7666666666,52594014.0,41678962.0,0.54,0.04,1319052736.4178796,36.78,23,238.42,3,462.52,2,245.91,6.1,19.64,2.08,0.82,6.9,0.593,59.57,True,True,True,True,False,False,True,True,False,True,False,True,False,False,False,False,2026-11-13,False,False,4,">4x 50-MA, thin RVOL","EMA, ADR",8,https://www.tradingview.com/chart/?symbol=NASDAQ:QMCO&interval=D,False,True,True
CYPH,Cypherpunk Technologies Inc.,NASDAQ,Financial Conglomerates,3.26,3.41,3.1,2.71,1.95,1.38,1.2,1.12,3.23,2.98,3.4,3.09,15.74,13.66,0.45,17989485.3,16779610.1,54701529.0,45539862.0,0.68,0.0,351311891.5520504,46.85,12,373.7,2,302.97,3,241.17,4.92,5.14,0.69,0.71,38.2,0.741,70.11,False,False,True,True,False,True,True,True,False,True,False,True,False,False,False,False,2026-11-16,False,False,4,">4x 50-MA, thin RVOL","EMA, near21, ADR",7,https://www.tradingview.com/chart/?symbol=NASDAQ:CYPH&interval=D,True,True,True
USDE,StablecoinX Inc.,NASDAQ,Packaged Software,14.33,15.02,11.76,10.37,7.34,7.05,8.72,9.78,14.22,12.28,15.11,13.9,13.07,12.03,1.72,4140945.5,5602669.433333334,80286253.0,58102483.0,0.4,-6.75,389591560.63903743,82.08,5,579.15,1,43.3,122,234.84,7.91,21.85,1.39,0.7,24.9,1.297,55.69,False,False,True,True,False,True,True,True,False,True,False,True,False,False,False,False,,False,True,3,">4x 50-MA, thin RVOL, large gap","EMA, near21, ADR",7,https://www.tradingview.com/chart/?symbol=NASDAQ:USDE&interval=D,True,True,False
MXL,"MaxLinear, Inc",NASDAQ,Semiconductors,109.3,94.93,84.78,77.22,74.21,81.84,66.57,54.52,96.14,87.5,110.32,106.6,6.04,6.16,6.73,3136728.3,2767516.3666666667,302489539.0,213698389.0,0.74,2.76,9912764799.666319,81.52,6,29.2,74,468.97,1,193.23,7.67,28.91,4.04,0.55,40.1,0.607,36.98,True,True,True,True,False,False,True,True,False,True,False,True,False,False,False,False,2026-10-22,False,True,3,">4x 50-MA, thin RVOL, large gap","EMA, ADR",8,https://www.tradingview.com/chart/?symbol=NASDAQ:MXL&interval=D,True,False,True
SDEV,Stablecoin Development Corporation,AMEX,Pharmaceuticals: Major,3.25,2.97,1.95,1.61,1.39,1.31,1.36,6.45,3.25,2.4,4.43,3.04,36.72,35.77,1.16,66918697.8,22776175.1,74022569.0,36637603.0,1.05,-11.68,168191916.37055835,269.32,1,155.91,4,91.18,54,172.13,3.75,66.58,0.99,1.2,18.5,3.345,158.06,False,True,True,False,False,True,False,False,False,True,True,True,False,False,False,False,2026-11-05,False,True,3,"thin RVOL, below 200-MA, large gap","EMA, near21",5,https://www.tradingview.com/chart/?symbol=AMEX:SDEV&interval=D,True,True,False
CDNA,"CareDx, Inc.",NASDAQ,Medical Specialties,63.79,64.0,58.39,55.71,51.46,39.18,32.44,29.23,63.71,59.53,72.51,63.74,5.92,5.42,3.46,1811455.4,1374615.3,87686710.0,76586233.0,1.47,1.49,3300125975.9918404,28.48,34,128.47,6,258.57,4,138.51,4.42,9.25,1.32,2.54,1.4,0.439,54.5,False,False,True,True,False,True,False,False,False,True,True,True,False,False,True,False,2026-11-10,False,False,4,">4x 50-MA, thin RVOL","EMA, near21, RVOL",5,https://www.tradingview.com/chart/?symbol=NASDAQ:CDNA&interval=D,False,True,True
ASST,"Strive, Inc.",NASDAQ,Financial Conglomerates,29.75,29.62,28.98,27.36,21.71,18.0,16.14,15.65,29.56,28.08,30.55,29.69,5.79,6.0,1.78,6699855.1,9733734.566666666,289578603.0,266353913.0,1.09,-0.31,2903515122.050562,18.15,60,145.46,5,200.2,11,121.27,6.17,2.67,0.99,0.48,3.4,0.156,46.96,True,True,True,True,True,True,True,True,False,True,False,True,False,False,False,False,2026-11-13,False,False,4,">4x 50-MA, thin RVOL","EMA, near21, ADR",10,https://www.tradingview.com/chart/?symbol=NASDAQ:ASST&interval=D,False,True,True
GRAL,"GRAIL, Inc.",NASDAQ,Medical Specialties,137.28,133.71,107.14,98.15,87.13,76.66,68.28,74.16,130.98,114.56,166.48,135.8,9.17,7.9,10.84,1743766.4,1246120.3,171067395.0,122310861.0,1.08,3.47,6131780547.638629,71.77,7,107.34,8,169.65,17,116.25,7.29,28.14,2.51,2.83,13.7,1.066,47.66,True,True,True,True,False,False,False,False,False,False,True,True,False,False,False,False,2026-11-18,False,True,3,">4x 50-MA, thin RVOL, large gap",EMA,6,https://www.tradingview.com/chart/?symbol=NASDAQ:GRAL&interval=D,True,True,True
TEAM,Atlassian Corporation,NASDAQ,Packaged Software,193.98,187.76,187.82,186.52,167.77,128.56,110.27,112.7,189.03,185.57,199.08,190.96,4.31,4.73,9.17,2614431.5,3372365.2666666666,654171414.0,629025373.0,0.72,1.12,49103866827.91182,2.25,143,125.56,7,212.52,8,113.44,3.3,3.28,0.96,0.89,32.9,0.14,39.98,True,True,True,True,False,True,True,False,False,True,False,True,False,True,False,False,2026-11-05,False,False,6,,"EMA, near21",8,https://www.tradingview.com/chart/?symbol=NASDAQ:TEAM&interval=D,False,True,True
P,"Everpure, Inc.",NYSE,Computer Peripherals,147.2,131.31,116.17,110.19,104.89,90.41,82.52,79.39,132.25,121.29,149.04,144.5,4.3,4.25,6.25,5233936.7,6428688.433333334,946302937.0,708398607.0,0.66,1.47,49051054985.37669,50.2,10,91.17,11,135.67,24,92.35,9.5,26.71,5.03,0.73,43.2,0.601,35.27,True,True,True,True,False,False,True,True,False,True,False,True,False,True,False,False,2026-12-02,False,False,5,>4x 50-MA,"EMA, ADR",8,https://www.tradingview.com/chart/?symbol=NYSE:P&interval=D,True,True,False
HPE,Hewlett Packard Enterprise Company,NYSE,Computer Processing Hardware,70.48,64.96,61.92,59.04,56.59,50.75,42.32,37.36,65.48,62.3,71.22,68.56,4.61,5.12,3.61,19013815.2,24604518.66666669,1734126476.0,1452576969.0,0.88,2.06,93559714419.08017,30.88,31,62.73,27,182.48,15,92.03,4.8,13.83,2.57,0.74,53.2,0.27,39.16,True,True,True,True,False,False,True,False,False,False,False,True,False,True,False,False,2026-12-03,False,True,4,">4x 50-MA, large gap",EMA,7,https://www.tradingview.com/chart/?symbol=NYSE:HPE&interval=D,False,False,True
SDGR,"Schrodinger, Inc.",NASDAQ,Packaged Software,28.9,30.07,27.29,24.91,21.93,18.47,16.37,16.09,29.73,27.52,33.78,28.56,9.15,7.49,2.16,3243253.3,2401377.7333333334,69399816.0,59830326.0,1.77,1.18,2161882511.082822,40.43,18,80.85,16,151.74,19,91.01,4.24,5.89,0.67,2.41,15.7,0.653,48.35,False,False,False,True,False,True,False,False,False,True,True,True,True,True,True,False,2026-11-11,False,False,5,>4x 50-MA,"near21, RVOL",4,https://www.tradingview.com/chart/?symbol=NASDAQ:SDGR&interval=D,True,True,True
OKTA,"Okta, Inc.",NASDAQ,Packaged Software,218.67,208.44,196.01,184.52,167.97,145.58,122.6,113.43,208.02,196.09,226.44,216.68,4.39,4.32,9.44,3607659.9,4361616.4,953754658.0,804798916.0,0.81,1.87,38228053374.95213,29.87,32,49.47,40,188.56,13,89.3,6.99,11.56,2.67,1.03,21.1,0.305,43.45,True,True,True,True,False,False,False,False,False,False,True,True,False,True,False,False,2026-12-08,False,False,5,>4x 50-MA,EMA,6,https://www.tradingview.com/chart/?symbol=NASDAQ:OKTA&interval=D,False,False,True
FCEL,"FuelCell Energy, Inc.",NASDAQ,Electronic Equipment/Instruments,20.65,17.33,16.95,17.02,18.47,20.25,16.53,14.43,17.83,17.52,21.06,18.31,5.74,7.59,1.57,5654378.3999999985,6506959.199999996,134368707.0,110733263.0,2.56,2.38,1651054059.7260654,42.22,15,-2.5,189,222.91,7,87.54,1.55,21.83,2.35,1.75,149.2,0.306,28.18,True,True,True,True,False,False,False,False,False,False,True,False,True,True,True,False,2026-12-17,False,True,4,"LoD>60% ATR, large gap","EMA, RVOL",5,https://www.tradingview.com/chart/?symbol=NASDAQ:FCEL&interval=D,True,False,True
DELL,Dell Technologies Inc.,NYSE,Computer Processing Hardware,574.0,550.03,551.56,527.42,494.19,440.5,355.86,297.47,553.42,540.84,587.19,560.96,4.12,4.98,28.56,6424602.199999998,9269111.066666666,5320469752.0,4888723828.0,0.79,1.72,364956509158.1706,11.72,86,35.74,62,207.0,10,84.82,3.25,4.07,1.23,0.92,45.7,0.133,44.27,True,True,True,True,False,True,True,False,False,True,False,True,False,True,False,False,2026-12-01,False,False,6,,"EMA, near21",8,https://www.tradingview.com/chart/?symbol=NYSE:DELL&interval=D,False,False,True
BAND,Bandwidth Inc.,NASDAQ,Packaged Software,60.09,61.56,56.72,53.67,51.43,56.91,45.97,38.01,60.41,57.53,65.58,59.73,7.21,7.33,4.41,856360.1,885436.3,53205867.0,47517382.0,0.65,1.94,1933743467.6608028,27.34,39,-9.39,236,234.2,6,84.05,2.3,5.95,0.61,1.33,8.2,0.384,39.18,False,False,False,True,False,True,False,False,False,True,True,True,False,False,False,False,2026-10-29,False,False,5,thin RVOL,near21,4,https://www.tradingview.com/chart/?symbol=NASDAQ:BAND&interval=D,False,False,True
ALAB,"Astera Labs, Inc.",NASDAQ,Semiconductors,389.8,360.96,328.28,315.51,312.22,331.72,272.54,243.42,356.44,338.36,401.74,371.82,5.47,5.89,22.97,3778238.1,3841737.5,1497509278.0,1212101476.0,1.77,3.8,67624494189.662766,36.29,24,2.39,166,209.64,9,82.77,4.22,18.74,2.58,1.3,78.2,0.498,30.15,True,True,True,True,False,False,False,False,False,False,True,False,True,True,True,False,2026-11-10,False,True,3,"LoD>60% ATR, >4x 50-MA, large gap","EMA, RVOL",5,https://www.tradingview.com/chart/?symbol=NASDAQ:ALAB&interval=D,False,False,True
LIFE,Ethos Technologies Inc.,NASDAQ,Packaged Software,35.05,34.3,36.26,36.95,34.05,26.27,22.64,,34.88,35.32,36.6,34.52,7.89,7.53,2.64,1690552.7,1617481.1,56692713.0,59771318.0,0.61,-0.61,2234746207.749792,-7.18,233,84.47,14,170.45,16,82.58,0.39,-3.33,0.1,0.79,20.1,0.262,38.84,False,False,False,False,False,True,True,False,False,True,False,True,False,False,False,False,2026-12-02,False,False,4,"thin RVOL, below 200-MA",near21,4,https://www.tradingview.com/chart/?symbol=NASDAQ:LIFE&interval=D,False,True,True
APPS,"Digital Turbine, Inc.",NASDAQ,Packaged Software,10.49,11.19,11.32,11.13,11.2,10.03,7.85,7.08,11.15,11.2,11.53,10.3,8.34,8.15,0.85,3387585.0,2925266.8666666667,30686049.0,32569921.0,1.01,-0.09,1269460473.2613738,-2.42,188,4.69,153,242.81,5,81.69,-0.78,-7.33,0.78,1.44,22.0,0.158,40.37,False,False,False,True,False,True,False,False,False,True,True,True,False,False,False,False,2026-11-11,False,False,5,thin RVOL,near21,4,https://www.tradingview.com/chart/?symbol=NASDAQ:APPS&interval=D,False,False,True
PLSE,"Pulse Biosciences, Inc",NASDAQ,Medical Specialties,49.75,50.65,51.83,51.39,47.64,37.23,31.83,28.09,50.47,50.56,51.26,48.62,6.17,6.8,3.38,520243.9,615959.4,30643980.0,31652716.0,0.82,1.5,3616950862.5742574,-7.32,237,79.28,18,165.76,18,79.24,0.65,-4.01,0.24,0.78,33.4,0.145,47.72,False,False,False,True,False,True,True,False,False,True,False,True,False,False,False,False,2026-11-16,False,False,5,thin RVOL,near21,5,https://www.tradingview.com/chart/?symbol=NASDAQ:PLSE&interval=D,False,True,True
SMTC,Semtech Corporation,NASDAQ,Semiconductors,197.2,183.09,175.08,162.95,148.81,148.42,130.33,118.15,184.95,174.27,200.1,192.57,4.93,5.55,10.94,2918551.8,3605655.4,711035245.0,587538543.0,0.72,1.79,18403812943.45693,42.17,16,57.39,29,126.64,27,75.4,5.86,12.64,2.37,0.69,42.3,0.299,32.93,True,True,True,True,False,False,True,False,False,False,False,True,False,True,False,False,2026-12-02,False,False,5,>4x 50-MA,EMA,7,https://www.tradingview.com/chart/?symbol=NASDAQ:SMTC&interval=D,True,False,False
CORT,Corcept Therapeutics Incorporated,NASDAQ,Pharmaceuticals: Major,119.57,116.5,114.96,114.97,114.1,97.0,78.65,70.31,116.92,115.57,122.54,115.11,4.99,4.53,5.42,925851.5,1464091.3333333333,175061401.0,168321700.0,0.85,0.14,12925325116.752684,8.12,104,28.9,75,186.53,14,74.52,1.06,4.01,0.76,1.37,82.3,0.1,38.63,True,True,True,True,False,True,False,False,True,True,True,False,False,True,False,False,2026-11-04,False,False,5,LoD>60% ATR,"EMA, near21, BB",7,https://www.tradingview.com/chart/?symbol=NASDAQ:CORT&interval=D,False,False,True
NTSK,"Netskope, Inc.",NASDAQ,Packaged Software,19.64,18.1,17.44,16.4,15.53,13.35,12.2,12.79,18.1,17.34,20.39,18.78,4.56,5.17,1.02,5912830.2,6954902.166666667,136594279.0,114076624.0,1.91,2.23,8024662924.864278,38.8,20,66.72,21,112.78,36,72.77,5.12,12.65,2.57,1.58,84.7,0.295,30.08,True,True,True,True,False,False,False,False,False,False,True,False,True,True,True,False,2026-12-11,False,True,3,"LoD>60% ATR, >4x 50-MA, large gap","EMA, RVOL",5,https://www.tradingview.com/chart/?symbol=NASDAQ:NTSK&interval=D,True,False,False
PENG,"Penguin Solutions, Inc.",NASDAQ,Semiconductors,64.21,56.99,54.02,52.69,53.64,57.97,46.99,40.16,57.9,55.59,64.58,56.6,4.81,5.71,3.66,3173022.5,1995019.7666666666,128100219.0,105108281.0,8.75,1.47,3290293631.620655,28.39,35,-5.36,209,192.66,12,71.9,3.45,18.86,2.72,2.18,207.7,0.332,27.75,True,True,True,True,False,False,False,False,False,False,True,False,True,True,True,False,2027-01-05,False,False,5,LoD>60% ATR,"EMA, RVOL",5,https://www.tradingview.com/chart/?symbol=NASDAQ:PENG&interval=D,False,False,True
COHU,"Cohu, Inc.",NASDAQ,Semiconductors,73.1,68.6,62.17,57.69,55.56,55.82,49.65,44.31,68.58,63.66,74.83,72.3,4.11,4.84,3.54,955424.9,996148.5,72818455.0,57465981.0,1.23,1.5,3460439559.287942,55.04,9,45.73,44,112.25,37,71.01,6.53,17.58,3.07,0.72,22.6,0.489,33.22,True,True,True,True,False,False,True,False,False,False,False,True,False,False,True,False,2026-10-29,False,False,4,">4x 50-MA, thin RVOL","EMA, RVOL",7,https://www.tradingview.com/chart/?symbol=NASDAQ:COHU&interval=D,True,False,False
AMC,"AMC Entertainment Holdings, Inc.",NYSE,Movies/Entertainment,2.95,2.94,2.78,2.73,2.67,2.32,1.99,1.85,2.88,2.81,2.96,2.8,7.33,6.87,0.2,29215682.300000034,27498965.06666667,81121947.0,74962179.0,0.6,1.79,2633183576.344086,12.17,82,75.6,20,121.8,30,69.86,1.51,6.08,0.72,0.79,74.1,0.332,36.68,True,True,True,True,False,True,True,True,False,True,False,False,False,False,False,False,2026-11-11,False,False,4,"LoD>60% ATR, thin RVOL","EMA, near21, ADR",8,https://www.tradingview.com/chart/?symbol=NYSE:AMC&interval=D,False,True,False
MRVL,"Marvell Technology, Inc.",NASDAQ,Semiconductors,287.01,265.98,251.64,242.09,230.22,234.8,197.89,168.88,266.48,254.54,301.27,267.26,4.23,5.02,14.42,18461553.1,20880009.366666667,5992771488.0,5054858868.0,3.34,0.0,251679076006.7473,35.6,26,27.47,78,141.28,22,68.12,4.91,14.05,2.54,2.36,137.0,0.293,33.83,True,True,True,True,False,False,False,False,False,False,True,False,True,True,True,False,2026-11-26,False,False,4,"LoD>60% ATR, >4x 50-MA","EMA, RVOL",5,https://www.tradingview.com/chart/?symbol=NASDAQ:MRVL&interval=D,False,False,False
RNG,"RingCentral, Inc.",NYSE,Packaged Software,77.26,77.34,75.15,73.51,69.02,54.86,49.78,44.67,76.98,74.96,80.16,76.29,4.33,4.31,3.33,1539899.7,1536550.3,118713876.0,112958471.0,0.7,0.33,6451686006.0328865,2.53,140,93.01,10,108.3,40,67.95,2.77,2.81,0.71,1.16,29.1,0.185,42.28,False,False,True,True,True,True,False,False,False,True,True,True,False,False,False,False,2026-11-09,False,False,5,thin RVOL,"EMA, near21",6,https://www.tradingview.com/chart/?symbol=NYSE:RNG&interval=D,False,True,False
CVI,CVR Energy Inc.,NYSE,Oil Refining/Marketing,57.42,53.05,52.17,48.82,43.24,37.43,35.49,32.6,53.85,51.15,58.56,55.64,4.79,4.79,2.75,1009100.0,1132465.4333333333,65026165.0,55291492.0,0.86,-1.33,5772466998.553215,33.88,28,94.25,9,75.06,65,67.73,6.84,10.06,2.56,1.06,64.5,0.194,35.62,True,True,True,True,False,False,False,False,False,False,True,False,False,False,False,False,2026-11-02,False,False,3,"LoD>60% ATR, >4x 50-MA, thin RVOL",EMA,5,https://www.tradingview.com/chart/?symbol=NYSE:CVI&interval=D,False,True,False
PURR,Hyperliquid Strategies Inc,NASDAQ,Financial Conglomerates,12.5,12.65,12.5,12.32,10.33,9.26,8.09,7.06,12.51,12.24,12.96,12.34,7.11,8.14,1.02,17915731.7,24623576.733333334,307794709.0,303465064.0,0.53,-0.7,3478390904.6052628,0.93,156,58.43,28,137.64,23,65.67,2.58,-0.02,0.26,0.61,15.7,0.307,44.68,False,False,False,True,True,True,True,True,False,True,False,True,False,False,False,False,2026-12-02,False,False,5,thin RVOL,"near21, ADR",7,https://www.tradingview.com/chart/?symbol=NASDAQ:PURR&interval=D,False,False,False
ILMN,"Illumina, Inc.",NASDAQ,Medical Specialties,273.54,272.28,248.3,238.14,222.56,196.7,173.93,164.23,269.04,253.58,309.35,271.55,5.55,5.11,13.99,3235437.9,3546295.0666666673,970053553.0,844507615.0,1.43,2.69,41304540343.683,26.21,40,43.73,48,117.04,33,62.33,4.48,10.16,1.54,2.7,14.2,0.444,39.5,True,True,True,True,False,False,False,False,False,False,True,True,False,True,True,False,2026-10-29,False,True,4,">4x 50-MA, large gap","EMA, RVOL",6,https://www.tradingview.com/chart/?symbol=NASDAQ:ILMN&interval=D,False,False,False
XMTR,"Xometry, Inc.",NASDAQ,Information Technology Services,110.66,103.83,97.89,95.93,92.82,91.94,77.24,72.89,103.92,99.93,112.94,108.35,5.02,4.77,5.28,888172.5,771585.6333333333,85383666.0,74021682.0,1.11,1.98,6343426495.603714,17.17,63,19.04,100,149.57,21,61.93,4.03,13.05,2.25,0.87,43.7,0.328,27.96,True,True,True,True,False,False,True,False,False,False,False,True,False,False,False,False,2026-11-05,False,False,4,">4x 50-MA, thin RVOL",EMA,7,https://www.tradingview.com/chart/?symbol=NASDAQ:XMTR&interval=D,False,False,False
HTFL,"Heartflow, Inc.",NASDAQ,Packaged Software,50.69,49.58,49.24,49.23,43.14,36.14,33.16,32.09,49.97,48.88,54.32,49.51,4.98,5.14,2.61,1752060.1,1951858.7666666666,98939721.0,96082200.0,1.82,3.43,4407679352.950393,1.91,147,85.61,13,87.81,57,58.44,3.4,2.94,0.72,1.84,45.3,0.119,34.51,True,True,True,True,True,True,False,False,False,True,True,True,True,True,True,False,2026-11-18,False,True,5,large gap,"EMA, near21, RVOL",8,https://www.tradingview.com/chart/?symbol=NASDAQ:HTFL&interval=D,False,True,False
TWLO,Twilio Inc.,NYSE,Packaged Software,280.41,291.36,267.64,255.82,241.09,221.51,195.04,177.63,286.04,271.85,308.4,278.0,6.12,5.53,15.51,6665916.2,3539646.1,992552163.0,905528784.0,0.61,0.41,43064029599.16411,17.07,64,34.57,65,118.22,32,56.62,2.95,4.77,0.57,1.96,15.5,0.408,40.56,False,False,False,True,False,True,False,False,False,True,True,True,False,True,False,False,2026-10-29,False,False,6,,near21,4,https://www.tradingview.com/chart/?symbol=NYSE:TWLO&interval=D,False,False,False
PBF,PBF Energy Inc.,NYSE,Oil Refining/Marketing,82.88,77.28,76.2,75.0,72.53,59.8,54.39,48.82,78.98,76.57,83.53,80.75,5.49,5.55,4.6,3169867.4,3583933.7333333334,297036428.0,268797419.0,0.57,-1.85,9824334200.874525,11.25,88,65.66,23,92.12,53,56.34,2.57,8.77,1.49,0.6,46.3,0.206,34.34,True,True,True,True,False,True,True,True,False,True,False,True,False,False,False,False,2026-10-29,False,False,5,thin RVOL,"EMA, near21, ADR",9,https://www.tradingview.com/chart/?symbol=NYSE:PBF&interval=D,False,False,False
FIVN,"Five9, Inc.",NASDAQ,Packaged Software,33.29,35.06,34.17,33.9,32.74,27.76,24.16,22.72,34.53,34.22,35.21,33.11,6.45,5.9,1.96,2250951.6,2182788.2,72665019.0,73996884.0,0.91,-0.03,2487546357.1891184,-0.6,174,37.73,59,131.66,26,56.26,0.28,-2.56,0.46,1.07,9.2,0.268,37.05,False,False,False,True,True,True,False,False,False,True,True,True,False,False,False,False,2026-11-09,False,False,5,thin RVOL,near21,5,https://www.tradingview.com/chart/?symbol=NASDAQ:FIVN&interval=D,False,False,False
ZETA,Zeta Global Holdings Corp.,NYSE,Packaged Software,32.95,30.92,30.76,30.66,28.96,24.71,22.18,21.42,31.56,30.81,33.69,32.6,4.46,4.48,1.48,6224169.5,6614643.266666667,217952496.0,202802758.0,1.1,-0.12,8270898186.140511,0.92,157,55.06,33,111.62,39,55.87,3.07,7.13,1.55,0.74,23.7,0.154,28.84,True,True,True,True,False,False,True,True,False,True,False,True,False,False,False,False,2026-11-10,False,False,5,thin RVOL,"EMA, ADR",8,https://www.tradingview.com/chart/?symbol=NYSE:ZETA&interval=D,False,False,False
U,Unity Software Inc.,NYSE,Packaged Software,44.95,42.54,42.61,42.62,41.96,35.31,31.2,31.93,43.19,42.7,45.88,44.44,4.79,4.63,2.08,12547002.4,9901127.533333333,445055683.0,421982755.0,0.72,0.44,19781997456.243435,8.42,103,55.59,31,103.58,43,55.86,1.54,5.5,1.14,0.69,24.3,0.143,25.39,True,True,True,True,False,True,True,True,False,True,False,True,False,True,False,False,2026-11-11,False,False,6,,"EMA, near21, ADR",9,https://www.tradingview.com/chart/?symbol=NYSE:U&interval=D,False,False,False
SMCI,"Super Micro Computer, Inc.",NASDAQ,Computer Processing Hardware,43.46,42.23,40.51,39.68,37.05,34.87,32.51,32.13,42.14,40.75,44.74,43.02,4.57,5.01,2.18,33269937.2,36345538.0,1579577081.0,1442021335.0,0.83,1.56,28551715074.485767,13.89,77,66.26,22,85.81,60,55.32,3.45,7.29,1.33,0.79,20.2,0.228,23.25,True,True,True,True,False,True,True,False,False,True,False,True,False,True,False,False,2026-11-03,False,False,6,,"EMA, near21",8,https://www.tradingview.com/chart/?symbol=NASDAQ:SMCI&interval=D,False,False,False
S,"SentinelOne, Inc.",NYSE,Packaged Software,25.8,24.12,23.14,22.31,21.81,19.47,17.7,16.79,24.34,23.37,26.34,25.33,4.04,4.19,1.08,8415556.1,9351004.7,241255921.0,208661436.0,1.12,-0.04,8979667745.851357,29.06,33,43.33,49,92.97,51,55.12,4.37,11.49,2.48,0.93,43.5,0.297,28.4,True,True,True,True,False,False,True,False,False,False,False,True,False,False,False,False,2026-12-08,False,False,4,">4x 50-MA, thin RVOL",EMA,7,https://www.tradingview.com/chart/?symbol=NYSE:S&interval=D,False,False,False
BB,BlackBerry Limited,NYSE,Packaged Software,9.58,8.9,8.41,8.25,8.36,8.86,7.34,6.43,8.96,8.64,9.72,9.22,5.76,5.21,0.5,25707016.8,15898271.333333341,152305439.0,131160739.0,0.82,1.54,5623768547.8129835,24.9,44,-12.11,252,150.79,20,54.53,2.79,13.88,2.09,1.0,72.2,0.293,25.84,True,True,True,True,False,False,False,False,False,False,True,False,False,False,False,False,2026-12-17,False,False,4,"LoD>60% ATR, thin RVOL",EMA,5,https://www.tradingview.com/chart/?symbol=NYSE:BB&interval=D,False,False,True
AZTA,"Azenta, Inc.",NASDAQ,Medical/Nursing Services,39.35,36.1,34.27,33.6,33.07,28.29,26.35,28.24,36.88,35.13,46.41,39.33,5.35,5.59,2.2,1418315.4,1032261.7666666667,40619501.0,34684684.0,1.99,2.4,1723860340.1649897,28.34,36,55.35,32,77.65,64,53.78,3.4,14.82,2.15,3.22,0.9,0.343,24.78,True,True,True,True,False,False,False,False,False,False,True,True,True,True,True,False,2026-11-17,False,True,5,large gap,"EMA, RVOL",6,https://www.tradingview.com/chart/?symbol=NASDAQ:AZTA&interval=D,False,False,False
DINO,HF Sinclair Corporation,NYSE,Oil Refining/Marketing,114.6,109.37,109.95,107.23,100.38,87.31,78.73,71.79,111.13,108.62,116.09,113.34,4.29,3.97,4.55,2475310.0,2635936.2333333334,302078292.0,282663743.0,0.62,-1.41,20374028737.555984,9.0,101,51.77,39,97.38,49,52.72,3.57,4.23,1.39,0.6,27.7,0.137,33.3,True,True,True,True,False,True,True,True,False,True,False,True,False,True,False,False,2026-10-28,False,False,6,,"EMA, near21, ADR",9,https://www.tradingview.com/chart/?symbol=NYSE:DINO&interval=D,False,False,False
SECZ,Securitize Corp.,NYSE,Packaged Software,12.7,14.5,12.0,10.28,8.84,9.82,10.28,10.6,13.25,12.08,13.31,11.9,13.85,11.21,1.42,5274990.9,3945097.6666666665,50102740.0,40568754.0,0.81,1.71,2073474178.3333333,84.06,4,56.79,30,16.84,188,52.56,3.89,5.82,0.46,0.99,56.2,1.038,44.56,False,False,False,True,False,True,True,False,False,True,False,True,False,False,False,False,2026-11-13,False,False,5,thin RVOL,near21,5,https://www.tradingview.com/chart/?symbol=NYSE:SECZ&interval=D,True,False,False
ATRC,"AtriCure, Inc.",NASDAQ,Medical Specialties,53.68,57.05,56.73,54.56,49.86,40.0,36.27,36.48,56.04,55.3,56.58,53.43,4.9,4.62,2.48,1279822.2,1390069.1333333333,74618911.0,75843330.0,0.67,-0.71,2730502656.415824,3.17,136,64.46,25,87.86,56,51.83,1.66,-5.38,0.63,1.27,10.1,0.161,38.72,False,False,False,True,False,True,False,False,False,True,True,True,False,False,False,False,2026-11-04,False,False,5,thin RVOL,near21,4,https://www.tradingview.com/chart/?symbol=NASDAQ:ATRC&interval=D,False,False,False
OUST,"Ouster, Inc.",NASDAQ,Semiconductors,44.91,42.0,38.77,37.7,39.31,40.53,34.78,31.65,41.91,40.17,46.09,44.41,5.62,5.9,2.65,2618854.3,2211033.966666667,99297535.0,83352295.0,1.12,1.22,3238564895.4288306,25.59,42,5.08,151,123.54,28,51.4,2.41,15.84,2.0,0.63,18.9,0.394,23.05,True,True,True,True,False,False,True,True,False,True,False,True,False,False,False,False,2026-11-05,False,False,5,thin RVOL,"EMA, ADR",8,https://www.tradingview.com/chart/?symbol=NASDAQ:OUST&interval=D,False,False,False
VICR,Vicor Corporation,NASDAQ,Electronic Components,299.29,292.83,248.6,228.71,223.36,256.6,240.91,218.51,286.64,261.35,309.53,297.01,5.61,5.94,17.77,902284.4,847616.3333333334,253683092.0,193855789.0,0.53,0.75,13799283517.16086,64.48,8,20.18,95,66.83,80,50.5,5.73,20.39,2.44,0.7,12.8,0.786,24.83,True,True,True,True,False,False,True,True,False,True,False,True,False,True,False,False,2026-10-27,False,False,5,>4x 50-MA,"EMA, ADR",8,https://www.tradingview.com/chart/?symbol=NASDAQ:VICR&interval=D,True,False,False
GPRO,"GoPro, Inc.",NASDAQ,Electronics/Appliances,1.32,1.32,1.33,1.24,1.01,0.93,0.96,1.02,1.32,1.27,1.38,1.31,5.68,8.44,0.11,10150183.4,65733024.63333333,86767593.0,81665614.0,0.73,0.0,247028407.6764706,-10.81,264,88.57,12,72.91,71,50.22,3.59,-0.45,0.45,0.63,9.0,0.123,29.82,False,False,False,True,True,True,True,False,False,True,False,True,False,False,False,False,2026-11-05,False,False,5,thin RVOL,near21,6,https://www.tradingview.com/chart/?symbol=NASDAQ:GPRO&interval=D,False,True,False
BFLY,"Butterfly Network, Inc.",NYSE,Medical Specialties,8.7,9.08,8.45,8.32,8.46,7.35,6.36,5.73,8.89,8.67,10.21,8.54,8.6,8.23,0.72,5648589.3,5377178.666666667,46781454.0,44761428.0,1.38,1.39,2360181119.424307,19.51,56,18.85,102,112.2,38,50.18,0.35,2.92,0.05,2.33,22.3,0.403,38.51,False,False,False,True,True,True,False,False,False,True,True,True,False,False,True,False,2026-10-29,False,False,5,thin RVOL,"near21, RVOL",5,https://www.tradingview.com/chart/?symbol=NYSE:BFLY&interval=D,False,False,False
NBIS,Nebius Group N.V.,NASDAQ,Packaged Software,249.87,237.01,230.12,225.23,220.99,223.76,194.39,169.37,236.77,231.59,255.1,237.0,6.08,6.56,16.4,14804645.0,14827302.4,3704898051.0,3339536021.0,1.51,2.0,67928468460.16989,18.88,57,29.69,73,99.9,47,49.49,1.99,8.58,1.2,1.1,78.5,0.196,27.07,True,True,True,True,False,True,False,False,False,True,True,False,True,True,True,False,2026-10-22,False,False,5,LoD>60% ATR,"EMA, near21, RVOL",6,https://www.tradingview.com/chart/?symbol=NASDAQ:NBIS&interval=D,False,False,False
ETON,"Eton Pharmaceuticals, Inc.",NASDAQ,Pharmaceuticals: Major,54.77,56.04,56.4,57.89,55.12,44.9,37.93,32.5,55.57,56.15,56.15,54.11,6.43,6.25,3.42,756330.2,571368.8,31293869.0,33076064.0,0.65,0.95,1565498307.1995687,-8.52,250,47.51,43,107.7,41,48.9,-0.1,-2.89,0.39,0.6,19.3,0.151,43.64,False,False,False,True,True,True,True,True,False,True,False,True,False,False,False,False,2026-11-05,False,False,5,thin RVOL,"near21, ADR",7,https://www.tradingview.com/chart/?symbol=NASDAQ:ETON&interval=D,False,False,False
AXTI,AXT Inc,NASDAQ,Electronic Production Equipment,84.06,79.55,73.42,69.59,69.74,76.34,73.82,61.06,80.11,75.54,88.36,83.91,7.17,8.01,6.73,7133403.3,8141695.666666667,684390938.0,566572460.0,0.84,1.29,5512084405.467113,45.71,13,43.03,50,56.25,98,48.33,2.56,14.49,1.41,0.66,2.2,0.466,22.0,True,True,True,True,False,True,True,True,False,True,False,True,False,False,False,False,2026-10-29,False,False,5,thin RVOL,"EMA, near21, ADR",9,https://www.tradingview.com/chart/?symbol=NASDAQ:AXTI&interval=D,True,False,False
VLO,Valero Energy Corporation,NYSE,Oil Refining/Marketing,419.22,396.41,395.42,383.57,359.71,312.95,288.21,262.86,402.4,391.38,422.99,413.43,4.14,3.7,15.52,3309478.699999976,3445853.9666666705,1444570900.0,1321718166.0,0.49,-0.73,120704945797.44534,13.76,78,54.12,36,74.61,67,47.5,4.47,6.02,1.92,0.62,37.3,0.134,31.86,True,True,True,True,False,False,True,True,False,True,False,True,False,True,False,False,2026-10-22,False,False,5,>4x 50-MA,"EMA, ADR",8,https://www.tradingview.com/chart/?symbol=NYSE:VLO&interval=D,False,False,False
SBET,"Sharplink, Inc.",NASDAQ,Advertising/Marketing Services,9.5,9.56,9.24,9.0,8.03,6.87,6.99,7.39,9.46,9.17,9.84,9.4,5.57,5.99,0.57,6402896.4,8429241.133333359,80077791.0,75832263.0,0.67,-0.1,2063624254.4838374,10.47,92,79.92,17,49.37,111,46.59,3.06,2.82,0.61,0.76,16.7,0.267,28.41,False,False,True,True,True,True,True,False,False,True,False,True,False,False,False,False,2026-11-12,False,False,5,thin RVOL,"EMA, near21",7,https://www.tradingview.com/chart/?symbol=NASDAQ:SBET&interval=D,False,True,False
BE,Bloom Energy Corporation,NYSE,Electronic Production Equipment,295.78,281.08,274.83,258.79,240.34,254.09,234.23,209.51,282.13,271.19,300.8,285.64,6.24,6.68,19.76,14244642.8,15710603.933333334,4646882431.0,4065726244.0,0.88,3.0,87115295879.17194,24.9,45,12.64,120,101.38,46,46.3,3.45,7.62,1.36,0.77,51.3,0.162,24.2,True,True,True,True,False,True,True,False,False,True,False,True,False,True,False,False,2026-10-29,False,True,5,large gap,"EMA, near21",8,https://www.tradingview.com/chart/?symbol=NYSE:BE&interval=D,False,False,False
TENB,"Tenable Holdings, Inc.",NASDAQ,Packaged Software,39.47,36.24,35.57,35.45,35.4,33.22,28.68,27.04,36.82,36.08,39.76,38.55,4.53,5.1,2.01,2978255.1,5083359.166666667,200614770.0,180183902.0,1.16,1.43,4346674284.260192,16.35,67,0.34,175,122.21,29,46.3,2.25,10.96,1.84,0.6,45.5,0.234,23.3,True,True,True,True,False,False,True,True,False,True,False,True,False,False,False,False,2026-11-04,False,False,5,thin RVOL,"EMA, ADR",8,https://www.tradingview.com/chart/?symbol=NASDAQ:TENB&interval=D,False,False,False
ZS,"Zscaler, Inc.",NASDAQ,Packaged Software,212.25,202.87,195.61,189.05,181.58,162.39,155.81,166.2,201.54,195.87,215.51,205.02,4.19,4.56,9.67,2928225.0,3459044.7333333334,734182245.0,653924336.0,1.52,4.26,34608361183.58028,27.75,37,44.96,45,59.47,93,44.06,3.71,8.51,1.84,1.08,74.8,0.301,22.17,True,True,True,True,False,False,False,False,False,False,True,False,True,True,True,False,2026-12-01,False,True,4,"LoD>60% ATR, large gap","EMA, RVOL",5,https://www.tradingview.com/chart/?symbol=NASDAQ:ZS&interval=D,False,False,False
MGNI,"Magnite, Inc.",NASDAQ,Packaged Software,24.84,24.64,24.48,24.25,23.62,20.36,17.84,16.95,24.78,24.48,25.2,24.62,4.23,4.18,1.04,2111768.2999999993,2248291.6999999974,55847566.0,54527069.0,0.71,0.6,3562656098.9711533,1.64,149,23.63,87,105.29,42,43.52,1.24,1.49,0.35,0.56,21.2,0.123,30.94,True,True,True,True,True,True,True,True,False,True,False,True,False,False,False,False,2026-11-04,False,False,5,thin RVOL,"EMA, near21, ADR",10,https://www.tradingview.com/chart/?symbol=NASDAQ:MGNI&interval=D,False,False,False
OSCR,"Oscar Health, Inc.",NYSE,Managed Health Care,32.34,30.49,31.33,31.23,30.93,29.16,24.57,22.1,31.12,31.08,32.84,32.02,4.78,4.95,1.6,4689431.7,5146344.133333334,166432769.0,160727189.0,0.97,0.34,8843986770.70512,0.47,160,4.69,152,121.66,31,42.27,0.92,3.22,0.82,0.51,20.0,0.165,28.56,True,True,True,True,False,True,True,True,False,True,False,True,False,False,False,False,2026-11-10,False,False,5,thin RVOL,"EMA, near21, ADR",9,https://www.tradingview.com/chart/?symbol=NYSE:OSCR&interval=D,False,False,False
CRDO,Credo Technology Group Holding Ltd,NASDAQ,Information Technology Services,220.83,204.27,185.99,191.55,208.3,220.12,193.4,178.16,204.62,198.76,226.6,209.61,5.62,6.56,14.5,8265646.9,8722807.6,1926257602.0,1670818905.0,0.86,0.24,41505421560.72629,36.23,25,-8.79,231,99.34,48,42.26,0.92,18.73,1.69,1.17,77.4,0.472,19.0,True,True,True,True,False,False,False,False,False,False,True,False,False,True,False,False,2026-12-02,False,False,5,LoD>60% ATR,EMA,5,https://www.tradingview.com/chart/?symbol=NASDAQ:CRDO&interval=D,False,False,False
NET,"Cloudflare, Inc.",NYSE,Information Technology Services,355.01,352.83,340.23,322.87,311.46,277.4,254.03,236.83,349.9,338.22,370.35,354.25,4.67,4.54,16.13,2820440.8,3078640.7,1092948235.0,994014064.0,0.9,1.45,126411855979.76459,25.78,41,32.52,69,68.25,77,42.18,3.08,4.34,1.09,1.0,4.7,0.195,32.67,True,True,True,True,False,True,True,False,False,True,False,True,False,True,False,False,2026-10-29,False,False,6,,"EMA, near21",8,https://www.tradingview.com/chart/?symbol=NYSE:NET&interval=D,False,False,False
FROG,JFrog Ltd.,NASDAQ,Packaged Software,98.51,94.14,92.68,92.91,90.44,86.54,73.43,68.74,95.08,93.5,100.38,97.32,4.71,5.01,4.93,1445663.7,1804647.7333333334,177775848.0,167668016.0,0.7,1.08,12146412646.44809,9.76,96,3.77,161,112.99,35,42.18,1.78,6.28,1.07,0.62,24.1,0.148,25.78,True,True,True,True,False,True,True,True,False,True,False,True,False,True,False,False,2026-11-04,False,False,6,,"EMA, near21, ADR",9,https://www.tradingview.com/chart/?symbol=NASDAQ:FROG&interval=D,False,False,False
MSTR,Strategy Inc,NASDAQ,Internet Software/Services,164.55,159.68,150.19,144.12,126.38,122.68,131.98,136.0,158.62,150.54,168.73,163.18,5.01,5.38,8.85,18950243.9,24068641.0,3960494877.0,3468804632.0,0.89,0.85,63224304896.17679,19.8,55,75.65,19,28.73,147,41.39,5.61,9.56,1.73,0.63,15.5,0.391,22.49,True,True,True,True,False,False,True,True,False,True,False,True,False,True,False,False,2026-11-04,False,False,5,>4x 50-MA,"EMA, ADR",8,https://www.tradingview.com/chart/?symbol=NASDAQ:MSTR&interval=D,False,True,False
SITM,SiTime Corporation,NASDAQ,Semiconductors,711.06,668.39,632.71,615.85,617.23,643.12,583.81,532.37,673.64,647.3,731.49,702.6,4.45,5.26,37.44,373605.1,415816.23333333334,295670291.0,256081883.0,0.62,1.5,21382309759.143486,21.05,51,21.54,91,80.06,63,40.88,2.89,12.38,1.87,0.77,22.6,0.305,19.13,True,True,True,True,False,False,True,False,False,False,False,True,False,True,False,False,2026-11-04,False,False,6,,EMA,7,https://www.tradingview.com/chart/?symbol=NASDAQ:SITM&interval=D,False,False,False
DK,"Delek US Holdings, Inc.",NYSE,Oil Refining/Marketing,75.67,71.42,73.98,73.32,70.06,60.34,54.66,48.88,73.3,72.79,76.48,73.36,5.14,5.28,4.0,2601636.9,2473247.2666666666,187150621.0,181338490.0,0.54,-1.19,4633438694.29297,5.83,118,41.36,51,74.92,66,40.7,1.51,2.28,0.75,0.78,57.8,0.209,33.17,True,True,True,True,True,True,True,False,False,True,False,True,False,False,False,False,2026-11-11,False,False,5,thin RVOL,"EMA, near21",9,https://www.tradingview.com/chart/?symbol=NYSE:DK&interval=D,False,False,False
AYA,Aya Gold & Silver Inc.,NASDAQ,Precious Metals,27.51,27.37,27.84,28.0,26.7,22.9,20.85,19.89,27.42,27.53,27.84,26.54,4.24,5.23,1.44,1037557.9,1285747.2,35370905.0,36000064.0,0.95,0.63,3962435194.766537,-4.45,202,52.58,38,73.13,70,40.42,0.58,-1.17,0.01,0.9,67.4,0.151,28.89,False,False,False,True,True,True,True,False,False,True,False,False,False,False,False,False,2026-11-17,False,False,4,"LoD>60% ATR, thin RVOL",near21,5,https://www.tradingview.com/chart/?symbol=NASDAQ:AYA&interval=D,False,False,False
LITE,Lumentum Holdings Inc.,NASDAQ,Electrical Products,1133.4,1003.0,959.99,941.23,894.03,870.95,849.35,753.37,1026.41,976.49,1137.2,1084.04,5.18,5.68,64.38,4486532.0,4457934.066666666,5052622471.0,4195955398.0,0.95,0.75,101665980633.31776,31.58,30,64.52,24,24.28,168,40.13,4.71,18.06,2.83,0.83,76.7,0.315,22.03,True,True,True,True,False,False,True,False,False,False,False,False,False,True,False,False,2026-11-05,False,False,4,"LoD>60% ATR, >4x 50-MA",EMA,6,https://www.tradingview.com/chart/?symbol=NASDAQ:LITE&interval=D,False,False,False
SG,"Sweetgreen, Inc.",NYSE,Restaurants,9.14,8.61,7.83,7.49,6.94,7.57,7.06,6.92,8.6,8.03,9.34,9.04,4.67,4.92,0.45,5657818.0,5108774.7,46694201.0,38264723.0,0.89,-0.11,1088037650.9240925,37.44,22,21.7,90,59.79,92,39.65,6.43,16.76,2.81,0.67,22.2,0.447,18.47,True,True,True,True,False,False,True,True,False,True,False,True,False,False,False,False,2026-11-05,False,False,4,">4x 50-MA, thin RVOL","EMA, ADR",8,https://www.tradingview.com/chart/?symbol=NYSE:SG&interval=D,False,False,False
INTC,Intel Corporation,NASDAQ,Semiconductors,112.5,119.32,113.06,105.96,101.77,108.23,94.43,81.96,116.49,112.62,118.2,112.0,4.98,5.34,6.01,98081512.6,101686633.53333333,11439746272.0,10774952958.0,1.03,0.75,594686877730.4415,21.69,49,3.88,157,92.64,52,39.4,1.97,-0.49,0.02,1.03,8.3,0.331,33.21,False,False,False,True,True,True,False,False,False,True,True,True,False,True,False,False,2026-10-22,False,False,6,,near21,5,https://www.tradingview.com/chart/?symbol=NASDAQ:INTC&interval=D,False,False,False
CLMT,"Calumet, Inc",NASDAQ,Oil Refining/Marketing,56.21,54.13,55.75,53.94,50.47,43.41,39.54,35.45,54.93,54.31,56.94,55.33,4.31,4.22,2.37,1583820.7,1441279.8,81014338.0,77741191.0,0.51,-0.5,4940759485.326432,5.3,121,49.14,41,62.04,87,38.82,2.69,0.83,0.83,0.68,37.1,0.144,36.11,True,True,True,True,True,True,True,True,False,True,False,True,False,False,False,False,2026-11-06,False,False,5,thin RVOL,"EMA, near21, ADR",10,https://www.tradingview.com/chart/?symbol=NASDAQ:CLMT&interval=D,False,False,False
CBRL,"Cracker Barrel Old Country Store, Inc.",NASDAQ,Restaurants,56.32,53.01,49.91,51.72,53.93,48.86,42.3,39.36,53.21,52.14,57.2,55.5,4.59,4.59,2.58,1227196.1,1043247.6666666666,58755709.0,53955031.0,0.51,1.3,1258888870.0,4.39,127,14.85,112,96.31,50,38.51,0.97,12.84,1.75,0.66,31.7,0.329,25.87,True,True,True,True,False,False,True,True,False,True,False,True,False,False,False,False,2026-11-27,False,False,5,thin RVOL,"EMA, ADR",8,https://www.tradingview.com/chart/?symbol=NASDAQ:CBRL&interval=D,False,False,False
CRL,"Charles River Laboratories International, Inc.",NYSE,Miscellaneous Commercial Services,304.96,294.29,285.79,287.38,279.36,238.64,215.77,211.09,295.14,289.53,333.3,300.01,4.06,3.95,12.05,1088339.2,971941.6,296403310.0,279315929.0,1.9,2.91,14558446051.418608,5.78,119,34.92,63,74.26,69,38.32,2.32,6.71,1.35,2.76,41.1,0.152,27.28,True,True,True,True,False,True,False,False,False,True,True,True,True,True,True,False,2026-11-11,False,True,5,large gap,"EMA, near21, RVOL",7,https://www.tradingview.com/chart/?symbol=NYSE:CRL&interval=D,False,False,False
NEO,"NeoGenomics, Inc.",NASDAQ,Medical/Nursing Services,16.5,18.55,18.62,18.28,17.38,14.73,12.6,12.39,18.32,18.3,20.15,16.47,6.42,6.41,1.06,2627646.2,2195187.6,36231571.0,40132786.0,2.03,4.55,2120486934.2739153,-4.04,199,15.95,109,101.53,45,37.81,-0.78,-11.37,1.53,3.48,3.3,0.188,37.78,False,False,False,True,False,False,False,False,False,False,True,True,True,True,True,False,2026-11-10,False,True,5,large gap,RVOL,3,https://www.tradingview.com/chart/?symbol=NASDAQ:NEO&interval=D,False,False,False
SNDK,Sandisk Corporation,NASDAQ,Computer Peripherals,1660.46,1740.28,1707.78,1659.86,1552.66,1639.94,1390.01,1160.6,1719.15,1695.24,1716.5,1650.0,5.24,5.74,95.37,7241875.6,9637035.633333333,16001912188.0,15996099449.0,0.83,-0.24,243122908156.27435,4.69,124,4.31,156,103.22,44,37.41,1.21,-2.77,0.36,0.7,11.0,0.222,34.91,False,False,False,True,True,True,True,False,False,True,False,True,False,True,False,False,2026-10-29,False,False,6,,near21,6,https://www.tradingview.com/chart/?symbol=NASDAQ:SNDK&interval=D,False,False,False
APPN,Appian Corporation,NASDAQ,Packaged Software,37.25,36.71,36.75,37.8,35.93,29.62,27.52,28.02,36.98,36.92,38.9,36.86,4.99,5.43,2.02,712876.5,887219.2,33048915.0,33536886.0,1.08,1.15,2668153951.7534676,-7.06,230,54.12,37,63.23,85,36.76,0.67,1.35,0.16,1.01,19.3,0.156,24.8,True,True,True,True,True,True,False,False,False,True,True,True,False,False,False,False,2026-10-29,False,False,5,thin RVOL,"EMA, near21",8,https://www.tradingview.com/chart/?symbol=NASDAQ:APPN&interval=D,False,False,False
BMNR,"BitMine Immersion Technologies, Inc.",NYSE,Financial Conglomerates,26.2,26.9,26.08,25.62,22.91,19.75,20.27,21.63,26.55,25.88,27.14,25.82,5.28,6.04,1.58,31453849.0,41025007.43333333,1074855195.0,1051115390.0,0.92,-0.15,15804531680.0,3.41,133,82.64,15,23.64,170,36.57,2.38,0.47,0.21,0.84,24.0,0.247,27.3,False,False,False,True,True,True,True,False,False,True,False,True,False,True,False,False,2026-11-20,False,False,6,,near21,6,https://www.tradingview.com/chart/?symbol=NYSE:BMNR&interval=D,False,True,False
AMBQ,"Ambiq Micro, Inc.",NYSE,Semiconductors,63.24,67.56,65.69,63.18,63.11,71.49,58.55,51.7,66.48,65.59,67.96,62.9,6.21,6.34,4.01,455922.6,546110.2,34536009.0,34504153.0,1.22,3.03,1529430013.354369,9.66,97,-16.83,277,116.21,34,36.34,0.03,-3.73,0.56,1.26,8.5,0.225,31.31,False,False,False,True,False,True,False,False,False,True,True,True,False,False,True,False,2026-11-05,False,True,4,"thin RVOL, large gap","near21, RVOL",4,https://www.tradingview.com/chart/?symbol=NYSE:AMBQ&interval=D,False,False,False
AMLX,"Amylyx Pharmaceuticals, Inc.",NASDAQ,Pharmaceuticals: Major,28.04,29.02,30.87,32.26,29.69,22.78,20.32,18.67,29.13,30.19,28.5,27.0,4.87,5.5,1.54,1253214.7,1562391.1,43809446.0,50406643.0,1.01,0.68,3519385903.8315334,-16.0,313,54.49,35,69.32,73,35.94,-1.01,-9.17,1.29,0.97,67.4,0.264,43.5,False,False,False,True,False,True,True,False,False,True,False,False,False,False,False,False,2026-11-05,False,False,4,"LoD>60% ATR, thin RVOL",near21,4,https://www.tradingview.com/chart/?symbol=NASDAQ:AMLX&interval=D,False,False,False
HPQ,HP Inc.,NYSE,Information Technology Services,31.73,31.54,32.53,31.99,30.8,27.44,24.83,23.7,31.81,31.81,32.67,31.44,4.02,4.21,1.34,12266639.099999994,16337386.733333435,518385281.0,522714689.0,0.78,-0.06,28613828301.950752,-0.69,176,38.68,57,68.51,76,35.5,0.72,-2.46,0.06,0.92,21.3,0.158,27.83,False,False,False,True,True,True,True,False,False,True,False,True,False,True,False,False,2026-12-01,False,False,6,,near21,6,https://www.tradingview.com/chart/?symbol=NYSE:HPQ&interval=D,False,False,False
AEHR,Aehr Test Systems,NASDAQ,Electronic Production Equipment,92.14,100.34,95.91,92.19,97.04,94.85,84.55,70.39,99.18,97.24,107.93,91.74,8.45,9.68,8.92,2326306.9,2620747.933333333,241475715.0,241603258.0,2.01,3.09,3009250603.389655,18.1,61,40.94,52,47.45,113,35.5,-0.52,-3.93,0.54,1.82,4.5,0.284,32.51,False,False,False,True,False,True,False,False,False,True,True,True,True,True,True,False,2026-10-06,False,True,5,large gap,"near21, RVOL",4,https://www.tradingview.com/chart/?symbol=NASDAQ:AEHR&interval=D,False,False,False
MAN,ManpowerGroup,NYSE,Personnel Services,51.87,55.75,56.58,58.18,57.63,46.93,40.9,38.31,55.24,56.39,54.75,51.54,4.56,4.72,2.45,986532.7,831691.2,43139823.0,48385576.0,1.07,0.57,2412243921.6420665,-14.66,302,31.78,70,88.41,55,35.18,-2.12,-8.32,1.7,1.31,13.5,0.109,37.26,False,False,False,True,False,False,False,False,False,False,True,True,False,False,False,False,2026-10-15,False,False,5,thin RVOL,,3,https://www.tradingview.com/chart/?symbol=NYSE:MAN&interval=D,False,False,False
GLND,Greenland Energy Company,NASDAQ,Financial Conglomerates,3.0,4.3,2.9,2.39,2.15,2.36,3.95,5.57,3.73,3.18,3.53,2.95,30.06,23.59,0.71,41255812.4,23811180.2,71433541.0,56992060.0,0.12,-6.2,131190583.82749328,127.27,2,40.85,53,-63.86,390,34.75,1.68,3.39,0.24,0.82,7.1,2.194,113.89,False,False,False,False,False,True,True,True,False,True,False,True,False,False,False,False,2026-12-02,False,True,3,"thin RVOL, below 200-MA, large gap","near21, ADR",5,https://www.tradingview.com/chart/?symbol=NASDAQ:GLND&interval=D,True,False,False
NUAI,"New Era Energy & Digital, Inc.",NASDAQ,Engineering & Construction,5.86,6.6,6.36,5.96,5.61,5.33,5.08,5.03,6.35,6.24,6.14,5.78,10.03,9.93,0.58,7657327.2,7553578.4,44263969.0,45052059.0,0.54,0.83,624437715.9338843,12.69,81,34.71,64,56.27,97,34.56,0.46,-7.8,0.61,0.62,14.6,0.385,26.79,False,False,False,True,False,True,True,True,False,True,False,True,False,False,False,False,2026-12-02,False,False,5,thin RVOL,"near21, ADR",6,https://www.tradingview.com/chart/?symbol=NASDAQ:NUAI&interval=D,False,False,False
SWKS,"Skyworks Solutions, Inc.",NASDAQ,Semiconductors,82.79,86.46,86.36,80.65,75.09,72.09,67.72,65.97,85.2,83.58,85.74,80.03,5.25,5.47,4.53,8194792.8,8196529.566666666,678590683.0,661080163.0,1.67,1.81,12457641860.9248,16.46,66,39.67,56,47.18,114,34.44,1.87,-4.13,0.17,1.26,60.9,0.177,24.75,False,False,False,True,False,True,False,False,False,True,True,False,True,True,True,False,2026-10-29,False,False,5,LoD>60% ATR,"near21, RVOL",3,https://www.tradingview.com/chart/?symbol=NASDAQ:SWKS&interval=D,False,False,False
SEI,"Solaris Energy Infrastructure, Inc.",NYSE,Oilfield Services/Equipment,79.7,71.79,68.91,63.7,60.77,65.95,65.14,61.67,72.46,68.63,80.28,75.8,4.34,5.12,4.08,2286788.1,2580281.3,205648420.0,164354458.0,1.41,1.4,6389209506.78796,48.97,11,21.46,92,30.96,140,33.8,6.09,15.66,3.15,1.1,95.6,0.252,13.83,True,True,True,True,False,False,False,False,False,False,True,False,False,False,True,False,2026-11-02,False,False,3,"LoD>60% ATR, >4x 50-MA, thin RVOL","EMA, RVOL",5,https://www.tradingview.com/chart/?symbol=NYSE:SEI&interval=D,True,False,False
GH,"Guardant Health, Inc.",NASDAQ,Medical Specialties,170.69,177.39,174.25,170.69,166.63,152.22,131.15,124.73,176.83,174.09,191.05,170.05,4.83,5.05,8.61,1888853.7,1854633.9333333333,316567466.0,316571175.0,1.91,0.42,22905943893.16376,6.68,111,7.16,144,85.88,59,33.24,0.48,-2.04,0.39,2.44,7.4,0.167,30.85,False,False,False,True,True,True,False,False,False,True,True,True,True,True,True,False,2026-10-29,False,False,6,,"near21, RVOL",5,https://www.tradingview.com/chart/?symbol=NASDAQ:GH&interval=D,False,False,False
SLS,"SELLAS Life Sciences Group, Inc.",NASDAQ,Pharmaceuticals: Major,11.34,11.66,11.83,12.5,12.33,11.29,9.19,7.87,11.67,11.95,11.67,11.11,6.36,7.58,0.86,4721049.0,6496696.066666666,73672533.0,81232522.0,0.81,0.0,2290064364.7583833,-16.06,314,-20.7,308,134.78,25,32.67,-1.06,-4.15,0.68,0.65,26.6,0.229,39.26,False,False,False,True,False,True,True,False,False,True,False,True,False,False,False,False,2026-11-18,False,False,5,thin RVOL,near21,5,https://www.tradingview.com/chart/?symbol=NASDAQ:SLS&interval=D,False,False,False
AMRX,"Amneal Pharmaceuticals, Inc.",NASDAQ,Pharmaceuticals: Major,20.3,20.08,19.02,18.58,18.41,16.97,15.55,15.09,19.95,19.33,20.6,20.0,4.38,3.67,0.74,3235951.8,2630459.1,53385167.0,48884452.0,1.15,0.88,6481287772.491893,15.51,72,19.88,96,61.07,89,32.15,2.79,6.68,1.35,0.81,39.6,0.282,24.58,True,True,True,True,False,True,True,True,False,True,False,True,False,False,False,False,2026-10-29,False,False,5,thin RVOL,"EMA, near21, ADR",9,https://www.tradingview.com/chart/?symbol=NASDAQ:AMRX&interval=D,False,False,False
FORM,"FormFactor, Inc.",NASDAQ,Semiconductors,141.3,139.34,125.97,118.34,117.01,121.39,120.03,109.44,138.76,129.75,148.41,140.88,4.47,5.17,7.31,2728195.2,1679095.7333333334,237256227.0,198703909.0,0.81,0.22,11038459211.348063,41.81,17,33.3,68,19.34,181,31.48,4.01,12.17,1.72,1.03,5.7,0.493,21.16,True,True,True,True,False,False,False,False,False,False,True,True,False,True,False,False,2026-11-04,False,False,5,>4x 50-MA,EMA,6,https://www.tradingview.com/chart/?symbol=NASDAQ:FORM&interval=D,True,False,False
GCT,GigaCloud Technology Inc,NASDAQ,Wholesale Distributors,54.76,53.15,52.81,52.21,50.78,42.9,43.24,42.35,53.37,52.61,55.8,54.0,4.42,4.42,2.42,567901.5,615059.4,33680653.0,32112559.0,0.97,0.0,1955492592.7266743,9.17,100,63.76,26,20.59,178,31.17,1.78,3.69,0.93,0.74,31.4,0.08,19.72,True,True,True,True,False,True,True,True,True,True,False,True,False,False,False,False,2026-11-26,False,False,5,thin RVOL,"EMA, near21, ADR, BB",10,https://www.tradingview.com/chart/?symbol=NASDAQ:GCT&interval=D,False,False,False
SAIL,"SailPoint, Inc.",NASDAQ,Packaged Software,19.91,20.7,20.07,19.73,19.08,17.13,15.64,16.06,20.37,20.08,21.23,19.86,5.7,5.87,1.17,5560975.7,5178773.033333333,103109371.0,102166834.0,1.13,1.48,11366850889.189257,4.24,129,25.3,84,63.06,86,30.87,0.74,-0.79,0.15,1.17,3.8,0.242,25.4,False,False,False,True,True,True,False,False,False,True,True,True,False,True,False,False,2026-12-15,False,False,6,,near21,5,https://www.tradingview.com/chart/?symbol=NASDAQ:SAIL&interval=D,False,False,False
SANM,Sanmina Corporation,NASDAQ,Electronic Production Equipment,228.07,223.04,213.01,207.28,202.7,219.38,200.64,189.29,221.38,214.94,229.41,224.21,4.09,4.4,10.04,642148.9,613391.1666666666,139896123.0,127145357.0,0.77,1.28,12223948829.427713,15.77,70,12.72,119,64.04,82,30.84,2.84,7.07,1.39,0.52,38.4,0.224,14.8,True,True,True,True,False,True,True,True,False,True,False,True,False,True,False,False,2026-11-09,False,False,6,,"EMA, near21, ADR",9,https://www.tradingview.com/chart/?symbol=NASDAQ:SANM&interval=D,False,False,False
VSXY,Victorias Secret & Co.,NYSE,Apparel/Footwear Retail,85.09,87.08,81.87,82.51,85.48,79.44,69.25,66.77,86.57,84.68,89.58,84.84,4.29,4.76,4.05,1498900.0,1998619.2,170062508.0,164902739.0,1.41,-1.21,6787122278.373001,15.56,71,9.17,138,66.88,79,30.54,-0.1,3.93,0.1,1.17,6.2,0.298,23.87,False,False,False,True,False,True,False,False,False,True,True,True,False,False,True,False,2026-12-02,False,False,5,thin RVOL,"near21, RVOL",4,https://www.tradingview.com/chart/?symbol=NYSE:VSXY&interval=D,False,False,False
MANE,"Veradermics, Incorporated",NYSE,Pharmaceuticals: Major,108.96,116.39,110.75,107.15,107.53,107.33,96.07,,114.71,112.0,119.29,108.77,6.12,5.8,6.32,628979.6,700669.5666666667,76344956.0,75075576.0,0.96,0.35,4552363735.595524,10.15,94,-6.51,216,87.41,58,30.35,0.23,-1.62,0.47,1.66,3.0,0.269,18.65,False,False,False,False,True,True,False,False,False,True,True,True,False,False,False,False,2026-12-02,False,False,4,"thin RVOL, below 200-MA",near21,4,https://www.tradingview.com/chart/?symbol=NYSE:MANE&interval=D,False,False,False
NAT,Nordic American Tankers Limited,NYSE,Marine Shipping,8.22,7.98,7.87,7.55,7.16,6.46,6.19,5.69,8.07,7.82,8.46,8.13,4.19,4.08,0.34,4977746.4,5030367.533333333,41349621.0,37991012.0,1.25,0.84,1740590370.0071688,15.77,69,38.38,58,36.54,133,30.23,3.61,4.5,1.27,0.97,26.8,0.17,27.87,True,True,True,True,False,True,True,False,False,True,False,True,False,False,True,False,2026-12-02,False,False,5,thin RVOL,"EMA, near21, RVOL",8,https://www.tradingview.com/chart/?symbol=NYSE:NAT&interval=D,False,False,False
ERO,Ero Copper Corp.,NYSE,Other Metals/Minerals,37.93,37.27,35.97,36.42,34.85,31.09,29.91,30.19,37.13,36.43,38.53,36.94,4.15,4.96,1.88,1250470.4,1396680.1333333333,52976077.0,50861969.0,0.91,-0.03,3956199085.2538757,9.25,98,55.01,34,25.53,159,29.93,1.78,5.45,0.83,0.85,52.6,0.214,19.41,True,True,True,True,False,True,True,False,False,True,False,True,False,False,False,False,2026-11-02,False,False,5,thin RVOL,"EMA, near21",8,https://www.tradingview.com/chart/?symbol=NYSE:ERO&interval=D,False,False,False
ASAN,"Asana, Inc.",NYSE,Packaged Software,9.29,8.89,9.08,9.28,9.17,8.18,7.63,8.35,8.98,9.07,9.47,9.14,6.41,6.45,0.6,6357648.9,7642289.0,70996865.0,70910252.0,0.47,1.09,2127132496.3161924,6.29,114,26.91,80,56.4,96,29.87,0.21,2.35,0.38,0.56,25.9,0.222,16.57,True,True,False,True,True,True,True,True,False,True,False,True,False,False,False,False,2026-12-08,False,False,5,thin RVOL,"near21, ADR",9,https://www.tradingview.com/chart/?symbol=NYSE:ASAN&interval=D,False,False,False
TEM,"Tempus AI, Inc.",NASDAQ,Packaged Software,71.98,80.21,74.78,71.61,63.97,57.56,55.06,56.56,78.04,74.97,87.99,71.34,8.75,8.37,6.02,7849835.7,7202697.233333333,518450147.0,515787550.0,2.44,1.69,12987694855.305328,11.15,89,22.69,89,53.12,102,28.98,1.5,-3.74,0.48,2.76,10.6,0.453,34.94,False,False,False,True,False,True,False,False,False,True,True,True,True,True,True,False,2026-11-10,False,False,6,,"near21, RVOL",4,https://www.tradingview.com/chart/?symbol=NASDAQ:TEM&interval=D,False,False,False
INOD,Innodata Inc.,NASDAQ,Data Processing Services,66.24,68.77,62.94,60.66,61.43,73.26,64.39,61.55,66.97,64.6,70.41,66.0,8.26,7.04,4.67,1836979.2,1394890.1333333333,92397522.0,84614733.0,0.51,1.78,2277506928.3798714,20.41,53,-2.89,193,69.02,75,28.85,1.11,5.24,0.36,0.95,5.1,0.442,17.86,False,False,False,True,False,True,True,False,False,True,False,True,False,False,False,False,2026-11-05,False,False,5,thin RVOL,near21,5,https://www.tradingview.com/chart/?symbol=NASDAQ:INOD&interval=D,False,False,False
PARR,"Par Pacific Holdings, Inc. Common Stock",NYSE,Oil Refining/Marketing,86.91,81.37,82.36,81.27,79.93,70.62,67.22,60.1,83.4,82.02,88.84,85.0,4.97,5.13,4.46,886916.0000000015,925074.6000000003,80398233.0,75185438.0,0.7,-1.73,4354158541.816042,7.64,106,35.97,61,41.04,126,28.22,1.7,5.52,1.16,0.86,42.8,0.166,25.62,True,True,True,True,False,True,True,False,False,True,False,True,False,False,False,False,2026-11-09,False,False,5,thin RVOL,"EMA, near21",8,https://www.tradingview.com/chart/?symbol=NYSE:PARR&interval=D,False,False,False
INSP,"Inspire Medical Systems, Inc.",NYSE,Medical Specialties,68.2,70.06,71.32,68.22,63.98,54.6,54.46,60.84,70.21,69.31,71.86,67.99,5.48,5.18,3.53,852009.0,813687.4,55493481.0,55506771.0,0.99,0.68,1971687615.2452297,11.8,85,40.18,55,28.68,148,26.89,1.27,-4.38,0.31,1.1,5.9,0.15,24.72,False,False,False,True,False,True,False,False,False,True,True,True,False,False,False,False,2026-11-02,False,False,5,thin RVOL,near21,4,https://www.tradingview.com/chart/?symbol=NYSE:INSP&interval=D,False,False,False
RGEN,Repligen Corporation,NASDAQ,Pharmaceuticals: Major,174.86,186.9,180.11,178.4,171.69,151.16,140.67,143.75,183.63,180.98,194.36,174.36,5.03,5.05,8.83,1420095.7,1101925.3,192682658.0,196587147.0,1.25,1.27,9868332400.625225,4.54,125,27.01,79,47.67,112,26.41,0.37,-2.91,0.67,2.26,5.7,0.215,26.44,False,False,False,True,True,True,False,False,False,True,True,True,False,False,True,False,2026-11-03,False,False,5,thin RVOL,"near21, RVOL",5,https://www.tradingview.com/chart/?symbol=NASDAQ:RGEN&interval=D,False,False,False
VIAV,Viavi Solutions Inc.,NASDAQ,Information Technology Services,48.14,42.59,39.3,38.34,38.65,42.71,41.9,37.09,43.44,40.89,48.19,46.82,4.74,5.08,2.45,6494022.799999999,5155156.166666659,248169218.0,197662435.0,0.72,1.39,11838690776.549564,40.15,19,20.59,93,14.99,191,25.24,4.83,22.5,3.49,0.56,53.8,0.455,11.69,True,True,True,True,False,False,True,True,False,True,False,True,False,True,False,False,2026-10-29,False,False,5,>4x 50-MA,"EMA, ADR",8,https://www.tradingview.com/chart/?symbol=NASDAQ:VIAV&interval=D,True,False,False
UMAC,"Unusual Machines, Inc.",AMEX,Electronic Equipment/Instruments,22.36,23.24,23.31,23.63,24.44,22.95,20.37,18.78,22.98,23.42,22.93,22.0,6.96,7.97,1.78,2646770.2,2706092.2666666666,60508223.0,63942254.0,0.82,1.6,1117027443.4521303,-11.16,271,11.8,123,74.41,68,25.02,-1.07,-4.08,0.57,0.52,20.2,0.159,25.29,False,False,False,True,False,True,True,True,False,True,False,True,False,False,False,False,2026-11-12,False,False,5,thin RVOL,"near21, ADR",6,https://www.tradingview.com/chart/?symbol=AMEX:UMAC&interval=D,False,False,False
W,Wayfair Inc.,NYSE,Specialty Stores,105.45,101.26,101.88,101.3,101.07,90.79,84.96,88.3,102.69,101.87,108.46,104.0,4.44,4.7,4.95,2494105.4,2338050.2333333334,246547397.0,236849944.0,0.88,0.85,14443292856.810469,8.71,102,19.06,99,43.65,121,23.8,0.92,3.5,0.75,0.9,29.3,0.113,16.05,True,True,True,True,False,True,True,False,False,True,False,True,False,True,False,False,2026-11-04,False,False,6,,"EMA, near21",8,https://www.tradingview.com/chart/?symbol=NYSE:W&interval=D,False,False,False
TSEM,Tower Semiconductor Ltd.,NASDAQ,Semiconductors,258.41,235.63,224.71,220.51,225.36,239.98,221.73,198.09,238.52,230.69,268.93,256.53,4.37,5.27,13.62,1719084.7,1799436.8333333333,464992472.0,396787518.0,1.43,2.94,29155094516.17687,22.67,47,22.95,88,24.92,164,23.51,2.78,15.0,2.28,0.91,13.8,0.303,16.21,True,True,True,True,False,False,True,False,False,False,False,True,False,True,True,False,2026-11-16,False,True,5,large gap,"EMA, RVOL",7,https://www.tradingview.com/chart/?symbol=NASDAQ:TSEM&interval=D,False,False,False
GEO,Geo Group Inc (The) REIT,NYSE,Miscellaneous Commercial Services,29.94,30.99,31.09,31.31,31.22,29.41,25.5,23.13,30.98,31.07,32.59,29.62,5.14,4.86,1.46,3100719.5,2552311.6666666665,76416211.0,79903520.0,2.04,-0.43,3940690337.961039,-2.48,190,3.85,159,69.06,74,23.48,-0.84,-3.7,0.75,2.04,22.0,0.091,27.02,False,False,False,True,False,True,False,False,True,True,True,True,True,True,True,False,2026-11-05,False,False,6,,"near21, BB, RVOL",5,https://www.tradingview.com/chart/?symbol=NYSE:GEO&interval=D,False,False,False
DUOL,"Duolingo, Inc.",NASDAQ,Packaged Software,148.13,144.26,145.5,147.05,143.26,131.9,121.49,127.0,145.42,145.36,149.76,144.68,4.05,4.53,6.71,954624.4,1081851.9,160254722.0,159085601.0,0.57,-0.16,6930412316.858328,-5.93,215,13.97,116,61.77,88,23.27,0.75,1.81,0.42,0.76,51.4,0.115,16.21,True,True,True,True,True,True,True,False,False,True,False,True,False,False,False,False,2026-11-11,False,False,5,thin RVOL,"EMA, near21",9,https://www.tradingview.com/chart/?symbol=NASDAQ:DUOL&interval=D,False,False,False
IBRX,"ImmunityBio, Inc.",NASDAQ,Pharmaceuticals: Major,9.69,9.21,8.75,8.54,8.12,7.93,7.9,7.28,9.39,8.92,10.36,9.61,6.94,6.43,0.62,15211364.6,12011782.6,116394173.0,102558602.0,1.08,-0.53,10269813896.364159,19.93,54,11.12,126,38.43,131,23.16,3.01,10.79,1.34,1.2,12.8,0.337,19.91,True,True,True,True,False,True,False,False,False,True,True,True,False,True,False,False,2026-11-05,False,False,6,,"EMA, near21",7,https://www.tradingview.com/chart/?symbol=NASDAQ:IBRX&interval=D,False,False,False
CLF,Cleveland-Cliffs Inc.,NYSE,Steel,12.25,11.8,11.97,11.95,11.91,11.6,10.88,11.37,11.83,11.88,12.88,12.13,5.15,5.37,0.66,16880365.3,14049944.266666668,172111817.0,167920251.0,0.69,5.57,6989115369.508197,0.41,162,31.72,71,35.51,134,22.55,0.53,2.31,0.58,1.14,18.2,0.18,8.95,True,True,False,True,True,True,False,False,False,True,True,True,False,False,False,False,2026-10-19,False,True,4,"thin RVOL, large gap",near21,7,https://www.tradingview.com/chart/?symbol=NYSE:CLF&interval=D,False,False,False
KSS,Kohl's Corporation,NYSE,Department Stores,19.63,18.4,17.73,17.93,18.36,17.31,16.13,16.87,18.64,18.24,19.89,19.15,4.41,4.64,0.91,4123090.3,4542574.2,89170732.0,81466526.0,0.96,1.43,2225579633.592934,1.97,146,19.77,97,45.73,115,22.49,1.49,10.74,1.64,0.81,52.7,0.22,11.6,True,True,True,True,False,False,True,False,False,False,False,True,False,False,False,False,2026-11-12,False,False,5,thin RVOL,EMA,7,https://www.tradingview.com/chart/?symbol=NYSE:KSS&interval=D,False,False,False
BRKR,Bruker Corporation,NASDAQ,Medical Specialties,60.5,62.99,60.38,59.57,58.97,57.47,50.82,49.47,62.36,61.21,66.42,59.3,5.2,5.24,3.17,2330543.9,2250103.8333333335,136131282.0,134049186.0,1.3,1.27,9217738583.17413,1.99,145,4.62,154,60.39,90,22.33,0.49,0.19,0.22,2.25,38.0,0.264,22.35,False,False,False,True,True,True,False,False,False,True,True,True,False,False,True,False,2026-10-29,False,False,5,thin RVOL,"near21, RVOL",5,https://www.tradingview.com/chart/?symbol=NASDAQ:BRKR&interval=D,False,False,False
TGB,Trekor Metals Limited,AMEX,Other Metals/Minerals,8.81,8.82,8.61,8.71,8.48,7.77,7.51,7.44,8.78,8.7,9.03,8.62,5.02,5.48,0.48,5529371.5,5402974.266666667,47600203.0,47054503.0,0.62,0.79,3224665428.061563,5.26,122,37.66,60,22.53,172,21.81,0.7,2.37,0.23,0.86,40.4,0.197,15.65,False,False,True,True,True,True,True,False,False,True,False,True,False,False,False,False,2026-11-04,False,False,5,thin RVOL,"EMA, near21",7,https://www.tradingview.com/chart/?symbol=AMEX:TGB&interval=D,False,False,False
NEOG,Neogen Corporation,NASDAQ,Medical Specialties,11.96,12.96,12.76,12.41,12.02,10.64,10.21,10.05,12.69,12.62,13.22,11.86,5.68,5.25,0.63,5896979.3,3788534.1,45310868.0,47021391.0,1.04,0.38,2608547839.0591855,4.27,128,28.46,76,30.0,145,20.91,-0.1,-6.28,0.99,2.17,15.9,0.228,24.36,False,False,False,True,False,True,False,False,False,True,True,True,False,False,False,False,2027-01-14,False,False,5,thin RVOL,near21,4,https://www.tradingview.com/chart/?symbol=NASDAQ:NEOG&interval=D,False,False,False
TVTX,"Travere Therapeutics, Inc.",NASDAQ,Pharmaceuticals: Major,55.98,58.78,61.5,63.15,62.25,57.14,49.6,45.22,58.7,60.55,58.77,55.16,4.27,4.48,2.51,1890543.8,1614651.4,90388185.0,101965774.0,1.64,0.33,5276734972.433154,-15.23,308,-2.64,190,80.17,62,20.77,-2.25,-8.98,1.69,1.44,32.7,0.217,30.42,False,False,False,True,False,False,False,False,False,False,True,True,True,True,True,False,2026-10-22,False,False,6,,RVOL,3,https://www.tradingview.com/chart/?symbol=NASDAQ:TVTX&interval=D,False,False,False
CXW,"CoreCivic, Inc.",NYSE,Miscellaneous Commercial Services,31.78,32.68,33.49,33.55,32.94,30.05,26.62,24.68,32.83,33.09,34.25,31.29,6.1,5.55,1.76,2558702.8,2136780.033333333,67906869.0,71682560.0,1.86,-0.68,3142835185.973318,-5.02,206,9.36,136,56.55,94,20.3,-0.63,-5.09,0.72,1.68,27.8,0.16,27.71,False,False,False,True,False,True,False,False,False,True,True,True,True,True,True,False,2026-11-04,False,False,6,,"near21, RVOL",4,https://www.tradingview.com/chart/?symbol=NYSE:CXW&interval=D,False,False,False
RUM,RUM Group Inc.,NASDAQ,Internet Software/Services,7.65,7.87,8.07,8.39,7.87,7.48,6.99,6.77,7.83,8.03,7.81,7.56,6.35,7.62,0.58,4174208.5,5498867.466666667,42066336.0,46132749.0,0.75,3.12,3792947933.597561,-15.0,307,25.41,83,50.29,110,20.23,-0.37,-5.18,0.61,0.44,16.3,0.299,16.93,False,False,False,True,False,True,True,True,False,True,False,True,False,False,False,False,2026-11-16,False,True,4,"thin RVOL, large gap","near21, ADR",6,https://www.tradingview.com/chart/?symbol=NASDAQ:RUM&interval=D,False,False,False
AI,"C3.ai, Inc.",NYSE,Packaged Software,11.24,10.85,10.77,10.64,10.34,9.95,9.59,10.23,10.92,10.75,11.47,11.19,4.03,4.31,0.48,4129750.2,5128534.266666667,57644725.0,54571024.0,0.89,1.35,1767825666.5356176,3.02,138,28.31,77,29.05,146,20.13,2.02,4.4,1.05,0.58,10.3,0.101,11.15,True,True,True,True,False,True,True,True,False,True,False,True,False,False,False,False,2026-12-09,False,False,5,thin RVOL,"EMA, near21, ADR",9,https://www.tradingview.com/chart/?symbol=NYSE:AI&interval=D,False,False,False
WOLF,"Wolfspeed, Inc.",NYSE,Semiconductors,31.83,29.67,27.59,27.37,27.49,37.48,33.42,29.65,30.36,28.87,34.5,31.37,6.94,7.99,2.54,3013023.300000115,2644602.100000022,84177685.0,72388049.0,1.0,1.4,1684779940.4807634,17.45,62,-9.7,240,51.86,105,19.87,1.98,15.39,1.28,1.23,18.1,0.455,31.39,False,True,True,True,False,True,False,False,False,True,True,True,False,False,False,False,2026-10-28,False,False,5,thin RVOL,"EMA, near21",6,https://www.tradingview.com/chart/?symbol=NYSE:WOLF&interval=D,False,False,False
MRX,Marex Group Limited,NASDAQ,Internet Software/Services,74.24,72.19,72.62,72.9,70.45,65.62,59.08,54.34,72.82,72.47,76.44,73.58,4.1,4.27,3.17,713898.0,770443.2333333333,57197706.0,56164028.0,0.98,1.02,5340147727.89576,-1.86,183,9.13,139,52.16,104,19.81,1.26,2.23,0.57,0.9,20.8,0.104,24.62,True,True,True,True,True,True,True,False,False,True,False,True,False,False,False,False,2026-11-05,False,False,5,thin RVOL,"EMA, near21",9,https://www.tradingview.com/chart/?symbol=NASDAQ:MRX&interval=D,False,False,False
FPS,"Forgent Power Solutions, Inc.",NYSE,Electrical Products,41.35,38.7,36.38,34.59,35.11,42.72,40.06,,38.58,37.1,41.61,38.77,4.97,5.76,2.38,8150533.4,9345017.733333332,386416483.0,323200553.0,1.12,2.1,12588135186.893766,33.95,27,-6.81,220,31.86,138,19.67,3.09,13.65,1.99,1.19,108.3,0.414,18.42,False,True,True,False,False,False,False,False,False,False,True,False,False,True,False,False,2026-12-02,False,True,3,"LoD>60% ATR, below 200-MA, large gap",EMA,3,https://www.tradingview.com/chart/?symbol=NYSE:FPS&interval=D,False,False,False
IONQ,"IonQ, Inc.",NYSE,Computer Processing Hardware,43.29,43.94,41.16,40.69,40.95,46.5,43.75,43.41,43.12,42.16,45.4,43.0,5.99,6.08,2.63,29185467.1,22303817.3,965532251.0,907534891.0,0.56,1.37,17538428503.1394,10.8,91,-2.41,188,50.57,108,19.65,0.94,5.17,0.44,0.91,11.0,0.296,12.81,False,False,True,False,False,True,True,False,False,True,False,True,False,True,False,False,2026-11-11,False,False,5,below 200-MA,"EMA, near21",5,https://www.tradingview.com/chart/?symbol=NYSE:IONQ&interval=D,False,False,False
DOCN,"DigitalOcean Holdings, Inc.",NYSE,Packaged Software,131.01,137.53,133.96,127.09,125.23,137.96,123.02,106.31,135.82,132.93,143.34,130.94,6.67,6.88,9.01,1811714.5,2464389.466666667,322859664.0,313190221.0,0.96,1.68,15404095588.670843,18.15,59,-5.06,205,44.99,117,19.36,0.67,-2.2,0.21,1.38,0.8,0.235,24.16,False,False,False,True,True,True,False,False,False,True,True,True,False,True,False,False,2026-11-09,False,False,6,,near21,5,https://www.tradingview.com/chart/?symbol=NYSE:DOCN&interval=D,False,False,False
CLS,"Celestica, Inc.",NYSE,Electronic Components,388.24,371.66,352.09,336.46,333.15,347.42,342.95,331.73,370.64,355.4,389.5,378.2,4.57,4.94,19.17,2232811.7,2179814.6,846291220.0,733430593.0,0.5,0.86,48961377342.98677,22.74,46,14.19,114,21.04,175,19.32,3.35,10.27,1.87,0.59,52.4,0.258,10.29,True,True,True,True,False,False,True,True,False,True,False,True,False,True,False,False,2026-10-26,False,False,6,,"EMA, ADR",8,https://www.tradingview.com/chart/?symbol=NYSE:CLS&interval=D,False,False,False
STX,Seagate Technology Holdings PLC,NASDAQ,Computer Peripherals,805.63,899.12,869.46,858.0,855.2,871.33,755.04,656.34,878.09,873.64,863.5,798.62,5.82,7.2,58.0,4713540.2,4092081.7666666666,3296703834.0,3511015022.0,1.61,-3.38,183194644755.74576,-1.6,182,-0.7,179,59.85,91,19.18,-0.81,-7.34,1.08,1.12,12.1,0.24,30.14,False,False,False,True,False,True,False,False,False,True,True,True,True,True,True,False,2026-10-28,False,True,5,large gap,"near21, RVOL",4,https://www.tradingview.com/chart/?symbol=NASDAQ:STX&interval=D,False,False,False
PRGO,Perrigo Company plc,NYSE,Pharmaceuticals: Major,14.0,14.55,14.17,14.29,13.52,12.05,11.64,12.3,14.36,14.23,14.63,13.91,4.85,4.65,0.65,3022476.8,2776735.5,38874297.0,39685104.0,0.67,0.9,1942769535.8725762,-0.5,173,25.06,85,31.33,139,18.63,0.76,-1.18,0.35,1.11,13.8,0.161,20.77,False,False,False,True,True,True,False,False,False,True,True,True,False,False,False,False,2026-11-11,False,False,5,thin RVOL,near21,5,https://www.tradingview.com/chart/?symbol=NYSE:PRGO&interval=D,False,False,False
IOT,Samsara Inc.,NYSE,Packaged Software,41.74,39.57,39.61,39.67,39.41,36.53,34.55,33.67,40.19,39.74,42.99,41.44,4.01,4.82,2.01,5144649.2,6995860.166666667,292007203.0,277511781.0,0.85,0.73,24443161270.53456,-7.04,228,16.98,105,44.33,119,18.09,1.23,5.37,1.04,0.77,14.9,0.159,14.23,True,True,True,True,False,True,True,False,False,True,False,True,False,True,False,False,2026-11-26,False,False,6,,"EMA, near21",8,https://www.tradingview.com/chart/?symbol=NYSE:IOT&interval=D,False,False,False
RMBS,"Rambus, Inc.",NASDAQ,Semiconductors,114.09,106.88,97.47,93.95,94.16,111.04,110.03,108.08,106.4,100.87,114.97,109.78,4.66,4.52,5.16,1814393.5,2377188.433333333,271213428.0,223347947.0,0.76,1.05,12374384430.149591,32.88,29,8.92,140,12.09,197,17.96,4.68,17.05,2.9,1.01,83.6,0.453,14.79,True,True,True,True,False,False,False,False,False,False,True,False,False,True,False,False,2026-10-26,False,False,4,"LoD>60% ATR, >4x 50-MA",EMA,5,https://www.tradingview.com/chart/?symbol=NASDAQ:RMBS&interval=D,False,False,False
HUT,Hut 8 Corp.,NASDAQ,Data Processing Services,92.22,93.0,94.14,91.27,91.24,101.31,89.5,80.77,91.85,92.41,93.8,88.63,7.12,7.62,7.03,3868774.50000001,4463185.366666665,411594955.0,407333356.0,1.49,2.89,11366987719.171503,5.99,117,-3.23,195,51.03,107,17.93,0.14,-2.04,0.03,0.74,51.1,0.25,22.27,False,False,False,True,True,True,True,False,False,True,False,True,False,True,True,False,2026-11-18,False,True,5,large gap,"near21, RVOL",6,https://www.tradingview.com/chart/?symbol=NASDAQ:HUT&interval=D,False,False,False
BETA,"Beta Technologies, Inc.",NYSE,Aerospace & Defense,20.9,22.43,21.75,21.51,22.06,19.57,18.62,19.9,21.82,21.9,21.56,20.22,7.63,7.58,1.59,2036235.4,3313719.8,69256744.0,71277008.0,0.66,0.82,4889368317.565217,-1.18,179,26.36,81,27.83,152,17.67,-0.69,-3.91,0.6,0.85,42.9,0.229,18.19,False,False,False,True,False,True,True,False,False,True,False,True,False,False,False,False,2026-12-03,False,False,5,thin RVOL,near21,5,https://www.tradingview.com/chart/?symbol=NYSE:BETA&interval=D,False,False,False
COHR,Coherent Corp.,NYSE,Semiconductors,338.36,307.77,302.63,295.88,299.39,328.67,316.74,290.65,315.46,306.5,341.3,331.39,5.32,5.98,20.25,6523905.1,6330521.633333334,2141995300.0,1873066300.0,0.97,0.77,66261801284.38222,25.46,43,8.4,142,18.14,185,17.33,2.18,11.81,1.74,0.49,34.4,0.262,11.24,True,True,True,True,False,False,True,True,False,True,False,True,False,True,False,False,2026-11-11,False,False,6,,"EMA, ADR",8,https://www.tradingview.com/chart/?symbol=NYSE:COHR&interval=D,False,False,False
KEEL,Keel Infrastructure Corp.,NASDAQ,Data Processing Services,3.47,3.64,3.65,3.55,3.57,4.36,3.8,3.46,3.58,3.61,3.54,3.39,6.65,7.57,0.26,22543257.8,31097480.866666667,107908259.0,110468618.0,0.97,1.74,2142978967.7913043,5.15,123,-19.68,303,66.43,81,17.3,-0.38,-5.05,0.52,0.57,30.5,0.269,26.06,False,False,False,True,False,True,True,True,False,True,False,True,False,False,False,False,2026-11-16,False,False,5,thin RVOL,"near21, ADR",6,https://www.tradingview.com/chart/?symbol=NASDAQ:KEEL&interval=D,False,False,False
ICLR,ICON plc,NASDAQ,Miscellaneous Commercial Services,161.69,168.0,168.01,167.03,167.22,158.83,142.37,146.28,166.56,167.25,177.67,161.14,4.57,4.5,7.28,1055597.7,923112.4666666667,149258055.0,154185014.0,0.93,0.81,12475064827.445078,1.09,154,-3.11,194,53.81,100,17.27,-0.73,-3.76,0.74,2.27,7.6,0.107,15.86,False,False,False,True,False,True,False,False,False,True,True,True,False,True,False,False,2026-10-28,False,False,6,,near21,4,https://www.tradingview.com/chart/?symbol=NASDAQ:ICLR&interval=D,False,False,False
SNAP,Snap Inc.,NYSE,Packaged Software,5.78,5.47,5.56,5.54,5.4,5.24,5.24,5.61,5.56,5.52,5.88,5.61,4.42,4.69,0.27,31382301.0,34260229.766666666,198024128.0,189927294.0,1.23,1.6,9775123374.666668,2.3,142,25.93,82,22.72,171,16.98,1.48,4.03,0.99,1.0,62.7,0.129,6.51,True,True,True,True,False,True,True,False,False,True,False,False,False,False,True,False,2026-11-03,False,False,4,"LoD>60% ATR, thin RVOL","EMA, near21, RVOL",7,https://www.tradingview.com/chart/?symbol=NYSE:SNAP&interval=D,False,False,False
HOOD,"Robinhood Markets, Inc.",NASDAQ,Investment Banks/Brokers,112.0,115.81,115.28,113.99,106.11,100.91,92.79,94.28,114.42,113.89,116.25,111.74,4.68,5.28,5.91,19597290.7,22048423.133333333,2469423391.0,2513365898.0,0.9,0.79,100697216797.12558,-7.03,227,1.02,172,56.45,95,16.81,1.05,-2.85,0.31,0.76,4.4,0.173,20.55,False,False,False,True,True,True,True,False,False,True,False,True,False,True,False,False,2026-10-27,False,False,6,,near21,6,https://www.tradingview.com/chart/?symbol=NASDAQ:HOOD&interval=D,False,False,False
QCOM,QUALCOMM Incorporated,NASDAQ,Semiconductors,181.03,187.79,186.24,179.88,171.94,187.06,173.53,169.33,184.83,183.29,183.09,179.33,4.39,4.31,7.81,11232859.9,13467030.533333333,2437936537.0,2422512298.0,0.71,0.69,190123833452.45242,6.5,113,0.28,176,42.26,123,16.35,1.22,-2.8,0.29,0.48,21.8,0.156,10.2,False,False,False,True,True,True,True,True,False,True,False,True,False,True,False,False,2026-11-11,False,False,6,,"near21, ADR",7,https://www.tradingview.com/chart/?symbol=NASDAQ:QCOM&interval=D,False,False,False
WK,Workiva Inc.,NYSE,Information Technology Services,70.16,69.47,71.16,73.0,70.58,60.51,59.4,63.63,70.18,70.83,73.09,68.6,4.52,4.62,3.24,2134329.4,1327776.3,93156785.0,96927670.0,0.6,1.68,3817860634.646633,-9.82,257,34.51,66,24.18,169,16.29,-0.13,-1.4,0.21,1.38,48.1,0.141,16.75,False,False,False,True,True,True,False,False,False,True,True,True,False,False,False,False,2026-11-04,False,False,5,thin RVOL,near21,5,https://www.tradingview.com/chart/?symbol=NYSE:WK&interval=D,False,False,False
ACMR,"ACM Research, Inc.",NASDAQ,Industrial Machinery,75.35,78.51,74.19,74.37,76.29,83.41,71.95,67.42,77.46,76.3,78.42,75.08,5.83,6.64,5.0,1509637.6,1119855.733333335,84381130.0,83284417.0,1.3,1.14,5248066700.651831,5.75,120,-20.4,305,63.31,83,16.22,-0.19,1.56,0.19,0.67,5.4,0.299,21.22,False,False,False,True,True,True,True,False,False,True,False,True,False,False,True,False,2026-10-28,False,False,5,thin RVOL,"near21, RVOL",6,https://www.tradingview.com/chart/?symbol=NASDAQ:ACMR&interval=D,False,False,False
AFRM,"Affirm Holdings, Inc.",NASDAQ,Finance/Rental/Leasing,74.88,70.78,70.83,72.12,73.43,73.5,67.27,66.8,71.75,71.73,76.5,74.08,4.13,4.5,3.37,3849242.9,5350590.066666666,400652184.0,385876530.0,0.69,2.12,25266103350.761738,1.53,150,-9.14,233,51.58,106,14.66,0.44,5.71,0.97,0.72,23.7,0.116,8.95,True,True,True,True,False,True,True,False,False,True,False,True,False,True,False,False,2026-11-05,False,True,5,large gap,"EMA, near21",8,https://www.tradingview.com/chart/?symbol=NASDAQ:AFRM&interval=D,False,False,False
DFTX,"Definium Therapeutics, Inc.",NASDAQ,Pharmaceuticals: Major,35.62,37.21,37.93,38.78,40.85,37.19,31.6,27.65,37.24,38.15,36.55,34.38,4.95,5.65,2.01,2385081.799999998,2228479.6666666646,79378446.0,86429355.0,1.07,0.88,4786151005.282362,-6.11,217,-20.61,306,69.46,72,14.25,-2.27,-6.1,1.17,1.08,61.6,0.129,37.07,False,False,False,True,False,True,False,False,False,True,True,False,False,False,False,False,2026-11-05,False,False,4,"LoD>60% ATR, thin RVOL",near21,3,https://www.tradingview.com/chart/?symbol=NASDAQ:DFTX&interval=D,False,False,False
HIMS,"Hims & Hers Health, Inc.",NYSE,Medical/Nursing Services,29.47,29.18,28.75,28.92,29.31,29.86,27.85,27.48,29.22,29.12,30.08,29.07,5.5,5.6,1.65,9924617.6,9653521.866666667,284489289.0,279131585.0,0.82,1.38,6875746329.074485,6.27,115,-16.59,276,52.62,103,14.1,0.1,2.51,0.21,0.61,24.2,0.114,8.1,False,True,True,True,True,True,True,True,False,True,False,True,False,False,False,False,2026-11-09,False,False,5,thin RVOL,"EMA, near21, ADR",9,https://www.tradingview.com/chart/?symbol=NYSE:HIMS&interval=D,False,False,False
MAT,"Mattel, Inc.",NASDAQ,Recreational Products,15.93,14.1,13.8,14.13,14.41,14.33,14.56,15.84,14.56,14.21,16.14,15.58,5.09,4.79,0.76,11309342.4,6378255.266666667,101605606.0,90098171.0,0.91,-0.62,4551200978.164487,11.87,84,19.5,98,10.78,203,14.05,2.21,15.4,2.53,0.73,45.9,0.278,12.8,True,True,True,True,False,False,True,True,False,True,False,True,False,False,False,False,2026-10-27,False,False,5,thin RVOL,"EMA, ADR",8,https://www.tradingview.com/chart/?symbol=NASDAQ:MAT&interval=D,False,False,False
MDB,"MongoDB, Inc.",NASDAQ,Packaged Software,360.71,371.03,377.65,387.45,391.91,363.44,329.16,342.3,366.33,376.62,374.79,359.45,6.51,7.04,25.4,4711691.3,2922893.6333333333,1054316962.0,1132469292.0,0.34,1.55,29057479400.40194,-4.66,204,2.31,167,43.85,120,13.83,-1.13,-4.49,0.6,0.6,5.0,0.299,17.4,False,False,False,True,False,True,True,True,False,True,False,True,False,True,False,False,2026-12-07,False,False,6,,"near21, ADR",6,https://www.tradingview.com/chart/?symbol=NASDAQ:MDB&interval=D,False,False,False
ARXS,"Arxis, Inc.",NASDAQ,Aerospace & Defense,49.49,49.68,50.3,51.12,52.62,47.12,,,49.74,50.4,50.41,49.12,4.62,4.69,2.32,1432923.9,981338.2,48566428.0,50164700.0,0.59,0.46,21321595941.551167,-7.04,229,18.23,103,30.24,143,13.81,-1.27,-1.61,0.38,0.56,16.2,0.105,11.1,False,False,False,False,True,True,True,True,False,True,False,True,False,True,False,False,2026-12-02,False,False,5,below 200-MA,"near21, ADR",6,https://www.tradingview.com/chart/?symbol=NASDAQ:ARXS&interval=D,False,False,False
AAOI,"Applied Optoelectronics, Inc.",NASDAQ,Semiconductors,130.16,107.49,104.91,105.87,112.22,131.62,131.63,109.77,111.81,108.9,131.15,124.3,5.67,6.63,8.62,8321266.1,7183864.733333333,935051834.0,760589284.0,1.6,3.64,11051402437.343424,27.72,38,15.17,110,-1.93,234,13.65,2.41,24.07,2.95,0.79,67.9,0.332,20.53,False,True,True,True,False,False,True,False,False,False,False,False,True,True,True,False,2026-11-05,False,True,4,"LoD>60% ATR, large gap","EMA, RVOL",5,https://www.tradingview.com/chart/?symbol=NASDAQ:AAOI&interval=D,False,False,False
FSLY,"Fastly, Inc.",NASDAQ,Information Technology Services,25.51,26.11,25.21,24.18,24.51,21.53,22.87,20.12,25.7,25.2,26.87,25.31,9.95,8.53,2.18,8565263.1,6738250.933333334,171892781.0,162942138.0,0.31,1.08,4063743113.770089,22.29,48,40.55,54,-22.07,313,13.59,0.48,1.17,0.14,0.72,9.2,0.258,23.47,False,False,False,True,True,True,True,True,False,True,False,True,False,False,False,False,2026-11-04,False,False,5,thin RVOL,"near21, ADR",7,https://www.tradingview.com/chart/?symbol=NASDAQ:FSLY&interval=D,False,False,False
WIX,Wix.com Ltd.,NASDAQ,Packaged Software,73.91,73.47,76.47,78.82,74.7,62.41,68.47,72.65,74.22,75.52,75.09,72.14,6.18,6.21,4.59,1080695.8,1266284.5,93591087.0,99805168.0,0.88,0.73,3093097196.6774235,-7.61,244,47.73,42,0.49,231,13.54,-0.17,-3.34,0.34,0.64,38.5,0.212,19.02,False,False,False,True,False,True,True,True,False,True,False,True,False,False,False,False,2026-11-05,False,False,5,thin RVOL,"near21, ADR",6,https://www.tradingview.com/chart/?symbol=NASDAQ:WIX&interval=D,False,False,False
SHAZ,"SharonAI Holdings, Inc.",NASDAQ,Data Processing Services,48.12,52.7,54.56,55.12,56.37,63.82,53.54,,51.9,54.06,49.77,47.67,8.01,9.5,4.57,1361095.6,1448246.0666666667,69689601.0,79832392.0,0.8,1.57,1722864681.280503,-13.14,285,-30.97,350,83.73,61,13.21,-1.54,-11.81,1.16,0.46,9.8,0.295,23.11,False,False,False,False,False,True,True,True,False,True,False,True,False,False,False,False,2026-11-04,False,False,4,"thin RVOL, below 200-MA","near21, ADR",5,https://www.tradingview.com/chart/?symbol=NASDAQ:SHAZ&interval=D,False,False,False
TGTX,"TG Therapeutics, Inc.",NASDAQ,Pharmaceuticals: Major,52.19,55.31,55.43,55.48,53.59,51.21,45.44,41.54,54.69,55.02,54.11,51.34,4.14,4.31,2.25,1725884.1,1792709.8666666667,93561528.0,99458049.0,1.42,0.37,7988673489.577443,-7.3,236,-9.41,237,53.66,101,12.32,-0.61,-5.84,1.19,1.23,37.8,0.116,26.62,False,False,False,True,False,True,False,False,False,True,True,True,False,False,True,False,2026-11-09,False,False,5,thin RVOL,"near21, RVOL",4,https://www.tradingview.com/chart/?symbol=NASDAQ:TGTX&interval=D,False,False,False
AUGO,Aura Minerals Inc.,NASDAQ,Other Metals/Minerals,86.67,82.04,84.78,85.16,79.55,71.58,75.98,73.15,83.35,83.43,88.38,84.4,4.35,4.99,4.33,874323.2000000014,1010254.6666666653,87558772.0,86029078.0,0.78,0.97,7262012437.814371,3.33,134,43.76,47,-10.19,264,12.3,1.79,2.22,0.78,0.92,52.4,0.18,15.24,True,True,False,True,True,True,True,False,False,True,False,True,False,False,False,False,2026-11-05,False,False,5,thin RVOL,near21,8,https://www.tradingview.com/chart/?symbol=NASDAQ:AUGO&interval=D,False,False,False
FIGS,"FIGS, Inc.",NYSE,Apparel/Footwear,14.1,13.48,13.33,13.87,13.52,12.33,13.17,12.79,13.65,13.59,14.44,13.66,4.46,4.76,0.67,2859162.7,2620997.933333333,36956071.0,36343631.0,1.48,1.03,2342577387.931034,-5.18,209,43.88,46,-2.42,236,12.09,0.9,5.75,0.79,1.16,66.3,0.162,8.44,True,True,True,True,False,True,False,False,False,True,True,False,False,False,True,False,2026-11-05,False,False,4,"LoD>60% ATR, thin RVOL","EMA, near21, RVOL",6,https://www.tradingview.com/chart/?symbol=NYSE:FIGS&interval=D,False,False,False
VSAT,"ViaSat, Inc.",NASDAQ,Telecommunications Equipment,74.38,71.81,72.64,72.17,75.05,73.51,67.57,61.24,72.02,72.54,75.93,70.2,4.96,5.38,4.0,1554500.9,1676454.8666666667,124694713.0,120995895.0,1.49,0.63,10246277549.701387,3.68,131,-0.27,178,32.37,137,11.93,-0.17,2.39,0.47,1.43,104.4,0.113,18.56,False,False,False,True,True,True,False,False,False,True,True,False,False,True,True,False,2026-11-11,False,False,5,LoD>60% ATR,"near21, RVOL",4,https://www.tradingview.com/chart/?symbol=NASDAQ:VSAT&interval=D,False,False,False
WTTR,"Select Water Solutions, Inc.",NYSE,Oil & Gas Production,19.99,19.8,20.13,20.0,19.97,19.54,18.19,16.65,19.96,20.01,20.12,19.67,4.14,4.17,0.83,2161368.4,1740254.3666666667,34787685.0,34801027.0,0.78,0.0,2577568229.196909,-0.65,175,6.05,149,30.14,144,11.85,0.02,-0.68,0.02,0.54,38.1,0.083,17.38,False,False,False,True,True,True,True,True,True,True,False,True,False,False,False,False,2026-11-03,False,False,5,thin RVOL,"near21, ADR, BB",8,https://www.tradingview.com/chart/?symbol=NYSE:WTTR&interval=D,False,False,False
STRL,"Sterling Infrastructure, Inc.",NASDAQ,Engineering & Construction,563.69,515.86,505.89,497.04,517.2,650.82,599.76,541.54,520.63,513.45,574.9,524.78,4.3,5.04,28.41,449627.7,532467.5,300146605.0,264654984.0,1.48,0.37,17242442354.52617,18.33,58,-15.94,273,33.15,136,11.85,1.78,11.42,1.94,1.76,137.0,0.173,25.71,False,True,True,True,False,False,False,False,False,False,True,False,False,True,True,False,2026-11-09,False,False,5,LoD>60% ATR,"EMA, RVOL",4,https://www.tradingview.com/chart/?symbol=NASDAQ:STRL&interval=D,False,False,False
WRBY,Warby Parker Inc.,NYSE,Specialty Stores,26.23,26.36,25.18,25.02,25.71,26.04,25.21,25.21,26.24,25.71,26.89,25.9,6.24,6.04,1.58,4086652.6,3123618.3,81932508.0,78146683.0,0.79,0.9,3242239042.741464,14.04,76,-3.85,200,25.02,163,11.74,0.33,4.15,0.34,0.63,20.8,0.259,4.5,False,False,False,True,False,True,True,True,False,True,False,True,False,False,False,True,2026-11-05,False,False,5,thin RVOL,"near21, ADR",7,https://www.tradingview.com/chart/?symbol=NYSE:WRBY&interval=D,False,False,False
WLTH,Wealthfront Corporation,NASDAQ,Packaged Software,10.55,10.23,10.24,9.93,9.72,9.77,9.78,9.87,10.29,10.12,10.9,10.5,4.69,4.79,0.5,2320787.6,3092552.433333333,32626428.0,30706984.0,0.71,0.66,1647661396.5018835,15.3,73,14.05,115,5.82,219,11.72,1.78,2.99,0.89,0.79,9.9,0.133,4.94,True,True,True,True,True,True,True,False,False,True,False,True,False,False,False,True,2027-01-12,False,False,5,thin RVOL,"EMA, near21",10,https://www.tradingview.com/chart/?symbol=NASDAQ:WLTH&interval=D,False,False,False
HRI,Herc Holdings Inc.,NYSE,Finance/Rental/Leasing,134.73,132.99,136.93,140.48,149.65,146.41,135.6,141.14,134.54,137.81,141.29,134.35,5.69,5.7,7.68,637640.7,777404.2,104739668.0,109207151.0,0.85,-0.27,4504218547.118442,-1.12,178,1.52,169,33.44,135,11.28,-1.75,-1.61,0.39,0.9,4.9,0.153,12.36,False,False,False,False,True,True,True,False,False,True,False,True,False,False,False,False,2026-10-15,False,False,4,"thin RVOL, below 200-MA",near21,5,https://www.tradingview.com/chart/?symbol=NYSE:HRI&interval=D,False,False,False
GLBE,Global-E Online Ltd.,NASDAQ,Internet Retail,38.7,39.93,38.88,38.75,39.59,36.66,35.16,35.57,39.5,39.31,40.13,38.65,4.0,3.84,1.48,1409031.7,1442611.4,55829061.0,55897345.0,0.84,0.68,6500337795.022636,1.87,148,6.06,148,25.81,157,11.25,-0.59,-0.47,0.4,1.0,3.4,0.167,12.34,False,False,False,True,True,True,True,False,False,True,False,True,False,False,False,False,2026-11-18,False,False,5,thin RVOL,near21,6,https://www.tradingview.com/chart/?symbol=NASDAQ:GLBE&interval=D,False,False,False
CCC,CCC Intelligent Solutions Holdings Inc.,NASDAQ,Packaged Software,6.65,6.67,6.66,6.89,6.84,5.96,5.83,6.13,6.64,6.71,6.68,6.52,4.01,4.26,0.28,10198516.6,10736317.266666668,71396510.0,73966068.0,0.73,0.91,3916814642.819149,-6.47,220,20.25,94,19.39,180,11.06,-0.66,-0.11,0.23,0.56,45.8,0.086,15.21,False,False,False,True,True,True,True,True,True,True,False,True,False,False,False,False,2026-10-29,False,False,5,thin RVOL,"near21, ADR, BB",8,https://www.tradingview.com/chart/?symbol=NASDAQ:CCC&interval=D,False,False,False
SYRE,"Spyre Therapeutics, Inc.",NASDAQ,Pharmaceuticals: Major,80.11,87.64,89.13,89.98,95.39,90.42,79.31,68.16,88.15,89.65,92.08,79.36,6.36,6.89,5.52,1519616.1,1431950.7666666666,114713576.0,128845498.0,3.49,-0.69,7063600574.38654,-7.33,239,-15.1,272,55.16,99,10.91,-2.32,-10.12,1.54,2.3,13.6,0.144,33.99,False,False,False,True,False,False,False,False,False,False,True,True,True,True,True,False,2026-11-05,False,False,6,,RVOL,3,https://www.tradingview.com/chart/?symbol=NASDAQ:SYRE&interval=D,False,False,False
CIEN,Ciena Corporation,NYSE,Telecommunications Equipment,443.65,372.6,358.51,360.57,375.27,427.21,435.04,393.42,382.03,371.08,446.37,392.0,4.69,5.42,24.03,2557157.8,2693164.6666666665,1194822504.0,971079770.0,2.96,1.0,62913355933.252075,37.92,21,5.83,150,-11.08,269,10.89,3.36,23.75,3.61,2.26,214.9,0.295,17.25,True,True,True,True,False,False,False,False,False,False,True,False,True,True,True,False,2026-12-10,False,False,5,LoD>60% ATR,"EMA, RVOL",5,https://www.tradingview.com/chart/?symbol=NYSE:CIEN&interval=D,False,False,False
PGY,Pagaya Technologies Ltd.,NASDAQ,Packaged Software,18.05,17.86,19.37,20.33,20.4,18.08,16.27,16.9,18.29,19.11,18.78,17.92,5.49,6.01,1.09,2941195.799999996,2346779.333333333,42359367.0,47706113.0,0.63,1.52,1505836471.839674,-20.26,346,1.69,168,50.42,109,10.62,-1.91,-6.79,0.92,0.79,12.0,0.332,22.83,False,False,False,True,False,True,True,False,False,True,False,True,False,False,False,False,2026-11-17,False,False,5,thin RVOL,near21,5,https://www.tradingview.com/chart/?symbol=NASDAQ:PGY&interval=D,False,False,False
HIVE,HIVE Digital Technologies Ltd,NASDAQ,Information Technology Services,2.9,3.05,3.1,3.04,2.95,3.32,2.98,2.9,3.01,3.04,2.99,2.88,6.12,6.47,0.19,10013615.499999994,12821165.999999998,37181381.0,38950702.0,0.77,1.21,795404322.4087591,-2.03,186,-6.75,219,40.44,128,10.55,-0.27,-6.4,0.73,0.59,10.7,0.262,14.5,False,False,False,False,False,True,True,True,False,True,False,True,False,False,False,False,2026-11-16,False,False,4,"thin RVOL, below 200-MA","near21, ADR",5,https://www.tradingview.com/chart/?symbol=NASDAQ:HIVE&interval=D,False,False,False
AMBA,"Ambarella, Inc.",NASDAQ,Semiconductors,67.94,69.22,67.84,67.77,72.11,72.71,68.25,68.09,68.63,68.69,69.14,67.03,5.11,5.49,3.73,1391705.5,1682748.0,114325899.0,114040954.0,0.6,0.79,2998937740.4758277,7.53,107,-5.1,206,28.29,149,10.24,-1.05,0.15,0.2,0.57,24.4,0.13,7.17,False,False,False,False,True,True,True,True,False,True,False,True,False,False,False,False,2026-12-01,False,False,4,"thin RVOL, below 200-MA","near21, ADR",6,https://www.tradingview.com/chart/?symbol=NASDAQ:AMBA&interval=D,False,False,False
TTMI,"TTM Technologies, Inc.",NASDAQ,Electronic Components,132.71,127.6,123.65,122.35,123.27,147.31,137.85,125.92,127.91,125.52,136.4,131.94,5.0,5.58,7.4,1850120.7,1920205.9333333333,254830529.0,234939116.0,0.72,1.28,13980848383.39996,11.92,83,-6.54,217,25.2,162,10.19,1.37,7.33,1.03,0.6,10.4,0.199,18.11,False,True,True,True,False,True,True,True,False,True,False,True,False,True,False,False,2026-11-04,False,False,6,,"EMA, near21, ADR",8,https://www.tradingview.com/chart/?symbol=NASDAQ:TTMI&interval=D,False,False,False
WAY,Waystar Holding Corp.,NASDAQ,Packaged Software,26.4,25.33,25.27,25.28,24.77,22.59,22.95,24.31,25.6,25.36,26.76,25.96,4.13,4.32,1.14,1896236.3,2195782.066666667,57968647.0,55499856.0,1.06,1.04,5062158420.996979,1.38,151,12.29,121,16.25,189,9.97,1.53,4.48,0.95,0.7,39.0,0.159,10.37,True,True,True,True,False,True,True,True,False,True,False,True,False,False,False,False,2026-11-11,False,False,5,thin RVOL,"EMA, near21, ADR",9,https://www.tradingview.com/chart/?symbol=NASDAQ:WAY&interval=D,False,False,False
TH,Target Hospitality Corp.,NASDAQ,Hotels/Resorts/Cruise lines,18.54,19.83,19.82,19.38,18.17,18.09,16.24,14.07,19.5,19.48,19.17,18.4,4.85,5.29,0.98,2613742.1,2425786.4,44974080.0,47005272.0,0.81,-0.26,1847018205.6234796,-0.27,169,3.87,158,25.78,158,9.79,0.38,-6.45,0.91,0.79,14.3,0.209,31.04,False,False,False,True,False,True,True,False,False,True,False,True,False,False,False,False,2026-11-11,False,False,5,thin RVOL,near21,5,https://www.tradingview.com/chart/?symbol=NASDAQ:TH&interval=D,False,False,False
SHLS,"Shoals Technologies Group, Inc.",NASDAQ,Semiconductors,8.49,7.9,7.63,7.44,7.79,9.07,8.39,8.58,8.0,7.8,8.57,8.1,5.06,5.39,0.46,3714133.0,4321875.533333333,36692723.0,32169881.0,0.86,0.25,1428866570.81227,20.77,52,-13.81,267,22.16,173,9.71,1.66,11.25,1.65,1.03,85.2,0.246,16.98,False,True,True,False,False,False,False,False,False,False,True,False,False,False,False,False,2026-11-10,False,False,3,"LoD>60% ATR, thin RVOL, below 200-MA",EMA,3,https://www.tradingview.com/chart/?symbol=NASDAQ:SHLS&interval=D,False,False,False
GNRC,Generac Holdings Inc.,NYSE,Electrical Products,223.62,209.35,200.08,196.64,201.59,228.29,225.12,213.28,210.74,205.01,227.15,215.47,4.33,4.37,9.78,1028599.0,1361193.4666666666,304390083.0,267665537.0,0.96,0.54,13207876806.983923,21.64,50,-3.61,198,10.91,202,9.65,2.5,11.77,2.08,1.19,83.4,0.285,12.61,False,True,True,True,False,False,False,False,False,False,True,False,False,True,False,False,2026-11-04,False,False,5,LoD>60% ATR,EMA,4,https://www.tradingview.com/chart/?symbol=NYSE:GNRC&interval=D,False,False,False
PAY,"Paymentus Holdings, Inc.",NYSE,Miscellaneous Commercial Services,31.71,30.66,33.11,34.27,36.13,30.4,28.97,28.65,31.52,32.78,32.42,31.28,4.33,4.61,1.46,1394680.5,1179943.3333333333,37416003.0,40439805.0,0.67,0.09,3993546301.5,-12.26,278,12.85,118,27.91,151,9.5,-2.65,-4.23,0.7,0.78,29.7,0.321,23.61,False,False,False,True,False,True,True,False,False,True,False,True,False,False,False,False,2026-11-09,False,False,5,thin RVOL,near21,5,https://www.tradingview.com/chart/?symbol=NYSE:PAY&interval=D,False,False,False
GDDY,GoDaddy Inc.,NYSE,Data Processing Services,98.18,96.97,98.12,98.35,96.83,91.54,89.35,93.16,97.63,97.7,99.73,97.2,4.88,4.5,4.42,2842767.1,2398845.1,235518612.0,235922418.0,0.53,-0.48,12434271418.308805,-4.02,198,10.86,127,20.97,176,9.27,0.31,0.07,0.11,0.57,22.2,0.124,8.93,True,True,False,True,True,True,True,True,False,True,False,True,False,True,False,False,2026-10-29,False,False,6,,"near21, ADR",9,https://www.tradingview.com/chart/?symbol=NYSE:GDDY&interval=D,False,False,False
NAVN,"Navan, Inc.",NASDAQ,Packaged Software,21.34,20.63,21.29,23.63,25.49,24.0,20.46,18.68,21.25,22.15,22.18,21.14,4.51,5.5,1.17,3036240.8,4228950.333333333,90245800.0,99923048.0,0.51,0.09,5561961423.434067,-23.57,364,-16.31,275,67.24,78,9.12,-2.96,0.25,0.66,0.88,17.0,0.26,31.93,False,False,False,True,True,True,True,False,False,True,False,True,False,False,False,False,2026-12-15,False,False,5,thin RVOL,near21,6,https://www.tradingview.com/chart/?symbol=NASDAQ:NAVN&interval=D,False,False,False
CLSK,"CleanSpark, Inc.",NASDAQ,Data Processing Services,12.29,13.22,13.42,13.02,12.86,14.1,13.03,12.58,12.98,13.12,12.67,12.16,6.54,7.08,0.87,15273440.1,16731496.5,205630092.0,217888702.0,0.69,0.08,3156281768.04407,0.24,166,0.16,177,25.92,156,8.78,-0.63,-8.41,0.9,0.59,14.9,0.242,12.38,False,False,False,False,False,True,True,True,False,True,False,True,False,False,False,False,2026-12-16,False,False,4,"thin RVOL, below 200-MA","near21, ADR",5,https://www.tradingview.com/chart/?symbol=NASDAQ:CLSK&interval=D,False,False,False
GENI,Genius Sports Limited,NYSE,Internet Software/Services,6.22,6.03,6.24,6.69,7.09,6.59,5.94,6.62,6.08,6.33,6.4,6.1,7.03,6.97,0.43,9099891.4,7014418.666666667,43629684.0,46956857.0,1.28,4.67,1726839771.7796328,-18.05,332,-1.11,182,44.65,118,8.5,-1.76,-0.34,0.25,0.7,28.8,0.263,18.5,False,False,False,False,True,True,True,True,False,True,False,True,False,False,True,False,2026-11-11,False,True,3,"thin RVOL, below 200-MA, large gap","near21, ADR, RVOL",6,https://www.tradingview.com/chart/?symbol=NYSE:GENI&interval=D,False,False,False
KMX,CarMax Inc,NYSE,Specialty Stores,55.29,56.29,57.78,59.29,59.16,54.33,49.9,48.33,56.23,57.45,55.96,54.69,5.13,4.55,2.52,4710425.6,2785866.1333333333,154030539.0,165175860.0,0.35,0.44,7848018055.00073,-11.15,270,9.36,137,25.46,160,7.89,-1.44,-4.31,0.82,0.5,23.8,0.145,19.58,False,False,False,True,False,True,True,True,False,True,False,True,False,False,False,False,2026-12-17,False,False,5,thin RVOL,"near21, ADR",6,https://www.tradingview.com/chart/?symbol=NYSE:KMX&interval=D,False,False,False
RELY,"Remitly Global, Inc.",NASDAQ,Miscellaneous Commercial Services,23.2,21.68,21.88,23.31,23.86,22.78,21.4,19.6,22.12,22.45,23.6,22.67,4.11,4.46,1.03,3769643.1,3986407.3333333335,92484650.0,92911860.0,0.88,0.79,4911069962.531646,-13.5,290,-2.64,191,39.26,129,7.7,-0.62,6.05,0.75,0.9,51.4,0.145,18.33,False,False,False,True,False,True,True,False,False,True,False,True,False,False,False,False,2026-11-04,False,False,5,thin RVOL,near21,5,https://www.tradingview.com/chart/?symbol=NASDAQ:RELY&interval=D,False,False,False
BULL,Webull Corporation,NASDAQ,Packaged Software,7.28,7.23,7.9,8.38,8.12,7.5,6.99,7.06,7.39,7.75,7.44,7.26,4.49,5.65,0.41,9642668.7,14044538.9,102244243.0,117744733.0,0.58,0.54,3856684905.195652,-25.64,374,3.03,163,45.6,116,7.66,-1.83,-7.81,1.08,0.44,4.9,0.41,15.61,False,False,False,True,False,True,True,True,False,True,False,True,False,False,False,False,2026-11-19,False,False,5,thin RVOL,"near21, ADR",6,https://www.tradingview.com/chart/?symbol=NASDAQ:BULL&interval=D,False,False,False
PATH,"UiPath, Inc.",NYSE,Packaged Software,13.1,12.82,13.29,14.6,14.67,12.9,12.24,12.65,13.09,13.56,13.35,12.94,4.23,5.3,0.69,38754914.1,53017220.0,694525582.0,773998395.0,0.44,0.46,6827139474.893617,-19.33,339,15.11,111,26.94,153,7.57,-2.02,-1.45,0.64,0.59,23.1,0.184,18.54,False,False,False,True,True,True,True,True,False,True,False,True,False,False,False,False,2026-12-09,False,False,5,thin RVOL,"near21, ADR",7,https://www.tradingview.com/chart/?symbol=NYSE:PATH&interval=D,False,False,False
COIN,"Coinbase Global, Inc.",NASDAQ,Investment Banks/Brokers,185.74,190.69,186.38,185.4,173.8,170.6,177.69,184.79,188.16,186.06,192.8,184.82,5.34,5.98,11.11,7400732.2,9354822.0,1737564638.0,1734405827.0,0.74,0.15,49005084380.0,0.42,161,16.61,106,5.64,220,7.55,1.15,-0.34,0.03,0.72,8.2,0.228,10.82,False,False,False,True,True,True,True,False,False,True,False,True,False,True,False,False,2026-10-29,False,False,6,,near21,6,https://www.tradingview.com/chart/?symbol=NASDAQ:COIN&interval=D,False,False,False
NVTS,Navitas Semiconductor Corporation,NASDAQ,Semiconductors,11.97,11.98,11.68,11.71,12.07,15.91,14.7,13.25,11.99,11.92,12.75,11.96,5.93,6.84,0.82,17422146.4,13825173.633333333,165487328.0,161883566.0,0.69,1.46,3125288938.9157214,6.78,110,-10.67,247,26.53,155,7.55,-0.12,2.51,0.07,0.96,1.2,0.186,35.33,False,False,False,False,True,True,True,False,False,True,False,True,False,False,False,False,2026-11-09,False,False,4,"thin RVOL, below 200-MA",near21,5,https://www.tradingview.com/chart/?symbol=NASDAQ:NVTS&interval=D,False,False,False
MNDY,monday.com Ltd.,NASDAQ,Packaged Software,84.29,81.57,85.07,88.39,88.83,83.67,79.31,87.94,82.4,84.65,85.84,83.5,5.0,5.74,4.84,1143441.2,1182572.7333333334,99679056.0,104522085.0,0.82,3.23,3563285438.9733853,-11.08,269,2.81,164,30.26,142,7.33,-0.89,-0.92,0.07,0.48,16.3,0.251,11.3,False,False,False,False,True,True,True,True,False,True,False,True,False,False,False,False,2026-11-16,False,True,3,"thin RVOL, below 200-MA, large gap","near21, ADR",6,https://www.tradingview.com/chart/?symbol=NASDAQ:MNDY&interval=D,False,False,False
AUR,"Aurora Innovation, Inc.",NASDAQ,Packaged Software,5.75,5.73,6.08,6.03,6.24,6.41,5.93,5.55,5.78,5.94,5.87,5.62,5.89,5.8,0.33,32946770.2,31595485.033333335,181674039.0,190394393.0,0.58,1.04,11523840179.000002,-8.22,248,-7.41,224,37.23,132,7.2,-1.37,-5.44,0.56,0.74,39.0,0.272,14.9,False,False,False,True,False,True,True,True,False,True,False,True,False,True,False,False,2026-11-04,False,False,6,,"near21, ADR",6,https://www.tradingview.com/chart/?symbol=NASDAQ:AUR&interval=D,False,False,False
POET,POET Technologies Inc.,NASDAQ,Electrical Products,7.71,7.68,7.72,7.72,7.91,9.54,8.96,8.37,7.71,7.75,8.19,7.64,5.01,6.06,0.47,7358226.4,7910086.466666632,60986767.0,61057957.0,1.07,1.28,1334277866.1011527,3.21,135,-6.43,214,24.56,167,7.11,-0.42,-0.07,0.1,1.18,15.0,0.142,24.11,False,False,False,False,True,True,False,False,False,True,True,True,False,False,False,False,2026-11-12,False,False,4,"thin RVOL, below 200-MA",near21,4,https://www.tradingview.com/chart/?symbol=NASDAQ:POET&interval=D,False,False,False
SEZL,Sezzle Inc.,NASDAQ,Packaged Software,112.84,109.32,113.09,115.92,125.04,135.2,115.16,103.49,110.72,113.68,113.76,111.24,4.55,5.01,5.65,527036.6,473408.5333333335,53419419.0,54879648.0,0.7,1.25,3799888582.9156523,-7.33,238,-34.77,360,63.25,84,7.05,-1.95,-0.22,0.15,0.45,28.3,0.161,28.11,False,False,False,True,True,True,True,True,False,True,False,True,False,False,False,False,2026-11-05,False,False,5,thin RVOL,"near21, ADR",7,https://www.tradingview.com/chart/?symbol=NASDAQ:SEZL&interval=D,False,False,False
VCYT,"Veracyte, Inc.",NASDAQ,Medical Specialties,44.65,45.75,43.47,43.58,44.55,48.36,43.49,42.54,45.17,44.48,48.84,44.09,6.05,5.83,2.6,1609773.5,1453017.7666666666,64877243.0,63321788.0,1.09,0.69,3589446037.27082,1.0,155,-19.08,298,38.58,130,6.83,0.04,2.72,0.07,1.83,21.6,0.249,13.03,False,False,False,True,True,True,False,False,False,True,True,True,False,False,False,False,2026-11-10,False,False,5,thin RVOL,near21,5,https://www.tradingview.com/chart/?symbol=NASDAQ:VCYT&interval=D,False,False,False
RHI,Robert Half Inc.,NYSE,Personnel Services,33.67,36.23,36.96,39.19,40.22,36.18,32.57,31.35,36.05,37.37,34.67,33.44,4.2,4.68,1.58,1829493.6,1913074.2666666666,64413211.0,74965091.0,1.47,0.7,3446522842.0,-21.07,350,-1.29,183,42.01,124,6.55,-3.48,-8.91,2.12,0.78,14.6,0.132,26.33,False,False,False,True,False,False,True,False,False,False,False,True,False,False,True,False,2026-10-27,False,False,5,thin RVOL,RVOL,4,https://www.tradingview.com/chart/?symbol=NYSE:RHI&interval=D,False,False,False
BLSH,Bullish,NYSE,Packaged Software,33.38,36.07,36.16,35.41,31.2,29.44,32.62,33.35,35.28,35.15,35.3,33.01,6.73,6.94,2.32,921250.9,1429456.1333333333,47715246.0,50618948.0,1.12,0.82,5017087224.156041,-3.78,196,33.73,67,-10.96,268,6.33,1.01,-7.7,0.73,0.99,16.0,0.271,20.15,False,False,False,True,False,True,True,False,False,True,False,True,False,False,False,False,2026-11-25,False,False,5,thin RVOL,near21,5,https://www.tradingview.com/chart/?symbol=NYSE:BLSH&interval=D,False,False,False
CRWV,"CoreWeave, Inc.",NASDAQ,Packaged Software,91.72,88.0,86.69,86.74,87.43,92.1,94.02,92.5,88.1,87.47,93.21,88.6,4.76,5.58,5.12,25147506.9,26444301.9,2425471370.0,2293840450.0,1.3,1.38,50586935276.92139,6.99,108,10.53,130,1.46,228,6.33,0.88,5.8,0.87,0.9,61.0,0.169,7.99,False,True,True,False,False,True,True,False,False,True,False,False,False,True,True,False,2026-11-16,False,False,4,"LoD>60% ATR, below 200-MA","EMA, near21, RVOL",5,https://www.tradingview.com/chart/?symbol=NASDAQ:CRWV&interval=D,False,False,False
EAT,"Brinker International, Inc.",NYSE,Restaurants,190.44,200.07,203.74,213.43,219.34,190.53,175.19,170.36,198.64,204.95,195.32,189.19,4.7,4.85,9.24,1164778.6,1339285.7666666666,255053581.0,285845993.0,0.78,0.02,7975867289.167491,-16.13,316,9.63,134,24.69,166,6.06,-2.72,-6.53,1.46,0.66,13.5,0.148,25.72,False,False,False,True,False,True,True,True,False,True,False,True,False,False,False,False,2026-11-04,False,False,5,thin RVOL,"near21, ADR",6,https://www.tradingview.com/chart/?symbol=NYSE:EAT&interval=D,False,False,False
INFQ,"Infleqtion, Inc.",NYSE,Computer Processing Hardware,12.54,13.58,13.42,13.35,12.69,12.89,12.58,13.21,13.27,13.3,13.19,12.48,6.44,6.57,0.82,6954181.0,7894439.333333333,98996269.0,105367082.0,0.79,1.74,2825977252.4786725,-2.79,194,9.52,135,10.97,201,5.9,-0.18,-6.54,0.87,0.87,7.9,0.177,7.99,False,False,False,False,False,True,True,False,False,True,False,True,False,False,False,False,2026-12-02,False,False,4,"thin RVOL, below 200-MA",near21,4,https://www.tradingview.com/chart/?symbol=NYSE:INFQ&interval=D,False,False,False
FDS,FactSet Research Systems Inc.,NYSE,Financial Publishing/Services,272.01,271.34,273.44,283.43,283.17,261.82,247.48,248.89,272.73,276.12,276.67,271.43,4.03,4.35,11.84,817969.6,910773.5666666667,247739518.0,258137820.0,0.74,-0.33,9674183744.114672,-11.03,268,6.12,147,21.7,174,5.6,-0.91,-0.52,0.34,0.44,4.9,0.102,13.12,False,False,False,True,True,True,True,True,False,True,False,True,False,False,False,False,2026-12-17,False,False,5,thin RVOL,"near21, ADR",7,https://www.tradingview.com/chart/?symbol=NYSE:FDS&interval=D,False,False,False
BRZE,"Braze, Inc.",NASDAQ,Internet Software/Services,26.34,25.04,24.92,27.47,27.62,25.33,24.02,24.2,25.5,25.97,26.89,26.19,4.65,5.5,1.45,1925709.9,2567545.2,67629141.0,70518485.0,0.87,0.49,2991813873.034949,-19.04,338,10.65,128,24.89,165,5.5,-0.84,5.69,0.26,0.48,10.4,0.15,13.64,False,False,False,True,False,True,True,True,False,True,False,True,False,False,False,False,2026-12-15,False,False,5,thin RVOL,"near21, ADR",6,https://www.tradingview.com/chart/?symbol=NASDAQ:BRZE&interval=D,False,False,False
RDW,Redwire Corporation,NYSE,Aerospace & Defense,10.62,10.94,10.96,10.92,11.16,12.54,11.57,11.09,10.81,10.95,11.15,10.54,6.74,7.0,0.74,14285299.9,12795931.966666667,135892797.0,139705985.0,1.38,1.15,2654921646.189837,0.38,164,3.81,160,11.44,199,5.21,-0.7,-3.12,0.43,0.82,10.8,0.159,15.12,False,False,False,False,False,True,True,False,False,True,False,True,False,False,True,False,2026-11-11,False,False,4,"thin RVOL, below 200-MA","near21, RVOL",4,https://www.tradingview.com/chart/?symbol=NYSE:RDW&interval=D,False,False,False
CAMT,Camtek Ltd.,NASDAQ,Electronic Components,154.55,152.55,148.39,145.46,147.91,155.53,161.58,156.21,154.02,150.5,164.44,153.38,4.07,5.19,8.03,411522.5,374852.3,57933423.0,54525391.0,0.84,0.15,7212566542.813947,9.21,99,16.33,107,-10.17,263,5.12,0.86,4.15,0.52,1.38,14.5,0.208,8.85,False,True,True,False,False,True,False,False,False,True,True,True,False,False,False,False,2026-11-17,False,False,4,"thin RVOL, below 200-MA","EMA, near21",5,https://www.tradingview.com/chart/?symbol=NASDAQ:CAMT&interval=D,False,False,False
IREN,IREN Limited,NASDAQ,Data Processing Services,41.28,42.55,43.58,42.54,41.56,46.05,45.42,45.63,42.13,42.63,42.18,40.5,5.92,6.36,2.63,33847654.5,38526821.46666667,1590387190.0,1638918143.0,1.07,1.24,16245225631.090912,0.56,158,1.33,171,13.31,193,5.07,-0.11,-5.28,0.5,0.64,29.7,0.222,10.86,False,False,False,False,False,True,True,True,False,True,False,True,False,True,False,False,2026-12-01,False,False,5,below 200-MA,"near21, ADR",5,https://www.tradingview.com/chart/?symbol=NASDAQ:IREN&interval=D,False,False,False
DXC,DXC Technology Company,NYSE,Data Processing Services,11.83,11.01,11.16,11.18,11.08,10.15,10.74,11.62,11.23,11.14,11.92,11.6,4.09,4.41,0.52,3197287.9000000088,2806139.166666666,33196626.0,31383860.0,1.63,0.77,1890181836.3464837,3.05,137,18.18,104,-6.33,244,4.97,1.54,5.98,1.4,0.62,44.3,0.182,12.37,True,True,True,True,False,True,True,True,False,True,False,True,True,True,True,False,2026-11-04,False,False,6,,"EMA, near21, ADR, RVOL",9,https://www.tradingview.com/chart/?symbol=NYSE:DXC&interval=D,False,False,False
ORKA,"Oruka Therapeutics, Inc.",NASDAQ,Pharmaceuticals: Major,80.18,84.2,88.99,90.76,95.4,85.37,75.2,64.46,84.84,88.18,84.94,77.78,5.64,5.88,4.71,1086413.9,934892.1666666666,74959654.0,84855488.0,1.04,0.66,5308693084.643281,-10.97,266,-5.11,207,28.08,150,4.0,-2.71,-9.9,1.54,1.52,50.9,0.236,38.59,False,False,False,True,False,False,False,False,False,False,True,True,False,False,False,False,2026-11-18,False,False,5,thin RVOL,,3,https://www.tradingview.com/chart/?symbol=NASDAQ:ORKA&interval=D,False,False,False
RKLB,Rocket Lab Corporation,NASDAQ,Aerospace & Defense,75.06,72.19,68.7,67.41,70.1,86.07,83.03,81.61,71.85,70.35,78.28,73.66,5.18,5.38,4.04,21681978.5,19784151.966666665,1484998447.0,1333748605.0,1.28,2.38,44920388858.64256,15.9,68,-13.23,261,8.69,209,3.79,1.31,9.26,1.24,1.14,34.7,0.256,23.14,False,True,True,False,False,True,False,False,False,True,True,True,False,True,True,False,2026-11-16,False,True,4,"below 200-MA, large gap","EMA, near21, RVOL",5,https://www.tradingview.com/chart/?symbol=NASDAQ:RKLB&interval=D,False,False,False
MARA,"MARA Holdings, Inc.",NASDAQ,Data Processing Services,10.97,11.88,11.99,11.72,11.22,12.23,11.53,10.98,11.61,11.72,11.34,10.93,7.17,7.35,0.81,34492967.5,43423294.9,476353545.0,508819695.0,0.79,0.09,4237703530.1862135,-1.92,184,-6.48,215,17.33,187,2.97,-0.3,-8.48,0.87,0.5,5.0,0.284,11.39,False,False,False,False,False,True,True,True,False,True,False,True,False,False,False,False,2026-11-11,False,False,4,"thin RVOL, below 200-MA","near21, ADR",5,https://www.tradingview.com/chart/?symbol=NASDAQ:MARA&interval=D,False,False,False
BTBT,"Bit Digital, Inc.",NASDAQ,Miscellaneous Commercial Services,1.52,1.66,1.64,1.6,1.53,1.66,1.64,1.72,1.62,1.62,1.6,1.51,7.51,8.0,0.12,19880173.1,26709372.2,40598246.0,42770608.0,1.06,1.3,548162927.8961039,-4.7,205,-3.8,199,16.03,190,2.51,-0.07,-7.18,0.77,0.78,8.2,0.29,12.78,False,False,False,False,False,True,True,False,False,True,False,True,False,False,False,False,2026-11-12,False,False,4,"thin RVOL, below 200-MA",near21,4,https://www.tradingview.com/chart/?symbol=NASDAQ:BTBT&interval=D,False,False,False
CRCL,"Circle Internet Group, Inc.",NYSE,Packaged Software,84.13,85.7,88.05,89.98,82.19,81.98,90.28,86.07,85.15,86.48,86.74,83.11,5.85,6.92,5.82,10123140.6,14175041.233333332,1192546219.0,1275493835.0,0.69,0.6,21462649206.16687,-14.14,297,31.06,72,-9.6,259,2.44,0.34,-4.45,0.39,0.62,17.5,0.227,9.87,False,False,False,False,False,True,True,True,False,True,False,True,False,True,False,False,2026-11-18,False,False,5,below 200-MA,"near21, ADR",5,https://www.tradingview.com/chart/?symbol=NYSE:CRCL&interval=D,False,False,False
ICHR,Ichor Holdings,NASDAQ,Industrial Machinery,62.44,60.5,57.56,56.86,61.12,72.62,67.29,58.61,60.71,59.48,65.0,62.1,4.31,5.38,3.36,687978.2,682203.4,42596780.0,38790995.0,0.86,1.97,2338642267.2186956,14.67,74,-25.45,334,17.7,186,2.31,0.4,8.47,0.93,0.87,10.3,0.265,24.12,False,True,True,True,False,True,True,False,False,True,False,True,False,False,False,False,2026-11-09,False,False,5,thin RVOL,"EMA, near21",7,https://www.tradingview.com/chart/?symbol=NASDAQ:ICHR&interval=D,False,False,False
GLW,Corning Incorporated,NYSE,Electronic Components,168.97,158.24,156.41,154.49,153.71,170.41,165.12,151.29,159.67,157.25,170.63,160.5,4.07,4.86,8.21,6869913.4,8254625.433333334,1394784059.0,1275254332.0,1.33,1.03,145548777549.0366,13.75,79,-7.88,227,0.65,230,2.18,2.04,8.03,1.53,1.23,103.2,0.197,11.31,False,True,True,True,False,False,False,False,False,False,True,False,False,True,True,False,2026-10-27,False,False,5,LoD>60% ATR,"EMA, RVOL",4,https://www.tradingview.com/chart/?symbol=NYSE:GLW&interval=D,False,False,False
QUBT,Quantum Computing Inc.,NASDAQ,Information Technology Services,7.86,8.51,8.4,8.32,8.43,9.1,8.81,9.16,8.31,8.38,8.36,7.85,5.33,5.47,0.43,7727849.8,6785286.633333334,53332353.0,56476202.0,1.0,1.26,1779086354.8413095,-0.88,177,-7.8,226,14.58,192,1.96,-1.24,-6.39,1.14,1.19,2.3,0.217,9.66,False,False,False,False,False,True,False,False,False,True,True,True,False,False,False,False,2026-11-18,False,False,4,"thin RVOL, below 200-MA",near21,3,https://www.tradingview.com/chart/?symbol=NASDAQ:QUBT&interval=D,False,False,False
JBL,Jabil Inc.,NYSE,Industrial Machinery,309.19,307.51,305.38,305.78,316.58,333.72,321.61,302.56,305.45,307.19,309.25,299.0,4.16,4.32,13.36,1752088.9,1300499.4,402101409.0,397668007.0,0.69,-0.21,32399119533.524857,-0.08,167,-2.76,192,7.68,211,1.61,-0.54,1.25,0.15,0.77,76.3,0.113,10.08,False,False,False,True,True,True,True,False,False,True,False,False,False,True,False,False,2026-12-10,False,False,5,LoD>60% ATR,near21,5,https://www.tradingview.com/chart/?symbol=NYSE:JBL&interval=D,False,False,False
WGS,GeneDx Holdings Corp.,NASDAQ,Medical/Nursing Services,71.52,78.79,86.01,86.3,81.83,69.95,68.42,77.73,78.29,82.11,79.68,70.24,9.42,8.67,6.2,891810.1,703197.3000000002,50292671.0,60685458.0,0.83,0.34,2132907986.9075654,-18.52,336,11.52,124,11.4,200,1.47,-1.45,-16.84,1.49,1.52,20.6,0.462,24.59,False,False,False,False,False,True,False,False,False,True,True,True,False,False,False,False,2026-11-03,False,False,4,"thin RVOL, below 200-MA",near21,3,https://www.tradingview.com/chart/?symbol=NASDAQ:WGS&interval=D,False,False,False
EQPT,EquipmentShare.com Inc,NASDAQ,Internet Software/Services,18.9,17.96,18.02,18.07,18.73,19.45,20.46,,18.24,18.19,19.95,18.74,6.3,6.28,1.19,3704129.1,3132357.433333333,59201555.0,56614228.0,0.48,0.53,4796952621.0,3.85,130,6.96,145,-6.94,248,1.29,0.15,4.91,0.62,1.02,13.5,0.137,13.21,False,True,True,False,False,True,False,False,False,True,True,True,False,False,False,False,2026-12-02,False,False,4,"thin RVOL, below 200-MA","EMA, near21",5,https://www.tradingview.com/chart/?symbol=NASDAQ:EQPT&interval=D,False,False,False
IDYA,"IDEAYA Biosciences, Inc.",NASDAQ,Pharmaceuticals: Major,36.63,37.52,37.88,38.75,38.05,35.48,34.15,34.11,37.68,37.97,38.56,36.11,4.37,4.23,1.55,963649.6,821215.7666666667,30081134.0,31821563.0,0.84,0.45,3534410025.0520234,-7.38,241,-8.15,228,18.83,182,1.1,-0.88,-3.31,0.84,1.58,33.5,0.078,10.77,False,False,False,True,False,True,False,False,True,True,True,True,False,False,False,False,2026-11-10,False,False,5,thin RVOL,"near21, BB",5,https://www.tradingview.com/chart/?symbol=NASDAQ:IDYA&interval=D,False,False,False
VOYG,"Voyager Technologies, Inc.",NYSE,Information Technology Services,30.88,30.99,33.04,33.36,34.54,35.37,32.83,31.96,31.46,32.62,31.56,30.22,6.87,7.5,2.32,3691112.7,2108137.2333333334,65099278.0,70337296.0,0.49,1.19,1884577375.8675497,-6.48,221,-1.4,185,10.01,205,0.71,-1.41,-6.55,0.71,0.58,28.5,0.296,14.18,False,False,False,False,False,True,True,True,False,True,False,True,False,False,False,False,2026-11-02,False,False,4,"thin RVOL, below 200-MA","near21, ADR",5,https://www.tradingview.com/chart/?symbol=NYSE:VOYG&interval=D,False,False,False
KOS,Kosmos Energy Ltd.,NYSE,Integrated Oil,2.6,2.6,2.72,2.76,2.7,2.64,2.67,2.36,2.6,2.67,2.64,2.47,5.43,6.11,0.16,14467085.5,12699232.7,33018005.0,35054115.0,1.14,0.79,1548267773.4126985,-6.14,218,13.29,117,-5.45,241,0.57,-0.58,-4.55,0.41,1.07,81.9,0.256,13.98,False,False,False,True,False,True,False,False,False,True,True,False,False,False,False,False,2026-11-09,False,False,4,"LoD>60% ATR, thin RVOL",near21,3,https://www.tradingview.com/chart/?symbol=NYSE:KOS&interval=D,False,False,False
EPAM,"EPAM Systems, Inc.",NYSE,Information Technology Services,109.31,109.02,112.87,113.66,109.61,100.33,109.12,129.58,110.18,111.04,109.98,107.58,4.09,4.67,5.11,1047205.2,1091602.2,119323036.0,124070778.0,0.76,-0.86,5638972508.41237,-7.81,245,23.82,86,-16.21,289,-0.06,-0.06,-3.15,0.33,0.47,33.9,0.175,26.77,False,False,False,False,False,True,True,True,False,True,False,True,False,False,False,False,2026-11-05,False,False,4,"thin RVOL, below 200-MA","near21, ADR",5,https://www.tradingview.com/chart/?symbol=NYSE:EPAM&interval=D,False,False,False
FIVE,"Five Below, Inc.",NASDAQ,Discount Stores,209.92,221.02,230.29,236.43,234.95,217.26,220.08,215.11,221.28,227.59,217.11,209.45,4.01,4.34,9.11,995282.3,1210259.0,254057569.0,286135887.0,1.09,-0.36,11556942674.740887,-12.12,276,18.89,101,-7.32,249,-0.18,-2.46,-8.85,1.79,0.84,5.2,0.185,9.45,False,False,False,False,False,False,True,False,False,False,False,True,False,True,False,False,2026-12-02,False,False,5,below 200-MA,,3,https://www.tradingview.com/chart/?symbol=NASDAQ:FIVE&interval=D,False,False,False
AESI,Atlas Energy Solutions Inc.,NYSE,Oilfield Services/Equipment,12.71,12.01,12.76,12.82,12.35,14.28,14.28,13.4,12.34,12.51,13.12,12.51,5.92,6.62,0.84,4764767.3,3499590.533333333,44479796.0,44871750.0,0.7,-0.47,1588793960.4127357,-3.12,195,-10.18,243,12.38,196,-0.31,0.44,-0.43,0.24,0.72,23.8,0.3,17.86,False,False,False,False,True,True,True,False,False,True,False,True,False,False,False,False,2026-11-02,False,False,4,"thin RVOL, below 200-MA",near21,5,https://www.tradingview.com/chart/?symbol=NYSE:AESI&interval=D,False,False,False
FIG,FIGMA INC,NYSE,Packaged Software,21.93,21.28,22.06,23.58,24.35,22.87,22.46,24.41,21.67,22.36,22.32,21.8,4.38,5.37,1.18,9541319.4,13667435.1,299726852.0,322264452.0,0.63,0.91,11688901021.200817,-11.18,272,0.55,174,9.6,208,-0.34,-1.85,-0.57,0.35,0.44,11.0,0.182,14.27,False,False,False,False,True,True,True,True,False,True,False,True,False,True,False,False,2026-11-11,False,False,5,below 200-MA,"near21, ADR",6,https://www.tradingview.com/chart/?symbol=NYSE:FIG&interval=D,False,False,False
RGTI,"Rigetti Computing, Inc.",NASDAQ,Computer Processing Hardware,15.17,15.78,15.67,15.67,16.15,17.77,17.38,18.25,15.58,15.74,15.77,15.0,5.51,5.8,0.88,15783080.9,15824291.533333333,240054503.0,247927088.0,0.94,0.86,5063271624.587459,-0.33,170,-6.67,218,5.86,218,-0.38,-1.05,-3.19,0.62,0.88,19.9,0.14,16.98,False,False,False,False,False,True,True,False,False,True,False,True,False,False,False,False,2026-11-16,False,False,4,"thin RVOL, below 200-MA",near21,4,https://www.tradingview.com/chart/?symbol=NASDAQ:RGTI&interval=D,False,False,False
VG,"Venture Global, Inc.",NYSE,Oil & Gas Pipelines,13.51,13.0,13.84,14.07,13.85,13.23,13.29,12.13,13.25,13.55,13.81,13.34,4.32,4.91,0.66,12366525.8,13741898.0,185653042.0,193302699.0,0.64,-0.74,33776254077.552414,-5.79,213,11.38,125,-6.83,246,-0.41,-0.5,-2.41,0.06,0.72,26.4,0.309,12.74,False,False,False,True,True,True,True,False,False,True,False,True,False,True,False,False,2026-11-16,False,False,6,,near21,6,https://www.tradingview.com/chart/?symbol=NYSE:VG&interval=D,False,False,False
RIOT,"Riot Platforms, Inc.",NASDAQ,Information Technology Services,18.93,21.19,21.61,21.15,20.8,22.68,20.71,19.4,20.56,21.05,19.73,18.9,7.06,7.56,1.43,15754442.5,15679475.733333332,296812476.0,331647044.0,0.94,0.72,7103651653.071429,-8.73,251,-10.85,248,18.31,184,-0.42,-1.19,-12.39,1.33,0.58,2.1,0.335,17.36,False,False,False,False,False,True,True,True,False,True,False,True,False,False,False,False,2026-11-10,False,False,4,"thin RVOL, below 200-MA","near21, ADR",5,https://www.tradingview.com/chart/?symbol=NASDAQ:RIOT&interval=D,False,False,False
NCNO,"nCino, Inc.",NASDAQ,Packaged Software,19.12,18.97,20.12,20.93,20.4,18.25,17.72,18.65,19.24,19.84,19.58,18.9,4.56,4.77,0.91,2073184.2,2544204.0,48645180.0,53246797.0,0.68,0.41,2021675748.3112035,-17.8,330,8.08,143,8.27,210,-0.48,-1.31,-4.99,0.76,0.75,24.7,0.263,13.99,False,False,False,True,False,True,True,False,False,True,False,True,False,False,False,False,2026-12-02,False,False,5,thin RVOL,near21,5,https://www.tradingview.com/chart/?symbol=NASDAQ:NCNO&interval=D,False,False,False
HUBS,"HubSpot, Inc.",NYSE,Packaged Software,217.09,213.65,221.1,230.48,230.89,216.21,223.17,244.76,216.02,220.92,222.86,215.13,5.61,6.03,13.1,1390602.2,1608255.0,349136078.0,370672757.0,0.8,-0.46,10825453278.292416,-12.14,277,8.43,141,0.48,232,-1.08,-0.99,-1.81,0.29,0.59,15.0,0.225,14.33,False,False,False,False,True,True,True,True,False,True,False,True,False,True,False,False,2026-11-11,False,False,5,below 200-MA,"near21, ADR",6,https://www.tradingview.com/chart/?symbol=NYSE:HUBS&interval=D,False,False,False
GLXY,Galaxy Digital Inc.,NASDAQ,Investment Banks/Brokers,22.15,23.51,23.88,24.25,22.99,25.49,24.89,24.86,23.25,23.64,23.28,21.98,6.54,7.13,1.58,4392932.3,5049212.766666667,111840063.0,122460240.0,0.85,1.43,8658193129.8234,-14.08,296,-7.67,225,18.39,183,-1.12,-0.51,-7.26,0.89,0.82,10.8,0.236,11.3,False,False,False,False,False,True,True,False,False,True,False,True,False,False,False,False,2026-10-27,False,False,4,"thin RVOL, below 200-MA",near21,4,https://www.tradingview.com/chart/?symbol=NASDAQ:GLXY&interval=D,False,False,False
AAON,"AAON, Inc.",NASDAQ,Industrial Machinery,88.07,84.69,80.73,79.57,82.64,103.89,100.38,97.92,83.85,82.45,89.31,85.24,4.54,4.69,4.13,1241260.3999999997,1129957.2333333339,99515334.0,89915594.0,0.79,1.17,7261692278.399882,12.94,80,-18.4,292,1.98,227,-1.16,1.4,9.1,1.45,0.98,68.3,0.218,26.31,False,True,True,False,False,True,True,False,False,True,False,False,False,False,False,False,2026-11-09,False,False,3,"LoD>60% ATR, thin RVOL, below 200-MA","EMA, near21",5,https://www.tradingview.com/chart/?symbol=NASDAQ:AAON&interval=D,False,False,False
VRDN,"Viridian Therapeutics, Inc.",NASDAQ,Pharmaceuticals: Major,18.22,19.93,20.98,21.77,21.92,19.82,19.93,22.69,19.81,20.72,19.13,18.07,5.0,5.07,0.92,2087612.1,1643109.7666666666,29937460.0,35770773.0,1.09,0.0,2064185101.863158,-19.45,341,-9.44,238,25.31,161,-1.2,-3.33,-13.17,2.38,1.15,16.2,0.244,15.76,False,False,False,False,False,False,False,False,False,False,True,True,False,False,False,False,2026-11-16,False,False,4,"thin RVOL, below 200-MA",,2,https://www.tradingview.com/chart/?symbol=NASDAQ:VRDN&interval=D,False,False,False
UCTT,"Ultra Clean Holdings, Inc.",NASDAQ,Industrial Machinery,73.24,76.97,73.81,72.68,76.44,87.95,81.71,72.25,75.39,75.06,74.84,71.73,5.37,6.42,4.7,1076696.0,892544.6,65369967.0,64872819.0,1.02,1.11,3316089316.442043,6.92,109,-18.26,289,6.29,217,-1.68,-0.65,-0.77,0.38,0.66,32.1,0.247,21.43,False,False,False,True,True,True,True,False,False,True,False,True,False,False,False,False,2026-10-27,False,False,5,thin RVOL,near21,6,https://www.tradingview.com/chart/?symbol=NASDAQ:UCTT&interval=D,False,False,False
COCO,"The Vita Coco Company, Inc.",NASDAQ,Food: Specialty/Candy,54.48,57.0,56.03,56.94,60.2,67.73,63.66,61.39,56.32,57.07,55.98,54.39,4.29,4.45,2.43,924100.6,1326317.2,72257761.0,75526249.0,1.05,-0.04,3126993080.3036876,-0.13,168,-17.77,283,12.68,195,-1.74,-2.13,-2.77,1.02,0.66,3.7,0.164,21.46,False,False,False,False,True,True,True,True,False,True,False,True,False,False,False,False,2026-11-04,False,False,4,"thin RVOL, below 200-MA","near21, ADR",6,https://www.tradingview.com/chart/?symbol=NASDAQ:COCO&interval=D,False,False,False
EXPE,"Expedia Group, Inc.",NASDAQ,Other Consumer Services,260.07,262.68,272.53,285.85,297.66,270.98,260.66,259.84,265.51,274.31,266.88,253.16,4.38,4.44,11.54,2221342.9,2124468.3,552510471.0,607282096.0,0.62,0.55,31213313749.60499,-13.94,295,-2.25,187,10.68,204,-1.84,-2.85,-4.57,1.17,1.19,59.9,0.158,14.54,False,False,False,True,False,True,False,False,False,True,True,True,False,True,False,False,2026-10-29,False,False,6,,near21,4,https://www.tradingview.com/chart/?symbol=NASDAQ:EXPE&interval=D,False,False,False
BLLN,"BillionToOne, Inc.",NASDAQ,Medical/Nursing Services,99.94,112.94,108.55,104.43,106.68,107.41,98.09,95.31,108.64,108.05,112.87,98.9,8.18,7.38,7.38,620777.0,637337.3666666667,63695496.0,66555760.0,1.8,-1.1,4715872301.634147,2.15,144,-15.02,271,7.01,215,-1.95,-0.86,-7.93,1.02,1.89,14.1,0.303,17.64,False,False,False,True,False,True,False,False,False,True,True,True,True,True,True,False,2026-12-15,False,False,6,,"near21, RVOL",4,https://www.tradingview.com/chart/?symbol=NASDAQ:BLLN&interval=D,False,False,False
AKAM,"Akamai Technologies, Inc.",NASDAQ,Data Processing Services,108.62,109.9,109.33,108.55,111.64,121.62,117.6,111.89,109.01,109.52,111.6,107.51,6.07,5.52,5.99,8057500.3,4896034.433333334,531807260.0,531467802.0,0.34,1.4,15610498278.88397,3.45,132,-4.53,204,-5.72,243,-2.27,-0.49,-0.65,0.15,0.68,18.5,0.156,11.32,False,False,False,False,True,True,True,True,False,True,False,True,False,True,False,False,2026-11-10,False,False,5,below 200-MA,"near21, ADR",6,https://www.tradingview.com/chart/?symbol=NASDAQ:AKAM&interval=D,False,False,False
COMP,"Compass, Inc.",NYSE,Real Estate Development,9.29,9.17,9.74,10.15,10.99,10.48,9.62,10.08,9.34,9.76,9.46,9.19,4.9,5.16,0.48,18098061.9,14996520.733333332,139317678.0,152174695.0,0.76,0.75,7131418767.0,-14.38,299,-19.08,297,26.57,154,-2.3,-2.99,-4.6,0.93,0.55,20.8,0.25,19.53,False,False,False,False,False,True,True,True,False,True,False,True,False,False,False,False,2026-11-11,False,False,4,"thin RVOL, below 200-MA","near21, ADR",5,https://www.tradingview.com/chart/?symbol=NYSE:COMP&interval=D,False,False,False
PTRN,Pattern Group Inc. - Series A,NASDAQ,Advertising/Marketing Services,17.82,17.51,18.67,19.35,20.48,21.49,18.64,17.09,17.79,18.59,17.86,17.21,4.91,5.15,0.92,1690432.8,1582402.9333333333,28198420.0,30620552.0,0.85,0.4,3161251773.666858,-12.86,283,-36.56,364,41.54,125,-2.63,-2.52,-4.54,0.8,0.71,66.4,0.275,24.67,False,False,False,True,False,True,True,True,False,True,False,False,False,False,False,False,2026-11-11,False,False,4,"LoD>60% ATR, thin RVOL","near21, ADR",5,https://www.tradingview.com/chart/?symbol=NASDAQ:PTRN&interval=D,False,False,False
MWH,"SOLV Energy, Inc.",NASDAQ,Engineering & Construction,26.52,24.92,25.37,25.61,26.95,30.14,31.28,,25.26,25.56,27.11,25.17,4.38,4.97,1.32,1317189.2,1361364.1333333333,36103377.0,34869527.0,0.77,0.56,5367425913.761658,7.76,105,-6.95,221,-8.87,256,-2.68,-0.32,4.55,0.76,1.47,102.4,0.133,23.97,False,False,False,False,False,True,False,False,False,True,True,False,False,False,False,False,2026-12-02,False,False,3,"LoD>60% ATR, thin RVOL, below 200-MA",near21,2,https://www.tradingview.com/chart/?symbol=NASDAQ:MWH&interval=D,False,False,False
LPTH,"LightPath Technologies, Inc.",NASDAQ,Electronic Components,10.87,10.36,10.04,10.4,11.27,12.58,12.45,12.15,10.5,10.48,11.31,10.77,4.69,6.42,0.7,2199563.5,3219456.1,34995488.0,33468392.0,1.03,1.48,761294036.9972247,10.24,93,-12.83,259,-5.48,242,-2.69,-0.56,8.29,0.58,0.77,14.3,0.216,23.41,False,False,True,False,False,True,True,False,False,True,False,True,False,False,False,False,2026-11-05,False,False,4,"thin RVOL, below 200-MA","EMA, near21",5,https://www.tradingview.com/chart/?symbol=NASDAQ:LPTH&interval=D,False,False,False
PRM,"Perimeter Solutions, SA",NYSE,Chemicals: Major Diversified,28.62,27.79,29.58,30.15,31.45,32.59,30.48,29.65,28.27,29.25,28.92,27.89,4.64,4.69,1.34,1555523.6,1202765.7333333334,34423155.0,36258977.0,0.73,0.71,4684719604.110438,-9.89,258,-13.43,265,13.12,194,-3.4,-1.92,-3.26,0.46,0.77,54.4,0.263,16.78,False,False,False,False,False,True,True,False,False,True,False,True,False,False,False,False,2026-10-30,False,False,4,"thin RVOL, below 200-MA",near21,4,https://www.tradingview.com/chart/?symbol=NYSE:PRM&interval=D,False,False,False
MOD,Modine Manufacturing Company,NYSE,Industrial Machinery,189.91,176.94,174.27,173.01,176.59,209.0,210.5,197.51,178.33,176.57,194.22,184.6,4.85,5.3,10.07,1616725.1013257394,1438074.032718797,273104640.0,248804076.0,1.05,2.78,10086634052.048986,10.84,90,-9.53,239,-11.88,274,-3.53,1.42,8.97,1.42,0.96,52.7,0.167,19.08,False,True,True,False,False,True,True,False,False,True,False,True,False,True,False,False,2026-11-03,False,True,4,"below 200-MA, large gap","EMA, near21",6,https://www.tradingview.com/chart/?symbol=NYSE:MOD&interval=D,False,False,False
BTDR,Bitdeer Technologies Group,NASDAQ,Data Processing Services,10.91,11.19,11.59,11.48,10.91,13.07,12.17,12.01,11.15,11.32,11.27,10.86,7.25,7.85,0.86,9430493.3,10197539.633333333,111255157.0,117023566.0,0.62,0.73,2965144388.924063,-6.91,225,-13.62,266,9.65,207,-3.63,0.0,-5.85,0.46,0.48,5.8,0.28,19.83,False,False,False,False,False,True,True,True,False,True,False,True,False,False,False,False,2026-11-16,False,False,4,"thin RVOL, below 200-MA","near21, ADR",5,https://www.tradingview.com/chart/?symbol=NASDAQ:BTDR&interval=D,False,False,False
EROC,"ERock, Inc.",NYSE,Electrical Products,13.64,12.43,12.41,12.4,12.41,,,,12.6,12.53,14.39,12.6,6.99,8.38,1.14,2369553.2,2528871.7,34493810.0,31351265.0,2.23,1.69,2992617169.142857,16.78,65,4.44,155,-32.14,345,-3.64,1.18,9.89,1.06,1.57,91.2,0.2,0.13,False,True,True,False,False,True,False,False,False,True,True,False,True,True,True,True,2026-12-02,False,False,4,"LoD>60% ATR, below 200-MA","EMA, near21, RVOL",5,https://www.tradingview.com/chart/?symbol=NYSE:EROC&interval=D,False,False,False
BTU,Peabody Energy Corporation,NYSE,Coal,25.43,25.19,26.21,27.05,25.92,25.38,27.13,28.82,25.36,25.89,25.51,24.54,4.48,4.55,1.16,1823453.1,2369600.066666667,60258930.0,64097682.0,1.0,-0.67,3099917038.8929405,-7.02,226,11.93,122,-16.04,287,-3.71,-0.42,-2.98,0.39,0.83,76.4,0.222,14.28,False,False,False,False,True,True,True,False,False,True,False,False,False,False,False,False,2026-10-29,False,False,3,"LoD>60% ATR, thin RVOL, below 200-MA",near21,4,https://www.tradingview.com/chart/?symbol=NYSE:BTU&interval=D,False,False,False
ARQT,"Arcutis Biotherapeutics, Inc.",NASDAQ,Pharmaceuticals: Major,23.92,25.96,25.51,25.08,25.57,25.17,24.51,25.17,25.48,25.53,25.37,23.88,5.76,5.08,1.22,2342289.3,2956269.7666666666,70713973.0,74140782.0,1.09,0.87,3006551713.6349907,2.79,139,-12.61,257,-1.4,233,-3.74,-1.27,-6.23,1.24,1.22,2.9,0.205,6.05,False,False,False,False,False,True,False,False,False,True,True,True,False,False,False,False,2026-10-29,False,False,4,"thin RVOL, below 200-MA",near21,3,https://www.tradingview.com/chart/?symbol=NASDAQ:ARQT&interval=D,False,False,False
WDC,Western Digital Corporation,NASDAQ,Computer Peripherals,411.04,447.25,444.84,449.14,462.86,510.9,457.11,402.58,439.82,446.83,430.33,406.81,5.66,7.21,29.63,9496953.3,7439027.366666666,3057737809.0,3341132516.0,1.57,-3.41,148196746346.43277,-9.11,254,-21.86,314,19.53,179,-3.81,-1.55,-7.6,1.11,0.79,14.3,0.183,26.35,False,False,False,True,False,True,True,False,False,True,False,True,True,True,True,False,2026-10-22,False,True,5,large gap,"near21, RVOL",5,https://www.tradingview.com/chart/?symbol=NASDAQ:WDC&interval=D,False,False,False
BHVN,Biohaven Ltd.,NYSE,Pharmaceuticals: Major,12.08,13.08,13.24,14.02,14.02,13.5,12.21,12.06,13.03,13.42,13.04,11.88,7.72,7.9,0.95,2032965.6,3412907.066666667,41227917.0,47863746.0,1.55,0.23,1824608869.2922127,-22.16,353,-20.79,310,30.59,141,-4.12,-1.76,-8.8,1.26,1.22,21.0,0.236,16.28,False,False,False,True,False,True,False,False,False,True,True,True,True,True,True,False,2026-11-17,False,False,6,,"near21, RVOL",4,https://www.tradingview.com/chart/?symbol=NYSE:BHVN&interval=D,False,False,False
DPC,DPC Holdings PLC,NYSE,Electrical Products,42.01,41.54,41.16,41.8,44.71,,,,41.54,41.89,42.75,41.16,4.67,5.98,2.51,1295933.3,1251940.3666666667,52594015.0,52330690.0,0.32,1.09,6276000540.906447,0.41,163,-10.33,245,-4.52,240,-4.82,-1.01,2.07,0.05,0.63,33.8,0.08,8.46,False,False,False,False,True,True,True,False,True,True,False,True,False,False,False,False,2026-12-02,False,False,4,"thin RVOL, below 200-MA","near21, BB",6,https://www.tradingview.com/chart/?symbol=NYSE:DPC&interval=D,False,False,False
LGN,Legence Corp.,NASDAQ,Engineering & Construction,56.34,53.41,53.92,54.14,57.7,68.81,68.56,63.52,53.96,54.49,56.74,54.22,4.39,5.22,2.94,1045873.6,922790.9,51990039.0,49961591.0,0.88,1.88,6088972458.150585,6.52,112,-19.18,299,-2.12,235,-4.93,-0.45,4.48,0.65,0.86,72.0,0.095,27.34,False,False,False,False,False,True,True,False,True,True,False,False,False,False,False,False,2026-11-13,False,False,3,"LoD>60% ATR, thin RVOL, below 200-MA","near21, BB",4,https://www.tradingview.com/chart/?symbol=NASDAQ:LGN&interval=D,False,False,False
BRUN,Boost Run Inc.,NASDAQ,Packaged Software,15.17,16.13,16.16,16.73,17.91,23.99,20.48,18.31,15.91,16.49,16.25,14.79,8.46,10.42,1.58,2098098.2,2275940.4,34526016.0,38083311.0,2.93,8.9,1271930772.529658,-11.03,267,-45.82,381,40.99,127,-5.29,-1.47,-6.14,0.77,0.92,24.0,0.254,51.83,False,False,False,False,False,True,True,False,False,True,False,True,True,True,True,False,2026-12-02,False,True,4,"below 200-MA, large gap","near21, RVOL",4,https://www.tradingview.com/chart/?symbol=NASDAQ:BRUN&interval=D,False,False,False
GLOB,Globant S.A.,NYSE,Information Technology Services,35.56,34.96,36.17,37.29,37.6,36.14,39.03,44.53,35.51,36.12,35.87,35.24,4.31,5.1,1.81,846381.9,972617.4666666667,34586277.0,36270526.0,0.57,0.06,1535464939.7426574,-10.69,263,16.21,108,-22.12,314,-5.53,-1.06,-1.68,0.3,0.35,17.6,0.205,26.9,False,False,False,False,True,True,True,True,False,True,False,True,False,False,False,False,2026-11-12,False,False,4,"thin RVOL, below 200-MA","near21, ADR",6,https://www.tradingview.com/chart/?symbol=NYSE:GLOB&interval=D,False,False,False
TMDX,"TransMedics Group, Inc.",NASDAQ,Medical Specialties,80.28,82.81,84.59,85.81,85.59,78.49,88.01,99.57,82.57,84.06,84.05,80.08,4.8,5.23,4.2,703576.4,721360.1333333333,57910792.0,61900995.0,0.79,1.06,2783720504.6395955,-5.14,208,14.6,113,-26.54,328,-5.69,-1.19,-5.09,0.86,0.95,4.8,0.13,26.25,False,False,False,False,False,True,True,False,False,True,False,True,False,False,False,False,2026-11-04,False,False,4,"thin RVOL, below 200-MA",near21,4,https://www.tradingview.com/chart/?symbol=NASDAQ:TMDX&interval=D,False,False,False
MIR,"Mirion Technologies, Inc.",NYSE,Aerospace & Defense,16.27,15.06,15.53,15.54,15.48,16.4,17.42,19.05,15.19,15.37,16.45,15.18,4.19,4.48,0.73,3857592.0,3790191.3333333335,61666413.0,58908417.0,1.54,1.74,4051842528.4235926,-1.99,185,2.78,165,-19.01,299,-6.07,1.14,4.75,1.31,1.74,149.4,0.202,24.53,False,True,False,False,False,True,False,False,False,True,True,False,True,True,True,False,2026-11-03,False,False,4,"LoD>60% ATR, below 200-MA","near21, RVOL",3,https://www.tradingview.com/chart/?symbol=NYSE:MIR&interval=D,False,False,False
SGRY,"Surgery Partners, Inc.",NASDAQ,Hospital/Nursing Management,13.41,13.94,13.99,14.01,14.44,14.71,14.23,14.5,13.75,13.96,13.57,13.22,5.67,5.19,0.7,1745921.9,2337136.966666667,31341007.0,32742510.0,0.36,0.75,1755613838.6331584,-5.36,210,-20.74,309,7.19,214,-6.3,-1.38,-4.12,0.76,0.5,27.3,0.177,5.75,False,False,False,False,False,True,True,True,False,True,False,True,False,False,False,False,2026-11-10,False,False,4,"thin RVOL, below 200-MA","near21, ADR",5,https://www.tradingview.com/chart/?symbol=NASDAQ:SGRY&interval=D,False,False,False
RIVN,"Rivian Automotive, Inc.",NASDAQ,Motor Vehicles,14.51,14.86,15.21,15.51,15.66,15.95,15.82,16.13,14.82,15.14,14.83,14.42,4.22,4.54,0.66,27126273.3,23014114.7,333934804.0,356887548.0,0.63,-0.14,21008458146.78493,-7.99,247,-7.4,223,-3.52,238,-6.31,-1.62,-4.62,0.92,0.62,12.9,0.131,8.71,False,False,False,False,False,True,True,True,False,True,False,True,False,True,False,False,2026-10-29,False,False,5,below 200-MA,"near21, ADR",5,https://www.tradingview.com/chart/?symbol=NASDAQ:RIVN&interval=D,False,False,False
CVNA,Carvana Co.,NYSE,Specialty Stores,63.88,63.42,65.69,68.47,68.81,67.86,68.29,71.68,64.03,65.68,65.28,62.68,4.37,4.95,3.16,8449333.8,7194277.966666667,459570477.0,492608999.0,0.54,1.18,70297628755.03326,-12.31,279,-3.43,196,-3.53,239,-6.42,-1.45,-2.75,0.55,0.82,37.9,0.187,12.93,False,False,False,False,True,True,True,False,False,True,False,True,False,True,False,False,2026-10-28,False,False,5,below 200-MA,near21,5,https://www.tradingview.com/chart/?symbol=NYSE:CVNA&interval=D,False,False,False
QBTS,D-Wave Quantum Inc.,NASDAQ,Computer Processing Hardware,15.79,16.52,16.77,16.95,18.05,20.38,19.63,20.71,16.36,16.82,16.26,15.64,6.01,6.12,0.97,16372000.3,16154368.933333334,255077485.0,273784245.0,0.81,0.7,5994304572.303708,-5.96,216,-23.05,323,9.65,206,-6.45,-2.05,-5.84,1.0,0.65,16.0,0.144,26.54,False,False,False,False,False,True,True,True,False,True,False,True,False,False,False,False,2026-11-05,False,False,4,"thin RVOL, below 200-MA","near21, ADR",5,https://www.tradingview.com/chart/?symbol=NASDAQ:QBTS&interval=D,False,False,False
ENPH,"Enphase Energy, Inc.",NASDAQ,Electrical Products,33.91,32.77,34.32,35.25,36.81,43.93,41.73,41.25,33.4,34.32,34.16,33.0,4.16,5.01,1.7,5122565.9,4605568.9,156174841.0,162367029.0,0.79,-0.12,4481024778.895066,-6.39,219,-18.33,291,5.05,221,-6.56,-1.57,-1.19,0.24,0.68,53.5,0.207,32.91,False,False,False,False,True,True,True,False,False,True,False,True,False,False,False,False,2026-10-27,False,False,4,"thin RVOL, below 200-MA",near21,5,https://www.tradingview.com/chart/?symbol=NASDAQ:ENPH&interval=D,False,False,False
GEN,Gen Digital Inc.,NASDAQ,Packaged Software,22.8,22.4,26.14,27.56,27.84,26.58,24.42,24.55,23.23,25.12,23.0,22.33,6.06,5.1,1.16,17620081.8,10384423.966666667,236764866.0,286203378.0,0.44,0.31,13647784844.380611,-26.59,380,-14.8,270,20.95,177,-6.81,-3.55,-12.79,1.81,0.58,40.4,0.607,23.9,False,False,False,False,False,False,True,True,False,True,False,True,False,True,False,False,2026-11-10,False,False,5,below 200-MA,ADR,4,https://www.tradingview.com/chart/?symbol=NASDAQ:GEN&interval=D,False,False,False
CDE,"Coeur Mining, Inc.",NYSE,Precious Metals,17.17,18.02,19.03,19.77,18.99,17.9,18.4,19.27,17.98,18.68,17.39,16.77,4.27,5.28,0.91,35608896.4,34428349.8,591134766.0,680522238.0,0.68,1.64,17649644166.5132,-18.45,335,10.21,132,-13.11,279,-7.12,-1.82,-9.79,1.53,0.68,44.1,0.256,8.01,False,False,False,False,False,False,True,False,False,False,False,True,False,True,False,False,2026-11-11,False,False,5,below 200-MA,,3,https://www.tradingview.com/chart/?symbol=NYSE:CDE&interval=D,False,False,False
APLD,Applied Digital Corporation,NASDAQ,Data Processing Services,25.34,25.44,25.87,26.04,27.15,32.87,32.12,32.13,25.37,25.9,25.89,24.82,5.89,6.55,1.66,17765508.2,16478325.833333341,417560777.0,429035184.0,1.35,2.43,7579051325.540891,-2.54,191,-16.85,278,-2.73,237,-7.37,-1.02,-2.05,0.33,0.65,31.6,0.224,29.32,False,False,False,False,True,True,True,True,False,True,False,True,False,False,True,False,2026-10-07,True,True,2,"thin RVOL, earnings soon, below 200-MA, large gap","near21, ADR, RVOL",5,https://www.tradingview.com/chart/?symbol=NASDAQ:APLD&interval=D,False,False,False
ONDS,Ondas Inc,NASDAQ,Telecommunications Equipment,7.41,7.43,7.38,7.53,7.98,8.51,8.97,9.44,7.4,7.5,7.62,7.33,4.89,5.51,0.41,58598672.2,60161961.43333333,445800134.0,453069705.0,0.8,0.27,4314862854.206201,-2.63,192,1.37,170,-21.3,306,-7.52,-1.29,0.38,0.22,0.7,19.6,0.09,27.76,False,False,False,False,True,True,True,False,True,True,False,True,False,False,False,False,2026-11-16,False,False,4,"thin RVOL, below 200-MA","near21, BB",6,https://www.tradingview.com/chart/?symbol=NASDAQ:ONDS&interval=D,False,False,False
EXK,Endeavour Silver Corporation,NYSE,Precious Metals,8.67,8.85,9.51,10.0,9.79,9.18,9.4,9.94,8.94,9.37,8.74,8.45,4.71,5.75,0.5,7614381.8,8026186.566666666,69587038.0,80293970.0,0.62,1.05,2567572604.9681892,-22.31,356,10.59,129,-11.44,270,-7.72,-2.0,-8.87,1.3,0.58,44.2,0.322,12.5,False,False,False,False,False,True,True,True,False,True,False,True,False,False,False,False,2026-11-10,False,False,4,"thin RVOL, below 200-MA","near21, ADR",5,https://www.tradingview.com/chart/?symbol=NYSE:EXK&interval=D,False,False,False
BSP,Bending Spoons S.p.A.,NASDAQ,Packaged Software,33.07,33.0,35.87,37.84,39.06,,,,33.57,35.44,34.02,32.14,6.39,7.19,2.38,2998726.8,2147437.066666667,71015744.0,81255797.0,0.7,1.28,21006702302.47883,-19.99,343,-10.31,244,6.68,216,-7.87,-2.13,-7.82,0.93,0.79,39.1,0.339,18.3,False,False,False,False,False,True,True,False,False,True,False,True,False,True,False,False,2026-11-12,False,False,5,below 200-MA,near21,4,https://www.tradingview.com/chart/?symbol=NASDAQ:BSP&interval=D,False,False,False
CNXC,Concentrix Corporation,NASDAQ,Information Technology Services,24.84,26.46,27.44,28.3,27.07,26.03,26.73,29.65,26.23,27.01,26.09,24.25,9.08,8.95,2.22,2700471.5,1956512.1666666667,48599762.0,55373207.0,0.54,0.23,1513948415.0583687,-23.52,363,9.86,133,-10.42,266,-8.03,-0.92,-9.47,0.9,0.83,26.5,0.263,14.59,False,False,False,False,False,True,True,False,False,True,False,True,False,False,False,False,2027-01-19,False,False,4,"thin RVOL, below 200-MA",near21,4,https://www.tradingview.com/chart/?symbol=NASDAQ:CNXC&interval=D,False,False,False
KVYO,"Klaviyo, Inc. Series A",NYSE,Packaged Software,16.6,16.03,16.13,17.15,17.56,16.58,17.33,19.07,16.17,16.48,17.0,16.32,4.77,5.52,0.92,5760136.3,6280821.766666667,104261641.0,107728655.0,0.79,1.08,4726475574.574851,-14.7,304,-2.12,186,-7.78,250,-8.2,-1.0,2.91,0.14,0.74,31.1,0.134,18.33,False,False,False,False,True,True,True,False,False,True,False,True,False,False,False,False,2026-11-11,False,False,4,"thin RVOL, below 200-MA",near21,5,https://www.tradingview.com/chart/?symbol=NYSE:KVYO&interval=D,False,False,False
THRM,Gentherm Inc,NASDAQ,Auto Parts: OEM,31.0,33.33,35.51,36.93,38.85,37.16,34.49,34.64,33.32,35.13,33.32,30.94,5.73,5.81,1.8,2772915.3,1118007.6333333333,34658237.0,41283736.0,6.11,-0.02,1688724337.2944462,-22.89,358,-9.38,235,7.49,213,-8.26,-3.48,-12.7,2.02,1.32,3.3,0.277,17.8,False,False,False,False,False,False,False,False,False,False,True,True,True,True,True,False,2026-10-22,False,False,5,below 200-MA,RVOL,2,https://www.tradingview.com/chart/?symbol=NASDAQ:THRM&interval=D,False,False,False
RDDT,"Reddit, Inc.",NYSE,Internet Software/Services,148.95,148.22,151.97,152.49,155.35,164.82,158.93,167.79,149.16,151.16,151.5,147.78,4.27,4.8,7.16,4123111.8,4544146.7,676850651.0,692915724.0,0.92,0.72,28657461372.379337,-4.36,201,-23.86,328,3.05,225,-8.39,-0.86,-1.99,0.3,0.52,16.3,0.143,13.14,False,False,False,False,True,True,True,True,False,True,False,True,False,True,False,False,2026-11-04,False,False,5,below 200-MA,"near21, ADR",6,https://www.tradingview.com/chart/?symbol=NYSE:RDDT&interval=D,False,False,False
RBLX,Roblox Corporation,NYSE,Packaged Software,45.56,44.69,46.36,44.45,42.32,45.59,48.87,55.0,44.79,44.85,45.9,43.57,4.73,5.21,2.38,14336681.4,11460761.9,522152312.0,509392664.0,0.77,-0.49,32546968888.035892,9.92,95,-18.41,293,-16.86,294,-8.45,1.47,-1.73,0.3,0.98,83.8,0.261,27.82,False,False,False,False,True,True,True,False,False,True,False,False,False,True,False,False,2026-11-11,False,False,4,"LoD>60% ATR, below 200-MA",near21,4,https://www.tradingview.com/chart/?symbol=NYSE:RBLX&interval=D,False,False,False
TTAN,"ServiceTitan, Inc.",NASDAQ,Packaged Software,68.67,64.42,60.78,71.62,78.21,74.29,71.23,74.77,65.92,67.27,72.31,68.51,5.38,6.17,4.24,1932005.0,3440464.7666666666,236256716.0,246393472.0,0.69,-0.22,6624450969.92586,-25.0,369,-12.43,255,11.59,198,-8.62,-1.98,12.98,0.34,0.9,3.8,0.328,25.38,False,False,False,False,False,True,True,False,False,True,False,True,False,False,False,False,2027-01-19,False,False,4,"thin RVOL, below 200-MA",near21,4,https://www.tradingview.com/chart/?symbol=NASDAQ:TTAN&interval=D,False,False,False
PENN,"PENN Entertainment, Inc.",NASDAQ,Casinos/Gaming,15.91,15.15,16.15,16.48,17.67,18.85,17.72,16.76,15.38,15.99,16.04,15.58,4.1,4.18,0.67,3621521.8,3129492.6666666665,49790228.0,51582384.0,0.99,5.03,2132999490.0993378,-7.18,232,-23.47,327,4.53,223,-8.71,-2.38,-1.48,0.12,0.69,49.6,0.289,23.24,False,False,False,False,True,True,True,True,False,True,False,True,False,False,False,False,2026-11-05,False,True,3,"thin RVOL, below 200-MA, large gap","near21, ADR",6,https://www.tradingview.com/chart/?symbol=NASDAQ:PENN&interval=D,False,False,False
MBLY,Mobileye Global Inc.,NASDAQ,Packaged Software,7.47,7.59,7.8,8.04,8.28,8.82,8.55,8.88,7.6,7.82,7.49,7.26,4.54,4.66,0.35,6789720.1,5107524.066666666,38153205.0,41079816.0,0.94,-1.58,6350901202.496043,-10.11,259,-19.2,300,2.33,226,-8.99,-2.09,-4.29,0.95,0.66,60.3,0.144,17.31,False,False,False,False,False,True,True,True,False,True,False,False,False,False,False,False,2026-10-22,False,False,3,"LoD>60% ATR, thin RVOL, below 200-MA","near21, ADR",4,https://www.tradingview.com/chart/?symbol=NASDAQ:MBLY&interval=D,False,False,False
MP,MP Materials Corp.,NYSE,Other Metals/Minerals,48.53,47.46,48.86,51.29,51.24,53.64,55.51,56.67,47.76,49.1,48.65,47.25,4.08,5.01,2.43,5042538.1,5091729.2,247101618.0,261168369.0,0.84,1.2,8643270337.175917,-14.21,298,-3.9,201,-9.51,258,-9.21,-1.05,-0.68,0.23,0.58,52.6,0.17,18.97,False,False,False,False,True,True,True,True,False,True,False,True,False,False,False,False,2026-10-29,False,False,4,"thin RVOL, below 200-MA","near21, ADR",6,https://www.tradingview.com/chart/?symbol=NYSE:MP&interval=D,False,False,False
SKYD,Paramount Skydance Corporation,NYSE,Cable/Satellite TV,9.53,9.88,10.2,10.4,9.96,9.9,10.08,10.52,9.86,10.06,9.84,9.12,6.96,6.04,0.58,27965109.6,22548520.066666666,214887396.0,234602319.0,0.84,0.66,10692184329.109999,-13.05,284,-4.22,203,-11.6,271,-9.62,-0.72,-6.53,0.87,1.24,70.4,0.186,6.67,False,False,False,False,False,True,False,False,False,True,True,False,False,True,False,False,2026-11-16,False,False,4,"LoD>60% ATR, below 200-MA",near21,2,https://www.tradingview.com/chart/?symbol=NYSE:SKYD&interval=D,False,False,False
LEN,Lennar Corporation,NYSE,Homebuilding,77.41,80.55,79.97,81.49,83.36,85.53,87.55,93.88,79.54,80.62,77.72,74.95,4.22,4.18,3.23,6647533.0,5006764.733333333,387573658.0,407984569.0,0.97,0.69,18382138307.9644,-7.85,246,-9.7,241,-11.6,272,-9.72,-1.71,-3.21,0.95,0.86,76.1,0.112,17.96,False,False,False,False,False,True,True,False,False,True,False,False,False,True,False,False,2026-12-16,False,False,4,"LoD>60% ATR, below 200-MA",near21,3,https://www.tradingview.com/chart/?symbol=NYSE:LEN&interval=D,False,False,False
TNDM,"Tandem Diabetes Care, Inc.",NASDAQ,Medical Specialties,16.16,16.23,16.83,18.22,19.49,17.8,18.67,19.38,16.52,17.24,17.05,15.94,6.2,6.53,1.05,2311405.4,1945542.3,31439964.0,35441944.0,0.61,1.51,1124391901.559322,-19.36,340,6.53,146,-16.44,290,-9.76,-2.62,-4.0,0.96,1.05,20.9,0.204,20.18,False,False,False,False,False,True,False,False,False,True,True,True,False,False,False,False,2026-11-05,False,False,4,"thin RVOL, below 200-MA",near21,3,https://www.tradingview.com/chart/?symbol=NASDAQ:TNDM&interval=D,False,False,False
PPC,Pilgrim's Pride Corporation,NASDAQ,Agricultural Commodities/Milling,27.89,27.37,28.59,29.43,29.11,28.8,30.8,33.46,27.71,28.35,28.42,27.89,4.25,4.15,1.16,1652811.2,1433573.4666666666,39982364.0,42186244.0,0.64,0.21,6640847008.61665,-7.25,234,-1.34,184,-21.55,309,-10.05,-1.01,-2.44,0.39,0.46,0.0,0.192,21.83,False,False,False,False,True,True,True,True,False,True,False,True,False,False,False,False,2026-10-28,False,False,4,"thin RVOL, below 200-MA","near21, ADR",6,https://www.tradingview.com/chart/?symbol=NASDAQ:PPC&interval=D,False,False,False
KD,"Kyndryl Holdings, Inc.",NYSE,Data Processing Services,11.48,11.6,12.19,12.5,12.84,12.32,12.57,14.74,11.72,12.06,11.72,11.4,4.73,5.11,0.59,4576395.6,3909289.7333333334,44878646.0,48847878.0,0.68,0.69,2500553641.016365,-13.62,291,-5.75,212,-10.94,267,-10.1,-2.07,-5.81,0.94,0.54,12.8,0.235,27.38,False,False,False,False,False,True,True,True,False,True,False,True,False,False,False,False,2026-11-10,False,False,4,"thin RVOL, below 200-MA","near21, ADR",5,https://www.tradingview.com/chart/?symbol=NYSE:KD&interval=D,False,False,False
CRML,Critical Metals Corp.,NASDAQ,Precious Metals,7.36,7.51,7.3,7.36,6.96,8.19,8.79,9.59,7.41,7.36,7.6,7.36,7.14,8.0,0.59,7556644.1,9642245.533333333,70966927.0,70944429.0,0.53,-0.67,1081873987.7496674,-5.88,214,-12.8,258,-12.8,278,-10.49,0.71,0.76,0.0,0.41,0.0,0.407,35.63,False,False,False,False,True,True,True,True,False,True,False,True,False,False,False,False,2027-03-03,False,False,4,"thin RVOL, below 200-MA","near21, ADR",6,https://www.tradingview.com/chart/?symbol=NASDAQ:CRML&interval=D,False,False,False
AXGN,"Axogen, Inc.",NASDAQ,Medical Specialties,36.31,40.86,42.7,44.99,45.62,43.81,41.01,39.01,40.17,42.42,37.61,35.82,5.27,5.84,2.12,1588866.6,1342740.1333333333,48754894.0,60412788.0,1.58,0.03,2130362692.772972,-22.3,355,-17.44,281,7.59,212,-10.72,-3.49,-14.97,2.46,0.84,23.1,0.271,18.22,False,False,False,False,False,False,True,False,False,False,False,True,True,True,True,False,2026-11-10,False,False,5,below 200-MA,RVOL,3,https://www.tradingview.com/chart/?symbol=NASDAQ:AXGN&interval=D,False,False,False
PRIM,Primoris Services Corporation,NYSE,Engineering & Construction,84.97,75.98,75.83,75.4,77.87,89.85,109.49,118.53,77.88,76.81,87.85,81.16,4.09,4.5,3.83,1358279.1,1287905.1,109433296.0,97102034.0,1.38,0.73,4574132960.823507,14.45,75,-0.78,180,-45.99,374,-10.77,2.02,12.05,2.36,1.75,99.5,0.162,50.24,False,True,True,False,False,False,False,False,False,False,True,False,False,False,True,False,2026-11-09,False,False,3,"LoD>60% ATR, thin RVOL, below 200-MA","EMA, RVOL",3,https://www.tradingview.com/chart/?symbol=NYSE:PRIM&interval=D,False,False,False
COUR,"Coursera, Inc.",NYSE,Miscellaneous Commercial Services,5.12,4.99,5.1,5.45,5.57,5.54,5.68,5.9,5.06,5.19,5.25,5.04,4.28,4.81,0.25,8683933.2,6198670.366666666,31737192.0,33757959.0,0.62,0.19,1353727923.8918917,-13.66,293,-10.49,246,-8.73,255,-10.96,-1.69,0.31,0.29,0.85,32.5,0.144,17.86,False,False,False,False,True,True,True,False,False,True,False,True,False,False,False,False,2026-10-22,False,False,4,"thin RVOL, below 200-MA",near21,5,https://www.tradingview.com/chart/?symbol=NYSE:COUR&interval=D,False,False,False
LEU,Centrus Energy Corp.,NYSE,Other Metals/Minerals,153.88,143.74,148.61,158.83,168.15,169.55,179.31,199.68,145.4,150.93,159.42,146.71,4.51,6.02,9.27,627294.7,748416.0999999989,115166269.0,118871179.0,2.59,3.86,3147324267.1778846,-10.61,262,-5.5,210,-16.99,295,-11.03,-1.41,3.54,0.32,1.37,77.3,0.282,36.35,False,False,False,False,False,True,False,False,False,True,True,False,True,True,True,False,2026-11-11,False,True,3,"LoD>60% ATR, below 200-MA, large gap","near21, RVOL",2,https://www.tradingview.com/chart/?symbol=NYSE:LEU&interval=D,False,False,False
CIFR,Cipher Digital Inc.,NASDAQ,Data Processing Services,15.5,16.54,16.79,16.63,17.31,20.22,18.98,18.33,16.23,16.65,15.78,15.22,7.41,8.48,1.31,29038185.1,32519869.033333335,504057970.0,540902982.0,0.76,0.71,6432976143.378553,-10.53,261,-23.98,329,1.37,229,-11.05,-1.23,-7.69,0.81,0.43,21.7,0.289,23.74,False,False,False,False,False,True,True,True,False,True,False,True,False,False,False,False,2026-11-11,False,False,4,"thin RVOL, below 200-MA","near21, ADR",5,https://www.tradingview.com/chart/?symbol=NASDAQ:CIFR&interval=D,False,False,False
UEC,Uranium Energy Corp.,AMEX,Other Metals/Minerals,10.11,9.49,9.94,10.72,10.79,11.13,12.13,13.01,9.65,10.02,10.39,9.59,5.05,5.98,0.6,11230640.8,9670102.233333332,97764734.0,103676389.0,1.56,3.42,5010361073.71123,-11.32,273,3.69,162,-25.77,323,-11.13,-1.05,1.69,0.14,1.32,85.6,0.245,34.8,False,False,False,False,True,True,False,False,False,True,True,False,True,True,True,False,2026-12-16,False,True,3,"LoD>60% ATR, below 200-MA, large gap","near21, RVOL",3,https://www.tradingview.com/chart/?symbol=AMEX:UEC&interval=D,False,False,False
CORZ,"Core Scientific, Inc.",NASDAQ,Packaged Software,16.68,16.85,17.2,17.24,18.39,21.84,20.7,19.82,16.79,17.2,16.96,16.5,5.46,5.94,0.99,11333289.4,11351213.366666667,189338239.0,195728972.0,0.82,1.2,5359958388.477108,-5.44,211,-22.09,316,-6.34,245,-11.29,-1.56,-3.03,0.51,0.46,18.2,0.193,29.97,False,False,False,False,False,True,True,True,False,True,False,True,False,False,False,False,2026-11-11,False,False,4,"thin RVOL, below 200-MA","near21, ADR",5,https://www.tradingview.com/chart/?symbol=NASDAQ:CORZ&interval=D,False,False,False
CPRI,Capri Holdings Limited,NYSE,Apparel/Footwear Retail,14.67,14.74,14.45,14.04,14.53,16.44,17.26,18.7,14.58,14.48,15.29,14.27,4.86,4.93,0.72,3671292.1,5290303.866666666,77608758.0,74279393.0,1.38,-1.52,1667269224.0931675,11.31,87,-23.35,326,-23.95,319,-12.0,0.19,1.53,0.26,1.41,55.3,0.189,28.97,False,False,True,False,True,True,False,False,False,True,True,True,False,False,True,False,2026-11-05,False,False,4,"thin RVOL, below 200-MA","EMA, near21, RVOL",5,https://www.tradingview.com/chart/?symbol=NYSE:CPRI&interval=D,False,False,False
ALGT,Allegiant Travel Company,NASDAQ,Airlines,77.54,76.83,77.7,77.71,82.99,89.8,86.96,89.02,77.0,78.01,79.8,76.0,4.14,4.67,3.62,468042.6,487835.6,37826772.0,37912062.0,0.96,3.1,2119769520.9457016,2.38,141,-29.51,344,-9.24,257,-12.12,-1.41,-0.2,0.13,1.05,42.6,0.083,16.73,False,False,False,False,True,True,False,False,True,True,True,True,False,False,False,False,2026-11-04,False,True,3,"thin RVOL, below 200-MA, large gap","near21, BB",5,https://www.tradingview.com/chart/?symbol=NASDAQ:ALGT&interval=D,False,False,False
NG,Novagold Resources Inc.,AMEX,Precious Metals,6.62,6.74,7.1,7.6,7.49,7.24,7.95,8.56,6.76,7.08,6.73,6.56,4.41,5.68,0.38,4494406.4,5502046.566666666,36423548.0,41817388.0,0.67,0.76,2904727893.4856277,-17.97,331,10.52,131,-29.65,336,-12.37,-2.04,-6.73,1.14,0.44,15.9,0.259,27.4,False,False,False,False,False,True,True,True,False,True,False,True,False,False,False,False,2026-10-08,True,False,3,"thin RVOL, earnings soon, below 200-MA","near21, ADR",4,https://www.tradingview.com/chart/?symbol=AMEX:NG&interval=D,False,False,False
NESR,National Energy Services Reunited Corp,NASDAQ,Oilfield Services/Equipment,24.51,27.77,30.33,31.71,31.6,29.02,26.94,25.13,27.03,29.29,25.0,23.61,6.04,6.45,1.58,2883835.9,2075813.6333333333,50878192.0,65817477.0,1.34,-1.22,2471876651.0357146,-28.52,385,-12.37,254,3.46,224,-12.48,-3.48,-19.19,2.53,0.88,56.8,0.477,26.39,False,False,False,False,False,False,True,False,False,False,False,True,False,False,True,False,2026-11-04,False,False,4,"thin RVOL, below 200-MA",RVOL,3,https://www.tradingview.com/chart/?symbol=NASDAQ:NESR&interval=D,False,False,False
ACHR,Archer Aviation Inc.,NYSE,Aerospace & Defense,4.65,5.15,5.3,5.46,5.59,5.52,5.64,6.17,5.04,5.27,4.82,4.6,5.46,6.15,0.29,22571206.7,23411506.333333332,108863504.0,127897059.0,1.2,0.42,3580610528.135594,-18.85,337,-4.12,202,-15.15,284,-12.71,-2.72,-12.31,1.9,0.77,17.5,0.239,21.89,False,False,False,False,False,False,True,False,False,False,False,True,False,False,False,False,2026-11-05,False,False,4,"thin RVOL, below 200-MA",,3,https://www.tradingview.com/chart/?symbol=NYSE:ACHR&interval=D,False,False,False
CE,Celanese Corporation,NYSE,Chemicals: Specialty,44.85,45.7,45.81,45.53,45.21,47.67,52.29,51.3,45.28,45.52,46.09,44.46,4.11,4.16,1.87,1752040.5,1798609.5333333334,80667638.0,81894889.0,0.67,-0.04,4922239463.315397,0.34,165,-8.84,232,-29.7,337,-12.74,-0.19,-2.1,0.35,0.88,21.2,0.112,15.78,False,False,False,False,True,True,True,False,False,True,False,True,False,False,False,False,2026-11-02,False,False,4,"thin RVOL, below 200-MA",near21,5,https://www.tradingview.com/chart/?symbol=NYSE:CE&interval=D,False,False,False
AVAV,"AeroVironment, Inc.",NASDAQ,Aerospace & Defense,143.54,146.32,150.25,149.27,157.68,161.66,172.73,200.34,145.29,148.99,145.44,138.0,4.78,5.34,7.67,1306554.3,1976277.2,283674829.0,294996592.0,1.23,-0.42,7294803667.505526,-1.44,180,-13.36,263,-23.45,318,-12.75,-1.68,-4.47,0.69,0.97,72.3,0.206,37.63,False,False,False,False,False,True,True,False,False,True,False,False,False,False,True,False,2026-12-08,False,False,3,"LoD>60% ATR, thin RVOL, below 200-MA","near21, RVOL",3,https://www.tradingview.com/chart/?symbol=NASDAQ:AVAV&interval=D,False,False,False
LUMN,"Lumen Technologies, Inc.",NASDAQ,Major Telecommunications,5.9,5.72,6.2,6.27,6.27,7.23,7.39,7.53,5.83,6.03,5.92,5.58,4.41,5.13,0.3,12513403.4,13194351.033333333,77912643.0,82669206.0,1.0,1.78,6090685166.854094,-15.4,310,-7.01,222,-16.0,286,-12.8,-1.14,-4.79,0.42,1.12,107.4,0.336,30.64,False,False,False,False,False,True,False,False,False,True,True,False,False,False,False,False,2026-11-04,False,False,3,"LoD>60% ATR, thin RVOL, below 200-MA",near21,2,https://www.tradingview.com/chart/?symbol=NASDAQ:LUMN&interval=D,False,False,False
RRR,"Red Rock Resorts, Inc.",NASDAQ,Hotels/Resorts/Cruise lines,52.05,50.45,51.73,53.63,57.35,59.1,58.06,59.21,50.84,52.24,52.32,51.42,4.02,3.71,1.93,1334040.9,1161453.3,60453644.0,62289128.0,0.85,1.08,5466092855.252644,-9.21,255,-20.93,312,-8.41,252,-12.85,-2.49,0.61,0.1,0.46,32.3,0.166,16.84,False,False,False,False,True,True,True,True,False,True,False,True,False,False,False,False,2026-11-03,False,False,4,"thin RVOL, below 200-MA","near21, ADR",6,https://www.tradingview.com/chart/?symbol=NASDAQ:RRR&interval=D,False,False,False
MOS,Mosaic Company (The),NYSE,Chemicals: Agricultural,20.94,22.22,23.65,24.04,23.51,22.81,23.57,24.47,22.12,22.99,21.5,20.85,4.8,4.9,1.03,7952969.0,8068237.166666667,168948886.0,194000763.0,0.92,0.05,6656735415.074683,-16.24,317,-1.04,181,-21.31,307,-12.86,-2.23,-11.46,1.82,0.63,8.8,0.283,10.71,False,False,False,False,False,False,True,True,False,True,False,True,False,False,False,False,2026-11-10,False,False,4,"thin RVOL, below 200-MA",ADR,4,https://www.tradingview.com/chart/?symbol=NYSE:MOS&interval=D,False,False,False
CRK,"Comstock Resources, Inc.",NYSE,Oil & Gas Production,13.65,13.02,13.45,13.93,13.77,13.71,15.36,16.92,13.12,13.39,13.73,13.03,4.43,4.77,0.65,2510485.4,2838011.966666667,38738863.0,39529723.0,0.96,-0.15,4007920976.7840734,-9.0,253,-5.14,208,-26.1,325,-13.41,-0.18,1.52,0.41,1.08,95.3,0.243,28.55,False,False,False,False,True,True,False,False,False,True,True,False,False,False,False,False,2026-11-04,False,False,3,"LoD>60% ATR, thin RVOL, below 200-MA",near21,3,https://www.tradingview.com/chart/?symbol=NYSE:CRK&interval=D,False,False,False
NYT,New York Times Company (The),NYSE,Publishing: Newspapers,64.07,63.34,66.2,66.75,67.34,70.59,74.01,73.61,64.25,65.43,64.52,63.21,4.16,3.72,2.38,3464257.4,3000501.6666666665,192242142.0,200270484.0,0.39,0.39,10333438803.417343,-4.46,203,-13.29,262,-24.25,320,-14.0,-1.3,-3.22,0.56,0.55,36.1,0.202,16.65,False,False,False,False,False,True,True,True,False,True,False,True,False,True,False,False,2026-11-11,False,False,5,below 200-MA,"near21, ADR",5,https://www.tradingview.com/chart/?symbol=NYSE:NYT&interval=D,False,False,False
SMR,NuScale Power Corporation,NYSE,Electrical Products,8.02,8.04,8.51,8.9,8.99,9.59,10.26,11.86,8.06,8.42,8.37,7.92,5.65,7.06,0.57,31247555.1,36680113.8,294174513.0,326477466.0,1.48,4.04,3446380599.7109375,-17.23,325,-8.4,229,-16.63,292,-14.09,-1.53,-5.78,0.67,0.8,18.5,0.366,47.66,False,False,False,False,False,True,True,False,False,True,False,True,False,False,True,False,2026-11-05,False,True,3,"thin RVOL, below 200-MA, large gap","near21, RVOL",4,https://www.tradingview.com/chart/?symbol=NYSE:SMR&interval=D,False,False,False
FLY,Firefly Aerospace Inc.,NASDAQ,Aerospace & Defense,22.83,23.11,22.29,22.08,22.82,27.64,28.9,27.87,22.87,22.68,24.12,22.34,7.27,7.3,1.67,3733079.9,3057084.8666666667,69793248.0,67492282.0,1.18,2.66,3821848135.7503324,6.09,116,-8.64,230,-39.9,364,-14.15,0.01,2.4,0.09,1.07,29.4,0.206,28.94,False,False,False,False,True,True,False,False,False,True,True,True,False,False,False,False,2026-11-18,False,True,3,"thin RVOL, below 200-MA, large gap",near21,4,https://www.tradingview.com/chart/?symbol=NASDAQ:FLY&interval=D,False,False,False
MMYT,MakeMyTrip Limited,NASDAQ,Internet Software/Services,43.37,46.29,47.47,50.83,54.44,51.75,49.44,54.14,46.19,48.37,45.88,42.44,4.44,5.03,2.18,1286530.9,877035.3333333334,38037022.0,44582922.0,2.03,0.64,4079324083.2362223,-23.82,365,-24.05,330,4.58,222,-14.43,-4.04,-8.65,2.06,1.57,42.4,0.141,18.8,False,False,False,False,False,False,False,False,False,False,True,True,True,True,True,False,2026-11-03,False,False,5,below 200-MA,RVOL,2,https://www.tradingview.com/chart/?symbol=NASDAQ:MMYT&interval=D,False,False,False
OKLO,Oklo Inc.,NYSE,Industrial Machinery,38.55,37.29,37.88,38.98,40.46,47.86,52.39,59.03,37.35,38.2,39.3,37.0,4.78,5.8,2.24,8612828.7,10286576.466666667,396547523.0,400922747.0,2.16,3.89,7170980821.722268,-2.43,189,-18.9,295,-22.17,315,-14.5,-0.81,1.76,0.16,1.03,69.3,0.197,56.4,False,False,False,False,True,True,False,False,False,True,True,False,True,True,True,False,2026-11-18,False,True,3,"LoD>60% ATR, below 200-MA, large gap","near21, RVOL",3,https://www.tradingview.com/chart/?symbol=NYSE:OKLO&interval=D,False,False,False
NNE,Nano Nuclear Energy Inc.,NASDAQ,Electrical Products,16.49,16.22,16.43,17.05,17.49,20.0,21.15,23.26,16.15,16.57,16.94,16.0,5.2,6.09,1.0,1816964.4,1874697.1333333333,30913756.0,31967336.0,1.73,3.8,885482390.9026433,-7.1,231,-10.09,242,-26.52,327,-14.57,-0.94,0.38,0.08,0.94,48.8,0.181,42.7,False,False,False,False,True,True,True,False,False,True,False,True,True,True,True,False,2026-12-17,False,True,4,"below 200-MA, large gap","near21, RVOL",5,https://www.tradingview.com/chart/?symbol=NASDAQ:NNE&interval=D,False,False,False
FOUR,"Shift4 Payments, Inc.",NYSE,Miscellaneous Commercial Services,38.5,37.32,39.54,41.1,44.04,44.36,44.62,48.63,37.78,39.42,38.76,36.9,4.31,5.59,2.15,2201924.2,2146491.3666666667,82639918.0,88224373.0,0.97,0.05,3039964309.334221,-13.17,286,-22.77,321,-7.78,251,-14.57,-2.25,-2.64,0.42,0.86,74.3,0.283,29.4,False,False,False,False,True,True,True,False,False,True,False,False,False,False,False,False,2026-11-11,False,False,3,"LoD>60% ATR, thin RVOL, below 200-MA",near21,4,https://www.tradingview.com/chart/?symbol=NYSE:FOUR&interval=D,False,False,False
FSLR,"First Solar, Inc.",NASDAQ,Semiconductors,179.8,176.96,189.35,194.79,206.46,226.83,217.8,223.45,179.81,187.67,181.43,176.7,4.16,4.61,8.29,2600343.8,2245046.8666666667,403659427.0,437308937.0,0.67,0.76,19323068211.992508,-13.66,292,-19.77,304,-10.33,265,-14.58,-2.8,-5.05,0.91,0.57,37.4,0.285,27.74,False,False,False,False,False,True,True,True,False,True,False,True,False,True,False,False,2026-10-29,False,False,5,below 200-MA,"near21, ADR",5,https://www.tradingview.com/chart/?symbol=NASDAQ:FSLR&interval=D,False,False,False
TRU,TransUnion,NYSE,Financial Publishing/Services,63.42,65.21,70.16,74.55,77.21,74.49,73.51,75.23,65.56,69.53,64.76,63.2,4.16,4.47,2.83,3063085.9,2606552.8,165307579.0,194311560.0,0.73,0.3,12151272328.925415,-17.05,324,-17.84,285,-9.75,260,-14.88,-4.0,-9.6,1.97,0.55,7.8,0.324,18.92,False,False,False,False,False,False,True,True,False,True,False,True,False,True,False,False,2026-10-27,False,False,5,below 200-MA,ADR,4,https://www.tradingview.com/chart/?symbol=NYSE:TRU&interval=D,False,False,False
NN,NextNav Inc.,NASDAQ,Packaged Software,13.27,14.01,14.54,14.85,15.42,16.9,17.22,16.89,13.98,14.48,13.66,12.86,6.81,7.02,0.93,2504203.6,2460260.9,32647662.0,36526673.0,2.23,0.0,2240107400.8948946,-15.42,311,-20.82,311,-8.48,254,-14.91,-1.99,-8.71,1.19,0.86,44.5,0.186,24.24,False,False,False,False,False,True,True,False,False,True,False,True,True,True,True,False,2026-11-05,False,False,5,below 200-MA,"near21, RVOL",4,https://www.tradingview.com/chart/?symbol=NASDAQ:NN&interval=D,False,False,False
RZLV,Rezolve AI PLC,NASDAQ,Packaged Software,2.15,2.17,2.23,2.35,2.43,2.5,2.55,2.63,2.18,2.25,2.35,2.13,4.0,5.59,0.12,10847859.4,18611991.266666666,40015781.0,43825035.0,2.05,5.38,896268135.0,-2.27,187,-20.66,307,-21.82,311,-14.92,-2.09,-3.44,0.76,1.83,16.6,0.138,21.59,False,False,False,False,False,True,False,False,False,True,True,True,True,True,True,False,2027-04-29,False,True,4,"below 200-MA, large gap","near21, RVOL",3,https://www.tradingview.com/chart/?symbol=NASDAQ:RZLV&interval=D,False,False,False
FTFT,Future FinTech Group Inc.,NASDAQ,Finance/Rental/Leasing,3.4,3.82,4.32,3.55,3.47,8.01,12.68,18.99,3.75,3.85,3.65,3.22,21.15,26.75,0.91,755956.8,11026954.391666668,37436510.0,39114372.0,0.09,0.58,27423085.10518732,107.01,3,-64.46,392,-87.52,397,-14.99,-0.08,-21.34,0.44,0.47,19.3,1.39,457.09,False,False,False,False,False,True,True,True,False,True,False,True,False,False,False,False,,False,False,4,"thin RVOL, below 200-MA","near21, ADR",5,https://www.tradingview.com/chart/?symbol=NASDAQ:FTFT&interval=D,True,False,False
PBLS,"Parabilis Medicines, Inc.",NASDAQ,Pharmaceuticals: Major,28.86,31.29,34.56,36.26,36.21,,,,31.63,33.73,29.72,28.17,11.37,9.45,2.73,852871.5,964357.6,27831360.0,34964714.0,1.16,-0.3,3565169504.598713,-28.21,384,-3.45,197,-13.46,281,-15.04,-2.15,-16.5,1.53,0.57,25.3,0.427,17.07,False,False,False,False,False,False,True,True,False,True,False,True,False,False,False,False,2026-12-02,False,False,4,"thin RVOL, below 200-MA",ADR,4,https://www.tradingview.com/chart/?symbol=NASDAQ:PBLS&interval=D,False,False,False
LBRT,Liberty Energy Inc.,NYSE,Oilfield Services/Equipment,20.12,18.86,19.3,19.45,19.62,23.42,25.62,24.87,19.17,19.28,20.2,19.37,4.38,4.71,0.95,4507924.9,3786602.2333333334,76186437.0,73634267.0,0.93,-0.56,3283411426.066361,-0.35,171,-17.17,280,-28.75,331,-15.42,0.54,4.27,0.92,0.88,79.5,0.208,33.63,False,True,False,False,False,True,True,False,False,True,False,False,False,False,False,False,2026-10-21,False,False,3,"LoD>60% ATR, thin RVOL, below 200-MA",near21,4,https://www.tradingview.com/chart/?symbol=NYSE:LBRT&interval=D,False,False,False
PRAX,"Praxis Precision Medicines, Inc.",NASDAQ,Pharmaceuticals: Major,280.14,284.87,301.43,320.24,331.51,320.75,319.97,316.79,289.43,302.42,289.47,272.17,5.22,5.57,15.59,528403.8,419781.56666666706,117597608.0,134430709.0,0.8,2.08,7821505547.704612,-20.64,349,-13.4,264,-12.46,277,-15.5,-2.78,-7.06,1.32,1.11,51.1,0.274,16.65,False,False,False,False,False,True,False,False,False,True,True,True,False,False,False,False,2026-11-11,False,True,3,"thin RVOL, below 200-MA, large gap",near21,3,https://www.tradingview.com/chart/?symbol=NASDAQ:PRAX&interval=D,False,False,False
ERAS,"Erasca, Inc.",NASDAQ,Pharmaceuticals: Major,14.3,14.41,15.01,15.81,16.73,16.04,15.75,14.09,14.64,15.15,14.93,14.02,6.71,6.98,1.0,4705525.1,4819006.966666667,68911800.0,76189303.0,1.84,0.14,5001597033.274457,-10.85,265,-22.03,315,-15.58,285,-16.15,-2.08,-4.71,0.81,0.91,28.1,0.189,18.47,False,False,False,True,False,True,True,False,False,True,False,True,True,True,True,False,2026-11-11,False,False,6,,"near21, RVOL",5,https://www.tradingview.com/chart/?symbol=NASDAQ:ERAS&interval=D,False,False,False
CARG,"CarGurus, Inc.",NASDAQ,Internet Software/Services,28.73,30.38,32.04,33.07,34.59,32.91,33.57,33.54,30.46,31.78,29.59,28.28,4.43,4.45,1.28,1671952.5,1236766.5666666667,35532303.0,40899664.0,1.56,0.24,2559081138.153662,-14.49,300,-17.8,284,-16.53,291,-16.27,-3.81,-10.32,2.16,1.03,35.6,0.236,14.65,False,False,False,False,False,False,False,False,False,False,True,True,True,True,True,False,2026-11-10,False,False,5,below 200-MA,RVOL,2,https://www.tradingview.com/chart/?symbol=NASDAQ:CARG&interval=D,False,False,False
ASTS,"AST SpaceMobile, Inc.",NASDAQ,Specialty Telecommunications,63.12,59.92,60.31,60.51,62.84,73.34,77.01,81.05,60.07,60.66,64.75,60.03,6.04,6.53,4.12,11277750.8,10289080.633333333,649446770.0,622640285.0,1.66,2.72,24564251747.815193,-0.44,172,-14.43,269,-34.34,355,-16.4,0.07,4.66,0.62,1.15,75.0,0.118,33.48,False,True,False,False,False,True,False,False,False,True,True,False,True,True,True,False,2026-11-16,False,True,3,"LoD>60% ATR, below 200-MA, large gap","near21, RVOL",3,https://www.tradingview.com/chart/?symbol=NASDAQ:ASTS&interval=D,False,False,False
LUNR,"Intuitive Machines, Inc.",NASDAQ,Aerospace & Defense,15.06,14.86,14.74,14.97,15.34,20.08,21.03,20.26,14.75,14.94,15.31,14.56,6.63,6.78,1.02,8173063.4,7221523.833333333,108756149.0,108139912.0,1.53,2.13,3447596387.441568,1.24,152,-16.01,274,-34.86,357,-16.54,-0.27,2.15,0.12,0.73,49.0,0.188,41.72,False,False,False,False,True,True,True,False,False,True,False,True,True,True,True,False,2026-11-18,False,True,4,"below 200-MA, large gap","near21, RVOL",5,https://www.tradingview.com/chart/?symbol=NASDAQ:LUNR&interval=D,False,False,False
UAA,"Under Armour, Inc.",NYSE,Apparel/Footwear,4.88,4.54,4.74,4.86,5.3,5.72,5.88,5.97,4.66,4.78,4.89,4.72,4.14,4.3,0.21,11271782.4,9252569.933333334,45152541.0,44955153.0,0.87,0.85,2068341954.6042552,-5.06,207,-26.84,336,-18.12,297,-16.67,-1.86,3.03,0.51,0.83,78.6,0.209,29.38,False,False,False,False,False,True,True,False,False,True,False,False,False,False,False,False,2026-11-05,False,False,3,"LoD>60% ATR, thin RVOL, below 200-MA",near21,3,https://www.tradingview.com/chart/?symbol=NYSE:UAA&interval=D,False,False,False
UPST,"Upstart Holdings, Inc.",NASDAQ,Finance/Rental/Leasing,23.86,23.6,24.51,25.95,27.35,29.29,29.15,32.03,23.86,24.81,24.9,23.82,4.11,4.87,1.16,4866818.1,4293666.766666667,102446889.0,111426377.0,0.92,2.16,2321889393.0874743,-14.57,301,-25.44,333,-12.25,275,-17.42,-2.62,-2.64,0.79,0.93,3.4,0.175,35.33,False,False,False,False,True,True,True,False,False,True,False,True,False,False,False,False,2026-11-10,False,True,3,"thin RVOL, below 200-MA, large gap",near21,5,https://www.tradingview.com/chart/?symbol=NASDAQ:UPST&interval=D,False,False,False
AIR,AAR Corp.,NYSE,Aerospace & Defense,104.03,108.81,113.74,119.28,128.63,127.32,122.35,117.56,107.33,113.58,104.89,101.38,5.43,5.31,5.53,906181.1,556486.7333333333,57891315.0,66377738.0,0.51,1.15,4181403584.49237,-16.58,322,-22.41,320,-13.68,282,-17.56,-3.6,-8.54,1.58,0.64,47.9,0.282,19.05,False,False,False,False,False,False,True,True,False,True,False,True,False,False,False,False,2027-01-06,False,False,4,"thin RVOL, below 200-MA",ADR,4,https://www.tradingview.com/chart/?symbol=NYSE:AIR&interval=D,False,False,False
FIGR,"Figure Technology Solutions, Inc.",NASDAQ,Finance/Rental/Leasing,27.35,29.91,32.62,33.96,32.7,32.03,32.89,36.39,29.76,31.61,28.43,27.32,6.78,7.72,2.11,4724226.6,4648080.433333334,127125000.0,157840290.0,0.63,1.25,6136734824.964209,-22.94,359,-10.94,249,-19.13,300,-17.67,-2.12,-16.16,1.74,0.53,1.4,0.408,23.72,False,False,False,False,False,False,True,True,False,True,False,True,False,False,False,False,2026-11-12,False,False,4,"thin RVOL, below 200-MA",ADR,4,https://www.tradingview.com/chart/?symbol=NASDAQ:FIGR&interval=D,False,False,False
SEDG,"SolarEdge Technologies, Inc.",NASDAQ,Electrical Products,34.04,32.52,33.98,33.68,34.24,46.02,44.98,42.24,33.18,33.57,35.08,33.7,5.84,6.85,2.33,2684236.8,3097112.7,105425716.0,104321079.0,0.83,-0.99,2094336437.9197206,0.53,159,-32.38,354,-21.73,310,-17.86,-0.08,0.19,0.2,0.59,14.6,0.202,39.65,False,False,False,False,True,True,True,True,False,True,False,True,False,False,False,False,2026-11-11,False,False,4,"thin RVOL, below 200-MA","near21, ADR",6,https://www.tradingview.com/chart/?symbol=NASDAQ:SEDG&interval=D,False,False,False
WULF,TeraWulf Inc.,NASDAQ,Data Processing Services,14.97,15.36,15.86,15.88,16.3,19.94,19.4,18.09,15.34,15.72,15.18,14.68,5.96,7.02,1.05,26870769.0,27697226.133333333,414627475.0,439924275.0,0.99,0.85,7469561254.78499,-6.9,224,-28.92,343,-17.93,296,-17.92,-1.16,-5.6,0.68,0.48,27.6,0.231,30.64,False,False,False,False,False,True,True,True,False,True,False,True,False,False,False,False,2026-11-16,False,False,4,"thin RVOL, below 200-MA","near21, ADR",5,https://www.tradingview.com/chart/?symbol=NASDAQ:WULF&interval=D,False,False,False
ENOV,Enovis Corporation,NYSE,Medical Specialties,18.2,18.26,18.32,19.67,22.67,23.26,23.48,23.71,18.31,19.04,19.01,18.06,4.41,5.6,1.02,1446775.9999999998,1839011.2000000002,33470004.0,36179480.0,0.67,1.71,1049584762.6966293,-4.26,200,-27.2,338,-22.75,316,-18.07,-3.52,-0.65,0.79,0.94,14.2,0.081,29.97,False,False,False,False,True,True,True,False,True,True,False,True,False,False,False,False,2026-11-11,False,False,4,"thin RVOL, below 200-MA","near21, BB",6,https://www.tradingview.com/chart/?symbol=NYSE:ENOV&interval=D,False,False,False
DNN,Denison Mines Corp,AMEX,Other Metals/Minerals,2.71,2.63,2.8,3.01,3.06,3.12,3.32,3.39,2.67,2.81,2.83,2.67,4.09,5.1,0.14,29618357.4,26001637.5,70464438.0,78394937.0,2.14,1.52,2453135700.376,-20.06,345,-12.58,256,-22.79,317,-18.48,-2.25,-3.3,0.67,1.16,29.0,0.308,27.92,False,False,False,False,False,True,False,False,False,True,True,True,True,True,True,False,2026-11-03,False,False,5,below 200-MA,"near21, RVOL",3,https://www.tradingview.com/chart/?symbol=AMEX:DNN&interval=D,False,False,False
ESAB,ESAB Corporation,NYSE,Industrial Machinery,71.83,68.82,68.46,71.17,77.13,84.31,89.68,97.65,69.35,70.3,73.17,71.4,4.16,4.25,3.05,1087095.4,935724.6666666666,67213103.0,66597396.0,1.28,0.95,4465513629.86328,-3.84,197,-22.35,319,-29.53,335,-18.58,-1.62,4.92,0.51,0.58,14.1,0.127,40.64,False,False,False,False,False,True,True,True,False,True,False,True,False,False,True,False,2026-11-04,False,False,4,"thin RVOL, below 200-MA","near21, ADR, RVOL",5,https://www.tradingview.com/chart/?symbol=NYSE:ESAB&interval=D,False,False,False
RKT,"Rocket Companies, Inc.",NYSE,Finance/Rental/Leasing,11.59,11.8,12.37,12.86,13.3,13.64,14.06,15.5,11.89,12.34,11.9,11.52,4.68,5.14,0.6,39092707.1,33457518.366666667,387772638.0,430118704.0,0.85,0.43,32818735721.626713,-16.38,320,-18.32,290,-21.32,308,-18.67,-2.51,-6.29,1.18,0.63,11.7,0.211,31.9,False,False,False,False,False,True,True,True,False,True,False,True,False,True,False,False,2026-10-29,False,False,5,below 200-MA,"near21, ADR",5,https://www.tradingview.com/chart/?symbol=NYSE:RKT&interval=D,False,False,False
CBRS,Cerebras Systems Inc.,NASDAQ,Packaged Software,177.1,188.23,191.55,190.15,200.47,210.94,,,184.1,189.77,184.66,175.17,6.24,7.85,13.9,9088843.2,7163768.466666667,1268703395.0,1362163113.0,1.08,-1.55,39643575764.81465,-7.27,235,0.62,173,-49.4,378,-18.68,-1.48,-7.54,0.85,0.68,13.9,0.267,12.82,False,False,False,False,False,True,True,False,False,True,False,True,False,True,False,False,2026-12-02,False,False,5,below 200-MA,near21,4,https://www.tradingview.com/chart/?symbol=NASDAQ:CBRS&interval=D,False,False,False
INSM,Insmed Incorporated,NASDAQ,Pharmaceuticals: Major,105.23,113.39,118.65,120.3,119.76,112.64,122.44,132.14,112.08,116.22,107.87,101.32,4.72,5.14,5.41,2897568.4,2342138.1666666665,246463199.0,281763125.0,1.33,0.13,22980285675.730522,-16.48,321,-5.98,213,-33.88,352,-18.78,-2.36,-11.31,1.84,1.21,72.3,0.237,18.52,False,False,False,False,False,False,False,False,False,False,True,False,False,True,True,False,2026-10-29,False,False,4,"LoD>60% ATR, below 200-MA",RVOL,1,https://www.tradingview.com/chart/?symbol=NASDAQ:INSM&interval=D,False,False,False
SRPT,"Sarepta Therapeutics, Inc.",NASDAQ,Pharmaceuticals: Major,17.31,18.15,19.38,20.02,18.92,18.01,18.68,19.07,18.22,18.91,17.65,17.04,5.3,5.91,1.02,2449561.3,3014670.5,52183946.0,60342650.0,1.12,0.63,1828403723.3259003,-23.34,360,-12.27,253,-20.96,305,-18.85,-1.44,-10.69,1.44,0.6,26.4,0.281,7.91,False,False,False,False,False,True,True,True,False,True,False,True,False,False,False,False,2026-11-04,False,False,4,"thin RVOL, below 200-MA","near21, ADR",5,https://www.tradingview.com/chart/?symbol=NASDAQ:SRPT&interval=D,False,False,False
VSEC,VSE Corporation,NASDAQ,Engineering & Construction,168.48,171.53,178.24,188.76,200.98,198.87,197.08,198.61,171.35,179.7,172.72,164.54,4.76,5.27,8.88,397033.8,381262.9,64235173.0,71968583.0,1.09,1.38,4728386607.459465,-16.34,319,-22.18,318,-19.62,304,-19.38,-3.07,-5.48,1.18,0.92,44.4,0.221,17.47,False,False,False,False,False,True,True,False,False,True,False,True,False,False,False,False,2026-10-28,False,False,4,"thin RVOL, below 200-MA",near21,4,https://www.tradingview.com/chart/?symbol=NASDAQ:VSEC&interval=D,False,False,False
AN,"AutoNation, Inc.",NYSE,Specialty Stores,158.14,161.78,176.2,185.21,194.82,193.76,194.82,198.15,164.3,173.72,161.67,156.05,5.2,4.59,7.25,600933.5,598302.8,94615605.0,110809268.0,1.24,-1.61,5228235845.16979,-23.36,361,-17.69,282,-19.16,301,-20.07,-4.11,-10.25,1.96,0.77,28.8,0.429,23.0,False,False,False,False,False,False,True,True,False,True,False,True,False,False,True,False,2026-10-22,False,False,4,"thin RVOL, below 200-MA","ADR, RVOL",4,https://www.tradingview.com/chart/?symbol=NYSE:AN&interval=D,False,False,False
DKNG,DraftKings Inc.,NASDAQ,Movies/Entertainment,19.75,20.16,21.78,22.65,23.39,24.49,24.21,25.57,20.2,21.38,20.35,19.53,6.08,5.89,1.16,18285047.7,13608711.966666667,268772061.0,308264543.0,0.77,0.1,9804968094.107141,-17.71,329,-25.92,335,-16.67,293,-20.1,-2.64,-9.3,1.29,0.7,18.9,0.365,27.42,False,False,False,False,False,True,True,True,False,True,False,True,False,False,False,False,2026-10-30,False,False,4,"thin RVOL, below 200-MA","near21, ADR",5,https://www.tradingview.com/chart/?symbol=NASDAQ:DKNG&interval=D,False,False,False
BBAI,"BigBear.ai, Inc.",NYSE,Packaged Software,2.58,2.7,2.77,2.85,2.94,3.36,3.51,3.94,2.69,2.77,2.67,2.56,4.7,5.32,0.14,15239858.1,15492657.1,39971055.0,44200551.0,0.99,1.53,1237095778.367816,-12.84,282,-23.33,325,-24.56,322,-20.24,-2.32,-6.79,1.31,0.8,14.6,0.142,48.02,False,False,False,False,False,True,True,False,False,True,False,True,False,False,False,False,2026-11-11,False,False,4,"thin RVOL, below 200-MA",near21,4,https://www.tradingview.com/chart/?symbol=NYSE:BBAI&interval=D,False,False,False
ALM,Almonty Industries Inc.,NASDAQ,Other Metals/Minerals,13.04,13.24,14.1,15.46,14.99,15.92,17.02,15.75,13.48,14.16,13.58,12.96,5.83,7.79,1.02,5888758.3,6130284.933333334,79938916.0,94769096.0,0.81,0.0,3761789021.473372,-25.87,377,-11.35,251,-24.49,321,-20.57,-1.67,-7.52,1.02,0.61,7.9,0.379,28.99,False,False,False,False,False,True,True,False,False,True,False,True,False,False,False,False,2026-11-17,False,False,4,"thin RVOL, below 200-MA",near21,4,https://www.tradingview.com/chart/?symbol=NASDAQ:ALM&interval=D,False,False,False
KTOS,"Kratos Defense & Security Solutions, Inc.",NASDAQ,Aerospace & Defense,43.71,44.02,45.71,47.25,50.94,52.16,59.16,68.66,44.03,45.9,44.14,41.99,4.5,5.05,2.21,4581102.8,3871168.1666666665,169208761.0,182924309.0,1.1,0.31,8205299368.003094,-8.46,249,-12.95,260,-41.09,367,-20.83,-2.81,-4.37,0.95,0.97,77.9,0.18,56.37,False,False,False,False,False,True,True,False,False,True,False,False,False,False,False,False,2026-10-29,False,False,3,"LoD>60% ATR, thin RVOL, below 200-MA",near21,3,https://www.tradingview.com/chart/?symbol=NASDAQ:KTOS&interval=D,False,False,False
AMPX,"Amprius Technologies, Inc.",NYSE,Electrical Products,9.47,9.62,9.56,9.69,10.14,12.48,14.43,13.45,9.58,9.69,9.77,9.41,5.78,6.03,0.57,6352658.0,5033683.533333333,47668983.0,48771360.0,0.72,1.16,1383383513.488889,-1.56,181,-18.01,287,-43.05,370,-20.87,-1.09,-0.89,0.37,0.62,9.6,0.091,51.52,False,False,False,False,True,True,True,True,True,True,False,True,False,False,False,False,2026-11-05,False,False,4,"thin RVOL, below 200-MA","near21, ADR, BB",7,https://www.tradingview.com/chart/?symbol=NYSE:AMPX&interval=D,False,False,False
VKTX,"Viking Therapeutics, Inc.",NASDAQ,Pharmaceuticals: Major,28.38,32.95,32.33,32.79,33.11,33.43,33.39,33.1,31.33,32.28,29.72,28.17,8.69,8.61,2.44,10819815.8,6347633.833333333,180145848.0,208134682.0,0.5,0.72,3608949955.8975406,-15.91,312,-32.2,352,-14.65,283,-20.92,-1.66,-12.22,1.4,0.63,8.6,0.449,3.86,False,False,False,False,False,True,True,True,False,True,False,True,False,False,False,True,2026-10-28,False,False,4,"thin RVOL, below 200-MA","near21, ADR",6,https://www.tradingview.com/chart/?symbol=NASDAQ:VKTX&interval=D,False,False,False
INIO,INNIO N.V.,NASDAQ,Electrical Products,21.35,19.14,19.4,19.98,22.26,,,,19.49,19.91,21.41,19.24,6.28,7.07,1.51,5829164.7,5325857.133333334,113707050.0,106391097.0,1.41,1.84,16012499614.17018,4.5,126,-36.83,365,-31.13,339,-21.15,-0.58,10.05,1.02,1.44,139.8,0.237,14.64,False,False,False,False,False,True,False,False,False,True,True,False,False,True,True,False,2026-12-02,False,False,4,"LoD>60% ATR, below 200-MA","near21, RVOL",2,https://www.tradingview.com/chart/?symbol=NASDAQ:INIO&interval=D,False,False,False
PLUG,"Plug Power, Inc.",NASDAQ,Electronic Production Equipment,1.86,1.92,2.01,2.06,2.1,2.5,2.58,2.46,1.93,2.0,1.93,1.85,4.72,5.46,0.1,48132610.4,48654352.1,90497095.0,100438801.0,0.96,0.53,2598783034.603175,-11.85,274,-22.82,322,-29.28,334,-21.32,-2.11,-7.35,1.25,0.79,9.8,0.193,35.07,False,False,False,False,False,True,True,False,False,True,False,True,False,False,False,False,2026-11-10,False,False,4,"thin RVOL, below 200-MA",near21,4,https://www.tradingview.com/chart/?symbol=NASDAQ:PLUG&interval=D,False,False,False
USAR,"USA Rare Earth, Inc.",NASDAQ,Metal Fabrication,13.74,14.37,15.17,16.16,16.68,19.06,19.42,19.29,14.34,15.19,14.06,13.73,4.75,6.24,0.86,12242998.4,12856010.5,176641584.0,207770271.0,1.03,1.14,5153551908.228571,-26.33,379,-21.53,313,-16.12,288,-21.32,-2.83,-9.42,1.52,0.38,1.2,0.284,36.72,False,False,False,False,False,False,True,True,False,True,False,True,False,False,False,False,2026-11-05,False,False,4,"thin RVOL, below 200-MA",ADR,4,https://www.tradingview.com/chart/?symbol=NASDAQ:USAR&interval=D,False,False,False
FRMI,Fermi Inc.,NASDAQ,Real Estate Development,4.23,4.3,4.71,4.88,5.41,6.26,6.25,6.97,4.32,4.65,4.25,4.1,5.64,7.49,0.32,15774344.6,16413391.333333334,69428645.0,80015283.0,0.76,1.97,2712528512.2463055,-11.87,275,-42.41,375,-9.81,261,-21.36,-2.91,-10.11,1.19,0.47,41.0,0.407,63.14,False,False,False,False,False,True,True,True,False,True,False,True,False,False,False,False,2026-11-17,False,False,4,"thin RVOL, below 200-MA","near21, ADR",5,https://www.tradingview.com/chart/?symbol=NASDAQ:FRMI&interval=D,False,False,False
MRP,"Millrose Properties, Inc.",NYSE,Real Estate Development,23.17,25.54,27.4,28.57,28.92,28.74,28.93,29.31,25.32,26.88,23.34,22.65,4.4,4.49,1.04,4135007.9,2287398.966666667,52999034.0,65357088.0,1.42,1.29,3573465197.430475,-26.63,381,-17.98,286,-19.52,303,-21.38,-4.43,-15.45,3.08,0.66,50.0,0.321,16.29,False,False,False,False,False,False,True,True,False,True,False,True,False,False,True,False,2026-10-22,False,False,4,"thin RVOL, below 200-MA","ADR, RVOL",4,https://www.tradingview.com/chart/?symbol=NYSE:MRP&interval=D,False,False,False
WING,Wingstop Inc.,NASDAQ,Restaurants,112.2,104.09,105.66,107.47,112.98,131.41,146.61,175.24,106.29,106.98,115.1,106.17,4.16,5.19,5.82,1330216.9,1288572.4666666666,144577831.0,138479447.0,1.07,-0.23,3056613566.012729,1.22,153,-32.21,353,-33.18,350,-21.39,-0.13,6.19,0.94,1.53,103.6,0.2,63.42,False,False,False,False,False,True,False,False,False,True,True,False,False,False,False,False,2026-10-28,False,False,3,"LoD>60% ATR, thin RVOL, below 200-MA",near21,2,https://www.tradingview.com/chart/?symbol=NASDAQ:WING&interval=D,False,False,False
GRML,Greenland Mines Ltd,NASDAQ,Miscellaneous Commercial Services,6.38,10.43,7.71,6.9,8.04,11.06,14.25,14.74,8.71,8.37,7.54,6.05,41.75,35.29,2.25,15766236.7,16558881.266666668,105645662.0,114294918.0,0.19,2.04,56317104.8719346,43.69,14,-43.54,377,-64.46,391,-21.43,-0.58,-17.26,0.67,0.66,14.7,2.171,110.09,False,False,False,False,False,True,True,True,False,True,False,True,False,False,False,False,,False,True,3,"thin RVOL, below 200-MA, large gap","near21, ADR",5,https://www.tradingview.com/chart/?symbol=NASDAQ:GRML&interval=D,True,False,False
ALKT,"Alkami Technology, Inc.",NASDAQ,Packaged Software,14.11,13.92,16.5,17.66,18.41,17.62,17.34,17.97,14.62,15.99,14.33,14.03,5.04,5.75,0.81,2660508.2,1863929.9333333333,26300051.0,32925080.0,0.4,1.27,1508951274.9780915,-28.77,386,-23.11,324,-13.17,280,-21.68,-4.06,-14.48,2.04,0.37,9.9,0.638,31.8,False,False,False,False,False,False,True,True,False,True,False,True,False,False,False,False,2026-10-29,False,False,4,"thin RVOL, below 200-MA",ADR,4,https://www.tradingview.com/chart/?symbol=NASDAQ:ALKT&interval=D,False,False,False
ACAD,ACADIA Pharmaceuticals Inc.,NASDAQ,Pharmaceuticals: Major,19.74,20.89,24.07,25.69,26.74,24.99,23.95,24.33,21.25,23.32,20.36,19.67,4.85,4.7,0.93,3071863.2,2054680.5666666667,40559394.0,52783032.0,0.55,0.25,3401310899.818001,-28.92,387,-24.51,332,-11.68,273,-21.7,-5.57,-18.01,3.27,0.74,7.5,0.567,29.66,False,False,False,False,False,False,True,True,False,True,False,True,False,False,False,False,2026-11-11,False,False,4,"thin RVOL, below 200-MA",ADR,4,https://www.tradingview.com/chart/?symbol=NASDAQ:ACAD&interval=D,False,False,False
RSI,"Rush Street Interactive, Inc.",NYSE,Casinos/Gaming,20.56,20.1,22.5,23.77,24.77,27.21,25.85,24.01,20.78,22.11,21.22,20.42,5.81,5.57,1.14,4292119.2,3266117.8666666667,67151383.0,77650864.0,0.36,0.14,4765260101.957123,-22.18,354,-36.25,362,-6.84,247,-21.76,-3.06,-8.63,1.26,0.7,12.2,0.497,34.56,False,False,False,False,False,True,True,True,False,True,False,True,False,False,False,False,2026-11-04,False,False,4,"thin RVOL, below 200-MA","near21, ADR",5,https://www.tradingview.com/chart/?symbol=NYSE:RSI&interval=D,False,False,False
CHWY,"Chewy, Inc.",NYSE,Internet Retail,18.14,18.25,19.49,20.87,21.79,21.08,22.55,24.34,18.56,19.56,18.45,17.82,4.12,4.75,0.86,9795002.2,9737853.733333332,176644667.0,203251729.0,0.68,0.22,7290960029.260155,-24.16,366,-10.95,250,-31.26,341,-22.12,-3.53,-6.94,1.53,0.73,36.6,0.266,33.61,False,False,False,False,False,False,True,False,False,False,False,True,False,False,False,False,2026-12-03,False,False,4,"thin RVOL, below 200-MA",,3,https://www.tradingview.com/chart/?symbol=NYSE:CHWY&interval=D,False,False,False
TRIP,"TripAdvisor, Inc.",NASDAQ,Other Consumer Services,8.52,8.43,8.67,8.97,10.13,11.31,11.05,11.49,8.56,8.83,8.86,8.41,4.23,4.52,0.39,3934928.1,3998926.8666666667,34070857.0,35888369.0,0.59,0.74,998538379.1262801,-6.78,223,-37.86,367,-22.05,312,-22.23,-3.51,-1.68,0.77,1.15,28.5,0.134,35.85,False,False,False,False,True,True,False,False,False,True,True,True,False,False,False,False,2026-11-09,False,False,4,"thin RVOL, below 200-MA",near21,4,https://www.tradingview.com/chart/?symbol=NASDAQ:TRIP&interval=D,False,False,False
GIL,"Gildan Activewear, Inc.",NYSE,Apparel/Footwear,41.72,42.12,44.75,47.4,50.82,52.89,54.77,57.75,42.56,44.92,41.74,40.66,4.18,4.14,1.73,2810196.6,1666390.3666666667,69521806.0,78984682.0,1.31,0.61,7726204092.471277,-21.42,351,-18.93,296,-26.87,330,-22.4,-4.33,-6.77,1.72,0.63,61.1,0.27,37.47,False,False,False,False,False,False,True,True,False,True,False,False,False,False,True,False,2026-10-29,False,False,3,"LoD>60% ATR, thin RVOL, below 200-MA","ADR, RVOL",3,https://www.tradingview.com/chart/?symbol=NYSE:GIL&interval=D,False,False,False
Z,"Zillow Group, Inc.",NASDAQ,Internet Software/Services,27.7,27.74,29.59,31.31,32.69,33.12,36.53,42.33,28.13,29.55,28.16,27.28,4.13,4.51,1.25,4729081.7,3888290.933333333,107705659.0,121732020.0,0.56,0.29,6259160879.117111,-20.43,347,-14.32,268,-32.72,348,-22.49,-3.39,-6.39,1.39,0.7,33.6,0.274,52.68,False,False,False,False,False,True,True,False,False,True,False,True,False,False,False,False,2026-11-04,False,False,4,"thin RVOL, below 200-MA",near21,4,https://www.tradingview.com/chart/?symbol=NASDAQ:Z&interval=D,False,False,False
TE,T1 Energy Inc.,NYSE,Electrical Products,3.8,3.8,4.11,4.27,4.49,6.35,6.16,6.46,3.87,4.08,3.95,3.76,5.76,8.36,0.32,20688810.3,19773157.3,75137998.0,84517065.0,0.99,2.43,1119010835.5675676,-15.37,309,-44.24,378,-8.43,253,-22.68,-1.84,-7.45,0.82,0.6,12.5,0.348,70.18,False,False,False,False,False,True,True,False,False,True,False,True,False,False,False,False,2026-11-11,False,True,3,"thin RVOL, below 200-MA, large gap",near21,4,https://www.tradingview.com/chart/?symbol=NYSE:TE&interval=D,False,False,False
QXO,"QXO, Inc.",NYSE,Wholesale Distributors,12.11,12.05,12.03,12.51,13.28,14.66,16.61,18.35,12.04,12.28,12.59,12.07,4.43,4.87,0.59,21121816.2,17757485.6,215043151.0,222157983.0,1.09,2.27,12564012772.511782,-8.95,252,-19.53,302,-40.34,366,-22.94,-1.81,0.65,0.28,0.88,6.8,0.135,52.15,False,False,False,False,True,True,True,False,False,True,False,True,False,True,False,False,2026-11-17,False,True,4,"below 200-MA, large gap",near21,5,https://www.tradingview.com/chart/?symbol=NYSE:QXO&interval=D,False,False,False
XE,"X-Energy, Inc.",NASDAQ,Industrial Machinery,15.45,14.83,15.32,16.3,17.43,19.12,,,14.91,15.57,16.42,14.8,5.77,7.73,1.19,5916345.9,6850170.066666666,105835128.0,111685173.0,2.14,2.71,6278355926.564885,-12.56,280,-5.5,211,-51.75,384,-23.27,-1.47,0.86,0.1,1.36,54.4,0.237,27.8,False,False,False,False,True,True,False,False,False,True,True,True,True,True,True,False,2026-12-02,False,True,4,"below 200-MA, large gap","near21, RVOL",4,https://www.tradingview.com/chart/?symbol=NASDAQ:XE&interval=D,False,False,False
PUMP,ProPetro Holding Corp.,NYSE,Oilfield Services/Equipment,9.53,9.33,10.04,10.43,10.8,12.71,13.41,12.73,9.49,9.94,9.83,9.46,4.65,5.35,0.51,3924451.2,3801345.1333333333,36226819.0,39637893.0,0.72,-0.21,1170511915.0677788,-14.83,306,-24.06,331,-31.68,342,-23.53,-2.2,-5.06,0.77,0.74,14.7,0.352,42.79,False,False,False,False,False,True,True,False,False,True,False,True,False,False,False,False,2026-11-04,False,False,4,"thin RVOL, below 200-MA",near21,4,https://www.tradingview.com/chart/?symbol=NYSE:PUMP&interval=D,False,False,False
OCUL,"Ocular Therapeutix, Inc.",NASDAQ,Pharmaceuticals: Major,7.34,8.15,9.27,9.76,9.71,9.42,9.29,9.56,8.03,8.86,7.56,7.13,8.22,8.23,0.6,4877270.5,3075275.8333333335,22572525.0,30027506.0,0.58,0.69,1611980524.777931,-30.16,388,-28.18,341,-12.31,276,-23.55,-2.97,-20.86,2.08,0.72,34.8,0.609,21.25,False,False,False,False,False,False,True,True,False,True,False,True,False,False,False,False,2026-11-09,False,False,4,"thin RVOL, below 200-MA",ADR,4,https://www.tradingview.com/chart/?symbol=NASDAQ:OCUL&interval=D,False,False,False
QS,QuantumScape Corporation,NASDAQ,Electrical Products,4.65,4.7,4.91,5.15,5.39,6.35,6.55,7.26,4.72,4.93,4.72,4.62,4.42,4.98,0.23,12180468.4,12277964.5,57092535.0,63174220.0,1.12,1.19,2878877798.1493506,-14.68,303,-30.08,349,-25.96,324,-23.57,-2.76,-5.35,1.14,0.43,13.0,0.201,55.18,False,False,False,False,False,True,True,True,False,True,False,True,False,False,False,False,2026-10-28,False,False,4,"thin RVOL, below 200-MA","near21, ADR",5,https://www.tradingview.com/chart/?symbol=NASDAQ:QS&interval=D,False,False,False
EOSE,"Eos Energy Enterprises, Inc.",NASDAQ,Electrical Products,3.26,3.21,3.61,3.57,3.67,4.96,5.37,7.28,3.31,3.47,3.38,3.23,7.15,8.24,0.27,28888217.0,26529127.633333333,86484956.0,94806259.0,0.83,0.46,1187186874.4709477,-7.39,242,-30.04,348,-34.14,353,-23.86,-1.36,-9.57,0.73,0.54,11.2,0.456,124.89,False,False,False,False,False,True,True,True,False,True,False,True,False,False,False,False,2026-11-11,False,False,4,"thin RVOL, below 200-MA","near21, ADR",5,https://www.tradingview.com/chart/?symbol=NASDAQ:EOSE&interval=D,False,False,False
HYMC,Hycroft Mining Holding Corporation,NASDAQ,Precious Metals,19.09,19.72,20.5,21.62,22.77,24.41,29.0,30.86,19.61,20.6,19.18,18.52,5.82,7.16,1.37,1831071.8,2036721.466666662,38881013.0,44029505.0,0.75,1.65,1778838175.75,-14.78,305,-9.14,234,-48.66,376,-24.19,-2.26,-6.88,1.03,0.49,42.1,0.239,58.35,False,False,False,False,False,True,True,True,False,True,False,True,False,False,False,False,2026-11-03,False,False,4,"thin RVOL, below 200-MA","near21, ADR",5,https://www.tradingview.com/chart/?symbol=NASDAQ:HYMC&interval=D,False,False,False
ALNY,"Alnylam Pharmaceuticals, Inc.",NASDAQ,Pharmaceuticals: Major,223.94,240.3,243.29,245.45,239.36,265.49,281.73,301.18,235.2,240.56,229.18,217.18,4.25,4.62,10.35,1279607.2,1498242.5666666667,335516440.0,367741640.0,1.08,0.51,29965215998.117603,-13.4,289,-29.69,346,-31.24,340,-24.77,-1.39,-7.95,1.49,1.16,65.3,0.186,27.61,False,False,False,False,False,True,False,False,False,True,True,False,False,True,False,False,2026-10-29,False,False,4,"LoD>60% ATR, below 200-MA",near21,2,https://www.tradingview.com/chart/?symbol=NASDAQ:ALNY&interval=D,False,False,False
JOBY,"Joby Aviation, Inc.",NYSE,Aerospace & Defense,5.78,6.05,6.16,6.42,6.96,8.13,8.49,9.5,6.01,6.25,5.93,5.73,4.06,4.77,0.28,19975571.6,23734377.633333333,137184703.0,152350970.0,0.81,0.69,5744594533.0,-16.11,315,-27.98,340,-31.76,343,-25.28,-3.55,-6.23,1.58,0.73,18.1,0.128,59.68,False,False,False,False,False,False,True,False,False,False,False,True,False,False,False,False,2026-11-11,False,False,4,"thin RVOL, below 200-MA",,3,https://www.tradingview.com/chart/?symbol=NYSE:JOBY&interval=D,False,False,False
MTZ,"MasTec, Inc.",NYSE,Engineering & Construction,228.3,214.75,220.18,227.33,247.84,311.23,324.48,305.38,218.27,224.14,233.21,221.0,4.64,5.08,11.59,1331330.8,1499782.3,342400299.0,340940011.0,0.95,1.32,18333618867.53874,-2.75,193,-38.42,369,-34.78,356,-25.32,-1.55,3.69,0.37,1.05,63.0,0.178,48.06,False,False,False,False,False,True,False,False,False,True,True,False,False,True,False,False,2026-10-29,False,False,4,"LoD>60% ATR, below 200-MA",near21,2,https://www.tradingview.com/chart/?symbol=NYSE:MTZ&interval=D,False,False,False
MPT,"Medical Properties Trust, Inc.",NYSE,Real Estate Investment Trusts,3.3,3.45,3.52,3.7,3.96,4.39,4.58,4.77,3.42,3.56,3.34,3.24,4.1,4.17,0.14,10570953.8,10655978.666666666,35164730.0,39391601.0,1.13,0.0,1970760005.981873,-18.32,333,-27.63,339,-30.53,338,-25.49,-4.01,-6.37,1.78,0.73,43.6,0.17,39.95,False,False,False,False,False,False,True,True,False,True,False,True,False,False,False,False,2026-10-22,False,False,4,"thin RVOL, below 200-MA",ADR,4,https://www.tradingview.com/chart/?symbol=NYSE:MPT&interval=D,False,False,False
MIRM,"Mirum Pharmaceuticals, Inc.",NASDAQ,Pharmaceuticals: Major,79.25,85.69,90.8,93.57,96.87,102.78,100.23,98.38,85.3,89.58,81.94,77.78,4.61,4.71,3.73,889493.4,723246.5333333333,57317288.0,67675625.0,1.35,0.63,5145877281.140244,-20.01,344,-38.0,368,-18.82,298,-25.61,-3.86,-12.72,2.45,1.11,39.4,0.269,21.57,False,False,False,False,False,False,False,False,False,False,True,True,False,False,True,False,2026-11-17,False,False,4,"thin RVOL, below 200-MA",RVOL,2,https://www.tradingview.com/chart/?symbol=NASDAQ:MIRM&interval=D,False,False,False
SPHR,Sphere Entertainment Co.,NYSE,Media Conglomerates,105.38,129.59,136.77,139.32,146.9,146.44,139.03,129.21,126.32,134.18,112.8,103.56,6.24,6.9,7.28,950113.2,690010.9666666667,72713356.0,96133248.0,2.76,-0.44,3784576117.1808662,-25.78,376,-32.9,356,-19.25,302,-25.98,-4.09,-22.95,3.11,1.27,25.0,0.319,16.78,False,False,False,False,False,False,False,False,False,False,True,True,True,True,True,False,2026-11-10,False,False,5,below 200-MA,RVOL,2,https://www.tradingview.com/chart/?symbol=NYSE:SPHR&interval=D,False,False,False
PLNT,"Planet Fitness, Inc.",NYSE,Other Consumer Services,42.25,41.64,45.4,47.5,49.65,50.9,57.26,67.13,42.77,44.9,42.82,41.76,5.13,4.5,1.9,3040279.4,2410043.0,101824317.0,114473026.0,0.52,-0.36,3191268058.9256005,-17.51,327,-18.2,288,-42.46,369,-26.06,-3.31,-6.95,1.31,0.56,25.8,0.368,60.32,False,False,False,False,False,True,True,True,False,True,False,True,False,False,False,False,2026-11-10,False,False,4,"thin RVOL, below 200-MA","near21, ADR",5,https://www.tradingview.com/chart/?symbol=NYSE:PLNT&interval=D,False,False,False
STUB,"StubHub Holdings, Inc.",NYSE,Internet Software/Services,5.73,5.46,5.7,5.95,6.81,8.66,8.17,9.18,5.58,5.82,5.82,5.53,5.1,5.4,0.31,6720927.2,6629258.9,37985653.0,39430832.0,0.71,0.9,2189375587.057866,-13.18,288,-57.27,389,-9.91,262,-26.79,-2.94,0.54,0.29,0.92,64.7,0.187,64.9,False,False,False,False,True,True,True,False,False,True,False,False,False,False,False,False,2026-11-12,False,False,3,"LoD>60% ATR, thin RVOL, below 200-MA",near21,4,https://www.tradingview.com/chart/?symbol=NYSE:STUB&interval=D,False,False,False
QNT,Quantinuum Inc.,NASDAQ,Computer Processing Hardware,45.59,47.88,49.19,49.65,52.79,,,,47.54,49.13,46.5,45.32,6.13,6.61,3.01,2053612.7,1791176.1666666667,81659721.0,88929508.0,0.66,0.37,12004217829.039976,-7.54,243,-40.05,373,-32.96,349,-26.85,-2.06,-7.32,1.09,0.39,8.8,0.178,10.76,False,False,False,False,False,True,True,True,False,True,False,True,False,True,False,False,2026-11-12,False,False,5,below 200-MA,"near21, ADR",5,https://www.tradingview.com/chart/?symbol=NASDAQ:QNT&interval=D,False,False,False
FLUT,Flutter Entertainment plc,NYSE,Casinos/Gaming,76.25,77.99,86.71,91.11,94.65,98.89,101.25,119.06,78.94,84.65,78.58,75.66,5.66,5.38,4.11,2910166.6,2913622.466666667,222163713.0,265464028.0,0.72,0.13,13232357592.301598,-24.5,367,-28.81,342,-28.8,332,-27.37,-3.61,-12.06,1.84,0.71,14.4,0.454,53.87,False,False,False,False,False,False,True,True,False,True,False,True,False,True,False,False,2026-11-18,False,False,5,below 200-MA,ADR,4,https://www.tradingview.com/chart/?symbol=NYSE:FLUT&interval=D,False,False,False
MIAX,"Miami International Holdings, Inc.",NYSE,Investment Banks/Brokers,30.79,33.96,36.84,38.86,40.98,42.06,42.46,42.53,34.12,36.34,34.5,30.7,4.92,5.5,1.69,1850076.3,1711022.4333333333,52682381.0,66489761.0,3.14,0.52,3055319260.27972,-26.3,378,-29.57,345,-26.83,329,-27.57,-4.52,-16.43,2.78,2.25,5.6,0.369,27.85,False,False,False,False,False,False,False,False,False,False,True,True,True,True,True,False,2026-10-29,False,False,5,below 200-MA,RVOL,2,https://www.tradingview.com/chart/?symbol=NYSE:MIAX&interval=D,False,False,False
KNF,Knife Riv Holding Co.,NYSE,Construction Materials,53.23,52.2,54.18,57.27,61.98,70.92,75.47,76.23,52.65,54.98,53.58,52.17,4.35,4.43,2.36,1287520.0,1077519.5666666667,57356367.0,61710623.0,0.58,1.56,3021516923.008659,-13.94,294,-34.38,359,-35.09,358,-27.8,-3.18,-1.75,0.72,0.6,44.9,0.174,45.14,False,False,False,False,True,True,True,True,False,True,False,True,False,False,False,False,2026-11-09,False,False,4,"thin RVOL, below 200-MA","near21, ADR",6,https://www.tradingview.com/chart/?symbol=NYSE:KNF&interval=D,False,False,False
WHR,Whirlpool Corporation,NYSE,Electronics/Appliances,30.15,31.13,32.5,34.83,37.31,38.49,43.81,52.93,31.12,32.83,30.57,29.9,4.2,4.81,1.45,2754141.2,2743396.533333333,82713405.0,95541528.0,0.79,0.7,1965761320.6543455,-21.81,352,-18.51,294,-45.93,373,-28.75,-3.99,-7.22,1.7,0.46,17.4,0.232,72.3,False,False,False,False,False,False,True,True,False,True,False,True,False,False,False,False,2026-10-15,False,False,4,"thin RVOL, below 200-MA",ADR,4,https://www.tradingview.com/chart/?symbol=NYSE:WHR&interval=D,False,False,False
APP,Applovin Corporation,NASDAQ,Packaged Software,278.78,295.31,308.87,310.51,325.83,411.61,423.79,452.35,292.22,304.2,283.76,276.66,5.17,5.47,15.26,5670697.9,5086084.333333333,1417898590.0,1579305477.0,0.78,0.27,93294004278.18484,-10.2,260,-46.87,384,-29.27,333,-28.78,-2.64,-9.74,1.53,0.47,13.9,0.246,56.33,False,False,False,False,False,False,True,True,False,True,False,True,False,True,False,False,2026-11-11,False,False,5,below 200-MA,ADR,4,https://www.tradingview.com/chart/?symbol=NASDAQ:APP&interval=D,False,False,False
NAMS,NewAmsterdam Pharma Company N.V.,NASDAQ,Pharmaceuticals: Major,22.27,23.21,22.73,23.83,25.35,29.1,30.07,31.04,23.11,23.52,23.11,21.44,6.13,6.21,1.38,1625425.0,1682542.4666666666,37470221.0,40087696.0,0.71,1.14,2662092695.8061404,-13.18,287,-39.25,371,-34.31,354,-28.91,-1.95,-2.03,0.86,1.2,59.7,0.146,37.33,False,False,False,False,True,True,False,False,False,True,True,True,False,False,False,False,2026-11-11,False,False,4,"thin RVOL, below 200-MA",near21,4,https://www.tradingview.com/chart/?symbol=NASDAQ:NAMS&interval=D,False,False,False
FUN,Six Flags Entertainment Corporation,NYSE,Movies/Entertainment,12.08,11.7,12.29,13.39,14.81,17.69,17.84,17.51,11.84,12.57,12.39,12.01,5.29,6.04,0.73,2961024.6,2338681.9,28251277.0,31311053.0,0.92,-0.08,1235981093.2168179,-19.68,342,-35.68,361,-32.21,347,-29.19,-3.05,-1.67,0.65,0.52,9.6,0.285,50.88,False,False,False,False,True,True,True,True,False,True,False,True,False,False,False,False,2026-11-05,False,False,4,"thin RVOL, below 200-MA","near21, ADR",6,https://www.tradingview.com/chart/?symbol=NYSE:FUN&interval=D,False,False,False
HUBG,"Hub Group, Inc.",NASDAQ,Air Freight/Couriers,28.16,29.86,31.87,33.97,37.8,41.26,40.56,41.63,30.02,32.07,28.68,27.9,4.12,5.27,1.48,1284895.4,1283010.4666666666,36129575.0,43588142.0,0.6,-1.08,1722082790.2574809,-22.7,357,-38.85,370,-26.42,326,-29.32,-4.84,-11.64,2.31,0.53,17.2,0.294,41.78,False,False,False,False,False,False,True,True,False,True,False,True,False,False,False,False,2026-10-22,False,False,4,"thin RVOL, below 200-MA",ADR,4,https://www.tradingview.com/chart/?symbol=NASDAQ:HUBG&interval=D,False,False,False
PL,Planet Labs PBC,NYSE,Packaged Software,18.57,17.05,16.83,17.79,19.7,26.3,28.62,27.35,17.24,17.57,18.81,18.01,4.86,5.66,1.05,11204682.9,11527929.066666666,214073643.0,205104914.0,1.48,4.38,6756657281.911866,-5.45,212,-33.68,357,-49.12,377,-29.42,-1.01,10.36,1.0,0.76,53.2,0.151,63.51,False,False,False,False,False,True,True,False,False,True,False,True,False,False,True,False,2026-12-14,False,True,3,"thin RVOL, below 200-MA, large gap","near21, RVOL",4,https://www.tradingview.com/chart/?symbol=NYSE:PL&interval=D,False,False,False
GT,The Goodyear Tire & Rubber Company,NASDAQ,Automotive Aftermarket,4.66,4.97,5.14,5.48,5.87,6.12,6.36,7.05,4.94,5.2,4.8,4.66,4.46,4.95,0.23,8912894.4,9542044.333333334,44465927.0,52314258.0,0.79,1.07,1341608091.3589747,-23.48,362,-32.46,355,-33.33,351,-29.76,-4.18,-9.37,2.1,0.61,0.0,0.208,44.64,False,False,False,False,False,False,True,True,False,True,False,True,False,False,False,False,2026-11-09,False,False,4,"thin RVOL, below 200-MA",ADR,4,https://www.tradingview.com/chart/?symbol=NASDAQ:GT&interval=D,False,False,False
LCID,"Lucid Group, Inc.",NASDAQ,Motor Vehicles,4.16,4.11,4.15,4.38,5.31,5.6,6.53,7.58,4.15,4.32,4.33,4.12,5.38,6.7,0.28,8704152.59999998,11368685.133333353,47293730.0,49787262.0,0.9,0.24,1639332022.0239809,-9.37,256,-29.85,347,-52.62,385,-30.61,-3.23,0.18,0.55,0.77,16.1,0.094,83.44,False,False,False,False,True,True,True,False,True,True,False,True,False,False,False,False,2026-11-09,False,False,4,"thin RVOL, below 200-MA","near21, BB",6,https://www.tradingview.com/chart/?symbol=NASDAQ:LCID&interval=D,False,False,False
RUN,Sunrun Inc.,NASDAQ,Semiconductors,7.77,7.81,8.2,8.44,8.98,11.07,11.66,13.45,7.87,8.2,7.85,7.59,4.89,5.41,0.42,7835569.3,7296324.733333333,56692443.0,61545715.0,0.76,0.53,1871381105.2549276,-12.6,281,-36.36,363,-43.28,371,-30.75,-2.49,-5.22,0.97,0.62,42.8,0.213,72.49,False,False,False,False,False,True,True,True,False,True,False,True,False,False,False,False,2026-11-04,False,False,4,"thin RVOL, below 200-MA","near21, ADR",5,https://www.tradingview.com/chart/?symbol=NASDAQ:RUN&interval=D,False,False,False
CHTR,"Charter Communications, Inc.",NASDAQ,Cable/Satellite TV,108.64,111.71,122.95,132.56,139.49,137.87,160.59,173.87,113.32,121.81,112.87,107.79,4.49,5.29,5.75,3015316.8,2859784.6666666665,310687006.0,379084476.0,0.79,3.62,19024513182.821194,-27.91,383,-19.44,301,-50.89,382,-32.75,-4.18,-11.64,2.04,0.88,14.8,0.422,57.21,False,False,False,False,False,False,True,False,False,False,False,True,False,True,False,False,2026-10-30,False,True,4,"below 200-MA, large gap",,3,https://www.tradingview.com/chart/?symbol=NASDAQ:CHTR&interval=D,False,False,False
FMC,FMC Corporation,NYSE,Chemicals: Agricultural,9.03,9.13,10.06,10.7,10.66,11.26,12.61,13.17,9.23,9.85,9.3,8.96,5.48,6.16,0.56,5160561.6,4051934.5,36588969.0,43355699.0,0.9,0.56,1404580427.1566665,-30.27,389,-22.16,317,-49.61,379,-34.01,-2.48,-10.27,1.35,0.61,12.6,0.44,44.69,False,False,False,False,False,True,True,True,False,True,False,True,False,False,False,False,2026-10-29,False,False,4,"thin RVOL, below 200-MA","near21, ADR",5,https://www.tradingview.com/chart/?symbol=NYSE:FMC&interval=D,False,False,False
CAR,"Avis Budget Group, Inc.",NASDAQ,Finance/Rental/Leasing,112.65,107.39,113.35,122.37,130.65,148.68,168.26,155.83,110.02,115.32,114.25,108.73,5.26,5.3,5.97,416708.5,422035.4666666667,47542295.0,51642370.0,1.03,0.69,3979446115.1560473,-18.35,334,-26.92,337,-56.82,386,-34.03,-2.6,-0.62,0.44,0.93,65.7,0.272,54.03,False,False,False,False,True,True,True,False,False,True,False,False,False,False,False,False,2026-11-02,False,False,3,"LoD>60% ATR, thin RVOL, below 200-MA",near21,4,https://www.tradingview.com/chart/?symbol=NASDAQ:CAR&interval=D,False,False,False
CELC,Celcuity Inc.,NASDAQ,Medical Specialties,71.25,76.75,80.45,84.68,86.86,95.66,103.38,104.16,76.4,80.31,76.29,70.32,6.4,6.49,4.62,1282147.7,982759.9,70021643.0,83219781.0,1.32,0.9,3486398550.5297475,-25.65,375,-37.49,366,-39.0,363,-34.05,-2.77,-11.43,1.74,1.29,20.2,0.232,38.46,False,False,False,False,False,False,False,False,False,False,True,True,False,False,True,False,2026-11-18,False,False,4,"thin RVOL, below 200-MA",RVOL,2,https://www.tradingview.com/chart/?symbol=NASDAQ:CELC&interval=D,False,False,False
RARE,Ultragenyx Pharmaceutical Inc.,NASDAQ,Pharmaceuticals: Major,14.46,14.78,14.48,17.23,20.69,24.0,23.69,23.89,14.83,15.95,14.7,14.08,6.03,7.48,1.08,4530603.9,5879122.1,85012106.0,101323730.0,0.79,0.69,1425595130.0068965,-6.56,222,-58.97,390,-36.91,361,-34.15,-4.03,-0.17,1.25,0.57,35.1,0.181,65.84,False,False,False,False,True,True,True,True,False,True,False,True,False,False,False,False,2026-11-04,False,False,4,"thin RVOL, below 200-MA","near21, ADR",6,https://www.tradingview.com/chart/?symbol=NASDAQ:RARE&interval=D,False,False,False
FLNC,"Fluence Energy, Inc.",NASDAQ,Electrical Products,8.03,7.67,8.19,9.06,10.6,15.18,15.16,16.82,7.83,8.45,8.16,7.72,5.16,7.26,0.58,6917230.0,7678060.466666667,61654826.0,69588821.0,0.85,1.57,1482308873.6679738,-20.57,348,-45.23,380,-38.51,362,-34.77,-3.34,-2.01,0.69,0.76,53.2,0.462,113.87,False,False,False,False,True,True,True,False,False,True,False,True,False,False,False,False,2026-11-30,False,False,4,"thin RVOL, below 200-MA",near21,5,https://www.tradingview.com/chart/?symbol=NASDAQ:FLNC&interval=D,False,False,False
FICO,Fair Isaac Corporation,NYSE,Financial Publishing/Services,695.46,735.85,851.08,931.26,1005.77,1107.59,1105.56,1207.85,736.93,830.82,703.86,676.0,5.85,8.02,55.77,1590078.8,791222.1666666666,550263368.0,736834346.0,0.93,0.75,15020291105.644234,-25.57,372,-46.05,383,-35.68,359,-35.77,-3.85,-18.28,2.03,0.5,34.9,0.652,67.87,False,False,False,False,False,False,True,True,False,True,False,True,False,True,False,False,2026-11-11,False,False,5,below 200-MA,ADR,4,https://www.tradingview.com/chart/?symbol=NYSE:FICO&interval=D,False,False,False
RCAT,"Red Cat Holdings, Inc.",NASDAQ,Packaged Software,6.34,6.49,6.98,7.54,8.2,9.23,10.52,10.94,6.56,7.03,6.48,6.3,4.73,6.3,0.4,6742560.4,7652265.4,48515363.0,57699356.0,0.66,0.63,968208981.248227,-25.41,370,-32.12,351,-51.0,383,-36.18,-3.6,-9.2,1.56,0.45,10.0,0.359,70.21,False,False,False,False,False,False,True,True,False,True,False,True,False,False,False,False,2026-11-12,False,False,4,"thin RVOL, below 200-MA",ADR,4,https://www.tradingview.com/chart/?symbol=NASDAQ:RCAT&interval=D,False,False,False
KRMN,Karman Holdings Inc.,NYSE,Aerospace & Defense,33.29,33.5,34.44,37.41,44.66,48.57,60.54,68.46,33.7,35.94,34.6,32.82,6.64,7.3,2.43,3455026.8,3714503.5,123655822.0,138975672.0,0.67,0.27,4412047156.297698,-17.48,326,-34.0,358,-61.95,389,-37.81,-3.49,-3.33,1.01,0.73,19.3,0.167,105.04,False,False,False,False,False,True,True,False,False,True,False,True,False,False,False,False,2026-11-05,False,False,4,"thin RVOL, below 200-MA",near21,4,https://www.tradingview.com/chart/?symbol=NYSE:KRMN&interval=D,False,False,False
UTI,Universal Technical Institute Inc,NYSE,Miscellaneous Commercial Services,19.67,19.44,20.09,20.59,24.63,32.99,34.18,32.83,19.54,20.46,19.71,19.04,5.07,6.16,1.21,1697291.3,1795033.8,35308315.0,36956156.0,0.55,0.57,1083723180.1538863,-7.35,240,-61.62,391,-44.75,372,-37.9,-3.27,-2.09,0.63,0.56,52.4,0.175,74.95,False,False,False,False,True,True,True,True,False,True,False,True,False,False,False,False,2026-11-25,False,False,4,"thin RVOL, below 200-MA","near21, ADR",6,https://www.tradingview.com/chart/?symbol=NYSE:UTI&interval=D,False,False,False
IONS,"Ionis Pharmaceuticals, Inc.",NASDAQ,Pharmaceuticals: Major,44.0,44.34,46.73,51.32,53.41,62.25,66.28,70.05,44.79,47.42,44.66,43.17,4.0,4.56,2.01,3585264.5,3835677.0,168769788.0,196840551.0,0.58,1.57,7312110351.08046,-24.61,368,-48.57,385,-41.32,368,-38.17,-3.86,-5.85,1.58,0.75,41.4,0.343,58.43,False,False,False,False,False,False,True,False,False,False,False,True,False,False,False,False,2026-11-04,False,False,4,"thin RVOL, below 200-MA",,3,https://www.tradingview.com/chart/?symbol=NASDAQ:IONS&interval=D,False,False,False
SOC,Sable Offshore Corp.,NYSE,Integrated Oil,3.57,3.63,4.16,4.34,4.44,6.76,9.41,9.4,3.68,4.0,3.69,3.36,8.71,9.79,0.35,8822177.3,7893908.866666666,28181255.0,34296403.0,0.65,-1.44,684974417.4726224,-25.47,371,-16.98,279,-73.83,394,-38.76,-2.01,-14.17,1.09,0.96,61.5,0.577,161.87,False,False,False,False,False,True,True,False,False,True,False,False,False,False,False,False,2026-11-12,False,False,3,"LoD>60% ATR, thin RVOL, below 200-MA",near21,3,https://www.tradingview.com/chart/?symbol=NYSE:SOC&interval=D,False,False,False
FRVO,Fervo Energy Company,NASDAQ,Alternative Power Generation,14.33,14.64,15.37,15.91,17.76,25.08,,,14.59,15.47,14.56,13.23,8.75,9.88,1.42,9675983.3,8125724.066666666,116441626.0,129268081.0,1.49,1.04,4223956599.574294,-17.02,323,-39.54,372,-60.19,387,-38.92,-1.95,-6.74,0.74,0.94,77.7,0.307,72.83,False,False,False,False,False,True,True,False,False,True,False,False,False,False,True,False,2026-12-02,False,False,3,"LoD>60% ATR, thin RVOL, below 200-MA","near21, RVOL",3,https://www.tradingview.com/chart/?symbol=NASDAQ:FRVO&interval=D,False,False,False
XENE,Xenon Pharmaceuticals Inc.,NASDAQ,Pharmaceuticals: Major,36.57,37.38,44.83,50.1,55.29,56.88,56.53,53.04,39.06,44.01,37.79,35.75,5.42,6.25,2.29,2654299.1,2081106.5333333334,76106066.0,104253725.0,1.07,0.56,3541454540.57679,-39.07,392,-42.03,374,-36.6,360,-39.23,-5.42,-18.43,2.7,0.89,35.9,0.858,53.31,False,False,False,False,False,False,True,False,False,False,False,True,False,False,False,False,2026-11-11,False,False,4,"thin RVOL, below 200-MA",,3,https://www.tradingview.com/chart/?symbol=NASDAQ:XENE&interval=D,False,False,False
BRBR,"BellRing Brands, Inc.",NYSE,Beverages: Non-Alcoholic,7.69,7.75,8.44,9.12,10.13,10.39,12.14,14.89,7.88,8.49,7.87,7.46,5.31,6.01,0.46,4786043.3,3527911.466666667,27129639.0,32185136.0,0.99,0.65,894179347.0569211,-25.63,373,-44.28,379,-50.0,380,-39.97,-4.01,-8.89,1.57,0.88,48.7,0.344,92.9,False,False,False,False,False,False,True,False,False,False,False,True,False,False,False,False,2026-11-23,False,False,4,"thin RVOL, below 200-MA",,3,https://www.tradingview.com/chart/?symbol=NYSE:BRBR&interval=D,False,False,False
BW,"Babcock & Wilcox Enterprises, Inc.",NYSE,Electronic Equipment/Instruments,5.91,5.95,6.61,6.86,7.79,11.42,12.76,11.63,6.05,6.55,6.14,5.7,6.45,8.56,0.51,5702318.7,4832158.533333333,28558057.0,33148608.0,1.1,1.77,880383468.5531914,-16.29,318,-42.45,376,-65.26,392,-41.33,-2.82,-10.6,1.15,0.86,40.5,0.437,115.16,False,False,False,False,False,True,True,False,False,True,False,True,False,False,False,False,2026-11-11,False,False,4,"thin RVOL, below 200-MA",near21,4,https://www.tradingview.com/chart/?symbol=NYSE:BW&interval=D,False,False,False
OPEN,Opendoor Technologies Inc,NASDAQ,Real Estate Development,2.27,2.43,2.57,2.79,3.13,3.85,4.24,4.6,2.43,2.62,2.34,2.26,5.41,6.52,0.15,29346973.7,30151472.433333334,68443842.0,84233163.0,1.05,1.08,2204376661.3896103,-26.89,382,-51.8,386,-50.76,381,-43.15,-4.22,-11.76,2.05,0.54,6.8,0.29,95.57,False,False,False,False,False,False,True,True,False,True,False,True,False,False,False,False,2026-11-05,False,False,4,"thin RVOL, below 200-MA",ADR,4,https://www.tradingview.com/chart/?symbol=NASDAQ:OPEN&interval=D,False,False,False
XNDU,Xanadu Quantum Technologies Limited,NASDAQ,Computer Processing Hardware,5.06,4.79,6.3,7.59,8.85,10.78,12.32,11.93,5.12,6.25,5.32,4.61,7.94,10.43,0.53,10110426.2,5627654.666666667,28475933.0,42736410.0,1.8,5.97,1549811522.5707965,-50.0,394,-53.49,387,-31.99,344,-45.16,-4.11,-19.74,1.83,1.35,85.3,1.053,148.91,False,False,False,False,False,False,False,False,False,False,True,False,True,True,True,False,2026-12-02,False,True,3,"LoD>60% ATR, below 200-MA, large gap",RVOL,1,https://www.tradingview.com/chart/?symbol=NASDAQ:XNDU&interval=D,False,False,False
NKTR,Nektar Therapeutics,NASDAQ,Pharmaceuticals: Major,39.91,52.7,60.33,64.81,68.28,67.01,70.93,65.35,51.21,58.08,42.44,39.34,10.87,10.22,4.08,2486224.5999999996,1462531.8,58369644.0,94780592.0,0.75,0.52,1362646926.7633822,-46.55,393,-45.88,382,-46.75,375,-46.39,-4.07,-33.84,3.06,0.76,14.0,0.646,45.67,False,False,False,False,False,False,True,True,False,True,False,True,False,False,False,False,2026-11-05,False,False,4,"thin RVOL, below 200-MA",ADR,4,https://www.tradingview.com/chart/?symbol=NASDAQ:NKTR&interval=D,False,False,False
AVBP,"ArriVent BioPharma, Inc.",NASDAQ,Pharmaceuticals: Other,15.09,27.87,28.39,29.14,29.55,30.3,29.06,27.32,26.54,28.04,15.79,11.36,11.56,17.3,2.61,2631919.4,1238012.9,18681615.0,36081886.0,28.37,-57.52,744053646.3362614,-50.99,395,-55.49,388,-40.1,365,-48.86,-2.83,-46.84,2.67,1.7,142.9,0.444,19.76,False,False,False,False,False,False,False,False,False,False,True,False,True,True,True,False,2026-11-18,False,True,3,"LoD>60% ATR, below 200-MA, large gap",RVOL,1,https://www.tradingview.com/chart/?symbol=NASDAQ:AVBP&interval=D,False,False,False
CAPR,"Capricor Therapeutics, Inc.",NASDAQ,Pharmaceuticals: Major,7.75,8.58,8.69,8.95,7.52,16.49,21.58,22.61,8.51,8.68,7.89,7.46,8.82,11.39,0.88,4921242.3,4960712.933333334,38445525.0,44411609.0,0.64,-0.39,450577173.2969152,-17.55,328,-65.18,394,-75.18,395,-52.64,0.27,-10.78,0.94,0.49,32.9,0.207,194.71,False,False,False,False,False,True,True,True,False,True,False,True,False,False,False,False,2026-11-17,False,False,4,"thin RVOL, below 200-MA","near21, ADR",5,https://www.tradingview.com/chart/?symbol=NASDAQ:CAPR&interval=D,False,False,False
LQDA,Liquidia Corporation,NASDAQ,Pharmaceuticals: Major,25.91,49.17,58.26,61.81,69.63,70.33,59.83,54.12,43.05,53.87,28.3,25.76,24.18,22.15,5.74,7150183.9,3175674.966666667,82281738.0,196299585.0,0.79,1.12,2319175242.7843704,-61.85,396,-68.01,395,-32.16,346,-54.0,-2.84,-55.53,2.34,0.44,2.6,1.204,81.68,False,False,False,False,False,False,True,True,False,True,False,True,False,False,False,False,2026-11-10,False,False,4,"thin RVOL, below 200-MA",ADR,4,https://www.tradingview.com/chart/?symbol=NASDAQ:LQDA&interval=D,False,False,False
ALHC,"Alignment Healthcare, Inc.",NASDAQ,Managed Health Care,8.37,8.03,9.2,10.66,12.13,15.74,16.88,17.9,8.36,9.38,8.74,8.18,6.61,8.06,0.67,11534002.2,10234712.866666667,85664547.0,109127626.0,0.92,-0.71,1736232206.4847057,-37.26,390,-65.02,393,-60.46,388,-54.25,-3.85,-9.06,1.34,0.82,28.2,0.825,117.93,False,False,False,False,False,True,True,False,False,True,False,True,False,False,False,False,2026-10-29,False,False,4,"thin RVOL, below 200-MA",near21,4,https://www.tradingview.com/chart/?symbol=NASDAQ:ALHC&interval=D,False,False,False
ALMS,Alumis Inc.,NASDAQ,Pharmaceuticals: Major,6.93,7.15,7.88,10.85,16.89,20.72,22.02,22.09,7.35,9.22,6.95,6.64,5.85,11.97,0.83,2271456.6,4004108.1,27748469.0,43428556.0,0.74,0.73,925121407.7368422,-38.29,391,-76.16,396,-69.09,393,-61.18,-4.93,-12.02,2.08,0.37,35.0,0.473,215.56,False,False,False,False,False,False,True,False,False,False,False,True,False,False,False,False,2026-11-12,False,False,4,"thin RVOL, below 200-MA",,3,https://www.tradingview.com/chart/?symbol=NASDAQ:ALMS&interval=D,False,False,False
CTVA,"Corteva, Inc.",NYSE,Agricultural Commodities/Milling,13.91,52.24,67.2,73.37,75.85,78.7,79.43,77.62,42.64,59.19,14.06,12.85,13.18,40.9,5.69,41969640.0,17214596.8,239455041.0,1262960371.0,1.19,5.57,9282143087.569008,-84.13,397,-83.97,397,-83.45,396,-83.85,-2.0,-79.3,1.87,0.21,18.6,1.627,195.45,False,False,False,False,False,False,True,True,False,True,False,True,False,False,False,False,2026-11-11,False,True,3,"thin RVOL, below 200-MA, large gap",ADR,4,https://www.tradingview.com/chart/?symbol=NYSE:CTVA&interval=D,False,False,False
