name,description,exchange,industry,close,SMA10,SMA20,SMA30,SMA50,SMA100,SMA150,SMA200,EMA10,EMA21,high,low,ADRP,ATRP,atr_abs,average_volume_10d_calc,average_volume_30d_calc,dollar_volume_30d,average_dollar_volume_30d,rvol,gap_pct,market_cap_basic,Perf.1M,perf_1m_rank,Perf.3M,perf_3m_rank,Perf.6M,perf_6m_rank,momentum_score,atr_extension_from_50d,sma20_distance_pct,ema21_atr_dist,day_range_atr,lod_atr_pct,bb_width,ma_spread_pct,above_all_mas,ma_aligned,ema_aligned,above_sma200,near_sma20,near_ema,range_tight,adr_tight,bb_tight,plan_tight,wide_day,lod_ok,rvol_ok,rvol_pass,rvol_expand,ma_coiled,earnings_date,earnings_soon,large_gap,hard_rule_passes,hard_rule_fails,tightness_flags,focus_score,tradingview_url,is_top_1m,is_top_3m,is_top_6m
CYPH,Cypherpunk Technologies Inc.,NASDAQ,Financial Conglomerates,4.12,3.29,2.7,2.22,1.6,1.24,1.08,1.06,3.4,2.8,4.19,3.82,12.49,10.65,0.44,21308647.6,15761505.866666667,64937404.0,35035043.0,0.97,-2.94,443989243.17647064,157.5,4,610.34,1,533.85,1,433.9,14.81,52.56,4.44,0.84,68.4,1.152,54.09,True,True,True,True,False,False,True,True,False,True,False,False,False,False,False,False,2026-11-16,False,True,2,"LoD>60% ATR, >4x 50-MA, thin RVOL, large gap","EMA, ADR",7,https://www.tradingview.com/chart/?symbol=NASDAQ:CYPH&interval=D,True,True,True
QMCO,Quantum Corporation,NASDAQ,Computer Peripherals,31.68,25.88,24.84,24.22,19.67,15.37,12.21,10.91,26.78,24.84,33.01,29.02,7.41,7.82,2.48,2127434.9,1576737.5333333334,49951045.0,38184116.0,2.38,1.76,1248508784.9603255,42.0,14,181.85,2,522.4,2,248.75,7.81,27.56,3.52,1.61,107.4,0.354,47.25,True,True,True,True,False,False,False,False,False,False,True,False,True,True,True,False,2026-11-13,False,False,4,"LoD>60% ATR, >4x 50-MA","EMA, RVOL",5,https://www.tradingview.com/chart/?symbol=NASDAQ:QMCO&interval=D,True,True,True
MXL,"MaxLinear, Inc",NASDAQ,Semiconductors,93.84,79.44,71.89,71.13,71.44,81.25,62.83,51.72,81.75,76.26,96.22,85.61,6.14,6.96,6.54,3375635.1,2664162.8333333335,250005040.0,189507231.0,1.38,2.66,8510648133.518698,43.2,12,4.06,193,455.6,3,167.62,4.5,30.53,3.31,1.62,125.9,0.597,31.47,True,True,True,True,False,False,False,False,False,False,True,False,False,False,True,False,2026-10-28,False,True,2,"LoD>60% ATR, >4x 50-MA, thin RVOL, large gap","EMA, RVOL",5,https://www.tradingview.com/chart/?symbol=NASDAQ:MXL&interval=D,True,False,True
CDNA,"CareDx, Inc.",NASDAQ,Medical Specialties,63.68,55.68,52.83,51.28,47.55,36.06,30.25,27.62,56.51,53.45,65.19,60.51,4.26,4.48,2.85,1427554.2,1229818.2666666666,78314827.0,63060571.0,1.87,-0.07,3294435225.685514,26.98,30,128.65,7,267.24,6,140.96,7.57,20.53,4.27,1.64,111.1,0.291,44.07,True,True,True,True,False,False,False,False,False,False,True,False,True,True,True,False,2026-11-10,False,False,4,"LoD>60% ATR, >4x 50-MA","EMA, RVOL",5,https://www.tradingview.com/chart/?symbol=NASDAQ:CDNA&interval=D,False,True,True
ASST,"Strive, Inc.",NASDAQ,Financial Conglomerates,29.44,29.04,27.35,24.01,19.27,17.08,15.13,15.24,28.79,26.49,30.07,29.11,6.33,6.4,1.88,9842525.8,9985403.766666668,293970287.0,239707939.0,0.43,-0.15,2873260036.018704,42.08,13,171.09,3,194.4,16,135.86,8.25,7.63,1.74,0.51,17.5,0.328,47.26,True,True,True,True,False,False,True,True,False,True,False,True,False,False,False,False,2026-11-13,False,False,4,">4x 50-MA, thin RVOL","EMA, ADR",8,https://www.tradingview.com/chart/?symbol=NASDAQ:ASST&interval=D,True,True,True
USDE,StablecoinX Inc.,NASDAQ,Packaged Software,17.25,10.81,9.25,7.82,5.46,6.73,8.57,9.74,11.98,9.66,17.5,14.34,9.09,10.21,1.76,6823935.3,8832965.8,152368660.0,69107652.0,1.23,9.21,468977985.70675105,196.9,2,131.23,6,68.29,102,132.14,21.15,86.39,7.7,1.8,165.3,1.32,31.03,True,True,True,True,False,False,False,False,False,False,True,False,False,False,True,False,,False,True,2,"LoD>60% ATR, >4x 50-MA, thin RVOL, large gap","EMA, RVOL",5,https://www.tradingview.com/chart/?symbol=NASDAQ:USDE&interval=D,True,True,False
TEAM,Atlassian Corporation,NASDAQ,Packaged Software,187.74,191.72,188.65,182.31,154.3,121.72,105.05,111.84,190.05,183.89,194.81,187.23,4.28,4.67,8.76,3202805.9,3684260.2,691683010.0,671680547.0,0.59,-0.31,47524282263.497635,15.9,63,149.32,5,180.17,19,115.13,4.64,-0.48,0.45,0.87,5.8,0.122,46.16,False,False,False,True,True,True,True,False,False,True,False,True,False,True,False,False,2026-10-29,False,False,5,>4x 50-MA,near21,6,https://www.tradingview.com/chart/?symbol=NASDAQ:TEAM&interval=D,False,True,True
GLND,Greenland Energy Company,NASDAQ,Financial Conglomerates,5.54,2.52,1.92,1.74,1.87,2.27,4.24,5.78,3.1,2.35,6.69,4.83,9.16,10.6,0.59,60824889.6,20851783.7,115518882.0,36368986.0,2.45,14.21,242265270.72149536,271.81,1,118.11,9,-57.22,446,110.9,18.6,189.26,12.82,3.17,121.0,2.702,70.58,False,True,True,False,False,False,False,False,False,False,True,False,True,True,True,False,2026-12-02,False,True,2,"LoD>60% ATR, >4x 50-MA, below 200-MA, large gap","EMA, RVOL",3,https://www.tradingview.com/chart/?symbol=NASDAQ:GLND&interval=D,True,True,False
LIFE,Ethos Technologies Inc.,NASDAQ,Packaged Software,34.3,36.68,37.6,36.98,31.9,25.72,21.61,,36.16,36.26,36.41,34.05,8.63,8.26,2.83,2053627.7,1582390.1,54275980.0,58523115.0,0.62,-0.25,2186927122.6762953,-10.3,298,88.88,16,239.6,8,106.06,0.91,-8.77,0.66,0.83,8.9,0.233,46.61,False,False,False,False,False,True,True,False,False,True,False,True,False,False,False,False,2026-12-02,False,False,4,"thin RVOL, below 200-MA",near21,4,https://www.tradingview.com/chart/?symbol=NASDAQ:LIFE&interval=D,False,True,True
BAND,Bandwidth Inc.,NASDAQ,Packaged Software,61.81,54.42,51.59,51.04,51.8,56.01,43.76,36.38,56.14,53.46,65.13,60.23,7.93,7.38,4.56,1071680.3,882099.4666666667,54522568.0,45021916.0,1.0,0.47,1989094518.2361312,33.5,24,18.36,125,263.59,7,105.15,2.62,19.81,2.12,1.07,34.6,0.408,31.75,True,True,True,True,False,False,False,False,False,False,True,True,False,False,False,False,2026-10-29,False,False,5,thin RVOL,EMA,6,https://www.tradingview.com/chart/?symbol=NASDAQ:BAND&interval=D,False,False,True
GRAL,"GRAIL, Inc.",NASDAQ,Medical Specialties,126.89,93.21,86.47,82.55,77.5,71.1,64.16,72.56,100.67,90.24,127.67,118.45,5.67,6.23,7.91,2069765.7,1109012.2333333334,140722562.0,91549699.0,0.64,-1.37,5667698271.998164,56.89,8,93.55,12,148.8,30,99.75,10.22,46.75,6.51,1.17,106.7,0.739,22.89,True,True,True,True,False,False,False,False,False,False,True,False,False,False,False,False,2026-11-18,False,False,3,"LoD>60% ATR, >4x 50-MA, thin RVOL",EMA,5,https://www.tradingview.com/chart/?symbol=NASDAQ:GRAL&interval=D,True,True,False
APPS,"Digital Turbine, Inc.",NASDAQ,Packaged Software,11.11,11.33,11.13,11.2,10.82,9.52,7.51,6.86,11.3,11.24,11.75,10.75,7.51,7.78,0.86,2945956.2,2696509.3666666667,29958219.0,30199557.0,1.27,0.18,1344490557.9227939,5.01,139,10.66,159,277.89,5,97.85,0.35,-0.15,0.15,1.16,41.7,0.218,40.22,False,False,False,True,True,True,False,False,False,True,True,True,False,False,True,False,2026-11-11,False,False,5,thin RVOL,"near21, RVOL",5,https://www.tradingview.com/chart/?symbol=NASDAQ:APPS&interval=D,False,False,True
DELL,Dell Technologies Inc.,NYSE,Computer Processing Hardware,562.89,557.05,529.18,505.27,475.72,418.74,336.39,282.91,550.19,530.05,573.8,541.24,4.99,5.61,31.59,9565417.999999998,9076956.3,5109327932.0,4586277402.0,0.86,1.92,357892656966.421,25.2,34,42.05,63,221.41,11,96.22,3.26,6.37,1.1,1.03,68.5,0.319,48.7,True,True,True,True,False,True,False,False,False,True,True,False,False,True,False,False,2026-12-01,False,False,5,LoD>60% ATR,"EMA, near21",6,https://www.tradingview.com/chart/?symbol=NYSE:DELL&interval=D,False,False,True
SDGR,"Schrodinger, Inc.",NASDAQ,Packaged Software,28.85,27.57,23.72,22.16,19.79,17.25,15.51,15.66,27.45,24.72,29.74,27.69,7.03,6.08,1.75,3475166.1,1781986.6,51410313.0,39492981.0,0.4,0.51,2158142386.804754,46.26,10,79.75,20,150.87,28,92.29,7.53,21.62,2.75,1.17,66.1,0.767,41.8,True,True,True,True,False,False,False,False,False,False,True,False,False,False,False,False,2026-11-11,False,False,3,"LoD>60% ATR, >4x 50-MA, thin RVOL",EMA,5,https://www.tradingview.com/chart/?symbol=NASDAQ:SDGR&interval=D,True,True,False
GPRO,"GoPro, Inc.",NASDAQ,Electronics/Appliances,1.29,1.3,1.31,1.07,0.92,0.93,0.94,1.03,1.29,1.21,1.31,1.25,8.54,10.89,0.14,16439284.0,64975570.833333336,83818486.0,69844624.0,0.51,-0.4,241414120.8809524,111.48,6,68.03,27,92.54,66,90.68,3.64,-1.36,0.57,0.44,30.2,0.703,29.74,False,False,False,True,True,True,True,True,False,True,False,True,False,False,False,False,2026-11-05,False,False,5,thin RVOL,"near21, ADR",7,https://www.tradingview.com/chart/?symbol=NASDAQ:GPRO&interval=D,True,False,False
OKTA,"Okta, Inc.",NASDAQ,Packaged Software,195.19,193.25,181.02,167.81,158.19,136.4,116.14,109.17,192.1,180.91,205.0,195.04,4.97,5.08,9.91,4731336.7,4289406.333333333,837249222.0,719816000.0,0.87,-1.28,34123263116.30866,52.49,9,63.56,31,155.99,22,90.68,4.6,7.83,1.55,1.0,1.5,0.298,43.08,True,True,True,True,False,False,False,False,False,False,True,True,False,True,False,False,2026-12-08,False,False,5,>4x 50-MA,EMA,6,https://www.tradingview.com/chart/?symbol=NASDAQ:OKTA&interval=D,True,False,True
AMC,"AMC Entertainment Holdings, Inc.",NYSE,Movies/Entertainment,2.94,2.77,2.66,2.62,2.58,2.22,1.91,1.82,2.8,2.7,2.96,2.83,5.21,5.67,0.17,30340521.400000036,23554888.36666667,69251372.0,61768769.0,0.61,0.69,2624257643.2164946,10.53,93,58.06,36,203.09,14,90.56,2.47,10.57,1.56,0.75,66.0,0.257,32.2,True,True,True,True,False,False,True,False,False,False,False,False,False,False,False,False,2026-11-11,False,False,4,"LoD>60% ATR, thin RVOL",EMA,6,https://www.tradingview.com/chart/?symbol=NYSE:AMC&interval=D,False,False,True
BLZE,"Backblaze, Inc.",NASDAQ,Computer Peripherals,13.19,13.45,13.42,14.53,14.89,12.59,9.67,8.41,13.54,13.87,13.75,12.97,6.1,7.07,0.93,1896220.2,2370101.1666666665,31261634.0,34438360.0,0.63,1.22,816461027.3469085,-13.51,327,2.05,200,279.02,4,89.19,-1.61,-1.69,0.7,0.84,23.9,0.164,49.09,False,False,False,True,True,True,True,False,False,True,False,True,False,False,False,False,2026-11-11,False,False,5,thin RVOL,near21,6,https://www.tradingview.com/chart/?symbol=NASDAQ:BLZE&interval=D,False,False,True
OMER,Omeros Corporation,NASDAQ,Pharmaceuticals: Major,20.08,18.88,18.86,18.71,16.02,13.52,13.0,12.78,19.41,18.67,20.61,19.66,4.46,4.8,0.96,1839082.0,1727464.9333333333,34687496.0,32322596.0,0.51,1.29,1453557270.485842,5.91,130,164.56,4,93.08,64,87.85,5.28,6.46,1.57,0.99,43.6,0.216,30.35,True,True,True,True,False,False,True,False,False,False,False,True,False,False,False,False,2026-11-11,False,False,4,">4x 50-MA, thin RVOL",EMA,7,https://www.tradingview.com/chart/?symbol=NASDAQ:OMER&interval=D,False,True,False
CRWD,"CrowdStrike Holdings, Inc.",NASDAQ,Packaged Software,252.13,247.63,230.28,220.89,212.63,191.46,162.22,150.11,245.7,233.56,259.86,251.54,4.52,4.8,12.11,13773725.0,11514900.633333333,2903251897.0,2543468826.0,0.56,-0.05,258164698117.79694,37.96,19,46.97,56,171.95,21,85.63,3.87,9.49,1.66,0.69,4.9,0.331,38.68,True,True,True,True,False,False,True,True,False,True,False,True,False,True,False,False,2026-12-01,False,False,6,,"EMA, ADR",8,https://www.tradingview.com/chart/?symbol=NASDAQ:CRWD&interval=D,True,False,True
ALAB,"Astera Labs, Inc.",NASDAQ,Semiconductors,364.62,316.54,303.21,300.95,305.03,321.08,261.44,236.21,332.09,315.66,377.87,356.2,5.31,6.33,23.1,4573035.6,3803731.7,1386916652.0,1144734323.0,0.68,1.52,63256141581.82025,29.01,27,-4.66,239,228.49,9,84.28,3.08,20.25,2.45,0.94,36.5,0.458,23.28,True,True,True,True,False,False,True,False,False,False,False,True,False,True,False,False,2026-11-10,False,False,6,,EMA,7,https://www.tradingview.com/chart/?symbol=NASDAQ:ALAB&interval=D,False,False,True
RNG,"RingCentral, Inc.",NYSE,Packaged Software,76.16,75.72,73.35,70.89,64.25,52.57,47.86,43.04,75.96,72.93,79.94,75.58,4.29,4.38,3.33,1827049.9,1522441.2333333334,115949124.0,107921799.0,0.89,-0.4,6359829401.120522,19.65,53,118.41,8,109.03,55,82.37,4.23,3.83,1.01,1.31,17.4,0.195,42.91,True,True,True,True,False,True,False,False,False,True,True,True,False,False,False,False,2026-11-09,False,False,4,">4x 50-MA, thin RVOL","EMA, near21",7,https://www.tradingview.com/chart/?symbol=NYSE:RNG&interval=D,False,True,False
PURR,Hyperliquid Strategies Inc,NASDAQ,Financial Conglomerates,12.85,12.98,12.39,11.53,9.55,8.86,7.72,6.76,13.09,12.22,13.98,12.65,8.32,8.97,1.15,27194257.1,27740344.7,356463429.0,319786070.0,1.2,-0.78,3057262794.3293114,10.92,90,61.64,33,171.96,20,81.5,3.85,3.69,0.58,1.15,17.4,0.33,48.4,False,False,False,True,False,True,False,False,False,True,True,True,False,False,False,False,2026-12-02,False,False,5,thin RVOL,near21,4,https://www.tradingview.com/chart/?symbol=NASDAQ:PURR&interval=D,False,False,True
SECZ,Securitize Corp.,NYSE,Packaged Software,15.96,11.71,9.51,8.4,7.89,9.68,10.15,10.49,12.61,10.5,16.22,14.83,8.02,7.74,1.24,7215086.9,3708847.9,59193212.0,31167921.0,1.04,-1.94,2605720457.1034484,142.19,5,53.61,48,46.29,144,80.69,13.19,67.9,6.72,1.12,91.4,1.356,23.9,True,True,True,True,False,False,False,False,False,False,True,False,False,False,False,False,2026-11-13,False,False,3,"LoD>60% ATR, >4x 50-MA, thin RVOL",EMA,5,https://www.tradingview.com/chart/?symbol=NYSE:SECZ&interval=D,True,False,False
CORT,Corcept Therapeutics Incorporated,NASDAQ,Pharmaceuticals: Major,116.1,113.84,113.56,115.56,110.79,92.49,74.88,69.2,114.8,114.06,120.44,114.51,4.94,4.71,5.47,2622659.8,1421632.0,165051475.0,164285926.0,0.3,0.41,12550224037.209518,-5.28,229,38.68,75,204.8,12,79.4,1.02,2.23,0.38,1.08,29.1,0.077,38.45,True,True,True,True,True,True,False,False,True,True,True,True,False,True,False,False,2026-11-04,False,False,6,,"EMA, near21, BB",9,https://www.tradingview.com/chart/?symbol=NASDAQ:CORT&interval=D,False,False,True
FIVN,"Five9, Inc.",NASDAQ,Packaged Software,35.77,35.16,33.89,33.48,31.33,26.9,23.39,22.26,35.41,34.14,37.79,35.61,5.85,5.76,2.06,3078092.6,2041547.7,73026161.0,68352038.0,0.48,-0.57,2672860786.3576107,13.7,75,80.66,18,142.02,35,78.79,2.46,5.56,0.83,1.06,7.8,0.277,36.05,True,True,True,True,False,True,False,False,False,True,True,True,False,False,False,False,2026-11-09,False,False,5,thin RVOL,"EMA, near21",7,https://www.tradingview.com/chart/?symbol=NASDAQ:FIVN&interval=D,False,True,False
PLSE,"Pulse Biosciences, Inc",NASDAQ,Medical Specialties,51.63,52.49,52.24,50.74,44.91,35.15,30.38,26.82,52.19,51.07,54.05,50.8,8.96,7.25,3.74,609077.4,604027.2,31185924.0,30649750.0,1.09,0.66,3753631751.505692,5.37,134,91.79,13,139.03,37,78.73,2.06,-1.17,0.15,0.87,22.1,0.151,49.72,False,False,False,True,True,True,True,True,False,True,False,True,False,False,False,False,2026-11-16,False,False,5,thin RVOL,"near21, ADR",7,https://www.tradingview.com/chart/?symbol=NASDAQ:PLSE&interval=D,False,True,False
NTSK,"Netskope, Inc.",NASDAQ,Packaged Software,17.67,17.82,16.17,15.66,14.75,12.86,11.84,12.89,17.56,16.57,18.65,17.64,5.49,5.36,0.95,8966962.1,6370640.7,112569221.0,99787592.0,0.65,-0.92,7219744956.830371,33.86,23,82.16,17,112.89,54,76.31,3.7,9.31,1.24,1.07,3.2,0.432,33.84,False,False,True,True,False,True,False,False,False,True,True,True,False,False,False,False,2026-12-11,False,False,5,thin RVOL,"EMA, near21",5,https://www.tradingview.com/chart/?symbol=NASDAQ:NTSK&interval=D,True,True,False
PENG,"Penguin Solutions, Inc.",NASDAQ,Semiconductors,56.22,52.28,50.96,52.22,53.42,56.85,45.22,38.86,53.27,52.62,56.57,53.38,4.27,5.9,3.32,1517425.4,1481401.9,83284415.0,77352388.0,1.11,1.47,2880864618.3605876,11.99,83,-11.04,282,223.1,10,74.68,0.89,10.33,1.16,0.96,85.7,0.232,32.01,False,True,True,True,False,True,True,False,False,True,False,False,False,False,False,False,2026-10-06,False,False,4,"LoD>60% ATR, thin RVOL","EMA, near21",6,https://www.tradingview.com/chart/?symbol=NASDAQ:PENG&interval=D,False,False,True
AEHR,Aehr Test Systems,NASDAQ,Electronic Production Equipment,104.39,93.0,89.21,95.88,94.82,94.61,81.71,67.7,95.84,94.15,105.58,95.29,6.94,8.43,8.8,2320566.2,2670493.8333333335,278772851.0,256049619.0,1.22,0.79,3409329932.6604395,10.33,95,9.31,161,204.17,13,74.6,1.2,17.01,1.29,1.17,103.4,0.371,25.98,True,True,True,True,False,True,False,False,False,True,True,False,False,False,True,False,2026-10-06,False,False,4,"LoD>60% ATR, thin RVOL","EMA, near21, RVOL",6,https://www.tradingview.com/chart/?symbol=NASDAQ:AEHR&interval=D,False,False,True
INTC,Intel Corporation,NASDAQ,Semiconductors,123.0,113.14,104.54,100.79,99.05,108.29,91.07,79.2,115.82,108.48,126.93,122.84,4.2,5.09,6.26,122858912.7,102090690.66666667,12557154952.0,10289363395.0,0.8,-0.44,650190969541.3612,41.7,15,-4.43,236,181.98,18,73.08,4.75,17.66,2.63,0.65,2.6,0.483,27.59,True,True,True,True,False,False,True,False,False,False,False,True,False,True,False,False,2026-10-22,False,False,5,>4x 50-MA,EMA,7,https://www.tradingview.com/chart/?symbol=NASDAQ:INTC&interval=D,True,False,True
HPE,Hewlett Packard Enterprise Company,NYSE,Computer Processing Hardware,62.94,60.13,57.36,56.48,53.94,48.29,40.23,35.91,60.72,58.41,65.65,62.88,5.21,5.57,3.51,22011520.8,22972919.66666669,1445915564.0,1297403296.0,0.64,0.2,83550630184.875,17.87,58,39.2,74,153.08,24,70.05,2.99,9.72,1.39,0.79,1.7,0.292,38.49,True,True,True,True,False,True,True,False,False,True,False,True,False,True,False,False,2026-12-03,False,False,6,,"EMA, near21",8,https://www.tradingview.com/chart/?symbol=NYSE:HPE&interval=D,False,False,False
RBRK,"Rubrik, Inc.",NYSE,Information Technology Services,109.55,108.7,99.53,99.52,92.24,82.49,72.28,71.12,107.92,102.7,114.0,109.18,5.1,5.2,5.7,3624053.7,3612928.7333333334,395796343.0,359551442.0,0.89,-0.79,22710201104.53998,21.05,44,54.67,42,134.23,40,69.98,3.61,10.07,1.28,0.85,6.5,0.398,34.3,True,True,True,True,False,True,True,False,False,True,False,True,False,True,False,False,2026-12-03,False,False,6,,"EMA, near21",8,https://www.tradingview.com/chart/?symbol=NYSE:RBRK&interval=D,False,False,False
NEO,"NeoGenomics, Inc.",NASDAQ,Medical/Nursing Services,19.33,19.16,18.37,17.83,16.78,14.06,12.2,12.16,18.96,18.37,19.75,18.87,4.29,4.38,0.85,2527282.6,1899508.6333333333,36717502.0,33859691.0,0.83,0.0,2483430059.1329246,15.82,64,41.2,66,151.37,27,69.46,3.47,5.23,1.19,1.04,54.4,0.193,36.22,True,True,True,True,False,True,False,False,False,True,True,True,False,False,False,False,2026-11-10,False,False,5,thin RVOL,"EMA, near21",7,https://www.tradingview.com/chart/?symbol=NASDAQ:NEO&interval=D,False,False,False
P,"Everpure, Inc.",NYSE,Computer Peripherals,126.0,107.86,101.96,104.45,96.03,86.44,79.27,77.09,111.17,105.66,128.36,122.3,4.74,5.57,7.02,12041383.7,6157358.066666666,775827116.0,643115526.0,0.54,0.82,41986634368.39515,22.14,40,80.0,19,105.51,56,69.22,5.61,23.57,3.46,0.86,52.7,0.373,24.42,True,True,True,True,False,False,True,False,False,False,False,True,False,True,False,False,2026-12-02,False,False,5,>4x 50-MA,EMA,7,https://www.tradingview.com/chart/?symbol=NYSE:P&interval=D,False,True,False
GRML,Greenland Mines Ltd,NASDAQ,Miscellaneous Commercial Services,14.66,7.95,6.18,7.01,8.21,12.04,14.96,15.13,9.74,8.02,17.38,14.42,13.79,17.52,2.57,44460041.9,15335299.995333334,224815498.0,107526012.0,0.54,10.68,46575007.06514439,171.48,3,33.27,81,-0.34,276,68.14,4.48,137.4,4.72,1.15,9.3,2.634,61.07,False,True,True,False,False,False,False,False,False,False,True,True,False,False,False,False,,False,True,2,">4x 50-MA, thin RVOL, below 200-MA, large gap",EMA,4,https://www.tradingview.com/chart/?symbol=NASDAQ:GRML&interval=D,True,False,False
SMTC,Semtech Corporation,NASDAQ,Semiconductors,182.3,170.65,158.65,150.29,140.95,144.21,125.88,114.25,171.28,161.37,185.0,176.4,5.65,6.22,11.33,3820712.5,3593270.1333333333,655053145.0,540042749.0,0.62,1.83,17013260991.935818,39.27,17,17.61,131,144.99,32,67.29,4.72,14.91,2.09,0.76,52.0,0.45,30.94,True,True,True,True,False,False,True,False,False,False,False,True,False,True,False,False,2026-12-02,False,False,5,>4x 50-MA,EMA,7,https://www.tradingview.com/chart/?symbol=NASDAQ:SMTC&interval=D,True,False,False
ETON,"Eton Pharmaceuticals, Inc.",NASDAQ,Pharmaceuticals: Major,57.68,56.66,58.04,59.41,53.35,43.14,36.18,31.13,57.28,57.07,60.6,57.22,4.75,5.2,3.0,493404.4,612248.3,35314482.0,36375610.0,1.08,0.86,1648675308.09884,-9.31,288,65.13,28,145.03,31,66.95,1.56,-0.62,0.21,1.12,15.2,0.132,46.64,False,False,True,True,True,True,False,False,False,True,True,True,False,False,False,False,2026-11-05,False,False,5,thin RVOL,"EMA, near21",6,https://www.tradingview.com/chart/?symbol=NASDAQ:ETON&interval=D,False,False,False
SNDK,Sandisk Corporation,NASDAQ,Computer Peripherals,1777.8,1701.07,1663.79,1635.11,1516.76,1621.04,1339.03,1107.91,1735.13,1673.07,1815.0,1742.59,5.06,6.28,111.61,9680795.4,11567304.366666667,20564353703.0,18913813115.0,0.74,2.19,260303708759.62228,22.14,41,-18.07,326,196.42,15,66.83,2.74,6.85,1.0,0.65,31.5,0.284,33.36,True,True,True,True,False,True,True,False,False,True,False,True,False,True,False,False,2026-11-05,False,True,5,large gap,"EMA, near21",8,https://www.tradingview.com/chart/?symbol=NASDAQ:SNDK&interval=D,False,False,True
ILMN,"Illumina, Inc.",NASDAQ,Medical Specialties,270.0,242.98,227.15,221.79,210.8,187.42,167.04,159.29,247.15,232.83,276.97,267.66,4.38,4.25,11.48,6149480.5,3252445.2333333334,878160213.0,721364707.0,0.85,-0.64,40769999091.12815,22.29,39,53.35,49,119.51,49,65.05,6.61,18.86,3.75,0.81,20.4,0.376,31.0,True,True,True,True,False,False,True,False,False,False,False,True,False,True,False,False,2026-10-29,False,False,5,>4x 50-MA,EMA,7,https://www.tradingview.com/chart/?symbol=NASDAQ:ILMN&interval=D,False,False,False
PANW,"Palo Alto Networks, Inc.",NASDAQ,Packaged Software,374.74,376.76,360.92,361.09,356.52,318.45,267.15,245.23,373.85,366.26,388.25,373.78,4.44,4.74,17.78,7248532.50000001,6457382.033333342,2419839343.0,2331683164.0,0.68,-0.51,306537330556.38116,13.4,77,26.97,94,153.97,23,64.78,1.08,3.83,0.49,0.81,5.4,0.236,35.1,False,False,True,True,False,True,True,False,False,True,False,True,False,True,False,False,2026-11-12,False,False,6,,"EMA, near21",6,https://www.tradingview.com/chart/?symbol=NASDAQ:PANW&interval=D,False,False,True
TWLO,Twilio Inc.,NYSE,Packaged Software,275.8,261.98,246.68,240.53,227.4,214.73,186.91,172.11,267.14,252.32,298.45,273.52,4.85,5.0,13.8,3079111.3,2227759.8,614416153.0,535843807.0,1.54,-4.33,42356047801.88547,25.32,33,46.6,57,121.81,47,64.58,4.25,11.81,1.86,1.81,16.5,0.368,32.58,True,True,True,True,False,False,False,False,False,False,True,True,True,True,True,False,2026-10-29,False,True,4,">4x 50-MA, large gap","EMA, RVOL",6,https://www.tradingview.com/chart/?symbol=NYSE:TWLO&interval=D,False,False,False
AMBQ,"Ambiq Micro, Inc.",NYSE,Semiconductors,69.79,65.81,62.42,61.86,64.05,70.29,56.88,50.36,66.77,64.6,70.88,68.63,5.12,5.47,3.82,682877.0,517947.1,36147528.0,32040553.0,0.38,1.35,1687838720.737812,14.41,69,-13.25,297,188.75,17,63.3,1.64,11.8,1.47,0.59,30.3,0.321,28.55,False,True,True,True,False,True,True,True,False,True,False,True,False,False,False,False,2026-11-05,False,False,5,thin RVOL,"EMA, near21, ADR",8,https://www.tradingview.com/chart/?symbol=NYSE:AMBQ&interval=D,False,False,True
SBET,"Sharplink, Inc.",NASDAQ,Advertising/Marketing Services,9.63,9.27,8.9,8.45,7.56,6.72,6.88,7.43,9.41,8.88,10.0,9.45,5.82,6.15,0.59,9967902.5,9799029.333333356,94364652.0,82814863.0,0.5,0.5,2091863249.6110556,18.01,57,115.68,10,51.65,131,61.78,4.47,8.15,1.38,0.93,30.4,0.308,26.4,True,True,True,True,False,True,True,False,False,True,False,True,False,False,False,False,2026-11-12,False,False,4,">4x 50-MA, thin RVOL","EMA, near21",8,https://www.tradingview.com/chart/?symbol=NASDAQ:SBET&interval=D,False,True,False
AYA,Aya Gold & Silver Inc.,NASDAQ,Precious Metals,28.47,28.13,28.3,27.86,25.67,22.36,20.53,19.45,28.39,27.97,28.87,27.92,4.79,5.77,1.64,1586764.0,1291902.9333333333,36780477.0,35993277.0,0.49,1.07,4100709972.9393473,4.52,145,53.89,46,120.7,48,59.7,1.89,0.59,0.31,0.58,33.5,0.148,31.09,True,True,True,True,True,True,True,True,False,True,False,True,False,False,False,False,2026-11-17,False,False,5,thin RVOL,"EMA, near21, ADR",10,https://www.tradingview.com/chart/?symbol=NASDAQ:AYA&interval=D,False,False,False
CVI,CVR Energy Inc.,NYSE,Oil Refining/Marketing,51.52,52.16,48.56,44.91,40.56,36.04,34.07,31.8,51.17,48.25,52.31,49.76,5.36,4.87,2.51,1250747.7,1100533.7333333334,56699498.0,49423869.0,0.93,-1.4,5179336512.0,38.05,18,91.17,14,48.94,138,59.39,5.54,6.1,1.39,1.02,70.1,0.347,39.51,False,False,True,True,False,True,False,False,False,True,True,False,False,False,False,False,2026-11-02,False,False,3,"LoD>60% ATR, >4x 50-MA, thin RVOL","EMA, near21",4,https://www.tradingview.com/chart/?symbol=NYSE:CVI&interval=D,True,True,False
XMTR,"Xometry, Inc.",NASDAQ,Information Technology Services,100.57,96.58,93.53,91.68,91.33,89.8,74.42,71.32,97.65,94.67,104.41,96.68,5.19,5.28,5.31,1137301.5,702896.4,70690291.0,64444236.0,0.54,0.0,5765031653.225099,14.01,72,9.48,160,150.49,29,57.99,1.92,7.53,1.18,1.46,73.3,0.252,25.12,True,True,True,True,False,True,False,False,False,True,True,False,False,False,False,False,2026-11-05,False,False,4,"LoD>60% ATR, thin RVOL","EMA, near21",6,https://www.tradingview.com/chart/?symbol=NASDAQ:XMTR&interval=D,False,False,False
HNGE,"Hinge Health, Inc.",NYSE,Packaged Software,95.57,93.9,92.24,91.17,87.2,77.29,65.63,59.99,93.36,92.02,96.45,91.03,4.24,4.37,4.17,1989972.2,1858567.8666666667,177623331.0,169440676.0,0.53,-0.04,7711965933.855837,7.02,119,27.62,92,138.92,38,57.86,2.2,3.61,0.88,1.3,108.7,0.099,35.48,True,True,True,True,False,True,False,False,True,True,True,False,False,False,False,False,2026-11-03,False,False,4,"LoD>60% ATR, thin RVOL","EMA, near21, BB",7,https://www.tradingview.com/chart/?symbol=NYSE:HNGE&interval=D,False,False,False
TEM,"Tempus AI, Inc.",NASDAQ,Packaged Software,85.01,75.83,69.11,67.0,59.37,55.46,53.89,56.25,76.45,70.98,85.46,80.31,5.33,5.68,4.83,8303282.3,8073764.966666667,686350760.0,540928796.0,1.08,1.77,15338758969.927532,25.98,32,56.8,39,89.14,71,57.31,7.61,23.01,3.48,1.07,97.4,0.479,25.81,True,True,True,True,False,False,False,False,False,False,True,False,False,True,False,False,2026-11-10,False,False,4,"LoD>60% ATR, >4x 50-MA",EMA,5,https://www.tradingview.com/chart/?symbol=NASDAQ:TEM&interval=D,False,False,False
BMNR,"BitMine Immersion Technologies, Inc.",NYSE,Financial Conglomerates,27.56,26.21,25.36,24.22,21.54,19.45,19.96,21.92,26.65,25.24,28.39,26.92,5.27,6.06,1.67,44124496.6,45412463.2,1251567486.0,1099768759.0,0.68,0.89,16624919423.73314,13.7,76,112.0,11,44.37,151,56.69,4.61,8.66,1.51,0.88,38.3,0.284,24.52,True,True,True,True,False,False,True,False,False,False,False,True,False,True,False,False,2026-11-20,False,False,5,>4x 50-MA,EMA,7,https://www.tradingview.com/chart/?symbol=NYSE:BMNR&interval=D,False,True,False
AMLX,"Amylyx Pharmaceuticals, Inc.",NASDAQ,Pharmaceuticals: Major,29.49,32.14,32.81,33.37,28.23,21.84,19.67,18.12,31.64,31.86,30.7,29.47,5.35,5.94,1.75,1568998.1,3029271.8666666667,89333227.0,101096395.0,0.8,0.46,3701379659.5759788,-20.58,397,69.43,26,119.42,50,56.09,0.75,-10.12,1.25,0.7,1.1,0.173,49.81,False,False,False,True,False,True,True,False,False,True,False,True,False,False,False,False,2026-11-05,False,False,5,thin RVOL,near21,5,https://www.tradingview.com/chart/?symbol=NASDAQ:AMLX&interval=D,False,False,False
DDOG,"Datadog, Inc.",NASDAQ,Packaged Software,268.13,242.61,231.97,233.64,242.7,236.82,198.66,181.72,245.84,239.41,280.7,261.0,4.21,4.69,12.57,3515990.3,3678545.566666667,986328423.0,859447416.0,1.7,2.43,96278796195.55713,21.62,43,19.2,122,123.44,45,54.76,2.24,15.59,2.56,1.57,56.7,0.267,22.74,True,True,True,True,False,False,False,False,False,False,True,True,True,True,True,False,2026-11-05,False,True,5,large gap,"EMA, RVOL",6,https://www.tradingview.com/chart/?symbol=NASDAQ:DDOG&interval=D,False,False,False
COHU,"Cohu, Inc.",NASDAQ,Semiconductors,67.0,58.41,54.32,54.53,53.08,54.36,47.81,42.71,60.39,57.0,67.26,63.77,4.7,5.55,3.72,1064597.9,976233.5666666667,65407649.0,53234830.0,1.02,2.04,3171675002.4803767,32.75,25,2.38,198,125.67,43,53.6,4.73,23.34,3.16,0.94,86.9,0.504,23.44,True,True,True,True,False,False,True,False,False,False,False,False,False,False,False,False,2026-10-29,False,True,2,"LoD>60% ATR, >4x 50-MA, thin RVOL, large gap",EMA,6,https://www.tradingview.com/chart/?symbol=NASDAQ:COHU&interval=D,False,False,False
ZETA,Zeta Global Holdings Corp.,NYSE,Packaged Software,29.45,30.36,30.65,29.99,27.42,23.69,21.51,20.96,30.12,29.91,30.41,29.03,4.54,4.81,1.42,5206388.5,6203885.4,182704425.0,186054523.0,0.87,-0.57,7392350262.0510645,7.84,110,65.08,29,87.58,76,53.5,1.54,-3.93,0.32,0.97,29.6,0.094,32.9,False,False,False,True,False,True,True,False,True,True,False,True,False,False,False,False,2026-11-10,False,False,5,thin RVOL,"near21, BB",6,https://www.tradingview.com/chart/?symbol=NYSE:ZETA&interval=D,False,False,False
OUST,"Ouster, Inc.",NASDAQ,Semiconductors,43.72,37.31,36.34,37.58,38.57,39.54,33.72,31.01,38.81,37.9,43.97,40.78,4.86,6.06,2.65,2390851.4,2304740.7333333334,100763265.0,86614461.0,1.3,1.43,3152751213.3333335,20.86,45,9.3,162,130.11,41,53.42,2.21,20.31,2.53,1.2,110.8,0.311,19.51,True,True,True,True,False,False,False,False,False,False,True,False,False,False,True,False,2026-11-05,False,False,4,"LoD>60% ATR, thin RVOL","EMA, RVOL",5,https://www.tradingview.com/chart/?symbol=NASDAQ:OUST&interval=D,False,False,False
U,Unity Software Inc.,NYSE,Packaged Software,41.55,42.52,42.37,43.51,40.11,34.22,30.08,32.08,42.44,42.39,41.97,39.88,4.89,4.85,2.02,11059503.6,9998101.233333332,415421106.0,435054044.0,1.47,-0.51,18285694159.1393,-6.17,238,57.92,37,105.44,57,52.4,0.74,-1.93,0.41,1.04,82.8,0.089,29.95,False,False,False,True,True,True,False,False,True,True,True,False,False,True,True,False,2026-11-11,False,False,5,LoD>60% ATR,"near21, BB, RVOL",5,https://www.tradingview.com/chart/?symbol=NYSE:U&interval=D,False,False,False
SAIL,"SailPoint, Inc.",NASDAQ,Packaged Software,20.64,20.61,19.62,19.36,18.33,16.53,15.33,16.07,20.54,19.82,22.25,20.62,6.44,6.14,1.27,6298370.3,4468017.966666667,92219891.0,86503807.0,0.56,-0.32,11783616306.705244,18.89,55,63.81,30,72.0,97,51.57,2.05,5.17,0.68,1.29,1.6,0.272,25.57,True,True,True,True,False,True,False,False,False,True,True,True,False,True,False,False,2026-12-15,False,False,6,,"EMA, near21",7,https://www.tradingview.com/chart/?symbol=NASDAQ:SAIL&interval=D,False,False,False
OSCR,"Oscar Health, Inc.",NYSE,Managed Health Care,29.6,31.37,31.44,31.48,30.7,28.49,23.75,21.58,30.81,31.13,29.98,28.8,6.53,6.18,1.83,6364854.3,5377440.566666666,159172241.0,169280037.0,0.74,0.52,8094682461.517146,-3.24,211,3.82,196,152.34,26,50.98,-0.58,-5.86,0.8,0.65,43.8,0.165,33.33,False,False,False,True,False,True,True,True,False,True,False,True,False,False,False,False,2026-11-10,False,False,5,thin RVOL,"near21, ADR",6,https://www.tradingview.com/chart/?symbol=NYSE:OSCR&interval=D,False,False,False
NET,"Cloudflare, Inc.",NYSE,Information Technology Services,349.02,340.46,317.37,309.55,299.73,267.91,245.6,231.59,339.6,324.31,364.0,344.27,5.3,5.12,17.88,3398291.1,3127202.2,1091456112.0,968031695.0,0.95,0.55,124278944461.51462,27.46,29,54.52,43,70.25,98,50.74,3.21,9.97,1.49,1.1,26.6,0.337,31.19,True,True,True,True,False,True,False,False,False,True,True,True,False,True,False,False,2026-10-29,False,False,6,,"EMA, near21",7,https://www.tradingview.com/chart/?symbol=NYSE:NET&interval=D,False,False,False
BFLY,"Butterfly Network, Inc.",NYSE,Medical Specialties,9.39,8.44,8.03,8.36,8.14,7.02,6.11,5.52,8.7,8.39,9.63,9.12,6.45,7.08,0.67,6768615.2,5114058.166666667,48021006.0,42729661.0,0.56,-1.17,2547367825.431456,5.51,133,17.08,133,129.58,42,50.72,2.16,16.97,1.68,0.77,40.6,0.403,31.05,True,True,True,True,False,False,True,False,False,False,False,True,False,False,False,False,2026-10-29,False,False,5,thin RVOL,EMA,7,https://www.tradingview.com/chart/?symbol=NYSE:BFLY&interval=D,False,False,False
BE,Bloom Energy Corporation,NYSE,Electronic Production Equipment,288.7,271.28,256.5,242.3,229.68,253.83,228.66,202.96,271.16,258.79,292.72,264.01,5.52,6.65,19.2,19553370.8,15172984.1,4380440510.0,3676459566.0,0.9,1.22,85030042194.01125,34.94,22,-1.98,222,117.08,51,50.02,3.86,12.56,1.74,1.5,128.6,0.389,23.67,True,True,True,True,False,False,False,False,False,False,True,False,False,True,False,False,2026-10-29,False,False,5,LoD>60% ATR,EMA,5,https://www.tradingview.com/chart/?symbol=NYSE:BE&interval=D,True,False,False
SMCI,"Super Micro Computer, Inc.",NASDAQ,Computer Processing Hardware,43.26,39.76,38.99,38.5,35.03,34.21,32.02,31.79,40.59,39.11,43.76,41.9,4.61,5.39,2.33,41209444.9,40518922.166666664,1752848573.0,1560181098.0,1.2,1.18,28420321754.357502,13.77,74,39.71,71,94.78,61,49.42,4.36,10.95,1.97,0.8,58.3,0.215,18.42,True,True,True,True,False,False,True,False,False,False,False,True,False,True,True,False,2026-11-03,False,False,5,>4x 50-MA,"EMA, RVOL",7,https://www.tradingview.com/chart/?symbol=NASDAQ:SMCI&interval=D,False,False,False
STX,Seagate Technology Holdings PLC,NASDAQ,Computer Peripherals,916.83,856.62,849.01,856.49,849.75,864.55,731.94,635.26,879.43,862.5,924.36,903.53,4.9,5.39,49.4,4247748.8,3806361.566666667,3489786475.0,3260129016.0,0.64,2.04,208480739171.27264,11.05,88,-7.82,256,142.21,34,48.48,1.47,7.99,1.17,0.42,26.9,0.223,25.01,True,True,True,True,False,True,True,True,False,True,False,True,False,True,False,False,2026-10-28,False,True,5,large gap,"EMA, near21, ADR",9,https://www.tradingview.com/chart/?symbol=NASDAQ:STX&interval=D,False,False,False
CLMT,"Calumet, Inc",NASDAQ,Oil Refining/Marketing,53.65,56.66,54.91,52.65,48.89,41.95,38.35,34.25,55.47,54.15,53.85,52.24,4.54,4.56,2.44,1680504.5,1312834.6,70433576.0,69116366.0,1.0,-0.69,4715739986.1987,13.98,73,55.82,40,74.08,89,47.96,2.14,-2.29,0.2,0.66,57.7,0.215,41.76,False,False,False,True,True,True,True,True,False,True,False,True,False,False,False,False,2026-11-06,False,False,5,thin RVOL,"near21, ADR",7,https://www.tradingview.com/chart/?symbol=NASDAQ:CLMT&interval=D,False,False,False
DINO,HF Sinclair Corporation,NYSE,Oil Refining/Marketing,106.82,110.04,107.76,103.54,97.48,84.58,75.95,69.64,108.19,105.99,107.86,103.1,4.73,4.46,4.76,3386717.8,2680709.3333333335,286353371.0,277566006.0,0.6,-1.24,18990870379.89961,16.11,62,58.51,35,69.21,100,47.94,2.15,-0.88,0.17,1.0,78.0,0.154,37.82,False,False,False,True,True,True,True,False,False,True,False,False,False,True,False,False,2026-10-28,False,False,5,LoD>60% ATR,near21,5,https://www.tradingview.com/chart/?symbol=NYSE:DINO&interval=D,False,False,False
QLYS,"Qualys, Inc.",NASDAQ,Packaged Software,172.43,179.89,175.91,178.2,170.62,143.72,125.81,126.91,178.21,176.76,182.1,172.01,5.68,5.46,9.41,801709.3,684826.3,118084599.0,122039014.0,0.7,-0.46,5965216140.305236,-1.02,194,48.17,54,94.55,63,47.23,0.19,-1.98,0.45,1.07,4.5,0.202,31.36,False,False,False,True,True,True,False,False,False,True,True,True,False,False,False,False,2026-11-04,False,False,5,thin RVOL,near21,5,https://www.tradingview.com/chart/?symbol=NASDAQ:QLYS&interval=D,False,False,False
MSTR,Strategy Inc,NASDAQ,Internet Software/Services,158.61,149.71,141.09,131.7,117.66,124.53,130.67,136.54,152.51,141.68,162.86,156.78,4.61,5.59,8.87,25975790.1,27708316.7,4394816112.0,3649194545.0,0.71,0.76,60942008411.87841,28.68,28,90.57,15,22.12,209,47.12,6.22,12.42,2.14,0.69,20.6,0.422,20.21,True,True,True,True,False,False,True,False,False,False,False,True,False,True,False,False,2026-11-04,False,False,5,>4x 50-MA,EMA,7,https://www.tradingview.com/chart/?symbol=NASDAQ:MSTR&interval=D,False,True,False
BB,BlackBerry Limited,NYSE,Packaged Software,8.21,8.16,7.98,8.07,8.32,8.65,7.07,6.26,8.24,8.16,8.81,8.04,5.32,5.75,0.47,20253228.3,12661429.433333341,103950336.0,102211499.0,1.82,0.23,4811884987.90546,6.62,123,-18.55,330,152.62,25,46.9,-0.22,2.9,0.1,1.63,36.0,0.174,29.11,False,False,False,True,True,True,False,False,False,True,True,True,True,True,True,False,2026-12-17,False,False,6,,"near21, RVOL",5,https://www.tradingview.com/chart/?symbol=NYSE:BB&interval=D,False,False,False
ECO,Okeanis Eco Tankers Corp.,NYSE,Marine Shipping,77.9,81.28,75.75,71.73,66.77,59.78,56.66,52.02,78.8,75.66,79.71,76.38,4.43,4.26,3.32,1060515.5,698773.4666666667,54434453.0,50122788.0,0.62,-0.27,2987368646.802608,23.65,38,53.74,47,60.22,117,45.87,3.92,2.84,0.7,1.0,45.8,0.332,37.56,False,False,False,True,True,True,False,False,False,True,True,True,False,False,False,False,2026-11-11,False,False,5,thin RVOL,near21,5,https://www.tradingview.com/chart/?symbol=NYSE:ECO&interval=D,False,False,False
SLS,"SELLAS Life Sciences Group, Inc.",NASDAQ,Pharmaceuticals: Major,11.61,11.62,12.53,12.99,12.4,10.84,8.87,7.54,11.89,12.27,12.15,11.5,7.66,8.37,0.97,6492699.8,7216518.7,83783782.0,93712509.0,0.59,0.08,2344589594.444073,-15.96,352,11.96,154,139.88,36,45.29,-0.76,-7.35,0.64,0.67,11.3,0.336,43.01,False,False,False,True,False,True,True,True,False,True,False,True,False,False,False,False,2026-11-18,False,False,5,thin RVOL,"near21, ADR",6,https://www.tradingview.com/chart/?symbol=NASDAQ:SLS&interval=D,False,False,False
PBF,PBF Energy Inc.,NYSE,Oil Refining/Marketing,73.69,73.54,74.42,73.4,70.26,57.18,52.37,47.07,73.4,73.16,74.62,69.36,6.41,6.31,4.65,5146917.0,3467671.2666666666,255532696.0,254516668.0,0.56,-1.31,8734980346.338245,13.16,79,75.87,21,46.28,145,45.1,0.77,-0.98,0.12,1.13,93.2,0.129,37.11,False,False,True,True,True,True,False,False,False,True,True,False,False,False,False,False,2026-10-29,False,False,4,"LoD>60% ATR, thin RVOL","EMA, near21",5,https://www.tradingview.com/chart/?symbol=NYSE:PBF&interval=D,False,True,False
S,"SentinelOne, Inc.",NYSE,Packaged Software,22.38,23.31,21.76,21.68,20.99,18.88,17.17,16.46,22.92,22.21,24.23,22.3,4.99,5.16,1.15,10206288.5,8909247.066666666,199388949.0,193137628.0,1.07,-0.63,7789339454.3644705,11.79,86,49.85,52,72.02,95,44.55,1.29,2.87,0.15,1.67,6.9,0.317,30.58,False,False,False,True,True,True,False,False,False,True,True,True,False,False,False,False,2026-12-08,False,False,5,thin RVOL,near21,5,https://www.tradingview.com/chart/?symbol=NYSE:S&interval=D,False,False,False
HTFL,"Heartflow, Inc.",NASDAQ,Packaged Software,49.17,49.22,48.96,48.26,39.59,34.73,31.91,31.28,48.97,47.65,49.57,48.1,5.13,4.92,2.42,2187460.0,2457192.3666666667,120820149.0,118574275.0,0.51,0.55,4275509901.411221,-1.7,197,41.95,65,92.82,65,44.36,4.91,0.43,0.65,0.61,44.2,0.112,36.49,False,False,True,True,True,True,True,True,False,True,False,True,False,False,False,False,2026-11-18,False,False,4,">4x 50-MA, thin RVOL","EMA, near21, ADR",8,https://www.tradingview.com/chart/?symbol=NASDAQ:HTFL&interval=D,False,False,False
GH,"Guardant Health, Inc.",NASDAQ,Medical Specialties,177.25,176.19,168.63,167.37,162.76,146.43,127.27,122.06,174.59,170.71,179.97,174.5,4.43,4.45,7.89,2124216.1,2000800.6,354641906.0,334865326.0,0.78,1.16,23786270187.735905,7.61,112,21.73,113,103.18,58,44.17,2.0,5.11,0.86,0.69,34.8,0.193,30.54,True,True,True,True,False,True,True,True,False,True,False,True,False,True,False,False,2026-10-29,False,False,6,,"EMA, near21, ADR",9,https://www.tradingview.com/chart/?symbol=NASDAQ:GH&interval=D,False,False,False
NUAI,"New Era Energy & Digital, Inc.",NASDAQ,Engineering & Construction,7.06,6.38,5.94,5.67,5.42,5.22,5.0,4.93,6.57,6.12,7.1,6.62,8.52,9.18,0.65,10092626.4,7605650.6,53695893.0,43154462.0,0.81,0.29,752308903.1671469,40.64,16,24.96,102,66.12,110,43.9,3.29,18.88,1.68,0.74,67.9,0.571,20.52,True,True,True,True,False,False,True,False,False,False,False,False,False,False,False,False,2026-12-02,False,False,4,"LoD>60% ATR, thin RVOL",EMA,6,https://www.tradingview.com/chart/?symbol=NASDAQ:NUAI&interval=D,True,False,False
NBIS,Nebius Group N.V.,NASDAQ,Packaged Software,237.33,224.68,221.99,225.44,215.58,220.19,187.86,164.1,229.66,225.27,246.92,235.41,6.07,7.0,16.62,16954495.1,17691992.766666666,4198840643.0,3988500541.0,0.65,0.87,64519400603.835526,10.13,96,-3.07,228,124.26,44,43.77,1.44,6.91,0.76,0.69,11.5,0.247,25.52,True,True,True,True,False,True,True,False,False,True,False,True,False,True,False,False,2026-10-22,False,False,6,,"EMA, near21",8,https://www.tradingview.com/chart/?symbol=NASDAQ:NBIS&interval=D,False,False,False
PRGO,Perrigo Company plc,NYSE,Pharmaceuticals: Major,15.42,14.02,14.18,14.07,12.94,11.84,11.6,12.26,14.3,14.02,15.69,14.22,4.18,4.39,0.68,3293505.7,2752504.3666666667,42443617.0,38735994.0,1.4,0.89,2139821981.006812,6.31,126,59.46,34,65.45,112,43.74,4.37,8.76,2.27,2.17,177.4,0.151,16.73,True,True,True,True,False,False,False,False,False,False,True,False,False,False,True,False,2026-11-11,False,False,3,"LoD>60% ATR, >4x 50-MA, thin RVOL","EMA, RVOL",5,https://www.tradingview.com/chart/?symbol=NYSE:PRGO&interval=D,False,False,False
TH,Target Hospitality Corp.,NASDAQ,Hotels/Resorts/Cruise lines,20.58,20.37,19.66,18.99,17.77,17.89,15.68,13.7,20.52,19.71,21.7,20.56,4.04,4.65,0.96,2291356.8,1981841.3333333333,40786295.0,37627240.0,0.95,1.07,2050250070.909091,12.15,82,2.8,197,115.27,52,43.41,3.4,4.7,0.95,1.19,2.1,0.235,32.42,True,True,True,True,False,True,False,False,False,True,True,True,False,False,False,False,2026-11-11,False,False,5,thin RVOL,"EMA, near21",7,https://www.tradingview.com/chart/?symbol=NASDAQ:TH&interval=D,False,False,False
AVAH,Aveanna Healthcare Holdings Inc.,NASDAQ,Medical/Nursing Services,12.41,13.48,13.55,13.43,11.88,9.85,8.82,8.74,13.16,13.17,12.54,12.09,4.08,4.31,0.53,3564438.7,3672942.6666666665,45581218.0,49311704.0,0.64,-0.89,2708987363.4596124,-9.08,286,47.21,55,89.47,70,42.53,1.03,-8.44,1.33,0.84,59.8,0.164,38.77,False,False,False,True,False,True,True,False,False,True,False,True,False,False,False,False,2026-11-05,False,False,5,thin RVOL,near21,5,https://www.tradingview.com/chart/?symbol=NASDAQ:AVAH&interval=D,False,False,False
SWKS,"Skyworks Solutions, Inc.",NASDAQ,Semiconductors,89.34,88.22,81.2,76.63,71.76,70.87,66.52,65.34,87.29,82.39,90.9,86.73,6.15,5.09,4.55,8424021.3,7007875.3,626083579.0,536992461.0,0.51,0.16,13443237641.430132,35.88,20,31.34,82,59.22,118,42.15,4.81,10.03,1.66,0.92,57.4,0.439,25.62,True,True,True,True,False,False,True,False,False,False,False,True,False,True,False,False,2026-10-29,False,False,5,>4x 50-MA,EMA,7,https://www.tradingview.com/chart/?symbol=NASDAQ:SWKS&interval=D,True,False,False
VLO,Valero Energy Corporation,NYSE,Oil Refining/Marketing,387.18,392.54,382.69,370.35,346.57,301.84,279.01,254.69,387.02,378.53,388.92,370.58,4.44,4.05,15.67,5052323.699999976,3308546.6000000047,1281003073.0,1225304793.0,0.77,-1.27,111479749587.38083,15.3,65,52.76,50,56.21,120,41.42,2.89,1.17,0.56,1.17,105.9,0.169,35.6,False,False,True,True,True,True,False,False,False,True,True,False,False,True,False,False,2026-10-22,False,False,5,LoD>60% ATR,"EMA, near21",5,https://www.tradingview.com/chart/?symbol=NYSE:VLO&interval=D,False,False,False
PI,"Impinj, Inc.",NASDAQ,Semiconductors,178.28,178.39,175.22,172.05,164.48,152.37,138.16,143.3,177.72,174.74,181.37,176.09,4.11,4.32,7.7,446082.8,381145.8,67950673.0,65576580.0,0.78,0.8,5447240947.1242,7.09,118,37.49,77,78.33,84,40.97,1.94,1.75,0.47,0.69,28.4,0.105,22.57,False,False,True,True,True,True,True,True,False,True,False,True,False,False,False,False,2026-10-28,False,False,5,thin RVOL,"EMA, near21, ADR",8,https://www.tradingview.com/chart/?symbol=NASDAQ:PI&interval=D,False,False,False
INSP,"Inspire Medical Systems, Inc.",NYSE,Medical Specialties,70.5,72.66,68.53,65.76,61.29,52.81,54.1,62.89,70.8,68.49,70.98,68.13,5.37,4.76,3.36,966594.9,712488.2333333333,50230420.0,46851801.0,0.58,-0.23,2038181407.0193286,17.36,61,62.86,32,40.72,160,40.31,3.15,2.88,0.62,0.85,70.6,0.301,28.15,False,False,False,True,True,True,True,False,False,True,False,False,False,False,False,False,2026-11-09,False,False,4,"LoD>60% ATR, thin RVOL",near21,5,https://www.tradingview.com/chart/?symbol=NYSE:INSP&interval=D,False,False,False
BETA,"Beta Technologies, Inc.",NYSE,Aerospace & Defense,23.85,22.09,21.33,22.34,21.6,19.32,18.49,20.19,22.54,22.07,24.61,23.3,6.61,6.87,1.64,5589590.1,3409251.566666667,81310650.0,76145634.0,0.32,0.65,5579494169.734343,8.21,105,51.91,51,60.5,116,40.21,1.52,11.82,1.18,0.8,33.6,0.253,15.08,True,True,True,True,False,True,True,False,False,True,False,True,False,False,False,False,2026-12-03,False,False,5,thin RVOL,"EMA, near21",8,https://www.tradingview.com/chart/?symbol=NYSE:BETA&interval=D,False,False,False
ZS,"Zscaler, Inc.",NASDAQ,Packaged Software,193.05,201.14,186.94,184.53,173.85,158.65,153.54,167.43,199.06,190.46,207.99,192.74,4.99,5.33,10.29,3999683.9,3336481.0,644107657.0,615684175.0,1.9,-4.03,31477710278.4106,19.87,51,54.16,44,44.29,152,39.44,2.07,3.27,0.26,1.48,3.0,0.358,24.66,False,False,False,True,False,True,False,False,False,True,True,True,True,True,True,False,2026-12-01,False,True,5,large gap,"near21, RVOL",4,https://www.tradingview.com/chart/?symbol=NASDAQ:ZS&interval=D,False,False,False
MDB,"MongoDB, Inc.",NASDAQ,Packaged Software,410.44,400.85,396.09,406.71,386.02,359.25,327.33,344.7,405.68,400.2,432.86,409.18,4.71,5.22,21.44,1428309.5,1783123.7666666666,731865319.0,725220211.0,1.0,-0.9,33063544974.63712,4.91,140,39.49,73,72.72,94,39.04,1.21,3.62,0.49,1.1,5.9,0.298,17.91,True,True,True,True,False,True,False,False,False,True,True,True,False,True,False,False,2026-12-07,False,False,6,,"EMA, near21",7,https://www.tradingview.com/chart/?symbol=NASDAQ:MDB&interval=D,False,False,False
APPN,Appian Corporation,NASDAQ,Packaged Software,36.01,37.65,37.95,37.92,34.25,28.58,27.03,28.09,37.31,37.14,38.12,35.96,5.41,5.72,2.06,794437.3,850675.3666666667,30632820.0,32254774.0,0.73,0.03,2579334970.9774,-6.95,250,72.63,24,50.7,134,38.79,0.9,-5.12,0.53,1.05,2.4,0.258,30.33,False,False,False,True,False,True,False,False,False,True,True,True,False,False,False,False,2026-10-29,False,False,5,thin RVOL,near21,4,https://www.tradingview.com/chart/?symbol=NASDAQ:APPN&interval=D,False,False,False
FROG,JFrog Ltd.,NASDAQ,Packaged Software,89.18,92.49,91.76,92.24,88.88,84.25,70.84,67.76,91.66,91.45,94.85,88.7,5.7,5.98,5.33,1687102.1,1868015.7333333334,166589643.0,172305771.0,1.19,-0.44,10996010943.191933,1.2,173,13.09,146,100.63,60,38.3,0.06,-2.82,0.42,1.15,9.0,0.153,27.72,False,False,False,True,True,True,False,False,False,True,True,True,False,True,False,False,2026-11-04,False,False,6,,near21,5,https://www.tradingview.com/chart/?symbol=NASDAQ:FROG&interval=D,False,False,False
SITM,SiTime Corporation,NASDAQ,Semiconductors,662.27,605.7,595.76,608.69,600.73,649.77,571.09,521.39,620.96,610.64,669.86,638.63,5.38,6.13,40.62,569484.3,424462.3333333333,281108669.0,258367605.0,0.9,1.05,19915144301.677273,11.82,85,1.28,203,101.81,59,38.3,1.67,11.16,1.38,0.77,58.2,0.23,19.38,True,True,True,True,False,True,True,False,False,True,False,True,False,True,False,False,2026-11-04,False,False,6,,"EMA, near21",8,https://www.tradingview.com/chart/?symbol=NASDAQ:SITM&interval=D,False,False,False
TENB,"Tenable Holdings, Inc.",NASDAQ,Packaged Software,33.49,35.87,35.13,35.14,35.08,32.14,27.86,26.66,35.25,35.21,36.09,33.45,6.66,6.61,2.21,4755001.1,4755300.166666667,159255003.0,167110758.0,0.48,0.56,3688588178.1081386,3.62,155,22.05,111,87.93,73,37.87,-0.69,-4.66,0.74,1.19,1.8,0.219,27.51,False,False,False,True,False,True,False,False,False,True,True,True,False,False,False,False,2026-11-04,False,False,5,thin RVOL,near21,4,https://www.tradingview.com/chart/?symbol=NASDAQ:TENB&interval=D,False,False,False
VICR,Vicor Corporation,NASDAQ,Electronic Components,281.96,232.51,208.93,210.68,212.6,255.51,236.18,211.5,244.33,225.32,291.53,276.0,5.43,6.33,17.84,1166421.5,893518.9,251936589.0,188242690.0,0.67,1.86,13000254377.46084,44.08,11,-11.76,289,81.12,81,37.81,5.16,34.95,3.97,0.87,33.4,0.706,16.52,True,True,True,True,False,False,True,False,False,False,False,True,False,True,False,False,2026-10-27,False,False,5,>4x 50-MA,EMA,7,https://www.tradingview.com/chart/?symbol=NASDAQ:VICR&interval=D,True,False,False
FCEL,"FuelCell Energy, Inc.",NASDAQ,Electronic Equipment/Instruments,16.49,16.77,16.48,17.69,18.98,20.07,16.1,14.11,16.87,17.2,16.98,16.35,7.26,9.33,1.54,5337770.099999998,7263427.266666661,119773916.0,128487607.0,0.69,0.43,1318444595.0115924,-12.94,317,-18.24,328,143.22,33,37.34,-1.41,0.05,0.44,0.41,9.1,0.287,36.15,False,False,False,True,True,True,True,True,False,True,False,True,False,False,False,False,2026-12-17,False,False,5,thin RVOL,"near21, ADR",7,https://www.tradingview.com/chart/?symbol=NASDAQ:FCEL&interval=D,False,False,False
BLLN,"BillionToOne, Inc.",NASDAQ,Medical/Nursing Services,123.08,110.76,103.72,100.66,109.34,106.12,96.46,94.95,112.59,107.66,127.5,123.0,5.4,5.5,6.78,714192.1,622852.6,76660698.0,62695824.0,0.75,0.23,5807780497.897517,24.39,36,10.88,157,75.8,86,37.02,2.28,18.67,2.6,0.66,1.2,0.361,12.85,True,True,True,True,False,False,True,True,False,True,False,True,False,False,False,False,2026-12-15,False,False,5,thin RVOL,"EMA, ADR",8,https://www.tradingview.com/chart/?symbol=NASDAQ:BLLN&interval=D,False,False,False
HOOD,"Robinhood Markets, Inc.",NASDAQ,Investment Banks/Brokers,119.4,116.93,114.71,110.35,104.25,98.41,91.05,94.63,118.26,114.37,121.9,117.53,4.84,5.21,6.22,23303259.3,22532082.133333333,2690330607.0,2486467838.0,0.58,0.67,107350424919.22697,8.44,103,28.09,90,74.2,88,36.91,2.79,4.09,0.84,0.7,30.1,0.249,21.68,True,True,True,True,False,True,True,False,False,True,False,True,False,True,False,False,2026-11-04,False,False,6,,"EMA, near21",8,https://www.tradingview.com/chart/?symbol=NASDAQ:HOOD&interval=D,False,False,False
WT,"WisdomTree, Inc.",NYSE,Investment Managers,24.33,23.2,23.75,23.68,22.47,20.53,19.01,17.84,23.66,23.48,24.86,23.99,4.07,3.9,0.95,3540085.3,2713649.3,66023087.0,64250170.0,0.41,1.4,3686289734.7761564,-0.61,190,39.83,70,69.31,99,36.18,2.12,2.46,0.93,0.92,35.8,0.138,24.29,True,True,True,True,True,True,True,False,False,True,False,True,False,False,False,False,2026-10-23,False,False,5,thin RVOL,"EMA, near21",9,https://www.tradingview.com/chart/?symbol=NYSE:WT&interval=D,False,False,False
UMAC,"Unusual Machines, Inc.",AMEX,Electronic Equipment/Instruments,24.05,23.37,23.63,24.94,23.91,22.33,19.93,18.33,23.66,23.89,25.04,23.7,6.76,8.07,1.94,2300372.8,3730744.2333333334,89724399.0,93047248.0,1.0,0.79,1201453956.6569161,0.21,183,26.58,95,81.65,80,36.14,0.08,1.78,0.08,0.69,18.0,0.143,23.2,True,True,False,True,True,True,True,False,False,True,False,True,False,False,False,False,2026-11-12,False,False,5,thin RVOL,near21,8,https://www.tradingview.com/chart/?symbol=AMEX:UMAC&interval=D,False,False,False
HPQ,HP Inc.,NYSE,Information Technology Services,31.3,32.92,32.47,31.54,29.9,26.74,24.23,23.47,32.35,32.02,31.77,30.81,5.34,5.0,1.56,16873890.699999996,16072300.466666767,503063005.0,506931072.0,0.66,1.48,28226058235.67116,6.39,125,37.64,76,62.26,115,35.43,0.94,-3.6,0.45,0.61,31.3,0.172,30.2,False,False,False,True,False,True,True,True,False,True,False,True,False,True,False,False,2026-12-01,False,False,6,,"near21, ADR",6,https://www.tradingview.com/chart/?symbol=NYSE:HPQ&interval=D,False,False,False
TVTX,"Travere Therapeutics, Inc.",NASDAQ,Pharmaceuticals: Major,59.44,62.23,64.25,64.59,62.0,56.11,48.27,44.39,61.93,63.01,60.89,59.05,4.31,4.1,2.43,1824443.8,1436685.1,85396562.0,92788786.0,0.66,0.45,5602878370.0692835,-11.16,303,0.17,211,115.21,53,34.74,-1.01,-7.49,1.38,0.76,16.0,0.157,33.4,False,False,False,True,False,True,True,True,False,True,False,True,False,False,False,False,2026-10-22,False,False,5,thin RVOL,"near21, ADR",6,https://www.tradingview.com/chart/?symbol=NASDAQ:TVTX&interval=D,False,False,False
BRKR,Bruker Corporation,NASDAQ,Medical Specialties,64.18,60.42,58.6,58.42,58.48,56.05,49.73,48.86,60.97,59.51,65.26,62.38,4.65,4.74,3.04,2665702.5,2125820.7666666666,136435177.0,124183363.0,0.96,0.52,9778420770.514376,14.08,71,6.27,177,83.48,78,34.61,2.06,9.52,1.65,0.94,59.0,0.233,18.01,True,True,True,True,False,False,True,False,False,False,False,True,False,False,False,False,2026-10-29,False,False,5,thin RVOL,EMA,7,https://www.tradingview.com/chart/?symbol=NASDAQ:BRKR&interval=D,False,False,False
SHAZ,"SharonAI Holdings, Inc.",NASDAQ,Data Processing Services,54.68,56.03,55.79,58.71,58.43,63.9,52.35,,56.87,57.22,57.0,53.2,7.79,9.63,5.26,1431822.1,1609380.4,88000920.0,94494234.0,0.87,0.67,1957735697.9971633,-7.62,262,-28.66,385,136.3,39,33.34,-0.67,-1.99,0.46,0.72,28.1,0.219,21.11,False,False,False,False,True,True,True,False,False,True,False,True,False,False,False,False,2026-11-04,False,False,4,"thin RVOL, below 200-MA",near21,5,https://www.tradingview.com/chart/?symbol=NASDAQ:SHAZ&interval=D,False,False,False
GCT,GigaCloud Technology Inc,NASDAQ,Wholesale Distributors,53.98,52.96,51.97,51.62,48.61,42.05,42.64,41.87,52.96,52.0,55.6,53.26,4.77,4.76,2.57,762336.8,597749.7,32266529.0,30854943.0,0.79,0.19,1927638607.608607,3.67,154,70.99,25,25.36,200,33.34,2.32,3.87,0.8,0.91,28.0,0.123,20.55,True,True,True,True,False,True,True,False,False,True,False,True,False,False,False,False,2026-11-26,False,False,5,thin RVOL,"EMA, near21",8,https://www.tradingview.com/chart/?symbol=NASDAQ:GCT&interval=D,False,False,False
ELF,"e.l.f. Beauty, Inc.",NYSE,Household/Personal Care,99.51,97.62,100.82,100.63,94.43,78.29,75.96,77.65,99.21,98.96,100.7,98.35,4.06,4.23,4.21,1407847.6,1572571.2333333334,156486563.0,158246795.0,0.8,-0.03,5871885624.848366,-5.86,236,54.09,45,51.44,132,33.22,1.27,-1.3,0.13,0.56,27.6,0.2,24.98,False,False,True,True,True,True,True,True,False,True,False,True,False,False,False,False,2026-11-11,False,False,5,thin RVOL,"EMA, near21, ADR",8,https://www.tradingview.com/chart/?symbol=NYSE:ELF&interval=D,False,False,False
BLSH,Bullish,NYSE,Packaged Software,37.58,37.66,36.02,33.65,29.62,30.04,32.5,33.68,37.82,35.67,39.97,37.33,6.31,6.44,2.42,1858178.3,1723893.1,64783903.0,58002107.0,0.46,0.71,5648356492.313429,20.06,50,72.7,23,6.04,257,32.93,4.17,4.34,0.83,1.09,10.3,0.293,21.39,False,False,False,True,False,True,False,False,False,True,True,True,False,False,False,False,2026-11-25,False,False,4,">4x 50-MA, thin RVOL",near21,4,https://www.tradingview.com/chart/?symbol=NYSE:BLSH&interval=D,False,True,False
QRVO,"Qorvo, Inc.",NASDAQ,Semiconductors,117.97,116.63,109.78,105.17,99.9,97.35,91.98,89.89,115.74,110.84,119.3,115.54,4.41,3.63,4.28,1604867.8,1261472.4,148815899.0,132672626.0,0.82,0.48,10407505824.746605,24.78,35,26.33,97,47.35,142,32.82,4.99,7.46,1.77,0.88,56.8,0.315,22.67,True,True,True,True,False,False,True,True,False,True,False,True,False,True,False,False,2026-11-04,False,False,5,>4x 50-MA,"EMA, ADR",8,https://www.tradingview.com/chart/?symbol=NASDAQ:QRVO&interval=D,False,False,False
CRDO,Credo Technology Group Holding Ltd,NASDAQ,Information Technology Services,210.97,178.68,180.56,200.42,209.96,219.36,189.16,176.17,187.9,190.0,214.87,198.0,4.09,6.44,13.58,9311102.0,7880630.433333334,1662576603.0,1579407056.0,1.34,2.87,39652216715.91493,-5.39,232,-19.25,334,122.07,46,32.48,0.07,16.84,1.71,1.24,95.5,0.52,20.48,False,True,False,True,False,False,False,False,False,False,True,False,False,True,True,False,2026-12-02,False,True,4,"LoD>60% ATR, large gap",RVOL,3,https://www.tradingview.com/chart/?symbol=NASDAQ:CRDO&interval=D,False,False,False
SPSC,"SPS Commerce, Inc.",NASDAQ,Packaged Software,81.3,81.42,81.73,81.18,76.5,66.39,63.34,68.74,81.39,80.73,83.49,81.19,4.1,3.86,3.13,517834.7,511286.36666666664,41567582.0,41508358.0,1.17,0.29,2926814352.6109567,2.5,166,45.07,61,49.23,137,32.27,1.63,-0.53,0.18,0.73,3.5,0.101,22.62,False,False,False,True,True,True,True,True,False,True,False,True,False,False,False,False,2026-10-22,False,False,5,thin RVOL,"near21, ADR",7,https://www.tradingview.com/chart/?symbol=NASDAQ:SPSC&interval=D,False,False,False
SN,"SharkNinja, Inc.",NYSE,Electronics/Appliances,177.74,169.9,172.46,176.37,172.2,150.66,137.83,133.22,171.67,172.34,181.08,174.45,4.02,3.76,6.68,2589984.8,1912751.1666666667,339972392.0,337344910.0,0.48,-0.89,25038509911.767036,-3.66,212,25.67,99,73.05,92,31.69,0.86,3.06,0.83,0.99,49.3,0.183,22.08,True,True,False,True,False,True,True,False,False,True,False,True,False,True,False,False,2026-11-05,False,False,6,,near21,7,https://www.tradingview.com/chart/?symbol=NYSE:SN&interval=D,False,False,False
HUT,Hut 8 Corp.,NASDAQ,Data Processing Services,96.82,96.86,92.56,89.81,93.53,102.09,87.81,79.09,97.92,94.85,102.31,95.64,7.36,8.12,7.86,4637051.000000009,4797833.933333332,464526281.0,430881471.0,0.53,0.46,11933981807.402401,14.98,67,-14.85,311,94.73,62,31.62,0.43,4.6,0.26,0.85,15.1,0.367,23.76,False,False,False,True,False,True,True,False,False,True,False,True,False,True,False,False,2026-11-18,False,False,6,,near21,5,https://www.tradingview.com/chart/?symbol=NASDAQ:HUT&interval=D,False,False,False
DK,"Delek US Holdings, Inc.",NYSE,Oil Refining/Marketing,67.84,74.62,74.19,72.11,68.99,58.48,52.99,47.53,72.6,72.6,68.54,65.58,5.98,6.43,4.36,3655125.4,2456121.9,166623310.0,177106857.0,1.73,-0.61,4153990905.8592143,1.89,167,45.49,58,45.38,148,30.92,-0.26,-8.56,1.02,0.68,51.8,0.185,39.93,False,False,False,True,False,True,True,True,False,True,False,True,True,True,True,False,2026-11-11,False,False,6,,"near21, ADR, RVOL",6,https://www.tradingview.com/chart/?symbol=NYSE:DK&interval=D,False,False,False
ERO,Ero Copper Corp.,NYSE,Other Metals/Minerals,37.87,34.94,35.59,36.03,33.26,30.48,29.72,29.77,35.99,35.51,37.96,36.6,4.01,5.05,1.91,1281087.6,1503868.6333333333,56951505.0,54187896.0,0.63,-0.13,3949940920.813869,-6.52,243,44.6,62,54.51,123,30.86,2.74,6.41,1.31,0.71,66.4,0.212,15.5,True,True,True,True,False,True,True,False,False,True,False,False,False,False,False,False,2026-11-10,False,False,4,"LoD>60% ATR, thin RVOL","EMA, near21",7,https://www.tradingview.com/chart/?symbol=NYSE:ERO&interval=D,False,False,False
RUM,RUM Group Inc.,NASDAQ,Internet Software/Services,8.36,8.58,8.46,8.57,7.64,7.5,6.89,6.75,8.53,8.41,8.68,8.28,7.03,7.43,0.62,8272060.4,5496101.7,45947410.0,47118080.0,0.32,-0.12,4144973286.5813956,-16.98,359,37.05,78,72.02,96,30.69,1.27,-1.18,0.08,0.64,12.9,0.269,21.98,False,False,False,True,True,True,True,True,False,True,False,True,False,False,False,False,2026-11-16,False,False,5,thin RVOL,"near21, ADR",7,https://www.tradingview.com/chart/?symbol=NASDAQ:RUM&interval=D,False,False,False
INOD,Innodata Inc.,NASDAQ,Data Processing Services,69.21,62.32,58.65,59.4,60.4,73.6,63.32,61.01,64.43,61.54,74.75,68.7,5.79,6.17,4.27,2067653.6,1354226.9666666666,93726048.0,80435439.0,0.77,1.71,2379623455.432586,21.98,42,-3.86,233,72.77,93,30.29,2.36,18.01,2.02,1.42,11.9,0.429,21.6,False,True,True,True,False,False,False,False,False,False,True,True,False,False,False,False,2026-11-05,False,False,5,thin RVOL,EMA,5,https://www.tradingview.com/chart/?symbol=NASDAQ:INOD&interval=D,False,False,False
TGTX,"TG Therapeutics, Inc.",NASDAQ,Pharmaceuticals: Major,57.43,56.24,55.8,54.77,53.61,50.31,44.29,40.71,56.56,55.65,58.69,56.61,4.07,4.21,2.42,2090344.7,1885073.2333333334,108259756.0,103240120.0,0.62,0.78,8790755382.748783,3.48,157,6.41,175,80.82,82,30.24,1.7,2.92,0.76,0.86,33.9,0.099,27.04,True,True,True,True,True,True,True,False,True,True,False,True,False,False,False,False,2026-11-09,False,False,5,thin RVOL,"EMA, near21, BB",10,https://www.tradingview.com/chart/?symbol=NASDAQ:TGTX&interval=D,False,False,False
AMRX,"Amneal Pharmaceuticals, Inc.",NASDAQ,Pharmaceuticals: Major,19.77,18.75,18.09,18.07,18.08,16.47,15.26,14.81,18.99,18.45,20.0,19.33,4.39,4.15,0.82,3450480.2,2208332.466666667,43658733.0,39906408.0,0.88,0.98,6313626944.894723,9.83,100,14.44,142,64.61,114,29.63,2.25,9.3,1.72,0.82,53.6,0.235,19.95,True,True,True,True,False,False,True,False,False,False,False,True,False,False,False,False,2026-10-29,False,False,5,thin RVOL,EMA,7,https://www.tradingview.com/chart/?symbol=NASDAQ:AMRX&interval=D,False,False,False
ASAN,"Asana, Inc.",NYSE,Packaged Software,9.02,9.47,9.4,9.42,8.96,8.03,7.55,8.55,9.31,9.31,9.36,9.02,6.07,6.66,0.6,10552354.2,7168126.6,64656502.0,67528531.0,0.49,-0.87,2065310449.7074232,-0.88,193,40.06,69,49.34,136,29.51,0.11,-4.06,0.46,0.57,0.0,0.239,21.25,False,False,False,True,False,True,True,True,False,True,False,True,False,False,False,False,2026-12-08,False,False,5,thin RVOL,"near21, ADR",6,https://www.tradingview.com/chart/?symbol=NYSE:ASAN&interval=D,False,False,False
DOCN,"DigitalOcean Holdings, Inc.",NYSE,Packaged Software,139.75,133.96,125.53,123.61,124.01,139.49,119.37,103.2,135.72,130.01,146.48,138.51,7.15,6.85,9.57,3235009.6,2643443.2666666666,369421197.0,326767477.0,0.59,2.02,16431742133.7236,24.03,37,-2.95,227,67.09,106,29.39,1.85,11.33,1.09,0.83,13.0,0.413,25.97,True,True,True,True,False,True,True,False,False,True,False,True,False,True,False,False,2026-11-09,False,True,5,large gap,"EMA, near21",8,https://www.tradingview.com/chart/?symbol=NYSE:DOCN&interval=D,False,False,False
MANE,"Veradermics, Incorporated",NYSE,Pharmaceuticals: Major,116.57,110.24,104.58,104.96,106.69,106.75,92.71,,111.33,107.98,118.15,113.88,5.05,5.19,6.05,972749.2,696020.5666666667,81135117.0,73051071.0,0.63,0.24,4870310517.063342,14.24,70,-0.91,216,73.96,91,29.1,1.78,11.46,1.53,0.71,44.5,0.275,15.04,False,True,True,False,False,False,True,True,False,True,False,True,False,False,False,False,2026-12-02,False,False,4,"thin RVOL, below 200-MA","EMA, ADR",6,https://www.tradingview.com/chart/?symbol=NYSE:MANE&interval=D,False,False,False
MRX,Marex Group Limited,NASDAQ,Internet Software/Services,71.31,72.32,73.31,72.61,69.27,64.37,57.66,53.16,72.64,72.35,73.81,70.21,4.53,4.64,3.31,753621.7,734083.8,52347516.0,53302069.0,0.64,0.66,5129390515.988445,1.11,174,11.23,156,73.97,90,28.77,0.63,-2.73,0.31,1.09,33.3,0.121,28.26,False,False,False,True,True,True,False,False,False,True,True,True,False,False,False,False,2026-11-05,False,False,5,thin RVOL,near21,5,https://www.tradingview.com/chart/?symbol=NASDAQ:MRX&interval=D,False,False,False
CBRL,"Cracker Barrel Old Country Store, Inc.",NASDAQ,Restaurants,51.81,46.92,50.04,52.49,53.79,47.2,41.26,38.41,48.66,49.99,52.68,50.19,5.01,5.09,2.63,1459938.5,997049.6,51657140.0,52332309.0,0.83,1.06,1158029219.1556714,-11.45,305,7.76,172,87.85,74,28.05,-0.72,3.55,0.71,0.94,61.4,0.33,29.68,False,False,False,True,False,True,True,False,False,True,False,False,False,False,False,False,2026-11-27,False,False,4,"LoD>60% ATR, thin RVOL",near21,4,https://www.tradingview.com/chart/?symbol=NASDAQ:CBRL&interval=D,False,False,False
CHYM,"Chime Financial, Inc.",NASDAQ,Packaged Software,26.78,29.87,31.5,31.85,29.19,23.99,23.01,23.47,29.18,30.3,27.13,26.6,5.33,5.46,1.46,8859234.7,7779372.733333333,208331602.0,247783394.0,0.43,-0.96,10138508741.5604,-18.87,376,48.53,53,54.44,124,28.03,-1.51,-14.99,2.13,0.36,12.3,0.315,31.71,False,False,False,True,False,False,True,True,False,True,False,True,False,True,False,False,2026-11-11,False,False,6,,ADR,5,https://www.tradingview.com/chart/?symbol=NASDAQ:CHYM&interval=D,False,False,False
SANM,Sanmina Corporation,NASDAQ,Electronic Production Equipment,224.77,207.28,203.18,201.41,200.9,220.42,197.32,187.08,212.22,206.61,232.5,224.03,4.4,4.76,10.7,657007.9,599145.4,134669912.0,120674474.0,1.17,1.81,12047077723.031729,17.43,59,-8.56,265,74.63,87,27.84,2.5,10.63,1.85,0.79,6.9,0.222,14.84,True,True,True,True,False,False,True,False,False,False,False,True,False,True,False,False,2026-11-09,False,False,6,,EMA,7,https://www.tradingview.com/chart/?symbol=NASDAQ:SANM&interval=D,False,False,False
QCOM,QUALCOMM Incorporated,NASDAQ,Semiconductors,201.97,190.52,181.15,174.74,170.24,188.83,171.62,169.13,191.06,183.42,205.85,194.53,4.79,4.29,8.66,17078048.9,12993843.566666666,2624366585.0,2270557219.0,1.08,0.4,212115732102.63593,26.15,31,0.13,212,55.49,121,27.26,4.35,11.49,2.36,1.31,85.9,0.252,10.59,True,True,True,True,False,False,False,False,False,False,True,False,False,True,False,False,2026-11-11,False,False,4,"LoD>60% ATR, >4x 50-MA",EMA,5,https://www.tradingview.com/chart/?symbol=NASDAQ:QCOM&interval=D,False,False,False
GEO,Geo Group Inc (The) REIT,NYSE,Miscellaneous Commercial Services,31.22,31.12,31.28,31.46,31.21,28.74,24.74,22.64,31.16,31.24,31.92,30.44,4.18,4.23,1.32,2524721.6,2302205.0,71874840.0,72418160.0,0.53,-0.59,4109163267.2816024,-3.01,206,4.45,191,80.25,83,27.23,0.01,-0.19,0.01,1.12,59.0,0.086,27.67,False,False,False,True,True,True,False,False,True,True,True,True,False,False,False,False,2026-11-05,False,False,5,thin RVOL,"near21, BB",6,https://www.tradingview.com/chart/?symbol=NYSE:GEO&interval=D,False,False,False
SG,"Sweetgreen, Inc.",NYSE,Restaurants,8.24,7.41,7.12,6.93,6.61,7.43,6.91,6.86,7.57,7.22,8.44,8.0,5.27,5.39,0.44,4948582.9,4928302.366666666,40609212.0,34139993.0,0.84,-0.3,980900474.605327,18.56,56,-6.79,248,68.16,103,26.65,4.59,15.81,2.62,0.98,54.0,0.281,9.98,True,True,True,True,False,False,True,False,False,False,False,True,False,False,False,False,2026-11-05,False,False,4,">4x 50-MA, thin RVOL",EMA,7,https://www.tradingview.com/chart/?symbol=NYSE:SG&interval=D,False,False,False
WGS,GeneDx Holdings Corp.,NASDAQ,Medical/Nursing Services,88.4,93.86,89.81,87.65,79.94,67.38,68.64,80.38,91.05,89.22,90.99,86.14,6.98,6.78,5.99,928138.2,622722.2666666667,55048648.0,54579220.0,0.56,0.59,2636312660.687161,2.81,162,30.61,86,44.63,150,26.02,1.56,-1.57,0.14,0.81,37.8,0.264,29.95,False,False,False,True,True,True,True,False,False,True,False,True,False,False,False,False,2026-11-03,False,False,5,thin RVOL,near21,6,https://www.tradingview.com/chart/?symbol=NASDAQ:WGS&interval=D,False,False,False
MMED,"MiniMed Group, Inc.",NASDAQ,Medical Specialties,19.98,21.35,21.91,21.2,20.01,16.76,,,21.11,21.2,20.74,19.71,4.83,4.97,0.99,3014458.5,2301418.8333333335,45982348.0,48783559.0,0.88,1.49,5621372048.89726,5.94,129,40.51,67,31.27,185,25.91,-0.03,-8.8,1.16,1.04,27.2,0.215,25.75,False,False,False,False,False,True,False,False,False,True,True,True,False,False,False,False,2026-12-30,False,False,4,"thin RVOL, below 200-MA",near21,3,https://www.tradingview.com/chart/?symbol=NASDAQ:MMED&interval=D,False,False,False
VSAT,"ViaSat, Inc.",NASDAQ,Telecommunications Equipment,73.02,73.44,72.54,73.52,75.29,73.38,66.42,60.0,73.72,73.76,75.66,72.78,5.35,5.56,4.06,1780882.7,1665224.9666666666,121594727.0,122428172.0,0.5,1.51,10058929675.880901,1.0,176,23.49,107,53.11,128,25.87,-0.54,0.66,0.18,0.71,5.9,0.169,20.94,False,False,False,True,True,True,True,True,False,True,False,True,False,True,False,False,2026-11-11,False,False,6,,"near21, ADR",7,https://www.tradingview.com/chart/?symbol=NASDAQ:VSAT&interval=D,False,False,False
LQDA,Liquidia Corporation,NASDAQ,Pharmaceuticals: Major,68.43,67.67,67.89,69.38,75.63,70.82,59.41,53.88,68.28,69.21,71.81,67.54,4.06,4.77,3.26,1363161.2,1258236.1333333333,86101099.0,87294116.0,0.72,0.92,6125092959.318395,-2.44,202,-10.6,279,86.92,77,24.63,-2.0,0.79,0.24,1.31,27.1,0.077,31.79,False,False,False,True,True,True,False,False,True,True,True,True,False,False,False,False,2026-11-10,False,False,5,thin RVOL,"near21, BB",6,https://www.tradingview.com/chart/?symbol=NASDAQ:LQDA&interval=D,False,False,False
PARR,"Par Pacific Holdings, Inc. Common Stock",NYSE,Oil Refining/Marketing,77.46,81.34,81.45,80.05,79.22,69.26,65.31,58.62,80.04,80.28,78.53,74.22,5.69,5.79,4.48,1158183.0000000014,932255.0000000005,72212472.0,74628567.0,0.8,-1.0,3880717050.119578,4.68,144,45.14,60,22.95,207,24.26,-0.38,-4.9,0.61,0.96,72.2,0.132,29.48,False,False,False,True,False,True,True,False,False,True,False,False,False,False,False,False,2026-11-09,False,False,4,"LoD>60% ATR, thin RVOL",near21,4,https://www.tradingview.com/chart/?symbol=NYSE:PARR&interval=D,False,False,False
TGB,Trekor Metals Limited,AMEX,Other Metals/Minerals,8.61,8.55,8.56,8.7,8.26,7.68,7.49,7.32,8.7,8.61,9.04,8.44,4.21,5.44,0.47,5642526.9,5356645.833333333,46120721.0,46579607.0,1.38,0.78,3151460831.655854,-8.5,278,31.05,84,49.48,135,24.01,0.78,0.54,0.01,1.28,35.2,0.203,14.45,True,True,False,True,True,True,False,False,False,True,True,True,False,False,True,False,2026-11-04,False,False,5,thin RVOL,"near21, RVOL",7,https://www.tradingview.com/chart/?symbol=AMEX:TGB&interval=D,False,False,False
ORKA,"Oruka Therapeutics, Inc.",NASDAQ,Pharmaceuticals: Major,84.46,92.22,92.15,96.75,96.67,84.16,72.92,62.6,90.69,93.03,86.49,84.0,6.01,6.24,5.27,1150316.4,903905.5333333333,76343861.0,87453764.0,0.43,1.17,5592070607.975903,-16.62,354,-1.26,218,87.61,75,23.24,-2.02,-8.35,1.48,0.47,8.7,0.13,40.34,False,False,False,True,False,True,True,True,False,True,False,True,False,False,False,False,2026-11-18,False,False,5,thin RVOL,"near21, ADR",6,https://www.tradingview.com/chart/?symbol=NASDAQ:ORKA&interval=D,False,False,False
SYRE,"Spyre Therapeutics, Inc.",NASDAQ,Pharmaceuticals: Major,85.69,90.08,89.47,94.33,97.11,89.46,77.21,66.26,89.29,91.3,88.1,85.63,4.32,5.14,4.41,1389390.1999999997,1229791.8333333333,105380862.0,116001344.0,0.39,1.16,7555609784.264209,-7.27,256,-5.84,244,82.59,79,23.16,-2.29,-4.22,1.2,0.56,1.4,0.087,36.0,False,False,False,True,False,True,True,True,True,True,False,True,False,False,False,False,2026-11-05,False,False,5,thin RVOL,"near21, ADR, BB",7,https://www.tradingview.com/chart/?symbol=NASDAQ:SYRE&interval=D,False,False,False
CXW,"CoreCivic, Inc.",NYSE,Miscellaneous Commercial Services,32.13,33.8,33.87,33.68,32.8,29.2,25.91,24.2,33.41,33.55,33.9,31.33,5.25,5.37,1.73,2286948.8,1904297.9333333333,61185093.0,64144372.0,1.28,-4.22,3177448007.254366,-3.02,207,6.14,180,65.36,113,22.83,-0.38,-5.14,0.79,1.49,46.3,0.142,30.09,False,False,False,True,False,True,False,False,False,True,True,True,False,False,True,False,2026-11-09,False,True,4,"thin RVOL, large gap","near21, RVOL",4,https://www.tradingview.com/chart/?symbol=NYSE:CXW&interval=D,False,False,False
AXTI,AXT Inc,NASDAQ,Electronic Production Equipment,78.94,70.24,66.02,68.75,65.43,78.74,71.82,58.73,72.51,69.56,80.44,75.0,7.17,8.79,6.94,9218267.1,9166816.6,723628502.0,630255309.0,0.81,2.11,5176349433.491962,20.81,46,18.17,128,28.99,191,22.66,2.35,19.56,1.53,0.78,56.8,0.473,25.35,True,True,True,True,False,False,True,False,False,False,False,True,False,False,False,False,2026-10-29,False,True,4,"thin RVOL, large gap",EMA,7,https://www.tradingview.com/chart/?symbol=NASDAQ:AXTI&interval=D,False,False,False
CCC,CCC Intelligent Solutions Holdings Inc.,NASDAQ,Packaged Software,6.9,6.63,6.9,7.04,6.75,5.84,5.78,6.16,6.75,6.81,7.04,6.75,4.44,4.5,0.31,15060078.5,11488783.633333333,79272607.0,80827422.0,0.95,-0.29,4064063292.401747,-4.39,218,55.06,41,16.95,230,22.54,0.49,-0.04,0.28,0.93,48.3,0.199,16.21,False,False,False,True,True,True,True,False,False,True,False,True,False,False,False,False,2026-10-29,False,False,5,thin RVOL,near21,6,https://www.tradingview.com/chart/?symbol=NASDAQ:CCC&interval=D,False,False,False
KEEL,Keel Infrastructure Corp.,NASDAQ,Data Processing Services,3.8,3.77,3.58,3.52,3.69,4.4,3.73,3.43,3.81,3.7,4.0,3.73,6.69,7.83,0.3,33625483.9,37103720.03333333,140994136.0,130493783.0,0.55,1.79,2346778145.3846154,10.47,94,-32.98,406,90.0,69,22.49,0.37,6.29,0.35,0.91,23.5,0.366,25.47,False,True,False,True,False,True,True,False,False,True,False,True,False,False,False,False,2026-11-16,False,False,5,thin RVOL,near21,6,https://www.tradingview.com/chart/?symbol=NASDAQ:KEEL&interval=D,False,False,False
DUOL,"Duolingo, Inc.",NASDAQ,Packaged Software,143.51,147.66,148.82,146.49,140.91,129.32,119.78,128.78,146.72,146.35,147.49,142.17,4.88,5.23,7.51,1109729.0,1154482.2666666666,165679750.0,169122031.0,0.6,-0.36,6714260651.082503,-0.17,185,19.39,121,48.25,140,22.49,0.35,-3.57,0.37,0.71,17.8,0.144,20.24,False,False,False,True,False,True,True,False,False,True,False,True,False,False,False,False,2026-11-11,False,False,5,thin RVOL,near21,5,https://www.tradingview.com/chart/?symbol=NASDAQ:DUOL&interval=D,False,False,False
IT,"Gartner, Inc.",NYSE,Internet Software/Services,187.9,186.57,185.66,187.54,177.17,162.07,159.92,174.28,183.94,184.21,189.14,177.95,4.28,4.5,8.46,1172717.7,1180088.5333333334,221738635.0,221309083.0,0.93,0.24,11865692956.811289,-1.54,196,45.48,59,22.09,210,22.01,1.35,1.21,0.44,1.32,117.7,0.189,14.18,True,True,False,True,True,True,False,False,False,True,True,False,False,True,False,False,2026-11-03,False,False,5,LoD>60% ATR,near21,6,https://www.tradingview.com/chart/?symbol=NYSE:IT&interval=D,False,False,False
NCNO,"nCino, Inc.",NASDAQ,Packaged Software,19.41,20.7,21.56,21.35,20.18,18.13,17.59,18.88,20.42,20.82,20.13,19.39,4.45,4.67,0.91,2318362.2,2640286.033333333,51247952.0,56379788.0,0.51,-0.8,2052339096.7315972,0.41,181,34.98,80,29.96,189,21.79,-0.81,-9.95,1.45,0.82,2.8,0.231,20.43,False,False,False,True,False,True,True,False,False,True,False,True,False,False,False,False,2026-12-02,False,False,5,thin RVOL,near21,5,https://www.tradingview.com/chart/?symbol=NASDAQ:NCNO&interval=D,False,False,False
CLF,Cleveland-Cliffs Inc.,NYSE,Steel,12.18,12.3,12.16,11.95,11.74,11.56,10.85,11.42,12.34,12.16,12.56,12.15,4.22,4.75,0.58,14882327.4,14331162.6,174553560.0,171324272.0,0.59,0.08,6949177675.507199,5.55,131,16.89,136,42.12,156,21.52,0.78,0.17,0.03,0.71,5.2,0.128,11.91,False,False,False,True,True,True,True,False,False,True,False,True,False,False,False,False,2026-10-26,False,False,5,thin RVOL,near21,6,https://www.tradingview.com/chart/?symbol=NYSE:CLF&interval=D,False,False,False
FDS,FactSet Research Systems Inc.,NYSE,Financial Publishing/Services,273.08,277.74,285.86,288.74,280.78,258.08,244.7,249.64,277.89,281.44,276.58,269.38,4.19,4.24,11.59,728513.8,858946.0666666667,234560992.0,248012087.0,0.51,-0.51,9712238790.75613,-6.31,241,31.28,83,39.22,165,21.4,-0.65,-4.47,0.7,0.62,31.9,0.225,15.07,False,False,False,True,False,True,True,True,False,True,False,True,False,False,False,False,2026-09-30,True,False,4,"thin RVOL, earnings soon","near21, ADR",5,https://www.tradingview.com/chart/?symbol=NYSE:FDS&interval=D,False,False,False
AI,"C3.ai, Inc.",NYSE,Packaged Software,10.65,10.77,10.66,10.45,10.0,9.84,9.51,10.38,10.71,10.58,10.82,10.32,4.24,4.5,0.48,4569497.5,5081814.433333334,54121324.0,53126982.0,0.92,-0.56,1675030559.8745353,10.94,89,22.48,109,30.67,187,21.37,1.44,-0.1,0.15,1.03,68.8,0.078,11.83,False,False,False,True,True,True,False,False,True,True,True,False,False,False,False,False,2026-12-09,False,False,4,"LoD>60% ATR, thin RVOL","near21, BB",5,https://www.tradingview.com/chart/?symbol=NYSE:AI&interval=D,False,False,False
COIN,"Coinbase Global, Inc.",NASDAQ,Investment Banks/Brokers,195.11,189.09,184.4,179.71,170.44,171.61,177.13,187.4,191.28,184.74,199.75,192.58,4.94,5.85,11.42,12034990.2,10590583.333333334,2066328714.0,1903258442.0,0.51,-0.03,51477237070.0,7.41,115,40.14,68,16.1,233,21.22,2.47,5.81,0.96,0.63,22.2,0.242,9.56,True,True,True,True,False,True,True,True,False,True,False,True,False,True,False,False,2026-10-29,False,False,6,,"EMA, near21, ADR",9,https://www.tradingview.com/chart/?symbol=NASDAQ:COIN&interval=D,False,False,False
RIOT,"Riot Platforms, Inc.",NASDAQ,Information Technology Services,23.0,22.69,21.55,21.07,21.01,22.95,20.53,19.2,22.98,22.11,23.64,22.3,5.53,6.66,1.53,17961673.8,16908170.766666666,388887928.0,356173435.0,0.95,0.21,8630955489.522997,10.0,97,-15.0,312,68.37,101,21.12,1.42,6.73,0.61,0.87,45.4,0.374,16.27,True,True,True,True,False,True,True,False,False,True,False,True,False,False,False,False,2026-11-10,False,False,5,thin RVOL,"EMA, near21",8,https://www.tradingview.com/chart/?symbol=NASDAQ:RIOT&interval=D,False,False,False
ACMR,"ACM Research, Inc.",NASDAQ,Industrial Machinery,77.3,71.46,72.04,74.78,77.35,82.09,71.09,66.0,74.09,74.03,78.46,76.08,5.39,6.57,5.08,1312123.7,1026220.6666666684,79326858.0,76742663.0,0.46,2.35,5383882778.472039,-4.53,219,-23.45,356,90.58,68,20.87,-0.01,7.3,0.67,0.47,24.0,0.237,20.82,False,False,True,True,False,True,True,True,False,True,False,True,False,False,False,False,2026-11-11,False,True,4,"thin RVOL, large gap","EMA, near21, ADR",7,https://www.tradingview.com/chart/?symbol=NASDAQ:ACMR&interval=D,False,False,False
SIG,Signet Jewelers Limited,NYSE,Specialty Stores,102.26,100.73,94.29,90.95,92.15,88.3,88.81,89.1,99.45,96.14,103.35,100.39,4.24,4.01,4.1,1007765.4,1000766.0333333333,102338335.0,91018003.0,0.58,1.1,3813709274.4260697,20.07,49,23.61,106,17.54,227,20.4,2.73,8.46,1.59,0.72,45.6,0.369,12.15,True,True,True,True,False,False,True,True,False,True,False,True,False,False,False,False,2026-12-08,False,False,5,thin RVOL,"EMA, ADR",8,https://www.tradingview.com/chart/?symbol=NYSE:SIG&interval=D,False,False,False
AMBA,"Ambarella, Inc.",NASDAQ,Semiconductors,72.68,67.02,66.97,69.24,71.96,73.3,68.09,68.31,68.34,68.58,74.99,69.9,5.83,6.06,4.41,1637549.2,1687143.1333333333,122621563.0,116818915.0,1.12,1.29,3208165882.496422,2.53,165,17.21,132,40.17,163,19.97,0.17,8.52,0.99,1.16,63.1,0.161,8.7,False,True,False,True,False,True,False,False,False,True,True,False,False,False,False,False,2026-12-01,False,False,4,"LoD>60% ATR, thin RVOL",near21,4,https://www.tradingview.com/chart/?symbol=NASDAQ:AMBA&interval=D,False,False,False
INFQ,"Infleqtion, Inc.",NYSE,Computer Processing Hardware,14.51,13.59,13.28,13.29,12.16,12.85,12.53,13.25,13.79,13.39,14.88,14.08,5.99,6.42,0.93,9431845.0,8835049.266666668,128196565.0,117406025.0,0.71,1.19,3269930700.11958,5.14,137,14.43,143,39.52,164,19.7,3.01,9.27,1.3,0.86,46.2,0.18,9.84,True,True,True,True,False,True,True,False,False,True,False,True,False,False,False,False,2026-12-02,False,False,5,thin RVOL,"EMA, near21",8,https://www.tradingview.com/chart/?symbol=NYSE:INFQ&interval=D,False,False,False
CLS,"Celestica, Inc.",NYSE,Electronic Components,365.44,342.06,327.33,321.96,325.67,348.46,338.63,329.73,348.35,336.11,381.3,365.01,4.62,5.27,19.25,2191860.4,2206966.966666667,806514008.0,710546992.0,1.02,1.86,46086045896.67977,19.74,52,4.0,195,35.02,176,19.58,2.32,11.64,1.66,0.85,2.2,0.304,6.24,True,True,True,True,False,False,True,False,False,False,False,True,False,True,False,False,2026-10-26,False,False,6,,EMA,7,https://www.tradingview.com/chart/?symbol=NYSE:CLS&interval=D,False,False,False
HIVE,HIVE Digital Technologies Ltd,NASDAQ,Information Technology Services,3.16,3.22,3.07,3.03,2.97,3.31,2.94,2.9,3.23,3.13,3.32,3.08,5.31,6.54,0.21,13294636.099999994,19762770.7,62450355.0,59831788.0,1.16,0.3,866716377.8540773,7.12,116,-14.82,310,66.32,108,19.54,1.0,2.77,0.12,1.16,38.7,0.321,13.07,False,False,False,True,True,True,False,False,False,True,True,True,False,False,False,False,2026-11-16,False,False,5,thin RVOL,near21,5,https://www.tradingview.com/chart/?symbol=NASDAQ:HIVE&interval=D,False,False,False
EAT,"Brinker International, Inc.",NYSE,Restaurants,207.2,205.63,215.2,223.6,218.46,186.56,172.75,168.47,208.24,213.37,209.36,204.52,4.29,4.48,9.28,1960314.3,1234232.2,255732912.0,275974320.0,0.46,0.22,8653710525.973585,-16.71,355,21.43,115,53.48,127,19.4,-1.15,-3.72,0.65,0.52,28.9,0.215,24.12,False,False,False,True,False,True,True,True,False,True,False,True,False,False,False,False,2026-11-04,False,False,5,thin RVOL,"near21, ADR",6,https://www.tradingview.com/chart/?symbol=NYSE:EAT&interval=D,False,False,False
CLSK,"CleanSpark, Inc.",NASDAQ,Data Processing Services,13.95,13.91,13.16,12.85,13.12,14.18,12.91,12.6,13.97,13.5,14.28,13.48,6.39,6.75,0.94,18804233.1,18523174.7,258398287.0,238035144.0,0.9,0.14,3582598290.6521735,12.32,81,-9.36,272,53.63,126,18.87,0.94,5.99,0.5,0.85,49.9,0.344,11.31,False,True,False,True,False,True,True,False,False,True,False,True,False,False,False,False,2026-12-16,False,False,5,thin RVOL,near21,6,https://www.tradingview.com/chart/?symbol=NASDAQ:CLSK&interval=D,False,False,False
FSLY,"Fastly, Inc.",NASDAQ,Information Technology Services,24.96,25.59,23.74,24.18,23.76,21.34,22.55,19.58,25.57,24.7,28.28,24.75,11.48,10.94,2.73,11266183.6,7041012.1,175743662.0,170270449.0,0.88,5.51,3976128121.6191907,9.86,99,57.87,38,-11.19,323,18.85,0.46,5.15,0.09,1.29,7.7,0.399,24.07,False,False,False,True,False,True,False,False,False,True,True,True,False,False,False,False,2026-11-04,False,True,4,"thin RVOL, large gap",near21,4,https://www.tradingview.com/chart/?symbol=NASDAQ:FSLY&interval=D,False,False,False
IONQ,"IonQ, Inc.",NYSE,Computer Processing Hardware,45.48,40.51,39.49,40.74,39.67,47.09,43.38,43.63,41.62,40.71,46.55,44.12,5.68,6.11,2.78,26804075.2,21285986.2,968086652.0,867297508.0,1.08,-0.62,18425680238.963985,10.76,92,-8.4,263,53.91,125,18.76,2.4,15.17,1.92,0.87,48.9,0.248,16.71,False,True,True,True,False,False,True,False,False,False,False,True,False,True,False,False,2026-11-11,False,False,6,,EMA,6,https://www.tradingview.com/chart/?symbol=NYSE:IONQ&interval=D,False,False,False
AUGO,Aura Minerals Inc.,NASDAQ,Other Metals/Minerals,83.57,86.89,85.87,85.45,75.72,71.67,76.13,71.91,86.19,85.0,85.0,83.1,4.89,5.53,4.62,1264442.5000000014,1065262.133333332,89023956.0,91022921.0,0.37,0.7,7002265954.017456,-5.29,231,35.1,79,25.84,198,18.55,1.88,-2.68,0.3,0.41,10.2,0.127,18.21,False,False,False,True,True,True,True,True,False,True,False,True,False,False,False,False,2026-11-05,False,False,5,thin RVOL,"near21, ADR",7,https://www.tradingview.com/chart/?symbol=NASDAQ:AUGO&interval=D,False,False,False
FLEX,Flex Ltd.,NASDAQ,Electronic Production Equipment,114.68,110.72,110.4,112.04,115.2,128.88,109.93,98.52,111.9,112.08,120.76,114.25,4.15,4.88,5.6,3642739.2000000016,3151872.0999999917,361456692.0,353130497.0,0.83,1.81,42363131351.79182,4.27,147,-27.3,377,78.16,85,18.38,-0.09,3.88,0.48,1.16,7.7,0.103,26.48,False,False,False,True,False,True,False,False,False,True,True,True,False,True,False,False,2026-11-04,False,False,6,,near21,4,https://www.tradingview.com/chart/?symbol=NASDAQ:FLEX&interval=D,False,False,False
LITE,Lumentum Holdings Inc.,NASDAQ,Electrical Products,941.65,912.58,911.7,906.23,859.07,866.84,834.15,729.23,926.52,911.46,962.88,913.29,5.94,6.54,61.59,4834767.1,4386463.766666667,4130513606.0,3975125320.0,0.81,0.75,84466000128.76743,7.01,120,14.48,141,33.3,178,18.26,1.47,3.29,0.51,0.81,46.0,0.188,19.47,True,True,True,True,False,True,True,False,False,True,False,True,False,True,False,False,2026-11-10,False,False,6,,"EMA, near21",8,https://www.tradingview.com/chart/?symbol=NASDAQ:LITE&interval=D,False,False,False
RHI,Robert Half Inc.,NYSE,Personnel Services,36.89,37.33,39.44,41.0,40.74,35.51,32.01,31.05,37.52,38.84,37.02,35.52,4.04,4.26,1.57,1999789.3,2001180.4666666666,73823547.0,82049733.0,1.52,-0.75,3776128066.711652,-16.78,356,22.4,110,48.81,139,18.14,-2.22,-6.47,1.18,0.95,87.1,0.303,26.25,False,False,False,True,False,True,True,False,False,True,False,False,True,True,True,False,2026-10-27,False,False,5,LoD>60% ATR,"near21, RVOL",4,https://www.tradingview.com/chart/?symbol=NYSE:RHI&interval=D,False,False,False
DFTX,"Definium Therapeutics, Inc.",NASDAQ,Pharmaceuticals: Major,36.17,38.26,38.48,40.52,41.71,36.13,30.67,26.77,38.04,39.07,37.0,36.14,5.34,5.83,2.11,3032516.4999999986,2106582.166666664,76195077.0,85348879.0,0.91,0.74,4860052833.1045475,-19.14,383,-19.08,332,92.09,67,17.96,-2.28,-6.0,1.27,0.41,1.4,0.125,41.3,False,False,False,True,False,True,True,True,False,True,False,True,False,False,False,False,2026-11-05,False,False,5,thin RVOL,"near21, ADR",6,https://www.tradingview.com/chart/?symbol=NASDAQ:DFTX&interval=D,False,False,False
SNAP,Snap Inc.,NYSE,Packaged Software,5.42,5.6,5.55,5.49,5.26,5.26,5.22,5.68,5.52,5.5,5.52,5.38,4.68,5.06,0.27,33612226.1,35331320.3,191495756.0,193910063.0,0.59,-0.18,9166291652.780846,-9.21,287,25.46,100,37.56,168,17.94,0.6,-2.4,0.3,0.5,13.1,0.114,8.59,False,False,False,False,True,True,True,True,False,True,False,True,False,False,False,False,2026-10-15,False,False,4,"thin RVOL, below 200-MA","near21, ADR",6,https://www.tradingview.com/chart/?symbol=NYSE:SNAP&interval=D,False,False,False
AFRM,"Affirm Holdings, Inc.",NASDAQ,Finance/Rental/Leasing,71.52,71.25,71.75,73.32,73.79,73.13,66.2,66.75,71.14,72.02,72.34,70.19,4.38,4.96,3.55,4312002.3,5210449.366666666,372651339.0,382048384.0,0.57,0.75,24132367840.47171,-7.07,253,-5.73,243,66.36,107,17.85,-0.62,-0.33,0.14,0.61,37.5,0.128,10.62,False,False,False,True,True,True,True,True,False,True,False,True,False,True,False,False,2026-11-11,False,False,6,,"near21, ADR",7,https://www.tradingview.com/chart/?symbol=NASDAQ:AFRM&interval=D,False,False,False
MARA,"MARA Holdings, Inc.",NASDAQ,Data Processing Services,12.55,12.44,11.83,11.42,11.29,12.33,11.4,10.97,12.57,12.06,12.98,12.12,6.52,7.06,0.89,51351250.1,50684012.733333334,636084360.0,578870557.0,0.7,0.5,4848056449.098298,8.61,101,-7.58,255,51.02,133,17.35,1.58,6.09,0.58,0.98,48.5,0.337,11.68,True,True,False,True,False,True,True,False,False,True,False,True,False,False,False,False,2026-11-11,False,False,5,thin RVOL,near21,7,https://www.tradingview.com/chart/?symbol=NASDAQ:MARA&interval=D,False,False,False
IOT,Samsara Inc.,NYSE,Packaged Software,37.96,39.74,39.49,39.58,38.75,35.77,33.98,33.73,39.11,39.3,40.05,37.92,5.23,5.61,2.13,5989530.6,6842392.566666666,259737222.0,270853829.0,0.85,-0.28,22229573742.444557,-0.29,188,30.4,87,20.74,217,16.95,-0.36,-3.88,0.61,1.0,1.9,0.145,15.85,False,False,False,True,False,True,True,False,False,True,False,True,False,True,False,False,2026-11-26,False,False,6,,near21,5,https://www.tradingview.com/chart/?symbol=NYSE:IOT&interval=D,False,False,False
AUR,"Aurora Innovation, Inc.",NASDAQ,Packaged Software,6.04,6.35,6.23,6.21,6.33,6.53,5.89,5.51,6.27,6.28,6.16,5.99,5.58,5.98,0.36,37398013.7,33431239.333333332,201924686.0,207524418.0,0.85,1.16,12105042439.016502,4.68,143,-1.31,220,45.81,146,16.39,-0.77,-3.09,0.64,0.47,13.8,0.196,16.87,False,False,False,True,False,True,True,True,False,True,False,True,False,True,False,False,2026-11-04,False,False,6,,"near21, ADR",6,https://www.tradingview.com/chart/?symbol=NASDAQ:AUR&interval=D,False,False,False
VSH,"Vishay Intertechnology, Inc.",NYSE,Electronic Production Equipment,32.55,32.06,31.59,31.85,33.32,41.11,34.41,30.14,32.2,32.22,33.2,32.2,4.33,5.4,1.76,2874754.0,3463741.2333333334,112744777.0,110320158.0,0.8,1.32,4992500064.702828,3.56,156,-43.35,429,88.91,72,16.38,-0.43,3.05,0.19,0.57,19.6,0.121,33.69,False,False,False,True,False,True,True,True,False,True,False,True,False,False,False,False,2026-11-11,False,False,5,thin RVOL,"near21, ADR",6,https://www.tradingview.com/chart/?symbol=NYSE:VSH&interval=D,False,False,False
GENI,Genius Sports Limited,NYSE,Internet Software/Services,6.44,6.23,6.77,7.14,7.18,6.48,5.95,6.79,6.29,6.65,6.57,5.96,6.6,7.18,0.46,8941015.0,6097334.566666666,39266835.0,43545131.0,1.74,6.03,1787917833.3655174,-18.27,372,18.6,124,48.05,141,16.12,-1.43,-4.83,0.43,1.32,103.8,0.387,19.1,False,False,False,False,False,True,False,False,False,True,True,False,True,True,True,False,2026-11-11,False,True,3,"LoD>60% ATR, below 200-MA, large gap","near21, RVOL",2,https://www.tradingview.com/chart/?symbol=NYSE:GENI&interval=D,False,False,False
SEI,"Solaris Energy Infrastructure, Inc.",NYSE,Oilfield Services/Equipment,70.97,66.95,62.2,60.42,58.9,66.13,64.12,60.81,67.19,64.06,71.9,69.06,5.19,5.93,4.21,2734668.5,2701646.0,191735817.0,163226247.0,0.52,1.9,5689362469.5961485,35.78,21,-8.05,259,18.88,224,15.54,3.46,14.11,1.82,0.68,45.4,0.469,11.34,True,True,True,True,False,False,True,False,False,False,False,True,False,False,False,False,2026-11-02,False,False,5,thin RVOL,EMA,7,https://www.tradingview.com/chart/?symbol=NYSE:SEI&interval=D,True,False,False
PGY,Pagaya Technologies Ltd.,NASDAQ,Packaged Software,17.62,20.19,20.92,21.11,20.28,17.85,15.98,17.1,19.77,20.41,18.85,17.53,6.7,7.03,1.24,2935730.2999999956,2354812.2,41491791.0,49710870.0,1.2,-0.21,1469963335.8141026,-19.8,390,12.37,149,53.08,129,15.22,-1.86,-15.77,1.94,1.06,7.3,0.257,28.01,False,False,False,True,False,False,False,False,False,False,True,True,False,False,True,False,2026-11-17,False,False,5,thin RVOL,RVOL,3,https://www.tradingview.com/chart/?symbol=NASDAQ:PGY&interval=D,False,False,False
WIX,Wix.com Ltd.,NASDAQ,Packaged Software,73.79,79.64,80.19,80.32,71.79,62.57,68.31,73.71,78.3,78.27,76.49,72.7,6.77,7.25,5.35,1259601.6,1448697.0666666667,106899357.0,116365626.0,0.99,-1.34,3088075308.35109,-12.18,312,74.24,22,-16.58,343,15.16,0.38,-7.98,0.79,0.71,20.4,0.24,23.88,False,False,False,True,False,True,True,False,False,True,False,True,False,False,False,False,2026-11-05,False,False,5,thin RVOL,near21,5,https://www.tradingview.com/chart/?symbol=NASDAQ:WIX&interval=D,False,True,False
SHOP,Shopify Inc.,NASDAQ,Miscellaneous Commercial Services,142.25,136.62,137.77,141.88,137.95,124.94,124.2,129.93,139.23,138.8,144.97,140.93,4.67,4.85,6.91,11680309.3,8988387.766666668,1278598160.0,1275239499.0,0.49,-0.48,183025115926.80585,-6.66,245,26.34,96,25.32,201,15.0,0.64,3.25,0.51,0.59,19.1,0.234,9.67,True,True,True,True,False,True,True,True,False,True,False,True,False,True,False,False,2026-10-22,False,False,6,,"EMA, near21, ADR",9,https://www.tradingview.com/chart/?symbol=NASDAQ:SHOP&interval=D,False,False,False
GME,GameStop Corporation,NYSE,Electronics/Appliance Stores,23.39,22.98,21.13,20.14,20.27,21.2,22.1,22.21,22.96,21.71,24.96,23.06,4.03,3.75,0.88,9930169.2,8213331.0,192109812.0,165424700.0,1.38,-0.24,11800278771.419662,29.8,26,11.7,155,3.22,265,14.91,4.11,10.7,2.06,2.17,38.2,0.401,11.62,True,True,True,True,False,False,False,False,False,False,True,True,False,True,True,False,2026-12-09,False,False,5,>4x 50-MA,"EMA, RVOL",6,https://www.tradingview.com/chart/?symbol=NYSE:GME&interval=D,False,False,False
FORM,"FormFactor, Inc.",NASDAQ,Semiconductors,129.69,117.47,111.04,113.12,112.01,121.35,117.95,106.41,121.1,116.23,133.06,128.22,4.34,5.59,7.25,1185551.8,1110232.9333333333,143986109.0,125589734.0,0.76,1.4,10131476627.257673,20.31,48,-7.5,254,31.65,182,14.82,2.82,16.8,2.07,0.67,20.3,0.407,11.53,True,True,True,True,False,False,True,False,False,False,False,True,False,True,False,False,2026-11-04,False,False,6,,EMA,7,https://www.tradingview.com/chart/?symbol=NASDAQ:FORM&interval=D,False,False,False
KSS,Kohl's Corporation,NYSE,Department Stores,17.9,17.11,17.62,17.85,18.26,16.94,16.03,17.02,17.41,17.59,17.91,17.15,4.84,5.33,0.95,3777266.7,4480134.7,80194411.0,79959951.0,1.11,1.91,2029438283.6832948,7.54,113,-5.44,242,40.61,161,14.24,-0.37,1.59,0.33,0.8,78.5,0.208,12.44,False,False,False,True,True,True,True,False,False,True,False,False,False,False,False,False,2026-11-12,False,False,4,"LoD>60% ATR, thin RVOL",near21,5,https://www.tradingview.com/chart/?symbol=NYSE:KSS&interval=D,False,False,False
GDDY,GoDaddy Inc.,NYSE,Data Processing Services,97.14,99.89,99.14,98.36,96.28,90.93,88.91,94.18,98.95,98.52,100.37,96.33,5.61,5.63,5.46,3564958.2,2344514.6666666665,227746155.0,230603337.0,0.79,-1.5,12302557773.60976,1.06,175,21.44,114,20.09,218,14.2,0.16,-2.01,0.25,0.74,14.8,0.13,11.3,False,False,False,True,True,True,True,True,False,True,False,True,False,True,False,False,2026-10-29,False,False,6,,"near21, ADR",7,https://www.tradingview.com/chart/?symbol=NYSE:GDDY&interval=D,False,False,False
RDW,Redwire Corporation,NYSE,Aerospace & Defense,11.62,11.22,10.93,11.34,10.91,12.53,11.48,10.97,11.32,11.21,12.07,11.54,6.09,6.35,0.74,14116759.8,12621061.833333334,146656739.0,143110220.0,0.95,1.72,2904914278.4586205,-0.26,187,8.29,170,32.95,179,13.66,1.02,6.29,0.57,0.71,10.2,0.172,13.93,False,True,True,True,False,True,True,True,False,True,False,True,False,False,False,False,2026-11-11,False,False,5,thin RVOL,"EMA, near21, ADR",8,https://www.tradingview.com/chart/?symbol=NYSE:RDW&interval=D,False,False,False
PAY,"Paymentus Holdings, Inc.",NYSE,Miscellaneous Commercial Services,30.17,33.88,34.91,36.38,35.97,30.11,28.69,28.7,33.02,34.55,30.83,30.12,5.29,5.75,1.74,1413363.2,1207835.0,36440382.0,43941843.0,0.7,-1.41,3799599233.189015,-22.56,411,41.98,64,21.31,213,13.58,-2.8,-13.59,2.2,0.41,2.6,0.248,24.14,False,False,False,True,False,False,True,True,False,True,False,True,False,False,False,False,2026-11-09,False,False,5,thin RVOL,ADR,5,https://www.tradingview.com/chart/?symbol=NYSE:PAY&interval=D,False,False,False
NWL,Newell Brands Inc.,NASDAQ,Industrial Machinery,5.43,5.63,5.84,5.9,5.79,5.18,4.79,4.63,5.65,5.75,5.62,5.41,4.46,4.89,0.27,5939760.6,6372307.133333334,34601628.0,37581743.0,1.16,0.18,2312637030.1127014,-8.59,280,-7.18,252,56.48,119,13.57,-1.27,-7.05,1.15,0.79,7.5,0.173,22.24,False,False,False,True,False,True,True,False,False,True,False,True,False,False,False,False,2026-10-23,False,False,5,thin RVOL,near21,5,https://www.tradingview.com/chart/?symbol=NASDAQ:NWL&interval=D,False,False,False
ARXS,"Arxis, Inc.",NASDAQ,Aerospace & Defense,50.12,50.49,51.42,52.55,51.71,46.19,,,50.98,51.48,51.65,49.67,4.93,4.97,2.49,1111790.0,722943.9666666667,36233952.0,37990223.0,0.68,0.04,21593015759.2538,-5.13,226,13.63,145,31.89,181,13.46,-0.62,-2.54,0.53,0.79,18.1,0.099,11.0,False,False,False,False,True,True,True,False,True,True,False,True,False,True,False,False,2026-12-02,False,False,5,below 200-MA,"near21, BB",6,https://www.tradingview.com/chart/?symbol=NASDAQ:ARXS&interval=D,False,False,False
MNDY,monday.com Ltd.,NASDAQ,Packaged Software,83.66,88.87,90.33,90.6,88.31,83.22,78.99,90.57,87.24,88.72,86.39,83.5,5.54,6.01,5.03,1007612.4,1113206.2333333334,93130833.0,100860938.0,0.38,-0.52,3536652587.362791,-7.11,254,23.74,105,23.48,205,13.37,-0.88,-7.39,0.95,0.57,3.2,0.262,13.84,False,False,False,False,False,True,True,True,False,True,False,True,False,False,False,False,2026-11-16,False,False,4,"thin RVOL, below 200-MA","near21, ADR",5,https://www.tradingview.com/chart/?symbol=NASDAQ:MNDY&interval=D,False,False,False
WDC,Western Digital Corporation,NASDAQ,Computer Peripherals,456.81,441.47,450.04,458.31,473.94,513.89,449.33,393.26,451.42,454.23,461.98,447.69,4.91,6.04,27.6,7770782.8,6651611.266666662,3038522543.0,3048499960.0,0.77,1.09,164698698632.7676,1.54,170,-28.97,388,66.17,109,12.91,-0.6,1.5,0.09,0.52,33.0,0.167,26.41,False,False,False,True,True,True,True,True,False,True,False,True,False,True,False,False,2026-10-22,False,False,6,,"near21, ADR",7,https://www.tradingview.com/chart/?symbol=NASDAQ:WDC&interval=D,False,False,False
GKOS,Glaukos Corporation,NYSE,Medical Specialties,154.43,161.57,169.58,174.49,171.23,152.61,140.04,133.72,161.03,166.69,155.6,151.01,4.59,4.21,6.51,893057.9,725276.3,112004419.0,126554670.0,0.95,-0.25,9108889571.822832,-14.26,336,8.32,169,44.68,149,12.91,-2.33,-8.93,1.75,0.7,52.6,0.229,24.29,False,False,False,True,False,False,True,True,False,True,False,True,False,False,False,False,2026-11-04,False,False,5,thin RVOL,ADR,5,https://www.tradingview.com/chart/?symbol=NYSE:GKOS&interval=D,False,False,False
BULL,Webull Corporation,NASDAQ,Packaged Software,7.19,7.98,8.7,8.67,8.2,7.5,6.93,7.13,7.95,8.28,7.34,7.14,6.18,6.76,0.49,15063982.0,17550984.166666668,126191576.0,152248937.0,0.55,0.28,3809006159.7947655,-19.08,382,11.99,153,45.55,147,12.82,-1.82,-17.37,1.95,0.42,10.3,0.39,24.69,False,False,False,True,False,False,True,True,False,True,False,True,False,False,False,False,2026-11-19,False,False,5,thin RVOL,ADR,5,https://www.tradingview.com/chart/?symbol=NASDAQ:BULL&interval=D,False,False,False
W,Wayfair Inc.,NYSE,Specialty Stores,98.15,102.43,100.41,101.47,98.88,88.06,83.69,88.14,100.99,100.96,99.79,95.99,4.4,4.98,4.89,2610746.1,2317934.433333333,227505265.0,235195398.0,0.73,-0.17,13443424623.42787,-4.69,220,5.14,185,37.04,169,12.5,-0.15,-2.25,0.56,0.78,44.2,0.139,19.09,False,False,False,True,True,True,True,False,False,True,False,True,False,True,False,False,2026-10-29,False,False,6,,near21,6,https://www.tradingview.com/chart/?symbol=NYSE:W&interval=D,False,False,False
WTTR,"Select Water Solutions, Inc.",NYSE,Oil & Gas Production,19.84,20.17,20.14,20.11,20.03,19.37,17.89,16.34,20.03,20.09,21.06,19.65,4.1,4.51,0.89,2141446.4,1537678.6,30507543.0,30917591.0,2.61,4.71,2558226955.174603,5.14,138,4.42,192,27.59,194,12.38,-0.22,-1.5,0.28,1.58,21.2,0.093,19.3,False,False,False,True,True,True,False,False,True,True,True,True,True,True,True,False,2026-11-03,False,True,5,large gap,"near21, BB, RVOL",6,https://www.tradingview.com/chart/?symbol=NYSE:WTTR&interval=D,False,False,False
TSEM,Tower Semiconductor Ltd.,NASDAQ,Semiconductors,230.47,218.0,214.17,219.69,225.4,239.04,216.49,193.92,222.35,220.28,235.67,220.45,4.34,5.99,13.81,2571225.3,1714027.7666666666,395031979.0,376563045.0,0.81,2.83,26002764591.95347,7.49,114,-7.87,257,36.13,173,11.92,0.38,7.61,0.77,1.1,72.5,0.236,19.58,False,True,True,True,False,True,False,False,False,True,True,False,False,True,False,False,2026-11-16,False,True,4,"LoD>60% ATR, large gap","EMA, near21",5,https://www.tradingview.com/chart/?symbol=NASDAQ:TSEM&interval=D,False,False,False
WOLF,"Wolfspeed, Inc.",NYSE,Semiconductors,27.57,25.77,26.32,26.99,27.04,38.7,32.92,29.25,26.53,26.66,27.85,26.58,6.05,7.81,2.15,2285715.0000001146,3057145.7666666885,84285509.0,82510326.0,0.67,1.33,1459295736.278327,8.12,106,-39.54,427,67.09,105,11.89,0.25,4.76,0.44,0.59,46.0,0.233,46.91,False,True,False,False,False,True,True,False,False,True,False,True,False,False,False,False,2026-10-28,False,False,4,"thin RVOL, below 200-MA",near21,5,https://www.tradingview.com/chart/?symbol=NYSE:WOLF&interval=D,False,False,False
BTBT,"Bit Digital, Inc.",NASDAQ,Miscellaneous Commercial Services,1.76,1.67,1.6,1.58,1.51,1.68,1.64,1.74,1.71,1.64,1.82,1.68,6.28,7.13,0.13,27788754.0,32046890.333333332,56402527.0,50660792.0,0.61,0.56,634714971.7988827,15.03,66,-6.38,247,26.62,196,11.76,2.33,9.86,1.05,1.12,63.7,0.383,13.36,True,True,True,True,False,True,False,False,False,True,True,False,False,False,False,False,2026-11-12,False,False,4,"LoD>60% ATR, thin RVOL","EMA, near21",6,https://www.tradingview.com/chart/?symbol=NASDAQ:BTBT&interval=D,False,False,False
QUBT,Quantum Computing Inc.,NASDAQ,Information Technology Services,8.96,8.62,8.32,8.41,8.38,9.25,8.81,9.28,8.74,8.54,9.28,8.93,4.14,4.74,0.42,8086345.3,7260578.3,65054782.0,61025161.0,1.04,-1.04,2028067857.1877732,6.29,127,0.11,213,28.74,192,11.71,1.46,7.7,1.03,0.82,7.1,0.227,10.74,False,True,True,False,False,True,True,False,False,True,False,True,False,False,False,False,2026-11-18,False,False,4,"thin RVOL, below 200-MA","EMA, near21",6,https://www.tradingview.com/chart/?symbol=NASDAQ:QUBT&interval=D,False,False,False
VOYG,"Voyager Technologies, Inc.",NYSE,Information Technology Services,31.35,34.43,34.05,35.49,33.86,35.23,32.68,31.78,33.75,34.36,32.15,30.9,7.06,7.94,2.49,3560930.3,1999072.3,62670917.0,70948409.0,0.74,0.32,1913261008.823151,-9.08,285,8.67,167,34.95,177,11.51,-0.93,-7.93,1.1,0.5,18.1,0.216,11.02,False,False,False,False,False,True,True,True,False,True,False,True,False,False,False,False,2026-11-09,False,False,4,"thin RVOL, below 200-MA","near21, ADR",5,https://www.tradingview.com/chart/?symbol=NYSE:VOYG&interval=D,False,False,False
ROIV,Roivant Sciences Ltd.,NASDAQ,Pharmaceuticals: Major,35.8,38.58,37.91,37.52,36.43,33.89,32.03,29.8,37.79,37.8,36.19,35.52,4.01,3.9,1.4,9575397.1,9036171.266666668,323494931.0,339082327.0,0.71,-0.42,25859164094.597286,-3.05,208,5.12,186,31.33,184,11.14,-0.44,-5.57,1.36,0.48,20.4,0.285,24.52,False,False,False,True,False,True,True,True,False,True,False,True,False,True,False,False,2026-11-16,False,False,6,,"near21, ADR",6,https://www.tradingview.com/chart/?symbol=NASDAQ:ROIV&interval=D,False,False,False
SYNA,Synaptics Incorporated,NASDAQ,Semiconductors,102.72,95.65,95.96,97.39,102.33,115.68,103.3,98.13,97.09,97.4,103.04,97.26,4.34,4.48,4.6,582416.1,673661.9,69198550.0,65609953.0,0.85,1.12,4077204684.9394755,7.87,109,-18.62,331,41.92,157,10.39,0.08,7.04,1.22,1.25,118.6,0.127,19.5,False,True,False,True,False,True,False,False,False,True,True,False,False,False,False,False,2026-11-05,False,False,4,"LoD>60% ATR, thin RVOL",near21,4,https://www.tradingview.com/chart/?symbol=NASDAQ:SYNA&interval=D,False,False,False
CDE,"Coeur Mining, Inc.",NYSE,Precious Metals,19.22,19.6,20.25,20.36,18.64,17.99,18.78,19.25,19.66,19.82,19.37,18.81,4.27,5.2,1.0,39375096.8,35817312.06666667,688408738.0,729192717.0,0.85,0.21,19756912383.525867,-8.45,276,19.98,118,19.12,222,10.21,0.59,-5.09,0.58,0.56,41.1,0.157,11.75,False,False,False,False,False,True,True,True,False,True,False,True,False,True,False,False,2026-11-11,False,False,5,below 200-MA,"near21, ADR",5,https://www.tradingview.com/chart/?symbol=NYSE:CDE&interval=D,False,False,False
WAY,Waystar Holding Corp.,NASDAQ,Packaged Software,24.7,25.58,25.27,25.1,24.26,22.21,22.95,24.54,25.16,25.07,24.73,24.32,4.11,4.38,1.08,2462127.8,2120704.6666666665,52381405.0,53222618.0,0.5,-1.01,4736186062.414773,0.53,179,29.32,89,0.73,272,10.19,0.41,-2.27,0.33,0.37,34.7,0.162,13.63,False,False,False,True,True,True,True,True,False,True,False,True,False,False,False,False,2026-11-11,False,False,5,thin RVOL,"near21, ADR",7,https://www.tradingview.com/chart/?symbol=NASDAQ:WAY&interval=D,False,False,False
ARQT,"Arcutis Biotherapeutics, Inc.",NASDAQ,Pharmaceuticals: Major,26.92,25.91,24.87,25.08,25.86,24.9,24.54,25.29,26.01,25.54,27.09,25.8,5.31,4.98,1.34,4712272.3,2812970.7666666666,75725173.0,70545087.0,0.43,1.07,3383627708.508565,8.33,104,0.49,207,21.1,214,9.97,0.82,8.23,1.08,0.96,83.5,0.215,5.08,True,True,True,True,False,True,True,False,False,True,False,False,False,False,False,False,2026-10-29,False,False,4,"LoD>60% ATR, thin RVOL","EMA, near21",7,https://www.tradingview.com/chart/?symbol=NASDAQ:ARQT&interval=D,False,False,False
HIMS,"Hims & Hers Health, Inc.",NYSE,Medical/Nursing Services,29.42,28.74,28.48,29.16,29.64,29.67,27.21,27.76,28.9,28.96,29.76,28.56,5.09,6.02,1.77,10701201.7,10732569.266666668,315752188.0,312925945.0,0.77,0.68,6864080801.730191,-5.22,227,-8.06,260,42.95,154,9.89,-0.12,3.32,0.26,0.67,48.3,0.11,8.35,False,False,False,True,False,True,True,False,False,True,False,True,False,False,False,False,2026-11-09,False,False,5,thin RVOL,near21,5,https://www.tradingview.com/chart/?symbol=NYSE:HIMS&interval=D,False,False,False
DIOD,Diodes Incorporated,NASDAQ,Semiconductors,95.84,92.59,91.56,92.82,92.05,98.4,91.67,83.0,93.51,92.83,97.9,95.12,4.15,4.84,4.64,578780.3,625375.4,59935978.0,58047866.0,0.6,1.21,4413595250.703822,2.84,161,-12.13,291,36.91,170,9.21,0.85,4.67,0.67,0.6,15.4,0.109,16.07,False,True,True,True,False,True,True,True,False,True,False,True,False,False,False,False,2026-11-05,False,False,5,thin RVOL,"EMA, near21, ADR",8,https://www.tradingview.com/chart/?symbol=NASDAQ:DIOD&interval=D,False,False,False
JHX,James Hardie Industries plc.,NYSE,Construction Materials,26.1,26.7,27.96,28.7,28.25,25.76,24.15,23.77,26.88,27.61,26.39,25.7,4.09,3.88,1.01,18773271.9,10748375.933333334,280532612.0,308478389.0,0.43,0.96,15151638045.0,-14.26,335,0.81,206,40.78,159,9.11,-1.96,-6.64,1.41,0.69,40.0,0.208,17.14,False,False,False,True,False,True,True,True,False,True,False,True,False,True,False,False,2026-11-09,False,False,6,,"near21, ADR",6,https://www.tradingview.com/chart/?symbol=NYSE:JHX&interval=D,False,False,False
SEZL,Sezzle Inc.,NASDAQ,Packaged Software,111.38,114.22,116.96,118.48,133.13,134.26,113.31,102.13,113.31,117.59,113.36,108.2,4.7,5.77,6.42,576834.5,502898.5666666667,56012842.0,59582752.0,0.85,1.54,3750723072.5906353,-10.16,297,-30.8,401,67.89,104,8.98,-2.83,-4.77,0.92,0.8,49.5,0.157,28.84,False,False,False,True,False,True,True,False,False,True,False,True,False,False,False,False,2026-11-05,False,False,5,thin RVOL,near21,5,https://www.tradingview.com/chart/?symbol=NASDAQ:SEZL&interval=D,False,False,False
IBRX,"ImmunityBio, Inc.",NASDAQ,Pharmaceuticals: Major,8.44,8.48,8.24,8.14,7.83,7.83,7.92,7.03,8.48,8.29,8.84,8.41,6.34,6.09,0.51,12698766.4,9618396.666666666,81179268.0,78316192.0,0.43,1.39,8945018758.833332,3.3,159,9.04,164,14.52,237,8.96,1.27,2.38,0.29,0.84,5.8,0.172,17.19,False,False,False,True,True,True,True,False,False,True,False,True,False,False,False,False,2026-11-05,False,False,5,thin RVOL,near21,6,https://www.tradingview.com/chart/?symbol=NASDAQ:IBRX&interval=D,False,False,False
CNXC,Concentrix Corporation,NASDAQ,Information Technology Services,27.08,28.86,29.41,28.17,26.81,25.91,27.02,30.13,28.77,28.53,29.23,26.7,7.44,7.46,2.02,2225526.2,1595594.5333333334,43208700.0,44942047.0,1.32,-1.05,1652376951.631167,5.33,135,20.14,117,-0.29,275,8.39,0.13,-7.94,0.68,1.25,18.8,0.246,15.58,False,False,False,False,False,True,False,False,False,True,True,True,False,False,True,False,2026-09-29,True,False,3,"thin RVOL, earnings soon, below 200-MA","near21, RVOL",2,https://www.tradingview.com/chart/?symbol=NASDAQ:CNXC&interval=D,False,False,False
WRBY,Warby Parker Inc.,NYSE,Specialty Stores,26.71,24.28,24.32,25.0,25.44,26.01,25.1,25.23,24.62,24.69,26.9,25.49,5.55,5.83,1.56,3949867.3,2812170.566666667,75113076.0,70300515.0,1.02,0.0,3301571009.9078803,2.93,160,-2.05,223,23.6,204,8.16,0.86,9.81,1.4,0.91,78.4,0.171,6.48,True,True,False,True,False,True,True,False,False,True,False,False,False,False,False,False,2026-11-05,False,False,4,"LoD>60% ATR, thin RVOL",near21,6,https://www.tradingview.com/chart/?symbol=NYSE:WRBY&interval=D,False,False,False
RMBS,"Rambus, Inc.",NASDAQ,Semiconductors,105.16,93.38,89.6,90.65,93.2,112.52,109.55,107.77,96.92,93.45,107.31,103.43,4.34,5.12,5.38,3649765.6,2455654.966666667,258236676.0,222602667.0,0.48,1.97,11405822320.695553,17.37,60,-11.02,281,16.75,232,7.7,2.51,17.37,2.45,0.72,32.1,0.363,21.8,False,True,True,False,False,False,True,False,False,False,False,True,False,True,False,False,2026-11-02,False,False,5,below 200-MA,EMA,5,https://www.tradingview.com/chart/?symbol=NASDAQ:RMBS&interval=D,False,False,False
VCYT,"Veracyte, Inc.",NASDAQ,Medical Specialties,45.43,42.29,42.71,42.65,46.23,47.89,43.05,42.45,43.55,43.33,49.0,45.36,5.35,5.46,2.48,1762866.9,1430832.4,65002716.0,61024286.0,1.02,0.95,3652151015.333334,3.77,153,-22.41,352,40.26,162,7.21,-0.32,6.38,0.89,1.47,2.8,0.208,12.34,False,False,True,True,False,True,False,False,False,True,True,True,False,False,False,False,2026-11-10,False,False,5,thin RVOL,"EMA, near21",5,https://www.tradingview.com/chart/?symbol=NASDAQ:VCYT&interval=D,False,False,False
CRCL,"Circle Internet Group, Inc.",NYSE,Packaged Software,89.0,90.38,92.0,89.07,79.59,84.6,90.21,86.09,91.12,89.54,92.21,87.59,6.34,7.35,6.54,17413794.2,15826995.366666667,1408602588.0,1409689375.0,0.64,-1.08,22705048250.24731,-0.79,192,31.04,85,-8.94,314,7.1,1.61,-3.26,0.08,0.71,21.5,0.232,13.94,False,False,False,True,False,True,True,False,False,True,False,True,False,True,False,False,2026-11-18,False,False,6,,near21,5,https://www.tradingview.com/chart/?symbol=NYSE:CRCL&interval=D,False,False,False
AXGN,"Axogen, Inc.",NASDAQ,Medical Specialties,43.39,44.42,45.9,47.14,45.64,43.97,40.64,38.67,44.4,45.36,44.68,43.05,5.02,5.15,2.23,1224237.9,1147379.6333333333,49784802.0,54090344.0,0.84,0.67,2545756913.853185,-13.29,325,-2.3,226,36.58,172,7.0,-0.96,-5.46,0.85,0.73,15.2,0.236,16.66,False,False,False,True,False,True,True,True,False,True,False,True,False,False,False,False,2026-11-10,False,False,5,thin RVOL,"near21, ADR",6,https://www.tradingview.com/chart/?symbol=NASDAQ:AXGN&interval=D,False,False,False
IREN,IREN Limited,NASDAQ,Data Processing Services,44.12,45.06,43.29,42.87,41.21,47.17,45.48,45.59,45.25,44.04,46.49,43.41,5.89,6.71,2.96,36841532.9,40626214.96666667,1792631735.0,1741686462.0,1.15,0.26,17364840426.324486,7.1,117,-5.41,241,19.27,221,6.99,1.06,1.94,0.03,1.04,24.2,0.332,13.52,False,False,False,False,True,True,False,False,False,True,True,True,False,True,False,False,2026-12-01,False,False,5,below 200-MA,near21,4,https://www.tradingview.com/chart/?symbol=NASDAQ:IREN&interval=D,False,False,False
BHVN,Biohaven Ltd.,NYSE,Pharmaceuticals: Major,12.99,13.34,14.12,14.25,14.29,13.26,12.13,11.99,13.59,13.88,13.35,12.77,7.66,8.19,1.06,3232441.4,3462878.2,44982788.0,49357557.0,0.47,0.45,1962058606.473844,-8.78,281,-17.31,322,46.78,143,6.9,-1.11,-7.97,0.78,0.54,20.7,0.355,17.68,False,False,False,True,False,True,True,True,False,True,False,True,False,False,False,False,2026-11-17,False,False,5,thin RVOL,"near21, ADR",6,https://www.tradingview.com/chart/?symbol=NYSE:BHVN&interval=D,False,False,False
FPS,"Forgent Power Solutions, Inc.",NYSE,Electrical Products,38.97,36.64,33.62,33.87,35.09,42.99,39.87,,37.1,35.54,39.48,38.22,5.51,6.2,2.42,14963300.3,8513286.166666666,331762762.0,288370542.0,0.38,-1.08,11863594255.011295,20.72,47,-30.41,400,29.68,190,6.67,1.78,15.93,1.55,0.52,31.0,0.479,24.07,False,True,True,False,False,False,True,True,False,True,False,True,False,True,False,False,2026-12-02,False,False,5,below 200-MA,"EMA, ADR",6,https://www.tradingview.com/chart/?symbol=NYSE:FPS&interval=D,False,False,False
ACHR,Archer Aviation Inc.,NYSE,Aerospace & Defense,5.61,5.5,5.58,5.79,5.6,5.62,5.75,6.29,5.58,5.61,5.8,5.6,4.57,5.28,0.3,27284695.3,26106920.433333334,146459824.0,151080749.0,1.01,0.35,4319833568.106831,-5.0,225,19.11,123,5.85,258,6.65,0.05,0.56,0.01,0.66,1.7,0.12,14.0,False,True,False,False,True,True,True,False,False,True,False,True,False,False,False,False,2026-11-05,False,False,4,"thin RVOL, below 200-MA",near21,6,https://www.tradingview.com/chart/?symbol=NYSE:ACHR&interval=D,False,False,False
EPAM,"EPAM Systems, Inc.",NYSE,Information Technology Services,108.23,114.53,115.54,112.67,106.79,99.71,110.35,133.07,112.23,112.59,109.39,106.4,4.06,4.48,4.85,1216578.8,1178601.6333333333,127560055.0,132790689.0,1.33,0.01,5583258616.578373,-0.64,191,39.56,72,-19.38,357,6.51,0.3,-6.33,0.86,0.62,37.7,0.145,30.83,False,False,False,False,False,True,True,True,False,True,False,True,False,False,True,False,2026-10-29,False,False,4,"thin RVOL, below 200-MA","near21, ADR, RVOL",5,https://www.tradingview.com/chart/?symbol=NYSE:EPAM&interval=D,False,False,False
POET,POET Technologies Inc.,NASDAQ,Electrical Products,7.77,7.72,7.69,7.94,7.89,9.82,8.89,8.33,7.81,7.84,7.94,7.68,4.91,6.11,0.47,7639382.1,8418150.399999967,65409029.0,66848532.0,0.51,1.68,1344661360.803871,-2.63,204,-21.44,345,43.36,153,6.43,-0.25,1.1,0.15,0.56,20.0,0.185,27.49,False,False,False,False,True,True,True,True,False,True,False,True,False,False,False,False,2026-11-12,False,False,4,"thin RVOL, below 200-MA","near21, ADR",6,https://www.tradingview.com/chart/?symbol=NASDAQ:POET&interval=D,False,False,False
ACHC,"Acadia Healthcare Company, Inc.",NASDAQ,Medical/Nursing Services,28.09,28.28,28.2,28.46,29.87,28.19,27.03,23.83,28.31,28.5,28.38,27.43,4.6,4.84,1.36,1707806.8,1584316.3,44503445.0,45092282.0,0.69,0.18,2615186600.4669065,-6.83,247,7.91,171,17.98,226,6.35,-1.23,-0.39,0.3,0.7,48.6,0.065,21.5,False,False,False,True,True,True,True,True,True,True,False,True,False,False,False,False,2026-11-04,False,False,5,thin RVOL,"near21, ADR, BB",8,https://www.tradingview.com/chart/?symbol=NASDAQ:ACHC&interval=D,False,False,False
WYFI,"WhiteFiber, Inc.",NASDAQ,Data Processing Services,19.62,18.75,18.74,20.19,22.28,26.36,22.67,21.54,19.29,19.72,20.52,19.38,5.98,8.67,1.7,1325192.5,2425303.1333333333,47584447.0,48961211.0,0.92,1.28,762200080.3119447,-2.14,199,-45.12,432,65.85,111,6.2,-1.38,4.68,0.06,0.67,14.4,0.233,38.81,False,False,False,False,False,True,True,False,False,True,False,True,False,False,False,False,2026-11-12,False,False,4,"thin RVOL, below 200-MA",near21,4,https://www.tradingview.com/chart/?symbol=NASDAQ:WYFI&interval=D,False,False,False
GLXY,Galaxy Digital Inc.,NASDAQ,Investment Banks/Brokers,24.24,24.41,24.65,24.12,23.1,26.04,24.82,25.0,24.84,24.45,25.45,24.05,6.34,7.11,1.72,5220805.4,5508731.466666667,133531651.0,132854077.0,0.77,1.03,9475151667.563316,1.59,168,-11.89,290,28.25,193,5.99,0.7,-1.66,0.12,0.81,11.0,0.24,12.15,False,False,False,False,True,True,True,False,False,True,False,True,False,False,False,False,2026-10-27,False,False,4,"thin RVOL, below 200-MA",near21,5,https://www.tradingview.com/chart/?symbol=NASDAQ:GLXY&interval=D,False,False,False
SGRY,"Surgery Partners, Inc.",NASDAQ,Hospital/Nursing Management,14.4,14.08,14.1,14.12,14.71,14.75,14.3,14.58,14.25,14.24,14.67,14.19,5.51,5.54,0.8,3005986.2,2676929.1333333333,38547780.0,37804486.0,0.6,0.14,1885222899.3802817,2.78,163,-6.86,249,21.42,211,5.78,-0.38,2.12,0.21,0.6,26.3,0.149,4.61,False,False,True,False,True,True,True,True,False,True,False,True,False,False,False,True,2026-11-10,False,False,4,"thin RVOL, below 200-MA","EMA, near21, ADR",8,https://www.tradingview.com/chart/?symbol=NASDAQ:SGRY&interval=D,False,False,False
PATH,"UiPath, Inc.",NYSE,Packaged Software,12.46,13.46,14.81,15.34,14.46,12.73,12.13,12.81,13.42,14.17,12.81,12.36,5.81,6.5,0.81,52018692.5,60720569.4,756578295.0,931372574.0,0.88,0.0,6493600108.033334,-23.53,416,25.73,98,14.31,238,5.5,-2.13,-15.86,1.86,0.56,12.4,0.559,21.51,False,False,False,False,False,False,True,True,False,True,False,True,False,False,False,False,2026-12-09,False,False,4,"thin RVOL, below 200-MA",ADR,4,https://www.tradingview.com/chart/?symbol=NYSE:PATH&interval=D,False,False,False
KOS,Kosmos Energy Ltd.,NYSE,Integrated Oil,2.65,2.77,2.83,2.81,2.69,2.67,2.66,2.31,2.74,2.77,2.75,2.61,5.29,5.93,0.16,13848940.3,12365489.6,32768547.0,34804731.0,0.85,-2.51,1578042144.7491038,0.0,184,25.0,101,-9.25,315,5.25,-0.22,-6.23,0.73,0.89,25.5,0.186,19.62,False,False,False,True,False,True,True,False,False,True,False,True,False,False,False,False,2026-11-09,False,True,4,"thin RVOL, large gap",near21,5,https://www.tradingview.com/chart/?symbol=NYSE:KOS&interval=D,False,False,False
RELY,"Remitly Global, Inc.",NASDAQ,Miscellaneous Commercial Services,21.36,21.55,23.36,24.21,24.03,22.9,21.16,19.34,21.75,22.76,21.63,21.0,4.84,5.04,1.08,4715944.2,3963441.1666666665,84659103.0,95945002.0,0.71,1.04,4521571307.999999,-18.19,371,-1.52,221,35.45,174,5.24,-2.21,-8.56,1.22,0.59,33.4,0.387,21.97,False,False,False,True,False,True,True,True,False,True,False,True,False,False,False,False,2026-11-04,False,False,5,thin RVOL,"near21, ADR",6,https://www.tradingview.com/chart/?symbol=NASDAQ:RELY&interval=D,False,False,False
MBLY,Mobileye Global Inc.,NASDAQ,Packaged Software,8.03,7.9,8.14,8.38,8.42,8.94,8.6,9.0,7.93,8.12,8.06,7.67,4.16,4.42,0.35,6990614.8,4634298.866666666,37213420.0,38833880.0,0.98,0.91,6827006365.347204,-7.27,257,4.56,188,18.26,225,5.18,-1.04,-1.41,0.25,1.11,101.5,0.147,13.8,False,False,False,False,True,True,False,False,False,True,True,False,False,False,False,False,2026-10-22,False,False,3,"LoD>60% ATR, thin RVOL, below 200-MA",near21,3,https://www.tradingview.com/chart/?symbol=NASDAQ:MBLY&interval=D,False,False,False
OCTV,Octave Intelligence plc,NASDAQ,Packaged Software,18.83,18.93,18.92,18.78,18.45,,,,18.97,18.84,19.17,18.7,4.04,4.45,0.84,3892537.7,2854522.6,53750661.0,53609837.0,0.33,-0.89,5054683209.594225,5.31,136,17.03,135,-7.47,305,4.96,0.47,-0.5,0.02,0.56,14.9,0.159,2.55,False,False,False,False,True,True,True,True,False,True,False,True,False,False,False,True,2026-11-12,False,False,4,"thin RVOL, below 200-MA","near21, ADR",7,https://www.tradingview.com/chart/?symbol=NASDAQ:OCTV&interval=D,False,False,False
HL,Hecla Mining Company,NYSE,Precious Metals,18.19,18.52,19.41,19.63,18.04,17.3,18.1,19.21,18.66,18.94,18.3,17.64,4.29,5.41,0.98,45067995.0,36768801.833333336,668824505.0,721832861.0,0.49,0.28,12219468153.15496,-11.27,304,19.51,120,6.37,254,4.87,0.15,-6.3,0.73,0.67,55.9,0.212,11.64,False,False,False,False,False,True,True,False,False,True,False,True,False,True,False,False,2026-11-11,False,False,5,below 200-MA,near21,4,https://www.tradingview.com/chart/?symbol=NYSE:HL&interval=D,False,False,False
RKLB,Rocket Lab Corporation,NASDAQ,Aerospace & Defense,73.95,68.19,65.89,68.32,69.49,88.09,82.95,81.09,69.52,68.52,75.32,72.78,4.95,5.36,3.96,21836326.5,18254498.033333335,1349920130.0,1247116881.0,0.88,0.73,44256100937.14781,11.37,87,-8.83,268,12.03,243,4.86,1.2,12.23,1.48,0.64,29.5,0.23,30.03,False,True,True,False,False,True,True,True,False,True,False,True,False,True,False,False,2026-11-16,False,False,5,below 200-MA,"EMA, near21, ADR",7,https://www.tradingview.com/chart/?symbol=NASDAQ:RKLB&interval=D,False,False,False
CDW,CDW Corporation,NASDAQ,Information Technology Services,135.43,146.57,147.67,144.54,142.33,133.88,131.21,132.02,144.27,145.11,141.44,135.33,4.09,4.48,6.07,1527217.4,1640788.9333333333,222212045.0,237157992.0,0.76,0.39,16931111789.076939,-5.68,233,6.16,179,13.22,241,4.57,-1.08,-8.29,1.49,1.01,1.6,0.131,12.16,False,False,False,True,False,True,False,False,False,True,True,True,False,True,False,False,2026-11-04,False,False,6,,near21,4,https://www.tradingview.com/chart/?symbol=NASDAQ:CDW&interval=D,False,False,False
GOLD,"Gold.com, Inc.",NYSE,Investment Banks/Brokers,43.95,45.36,45.48,45.41,43.84,42.75,44.22,44.09,44.82,45.1,44.29,43.5,4.38,4.94,2.17,626109.1,674084.9666666667,29626034.0,30612221.0,0.53,0.87,1281351536.429393,-4.81,222,6.55,174,11.44,245,4.39,0.05,-3.37,0.51,0.36,20.7,0.173,6.22,False,False,False,False,False,True,True,True,False,True,False,True,False,False,False,False,2026-11-10,False,False,4,"thin RVOL, below 200-MA","near21, ADR",5,https://www.tradingview.com/chart/?symbol=NYSE:GOLD&interval=D,False,False,False
BTDR,Bitdeer Technologies Group,NASDAQ,Data Processing Services,11.51,12.0,11.75,11.27,11.03,13.25,12.03,12.01,12.05,11.76,12.21,11.22,6.78,8.19,0.94,10060136.8,12351095.266666668,142161107.0,139242131.0,1.08,0.41,3128213555.8748965,4.16,148,-28.06,382,36.86,171,4.32,0.54,-2.07,0.26,1.05,30.8,0.293,19.34,False,False,False,False,True,True,False,False,False,True,True,True,False,False,False,False,2026-11-16,False,False,4,"thin RVOL, below 200-MA",near21,4,https://www.tradingview.com/chart/?symbol=NASDAQ:BTDR&interval=D,False,False,False
M,Macy's Inc,NYSE,Department Stores,22.64,22.22,22.13,22.41,23.28,22.75,21.44,21.6,22.28,22.38,22.72,22.25,4.06,3.65,0.83,6306202.0,6343835.066666666,143624426.0,142175917.0,0.7,0.54,5913038891.732856,0.27,182,-11.32,284,23.99,203,4.31,-0.75,2.31,0.31,0.56,47.1,0.096,8.13,False,False,False,True,True,True,True,True,True,True,False,True,False,False,False,False,2026-11-12,False,False,5,thin RVOL,"near21, ADR, BB",8,https://www.tradingview.com/chart/?symbol=NYSE:M&interval=D,False,False,False
ETSY,"Etsy, Inc.",NYSE,Internet Retail,68.44,72.66,75.09,77.3,79.5,74.71,68.46,65.25,72.37,74.67,71.3,68.4,4.33,4.8,3.29,3611412.5,3126834.6666666665,214000565.0,241704320.0,0.74,-0.1,6281543517.678746,-18.56,373,-11.46,286,42.79,155,4.26,-2.9,-8.86,1.74,0.88,1.2,0.236,20.81,False,False,False,True,False,False,True,False,False,False,False,True,False,False,False,False,2026-11-04,False,False,5,thin RVOL,,4,https://www.tradingview.com/chart/?symbol=NYSE:ETSY&interval=D,False,False,False
EXK,Endeavour Silver Corporation,NYSE,Precious Metals,9.39,9.77,10.31,10.44,9.68,9.3,9.61,9.95,9.82,10.04,9.46,9.05,5.14,6.38,0.6,7687782.9,8887567.666666666,83454260.0,92789169.0,0.86,1.09,2780796640.765662,-13.26,324,15.5,138,10.34,247,4.19,-0.47,-8.89,1.02,0.68,56.8,0.264,10.74,False,False,False,False,False,True,True,False,False,True,False,True,False,False,False,False,2026-11-10,False,False,4,"thin RVOL, below 200-MA",near21,4,https://www.tradingview.com/chart/?symbol=NYSE:EXK&interval=D,False,False,False
PSKY,Paramount Skydance Corporation,NASDAQ,Cable/Satellite TV,9.96,10.4,10.56,10.53,9.77,9.97,10.16,10.67,10.26,10.33,10.26,9.93,5.41,5.15,0.51,32666041.9,17612549.666666668,175420995.0,185416117.0,0.53,0.25,11174581377.288803,-6.3,240,6.41,176,12.16,242,4.09,0.37,-5.67,0.7,0.64,5.9,0.151,8.97,False,False,False,False,False,True,True,True,False,True,False,True,False,True,False,False,2026-11-16,False,False,5,below 200-MA,"near21, ADR",5,https://www.tradingview.com/chart/?symbol=NASDAQ:PSKY&interval=D,False,False,False
BRZE,"Braze, Inc.",NASDAQ,Internet Software/Services,24.37,25.11,27.64,28.61,27.43,25.07,23.7,24.5,25.46,26.62,24.78,24.17,5.31,6.06,1.48,1885169.1,2833143.1666666665,69043699.0,81063781.0,0.61,-0.36,2768052491.828131,-18.63,375,21.85,112,7.98,251,3.73,-1.84,-11.83,1.4,0.41,13.5,0.567,16.17,False,False,False,False,False,True,True,True,False,True,False,True,False,False,False,False,2026-12-15,False,False,4,"thin RVOL, below 200-MA","near21, ADR",5,https://www.tradingview.com/chart/?symbol=NASDAQ:BRZE&interval=D,False,False,False
ON,ON Semiconductor Corporation,NASDAQ,Semiconductors,77.2,71.95,72.38,73.7,77.73,93.78,86.25,79.87,73.13,73.54,77.68,73.66,4.41,4.61,3.56,13603215.4,9634655.833333334,743795430.0,710077346.0,0.82,1.53,30054864372.40738,6.39,124,-21.46,346,25.75,199,3.56,-0.15,6.66,1.08,1.13,99.5,0.134,28.28,False,False,False,False,False,True,False,False,False,True,True,False,False,True,False,False,2026-11-02,False,False,4,"LoD>60% ATR, below 200-MA",near21,2,https://www.tradingview.com/chart/?symbol=NASDAQ:ON&interval=D,False,False,False
VIAV,Viavi Solutions Inc.,NASDAQ,Information Technology Services,40.68,35.91,36.19,37.44,38.06,43.31,41.26,36.17,37.01,36.98,40.88,37.43,5.13,5.76,2.34,6004006.999999998,4724815.699999992,192205503.0,176875051.0,1.49,1.76,10037783048.45125,7.88,108,-16.82,321,19.09,223,3.38,1.19,12.41,1.74,1.47,138.6,0.215,18.2,False,True,True,True,False,False,False,False,False,False,True,False,False,True,True,False,2026-10-29,False,False,5,LoD>60% ATR,"EMA, RVOL",4,https://www.tradingview.com/chart/?symbol=NASDAQ:VIAV&interval=D,False,False,False
ATI,ATI Inc.,NYSE,Other Metals/Minerals,185.48,187.13,195.79,202.9,202.85,191.45,178.83,165.0,189.08,194.75,186.68,182.32,4.12,4.23,7.85,1760321.5,1815346.1,336710395.0,368341590.0,0.65,0.25,25256885756.14113,-14.53,341,-6.18,245,30.71,186,3.34,-2.02,-5.27,1.12,0.55,40.2,0.19,20.4,False,False,False,True,False,True,True,True,False,True,False,True,False,True,False,False,2026-11-03,False,False,6,,"near21, ADR",6,https://www.tradingview.com/chart/?symbol=NYSE:ATI&interval=D,False,False,False
TTMI,"TTM Technologies, Inc.",NASDAQ,Electronic Components,129.17,120.59,120.89,121.05,124.53,149.68,136.9,123.99,123.68,122.72,131.32,126.69,4.94,6.02,7.78,1940241.3,2109462.1666666665,272479228.0,255356724.0,0.86,2.39,13607913809.911797,11.84,84,-37.3,421,35.44,175,3.33,0.62,6.85,0.87,0.59,31.9,0.188,22.52,False,True,True,True,False,True,True,True,False,True,False,True,False,True,False,False,2026-11-04,False,True,5,large gap,"EMA, near21, ADR",8,https://www.tradingview.com/chart/?symbol=NASDAQ:TTMI&interval=D,False,False,False
RGTI,"Rigetti Computing, Inc.",NASDAQ,Computer Processing Hardware,16.66,15.91,15.6,16.13,16.05,18.02,17.47,18.59,16.1,16.0,17.3,16.36,5.55,5.97,0.99,17214562.5,16870119.733333334,281056195.0,272143148.0,1.04,-0.09,5560587172.050909,-0.24,186,-7.08,250,16.91,231,3.2,0.64,6.77,0.69,0.94,30.2,0.149,17.91,False,True,True,False,False,True,True,False,False,True,False,True,False,False,False,False,2026-11-16,False,False,4,"thin RVOL, below 200-MA","EMA, near21",6,https://www.tradingview.com/chart/?symbol=NASDAQ:RGTI&interval=D,False,False,False
MTSI,"MACOM Technology Solutions Holdings, Inc.",NASDAQ,Semiconductors,285.57,267.55,268.07,272.48,273.77,315.5,292.49,270.5,275.0,272.88,289.26,279.4,4.02,5.04,14.4,1493005.7,1306178.2,373005309.0,355911137.0,0.65,0.52,21809245496.73058,6.92,121,-24.47,362,26.88,195,3.11,0.85,6.53,0.92,0.68,42.9,0.198,16.79,False,True,True,True,False,True,True,False,False,True,False,True,False,True,False,False,2026-11-05,False,False,6,,"EMA, near21",7,https://www.tradingview.com/chart/?symbol=NASDAQ:MTSI&interval=D,False,False,False
NAVN,"Navan, Inc.",NASDAQ,Packaged Software,19.42,21.08,23.59,25.48,26.04,23.8,19.93,18.42,21.15,23.05,19.92,19.34,5.93,6.81,1.32,4919894.2,3979435.9,77260748.0,101411281.0,0.43,1.39,5060238142.569481,-33.14,447,-9.78,276,51.68,130,2.92,-3.74,-17.71,2.31,0.44,5.7,0.564,39.22,False,False,False,True,False,False,True,True,False,True,False,True,False,False,False,False,2026-12-15,False,False,5,thin RVOL,ADR,5,https://www.tradingview.com/chart/?symbol=NASDAQ:NAVN&interval=D,False,False,False
RDDT,"Reddit, Inc.",NYSE,Internet Software/Services,149.84,155.22,153.76,155.19,159.51,165.79,158.9,170.66,153.65,154.87,154.76,149.82,4.58,5.14,7.7,5263620.0,6550400.466666667,981512006.0,1016571933.0,0.54,0.01,28828694854.674698,-6.93,249,-4.33,234,19.83,220,2.86,-1.18,-2.55,0.63,0.64,0.3,0.119,11.28,False,False,False,False,True,True,True,True,False,True,False,True,False,True,False,False,2026-11-04,False,False,5,below 200-MA,"near21, ADR",6,https://www.tradingview.com/chart/?symbol=NYSE:RDDT&interval=D,False,False,False
CIFR,Cipher Digital Inc.,NASDAQ,Data Processing Services,17.73,17.49,16.93,16.81,18.21,20.58,18.98,18.36,17.74,17.44,18.7,17.44,7.79,8.75,1.55,36570154.4,35380114.13333333,627289424.0,594904826.0,0.87,2.71,7358495019.220442,10.81,91,-28.91,387,26.28,197,2.73,-0.3,4.71,0.19,0.81,18.7,0.324,20.55,False,False,False,False,False,True,True,False,False,True,False,True,False,False,False,False,2026-11-11,False,True,3,"thin RVOL, below 200-MA, large gap",near21,4,https://www.tradingview.com/chart/?symbol=NASDAQ:CIFR&interval=D,False,False,False
RXO,"RXO, Inc.",NYSE,Packaged Software,19.79,19.76,20.02,20.79,21.95,23.59,20.98,19.41,19.88,20.29,20.45,19.5,4.97,5.45,1.08,1917434.9,1599119.2,31646569.0,33243556.0,1.07,2.61,3263888206.1389866,-8.25,271,-25.8,368,41.76,158,2.57,-1.81,-1.13,0.45,0.88,26.9,0.125,21.1,False,False,False,True,True,True,True,False,False,True,False,True,False,False,False,False,2026-11-05,False,True,4,"thin RVOL, large gap",near21,6,https://www.tradingview.com/chart/?symbol=NYSE:RXO&interval=D,False,False,False
AKAM,"Akamai Technologies, Inc.",NASDAQ,Data Processing Services,113.94,110.56,108.76,110.08,113.27,123.74,117.21,111.13,111.86,110.92,128.46,113.84,5.68,5.78,6.59,6986072.2,4301173.833333333,490075747.0,473478950.0,7.66,13.42,16375071516.446152,7.94,107,1.28,204,-1.56,280,2.55,0.1,4.76,0.47,2.22,1.5,0.166,13.15,False,True,True,True,False,True,False,False,False,True,True,True,True,True,True,False,2026-11-10,False,True,5,large gap,"EMA, near21, RVOL",6,https://www.tradingview.com/chart/?symbol=NASDAQ:AKAM&interval=D,False,False,False
GWRE,"Guidewire Software, Inc.",NYSE,Information Technology Services,145.56,148.72,161.49,169.32,164.4,148.27,147.35,152.51,150.77,157.2,152.97,144.13,4.44,5.65,8.22,1274486.0,1457360.2333333334,212133356.0,246767522.0,0.74,0.0,11934852776.25139,-20.22,393,30.29,88,-2.43,281,2.54,-2.03,-9.87,1.31,1.07,17.4,0.586,11.71,False,False,False,False,False,True,False,False,False,True,True,True,False,True,False,False,2026-12-03,False,False,5,below 200-MA,near21,3,https://www.tradingview.com/chart/?symbol=NYSE:GWRE&interval=D,False,False,False
RBLX,Roblox Corporation,NYSE,Packaged Software,46.44,48.97,45.79,43.3,43.28,45.56,50.0,56.67,47.85,46.13,48.76,46.01,4.91,5.28,2.45,12384456.0,10751120.6,499282041.0,465527106.0,1.15,-1.31,33175619616.82818,18.95,54,1.1,205,-12.69,328,2.45,1.38,1.41,0.13,1.12,17.5,0.323,28.83,False,False,False,False,True,True,False,False,False,True,True,True,False,True,False,False,2026-11-11,False,False,5,below 200-MA,near21,4,https://www.tradingview.com/chart/?symbol=NYSE:RBLX&interval=D,False,False,False
UCTT,"Ultra Clean Holdings, Inc.",NASDAQ,Industrial Machinery,77.69,71.79,71.06,73.14,79.1,88.44,81.08,70.48,73.97,73.79,78.06,76.41,4.22,5.96,4.63,764925.2,877975.8666666667,68209945.0,64214277.0,0.93,1.32,3517572083.4181914,5.96,128,-31.47,403,32.44,180,2.31,-0.3,9.33,0.89,0.36,27.7,0.242,23.11,False,False,True,True,False,True,True,True,False,True,False,True,False,False,False,False,2026-10-28,False,False,5,thin RVOL,"EMA, near21, ADR",7,https://www.tradingview.com/chart/?symbol=NASDAQ:UCTT&interval=D,False,False,False
VKTX,"Viking Therapeutics, Inc.",NASDAQ,Pharmaceuticals: Major,35.56,33.43,33.29,33.53,33.87,33.48,33.51,33.3,34.86,33.98,39.05,35.1,6.36,8.01,2.85,11674213.8,5058109.233333333,179866364.0,169578170.0,1.29,2.86,4148178504.7923813,4.31,146,-2.19,224,4.62,262,2.25,0.62,6.83,0.58,1.39,16.2,0.403,1.64,True,True,True,True,False,True,False,False,False,True,True,True,False,False,True,True,2026-10-28,False,True,4,"thin RVOL, large gap","EMA, near21, RVOL",8,https://www.tradingview.com/chart/?symbol=NASDAQ:VKTX&interval=D,False,False,False
HRI,Herc Holdings Inc.,NYSE,Finance/Rental/Leasing,135.36,138.44,141.01,148.37,152.75,146.59,136.12,141.84,138.34,142.57,139.44,130.05,5.23,5.59,7.57,1186119.6,700720.6666666666,94849549.0,103963590.0,0.5,-0.33,4525280625.417443,-14.1,332,-10.71,280,31.49,183,2.23,-2.04,-4.0,0.9,1.24,70.1,0.139,12.29,False,False,False,False,False,True,False,False,False,True,True,False,False,False,False,False,2026-10-15,False,False,3,"LoD>60% ATR, thin RVOL, below 200-MA",near21,2,https://www.tradingview.com/chart/?symbol=NYSE:HRI&interval=D,False,False,False
CCXI,Churchill Capital Corp. XI Class A,NASDAQ,Financial Conglomerates,12.43,12.52,12.9,13.63,14.19,13.07,,,12.69,13.09,12.45,12.08,5.51,6.41,0.8,2483047.9,2312295.7,28741836.0,31520444.0,0.57,0.41,692350992.8855274,-14.1,333,-2.28,225,22.95,208,2.19,-1.94,-3.65,0.78,0.46,43.9,0.192,13.45,False,False,False,False,False,True,True,True,False,True,False,True,False,False,False,False,,False,False,4,"thin RVOL, below 200-MA","near21, ADR",5,https://www.tradingview.com/chart/?symbol=NASDAQ:CCXI&interval=D,False,False,False
NVTS,Navitas Semiconductor Corporation,NASDAQ,Semiconductors,12.2,11.52,11.49,12.02,12.05,16.38,14.56,13.13,11.78,11.81,12.44,11.79,4.72,6.33,0.77,11714355.9,11948231.3,145768422.0,143609775.0,0.86,0.68,3185340440.3378377,-3.17,210,-28.45,383,38.17,167,2.18,0.2,6.2,0.52,0.84,53.1,0.177,40.09,False,True,False,False,False,True,True,False,False,True,False,True,False,False,False,False,2026-11-09,False,False,4,"thin RVOL, below 200-MA",near21,5,https://www.tradingview.com/chart/?symbol=NASDAQ:NVTS&interval=D,False,False,False
ASO,"Academy Sports and Outdoors, Inc.",NASDAQ,Specialty Stores,49.14,49.67,48.18,47.31,47.8,48.97,51.56,52.59,49.03,48.57,49.69,47.74,4.56,4.18,2.05,1869473.4,2160152.6333333333,106149900.0,102205102.0,0.66,0.04,3025986808.05402,13.23,78,1.47,202,-8.15,311,2.18,0.67,2.0,0.28,0.95,68.2,0.316,9.76,False,False,True,False,True,True,True,False,False,True,False,False,False,False,False,False,2026-12-03,False,False,3,"LoD>60% ATR, thin RVOL, below 200-MA","EMA, near21",5,https://www.tradingview.com/chart/?symbol=NASDAQ:ASO&interval=D,False,False,False
PTEN,"Patterson-UTI Energy, Inc.",NASDAQ,Oil & Gas Production,10.91,11.67,12.2,12.12,11.35,11.13,10.85,9.9,11.55,11.78,11.17,10.76,4.11,4.55,0.5,8725248.7,8122166.966666667,88612842.0,98465030.0,0.74,-1.16,4160909238.507156,-2.68,205,12.19,150,-3.02,284,2.16,-0.86,-10.58,1.62,0.83,30.2,0.227,21.05,False,False,False,True,False,False,True,False,False,False,False,True,False,False,False,False,2026-10-28,False,False,5,thin RVOL,,4,https://www.tradingview.com/chart/?symbol=NASDAQ:PTEN&interval=D,False,False,False
SPCX,Space Exploration Technologies Corp,NASDAQ,Specialty Telecommunications,148.68,150.17,148.4,145.39,135.92,,,,149.65,147.4,149.67,146.0,4.27,4.5,6.68,99835772.2,86594291.83333333,12874839310.0,12589511118.0,0.53,0.24,2017746564478.7378,8.53,102,-1.29,219,-0.88,278,2.12,2.09,0.19,0.19,0.55,40.1,0.112,9.58,False,False,False,False,True,True,True,True,False,True,False,True,False,True,False,False,2026-11-05,False,False,5,below 200-MA,"near21, ADR",6,https://www.tradingview.com/chart/?symbol=NASDAQ:SPCX&interval=D,False,False,False
RYAN,"Ryan Specialty Holdings, Inc.",NYSE,Insurance Brokers/Services,37.89,38.88,40.04,40.97,41.8,38.43,37.55,40.48,38.6,39.74,38.35,36.53,4.27,4.34,1.64,2514895.4,1816912.7,68842822.0,74442547.0,0.66,0.05,9692822775.093903,-13.41,326,4.01,194,15.52,235,2.04,-2.15,-5.38,1.07,1.1,82.4,0.199,11.2,False,False,False,False,False,True,False,False,False,True,True,False,False,False,False,False,2026-10-29,False,False,3,"LoD>60% ATR, thin RVOL, below 200-MA",near21,2,https://www.tradingview.com/chart/?symbol=NYSE:RYAN&interval=D,False,False,False
HUBS,"HubSpot, Inc.",NYSE,Packaged Software,213.74,226.78,235.43,235.68,231.32,216.18,225.12,250.71,224.17,229.34,223.87,212.36,6.02,6.54,13.99,2188910.3,1578966.4333333333,337488285.0,372136599.0,0.4,-0.14,10658401362.259071,-7.72,264,24.04,104,-10.74,321,1.86,-1.16,-9.21,1.04,0.82,9.9,0.26,16.15,False,False,False,False,False,True,True,False,False,True,False,True,False,True,False,False,2026-11-11,False,False,5,below 200-MA,near21,4,https://www.tradingview.com/chart/?symbol=NYSE:HUBS&interval=D,False,False,False
AG,First Majestic Silver Corp.,NYSE,Precious Metals,19.01,19.15,19.9,20.11,18.82,18.78,20.09,20.12,19.37,19.55,19.12,18.5,4.26,5.34,1.02,9204432.3,9568704.533333333,181901073.0,192394752.0,0.63,0.0,9370150213.668804,-7.85,267,13.63,144,-0.83,277,1.65,0.19,-4.46,0.52,0.61,49.7,0.188,7.08,False,False,False,False,False,True,True,False,False,True,False,True,False,False,False,False,2026-11-11,False,False,4,"thin RVOL, below 200-MA",near21,4,https://www.tradingview.com/chart/?symbol=NYSE:AG&interval=D,False,False,False
CRWV,"CoreWeave, Inc.",NASDAQ,Packaged Software,87.59,84.53,86.2,88.2,85.76,94.37,94.03,92.18,86.49,86.73,90.91,86.8,5.43,6.25,5.47,36231389.9,27357330.733333334,2396228599.0,2412925690.0,0.66,0.26,48309088059.30279,0.81,178,-7.97,258,11.71,244,1.51,0.34,1.61,0.16,0.75,14.4,0.225,11.24,False,True,False,False,True,True,True,False,False,True,False,True,False,True,False,False,2026-11-16,False,False,5,below 200-MA,near21,6,https://www.tradingview.com/chart/?symbol=NASDAQ:CRWV&interval=D,False,False,False
SRPT,"Sarepta Therapeutics, Inc.",NASDAQ,Pharmaceuticals: Major,18.67,19.91,20.75,20.17,18.68,18.19,18.66,19.21,19.72,19.94,18.77,18.02,6.97,6.87,1.28,2860621.2,3009522.3333333335,56187782.0,60705075.0,0.79,0.54,1972056431.1158242,-0.37,189,18.24,127,-13.84,334,1.34,-0.01,-10.02,0.93,0.59,51.1,0.241,13.72,False,False,False,False,False,True,True,True,False,True,False,True,False,False,False,False,2026-11-04,False,False,4,"thin RVOL, below 200-MA","near21, ADR",5,https://www.tradingview.com/chart/?symbol=NASDAQ:SRPT&interval=D,False,False,False
ATRO,Astronics Corporation,NASDAQ,Aerospace & Defense,69.22,68.04,71.3,74.64,74.09,73.23,68.92,65.62,69.35,71.24,69.95,68.38,4.46,4.88,3.38,804382.9999999997,632863.133333333,43806786.0,47235955.0,0.52,0.58,2976120265.437165,-6.59,244,-19.83,339,30.11,188,1.23,-1.35,-2.92,0.58,0.46,24.8,0.203,12.24,False,False,False,True,True,True,True,True,False,True,False,True,False,False,False,False,2026-11-11,False,False,5,thin RVOL,"near21, ADR",7,https://www.tradingview.com/chart/?symbol=NASDAQ:ATRO&interval=D,False,False,False
CECO,CECO Environmental Corp.,NASDAQ,Industrial Machinery,73.5,71.44,72.83,73.36,73.11,79.39,73.57,71.71,72.79,72.91,74.43,72.34,4.89,5.45,4.01,838109.6,715515.1666666666,52590365.0,52486734.0,0.67,1.5,4304882396.253088,4.06,150,-21.88,350,21.07,215,1.08,0.1,0.92,0.15,0.52,29.0,0.173,10.8,False,True,False,True,True,True,True,True,False,True,False,True,False,False,False,False,2026-11-09,False,False,5,thin RVOL,"near21, ADR",8,https://www.tradingview.com/chart/?symbol=NASDAQ:CECO&interval=D,False,False,False
SHLS,"Shoals Technologies Group, Inc.",NASDAQ,Semiconductors,7.47,7.48,7.27,7.35,8.05,9.11,8.34,8.6,7.52,7.5,7.74,7.46,6.18,6.57,0.49,4401603.7,4617875.833333333,34495532.0,33945236.0,0.58,1.34,1257200649.0604026,7.79,111,-21.86,349,17.27,229,1.07,-1.1,2.8,0.07,0.57,2.0,0.208,24.7,False,False,False,False,True,True,True,True,False,True,False,True,False,False,False,False,2026-11-10,False,False,4,"thin RVOL, below 200-MA","near21, ADR",6,https://www.tradingview.com/chart/?symbol=NASDAQ:SHLS&interval=D,False,False,False
FIVE,"Five Below, Inc.",NASDAQ,Discount Stores,222.6,233.51,239.56,242.26,232.74,217.21,220.21,213.69,231.89,235.93,226.38,217.05,4.33,4.53,10.08,1242978.2,1231343.7,274097108.0,298309840.0,0.9,0.21,12255028502.007374,-13.81,329,18.05,129,-1.37,279,0.96,-0.96,-7.08,1.25,0.93,55.0,0.145,11.62,False,False,False,True,False,True,True,False,False,True,False,True,False,True,False,False,2026-12-02,False,False,6,,near21,5,https://www.tradingview.com/chart/?symbol=NASDAQ:FIVE&interval=D,False,False,False
FLY,Firefly Aerospace Inc.,NASDAQ,Aerospace & Defense,24.36,22.03,21.7,22.57,22.39,28.58,28.78,27.79,22.51,22.34,25.58,23.3,6.51,6.72,1.64,3533806.9,2742966.5,66818664.0,61906925.0,1.66,0.95,4077977248.1524467,9.93,98,-0.16,214,-7.02,302,0.91,1.31,12.28,1.35,1.39,64.7,0.193,29.08,False,True,True,False,False,True,False,False,False,True,True,False,True,True,True,False,2026-11-18,False,False,4,"LoD>60% ATR, below 200-MA","EMA, near21, RVOL",4,https://www.tradingview.com/chart/?symbol=NASDAQ:FLY&interval=D,False,False,False
FIGR,"Figure Technology Solutions, Inc.",NASDAQ,Finance/Rental/Leasing,31.9,34.3,35.13,35.74,32.84,32.73,32.97,36.78,34.29,34.62,33.24,31.44,7.72,7.89,2.52,4840587.0,4744183.266666667,151339446.0,169566598.0,1.05,-0.34,7157653976.619718,-21.23,401,20.38,116,1.87,270,0.34,-0.36,-9.2,1.0,0.72,18.3,0.2,12.71,False,False,False,False,False,True,True,True,False,True,False,True,False,False,False,False,2026-11-12,False,False,4,"thin RVOL, below 200-MA","near21, ADR",5,https://www.tradingview.com/chart/?symbol=NASDAQ:FIGR&interval=D,False,False,False
RIVN,"Rivian Automotive, Inc.",NASDAQ,Motor Vehicles,15.47,15.33,15.62,15.76,15.97,15.91,15.84,16.24,15.39,15.59,15.65,15.18,4.13,4.33,0.67,23436897.7,22071983.066666666,341453578.0,347758808.0,0.7,1.05,22398403736.96665,-7.14,255,6.21,178,1.91,269,0.33,-0.73,-0.99,0.17,0.7,43.3,0.095,5.86,False,False,False,False,True,True,True,True,True,True,False,True,False,True,False,False,2026-11-10,False,False,5,below 200-MA,"near21, ADR, BB",7,https://www.tradingview.com/chart/?symbol=NASDAQ:RIVN&interval=D,False,False,False
CBRS,Cerebras Systems Inc.,NASDAQ,Packaged Software,206.75,198.75,194.39,197.95,202.71,,,,201.89,199.65,213.0,203.61,4.85,6.45,13.33,5558439.5,7030071.833333333,1453467352.0,1391606234.0,1.06,2.62,46280684907.38699,14.8,68,27.11,93,-40.93,427,0.32,0.31,6.36,0.55,0.7,23.5,0.229,4.03,False,True,True,False,False,True,True,False,False,True,False,True,False,True,False,True,2026-12-02,False,True,4,"below 200-MA, large gap","EMA, near21",7,https://www.tradingview.com/chart/?symbol=NASDAQ:CBRS&interval=D,False,False,False
COHR,Coherent Corp.,NYSE,Semiconductors,295.83,295.99,290.39,293.72,296.77,331.69,314.54,286.16,298.08,296.57,301.77,290.28,5.83,6.82,20.18,6901605.2,6414064.866666666,1897472810.0,1883949823.0,0.66,2.52,57933050080.71167,3.35,158,-24.69,363,21.34,212,0.0,-0.05,1.87,0.04,0.57,27.5,0.23,15.39,False,False,False,True,True,True,True,True,False,True,False,True,False,True,False,False,2026-11-11,False,True,5,large gap,"near21, ADR",7,https://www.tradingview.com/chart/?symbol=NYSE:COHR&interval=D,False,False,False
FIG,FIGMA INC,NYSE,Packaged Software,20.85,22.49,23.68,24.79,24.48,22.77,22.83,24.97,22.26,23.29,21.65,20.8,5.54,6.57,1.37,13586103.1,14316489.366666667,298498803.0,354843733.0,0.75,-0.42,11113250592.828022,-19.9,392,23.3,108,-3.52,286,-0.04,-2.26,-11.95,1.59,0.62,3.6,0.359,11.89,False,False,False,False,False,False,True,True,False,True,False,True,False,True,False,False,2026-11-11,False,False,5,below 200-MA,ADR,4,https://www.tradingview.com/chart/?symbol=NYSE:FIG&interval=D,False,False,False
PEGA,Pegasystems Inc.,NASDAQ,Information Technology Services,33.74,35.71,36.1,35.26,33.42,33.23,36.09,40.2,35.12,35.23,34.54,33.58,4.13,4.24,1.43,2279823.0,2154887.2333333334,72716670.0,75972345.0,0.48,0.12,5547844550.2565,1.4,172,16.24,137,-18.29,348,-0.22,0.23,-6.52,0.99,0.67,11.5,0.14,20.66,False,False,False,False,False,True,True,True,False,True,False,True,False,False,False,False,2026-10-28,False,False,4,"thin RVOL, below 200-MA","near21, ADR",5,https://www.tradingview.com/chart/?symbol=NASDAQ:PEGA&interval=D,False,False,False
PCOR,"Procore Technologies, Inc.",NYSE,Packaged Software,49.3,51.67,54.92,57.1,54.92,50.29,52.13,55.47,51.64,53.71,49.94,48.73,4.28,4.76,2.35,2568373.0,2732389.6,134706807.0,156014892.0,1.14,-1.49,7491398139.496968,-17.11,362,27.92,91,-12.09,327,-0.43,-2.15,-10.23,1.72,0.51,24.3,0.318,10.51,False,False,False,False,False,False,True,True,False,True,False,True,False,False,False,False,2026-11-04,False,False,4,"thin RVOL, below 200-MA",ADR,4,https://www.tradingview.com/chart/?symbol=NYSE:PCOR&interval=D,False,False,False
BRUN,Boost Run Inc.,NASDAQ,Packaged Software,16.77,16.15,16.66,17.74,18.94,24.26,20.24,18.16,16.66,17.16,17.06,16.19,7.66,9.51,1.6,2550139.7,2409427.8666666667,40406105.0,42751683.0,0.55,0.6,1406082945.845096,-7.45,260,-49.46,439,55.28,122,-0.54,-1.21,0.66,0.24,0.55,36.4,0.263,48.33,False,False,False,False,True,True,True,True,False,True,False,True,False,False,False,False,2026-12-02,False,False,4,"thin RVOL, below 200-MA","near21, ADR",6,https://www.tradingview.com/chart/?symbol=NASDAQ:BRUN&interval=D,False,False,False
PTRN,Pattern Group Inc. - Series A,NASDAQ,Advertising/Marketing Services,17.02,19.3,19.77,20.19,21.59,21.39,18.32,16.92,19.07,19.79,18.08,16.91,5.73,6.4,1.09,2092722.6,1631176.9,27762631.0,32928568.0,1.07,-0.45,3019332618.435897,-20.47,395,-20.47,342,38.49,166,-0.82,-3.31,-13.9,2.19,1.07,10.1,0.183,27.43,False,False,False,True,False,False,False,False,False,False,True,True,False,False,False,False,2026-11-11,False,False,5,thin RVOL,,3,https://www.tradingview.com/chart/?symbol=NASDAQ:PTRN&interval=D,False,False,False
EXPE,"Expedia Group, Inc.",NASDAQ,Other Consumer Services,264.17,277.85,287.17,300.58,297.94,268.95,258.06,260.34,274.97,285.23,269.26,261.05,4.85,4.82,12.72,2817718.9,2021271.9666666666,533959415.0,607561676.0,0.75,0.15,31705389578.36829,-22.07,406,5.62,184,13.22,240,-1.08,-2.35,-8.01,1.53,0.65,24.5,0.25,15.1,False,False,False,True,False,False,True,True,False,True,False,True,False,True,False,False,2026-10-29,False,False,6,,ADR,5,https://www.tradingview.com/chart/?symbol=NASDAQ:EXPE&interval=D,False,False,False
FIGS,"FIGS, Inc.",NYSE,Apparel/Footwear,13.42,13.02,13.71,14.04,12.97,12.28,13.16,12.72,13.06,13.35,13.45,12.51,5.06,5.16,0.69,2469640.5,2425886.433333333,32555396.0,34049742.0,1.86,0.72,2229601965.3578863,-9.87,293,18.34,126,-11.88,326,-1.14,0.67,-2.09,0.1,1.36,131.3,0.296,10.62,False,False,False,True,True,True,False,False,False,True,True,False,True,True,True,False,2026-11-05,False,False,5,LoD>60% ATR,"near21, RVOL",4,https://www.tradingview.com/chart/?symbol=NYSE:FIGS&interval=D,False,False,False
CART,Maplebear Inc.,NASDAQ,Air Freight/Couriers,43.19,45.33,47.47,48.4,47.49,45.34,43.29,42.63,45.03,46.54,43.78,42.6,4.1,4.06,1.75,4820342.8,3985254.2,172123129.0,192904901.0,0.56,-0.97,9998487248.355988,-16.17,353,-8.5,264,20.74,216,-1.31,-2.23,-9.01,1.77,0.67,33.6,0.237,11.26,False,False,False,True,False,False,True,True,False,True,False,True,False,False,False,False,2026-11-17,False,False,5,thin RVOL,ADR,5,https://www.tradingview.com/chart/?symbol=NASDAQ:CART&interval=D,False,False,False
AGIO,"Agios Pharmaceuticals, Inc.",NASDAQ,Pharmaceuticals: Major,32.58,33.42,33.56,33.65,33.94,33.18,32.02,30.87,33.46,33.58,33.33,32.54,4.23,4.26,1.39,1097406.9,934936.5,30460231.0,31459990.0,0.93,0.09,1945087386.067477,-3.72,213,-10.4,277,9.66,248,-1.49,-0.94,-2.93,0.7,0.57,2.9,0.073,9.41,False,False,False,True,True,True,True,True,True,True,False,True,False,False,False,False,2026-10-29,False,False,5,thin RVOL,"near21, ADR, BB",8,https://www.tradingview.com/chart/?symbol=NASDAQ:AGIO&interval=D,False,False,False
OWL,Blue Owl Capital Inc.,NYSE,Investment Managers,9.32,9.87,10.64,11.02,10.85,10.23,9.96,11.11,9.88,10.38,9.42,9.18,4.09,4.33,0.4,17834737.5,18084689.2,168549303.0,199208880.0,0.83,0.65,14530739839.01838,-20.82,398,10.82,158,5.31,261,-1.56,-3.25,-12.43,2.35,0.59,34.7,0.345,13.32,False,False,False,False,False,False,True,True,False,True,False,True,False,True,False,False,2026-10-29,False,False,5,below 200-MA,ADR,4,https://www.tradingview.com/chart/?symbol=NYSE:OWL&interval=D,False,False,False
AVAV,"AeroVironment, Inc.",NASDAQ,Aerospace & Defense,152.05,157.38,151.74,155.68,158.68,163.44,177.61,203.93,155.61,155.5,161.65,152.03,6.21,6.08,9.24,1708030.8,1934797.3666666667,294185940.0,301211511.0,0.63,0.38,7727287827.23242,3.79,152,12.03,152,-20.86,365,-1.68,-0.69,0.2,0.37,1.04,0.2,0.166,34.32,False,False,False,False,True,True,False,False,False,True,True,True,False,False,False,False,2026-12-08,False,False,4,"thin RVOL, below 200-MA",near21,4,https://www.tradingview.com/chart/?symbol=NASDAQ:AVAV&interval=D,False,False,False
QBTS,D-Wave Quantum Inc.,NASDAQ,Computer Processing Hardware,17.41,17.13,17.01,17.79,18.21,20.82,19.75,21.06,17.25,17.45,18.0,17.23,5.56,6.37,1.11,16823895.1,15942223.866666667,277554118.0,283590906.0,0.87,-0.17,6609299402.806636,-7.05,252,-18.26,329,19.99,219,-1.77,-0.69,2.37,0.04,0.69,16.2,0.105,23.27,False,False,False,False,True,True,True,False,False,True,False,True,False,False,False,False,2026-11-05,False,False,4,"thin RVOL, below 200-MA",near21,5,https://www.tradingview.com/chart/?symbol=NASDAQ:QBTS&interval=D,False,False,False
STEP,StepStone Group Inc.,NASDAQ,Investment Managers,44.36,46.95,48.65,48.93,47.56,47.38,47.74,52.39,46.39,47.58,44.78,43.73,4.59,4.81,2.13,1236520.8,1026611.1333333333,45540470.0,50229687.0,0.69,1.08,5353217027.723536,-11.0,301,8.91,166,-3.52,287,-1.87,-1.4,-8.82,1.41,0.49,29.5,0.199,12.27,False,False,False,False,False,True,True,True,False,True,False,True,False,False,False,False,2026-11-05,False,False,4,"thin RVOL, below 200-MA","near21, ADR",5,https://www.tradingview.com/chart/?symbol=NASDAQ:STEP&interval=D,False,False,False
CVNA,Carvana Co.,NYSE,Specialty Stores,65.06,65.99,69.47,70.27,68.88,68.76,68.44,72.68,66.27,68.07,65.48,63.4,4.28,4.73,3.08,7459472.5,7554437.733333333,491491719.0,530827676.0,0.55,-0.14,71596175029.72858,-14.24,334,-0.67,215,8.89,250,-2.0,-1.17,-6.34,0.93,0.68,53.9,0.226,10.29,False,False,False,False,False,True,True,True,False,True,False,True,False,True,False,False,2026-10-29,False,False,5,below 200-MA,"near21, ADR",5,https://www.tradingview.com/chart/?symbol=NYSE:CVNA&interval=D,False,False,False
BSP,Bending Spoons S.p.A.,NASDAQ,Packaged Software,33.25,37.19,38.74,39.54,39.15,,,,36.34,38.02,33.61,31.59,7.04,8.23,2.73,2958716.7,1829554.3666666667,60832683.0,72345458.0,1.22,0.0,21121041988.567074,-21.49,403,7.26,173,7.26,252,-2.32,-1.83,-14.17,1.53,0.74,60.7,0.278,5.89,False,False,False,False,False,False,True,False,False,False,False,False,False,True,True,False,2026-12-02,False,False,4,"LoD>60% ATR, below 200-MA",RVOL,2,https://www.tradingview.com/chart/?symbol=NASDAQ:BSP&interval=D,False,False,False
PBLS,"Parabilis Medicines, Inc.",NASDAQ,Pharmaceuticals: Major,31.2,36.34,37.7,38.14,36.17,,,,35.59,36.7,32.32,29.57,9.96,9.57,2.99,1804937.9,881417.9333333333,27500240.0,33616105.0,0.65,-0.46,3854237357.2405295,-20.35,394,19.77,119,-6.45,297,-2.34,-1.43,-17.25,1.57,0.92,54.6,0.3,4.92,False,False,False,False,False,False,True,False,False,False,False,True,False,False,False,True,2026-12-02,False,False,4,"thin RVOL, below 200-MA",,4,https://www.tradingview.com/chart/?symbol=NASDAQ:PBLS&interval=D,False,False,False
GLW,Corning Incorporated,NYSE,Electronic Components,156.74,151.33,153.25,153.87,152.78,172.49,164.77,148.85,154.45,154.22,157.72,154.2,4.16,5.18,8.12,8972880.5,8799813.433333334,1379282758.0,1354021426.0,0.63,1.2,135013997684.34085,6.63,122,-30.16,397,15.75,234,-2.59,0.5,2.28,0.32,0.43,31.3,0.21,15.08,False,True,True,True,True,True,True,True,False,True,False,True,False,True,False,False,2026-11-03,False,False,6,,"EMA, near21, ADR",9,https://www.tradingview.com/chart/?symbol=NYSE:GLW&interval=D,False,False,False
KD,"Kyndryl Holdings, Inc.",NYSE,Data Processing Services,11.6,12.44,12.77,12.75,12.92,12.39,12.6,15.28,12.25,12.56,11.96,11.56,4.88,5.11,0.59,3946442.4,3659217.4,42446922.0,46657461.0,1.04,-0.17,2526691857.1039176,-9.38,289,8.41,168,-8.01,309,-2.99,-2.0,-9.15,1.5,0.67,6.7,0.18,24.94,False,False,False,False,False,True,True,True,False,True,False,True,False,False,False,False,2026-11-10,False,False,4,"thin RVOL, below 200-MA","near21, ADR",5,https://www.tradingview.com/chart/?symbol=NYSE:KD&interval=D,False,False,False
TMDX,"TransMedics Group, Inc.",NASDAQ,Medical Specialties,85.29,86.61,86.24,88.11,84.36,77.78,90.72,101.16,86.24,86.45,85.69,81.8,4.73,4.85,4.14,776140.0,698656.0,59588370.0,61556251.0,0.84,-0.48,2957443102.309773,-7.55,261,14.48,140,-16.13,341,-3.07,0.23,-1.1,0.28,0.94,84.4,0.093,27.41,False,False,False,False,True,True,True,False,True,True,False,False,False,False,False,False,2026-11-04,False,False,3,"LoD>60% ATR, thin RVOL, below 200-MA","near21, BB",5,https://www.tradingview.com/chart/?symbol=NASDAQ:TMDX&interval=D,False,False,False
CRML,Critical Metals Corp.,NASDAQ,Precious Metals,7.83,7.45,7.26,7.15,6.81,8.56,8.94,9.64,7.67,7.38,8.23,7.75,7.07,9.31,0.73,15022197.0,10190045.566666666,79788057.0,72848636.0,0.53,-1.96,1150138909.1456547,-1.94,198,-14.33,305,6.82,253,-3.15,1.62,7.84,0.65,0.66,11.0,0.408,36.15,False,True,True,False,False,True,True,False,False,True,False,True,False,False,False,False,2027-03-03,False,False,4,"thin RVOL, below 200-MA","EMA, near21",6,https://www.tradingview.com/chart/?symbol=NASDAQ:CRML&interval=D,False,False,False
MOS,Mosaic Company (The),NYSE,Chemicals: Agricultural,23.01,24.5,24.9,24.27,23.61,22.88,23.85,24.57,24.29,24.4,23.7,22.66,4.46,4.72,1.09,8749208.2,8362985.033333333,192432286.0,202983585.0,1.07,0.04,7314779311.0447445,-7.37,259,5.84,183,-7.96,308,-3.16,-0.54,-7.59,1.21,0.96,32.2,0.143,8.76,False,False,False,False,False,True,True,False,False,True,False,True,False,False,False,False,2026-11-10,False,False,4,"thin RVOL, below 200-MA",near21,4,https://www.tradingview.com/chart/?symbol=NYSE:MOS&interval=D,False,False,False
GLOB,Globant S.A.,NYSE,Information Technology Services,34.5,36.69,37.69,38.07,37.12,36.35,39.55,45.66,36.0,36.96,35.23,34.14,4.66,5.37,1.85,963697.4,1331066.4333333333,45921792.0,50679467.0,0.46,-0.66,1489694690.4392765,-12.12,311,24.41,103,-22.26,372,-3.32,-1.31,-8.47,1.24,0.59,19.4,0.229,26.99,False,False,False,False,False,True,True,True,False,True,False,True,False,False,False,False,2026-11-12,False,False,4,"thin RVOL, below 200-MA","near21, ADR",5,https://www.tradingview.com/chart/?symbol=NYSE:GLOB&interval=D,False,False,False
COMP,"Compass, Inc.",NYSE,Real Estate Development,9.38,9.95,10.31,10.87,11.31,10.43,9.65,10.13,9.84,10.34,9.61,9.3,5.15,5.68,0.53,18071014.0,12926030.9,121246170.0,140566277.0,0.77,0.65,7200506785.194835,-19.69,389,-14.73,308,24.07,202,-3.45,-3.01,-9.03,1.63,0.59,15.9,0.214,17.74,False,False,False,False,False,False,True,True,False,True,False,True,False,False,False,False,2026-11-11,False,False,4,"thin RVOL, below 200-MA",ADR,4,https://www.tradingview.com/chart/?symbol=NYSE:COMP&interval=D,False,False,False
STRL,"Sterling Infrastructure, Inc.",NASDAQ,Engineering & Construction,512.29,500.62,490.01,503.13,539.1,673.83,596.02,534.61,505.82,506.22,520.5,504.58,4.14,5.38,27.58,590383.3,556323.8333333334,284999137.0,279903952.0,0.63,1.32,15670191065.550804,5.51,132,-39.24,425,23.17,206,-3.52,-0.92,4.55,0.22,0.58,28.0,0.179,35.88,False,False,False,False,False,True,True,False,False,True,False,True,False,True,False,False,2026-11-09,False,False,5,below 200-MA,near21,4,https://www.tradingview.com/chart/?symbol=NASDAQ:STRL&interval=D,False,False,False
INSM,Insmed Incorporated,NASDAQ,Pharmaceuticals: Major,117.83,121.13,123.16,123.96,119.23,113.09,124.33,135.12,121.14,122.09,122.9,115.87,4.57,4.31,5.08,2249209.6,1965621.7333333334,231609209.0,243661746.0,1.24,0.26,25731892819.69914,-4.12,217,12.1,151,-20.37,361,-4.13,-0.27,-4.33,0.81,1.38,38.6,0.113,18.69,False,False,False,False,False,True,False,False,False,True,True,True,False,True,True,False,2026-10-22,False,False,5,below 200-MA,"near21, RVOL",3,https://www.tradingview.com/chart/?symbol=NASDAQ:INSM&interval=D,False,False,False
KVYO,"Klaviyo, Inc. Series A",NYSE,Packaged Software,15.8,16.23,17.4,17.66,17.72,16.6,17.41,19.55,16.33,16.9,16.5,15.77,5.46,6.33,1.0,6852720.5,6031175.166666667,95292568.0,106482408.0,0.53,-0.68,4498693583.972688,-9.92,295,12.46,148,-15.01,339,-4.16,-1.71,-9.19,1.03,0.73,3.0,0.399,21.01,False,False,False,False,False,True,True,False,False,True,False,True,False,False,False,False,2026-11-11,False,False,4,"thin RVOL, below 200-MA",near21,4,https://www.tradingview.com/chart/?symbol=NYSE:KVYO&interval=D,False,False,False
CF,"CF Industries Holdings, Inc.",NYSE,Chemicals: Agricultural,114.67,125.79,130.02,127.95,125.34,120.05,120.09,111.56,123.71,126.31,117.98,114.38,4.17,4.41,5.06,2637041.400000006,2627671.0666666827,301315041.0,336201754.0,0.86,-0.52,17353942521.694363,-9.03,284,9.2,163,-13.83,333,-4.55,-1.93,-11.8,2.09,0.71,5.7,0.215,16.1,False,False,False,True,False,False,True,False,False,False,False,True,False,True,False,False,2026-11-04,False,False,6,,,4,https://www.tradingview.com/chart/?symbol=NYSE:CF&interval=D,False,False,False
MMYT,MakeMyTrip Limited,NASDAQ,Internet Software/Services,46.75,47.88,51.24,54.17,55.32,51.82,49.89,55.35,48.3,50.8,47.51,46.1,4.27,4.4,2.06,922401.0,640393.6333333333,29938402.0,34687562.0,0.98,0.58,4397242253.061661,-22.36,409,-9.71,273,17.4,228,-4.89,-3.52,-8.76,1.81,0.69,31.6,0.336,15.97,False,False,False,False,False,False,True,True,False,True,False,True,False,False,False,False,2026-11-03,False,False,4,"thin RVOL, below 200-MA",ADR,4,https://www.tradingview.com/chart/?symbol=NASDAQ:MMYT&interval=D,False,False,False
HLNE,Hamilton Lane Incorporated,NASDAQ,Investment Managers,86.21,88.84,95.38,98.41,96.18,89.73,93.14,104.28,89.18,93.05,87.09,85.43,4.24,4.34,3.74,717888.7,589100.7666666667,50786377.0,57973996.0,1.13,0.9,4757551826.6208105,-18.91,378,12.94,147,-10.48,320,-5.48,-2.39,-9.62,1.69,0.44,20.8,0.313,17.9,False,False,False,False,False,False,True,True,False,True,False,True,False,False,False,False,2026-11-10,False,False,4,"thin RVOL, below 200-MA",ADR,4,https://www.tradingview.com/chart/?symbol=NASDAQ:HLNE&interval=D,False,False,False
DKNG,DraftKings Inc.,NASDAQ,Movies/Entertainment,22.02,22.63,23.39,24.02,23.97,24.85,24.38,26.11,22.38,23.14,22.12,20.35,5.13,5.35,1.18,15243216.9,11212967.866666667,246909552.0,269290636.0,1.42,-2.07,10931918879.283497,-13.92,330,-7.09,251,4.46,263,-5.52,-1.52,-5.84,0.9,1.51,141.7,0.216,15.78,False,False,False,False,False,True,False,False,False,True,True,False,False,True,True,False,2026-10-30,False,True,3,"LoD>60% ATR, below 200-MA, large gap","near21, RVOL",2,https://www.tradingview.com/chart/?symbol=NASDAQ:DKNG&interval=D,False,False,False
PINS,"Pinterest, Inc.",NYSE,Internet Software/Services,18.9,18.78,19.63,20.87,21.94,21.45,20.59,21.42,18.94,19.76,19.03,18.63,4.13,4.28,0.81,16875763.0,13189184.733333332,249275591.0,275315439.0,0.51,0.05,10703315629.326923,-19.81,391,-3.23,230,6.24,256,-5.6,-3.24,-3.74,1.02,0.49,33.4,0.274,16.68,False,False,False,False,False,True,True,True,False,True,False,True,False,True,False,False,2026-11-04,False,False,5,below 200-MA,"near21, ADR",5,https://www.tradingview.com/chart/?symbol=NYSE:PINS&interval=D,False,False,False
VAL,Valaris Limited,NYSE,Contract Drilling,80.99,82.97,84.97,85.42,82.84,85.39,88.72,81.67,82.91,83.8,81.94,79.64,4.18,4.1,3.32,1352337.1,1187696.5333333334,96191542.0,101453830.0,0.51,-0.37,5623606013.3562765,-3.95,215,5.99,181,-20.21,360,-6.06,-0.55,-4.68,0.82,0.69,40.5,0.14,8.7,False,False,False,False,False,True,True,True,False,True,False,True,False,False,False,False,2026-11-03,False,False,4,"thin RVOL, below 200-MA","near21, ADR",5,https://www.tradingview.com/chart/?symbol=NYSE:VAL&interval=D,False,False,False
ORCL,Oracle Corporation,NYSE,Packaged Software,137.1,144.55,148.63,147.77,142.25,161.04,159.4,164.54,144.71,146.39,140.88,136.92,4.71,5.18,7.09,33172744.7,28875449.4,3958824113.0,4266848157.0,0.61,-0.7,414554197168.06506,-6.73,246,-8.76,267,-2.72,283,-6.07,-0.7,-7.76,1.23,0.56,2.5,0.184,16.26,False,False,False,False,False,True,True,True,False,True,False,True,False,True,False,False,2026-12-14,False,False,5,below 200-MA,"near21, ADR",5,https://www.tradingview.com/chart/?symbol=NYSE:ORCL&interval=D,False,False,False
GNRC,Generac Holdings Inc.,NYSE,Electrical Products,208.14,195.85,190.28,196.35,201.17,232.16,225.94,211.41,198.71,196.92,208.9,199.84,4.13,5.12,10.66,2087351.9,1303212.8333333333,271250719.0,255886274.0,0.58,1.0,12293567480.557232,2.53,164,-27.22,376,6.28,255,-6.14,0.68,9.39,1.11,0.85,77.9,0.237,20.12,False,True,True,False,False,True,True,False,False,True,False,False,False,True,False,False,2026-11-04,False,False,4,"LoD>60% ATR, below 200-MA","EMA, near21",5,https://www.tradingview.com/chart/?symbol=NYSE:GNRC&interval=D,False,False,False
GEN,Gen Digital Inc.,NASDAQ,Packaged Software,21.62,27.99,29.22,29.04,28.44,26.54,24.44,24.75,26.72,28.09,22.98,21.36,5.7,5.94,1.28,13350787.0,8073144.266666667,174541379.0,234409126.0,2.76,-0.69,12941451550.083225,-25.16,422,-8.08,261,14.76,236,-6.16,-4.03,-26.0,3.88,1.26,20.2,0.36,22.09,False,False,False,False,False,False,False,False,False,False,True,True,True,True,True,False,2026-11-10,False,False,5,below 200-MA,RVOL,2,https://www.tradingview.com/chart/?symbol=NASDAQ:GEN&interval=D,False,False,False
VG,"Venture Global, Inc.",NYSE,Oil & Gas Pipelines,12.62,13.93,14.41,14.32,14.01,13.18,13.15,11.89,13.68,14.03,13.08,12.6,5.2,5.5,0.69,15896340.9,14417895.4,181953840.0,206507516.0,0.89,-1.7,31551170818.353737,-8.42,273,17.07,134,-27.53,390,-6.29,-1.81,-12.43,1.83,0.7,2.9,0.241,20.0,False,False,False,True,False,False,True,True,False,True,False,True,False,True,False,False,2026-11-16,False,False,6,,ADR,5,https://www.tradingview.com/chart/?symbol=NYSE:VG&interval=D,False,False,False
MRCY,Mercury Systems Inc,NASDAQ,Aerospace & Defense,82.18,84.44,83.9,88.4,94.38,100.12,93.8,91.65,83.88,86.12,84.34,81.78,4.18,4.69,3.85,717211.5,824121.9,67726338.0,72848667.0,0.61,0.74,5001769716.280854,-6.34,242,-22.01,351,9.38,249,-6.32,-2.76,-2.05,0.98,0.67,10.5,0.115,19.74,False,False,False,False,True,True,True,True,False,True,False,True,False,False,False,False,2026-11-10,False,False,4,"thin RVOL, below 200-MA","near21, ADR",6,https://www.tradingview.com/chart/?symbol=NASDAQ:MRCY&interval=D,False,False,False
NG,Novagold Resources Inc.,AMEX,Precious Metals,7.13,7.28,7.69,8.01,7.37,7.39,8.22,8.67,7.38,7.57,7.26,6.95,5.27,6.3,0.45,6510250.6,5662247.5,40371825.0,45369702.0,0.52,0.7,3128505902.684874,-25.34,426,14.81,139,-8.47,313,-6.33,-0.52,-7.33,0.92,0.69,40.0,0.264,19.43,False,False,False,False,False,True,True,False,False,True,False,True,False,False,False,False,2026-10-08,False,False,4,"thin RVOL, below 200-MA",near21,4,https://www.tradingview.com/chart/?symbol=AMEX:NG&interval=D,False,False,False
VRT,"Vertiv Holdings, LLC",NYSE,Electronic Production Equipment,253.28,245.4,254.54,259.36,265.95,294.48,288.84,262.76,250.1,254.54,254.5,248.0,4.34,5.01,12.68,5517029.0,5025363.733333333,1272824126.0,1303396764.0,0.74,1.58,97509809900.01729,-1.3,195,-19.34,336,1.33,271,-6.44,-0.95,-0.49,0.1,0.51,41.6,0.211,19.38,False,False,False,False,True,True,True,True,False,True,False,True,False,True,False,False,2026-10-28,False,False,5,below 200-MA,"near21, ADR",6,https://www.tradingview.com/chart/?symbol=NYSE:VRT&interval=D,False,False,False
CPRI,Capri Holdings Limited,NYSE,Apparel/Footwear Retail,15.1,14.79,13.97,13.98,14.72,16.69,17.52,19.1,14.74,14.45,15.47,15.08,4.9,4.85,0.73,7326022.2,5445676.533333333,82229716.0,76148710.0,0.34,0.72,1716139398.578012,12.52,80,-19.55,338,-13.52,329,-6.85,0.53,8.05,0.93,0.53,2.0,0.261,33.94,False,True,True,False,False,True,True,True,False,True,False,True,False,False,False,False,2026-11-05,False,False,4,"thin RVOL, below 200-MA","EMA, near21, ADR",7,https://www.tradingview.com/chart/?symbol=NYSE:CPRI&interval=D,False,False,False
DPC,DPC Holdings PLC,NYSE,Electrical Products,41.03,40.68,41.42,43.18,45.56,,,,41.2,42.14,42.28,40.72,6.25,6.75,2.77,1018075.3,1118456.3666666667,45890265.0,48293827.0,0.86,0.24,6129595659.43106,-7.8,265,-6.2,246,-6.75,301,-6.91,-1.47,-0.93,0.39,0.57,11.4,0.132,11.88,False,False,False,False,True,True,True,True,False,True,False,True,False,False,False,False,2026-12-02,False,False,4,"thin RVOL, below 200-MA","near21, ADR",6,https://www.tradingview.com/chart/?symbol=NYSE:DPC&interval=D,False,False,False
ONDS,Ondas Inc,NASDAQ,Telecommunications Equipment,7.64,7.42,7.45,7.86,8.0,8.64,9.11,9.47,7.51,7.62,7.88,7.59,4.65,5.77,0.44,72325943.4,65563723.1,500906844.0,515276227.0,1.02,1.64,4448702370.44737,-5.68,234,1.66,201,-18.29,347,-7.43,-0.78,2.53,0.04,0.66,11.3,0.117,26.89,False,False,False,False,True,True,True,False,False,True,False,True,False,False,False,False,2026-11-16,False,False,4,"thin RVOL, below 200-MA",near21,5,https://www.tradingview.com/chart/?symbol=NASDAQ:ONDS&interval=D,False,False,False
ASND,Ascendis Pharma A/S,NASDAQ,Pharmaceuticals: Major,225.6,238.27,250.93,251.19,251.33,246.43,241.36,235.07,237.35,244.88,230.43,224.26,4.55,4.35,9.81,1147280.7,730818.7,164872699.0,183571548.0,0.37,-0.25,14072216342.013004,-10.77,300,-13.83,302,2.23,268,-7.46,-2.35,-10.09,1.81,0.63,13.6,0.249,7.21,False,False,False,False,False,False,True,True,False,True,False,True,False,True,False,False,2026-11-11,False,False,5,below 200-MA,ADR,4,https://www.tradingview.com/chart/?symbol=NASDAQ:ASND&interval=D,False,False,False
RIG,Transocean Ltd (Switzerland),NYSE,Contract Drilling,5.38,5.54,5.7,5.74,5.56,5.73,5.97,5.65,5.53,5.61,5.44,5.29,4.3,4.24,0.23,46975671.2,41712176.43333333,224411509.0,239233236.0,0.8,-0.92,6008814893.414364,-5.28,230,4.47,190,-21.57,368,-7.46,-0.76,-5.6,0.97,0.66,39.5,0.154,7.81,False,False,False,False,False,True,True,True,False,True,False,True,False,False,False,False,2026-11-04,False,False,4,"thin RVOL, below 200-MA","near21, ADR",5,https://www.tradingview.com/chart/?symbol=NYSE:RIG&interval=D,False,False,False
COCO,"The Vita Coco Company, Inc.",NASDAQ,Food: Specialty/Candy,58.59,57.18,56.3,58.93,62.32,68.76,63.62,61.3,57.5,57.95,59.78,57.69,4.32,4.45,2.61,1761604.1,1274845.9666666666,74693225.0,75121786.0,0.46,0.0,3362895005.723677,-8.01,269,-29.85,394,14.3,239,-7.85,-1.34,4.06,0.25,0.8,34.5,0.195,21.26,False,False,False,False,False,True,True,False,False,True,False,True,False,False,False,False,2026-11-04,False,False,4,"thin RVOL, below 200-MA",near21,4,https://www.tradingview.com/chart/?symbol=NASDAQ:COCO&interval=D,False,False,False
VRDN,"Viridian Therapeutics, Inc.",NASDAQ,Pharmaceuticals: Major,20.47,21.67,22.2,22.77,21.85,19.66,20.38,23.14,21.53,21.97,21.0,20.16,4.64,4.43,0.91,2119572.0,1516770.3666666667,31048289.0,34534333.0,1.04,0.44,2319092685.455953,-15.27,347,17.71,130,-26.53,382,-8.03,-1.43,-7.8,1.54,0.94,34.7,0.143,17.01,False,False,False,False,False,False,True,False,False,False,False,True,False,False,False,False,2026-11-16,False,False,4,"thin RVOL, below 200-MA",,3,https://www.tradingview.com/chart/?symbol=NASDAQ:VRDN&interval=D,False,False,False
CORZ,"Core Scientific, Inc.",NASDAQ,Packaged Software,17.34,17.57,17.47,17.79,19.26,22.31,20.73,19.8,17.78,17.92,18.43,17.29,5.59,6.46,1.12,11614928.3,11269692.266666668,195416464.0,200506608.0,0.76,0.99,5572043202.996689,-2.42,201,-34.28,414,11.15,246,-8.51,-1.54,-0.72,0.5,1.02,4.5,0.189,27.95,False,False,False,False,True,True,False,False,False,True,True,True,False,False,False,False,2026-11-11,False,False,4,"thin RVOL, below 200-MA",near21,4,https://www.tradingview.com/chart/?symbol=NASDAQ:CORZ&interval=D,False,False,False
AIR,AAR Corp.,NYSE,Aerospace & Defense,116.11,116.83,121.83,127.85,132.7,128.03,122.97,116.77,118.65,122.6,122.0,115.92,4.12,4.35,5.05,515843.8,424207.0333333333,49254679.0,54233597.0,0.77,0.12,4674453661.611646,-15.65,351,-15.67,315,5.62,260,-8.57,-2.88,-4.69,1.22,1.2,3.8,0.189,13.72,False,False,False,False,False,True,False,False,False,True,True,True,False,False,False,False,2026-09-29,True,False,3,"thin RVOL, earnings soon, below 200-MA",near21,2,https://www.tradingview.com/chart/?symbol=NYSE:AIR&interval=D,False,False,False
GPK,Graphic Packaging Holding Company,NYSE,Containers/Packaging,9.38,9.52,9.96,10.44,10.82,10.68,10.47,11.51,9.58,9.95,9.44,9.24,4.11,4.41,0.41,7468990.2,5784111.733333333,54254968.0,60388055.0,0.55,0.64,2777151312.7408996,-17.94,369,-13.23,296,2.51,267,-9.55,-3.03,-5.82,1.31,0.48,33.9,0.28,21.19,False,False,False,False,False,True,True,True,False,True,False,True,False,False,False,False,2026-11-03,False,False,4,"thin RVOL, below 200-MA","near21, ADR",5,https://www.tradingview.com/chart/?symbol=NYSE:GPK&interval=D,False,False,False
ERAS,"Erasca, Inc.",NASDAQ,Pharmaceuticals: Major,14.25,15.12,15.83,16.6,17.39,15.76,15.72,13.7,15.02,15.78,14.89,14.23,7.45,7.68,1.09,5220607.0,4290214.933333334,61135563.0,71232584.0,0.62,0.69,4984108998.5537195,-18.9,377,-4.49,237,-5.75,295,-9.71,-2.35,-9.97,1.26,0.6,1.8,0.26,25.85,False,False,False,True,False,True,True,True,False,True,False,True,False,False,False,False,2026-11-11,False,False,5,thin RVOL,"near21, ADR",6,https://www.tradingview.com/chart/?symbol=NASDAQ:ERAS&interval=D,False,False,False
VSEC,VSE Corporation,NASDAQ,Engineering & Construction,180.77,180.37,191.09,202.86,205.21,200.43,199.63,198.61,183.17,191.1,185.27,179.31,4.42,4.96,8.96,468266.8,354284.36666666664,64043985.0,71868473.0,0.55,0.68,5073305042.8593445,-18.06,370,-17.99,325,5.66,259,-10.13,-2.4,-5.4,1.09,0.67,16.3,0.252,13.74,False,False,False,False,False,True,True,True,False,True,False,True,False,False,False,False,2026-10-28,False,False,4,"thin RVOL, below 200-MA","near21, ADR",5,https://www.tradingview.com/chart/?symbol=NASDAQ:VSEC&interval=D,False,False,False
BTU,Peabody Energy Corporation,NYSE,Coal,25.44,26.32,27.64,27.43,25.68,25.35,27.52,28.95,26.4,26.77,25.7,25.14,4.52,5.02,1.28,3087070.4,2448823.966666667,62298082.0,67171241.0,0.45,-0.47,3101136075.28972,-6.19,239,8.95,165,-33.42,405,-10.22,-0.18,-7.97,0.99,0.44,23.5,0.219,14.14,False,False,False,False,False,True,True,True,False,True,False,True,False,False,False,False,2026-10-29,False,False,4,"thin RVOL, below 200-MA","near21, ADR",5,https://www.tradingview.com/chart/?symbol=NYSE:BTU&interval=D,False,False,False
MOD,Modine Manufacturing Company,NYSE,Industrial Machinery,198.07,189.75,187.11,190.09,198.64,232.95,230.39,213.0,192.26,191.31,201.99,195.27,4.27,5.19,10.27,1239667.1,1263679.4333333333,250296985.0,240209875.0,1.09,0.7,10520033361.936075,4.71,141,-28.01,381,-7.54,306,-10.28,-0.06,5.86,0.68,0.65,27.3,0.15,23.15,False,False,True,False,False,True,True,False,False,True,False,True,False,True,False,False,2026-11-03,False,False,5,below 200-MA,"EMA, near21",5,https://www.tradingview.com/chart/?symbol=NYSE:MOD&interval=D,False,False,False
AESI,Atlas Energy Solutions Inc.,NYSE,Oilfield Services/Equipment,12.47,12.76,13.12,12.93,12.51,14.74,14.18,13.33,12.54,12.79,13.34,12.25,6.02,7.06,0.88,3982899.4,3367461.033333333,41992239.0,43548006.0,4.06,11.92,1558793065.1847134,4.7,142,-23.92,359,-11.81,325,-10.34,-0.04,-4.97,0.35,1.24,25.0,0.259,17.86,False,False,False,False,False,True,False,False,False,True,True,True,True,True,True,False,2026-11-02,False,True,4,"below 200-MA, large gap","near21, RVOL",3,https://www.tradingview.com/chart/?symbol=NYSE:AESI&interval=D,False,False,False
AAOI,"Applied Optoelectronics, Inc.",NASDAQ,Semiconductors,101.4,101.02,103.23,110.84,111.7,136.53,129.85,107.01,102.75,105.6,105.03,99.97,5.97,8.07,8.18,7124790.6,8097053.433333334,821041218.0,897469305.0,0.78,0.67,8609497514.235376,-8.31,272,-23.0,354,0.2,274,-10.37,-1.14,-1.78,0.49,0.62,17.5,0.17,35.02,False,False,False,False,True,True,True,False,False,True,False,True,False,False,False,False,2026-11-05,False,False,4,"thin RVOL, below 200-MA",near21,5,https://www.tradingview.com/chart/?symbol=NASDAQ:AAOI&interval=D,False,False,False
MIRM,"Mirum Pharmaceuticals, Inc.",NASDAQ,Pharmaceuticals: Major,89.7,93.04,96.12,97.08,101.27,104.38,100.87,97.74,92.59,95.33,90.81,88.28,4.43,4.27,3.83,880848.0,614145.9333333333,55088890.0,59619854.0,0.9,0.6,5824418845.917636,-8.42,274,-23.01,355,0.31,273,-10.37,-2.68,-6.67,1.38,0.66,37.2,0.165,12.63,False,False,False,False,False,True,True,True,False,True,False,True,False,False,False,False,2026-11-17,False,False,4,"thin RVOL, below 200-MA","near21, ADR",5,https://www.tradingview.com/chart/?symbol=NASDAQ:MIRM&interval=D,False,False,False
EQPT,EquipmentShare.com Inc,NASDAQ,Internet Software/Services,17.35,17.81,17.98,18.37,18.68,19.73,20.99,,17.75,18.07,17.58,16.26,5.99,6.48,1.12,4503006.6,3012874.966666667,52273381.0,55354547.0,0.98,1.1,4403551750.860907,-6.06,237,-11.52,287,-13.81,332,-10.47,-1.1,-3.49,0.62,1.17,96.9,0.163,18.34,False,False,False,False,False,True,False,False,False,True,True,False,False,False,False,False,2026-12-02,False,False,3,"LoD>60% ATR, thin RVOL, below 200-MA",near21,2,https://www.tradingview.com/chart/?symbol=NASDAQ:EQPT&interval=D,False,False,False
ASTS,"AST SpaceMobile, Inc.",NASDAQ,Specialty Telecommunications,61.81,60.77,60.79,62.36,62.79,74.23,78.21,81.52,61.2,61.7,63.22,61.02,5.9,6.65,4.11,9698104.9,9514482.033333333,588090134.0,593326271.0,0.66,1.51,24054443446.291847,1.44,171,-4.43,235,-30.89,397,-11.3,-0.24,1.68,0.03,0.53,19.2,0.149,33.58,False,False,False,False,True,True,True,True,False,True,False,True,False,True,False,False,2026-11-16,False,False,5,below 200-MA,"near21, ADR",6,https://www.tradingview.com/chart/?symbol=NASDAQ:ASTS&interval=D,False,False,False
MIAX,"Miami International Holdings, Inc.",NYSE,Investment Banks/Brokers,34.9,37.68,40.04,40.97,42.24,43.3,42.84,42.88,37.5,39.34,35.89,34.53,4.54,4.74,1.66,1925395.2,1482702.4666666666,51746316.0,60742366.0,0.83,-0.2,3463158211.2149267,-20.9,399,-4.64,238,-8.37,312,-11.31,-3.66,-12.84,2.38,0.82,22.4,0.278,16.1,False,False,False,False,False,False,True,False,False,False,False,True,False,False,False,False,2026-11-11,False,False,4,"thin RVOL, below 200-MA",,3,https://www.tradingview.com/chart/?symbol=NYSE:MIAX&interval=D,False,False,False
AMR,"Alpha Metallurgical Resources, Inc.",NYSE,Coal,174.43,182.58,203.74,201.63,179.47,179.84,183.82,189.93,184.68,191.25,174.61,170.88,5.42,6.15,10.73,351094.9,359473.6666666667,62702992.0,72481155.0,0.49,-0.46,2211605700.2476015,-19.68,388,4.52,189,-19.13,353,-11.43,-0.46,-14.39,1.43,0.35,33.1,0.444,13.91,False,False,False,False,False,True,True,True,False,True,False,True,False,False,False,False,2026-10-30,False,False,4,"thin RVOL, below 200-MA","near21, ADR",5,https://www.tradingview.com/chart/?symbol=NYSE:AMR&interval=D,False,False,False
MP,MP Materials Corp.,NYSE,Other Metals/Minerals,48.83,49.35,51.63,53.81,50.92,55.11,56.11,56.99,49.89,51.16,49.76,48.13,4.41,5.45,2.66,5002246.9,5393428.533333333,263361115.0,290218592.0,0.75,0.0,8696700652.576065,-19.29,384,-9.76,274,-5.33,293,-11.46,-0.75,-5.43,0.83,0.61,26.2,0.206,15.65,False,False,False,False,False,True,True,False,False,True,False,True,False,False,False,False,2026-10-29,False,False,4,"thin RVOL, below 200-MA",near21,4,https://www.tradingview.com/chart/?symbol=NYSE:MP&interval=D,False,False,False
LAZ,"Lazard, Inc.",NYSE,Investment Banks/Brokers,36.72,36.95,40.03,41.3,42.06,43.36,43.97,45.96,37.49,39.26,37.29,36.31,5.16,4.8,1.76,2557295.7,1615149.3666666667,59308285.0,66713206.0,0.37,1.19,3578384793.767442,-15.64,350,-9.06,270,-9.93,318,-11.55,-2.65,-8.28,1.35,0.56,23.3,0.329,24.53,False,False,False,False,False,True,True,True,False,True,False,True,False,False,False,False,2026-10-22,False,False,4,"thin RVOL, below 200-MA","near21, ADR",5,https://www.tradingview.com/chart/?symbol=NYSE:LAZ&interval=D,False,False,False
NXST,"Nexstar Media Group, Inc.",NASDAQ,Broadcasting,162.1,164.47,169.64,175.05,180.39,180.94,192.42,197.68,165.1,169.58,162.32,159.32,4.36,4.07,6.61,436814.8,372231.8333333333,60338780.0,65160175.0,0.65,-0.21,4994025394.876493,-14.56,342,4.9,187,-25.56,379,-11.74,-2.49,-4.45,1.08,0.45,42.0,0.169,20.48,False,False,False,False,False,True,True,True,False,True,False,True,False,False,False,False,2026-11-05,False,False,4,"thin RVOL, below 200-MA","near21, ADR",5,https://www.tradingview.com/chart/?symbol=NASDAQ:NXST&interval=D,False,False,False
WULF,TeraWulf Inc.,NASDAQ,Data Processing Services,15.74,16.2,16.13,16.17,16.85,20.55,19.47,18.06,16.34,16.38,16.39,15.36,6.32,7.32,1.15,29810995.5,29653733.733333334,466749769.0,479402029.0,0.83,0.37,7853767605.647636,-2.24,200,-37.54,422,3.96,264,-11.94,-0.9,-2.4,0.53,0.89,33.0,0.235,28.1,False,False,False,False,True,True,True,False,False,True,False,True,False,False,False,False,2026-11-16,False,False,4,"thin RVOL, below 200-MA",near21,5,https://www.tradingview.com/chart/?symbol=NASDAQ:WULF&interval=D,False,False,False
AXON,"Axon Enterprise, Inc.",NASDAQ,Aerospace & Defense,430.11,453.9,486.95,529.78,538.39,501.83,485.57,500.51,457.68,486.91,449.68,429.56,4.62,5.81,24.98,1289735.9,921707.1333333333,396435455.0,488299240.0,0.69,-0.19,34941023059.78172,-29.37,440,-3.35,231,-3.35,285,-12.03,-3.46,-11.67,2.01,0.81,2.2,0.358,19.64,False,False,False,False,False,False,True,False,False,False,False,True,False,True,False,False,2026-11-10,False,False,5,below 200-MA,,3,https://www.tradingview.com/chart/?symbol=NASDAQ:AXON&interval=D,False,False,False
GRAB,Grab Holdings Limited,NASDAQ,Air Freight/Couriers,3.13,2.99,3.16,3.29,3.39,3.5,3.62,3.89,3.08,3.16,3.22,3.12,4.26,4.4,0.14,89001867.1,58218729.7,182224624.0,191665761.0,0.71,1.03,12766449791.048231,-12.81,315,-8.61,266,-14.95,338,-12.12,-1.76,-1.04,0.24,0.69,7.2,0.317,28.63,False,False,False,False,True,True,True,True,False,True,False,True,False,True,False,False,2026-11-17,False,False,5,below 200-MA,"near21, ADR",6,https://www.tradingview.com/chart/?symbol=NASDAQ:GRAB&interval=D,False,False,False
ALGT,Allegiant Travel Company,NASDAQ,Airlines,79.09,78.79,77.55,78.87,86.18,89.98,88.14,89.32,78.55,79.48,79.94,76.28,4.13,4.72,3.73,530261.9,525880.8333333334,41591915.0,41475082.0,0.84,1.62,2162142956.2844872,-4.74,221,-28.81,386,-3.55,288,-12.36,-1.74,1.98,0.1,0.98,75.3,0.104,15.71,False,False,False,False,True,True,True,False,False,True,False,False,False,False,False,False,2026-11-04,False,False,3,"LoD>60% ATR, thin RVOL, below 200-MA",near21,4,https://www.tradingview.com/chart/?symbol=NASDAQ:ALGT&interval=D,False,False,False
APLD,Applied Digital Corporation,NASDAQ,Data Processing Services,26.25,26.42,26.2,26.97,27.61,34.14,32.29,32.22,26.81,26.87,27.48,25.96,5.66,6.62,1.74,16762262.8,15623167.366666675,410108143.0,421341201.0,0.85,0.59,7651064149.528824,-7.86,268,-33.29,408,3.14,266,-12.67,-0.75,0.18,0.35,0.87,16.7,0.218,30.25,False,False,False,False,True,True,True,False,False,True,False,True,False,False,False,False,2026-10-14,False,False,4,"thin RVOL, below 200-MA",near21,5,https://www.tradingview.com/chart/?symbol=NASDAQ:APLD&interval=D,False,False,False
RH,RH,NYSE,Specialty Stores,124.17,126.67,135.1,142.94,157.78,153.48,148.44,160.89,127.89,135.61,125.75,121.55,5.38,5.78,7.18,819802.1,801544.3333333334,99527760.0,114575152.0,0.76,0.97,2350930384.5771103,-13.17,322,-20.57,343,-4.48,292,-12.74,-3.68,-8.09,1.46,0.58,36.5,0.285,27.56,False,False,False,False,False,True,True,True,False,True,False,True,False,False,False,False,2026-12-03,False,False,4,"thin RVOL, below 200-MA","near21, ADR",5,https://www.tradingview.com/chart/?symbol=NYSE:RH&interval=D,False,False,False
BBAI,"BigBear.ai, Inc.",NYSE,Packaged Software,2.8,2.83,2.89,2.97,2.97,3.47,3.57,4.06,2.84,2.9,2.85,2.76,4.12,4.71,0.13,15222036.9,15995209.966666667,44786588.0,47548427.0,0.68,1.43,1342584595.9999998,-8.5,277,-16.42,319,-13.85,335,-12.92,-1.22,-2.98,0.71,0.68,30.2,0.127,44.03,False,False,False,False,True,True,True,False,False,True,False,True,False,False,False,False,2026-11-11,False,False,4,"thin RVOL, below 200-MA",near21,5,https://www.tradingview.com/chart/?symbol=NYSE:BBAI&interval=D,False,False,False
LUNR,"Intuitive Machines, Inc.",NASDAQ,Aerospace & Defense,15.61,14.88,14.91,15.91,15.22,21.11,21.17,20.15,15.23,15.28,16.19,15.59,6.09,6.77,1.06,8260433.1,7961982.5,124286547.0,126667180.0,0.81,0.64,3573504587.5369425,-4.82,223,-15.94,316,-18.57,350,-13.11,0.38,4.68,0.32,0.56,1.5,0.184,40.25,False,True,False,False,False,True,True,True,False,True,False,True,False,False,False,False,2026-11-18,False,False,4,"thin RVOL, below 200-MA","near21, ADR",6,https://www.tradingview.com/chart/?symbol=NASDAQ:LUNR&interval=D,False,False,False
CIEN,Ciena Corporation,NYSE,Telecommunications Equipment,356.91,349.33,348.54,366.72,376.87,440.11,433.46,387.78,354.1,357.98,366.43,355.01,5.5,6.43,22.94,2778958.6,2480736.1333333333,885399533.0,909734728.0,0.57,1.28,50612882376.67947,-7.83,266,-23.46,357,-9.6,316,-13.63,-0.82,2.4,0.05,0.5,8.3,0.205,25.66,False,False,False,False,True,True,True,True,False,True,False,True,False,True,False,False,2026-12-10,False,False,5,below 200-MA,"near21, ADR",6,https://www.tradingview.com/chart/?symbol=NYSE:CIEN&interval=D,False,False,False
BBWI,"Bath & Body Works, Inc.",NYSE,Specialty Stores,16.45,17.03,17.85,18.28,18.97,19.26,19.44,19.99,17.13,17.71,16.93,16.33,4.26,5.09,0.84,6933548.9,6988448.766666667,114959982.0,127737196.0,0.82,-0.3,3317065189.895833,-9.91,294,-24.75,364,-6.59,299,-13.75,-2.61,-7.85,1.4,0.72,14.3,0.218,17.98,False,False,False,False,False,True,True,False,False,True,False,True,False,False,False,False,2026-11-18,False,False,4,"thin RVOL, below 200-MA",near21,4,https://www.tradingview.com/chart/?symbol=NYSE:BBWI&interval=D,False,False,False
AN,"AutoNation, Inc.",NYSE,Specialty Stores,166.98,178.1,192.06,194.66,201.03,196.59,196.47,199.98,176.04,186.3,169.05,162.01,4.74,4.45,7.43,758568.1,514708.4666666667,85946020.0,100193493.0,0.61,0.03,5520493411.159188,-15.04,345,-12.8,292,-13.76,331,-13.87,-3.81,-13.06,2.33,0.95,66.9,0.376,13.73,False,False,False,False,False,False,True,False,False,False,False,False,False,False,False,False,2026-10-22,False,False,3,"LoD>60% ATR, thin RVOL, below 200-MA",,2,https://www.tradingview.com/chart/?symbol=NYSE:AN&interval=D,False,False,False
CRI,"Carter's, Inc.",NYSE,Apparel/Footwear Retail,31.31,30.09,31.15,32.74,35.25,37.03,36.72,36.38,30.59,31.63,31.33,30.27,4.03,4.19,1.31,1641149.2,1491198.1666666667,46689415.0,48816857.0,0.74,0.43,1149427225.0099142,-7.04,251,-26.78,372,-8.07,310,-13.96,-2.67,0.53,0.24,0.81,79.2,0.18,22.16,False,False,False,False,True,True,True,False,False,True,False,False,False,False,False,False,2026-10-23,False,False,3,"LoD>60% ATR, thin RVOL, below 200-MA",near21,4,https://www.tradingview.com/chart/?symbol=NYSE:CRI&interval=D,False,False,False
RKT,"Rocket Companies, Inc.",NYSE,Finance/Rental/Leasing,12.17,12.58,13.07,13.46,13.57,13.85,14.32,15.75,12.53,12.97,12.29,11.89,4.29,5.0,0.61,42946203.6,28977420.333333332,352655205.0,390084373.0,0.75,0.42,34461088310.97485,-13.63,328,-17.38,324,-11.68,324,-14.23,-2.06,-6.9,1.23,0.66,46.0,0.199,26.02,False,False,False,False,False,True,True,False,False,True,False,True,False,True,False,False,2026-10-29,False,False,5,below 200-MA,near21,4,https://www.tradingview.com/chart/?symbol=NYSE:RKT&interval=D,False,False,False
WEN,Wendy's Company (The),NASDAQ,Restaurants,6.55,6.91,7.42,7.85,7.76,7.58,7.42,7.6,6.9,7.29,6.63,6.43,4.02,4.85,0.32,6198009.4,6739503.466666667,44143748.0,52932060.0,0.82,-0.08,1248888110.3228285,-27.62,436,-9.78,275,-5.76,296,-14.39,-3.23,-11.7,2.1,0.63,37.8,0.327,12.98,False,False,False,False,False,False,True,False,False,False,False,True,False,False,False,False,2026-11-11,False,False,4,"thin RVOL, below 200-MA",,3,https://www.tradingview.com/chart/?symbol=NASDAQ:WEN&interval=D,False,False,False
NN,NextNav Inc.,NASDAQ,Packaged Software,14.38,14.84,15.09,15.86,15.28,17.32,17.36,16.98,14.82,15.16,14.75,14.28,6.24,6.79,0.98,2391583.3,2309796.6666666665,33214876.0,36629910.0,1.11,-0.14,2427486416.733564,-8.58,279,-12.85,293,-22.5,373,-14.64,-0.87,-4.7,0.76,0.48,10.2,0.124,17.48,False,False,False,False,False,True,True,True,False,True,False,True,False,False,False,False,2026-11-05,False,False,4,"thin RVOL, below 200-MA","near21, ADR",5,https://www.tradingview.com/chart/?symbol=NASDAQ:NN&interval=D,False,False,False
PLUG,"Plug Power, Inc.",NASDAQ,Electronic Production Equipment,1.98,2.05,2.1,2.14,2.14,2.61,2.58,2.47,2.05,2.09,2.03,1.96,4.76,5.48,0.11,46800752.8,50558132.3,100105102.0,108413488.0,1.0,1.79,2766446531.3571424,-12.78,314,-20.8,344,-10.41,319,-14.66,-1.36,-5.65,1.0,0.65,18.4,0.132,28.2,False,False,False,False,False,True,True,True,False,True,False,True,False,False,False,False,2026-11-10,False,False,4,"thin RVOL, below 200-MA","near21, ADR",5,https://www.tradingview.com/chart/?symbol=NASDAQ:PLUG&interval=D,False,False,False
INTU,Intuit Inc.,NASDAQ,Packaged Software,275.79,303.91,319.42,331.09,324.65,318.3,350.5,403.43,298.2,312.46,277.39,271.43,4.03,4.88,13.45,4001891.2,4004489.1333333333,1104398058.0,1325855651.0,0.87,-0.58,73701015650.83438,-14.74,343,5.94,182,-35.33,414,-14.71,-3.09,-13.66,2.41,0.44,32.4,0.303,36.09,False,False,False,False,False,False,True,True,False,True,False,True,False,True,False,False,2026-12-01,False,False,5,below 200-MA,ADR,4,https://www.tradingview.com/chart/?symbol=NASDAQ:INTU&interval=D,False,False,False
NNE,Nano Nuclear Energy Inc.,NASDAQ,Electrical Products,16.99,16.54,17.17,17.75,17.6,20.78,21.65,23.91,16.93,17.22,17.42,16.77,5.64,6.4,1.09,2151263.7,1798575.6666666667,30557801.0,31919322.0,0.59,0.24,912331474.6656874,-11.14,302,-15.26,313,-18.08,345,-14.83,-0.54,-1.06,0.21,0.6,20.2,0.216,43.32,False,False,False,False,True,True,True,True,False,True,False,True,False,False,False,False,2026-12-17,False,False,4,"thin RVOL, below 200-MA","near21, ADR",6,https://www.tradingview.com/chart/?symbol=NASDAQ:NNE&interval=D,False,False,False
FSLR,"First Solar, Inc.",NASDAQ,Semiconductors,177.71,194.0,199.65,204.61,210.84,230.23,219.55,226.37,191.59,199.07,180.92,173.44,5.96,5.79,10.29,2684767.9,2181095.2333333334,387602434.0,446279712.0,1.23,1.12,19098456359.84236,-14.32,339,-26.37,371,-4.23,291,-14.97,-2.71,-10.99,1.85,0.73,41.5,0.196,20.39,False,False,False,False,False,False,True,True,False,True,False,True,False,True,True,False,2026-10-29,False,False,5,below 200-MA,"ADR, RVOL",4,https://www.tradingview.com/chart/?symbol=NASDAQ:FSLR&interval=D,False,False,False
PRAX,"Praxis Precision Medicines, Inc.",NASDAQ,Pharmaceuticals: Major,280.78,300.61,324.5,340.37,335.68,324.28,322.33,316.14,300.42,317.87,289.04,278.6,5.43,5.74,16.11,563003.9,400293.9000000004,112394521.0,136246167.0,0.87,0.94,7839374645.627238,-23.79,418,-13.89,303,-7.24,303,-14.97,-2.85,-13.47,2.03,0.65,13.5,0.329,12.49,False,False,False,False,False,False,True,True,False,True,False,True,False,False,False,False,2026-11-11,False,False,4,"thin RVOL, below 200-MA",ADR,4,https://www.tradingview.com/chart/?symbol=NASDAQ:PRAX&interval=D,False,False,False
ALM,Almonty Industries Inc.,NASDAQ,Other Metals/Minerals,13.72,13.89,15.75,16.29,15.09,16.43,17.24,15.54,14.19,15.03,14.07,12.77,8.11,8.95,1.23,6578858.6,6733767.633333334,92387292.0,109712154.0,1.76,3.47,3957955677.5612903,-26.26,431,-14.73,309,-5.44,294,-15.48,-1.01,-12.89,0.97,1.06,77.3,0.513,24.39,False,False,False,False,False,True,False,False,False,True,True,False,True,True,True,False,2026-11-17,False,True,3,"LoD>60% ATR, below 200-MA, large gap","near21, RVOL",2,https://www.tradingview.com/chart/?symbol=NASDAQ:ALM&interval=D,False,False,False
MWH,"SOLV Energy, Inc.",NASDAQ,Engineering & Construction,25.2,25.82,25.51,26.8,27.46,31.51,31.57,,25.71,26.14,25.69,24.92,4.69,5.34,1.35,1216115.0,1603297.2666666666,40403091.0,42965695.0,1.04,0.68,5100268781.748503,-9.58,292,-29.59,392,-7.83,307,-15.67,-1.54,-1.21,0.67,0.57,20.8,0.108,24.05,False,False,False,False,True,True,True,True,False,True,False,True,False,False,False,False,2026-12-02,False,False,4,"thin RVOL, below 200-MA","near21, ADR",6,https://www.tradingview.com/chart/?symbol=NASDAQ:MWH&interval=D,False,False,False
LUMN,"Lumen Technologies, Inc.",NYSE,Major Telecommunications,5.71,6.39,6.52,6.39,6.39,7.46,7.46,7.63,6.25,6.38,5.96,5.7,5.71,5.93,0.34,13642220.2,12549489.266666668,71657584.0,80153588.0,0.67,0.0,5889553565.296928,-2.56,203,-30.15,396,-14.52,336,-15.74,-1.79,-12.36,1.77,0.75,3.0,0.223,21.7,False,False,False,False,False,False,True,False,False,False,False,True,False,False,False,False,2026-11-04,False,False,4,"thin RVOL, below 200-MA",,3,https://www.tradingview.com/chart/?symbol=NYSE:LUMN&interval=D,False,False,False
KGS,"Kodiak Gas Services, Inc.",NYSE,Oilfield Services/Equipment,52.91,55.97,58.8,59.7,60.09,65.17,63.22,57.59,55.87,57.89,53.8,52.22,4.41,4.9,2.59,2360412.0,1870542.3666666667,98970397.0,111678861.0,0.68,-1.12,5349414600.705738,-10.34,299,-27.95,380,-9.66,317,-15.99,-2.44,-10.01,1.76,0.61,26.6,0.244,17.38,False,False,False,False,False,False,True,True,False,True,False,True,False,False,False,False,2026-11-11,False,False,4,"thin RVOL, below 200-MA",ADR,4,https://www.tradingview.com/chart/?symbol=NYSE:KGS&interval=D,False,False,False
HYMC,Hycroft Mining Holding Corporation,NASDAQ,Precious Metals,21.48,21.11,21.87,23.31,22.93,25.92,30.39,30.64,21.46,22.09,21.72,20.41,5.88,7.47,1.6,2379090.7,2109890.5333333286,45320449.0,49189636.0,0.73,-0.05,2001542401.8784108,-14.83,344,-3.16,229,-30.06,394,-16.01,-0.84,-1.8,0.37,0.82,66.7,0.202,44.36,False,False,False,False,True,True,True,False,False,True,False,False,False,False,False,False,2026-11-03,False,False,3,"LoD>60% ATR, thin RVOL, below 200-MA",near21,4,https://www.tradingview.com/chart/?symbol=NASDAQ:HYMC&interval=D,False,False,False
CENX,Century Aluminum Company,NASDAQ,Aluminum,38.39,39.46,42.97,43.58,44.62,50.08,52.54,50.37,39.95,41.87,38.85,37.91,4.54,5.25,2.02,1657033.7,1726966.5333333334,66298245.0,75266670.0,0.51,0.37,3800352440.563484,-13.14,321,-14.69,306,-20.68,362,-16.17,-2.66,-10.66,1.58,0.47,23.8,0.343,34.06,False,False,False,False,False,False,True,True,False,True,False,True,False,False,False,False,2026-11-09,False,False,4,"thin RVOL, below 200-MA",ADR,4,https://www.tradingview.com/chart/?symbol=NASDAQ:CENX&interval=D,False,False,False
ZG,"Zillow Group, Inc.",NASDAQ,Internet Software/Services,29.3,31.02,32.74,33.92,33.84,34.47,37.56,43.9,30.8,32.19,29.72,28.78,4.57,5.16,1.51,1058511.6,939567.0,27529313.0,31870896.0,0.77,0.21,6445655938.339675,-20.53,396,0.41,208,-29.6,393,-16.57,-2.6,-10.49,1.74,0.62,34.4,0.283,43.95,False,False,False,False,False,False,True,True,False,True,False,True,False,False,False,False,2026-11-04,False,False,4,"thin RVOL, below 200-MA",ADR,4,https://www.tradingview.com/chart/?symbol=NASDAQ:ZG&interval=D,False,False,False
USAR,"USA Rare Earth, Inc.",NASDAQ,Metal Fabrication,15.18,15.74,16.5,17.27,16.87,19.95,19.69,19.37,15.92,16.44,15.54,15.02,4.89,6.82,1.04,13021740.6,13230536.3,200839541.0,228464901.0,0.74,0.2,5693662353.721717,-22.25,407,-24.18,361,-3.62,289,-16.68,-1.47,-7.97,1.12,0.5,15.0,0.251,27.74,False,False,False,False,False,True,True,True,False,True,False,True,False,False,False,False,2026-11-05,False,False,4,"thin RVOL, below 200-MA","near21, ADR",5,https://www.tradingview.com/chart/?symbol=NASDAQ:USAR&interval=D,False,False,False
NKTR,Nektar Therapeutics,NASDAQ,Pharmaceuticals: Major,57.06,63.99,68.4,70.3,70.87,69.15,71.8,65.44,63.2,66.79,60.98,57.04,6.23,6.2,3.54,1859877.7999999996,1030027.3666666667,58773362.0,72408864.0,1.57,0.66,1948199268.6588075,-23.11,414,-7.25,253,-19.69,358,-16.68,-3.14,-16.58,2.35,1.11,0.6,0.326,13.69,False,False,False,False,False,False,False,False,False,False,True,True,True,True,True,False,2026-11-05,False,False,5,below 200-MA,RVOL,2,https://www.tradingview.com/chart/?symbol=NASDAQ:NKTR&interval=D,False,False,False
SMR,NuScale Power Corporation,NYSE,Electrical Products,8.42,8.58,9.17,9.21,9.07,9.92,10.5,12.24,8.74,8.98,8.68,8.27,7.64,7.77,0.65,39773304.3,37666429.56666667,317151337.0,346832483.0,0.63,0.77,3618270101.5017705,-14.52,340,-13.82,301,-21.75,369,-16.69,-0.92,-8.17,0.8,0.63,22.9,0.352,43.51,False,False,False,False,False,True,True,True,False,True,False,True,False,False,False,False,2026-11-05,False,False,4,"thin RVOL, below 200-MA","near21, ADR",5,https://www.tradingview.com/chart/?symbol=NYSE:SMR&interval=D,False,False,False
STNE,StoneCo Ltd.,NASDAQ,Miscellaneous Commercial Services,9.3,9.61,9.81,9.69,10.18,10.52,11.73,12.7,9.58,9.74,9.37,9.05,4.05,4.22,0.39,4369459.2,6060242.766666667,56360258.0,58736883.0,0.91,-0.11,2262022473.209607,-4.91,224,-12.92,294,-32.61,403,-16.81,-2.06,-5.21,1.07,0.81,63.7,0.129,33.16,False,False,False,False,False,True,True,False,False,True,False,False,False,False,False,False,2026-11-17,False,False,3,"LoD>60% ATR, thin RVOL, below 200-MA",near21,3,https://www.tradingview.com/chart/?symbol=NASDAQ:STNE&interval=D,False,False,False
TTAN,"ServiceTitan, Inc.",NASDAQ,Packaged Software,58.05,58.33,69.96,77.73,79.18,73.94,71.39,76.15,60.97,67.57,60.41,57.49,7.1,7.85,4.56,3974075.3,3200838.966666667,185808702.0,248811349.0,0.41,-0.03,5599961502.08903,-34.93,449,-8.98,269,-6.58,298,-16.83,-3.4,-17.03,1.79,0.64,12.3,0.975,35.91,False,False,False,False,False,False,True,True,False,True,False,True,False,False,False,False,2027-01-19,False,False,4,"thin RVOL, below 200-MA",ADR,4,https://www.tradingview.com/chart/?symbol=NASDAQ:TTAN&interval=D,False,False,False
FOUR,"Shift4 Payments, Inc.",NYSE,Miscellaneous Commercial Services,38.45,40.36,41.84,43.41,45.74,44.75,45.32,49.69,39.97,41.76,39.24,37.25,6.04,6.48,2.49,2046158.3,1997004.6333333333,76784828.0,86690637.0,0.8,0.0,3036016352.8301897,-19.66,387,-11.1,283,-19.88,359,-16.88,-2.46,-8.1,1.22,0.8,48.2,0.231,24.27,False,False,False,False,False,True,True,False,False,True,False,True,False,False,False,False,2026-11-11,False,False,4,"thin RVOL, below 200-MA",near21,4,https://www.tradingview.com/chart/?symbol=NYSE:FOUR&interval=D,False,False,False
FLUT,Flutter Entertainment plc,NYSE,Casinos/Gaming,83.23,90.67,95.47,96.64,98.51,100.5,103.06,124.09,89.13,93.26,83.74,78.9,4.96,5.3,4.41,3234676.9,2645851.8,220214245.0,255683653.0,0.98,-1.81,14443659874.359873,-17.89,368,-13.71,300,-19.09,352,-16.9,-2.93,-12.82,2.03,1.1,98.2,0.28,40.16,False,False,False,False,False,False,False,False,False,False,True,False,False,True,False,False,2026-11-18,False,False,4,"LoD>60% ATR, below 200-MA",,1,https://www.tradingview.com/chart/?symbol=NYSE:FLUT&interval=D,False,False,False
APP,Applovin Corporation,NASDAQ,Packaged Software,310.75,321.93,318.48,315.31,343.42,424.83,430.01,466.4,318.12,321.69,316.01,308.33,4.74,5.25,16.31,5393867.0,4834770.633333334,1502404974.0,1524474091.0,0.55,0.01,103992796531.51181,0.48,180,-30.37,399,-20.85,364,-16.91,-1.81,-2.43,0.65,0.47,14.8,0.103,47.6,False,False,False,False,True,True,True,True,False,True,False,True,False,True,False,False,2026-11-11,False,False,5,below 200-MA,"near21, ADR",6,https://www.tradingview.com/chart/?symbol=NASDAQ:APP&interval=D,False,False,False
BKV,BKV Corporation,NYSE,Integrated Oil,21.81,23.07,24.09,24.51,24.69,25.74,26.88,27.18,23.14,23.79,22.83,21.62,4.64,4.78,1.04,1637702.7,2017499.2333333334,44001658.0,49442181.0,1.19,-1.69,2386839021.838388,-9.39,290,-15.3,314,-26.98,385,-17.22,-2.44,-9.46,1.74,1.16,18.2,0.214,18.84,False,False,False,False,False,False,False,False,False,False,True,True,False,False,False,False,2026-11-17,False,False,4,"thin RVOL, below 200-MA",,2,https://www.tradingview.com/chart/?symbol=NYSE:BKV&interval=D,False,False,False
UPST,"Upstart Holdings, Inc.",NASDAQ,Finance/Rental/Leasing,23.81,25.04,26.19,27.48,28.05,29.67,29.38,32.88,25.12,26.18,24.88,23.81,4.23,5.29,1.26,4653136.2,4296432.633333334,102298061.0,118058808.0,1.01,0.61,2317023647.060065,-22.06,405,-26.33,369,-4.11,290,-17.5,-2.86,-9.1,1.71,0.85,0.0,0.238,32.89,False,False,False,False,False,False,True,False,False,False,False,True,False,False,False,False,2026-11-10,False,False,4,"thin RVOL, below 200-MA",,3,https://www.tradingview.com/chart/?symbol=NASDAQ:UPST&interval=D,False,False,False
KTOS,"Kratos Defense & Security Solutions, Inc.",NASDAQ,Aerospace & Defense,45.62,47.23,47.84,51.1,51.6,53.17,61.36,69.78,47.15,48.62,47.45,45.31,4.82,5.42,2.47,4127047.3,3563686.533333333,162575380.0,182104382.0,0.76,-0.11,8563847100.213949,-12.94,318,-0.91,217,-39.06,422,-17.64,-2.14,-4.65,1.14,0.87,12.5,0.123,49.44,False,False,False,False,False,True,True,False,False,True,False,True,False,False,False,False,2026-10-29,False,False,4,"thin RVOL, below 200-MA",near21,4,https://www.tradingview.com/chart/?symbol=NASDAQ:KTOS&interval=D,False,False,False
TPL,Texas Pacific Land Corporation,NYSE,Investment Trusts/Mutual Funds,341.07,352.24,360.92,363.83,373.82,383.73,415.78,395.9,350.67,358.22,343.38,332.21,4.35,4.43,15.11,500872.29999999964,392296.2999999999,133800499.0,142729032.0,0.58,-1.29,23525193439.07255,-7.71,263,-10.43,278,-34.79,411,-17.65,-1.98,-5.5,1.08,0.74,58.6,0.14,18.63,False,False,False,False,False,True,True,False,False,True,False,True,False,True,False,False,2026-11-04,False,False,5,below 200-MA,near21,4,https://www.tradingview.com/chart/?symbol=NYSE:TPL&interval=D,False,False,False
EROC,"ERock, Inc.",NYSE,Electrical Products,12.6,12.39,12.28,12.96,12.3,,,,12.52,12.53,13.3,12.03,8.11,9.0,1.13,2989784.8,2752801.433333333,34685298.0,35673554.0,0.73,1.16,2764441100.1492534,-3.08,209,-13.34,298,-37.31,418,-17.91,0.27,2.59,0.06,1.12,50.2,0.235,0.85,False,True,False,False,True,True,False,False,False,True,True,True,False,False,False,True,2026-12-02,False,False,4,"thin RVOL, below 200-MA",near21,6,https://www.tradingview.com/chart/?symbol=NYSE:EROC&interval=D,False,False,False
IBP,"Installed Building Products, Inc.",NYSE,Engineering & Construction,200.23,200.99,214.44,224.37,227.93,222.9,245.25,257.42,204.08,212.44,202.64,192.65,4.84,4.85,9.7,527904.6,386532.2,77395342.0,86724684.0,0.77,-0.22,5321948600.172652,-19.04,381,-11.34,285,-23.86,375,-18.08,-2.51,-6.63,1.19,1.03,78.1,0.328,28.18,False,False,False,False,False,True,False,False,False,True,True,False,False,False,False,False,2026-11-11,False,False,3,"LoD>60% ATR, thin RVOL, below 200-MA",near21,2,https://www.tradingview.com/chart/?symbol=NYSE:IBP&interval=D,False,False,False
LGN,Legence Corp.,NASDAQ,Engineering & Construction,52.52,53.69,53.76,56.22,60.08,72.0,68.64,63.16,53.69,55.08,53.0,51.32,4.73,5.52,2.9,861718.5,892076.9333333333,46851881.0,50148105.0,0.92,0.59,5676124116.475882,-8.1,270,-35.16,417,-11.0,322,-18.09,-2.28,-2.32,0.84,0.58,41.4,0.112,34.86,False,False,False,False,True,True,True,True,False,True,False,True,False,False,False,False,2026-11-13,False,False,4,"thin RVOL, below 200-MA","near21, ADR",6,https://www.tradingview.com/chart/?symbol=NASDAQ:LGN&interval=D,False,False,False
CRK,"Comstock Resources, Inc.",NYSE,Oil & Gas Production,13.12,13.42,14.24,14.17,13.85,13.87,15.66,17.25,13.57,13.85,13.7,13.01,4.98,5.16,0.68,2775089.8,2726185.933333333,35767559.0,38633690.0,0.89,-2.32,3852301858.083936,-6.88,248,-5.07,240,-42.33,429,-18.09,-1.02,-7.84,1.02,1.02,16.2,0.269,29.2,False,False,False,False,False,True,False,False,False,True,True,True,False,False,False,False,2026-11-03,False,True,3,"thin RVOL, below 200-MA, large gap",near21,3,https://www.tradingview.com/chart/?symbol=NYSE:CRK&interval=D,False,False,False
FDXF,"FedEx Freight Holding Company, Inc.",NYSE,Trucking,113.18,120.34,124.38,128.58,135.72,,,,119.35,124.26,117.59,113.12,4.17,4.64,5.25,2195279.6,1553326.1666666667,175805456.0,199725643.0,0.7,0.0,16922463028.11774,-11.59,306,-27.15,374,-16.16,342,-18.3,-3.58,-9.01,1.92,0.85,1.1,0.184,13.59,False,False,False,False,False,False,True,False,False,False,False,True,False,True,False,False,2026-12-02,False,False,5,below 200-MA,,3,https://www.tradingview.com/chart/?symbol=NYSE:FDXF&interval=D,False,False,False
Z,"Zillow Group, Inc.",NASDAQ,Internet Software/Services,28.43,30.37,32.03,33.18,33.3,34.11,37.33,43.91,30.11,31.51,28.82,28.11,4.63,5.22,1.48,4410546.1,3658565.0,104013003.0,121383870.0,1.02,0.43,6425402790.573562,-21.25,402,-3.37,232,-31.15,400,-18.59,-2.8,-11.24,1.88,0.48,21.6,0.282,47.61,False,False,False,False,False,False,True,True,False,True,False,True,False,False,False,False,2026-11-04,False,False,4,"thin RVOL, below 200-MA",ADR,4,https://www.tradingview.com/chart/?symbol=NASDAQ:Z&interval=D,False,False,False
ACAD,ACADIA Pharmaceuticals Inc.,NASDAQ,Pharmaceuticals: Major,20.68,25.77,27.01,27.86,27.45,25.13,24.14,24.57,25.07,26.43,22.21,20.61,4.77,5.32,1.1,2518954.1,1759390.6666666667,36384199.0,49023368.0,1.46,0.14,3563278026.238053,-31.88,446,-21.61,347,-2.68,282,-18.72,-4.64,-23.44,4.09,1.45,6.4,0.308,16.04,False,False,False,False,False,False,False,False,False,False,True,True,False,False,True,False,2026-11-11,False,False,4,"thin RVOL, below 200-MA",RVOL,2,https://www.tradingview.com/chart/?symbol=NASDAQ:ACAD&interval=D,False,False,False
SHAK,"Shake Shack, Inc.",NYSE,Restaurants,55.55,57.57,62.22,66.01,65.42,63.01,73.51,77.52,58.39,61.42,58.08,55.48,5.07,4.98,2.77,1490089.5,1200967.2666666666,66713732.0,79280653.0,1.04,0.07,2377481077.355962,-24.7,421,2.11,199,-34.05,409,-18.88,-3.03,-10.72,1.92,0.94,2.5,0.342,35.92,False,False,False,False,False,False,True,False,False,False,False,True,False,False,False,False,2026-10-29,False,False,4,"thin RVOL, below 200-MA",,3,https://www.tradingview.com/chart/?symbol=NYSE:SHAK&interval=D,False,False,False
CHWY,"Chewy, Inc.",NYSE,Internet Retail,18.27,20.03,21.42,22.09,22.23,21.44,22.93,24.89,19.79,20.88,18.66,18.2,5.39,5.39,0.99,11407936.5,9182777.733333332,167769349.0,202887352.0,0.85,-0.11,7343210723.86572,-25.43,427,0.27,209,-31.68,401,-18.94,-3.3,-14.7,2.31,0.46,6.6,0.352,26.6,False,False,False,False,False,False,True,True,False,True,False,True,False,False,False,False,2026-12-03,False,False,4,"thin RVOL, below 200-MA",ADR,4,https://www.tradingview.com/chart/?symbol=NYSE:CHWY&interval=D,False,False,False
TNDM,"Tandem Diabetes Care, Inc.",NASDAQ,Medical Specialties,15.72,16.72,18.36,19.69,19.61,17.8,19.11,19.56,16.87,18.02,16.18,14.83,7.36,7.52,1.18,2603743.1,1847662.4,29045253.0,36386939.0,1.14,-0.13,1093777259.022339,-25.99,430,0.19,210,-31.11,398,-18.97,-2.64,-14.37,1.7,1.14,75.3,0.436,18.4,False,False,False,False,False,False,False,False,False,False,True,False,False,False,False,False,2026-11-04,False,False,3,"LoD>60% ATR, thin RVOL, below 200-MA",,1,https://www.tradingview.com/chart/?symbol=NASDAQ:TNDM&interval=D,False,False,False
LEU,Centrus Energy Corp.,NYSE,Other Metals/Minerals,147.07,148.08,159.87,168.21,171.69,174.22,182.28,203.41,152.13,159.07,150.17,146.78,5.99,6.83,10.05,809853.4,697937.533333332,102645673.0,117401236.0,0.45,0.64,3008038698.8210697,-23.85,419,-11.73,288,-22.19,371,-19.25,-2.1,-8.01,1.1,0.34,2.9,0.345,37.62,False,False,False,False,False,True,True,True,False,True,False,True,False,False,False,False,2026-11-11,False,False,4,"thin RVOL, below 200-MA","near21, ADR",5,https://www.tradingview.com/chart/?symbol=NYSE:LEU&interval=D,False,False,False
ALKT,"Alkami Technology, Inc.",NASDAQ,Packaged Software,13.8,17.51,18.62,19.16,18.89,17.85,17.45,18.26,16.8,18.01,14.29,13.69,7.21,7.5,1.04,2606541.3,1792829.2666666666,24741044.0,34358378.0,1.25,-0.21,1475799334.315938,-30.2,445,-14.18,304,-13.64,330,-19.34,-3.59,-25.9,3.11,0.58,10.6,0.423,10.39,False,False,False,False,False,False,True,True,False,True,False,True,False,False,True,False,2026-10-29,False,False,4,"thin RVOL, below 200-MA","ADR, RVOL",4,https://www.tradingview.com/chart/?symbol=NASDAQ:ALKT&interval=D,False,False,False
GT,The Goodyear Tire & Rubber Company,NASDAQ,Automotive Aftermarket,5.12,5.2,5.58,5.74,6.2,6.23,6.52,7.19,5.28,5.52,5.15,5.04,4.6,5.06,0.26,11004663.5,9045878.5,46360127.0,51912789.0,0.48,0.99,1475481106.3856013,-16.85,357,-19.29,335,-21.99,370,-19.38,-3.43,-8.21,1.42,0.42,32.8,0.327,38.9,False,False,False,False,False,True,True,True,False,True,False,True,False,False,False,False,2026-11-09,False,False,4,"thin RVOL, below 200-MA","near21, ADR",5,https://www.tradingview.com/chart/?symbol=NASDAQ:GT&interval=D,False,False,False
LPTH,"LightPath Technologies, Inc.",NASDAQ,Electronic Components,9.98,9.8,9.87,11.21,11.39,12.7,12.5,12.06,9.98,10.36,10.29,9.92,6.02,7.96,0.79,2901562.1,3443745.6333333333,34368581.0,38597501.0,0.46,0.0,698961776.9840953,-27.63,437,-23.82,358,-7.42,304,-19.62,-1.56,1.12,0.46,0.47,7.5,0.203,29.07,False,False,False,False,True,True,True,True,False,True,False,True,False,False,False,False,2026-11-05,False,False,4,"thin RVOL, below 200-MA","near21, ADR",6,https://www.tradingview.com/chart/?symbol=NASDAQ:LPTH&interval=D,False,False,False
QNT,Quantinuum Inc.,NASDAQ,Computer Processing Hardware,49.53,50.74,49.92,52.28,53.96,,,,50.44,51.29,51.83,49.23,6.65,7.27,3.6,2251691.2,1730370.5,85705251.0,90460597.0,0.81,0.22,13041652065.292164,-5.76,235,-26.35,370,-27.16,387,-19.76,-1.13,-0.79,0.47,0.72,8.5,0.125,8.15,False,False,False,False,True,True,True,False,False,True,False,True,False,True,False,False,2026-12-02,False,False,5,below 200-MA,near21,5,https://www.tradingview.com/chart/?symbol=NASDAQ:QNT&interval=D,False,False,False
EYE,"National Vision Holdings, Inc.",NASDAQ,Specialty Stores,16.53,16.59,16.8,17.37,18.94,18.65,21.05,22.69,16.64,17.1,16.81,16.41,4.61,4.88,0.81,2703977.7,2277694.8333333335,37650296.0,39574568.0,0.47,0.98,1307015732.477148,-11.84,308,-8.37,262,-39.85,424,-20.02,-2.61,-1.61,0.69,0.5,14.9,0.093,36.88,False,False,False,False,True,True,True,True,True,True,False,True,False,False,False,False,2026-11-11,False,False,4,"thin RVOL, below 200-MA","near21, ADR, BB",7,https://www.tradingview.com/chart/?symbol=NASDAQ:EYE&interval=D,False,False,False
ENPH,"Enphase Energy, Inc.",NASDAQ,Electrical Products,32.4,34.71,35.66,36.62,37.71,44.24,42.34,41.22,34.33,35.62,33.22,32.34,5.74,5.61,1.82,4733002.3,4280599.2,138691414.0,156739134.0,0.9,0.61,4281486233.5283365,-13.25,323,-29.84,393,-17.66,344,-20.25,-2.51,-9.15,1.61,0.48,3.0,0.174,29.42,False,False,False,False,False,False,True,True,False,True,False,True,False,False,False,False,2026-10-27,False,False,4,"thin RVOL, below 200-MA",ADR,4,https://www.tradingview.com/chart/?symbol=NASDAQ:ENPH&interval=D,False,False,False
CELC,Celcuity Inc.,NASDAQ,Medical Specialties,79.52,82.13,86.56,88.6,88.52,99.55,104.9,105.07,82.53,85.36,80.28,78.02,4.61,5.02,3.99,922008.8,833170.8,66253742.0,73818100.0,0.7,0.79,3891065431.4022923,-13.92,331,-17.36,323,-29.57,392,-20.28,-2.03,-8.13,1.36,0.57,37.6,0.256,28.85,False,False,False,False,False,True,True,True,False,True,False,True,False,False,False,False,2026-11-18,False,False,4,"thin RVOL, below 200-MA","near21, ADR",5,https://www.tradingview.com/chart/?symbol=NASDAQ:CELC&interval=D,False,False,False
LBRT,Liberty Energy Inc.,NYSE,Oilfield Services/Equipment,18.94,18.9,19.71,19.77,20.0,24.4,26.04,24.87,18.97,19.45,19.53,18.17,4.97,5.22,0.99,3944295.5,3515894.2,66591036.0,69502197.0,1.44,-0.38,3090845484.623904,4.12,149,-30.01,395,-36.34,417,-20.74,-1.01,-3.89,0.5,1.38,77.9,0.214,37.66,False,False,False,False,False,True,False,False,False,True,True,False,False,False,True,False,2026-10-21,False,False,3,"LoD>60% ATR, thin RVOL, below 200-MA","near21, RVOL",2,https://www.tradingview.com/chart/?symbol=NYSE:LBRT&interval=D,False,False,False
DNN,Denison Mines Corp,AMEX,Other Metals/Minerals,2.65,2.82,3.06,3.17,3.11,3.19,3.39,3.39,2.85,2.99,2.66,2.59,5.23,5.82,0.15,24270852.9,26208967.533333335,69453764.0,83178527.0,1.3,0.0,2398822744.5710454,-29.14,439,-13.11,295,-20.9,366,-21.05,-2.53,-13.43,1.97,0.45,38.9,0.341,21.4,False,False,False,False,False,False,True,True,False,True,False,True,False,False,True,False,2026-11-03,False,False,4,"thin RVOL, below 200-MA","ADR, RVOL",4,https://www.tradingview.com/chart/?symbol=AMEX:DNN&interval=D,False,False,False
NXT,Nextpower Inc.,NASDAQ,Electronic Equipment/Instruments,80.85,81.26,82.29,85.0,91.07,107.72,109.99,107.98,81.62,83.68,82.5,80.02,4.66,5.12,4.14,2268802.7,2099976.8333333335,169783127.0,178493131.0,0.62,0.19,12267332098.019257,-5.24,228,-27.16,375,-31.13,399,-21.18,-2.19,-1.75,0.66,0.6,20.1,0.088,35.54,False,False,False,False,True,True,True,True,True,True,False,True,False,True,False,False,2026-10-22,False,False,5,below 200-MA,"near21, ADR, BB",7,https://www.tradingview.com/chart/?symbol=NASDAQ:NXT&interval=D,False,False,False
FICO,Fair Isaac Corporation,NYSE,Financial Publishing/Services,863.09,933.3,987.53,1035.24,1084.46,1136.3,1136.93,1246.7,921.53,976.12,870.0,848.64,4.36,5.21,44.97,403851.7,368909.76666666666,318402331.0,381910762.0,0.96,0.06,18640702599.877476,-22.94,413,-24.98,365,-15.67,340,-21.2,-3.92,-12.6,2.22,0.48,32.1,0.361,36.31,False,False,False,False,False,False,True,True,False,True,False,True,False,True,False,False,2026-11-11,False,False,5,below 200-MA,ADR,4,https://www.tradingview.com/chart/?symbol=NYSE:FICO&interval=D,False,False,False
JOBY,"Joby Aviation, Inc.",NYSE,Aerospace & Defense,6.32,6.25,6.47,6.82,7.16,8.43,8.68,9.8,6.34,6.56,6.4,6.23,4.07,4.7,0.3,24045458.8,24762565.133333333,156499412.0,168756881.0,0.8,0.79,6281286718.615873,-11.98,309,-27.85,379,-24.4,377,-21.41,-2.5,-2.35,0.78,0.57,30.3,0.173,56.14,False,False,False,False,True,True,True,True,False,True,False,True,False,False,False,False,2026-11-11,False,False,4,"thin RVOL, below 200-MA","near21, ADR",6,https://www.tradingview.com/chart/?symbol=NYSE:JOBY&interval=D,False,False,False
RSI,"Rush Street Interactive, Inc.",NYSE,Casinos/Gaming,19.87,22.95,24.68,25.04,26.48,27.75,25.82,23.98,22.27,23.91,20.13,19.13,6.36,6.34,1.26,4696906.2,2989903.3333333335,59409379.0,74879139.0,0.62,-0.26,4605336755.330093,-23.58,417,-34.18,411,-6.6,300,-21.45,-3.94,-19.48,2.66,0.79,58.8,0.409,24.16,False,False,False,False,False,False,True,False,False,False,False,True,False,False,False,False,2026-11-04,False,False,4,"thin RVOL, below 200-MA",,3,https://www.tradingview.com/chart/?symbol=NYSE:RSI&interval=D,False,False,False
ENOV,Enovis Corporation,NYSE,Medical Specialties,18.46,18.21,19.35,21.43,23.89,23.78,23.76,24.02,18.55,19.81,18.79,18.06,5.68,6.23,1.15,2100024.0999999996,1676519.8333333335,30948556.0,35932850.0,0.57,0.22,1064578827.5336618,-27.04,432,-16.66,320,-20.77,363,-21.49,-3.65,-4.58,1.09,0.63,34.8,0.403,31.49,False,False,False,False,False,True,True,True,False,True,False,True,False,False,False,False,2026-11-11,False,False,4,"thin RVOL, below 200-MA","near21, ADR",5,https://www.tradingview.com/chart/?symbol=NYSE:ENOV&interval=D,False,False,False
UAA,"Under Armour, Inc.",NYSE,Apparel/Footwear,4.43,4.78,4.92,5.03,5.67,5.82,6.01,5.97,4.72,4.94,4.61,4.41,4.44,4.72,0.21,10477352.0,8419069.2,37296477.0,42333886.0,0.94,0.44,1888673287.042222,-14.31,338,-27.02,373,-24.14,376,-21.83,-4.63,-10.03,2.19,0.96,9.6,0.18,27.85,False,False,False,False,False,False,True,False,False,False,False,True,False,False,False,False,2026-11-05,False,False,4,"thin RVOL, below 200-MA",,3,https://www.tradingview.com/chart/?symbol=NYSE:UAA&interval=D,False,False,False
OKLO,Oklo Inc.,NYSE,Industrial Machinery,38.04,38.12,39.15,40.25,41.25,50.42,53.7,60.93,38.74,39.49,39.12,37.54,5.7,6.69,2.54,9926881.8,9800692.466666667,372818341.0,394474605.0,0.59,0.81,7076111743.283363,-15.45,348,-23.92,360,-26.16,381,-21.84,-1.16,-2.85,0.55,0.62,19.7,0.21,59.95,False,False,False,False,True,True,True,True,False,True,False,True,False,False,False,False,2026-11-18,False,False,4,"thin RVOL, below 200-MA","near21, ADR",6,https://www.tradingview.com/chart/?symbol=NYSE:OKLO&interval=D,False,False,False
UEC,Uranium Energy Corp.,AMEX,Other Metals/Minerals,9.41,9.97,10.78,11.23,10.81,11.56,12.42,13.13,10.06,10.54,9.68,9.39,5.49,6.25,0.59,9240828.9,8676486.5,81645738.0,97454296.0,0.72,0.42,4656749184.633579,-29.93,444,-9.08,271,-26.54,383,-21.85,-2.07,-12.69,1.72,0.49,3.4,0.34,33.57,False,False,False,False,False,False,True,True,False,True,False,True,False,False,False,False,2026-09-29,True,False,3,"thin RVOL, earnings soon, below 200-MA",ADR,3,https://www.tradingview.com/chart/?symbol=AMEX:UEC&interval=D,False,False,False
AMPX,"Amprius Technologies, Inc.",NYSE,Electrical Products,9.75,9.52,9.64,9.98,10.2,13.12,14.5,13.48,9.67,9.81,10.02,9.65,4.78,5.62,0.55,4549820.2,4640655.466666667,45246391.0,46327664.0,0.89,1.55,1424286056.2693498,-3.85,214,-19.49,337,-42.92,430,-22.08,-0.79,1.16,0.1,0.67,18.3,0.124,51.08,False,False,False,False,True,True,True,False,False,True,False,True,False,False,False,False,2026-11-05,False,False,4,"thin RVOL, below 200-MA",near21,5,https://www.tradingview.com/chart/?symbol=NYSE:AMPX&interval=D,False,False,False
MAIR,Madison Air Solutions Corporation,NYSE,Industrial Machinery,25.16,24.27,24.99,25.9,28.51,33.88,,,24.73,25.44,25.34,24.46,4.2,5.14,1.29,2578681.7,2953320.3666666667,74305540.0,76493951.0,0.74,0.37,12623341099.17111,-8.81,282,-36.69,420,-21.38,367,-22.29,-2.28,0.68,0.22,0.68,54.1,0.146,38.18,False,False,False,False,True,True,True,False,False,True,False,True,False,True,False,False,2026-12-02,False,False,5,below 200-MA,near21,5,https://www.tradingview.com/chart/?symbol=NYSE:MAIR&interval=D,False,False,False
FMC,FMC Corporation,NYSE,Chemicals: Agricultural,9.58,10.32,11.29,11.11,11.01,11.6,12.86,13.33,10.33,10.77,9.76,9.46,6.14,6.21,0.6,4241538.2,3336194.533333333,31960744.0,37052889.0,0.94,0.21,1199673118.6089678,-14.31,337,-14.69,307,-38.11,419,-22.37,-2.09,-15.16,1.78,0.51,21.0,0.407,31.37,False,False,False,False,False,False,True,True,False,True,False,True,False,False,False,False,2026-10-29,False,False,4,"thin RVOL, below 200-MA",ADR,4,https://www.tradingview.com/chart/?symbol=NYSE:FMC&interval=D,False,False,False
LMND,"Lemonade, Inc.",NYSE,Multi-Line Insurance,44.93,47.41,49.55,50.5,52.9,56.24,57.47,62.61,47.11,49.03,46.32,44.86,4.66,5.05,2.27,1190175.6,1017138.9,45700051.0,51363819.0,0.99,0.68,3477429776.8027825,-17.35,364,-19.19,333,-30.88,396,-22.47,-2.98,-9.33,1.66,0.65,3.3,0.23,33.82,False,False,False,False,False,False,True,True,False,True,False,True,False,False,False,False,2026-11-10,False,False,4,"thin RVOL, below 200-MA",ADR,4,https://www.tradingview.com/chart/?symbol=NYSE:LMND&interval=D,False,False,False
QS,QuantumScape Corporation,NASDAQ,Electrical Products,4.91,5.04,5.23,5.45,5.52,6.58,6.66,7.51,5.05,5.24,5.07,4.9,4.46,5.11,0.25,11714949.4,13627833.833333334,66912664.0,74264880.0,0.73,0.97,3039847419.180162,-15.64,349,-29.35,390,-23.04,374,-22.68,-2.17,-6.19,1.22,0.64,2.0,0.179,50.49,False,False,False,False,False,True,True,True,False,True,False,True,False,False,False,False,2026-10-28,False,False,4,"thin RVOL, below 200-MA","near21, ADR",5,https://www.tradingview.com/chart/?symbol=NASDAQ:QS&interval=D,False,False,False
HUBG,"Hub Group, Inc.",NASDAQ,Air Freight/Couriers,30.34,32.34,34.66,36.43,40.65,42.06,41.15,42.1,32.3,34.58,30.72,30.0,5.12,5.28,1.6,1471267.8,1242977.4333333333,37711935.0,45276696.0,0.96,0.33,1855397495.1175492,-22.68,412,-31.12,402,-14.85,337,-22.88,-4.81,-12.45,2.32,0.45,20.9,0.319,32.15,False,False,False,False,False,False,True,True,False,True,False,True,False,False,False,False,2026-10-22,False,False,4,"thin RVOL, below 200-MA",ADR,4,https://www.tradingview.com/chart/?symbol=NASDAQ:HUBG&interval=D,False,False,False
SEDG,"SolarEdge Technologies, Inc.",NASDAQ,Electrical Products,32.68,34.56,34.34,33.36,36.31,46.65,45.32,42.15,34.04,34.42,33.25,31.91,8.49,7.95,2.6,2836176.3,3096952.466666667,101208407.0,103298850.0,0.6,0.0,2010661349.7235978,1.55,169,-36.52,419,-33.95,408,-22.97,-1.26,-4.82,0.64,0.52,29.6,0.179,37.67,False,False,False,False,False,True,True,True,False,True,False,True,False,False,False,False,2026-11-11,False,False,4,"thin RVOL, below 200-MA","near21, ADR",5,https://www.tradingview.com/chart/?symbol=NASDAQ:SEDG&interval=D,False,False,False
TRIP,"TripAdvisor, Inc.",NASDAQ,Other Consumer Services,8.41,8.72,9.01,9.39,10.9,11.44,11.12,11.72,8.67,9.14,8.83,8.34,4.61,5.19,0.44,4586347.7,3954645.1333333333,33258566.0,37123572.0,0.73,-0.59,985646508.8227701,-17.27,363,-34.19,412,-19.29,355,-23.58,-4.4,-6.61,1.54,1.12,16.0,0.192,35.67,False,False,False,False,False,False,False,False,False,False,True,True,False,False,False,False,2026-11-09,False,False,4,"thin RVOL, below 200-MA",,2,https://www.tradingview.com/chart/?symbol=NASDAQ:TRIP&interval=D,False,False,False
BOOT,"Boot Barn Holdings, Inc.",NYSE,Apparel/Footwear Retail,123.3,126.71,137.62,145.66,150.09,156.19,159.33,167.21,128.63,136.32,126.67,122.8,4.52,4.79,5.9,855149.9,660430.8333333334,81431122.0,96196374.0,0.61,0.21,3734121196.7,-23.17,415,-29.0,389,-19.26,354,-23.81,-3.73,-10.4,1.99,0.66,8.5,0.351,32.84,False,False,False,False,False,False,True,True,False,True,False,True,False,False,False,False,2026-11-04,False,False,4,"thin RVOL, below 200-MA",ADR,4,https://www.tradingview.com/chart/?symbol=NYSE:BOOT&interval=D,False,False,False
SFM,"Sprouts Farmers Market, Inc.",NASDAQ,Food Retail,62.49,69.14,73.46,76.33,78.33,80.83,79.45,78.28,68.51,72.4,64.98,62.48,4.71,5.02,3.14,2112802.0,1814665.1666666667,113398426.0,138508553.0,1.56,-0.7,5827044063.802507,-27.61,435,-25.17,366,-18.93,351,-23.9,-4.03,-14.93,2.73,0.8,0.2,0.308,18.71,False,False,False,False,False,False,True,False,False,False,False,True,True,True,True,False,2026-11-04,False,False,5,below 200-MA,RVOL,3,https://www.tradingview.com/chart/?symbol=NASDAQ:SFM&interval=D,False,False,False
NAMS,NewAmsterdam Pharma Company N.V.,NASDAQ,Pharmaceuticals: Major,22.58,22.3,23.45,24.76,26.38,29.96,30.58,31.46,22.77,23.68,22.96,22.35,6.78,5.92,1.34,2006285.1,1521588.1333333333,34357460.0,37674015.0,0.55,0.84,2699149280.925242,-17.05,360,-28.45,384,-27.07,386,-24.19,-2.43,-3.73,0.79,0.46,17.2,0.274,40.55,False,False,False,False,False,True,True,True,False,True,False,True,False,False,False,False,2026-11-11,False,False,4,"thin RVOL, below 200-MA","near21, ADR",5,https://www.tradingview.com/chart/?symbol=NASDAQ:NAMS&interval=D,False,False,False
FTAI,FTAI Aviation Ltd.,NASDAQ,Aerospace & Defense,175.06,184.62,187.49,194.13,202.32,225.55,234.91,235.82,184.24,189.42,177.4,171.75,4.22,5.31,9.29,1493585.6000000015,1310296.8333333351,229380564.0,254370545.0,1.02,0.4,17979903449.529934,-13.04,319,-33.18,407,-26.61,384,-24.28,-2.54,-6.63,1.43,0.61,35.6,0.16,29.25,False,False,False,False,False,True,True,False,False,True,False,True,False,True,False,False,2026-11-03,False,False,5,below 200-MA,near21,4,https://www.tradingview.com/chart/?symbol=NASDAQ:FTAI&interval=D,False,False,False
TTD,"The Trade Desk, Inc.",NASDAQ,Packaged Software,12.6,13.76,13.95,13.76,15.11,17.66,19.71,23.24,13.4,13.84,12.77,12.49,4.3,5.03,0.63,33642895.099999994,22718544.266666673,286253658.0,312705616.0,0.43,-0.59,5920495310.593824,-4.11,216,-27.59,378,-41.69,428,-24.46,-3.3,-9.66,1.79,0.44,17.4,0.209,75.23,False,False,False,False,False,False,True,True,False,True,False,True,False,False,False,False,2026-11-05,False,False,4,"thin RVOL, below 200-MA",ADR,4,https://www.tradingview.com/chart/?symbol=NASDAQ:TTD&interval=D,False,False,False
GIL,"Gildan Activewear, Inc.",NYSE,Apparel/Footwear,40.98,45.38,48.36,50.69,52.27,54.07,56.05,58.39,45.25,47.88,41.54,40.22,4.29,4.64,1.9,2176290.2,1361654.6666666667,55800608.0,69016375.0,1.2,0.94,7589161941.975615,-25.21,423,-22.9,353,-25.83,380,-24.64,-4.66,-15.26,3.11,0.69,39.7,0.299,31.76,False,False,False,False,False,False,True,True,False,True,False,True,False,False,True,False,2026-10-29,False,False,4,"thin RVOL, below 200-MA","ADR, RVOL",4,https://www.tradingview.com/chart/?symbol=NYSE:GIL&interval=D,False,False,False
BLDR,"Builders FirstSource, Inc.",NYSE,Home Improvement Chains,59.17,59.19,61.26,64.13,67.32,72.25,77.65,86.83,59.63,61.76,59.99,57.42,4.06,4.54,2.69,5191246.8,3120562.6333333333,184643691.0,200137284.0,0.28,-0.02,6366481861.217227,-15.12,346,-32.35,404,-27.28,388,-24.92,-2.66,-3.41,0.92,0.96,65.3,0.187,46.72,False,False,False,False,False,True,True,False,False,True,False,False,False,False,False,False,2026-10-29,False,False,3,"LoD>60% ATR, thin RVOL, below 200-MA",near21,3,https://www.tradingview.com/chart/?symbol=NYSE:BLDR&interval=D,False,False,False
QXO,"QXO, Inc.",NYSE,Wholesale Distributors,12.43,11.98,12.5,12.95,13.55,15.11,17.17,18.68,12.27,12.6,12.5,12.02,4.18,4.77,0.59,21745224.4,16724611.666666666,207886923.0,216527972.0,0.77,-0.16,12896009923.14111,-10.12,296,-29.38,391,-35.83,416,-25.11,-1.74,-0.58,0.28,0.81,69.1,0.223,53.88,False,False,False,False,True,True,True,False,False,True,False,False,False,True,False,False,2026-11-17,False,False,4,"LoD>60% ATR, below 200-MA",near21,4,https://www.tradingview.com/chart/?symbol=NYSE:QXO&interval=D,False,False,False
PUMP,ProPetro Holding Corp.,NYSE,Oilfield Services/Equipment,9.59,10.12,10.8,11.04,11.27,13.19,13.54,12.77,10.15,10.61,10.06,9.38,5.62,5.87,0.56,4518755.2,3483741.8,33409084.0,38444252.0,0.84,-0.31,1177881298.6107032,-9.01,283,-33.45,409,-34.94,412,-25.8,-2.53,-11.2,1.63,1.21,37.3,0.285,35.65,False,False,False,False,False,False,False,False,False,False,True,True,False,False,False,False,2026-11-04,False,False,4,"thin RVOL, below 200-MA",,2,https://www.tradingview.com/chart/?symbol=NYSE:PUMP&interval=D,False,False,False
CAR,"Avis Budget Group, Inc.",NASDAQ,Finance/Rental/Leasing,108.29,112.96,124.3,130.34,138.1,151.87,167.62,156.69,113.41,121.83,108.6,102.2,5.38,5.56,6.02,511207.0,385575.0,41753917.0,50257002.0,0.69,-0.86,3825425745.703013,-25.22,424,-34.23,413,-18.09,346,-25.85,-3.89,-12.88,2.0,1.06,101.2,0.418,50.47,False,False,False,False,False,False,False,False,False,False,True,False,False,False,False,False,2026-11-02,False,False,3,"LoD>60% ATR, thin RVOL, below 200-MA",,1,https://www.tradingview.com/chart/?symbol=NASDAQ:CAR&interval=D,False,False,False
FTFT,Future FinTech Group Inc.,NASDAQ,Finance/Rental/Leasing,4.38,5.43,3.68,3.42,3.71,9.2,13.61,21.24,4.52,4.15,4.58,4.27,37.11,28.92,1.27,16389438.9,11031588.2,48318356.0,37764289.0,0.01,-1.58,35379414.32579186,58.28,7,-58.88,449,-77.65,453,-26.08,0.63,18.93,0.19,0.24,8.7,2.155,400.95,False,False,False,False,False,True,True,True,False,True,False,True,False,False,False,False,,False,False,4,"thin RVOL, below 200-MA","near21, ADR",5,https://www.tradingview.com/chart/?symbol=NASDAQ:FTFT&interval=D,True,False,False
WHR,Whirlpool Corporation,NYSE,Electronics/Appliances,31.71,32.83,35.52,37.08,38.22,39.62,45.64,54.55,33.35,35.09,33.24,31.53,4.32,5.01,1.59,3085586.0,2558020.5,81114830.0,94845431.0,0.99,-0.17,2067472277.8799279,-22.51,410,-15.96,317,-40.34,426,-26.27,-3.4,-10.73,1.92,1.08,11.3,0.341,68.51,False,False,False,False,False,False,False,False,False,False,True,True,False,False,False,False,2026-10-15,False,False,4,"thin RVOL, below 200-MA",,2,https://www.tradingview.com/chart/?symbol=NYSE:WHR&interval=D,False,False,False
PLNT,"Planet Fitness, Inc.",NYSE,Other Consumer Services,42.68,46.54,48.77,50.08,51.39,51.65,59.2,69.48,45.36,47.82,43.16,40.73,5.02,5.04,2.15,3336176.6,2223516.8666666667,94899700.0,111352984.0,1.16,3.07,3223747356.229862,-17.83,367,-18.14,327,-43.15,431,-26.37,-3.36,-12.49,2.13,1.13,90.7,0.305,53.73,False,False,False,False,False,False,False,False,False,False,True,False,False,False,False,False,2026-11-10,False,True,2,"LoD>60% ATR, thin RVOL, below 200-MA, large gap",,1,https://www.tradingview.com/chart/?symbol=NYSE:PLNT&interval=D,False,False,False
DY,"Dycom Industries, Inc.",NYSE,Engineering & Construction,271.52,283.2,289.72,320.29,356.79,405.54,397.64,390.54,283.9,301.16,277.0,270.48,4.06,5.1,13.84,663196.3,724676.4333333333,196764145.0,232105649.0,0.77,0.82,8189303319.353178,-16.94,358,-44.69,431,-19.38,356,-27.01,-4.69,-6.28,1.93,0.47,7.5,0.125,45.06,False,False,False,False,False,False,True,True,False,True,False,True,False,False,False,False,2026-11-24,False,False,4,"thin RVOL, below 200-MA",ADR,4,https://www.tradingview.com/chart/?symbol=NYSE:DY&interval=D,False,False,False
UUUU,Energy Fuels Inc,AMEX,Other Metals/Minerals,11.35,11.83,13.04,13.7,13.23,14.86,16.52,17.23,12.03,12.72,11.6,11.22,4.92,6.21,0.71,7843970.5,6875349.333333333,78035215.0,94187702.0,0.63,0.27,3005179820.574205,-29.55,442,-19.96,340,-34.73,410,-28.08,-2.29,-12.97,1.74,0.53,18.4,0.395,47.53,False,False,False,False,False,False,True,True,False,True,False,True,False,False,False,False,2026-10-30,False,False,4,"thin RVOL, below 200-MA",ADR,4,https://www.tradingview.com/chart/?symbol=AMEX:UUUU&interval=D,False,False,False
RUN,Sunrun Inc.,NASDAQ,Semiconductors,8.11,8.41,8.59,8.86,9.42,11.51,12.08,13.8,8.4,8.68,8.23,7.75,5.18,5.9,0.48,8265254.0,7461179.466666667,60510165.0,66077449.0,0.9,0.13,1953269100.1580973,-11.8,307,-39.52,426,-33.47,406,-28.26,-2.36,-5.58,1.11,1.0,75.2,0.152,66.49,False,False,False,False,False,True,False,False,False,True,True,False,False,False,False,False,2026-11-04,False,False,3,"LoD>60% ATR, thin RVOL, below 200-MA",near21,2,https://www.tradingview.com/chart/?symbol=NASDAQ:RUN&interval=D,False,False,False
WING,Wingstop Inc.,NASDAQ,Restaurants,99.07,102.9,107.1,110.03,117.34,133.24,153.43,180.01,102.73,106.98,100.23,95.82,6.0,6.12,6.06,1510598.7,1242543.3666666667,123098771.0,136711248.0,0.8,0.74,2698918939.4279437,-11.98,310,-39.2,424,-35.35,415,-28.84,-2.54,-7.49,1.21,0.73,53.6,0.212,77.84,False,False,False,False,False,True,True,True,False,True,False,True,False,False,False,False,2026-11-04,False,False,4,"thin RVOL, below 200-MA","near21, ADR",5,https://www.tradingview.com/chart/?symbol=NASDAQ:WING&interval=D,False,False,False
EOSE,"Eos Energy Enterprises, Inc.",NASDAQ,Electrical Products,3.16,3.79,3.74,3.71,3.77,5.26,5.6,7.67,3.66,3.75,3.33,3.16,9.47,10.37,0.33,29191176.3,26855741.633333333,84998422.0,99522903.0,1.2,2.31,1152590904.6101694,-9.44,291,-46.45,435,-32.4,402,-29.43,-1.55,-15.36,1.5,0.52,1.5,0.396,124.3,False,False,False,False,False,True,True,True,False,True,False,True,False,False,True,False,2026-11-11,False,True,3,"thin RVOL, below 200-MA, large gap","near21, ADR, RVOL",5,https://www.tradingview.com/chart/?symbol=NASDAQ:EOSE&interval=D,False,False,False
CHTR,"Charter Communications, Inc.",NASDAQ,Cable/Satellite TV,112.91,126.88,137.47,141.8,142.07,140.86,166.19,177.36,124.89,133.21,116.76,112.5,5.7,6.02,6.79,3370070.4,3086302.2,348474381.0,437646911.0,0.9,-1.29,19772256132.19609,-27.22,433,-13.39,299,-48.33,436,-29.65,-3.41,-17.86,2.53,0.63,6.0,0.4,44.71,False,False,False,False,False,False,True,True,False,True,False,True,False,True,False,False,2026-10-30,False,False,5,below 200-MA,ADR,4,https://www.tradingview.com/chart/?symbol=NASDAQ:CHTR&interval=D,False,False,False
MTZ,"MasTec, Inc.",NYSE,Engineering & Construction,212.85,218.51,228.39,242.01,265.9,325.8,328.08,305.6,220.05,231.56,217.46,210.25,5.05,5.75,12.23,1685968.7,1515849.7,322648609.0,366851291.0,0.84,0.62,17092907701.167727,-12.88,316,-46.13,434,-30.86,395,-29.96,-3.47,-6.81,1.41,0.59,21.3,0.196,51.48,False,False,False,False,False,True,True,True,False,True,False,True,False,True,False,False,2026-10-29,False,False,5,below 200-MA,"near21, ADR",5,https://www.tradingview.com/chart/?symbol=NYSE:MTZ&interval=D,False,False,False
XE,"X-Energy, Inc.",NASDAQ,Industrial Machinery,15.08,15.72,16.61,17.44,17.58,20.27,,,15.96,16.59,16.03,14.99,7.74,8.9,1.34,7123982.2,6610304.7,99683395.0,115292528.0,0.69,0.83,6128000646.984733,-21.03,400,-16.27,318,-52.9,442,-30.07,-1.6,-9.21,1.02,0.77,6.7,0.314,30.17,False,False,False,False,False,True,True,False,False,True,False,True,False,False,False,False,2026-12-02,False,False,4,"thin RVOL, below 200-MA",near21,4,https://www.tradingview.com/chart/?symbol=NASDAQ:XE&interval=D,False,False,False
STUB,"StubHub Holdings, Inc.",NYSE,Internet Software/Services,5.44,5.76,6.0,6.31,7.27,8.81,8.36,9.47,5.72,6.11,5.49,5.36,4.95,6.04,0.33,7618036.2,6759546.3,36771932.0,42684282.0,0.73,0.0,2078569362.8200374,-19.41,385,-52.74,444,-18.56,349,-30.24,-4.17,-9.37,1.82,0.4,24.4,0.233,68.27,False,False,False,False,False,False,True,True,False,True,False,True,False,False,False,False,2026-11-12,False,False,4,"thin RVOL, below 200-MA",ADR,4,https://www.tradingview.com/chart/?symbol=NYSE:STUB&interval=D,False,False,False
KNF,Knife Riv Holding Co.,NYSE,Construction Materials,54.58,54.82,57.82,60.52,65.8,73.35,77.19,77.08,55.17,58.0,54.86,52.92,4.02,4.57,2.49,1242179.2,972810.5,53095997.0,58873843.0,0.97,0.06,3098147406.943976,-17.53,365,-41.05,428,-35.12,413,-31.23,-3.73,-5.6,1.29,0.78,66.6,0.246,40.98,False,False,False,False,False,True,True,False,False,True,False,False,False,False,False,False,2026-11-09,False,False,3,"LoD>60% ATR, thin RVOL, below 200-MA",near21,3,https://www.tradingview.com/chart/?symbol=NYSE:KNF&interval=D,False,False,False
UAMY,United States Antimony Corporation,NYSE,Other Metals/Minerals,4.5,4.66,4.86,5.02,5.29,6.69,7.67,7.59,4.7,4.88,4.6,4.43,4.84,6.95,0.31,4817966.2,6016094.666666667,27072426.0,30178736.0,0.57,0.0,673512270.4595186,-12.62,313,-32.53,405,-48.63,437,-31.26,-2.14,-7.36,1.13,0.53,22.3,0.226,66.89,False,False,False,False,False,True,True,False,False,True,False,True,False,False,False,False,2026-11-18,False,False,4,"thin RVOL, below 200-MA",near21,4,https://www.tradingview.com/chart/?symbol=NYSE:UAMY&interval=D,False,False,False
CAVA,"CAVA Group, Inc.",NYSE,Restaurants,51.58,52.03,56.24,61.06,62.49,70.51,75.33,72.28,53.26,56.34,54.65,51.46,4.33,5.11,2.64,4466116.3,3169518.6333333333,163483771.0,193521299.0,0.8,0.88,6024863509.712203,-25.25,425,-36.49,418,-33.63,407,-31.79,-3.42,-8.29,1.65,1.21,4.6,0.366,45.16,False,False,False,False,False,False,False,False,False,False,True,True,False,False,False,False,2026-11-10,False,False,4,"thin RVOL, below 200-MA",,2,https://www.tradingview.com/chart/?symbol=NYSE:CAVA&interval=D,False,False,False
FRMI,Fermi Inc.,NASDAQ,Real Estate Development,4.52,4.86,5.0,5.29,5.75,6.35,6.53,7.25,4.87,5.11,4.63,4.43,6.96,8.19,0.37,19005587.1,16907293.666666668,76420967.0,89428312.0,0.91,1.1,2894912525.8109884,-24.03,420,-46.95,436,-24.67,378,-31.88,-2.62,-9.65,1.42,0.54,24.3,0.254,52.87,False,False,False,False,False,True,True,True,False,True,False,True,False,False,False,False,2026-11-17,False,False,4,"thin RVOL, below 200-MA","near21, ADR",5,https://www.tradingview.com/chart/?symbol=NASDAQ:FRMI&interval=D,False,False,False
AGX,"Argan, Inc.",NYSE,Engineering & Construction,364.29,379.9,396.78,434.56,491.53,587.6,570.22,515.37,380.76,408.82,366.84,361.01,5.05,6.19,22.54,465127.1,410972.86666666664,149713306.0,178593739.0,0.48,0.65,5110930897.490445,-18.94,379,-50.54,441,-27.95,391,-32.48,-4.18,-8.19,1.76,0.26,14.6,0.204,57.02,False,False,False,False,False,False,True,True,False,True,False,True,False,False,False,False,2026-12-09,False,False,4,"thin RVOL, below 200-MA",ADR,4,https://www.tradingview.com/chart/?symbol=NYSE:AGX&interval=D,False,False,False
INIO,INNIO N.V.,NASDAQ,Electrical Products,19.12,19.4,19.91,21.37,23.48,,,,19.7,20.58,19.77,18.87,6.87,8.17,1.56,7296460.4,4834822.833333333,92441813.0,103316941.0,0.76,0.05,14340000172.995266,-13.05,320,-49.15,438,-38.32,420,-33.51,-2.27,-3.96,0.87,0.58,16.0,0.216,21.36,False,False,False,False,False,True,True,True,False,True,False,True,False,True,False,False,2026-12-02,False,False,5,below 200-MA,"near21, ADR",5,https://www.tradingview.com/chart/?symbol=NASDAQ:INIO&interval=D,False,False,False
PL,Planet Labs PBC,NYSE,Packaged Software,17.43,16.71,17.54,19.19,20.4,27.85,28.99,27.32,17.12,17.99,18.18,17.37,5.1,6.22,1.08,10262804.8,10078607.9,175670136.0,193418564.0,1.39,1.65,6341870645.9353,-18.59,374,-33.55,410,-48.71,438,-33.61,-2.34,-0.62,0.5,0.75,5.5,0.294,70.47,False,False,False,False,True,True,True,False,False,True,False,True,False,False,True,False,2026-12-14,False,False,4,"thin RVOL, below 200-MA","near21, RVOL",5,https://www.tradingview.com/chart/?symbol=NYSE:PL&interval=D,False,False,False
LCID,"Lucid Group, Inc.",NASDAQ,Motor Vehicles,4.07,4.17,4.37,4.77,5.69,5.74,6.81,7.86,4.22,4.52,4.25,4.01,5.92,8.06,0.33,12285561.899999978,11464126.333333345,46658994.0,54662865.0,0.68,0.96,1603865712.0385542,-22.33,408,-20.04,341,-58.64,449,-33.67,-3.54,-6.85,1.23,0.73,18.3,0.256,90.71,False,False,False,False,False,True,True,False,False,True,False,True,False,False,False,False,2026-11-10,False,False,4,"thin RVOL, below 200-MA",near21,4,https://www.tradingview.com/chart/?symbol=NASDAQ:LCID&interval=D,False,False,False
BRBR,"BellRing Brands, Inc.",NYSE,Beverages: Non-Alcoholic,7.91,8.75,9.42,9.79,10.83,10.57,12.63,15.73,8.68,9.31,8.0,7.59,5.58,6.52,0.52,3671318.6,3132012.6666666665,24774220.0,30671800.0,2.24,0.26,919760554.7997398,-25.73,428,-30.31,398,-47.34,435,-34.46,-4.14,-16.05,2.31,0.8,62.1,0.37,88.29,False,False,False,False,False,False,True,False,False,False,False,False,True,True,True,False,2026-11-23,False,False,4,"LoD>60% ATR, below 200-MA",RVOL,2,https://www.tradingview.com/chart/?symbol=NYSE:BRBR&interval=D,False,False,False
RCAT,"Red Cat Holdings, Inc.",NASDAQ,Packaged Software,6.66,7.06,7.7,8.37,8.41,9.52,10.83,10.99,7.09,7.64,6.86,6.66,6.61,7.59,0.51,11664096.5,8477999.733333332,56463478.0,70967923.0,0.51,0.59,1017077635.6411766,-25.88,429,-25.42,367,-52.43,441,-34.57,-2.74,-13.55,1.69,0.41,0.0,0.378,58.97,False,False,False,False,False,False,True,True,False,True,False,True,False,False,False,False,2026-11-12,False,False,4,"thin RVOL, below 200-MA",ADR,4,https://www.tradingview.com/chart/?symbol=NASDAQ:RCAT&interval=D,False,False,False
UTI,Universal Technical Institute Inc,NYSE,Miscellaneous Commercial Services,20.3,20.66,20.92,21.75,27.3,34.27,34.94,33.05,20.71,21.78,20.8,20.02,4.89,6.45,1.31,2188234.0,1833377.1333333333,37217556.0,39878397.0,0.78,0.05,1118433174.794388,-8.43,275,-49.52,440,-45.88,432,-34.61,-3.98,-2.96,1.06,0.6,21.4,0.097,70.38,False,False,False,False,True,True,True,False,True,True,False,True,False,False,False,False,2026-11-25,False,False,4,"thin RVOL, below 200-MA","near21, BB",6,https://www.tradingview.com/chart/?symbol=NYSE:UTI&interval=D,False,False,False
PZZA,"Papa John's International, Inc.",NASDAQ,Restaurants,19.55,20.32,21.37,22.13,24.89,29.31,31.07,32.61,20.41,21.47,20.46,19.31,4.31,4.45,0.87,1636414.6,1381306.5,27004542.0,30564169.0,1.2,0.05,643618979.7477745,-18.95,380,-45.69,433,-39.85,423,-34.83,-4.81,-8.52,2.01,1.32,27.6,0.242,62.85,False,False,False,False,False,False,False,False,False,False,True,True,False,False,True,False,2026-10-29,False,False,4,"thin RVOL, below 200-MA",RVOL,2,https://www.tradingview.com/chart/?symbol=NASDAQ:PZZA&interval=D,False,False,False
XENE,Xenon Pharmaceuticals Inc.,NASDAQ,Pharmaceuticals: Major,36.94,45.8,52.72,55.73,59.32,58.21,56.83,53.25,44.03,50.21,38.26,36.48,5.66,7.49,2.77,3661963.7,1658204.1666666667,61254062.0,92410613.0,0.7,0.11,3577285658.1266418,-38.86,450,-35.16,416,-33.37,404,-35.8,-5.04,-29.94,3.53,0.64,16.6,0.726,36.61,False,False,False,False,False,False,True,False,False,False,False,True,False,False,False,False,2026-11-11,False,False,4,"thin RVOL, below 200-MA",,3,https://www.tradingview.com/chart/?symbol=NASDAQ:XENE&interval=D,False,False,False
KRMN,Karman Holdings Inc.,NYSE,Aerospace & Defense,35.69,35.25,37.31,43.06,46.69,50.62,63.05,69.65,35.61,38.66,35.77,33.35,7.01,7.51,2.68,5060559.7,3443303.8333333335,122891514.0,148254890.0,0.99,-0.46,4730127742.779495,-27.59,434,-21.7,348,-58.51,448,-35.93,-3.14,-4.33,1.02,0.9,87.3,0.346,96.39,False,False,False,False,False,True,True,False,False,True,False,False,False,False,False,False,2026-11-05,False,False,3,"LoD>60% ATR, thin RVOL, below 200-MA",near21,3,https://www.tradingview.com/chart/?symbol=NYSE:KRMN&interval=D,False,False,False
TE,T1 Energy Inc.,NYSE,Electrical Products,3.78,4.17,4.39,4.47,4.76,6.48,6.3,6.53,4.15,4.37,3.92,3.76,7.24,9.49,0.36,19837319.0,20233721.033333335,76483466.0,90491945.0,1.53,1.71,1113121274.1732283,-17.11,361,-54.13,445,-38.54,421,-36.59,-2.16,-13.86,1.42,0.44,5.6,0.292,62.6,False,False,False,False,False,True,True,True,False,True,False,True,True,True,True,False,2026-11-11,False,False,5,below 200-MA,"near21, ADR, RVOL",5,https://www.tradingview.com/chart/?symbol=NYSE:TE&interval=D,False,False,False
YSS,York Space Systems Inc.,NYSE,Aerospace & Defense,9.57,8.97,8.75,9.1,11.38,19.62,22.22,,9.22,9.36,10.04,9.37,7.34,8.67,0.83,5090645.2,3880581.2333333334,37137162.0,35331399.0,0.39,0.41,1314512335.4067278,4.02,151,-59.77,451,-54.25,443,-36.67,-1.84,9.35,0.26,0.81,24.1,0.331,140.77,False,False,False,False,False,True,True,False,False,True,False,True,False,False,False,False,2026-12-02,False,False,4,"thin RVOL, below 200-MA",near21,4,https://www.tradingview.com/chart/?symbol=NYSE:YSS&interval=D,False,False,False
IONS,"Ionis Pharmaceuticals, Inc.",NASDAQ,Pharmaceuticals: Major,44.5,45.76,51.95,54.84,54.85,64.46,68.03,71.26,46.66,50.36,45.28,43.62,5.53,5.16,2.3,5713883.8,3738151.2333333334,166347730.0,205003952.0,1.17,0.99,7395202746.6560135,-29.92,443,-43.53,430,-39.86,425,-37.77,-3.65,-14.34,2.25,0.72,38.3,0.507,57.29,False,False,False,False,False,False,True,True,False,True,False,True,False,False,False,False,2026-11-04,False,False,4,"thin RVOL, below 200-MA",ADR,4,https://www.tradingview.com/chart/?symbol=NASDAQ:IONS&interval=D,False,False,False
OPEN,Opendoor Technologies Inc,NASDAQ,Real Estate Development,2.57,2.63,2.84,3.06,3.39,4.04,4.37,4.75,2.67,2.86,2.65,2.52,5.13,6.42,0.17,33810502.8,31665062.866666667,81379212.0,96863427.0,0.65,0.4,2495704007.1343875,-28.11,438,-39.1,423,-46.57,433,-37.93,-3.75,-9.55,1.6,0.76,27.3,0.348,82.61,False,False,False,False,False,False,True,False,False,False,False,True,False,False,False,False,2026-11-05,False,False,4,"thin RVOL, below 200-MA",,3,https://www.tradingview.com/chart/?symbol=NASDAQ:OPEN&interval=D,False,False,False
FRVO,Fervo Energy Company,NASDAQ,Alternative Power Generation,15.18,16.06,16.56,16.74,19.38,,,,16.25,16.83,17.66,15.02,8.59,10.72,1.63,6107979.5,6824160.166666667,103590751.0,114227342.0,1.84,5.24,4474505058.046679,-7.33,258,-51.42,443,-57.83,447,-38.86,-2.02,-8.35,0.91,1.62,9.5,0.321,21.87,False,False,False,False,False,True,False,False,False,True,True,True,True,True,True,False,2026-12-02,False,True,4,"below 200-MA, large gap","near21, RVOL",3,https://www.tradingview.com/chart/?symbol=NASDAQ:FRVO&interval=D,False,False,False
HTZ,"Hertz Global Holdings, Inc",NASDAQ,Finance/Rental/Leasing,1.74,1.84,2.01,2.06,2.0,3.17,3.84,4.2,1.85,1.95,1.78,1.72,5.41,7.72,0.13,12928273.3,16374920.3,28492361.0,33732336.0,0.69,0.85,620225461.7777778,-21.97,404,-34.34,415,-60.81,450,-39.04,-1.7,-13.58,1.4,0.45,14.9,0.388,135.61,False,False,False,False,False,True,True,True,False,True,False,True,False,False,False,False,2026-10-22,False,False,4,"thin RVOL, below 200-MA","near21, ADR",5,https://www.tradingview.com/chart/?symbol=NASDAQ:HTZ&interval=D,False,False,False
RARE,Ultragenyx Pharmaceutical Inc.,NASDAQ,Pharmaceuticals: Major,14.5,14.3,16.71,19.82,22.52,24.8,24.06,24.62,15.03,17.04,14.94,14.15,5.65,8.91,1.29,6929343.2,5317706.133333334,77106739.0,105390732.0,0.63,0.68,1429538728.9776573,-45.38,452,-50.66,442,-27.5,389,-41.18,-4.0,-13.22,1.68,0.61,27.0,1.098,72.39,False,False,False,False,False,False,True,False,False,False,False,True,False,False,False,False,2026-11-04,False,False,4,"thin RVOL, below 200-MA",,3,https://www.tradingview.com/chart/?symbol=NASDAQ:RARE&interval=D,False,False,False
BW,"Babcock & Wilcox Enterprises, Inc.",NYSE,Electronic Equipment/Instruments,6.27,6.92,7.12,7.61,8.41,12.2,12.9,11.63,6.87,7.29,6.41,6.08,7.23,9.66,0.61,5140006.0,4846438.466666667,30387169.0,36868473.0,1.28,-0.65,934010920.9157212,-19.41,386,-56.76,446,-55.85,445,-44.0,-2.64,-11.89,1.45,0.54,31.4,0.239,95.35,False,False,False,False,False,True,True,True,False,True,False,True,False,False,True,False,2026-11-11,False,False,4,"thin RVOL, below 200-MA","near21, ADR, RVOL",5,https://www.tradingview.com/chart/?symbol=NYSE:BW&interval=D,False,False,False
FLNC,"Fluence Energy, Inc.",NASDAQ,Electrical Products,7.85,8.03,9.21,10.04,11.52,16.02,15.54,17.34,8.12,9.15,8.06,7.56,6.33,8.87,0.7,11452577.7,7733390.266666667,60707114.0,77648394.0,0.77,2.01,1449081515.864611,-29.41,441,-58.51,448,-46.82,434,-44.91,-3.59,-14.81,1.61,0.71,41.7,0.587,118.55,False,False,False,False,False,False,True,False,False,False,False,True,False,False,False,False,2026-11-30,False,True,3,"thin RVOL, below 200-MA, large gap",,3,https://www.tradingview.com/chart/?symbol=NASDAQ:FLNC&interval=D,False,False,False
CAPR,"Capricor Therapeutics, Inc.",NASDAQ,Pharmaceuticals: Major,8.36,8.83,9.04,8.58,9.04,18.17,22.48,23.26,8.76,8.82,8.67,8.3,7.0,10.3,0.86,2704980.8,8209648.7,68632663.0,70464783.0,0.71,0.47,486041926.8424737,0.84,177,-69.26,453,-71.78,451,-46.73,-0.73,-7.47,0.51,0.43,7.0,0.235,172.68,False,False,False,False,False,True,True,True,False,True,False,True,False,False,False,False,2026-11-17,False,False,4,"thin RVOL, below 200-MA","near21, ADR",5,https://www.tradingview.com/chart/?symbol=NASDAQ:CAPR&interval=D,False,False,False
SOC,Sable Offshore Corp.,NYSE,Integrated Oil,3.88,4.39,4.6,4.6,4.58,7.46,9.65,9.47,4.31,4.5,3.97,3.64,8.54,9.33,0.36,8632696.7,8840869.333333334,34302573.0,40682734.0,1.38,-2.77,744453988.3828715,-17.62,366,-48.27,437,-78.3,454,-48.06,-1.63,-15.72,1.47,0.91,66.3,0.292,135.64,False,False,False,False,False,True,True,False,False,True,False,False,False,False,True,False,2026-11-12,False,True,2,"LoD>60% ATR, thin RVOL, below 200-MA, large gap","near21, RVOL",3,https://www.tradingview.com/chart/?symbol=NYSE:SOC&interval=D,False,False,False
BENF,Beneficient,NASDAQ,Investment Managers,1.46,1.03,1.44,1.72,2.27,2.88,3.14,3.68,1.32,1.5,2.19,1.44,39.03,40.34,0.59,58599474.6,20028197.533333335,29241168.0,34528145.0,0.55,11.03,22565356.23448276,-34.23,448,-59.67,450,-55.49,444,-49.8,-0.89,1.12,0.06,1.27,3.4,1.961,181.13,False,False,False,False,True,True,False,False,False,True,True,True,False,False,False,False,2026-11-12,False,True,3,"thin RVOL, below 200-MA, large gap",near21,4,https://www.tradingview.com/chart/?symbol=NASDAQ:BENF&interval=D,False,False,False
ALHC,"Alignment Healthcare, Inc.",NASDAQ,Managed Health Care,8.21,8.91,11.11,11.88,13.84,16.44,17.42,18.3,9.02,10.58,8.4,7.7,10.36,9.9,0.81,17342740.2,8543247.233333332,70140060.0,101458180.0,0.63,0.78,1703042599.161669,-39.59,451,-64.04,452,-51.1,440,-51.58,-4.11,-26.13,2.27,0.86,62.8,0.886,114.39,False,False,False,False,False,False,True,False,False,False,False,False,False,False,False,False,2026-10-29,False,False,3,"LoD>60% ATR, thin RVOL, below 200-MA",,2,https://www.tradingview.com/chart/?symbol=NASDAQ:ALHC&interval=D,False,False,False
XNDU,Xanadu Quantum Technologies Limited,NASDAQ,Computer Processing Hardware,4.98,6.7,8.2,9.02,9.68,11.51,12.59,12.15,6.54,7.78,5.2,4.91,9.73,12.82,0.64,8799934.7,3935522.533333333,19598902.0,35480047.0,0.97,-0.78,1515878611.5411768,-52.62,453,-57.8,447,-50.2,439,-53.54,-3.79,-39.3,2.81,0.45,11.0,0.868,118.39,False,False,False,False,False,False,True,True,False,True,False,True,False,False,False,False,2026-12-02,False,False,4,"thin RVOL, below 200-MA",ADR,4,https://www.tradingview.com/chart/?symbol=NASDAQ:XNDU&interval=D,False,False,False
ALMS,Alumis Inc.,NASDAQ,Pharmaceuticals: Major,7.1,7.9,10.25,14.85,19.87,21.94,23.04,22.24,8.33,11.27,7.38,7.04,8.59,15.8,1.12,3471828.8,3694107.033333333,26228160.0,54851333.0,0.47,0.55,947815557.6954731,-70.58,454,-71.61,454,-72.7,452,-71.63,-4.07,-30.7,2.34,0.31,5.8,1.618,213.21,False,False,False,False,False,False,True,True,False,True,False,True,False,False,False,False,2026-11-12,False,False,4,"thin RVOL, below 200-MA",ADR,4,https://www.tradingview.com/chart/?symbol=NASDAQ:ALMS&interval=D,False,False,False
