name,description,exchange,industry,close,SMA10,SMA20,SMA30,SMA50,SMA100,SMA150,SMA200,EMA10,EMA21,high,low,ADRP,ATRP,atr_abs,average_volume_10d_calc,average_volume_30d_calc,dollar_volume_30d,average_dollar_volume_30d,rvol,gap_pct,market_cap_basic,Perf.1M,perf_1m_rank,Perf.3M,perf_3m_rank,Perf.6M,perf_6m_rank,momentum_score,atr_extension_from_50d,sma20_distance_pct,ema21_atr_dist,day_range_atr,lod_atr_pct,bb_width,ma_spread_pct,above_all_mas,ma_aligned,ema_aligned,above_sma200,near_sma20,near_ema,range_tight,adr_tight,bb_tight,plan_tight,wide_day,lod_ok,rvol_ok,rvol_pass,rvol_expand,ma_coiled,earnings_date,earnings_soon,large_gap,hard_rule_passes,hard_rule_fails,tightness_flags,focus_score,tradingview_url,is_top_1m,is_top_3m,is_top_6m
QMCO,Quantum Corporation,NASDAQ,Computer Peripherals,29.18,32.18,28.63,27.01,23.47,17.45,13.83,11.99,31.07,29.03,32.55,28.55,11.09,9.36,2.73,2113104.8,1622774.9,47352572.0,43834666.0,0.79,-2.96,1149983784.0341167,17.99,38,181.93,3,390.42,1,196.78,2.6,1.94,0.06,1.46,23.1,0.549,69.18,False,False,False,True,True,True,False,False,False,True,True,True,False,False,False,False,2026-11-13,False,True,4,"thin RVOL, large gap",near21,5,https://www.tradingview.com/chart/?symbol=NASDAQ:QMCO&interval=D,False,True,True
USDE,StablecoinX Inc.,NASDAQ,Packaged Software,12.79,14.98,12.4,10.86,7.81,7.1,8.74,9.78,13.9,12.45,13.1,12.07,12.96,13.39,1.71,3689646.4,5532535.1,70761124.0,60062123.0,0.44,-6.37,347723373.6353111,64.82,5,500.47,1,16.27,170,193.85,4.76,3.18,0.2,0.6,42.0,1.121,61.56,False,False,False,True,False,True,True,True,False,True,False,True,False,False,False,False,,False,True,3,">4x 50-MA, thin RVOL, large gap","near21, ADR",6,https://www.tradingview.com/chart/?symbol=NASDAQ:USDE&interval=D,True,True,False
CYPH,Cypherpunk Technologies Inc.,NASDAQ,Financial Conglomerates,2.81,3.22,3.16,2.8,2.04,1.42,1.23,1.14,3.12,2.97,2.84,2.55,15.98,15.72,0.44,15789591.2,16913860.5,47527948.0,47364447.0,0.88,-8.2,302817906.8786885,15.64,47,301.37,2,172.82,13,163.27,2.39,-11.11,0.34,0.66,58.9,0.656,74.19,False,False,False,True,False,True,True,True,False,True,False,True,False,False,False,False,2026-11-16,False,True,4,"thin RVOL, large gap","near21, ADR",6,https://www.tradingview.com/chart/?symbol=NASDAQ:CYPH&interval=D,False,True,True
MXL,"MaxLinear, Inc",NASDAQ,Semiconductors,93.7,98.08,87.8,79.61,75.91,82.04,67.68,55.35,97.37,89.7,105.0,93.21,7.78,7.88,7.39,3184220.8,2876082.1,269488893.0,228955309.0,1.25,-3.89,8497951379.86494,45.07,7,1.51,141,366.75,2,137.77,2.97,6.73,0.57,1.6,6.6,0.586,45.6,False,False,False,True,False,True,False,False,False,True,True,True,False,False,True,False,2026-10-22,False,True,4,"thin RVOL, large gap","near21, RVOL",4,https://www.tradingview.com/chart/?symbol=NASDAQ:MXL&interval=D,True,False,True
CDNA,"CareDx, Inc.",NASDAQ,Medical Specialties,62.2,64.96,59.65,56.5,52.54,40.03,33.03,29.66,63.34,60.06,63.45,61.19,6.38,5.45,3.39,1697849.0,1376918.4333333333,85651211.0,77792449.0,0.88,-1.83,3218127351.6614847,23.18,28,114.13,5,272.71,3,136.67,3.38,4.28,0.65,0.67,29.9,0.393,56.73,False,False,False,True,False,True,True,True,False,True,False,True,False,False,False,False,2026-11-10,False,False,5,thin RVOL,"near21, ADR",6,https://www.tradingview.com/chart/?symbol=NASDAQ:CDNA&interval=D,False,True,True
TEAM,Atlassian Corporation,NASDAQ,Packaged Software,203.57,188.93,189.92,188.67,171.68,130.87,111.87,113.07,192.68,188.05,203.89,196.1,4.03,4.33,8.81,2669669.9,3292956.6666666665,670347189.0,621282683.0,1.14,0.62,51531467871.00307,10.4,64,116.63,4,244.04,5,123.69,4.29,7.19,1.91,0.88,84.7,0.143,38.34,True,True,True,True,False,False,True,False,False,False,False,False,False,True,False,False,2026-11-05,False,False,4,"LoD>60% ATR, >4x 50-MA",EMA,6,https://www.tradingview.com/chart/?symbol=NASDAQ:TEAM&interval=D,False,True,True
GRAL,"GRAIL, Inc.",NASDAQ,Medical Specialties,132.61,136.89,112.58,101.7,89.82,78.09,69.34,74.62,131.56,117.71,134.56,127.46,9.72,7.85,10.41,1303712.1,1288379.9666666666,170852067.0,131027813.0,0.87,-2.18,5923188894.007601,65.37,4,74.92,12,183.84,10,108.04,6.07,17.79,1.61,0.68,49.5,0.985,50.94,False,False,True,True,False,False,True,True,False,True,False,True,False,False,False,False,2026-11-18,False,True,3,">4x 50-MA, thin RVOL, large gap","EMA, ADR",6,https://www.tradingview.com/chart/?symbol=NASDAQ:GRAL&interval=D,True,True,True
ASST,"Strive, Inc.",NASDAQ,Financial Conglomerates,28.23,29.37,29.12,27.81,22.38,18.21,16.39,15.76,29.11,28.1,28.36,27.33,5.94,6.19,1.75,6958690.199999998,9520284.066666666,268757619.0,264805115.0,1.14,-1.72,2865382669.0463014,6.77,90,110.99,6,183.72,11,100.49,4.22,-3.05,0.07,0.59,51.6,0.126,48.21,False,False,False,True,False,True,True,True,False,True,False,True,False,False,False,False,2026-11-13,False,False,4,">4x 50-MA, thin RVOL","near21, ADR",6,https://www.tradingview.com/chart/?symbol=NASDAQ:ASST&interval=D,False,True,True
OKTA,"Okta, Inc.",NASDAQ,Packaged Software,220.21,211.06,200.73,190.29,171.28,148.32,124.51,114.71,211.72,200.1,225.53,216.0,4.21,4.13,9.09,3013747.6,4198299.333333333,924507496.0,798899278.0,0.76,-0.64,38497278513.09743,30.41,16,45.63,33,221.9,6,99.31,6.92,9.71,2.43,1.05,46.3,0.28,43.75,True,True,True,True,False,False,False,False,False,False,True,True,False,True,False,False,2026-12-08,False,False,5,>4x 50-MA,EMA,6,https://www.tradingview.com/chart/?symbol=NASDAQ:OKTA&interval=D,True,False,True
P,"Everpure, Inc.",NYSE,Computer Peripherals,150.57,138.48,121.78,113.24,108.11,91.8,83.73,80.22,138.62,126.54,157.05,150.02,4.44,4.31,6.49,4757456.1,6526085.966666667,982632764.0,739040079.0,1.08,-0.55,50174030404.69199,49.82,6,86.86,10,146.76,21,94.48,9.12,23.64,4.41,1.08,8.5,0.62,38.69,True,True,True,True,False,False,False,False,False,False,True,True,False,True,False,False,2026-12-02,False,False,5,>4x 50-MA,EMA,6,https://www.tradingview.com/chart/?symbol=NYSE:P&interval=D,True,True,True
HPE,Hewlett Packard Enterprise Company,NYSE,Computer Processing Hardware,71.0,66.68,63.36,60.18,57.65,51.51,42.99,37.83,67.46,63.9,72.4,69.82,4.46,4.97,3.53,19556693.8,25281092.300000023,1794957553.0,1521525686.0,0.8,-2.27,94249990451.86574,35.78,10,44.81,35,183.89,9,88.16,4.66,12.05,2.24,0.73,33.5,0.296,40.63,True,True,True,True,False,False,True,False,False,False,False,True,False,True,False,False,2026-12-03,False,True,4,">4x 50-MA, large gap",EMA,7,https://www.tradingview.com/chart/?symbol=NYSE:HPE&interval=D,True,False,True
APPS,"Digital Turbine, Inc.",NASDAQ,Packaged Software,10.78,11.09,11.25,11.13,11.3,10.16,7.93,7.14,11.01,11.11,11.19,10.5,7.96,7.58,0.82,3327413.7,2989505.7666666666,32226872.0,33259248.0,0.91,-1.22,1312161612.466604,1.41,123,-3.84,168,255.78,4,84.45,-0.6,-4.15,0.4,0.84,34.3,0.166,38.57,False,False,False,True,False,True,True,False,False,True,False,True,False,False,False,False,2026-11-11,False,False,5,thin RVOL,near21,5,https://www.tradingview.com/chart/?symbol=NASDAQ:APPS&interval=D,False,False,True
LIFE,Ethos Technologies Inc.,NASDAQ,Packaged Software,36.22,34.5,35.89,36.74,34.7,26.54,22.94,,35.14,35.38,36.45,34.09,7.16,7.08,2.57,1526301.0,1580144.3,57232827.0,58051868.0,0.98,-1.71,2309343944.006285,-8.9,217,90.93,7,161.52,15,81.18,0.62,0.92,0.34,0.92,83.0,0.24,35.76,False,True,False,False,True,True,True,False,False,True,False,False,False,False,False,False,2026-12-02,False,False,3,"LoD>60% ATR, thin RVOL, below 200-MA",near21,5,https://www.tradingview.com/chart/?symbol=NASDAQ:LIFE&interval=D,False,True,True
PENG,"Penguin Solutions, Inc.",NASDAQ,Semiconductors,71.57,60.71,56.25,54.08,54.69,58.45,47.7,40.68,62.57,58.45,75.63,70.07,5.43,6.07,4.34,5559147.5,2803512.433333333,200647385.0,151623297.0,1.15,-0.11,3667439974.931001,35.24,11,-9.27,193,211.17,7,79.05,5.09,27.25,3.7,1.28,34.5,0.482,27.99,True,True,True,True,False,False,False,False,False,False,True,True,False,False,False,False,2027-01-05,False,False,4,">4x 50-MA, thin RVOL",EMA,6,https://www.tradingview.com/chart/?symbol=NASDAQ:PENG&interval=D,True,False,True
PLSE,"Pulse Biosciences, Inc",NASDAQ,Medical Specialties,49.98,50.18,51.41,51.45,48.22,37.71,32.25,28.43,50.18,50.39,50.32,47.31,5.61,6.51,3.25,470989.5,618895.1333333333,30932379.0,31844218.0,0.62,-0.39,3633672455.814219,-5.57,186,84.7,11,157.63,17,78.92,0.56,-2.78,0.12,0.93,82.1,0.146,45.98,False,False,False,True,True,True,True,False,False,True,False,False,False,False,False,False,2026-11-16,False,False,4,"LoD>60% ATR, thin RVOL",near21,5,https://www.tradingview.com/chart/?symbol=NASDAQ:PLSE&interval=D,False,True,True
NTSK,"Netskope, Inc.",NASDAQ,Packaged Software,19.61,18.27,17.9,16.78,15.83,13.52,12.31,12.79,18.55,17.7,19.64,18.87,4.48,4.94,0.97,5716030.1,7100043.566666666,139231854.0,119162398.0,1.04,-1.38,8012405163.923078,42.2,8,57.26,19,128.02,25,75.83,4.83,9.56,2.18,0.79,76.3,0.237,30.43,True,True,True,True,False,False,True,False,False,False,False,False,False,False,False,False,2026-12-11,False,False,3,"LoD>60% ATR, >4x 50-MA, thin RVOL",EMA,6,https://www.tradingview.com/chart/?symbol=NASDAQ:NTSK&interval=D,True,True,False
CVI,CVR Energy Inc.,NYSE,Oil Refining/Marketing,59.54,54.43,53.2,50.12,44.22,37.93,35.91,32.9,55.41,52.42,59.72,58.0,4.57,4.5,2.68,933666.2,1130015.1666666667,67281103.0,56640880.0,0.8,2.37,5985592125.302893,32.31,14,88.18,9,98.47,43,72.99,7.7,11.92,3.02,0.64,57.5,0.21,36.16,True,True,True,True,False,False,True,True,False,True,False,True,False,False,False,False,2026-11-02,False,True,3,">4x 50-MA, thin RVOL, large gap","EMA, ADR",8,https://www.tradingview.com/chart/?symbol=NYSE:CVI&interval=D,True,True,False
SDGR,"Schrodinger, Inc.",NASDAQ,Packaged Software,26.39,29.57,28.08,25.39,22.4,18.76,16.55,16.19,28.76,27.4,27.05,25.69,8.64,8.02,2.12,3498120.6,2601104.8,68643156.0,66039450.0,0.91,-1.83,1974120555.682668,32.81,13,56.06,20,128.09,24,72.32,2.22,-6.0,0.46,0.64,33.1,0.502,50.7,False,False,False,True,False,True,True,True,False,True,False,True,False,False,False,False,2026-11-11,False,False,5,thin RVOL,"near21, ADR",6,https://www.tradingview.com/chart/?symbol=NASDAQ:SDGR&interval=D,True,True,False
CORT,Corcept Therapeutics Incorporated,NASDAQ,Pharmaceuticals: Major,118.54,117.17,115.34,114.79,115.12,98.24,79.78,70.68,117.61,116.18,119.16,115.8,4.71,4.44,5.26,859706.1,1436400.4,170270903.0,164887754.0,0.55,-0.87,12813983734.379766,8.88,74,27.94,61,179.97,12,72.27,0.67,2.78,0.46,0.64,52.1,0.108,39.22,True,True,True,True,True,True,True,True,False,True,False,True,False,True,False,False,2026-11-04,False,False,6,,"EMA, near21, ADR",10,https://www.tradingview.com/chart/?symbol=NASDAQ:CORT&interval=D,False,False,True
RNG,"RingCentral, Inc.",NYSE,Packaged Software,78.35,76.92,75.96,74.29,69.83,55.6,50.29,45.15,77.16,75.4,78.85,76.76,4.01,4.03,3.16,1407470.8,1543992.6666666667,120971825.0,114700642.0,1.09,0.74,6542708002.056439,8.71,76,89.39,8,112.39,35,70.16,3.03,3.15,0.97,0.66,50.4,0.155,40.55,True,True,True,True,False,True,True,True,False,True,False,True,False,False,False,False,2026-11-09,False,False,5,thin RVOL,"EMA, near21, ADR",9,https://www.tradingview.com/chart/?symbol=NYSE:RNG&interval=D,False,True,False
PBF,PBF Energy Inc.,NYSE,Oil Refining/Marketing,89.34,80.34,77.17,76.23,73.51,60.7,54.94,49.42,81.56,78.32,89.48,84.83,5.18,5.12,4.57,2977645.5,3627569.566666667,324087065.0,276517536.0,1.03,2.06,10590081835.220364,16.78,44,64.96,15,121.96,29,67.9,4.21,15.77,2.75,1.02,98.7,0.264,34.61,True,True,True,True,False,False,False,False,False,False,True,False,False,True,False,False,2026-10-29,False,True,3,"LoD>60% ATR, >4x 50-MA, large gap",EMA,5,https://www.tradingview.com/chart/?symbol=NYSE:PBF&interval=D,False,True,False
SDEV,Stablecoin Development Corporation,AMEX,Investment Banks/Brokers,1.99,3.2,2.1,1.7,1.44,1.33,1.38,6.27,2.95,2.39,2.48,1.92,62.99,55.63,1.11,70986695.1,24278733.933333334,48314681.0,41288253.0,0.3,-11.15,102985201.5323741,124.86,1,47.41,30,27.56,133,66.61,0.69,-5.36,0.3,0.51,6.3,3.041,248.23,False,False,False,False,False,True,True,True,False,True,False,True,False,False,False,False,2026-11-05,False,True,3,"thin RVOL, below 200-MA, large gap","near21, ADR",5,https://www.tradingview.com/chart/?symbol=AMEX:SDEV&interval=D,True,False,False
FIVN,"Five9, Inc.",NASDAQ,Packaged Software,35.15,34.51,34.58,34.05,33.04,28.03,24.38,22.86,34.53,34.27,35.29,33.66,5.84,5.48,1.93,2129761.3,2210499.2,77699047.0,75278550.0,0.87,0.36,2626532112.3815866,7.82,81,36.25,48,154.53,19,66.2,1.17,1.64,0.47,0.85,77.3,0.221,33.35,True,True,True,True,True,True,True,False,False,True,False,False,False,False,False,False,2026-11-09,False,False,4,"LoD>60% ATR, thin RVOL","EMA, near21",8,https://www.tradingview.com/chart/?symbol=NASDAQ:FIVN&interval=D,False,False,True
XMTR,"Xometry, Inc.",NASDAQ,Information Technology Services,106.48,105.02,100.08,97.22,93.83,92.33,78.07,73.36,104.96,101.17,108.0,103.83,5.22,4.93,5.25,738317.9,778112.0333333333,82853369.0,75644291.0,0.68,-0.9,6103814309.4612255,15.04,49,13.42,95,159.64,16,62.7,2.74,6.4,1.06,0.79,50.5,0.289,29.73,True,True,True,True,False,True,True,False,False,True,False,True,False,False,False,False,2026-11-05,False,False,5,thin RVOL,"EMA, near21",8,https://www.tradingview.com/chart/?symbol=NASDAQ:XMTR&interval=D,False,False,True
QLYS,"Qualys, Inc.",NASDAQ,Packaged Software,193.86,187.95,182.81,180.46,179.22,152.62,131.59,128.83,190.35,185.13,201.79,187.21,4.43,4.82,9.34,663458.0,736663.7666666667,142809638.0,132940308.0,1.41,0.1,6706586936.91235,14.22,51,20.98,74,150.43,20,61.88,1.69,6.04,0.98,1.56,71.2,0.241,30.49,True,True,True,True,False,True,False,False,False,True,True,False,False,False,True,False,2026-11-04,False,False,4,"LoD>60% ATR, thin RVOL","EMA, near21, RVOL",6,https://www.tradingview.com/chart/?symbol=NASDAQ:QLYS&interval=D,False,False,True
BAND,Bandwidth Inc.,NASDAQ,Packaged Software,51.95,60.4,57.16,54.19,51.83,56.94,46.48,38.41,58.43,57.02,57.7,51.32,8.95,8.62,4.48,805752.5,919852.2666666667,47786325.0,49851087.0,1.21,-1.41,1671791932.6587784,21.35,30,-34.13,358,196.69,8,61.3,0.03,-9.12,1.03,1.43,14.1,0.358,42.33,False,False,False,True,False,True,False,False,False,True,True,True,False,False,True,False,2026-10-29,False,False,5,thin RVOL,"near21, RVOL",4,https://www.tradingview.com/chart/?symbol=NASDAQ:BAND&interval=D,False,False,True
AMC,"AMC Entertainment Holdings, Inc.",NYSE,Movies/Entertainment,2.88,2.93,2.83,2.74,2.68,2.35,2.01,1.87,2.88,2.82,2.96,2.75,7.76,6.85,0.2,29303416.500000037,27791504.76666667,80039534.0,76222834.0,0.82,-1.91,2570701391.0000005,9.92,68,49.22,26,113.33,34,57.49,1.09,1.84,0.3,1.09,65.9,0.276,37.11,False,False,False,True,True,True,False,False,False,True,True,False,False,False,False,False,2026-11-11,False,False,4,"LoD>60% ATR, thin RVOL",near21,4,https://www.tradingview.com/chart/?symbol=NYSE:AMC&interval=D,False,False,False
SMTC,Semtech Corporation,NASDAQ,Semiconductors,187.49,186.83,177.99,166.71,152.14,149.45,131.7,119.34,186.73,177.08,196.99,184.25,5.2,5.83,10.92,2844348.6,3165786.7,593553348.0,527781492.0,1.57,-2.1,17497620862.819954,24.99,20,40.97,41,103.57,39,56.51,3.99,5.34,1.01,1.17,29.7,0.292,36.0,True,True,True,True,False,True,False,False,False,True,True,True,True,True,True,False,2026-12-02,False,True,5,large gap,"EMA, near21, RVOL",7,https://www.tradingview.com/chart/?symbol=NASDAQ:SMTC&interval=D,True,False,False
ILMN,"Illumina, Inc.",NASDAQ,Medical Specialties,264.57,272.59,254.61,240.89,225.45,199.17,175.77,165.57,268.04,255.75,266.14,254.0,5.75,5.33,14.09,3269242.3,3629190.466666667,960174922.0,874228433.0,0.96,-1.52,39950071457.42736,21.0,31,36.85,45,111.54,36,56.46,3.26,3.91,0.65,0.86,75.0,0.368,40.45,False,False,False,True,False,True,True,False,False,True,False,False,False,True,False,False,2026-10-29,False,False,5,LoD>60% ATR,near21,4,https://www.tradingview.com/chart/?symbol=NASDAQ:ILMN&interval=D,False,False,False
ZETA,Zeta Global Holdings Corp.,NYSE,Packaged Software,33.03,31.66,31.05,31.02,29.42,25.04,22.37,21.57,32.15,31.25,33.74,32.3,4.49,4.45,1.47,6731983.8,6800887.5,224633314.0,210929526.0,1.09,-1.22,8290979417.496739,6.27,92,46.8,31,114.06,33,55.71,2.76,6.39,1.28,0.98,49.6,0.183,30.54,True,True,True,True,False,True,True,False,False,True,False,True,False,False,False,False,2026-11-10,False,False,5,thin RVOL,"EMA, near21",8,https://www.tradingview.com/chart/?symbol=NYSE:ZETA&interval=D,False,False,False
U,Unity Software Inc.,NYSE,Packaged Software,45.89,43.12,42.94,42.69,42.51,35.68,31.53,31.93,44.02,43.21,47.35,45.43,4.89,4.5,2.07,11138959.6,10248375.933333334,470297972.0,437451927.0,1.23,1.77,20195680305.71435,10.58,63,42.34,37,109.64,38,54.19,1.77,6.86,1.38,0.93,22.3,0.165,25.26,True,True,True,True,False,True,True,False,False,True,False,True,False,True,True,False,2026-11-11,False,False,6,,"EMA, near21, RVOL",8,https://www.tradingview.com/chart/?symbol=NYSE:U&interval=D,False,False,False
TWLO,Twilio Inc.,NYSE,Packaged Software,275.77,287.2,272.16,259.04,244.41,223.03,197.04,178.97,282.23,272.3,280.53,273.46,6.01,5.25,14.47,6413823.5,3613312.2333333334,996443115.0,935977948.0,0.28,0.32,42351440027.55326,20.41,33,20.69,75,121.32,30,54.14,2.45,1.33,0.24,0.49,16.0,0.355,39.24,False,False,False,True,True,True,True,True,False,True,False,True,False,True,False,False,2026-10-29,False,False,6,,"near21, ADR",7,https://www.tradingview.com/chart/?symbol=NYSE:TWLO&interval=D,False,False,False
MRVL,"Marvell Technology, Inc.",NASDAQ,Semiconductors,274.66,269.93,256.51,244.55,234.65,236.8,200.6,170.83,270.67,258.86,283.9,265.79,4.74,5.27,14.48,21055945.0,21366617.266666666,5868555098.0,5225259669.0,1.5,-2.49,240849354509.41577,21.0,32,15.51,86,122.11,28,52.87,3.23,7.08,1.16,1.25,61.3,0.292,36.08,True,True,True,True,False,True,False,False,False,True,True,False,False,True,True,False,2026-11-26,False,True,4,"LoD>60% ATR, large gap","EMA, near21, RVOL",6,https://www.tradingview.com/chart/?symbol=NASDAQ:MRVL&interval=D,False,False,False
SECZ,Securitize Corp.,NYSE,Packaged Software,12.66,13.82,12.38,10.63,9.05,9.81,10.3,10.61,12.87,12.07,12.82,10.85,13.74,11.55,1.46,4392696.0,4208667.566666666,53281731.0,44756374.0,1.73,2.06,2066943516.5736845,68.8,3,71.31,14,16.68,166,52.26,3.45,2.26,0.42,1.35,123.7,0.924,37.67,False,False,False,True,True,True,False,False,False,True,True,False,True,True,True,False,2026-11-13,False,True,4,"LoD>60% ATR, large gap","near21, RVOL",4,https://www.tradingview.com/chart/?symbol=NYSE:SECZ&interval=D,True,True,False
ALAB,"Astera Labs, Inc.",NASDAQ,Semiconductors,347.05,361.79,335.49,320.72,316.61,334.4,275.84,245.51,358.57,342.78,383.14,342.54,7.02,7.11,24.67,4255147.4,4099898.3666666667,1422869728.0,1314920771.0,1.63,-1.98,60208006530.75109,14.16,52,-15.23,229,157.59,18,52.18,1.35,3.44,0.18,1.65,18.3,0.484,33.51,False,False,False,True,False,True,False,False,False,True,True,True,True,True,True,False,2026-11-03,False,False,6,,"near21, RVOL",4,https://www.tradingview.com/chart/?symbol=NASDAQ:ALAB&interval=D,False,False,True
MU,"Micron Technology, Inc.",NASDAQ,Semiconductors,1035.84,1067.21,1035.57,1013.6,973.1,965.8,805.94,697.92,1058.68,1038.62,1088.5,1032.1,4.2,4.5,46.64,26788366.4,25862960.566666666,26789889073.0,26214739935.0,1.15,-0.97,1169870513906.25,-0.05,136,7.34,112,146.46,22,51.25,1.43,0.03,0.06,1.21,8.0,0.218,35.65,False,False,False,True,True,True,False,False,False,True,True,True,False,True,False,False,2026-12-23,False,False,6,,near21,5,https://www.tradingview.com/chart/?symbol=NASDAQ:MU&interval=D,False,False,False
FCEL,"FuelCell Energy, Inc.",NASDAQ,Electronic Equipment/Instruments,17.24,17.53,17.12,16.93,18.43,20.18,16.66,14.52,17.8,17.56,18.33,16.56,6.97,9.78,1.69,7139001.599999999,6979437.333333328,120360397.0,118133956.0,1.6,-2.31,1378810042.842908,13.64,54,-23.83,306,162.08,14,50.63,-0.66,0.72,0.19,1.05,40.6,0.3,32.81,False,False,False,True,True,True,False,False,False,True,True,True,True,True,True,False,2026-12-17,False,True,5,large gap,"near21, RVOL",5,https://www.tradingview.com/chart/?symbol=NASDAQ:FCEL&interval=D,False,False,True
HTFL,"Heartflow, Inc.",NASDAQ,Packaged Software,47.63,49.68,49.49,49.16,44.07,36.51,33.48,32.28,49.46,48.81,49.66,46.5,5.54,5.62,2.68,1734228.5,1952985.5,93020699.0,96017881.0,1.18,-1.66,4141601378.7589145,-1.75,146,71.64,13,78.26,60,49.38,1.44,-3.75,0.43,1.18,42.2,0.088,36.53,False,False,False,True,False,True,False,False,True,True,True,True,False,False,False,False,2026-11-18,False,False,5,thin RVOL,"near21, BB",5,https://www.tradingview.com/chart/?symbol=NASDAQ:HTFL&interval=D,False,True,False
COHU,"Cohu, Inc.",NASDAQ,Semiconductors,68.37,69.7,63.56,58.94,56.7,56.25,50.19,44.78,68.87,64.67,71.92,67.01,4.72,5.28,3.61,1086117.2,1023501.8,69976818.0,60322637.0,1.01,-1.86,3236528561.1044083,33.43,12,24.65,65,89.97,50,49.35,3.9,7.57,1.08,1.36,37.7,0.476,36.45,False,False,False,True,False,True,False,False,False,True,True,True,False,False,False,False,2026-10-29,False,False,5,thin RVOL,near21,4,https://www.tradingview.com/chart/?symbol=NASDAQ:COHU&interval=D,True,False,False
TENB,"Tenable Holdings, Inc.",NASDAQ,Packaged Software,39.01,36.82,36.18,35.83,35.7,33.58,28.93,27.18,37.53,36.58,40.07,37.45,4.5,5.15,2.01,3294778.4,5191450.6,202518488.0,186005349.0,1.5,0.0,4296560629.617617,15.83,46,-7.12,186,136.57,23,48.42,1.8,7.82,1.29,1.3,77.3,0.23,24.71,True,True,True,True,False,True,False,False,False,True,True,False,False,False,True,False,2026-11-04,False,False,4,"LoD>60% ATR, thin RVOL","EMA, near21, RVOL",6,https://www.tradingview.com/chart/?symbol=NASDAQ:TENB&interval=D,False,False,False
ETON,"Eton Pharmaceuticals, Inc.",NASDAQ,Pharmaceuticals: Major,54.75,55.49,56.05,57.35,55.42,45.39,38.43,32.89,55.32,55.91,55.47,52.7,6.63,6.1,3.34,771941.9,582622.3,31898571.0,33416011.0,0.69,-1.35,1564926705.2979226,-4.57,179,46.78,32,102.1,40,48.11,-0.2,-2.32,0.34,0.83,61.4,0.147,42.3,False,False,False,True,True,True,True,False,False,True,False,False,False,False,False,False,2026-11-05,False,False,4,"LoD>60% ATR, thin RVOL",near21,5,https://www.tradingview.com/chart/?symbol=NASDAQ:ETON&interval=D,False,False,False
MANE,"Veradermics, Incorporated",NYSE,Pharmaceuticals: Major,126.63,117.0,112.74,108.23,107.9,107.65,97.01,,116.32,113.24,136.72,110.56,6.34,6.02,7.62,910039.7,790718.7333333333,100128713.0,85578961.0,5.64,0.59,5290618490.199368,27.91,19,1.74,140,110.84,37,46.83,2.88,12.32,1.96,3.43,210.9,0.251,15.78,False,True,True,False,False,False,False,False,False,False,True,False,True,True,True,False,2026-12-02,False,False,4,"LoD>60% ATR, below 200-MA","EMA, RVOL",3,https://www.tradingview.com/chart/?symbol=NYSE:MANE&interval=D,True,False,False
SMCI,"Super Micro Computer, Inc.",NASDAQ,Computer Processing Hardware,42.77,42.71,41.08,40.07,37.72,35.11,32.67,32.26,42.67,41.28,44.33,41.87,4.72,5.42,2.32,33634294.4,36264557.03333333,1551035104.0,1453144977.0,1.17,-2.02,28098409002.61994,7.83,80,51.13,25,80.92,59,46.63,2.47,4.12,0.67,1.06,38.8,0.231,24.42,True,True,True,True,False,True,False,False,False,True,True,True,False,True,False,False,2026-11-03,False,True,5,large gap,"EMA, near21",7,https://www.tradingview.com/chart/?symbol=NASDAQ:SMCI&interval=D,False,False,False
APPN,Appian Corporation,NASDAQ,Packaged Software,38.66,36.8,37.16,37.75,36.34,30.0,27.67,28.03,37.4,37.15,38.81,37.06,4.73,5.1,1.97,858395.9,897433.9333333333,34694796.0,33874840.0,1.39,0.21,2769149789.2786016,3.37,111,51.13,24,84.01,56,46.17,1.25,4.04,0.8,0.89,81.2,0.13,24.55,True,True,True,True,False,True,True,False,False,True,False,False,False,False,True,False,2026-10-29,False,False,4,"LoD>60% ATR, thin RVOL","EMA, near21, RVOL",7,https://www.tradingview.com/chart/?symbol=NASDAQ:APPN&interval=D,False,False,False
ATRC,"AtriCure, Inc.",NASDAQ,Medical Specialties,52.84,55.6,56.74,54.87,50.37,40.5,36.57,36.6,55.05,54.91,53.46,51.63,4.92,4.53,2.39,1163601.5,1374163.1666666667,72610782.0,75401478.0,0.48,-0.45,2687775089.798537,-2.71,161,51.8,23,88.98,52,46.02,1.08,-6.87,0.83,0.76,50.6,0.16,38.17,False,False,False,True,False,True,True,True,False,True,False,True,False,False,False,False,2026-11-04,False,False,5,thin RVOL,"near21, ADR",6,https://www.tradingview.com/chart/?symbol=NASDAQ:ATRC&interval=D,False,False,False
FROG,JFrog Ltd.,NASDAQ,Packaged Software,97.25,95.03,93.66,93.35,91.35,87.18,74.2,69.05,95.93,94.22,99.87,96.83,4.56,4.82,4.68,1404985.3,1781541.1,173254872.0,166300329.0,0.8,-0.56,11991053100.494139,15.43,48,0.52,152,119.18,32,45.04,1.34,3.84,0.67,0.65,9.0,0.143,26.71,True,True,True,True,False,True,True,True,False,True,False,True,False,True,False,False,2026-11-04,False,False,6,,"EMA, near21, ADR",9,https://www.tradingview.com/chart/?symbol=NASDAQ:FROG&interval=D,False,False,False
OSCR,"Oscar Health, Inc.",NYSE,Managed Health Care,33.1,31.15,31.42,31.36,31.01,29.35,24.81,22.28,31.75,31.41,33.42,32.25,4.4,4.77,1.58,4514274.9,5238950.133333334,173409249.0,164289984.0,0.88,-0.49,9051823663.64327,3.44,109,4.35,125,125.63,26,44.47,1.41,5.36,1.12,0.74,53.9,0.173,27.61,True,True,True,True,False,True,True,False,False,True,False,True,False,False,False,False,2026-11-10,False,False,5,thin RVOL,"EMA, near21",8,https://www.tradingview.com/chart/?symbol=NYSE:OSCR&interval=D,False,False,False
CLMT,"Calumet, Inc",NASDAQ,Oil Refining/Marketing,57.75,54.71,55.84,54.58,51.08,43.92,39.9,35.82,55.65,54.79,58.23,56.87,4.08,3.87,2.24,1466292.9,1463999.9,84545994.0,79904627.0,0.95,1.71,5076122952.087405,7.08,88,48.38,28,74.1,62,43.19,3.37,3.41,1.4,0.61,39.3,0.147,34.67,True,True,True,True,False,True,True,True,False,True,False,True,False,False,False,False,2026-11-06,False,False,5,thin RVOL,"EMA, near21, ADR",9,https://www.tradingview.com/chart/?symbol=NASDAQ:CLMT&interval=D,False,False,False
PURR,Hyperliquid Strategies Inc,NASDAQ,Financial Conglomerates,11.3,12.15,12.5,12.31,10.55,9.35,8.18,7.15,12.17,12.12,11.58,10.92,7.24,8.8,0.99,15911366.6,23784949.5,268769929.0,292812549.0,0.85,-2.73,3144465237.2293267,-3.67,169,40.72,42,89.92,51,42.32,0.81,-9.61,0.76,0.66,38.2,0.303,47.39,False,False,False,True,False,True,True,False,False,True,False,True,False,False,False,False,2026-12-02,False,True,4,"thin RVOL, large gap",near21,5,https://www.tradingview.com/chart/?symbol=NASDAQ:PURR&interval=D,False,False,False
MAN,ManpowerGroup,NYSE,Personnel Services,54.36,55.03,56.25,57.62,57.55,47.48,41.24,38.54,54.72,55.92,54.43,52.45,4.43,4.32,2.35,944199.8,827049.7,44958422.0,47651847.0,0.83,0.0,2528042705.104596,-10.21,234,41.01,40,91.61,48,40.8,-1.29,-3.36,0.64,0.84,81.4,0.127,34.97,False,False,False,True,False,True,True,False,False,True,False,False,False,False,False,False,2026-10-15,False,False,4,"LoD>60% ATR, thin RVOL",near21,4,https://www.tradingview.com/chart/?symbol=NYSE:MAN&interval=D,False,False,False
NET,"Cloudflare, Inc.",NYSE,Information Technology Services,341.89,350.2,343.21,326.95,314.47,280.27,256.08,238.31,347.41,338.95,349.78,337.0,4.45,4.59,15.69,2689234.6,3070996.6666666665,1049943050.0,1004074644.0,0.88,-0.86,121740093994.06487,22.93,29,22.22,69,76.95,61,40.7,1.9,-0.38,0.19,0.81,31.2,0.161,32.73,False,False,False,True,True,True,True,False,False,True,False,True,False,True,False,False,2026-10-29,False,False,6,,near21,6,https://www.tradingview.com/chart/?symbol=NYSE:NET&interval=D,False,False,False
RVTY,"Revvity, Inc.",NYSE,Medical Specialties,152.16,152.48,146.67,140.36,131.28,118.3,108.87,107.41,151.3,145.94,152.54,146.7,4.0,3.88,5.91,2113946.5,2169722.1,330144915.0,304543640.0,0.66,-1.02,16978986578.431252,18.41,34,34.09,50,67.82,71,40.11,4.1,3.74,1.1,0.99,92.4,0.222,29.62,False,False,True,True,False,True,True,False,False,True,False,False,False,True,False,False,2026-11-03,False,False,4,"LoD>60% ATR, >4x 50-MA","EMA, near21",5,https://www.tradingview.com/chart/?symbol=NYSE:RVTY&interval=D,False,False,False
SAIL,"SailPoint, Inc.",NASDAQ,Packaged Software,20.02,20.3,20.29,19.85,19.24,17.26,15.71,16.04,20.19,20.04,20.18,19.4,5.57,5.66,1.13,5260045.9,5396380.9,108035546.0,107091179.0,0.77,-0.72,11429650609.292135,8.04,78,30.98,54,81.01,58,40.01,0.71,-1.32,0.01,0.69,54.7,0.18,22.95,False,False,False,True,True,True,True,True,False,True,False,True,False,True,False,False,2026-12-15,False,False,6,,"near21, ADR",7,https://www.tradingview.com/chart/?symbol=NASDAQ:SAIL&interval=D,False,False,False
DK,"Delek US Holdings, Inc.",NYSE,Oil Refining/Marketing,76.6,72.71,74.07,73.77,70.55,60.97,55.08,49.34,74.22,73.36,77.27,75.13,4.66,4.92,3.77,2156304.5,2484042.066666667,190277622.0,183258547.0,0.72,1.76,4690384465.422741,1.42,122,34.79,49,82.21,57,39.47,1.74,3.41,0.9,0.57,39.0,0.211,32.3,True,True,True,True,False,True,True,True,False,True,False,True,False,False,False,False,2026-11-11,False,False,5,thin RVOL,"EMA, near21, ADR",9,https://www.tradingview.com/chart/?symbol=NYSE:DK&interval=D,False,False,False
AZTA,"Azenta, Inc.",NASDAQ,Medical/Nursing Services,36.0,36.46,34.85,33.77,33.36,28.68,26.5,28.25,36.57,35.27,36.19,34.92,6.51,6.22,2.24,1540797.8,1076278.5333333334,38746027.0,36347002.0,0.81,-0.42,1577102207.4115353,16.81,43,41.12,39,59.57,79,39.17,1.27,3.31,0.33,0.57,48.0,0.301,27.68,False,False,False,True,False,True,True,True,False,True,False,True,False,False,False,False,2026-11-17,False,False,5,thin RVOL,"near21, ADR",6,https://www.tradingview.com/chart/?symbol=NASDAQ:AZTA&interval=D,False,False,False
ASAN,"Asana, Inc.",NYSE,Packaged Software,9.87,8.95,9.2,9.29,9.22,8.26,7.65,8.3,9.19,9.16,9.94,9.28,5.6,5.93,0.59,5863406.0,7844627.466666667,77426473.0,72871359.0,1.07,0.32,2259935067.897106,13.06,57,30.21,56,72.55,65,38.61,1.2,7.32,1.31,1.13,100.7,0.207,15.86,True,True,True,True,False,True,False,False,False,True,True,False,False,False,False,False,2026-12-08,False,False,4,"LoD>60% ATR, thin RVOL","EMA, near21",6,https://www.tradingview.com/chart/?symbol=NYSE:ASAN&interval=D,False,False,False
BB,BlackBerry Limited,NYSE,Packaged Software,8.63,8.93,8.52,8.31,8.39,8.91,7.41,6.47,8.87,8.65,9.04,8.49,6.91,6.09,0.53,21991192.2,16558695.53333334,142901542.0,137613799.0,0.56,-0.57,5066088208.159074,11.93,60,-23.76,305,121.28,31,36.48,0.46,1.31,0.04,1.05,25.7,0.264,28.48,False,False,False,True,True,True,False,False,False,True,True,True,False,False,False,False,2026-12-17,False,False,5,thin RVOL,near21,5,https://www.tradingview.com/chart/?symbol=NYSE:BB&interval=D,False,False,False
SG,"Sweetgreen, Inc.",NYSE,Restaurants,9.57,8.88,8.09,7.66,7.06,7.61,7.11,6.94,8.86,8.26,9.64,8.98,4.73,4.77,0.46,5681675.6,5176410.366666666,49538247.0,39630598.0,1.14,-0.98,1139225379.9530568,31.28,15,18.15,82,58.18,81,35.87,7.44,18.29,3.31,1.47,130.2,0.447,20.27,True,True,True,True,False,False,False,False,False,False,True,False,False,False,False,False,2026-11-05,False,False,3,"LoD>60% ATR, >4x 50-MA, thin RVOL",EMA,5,https://www.tradingview.com/chart/?symbol=NYSE:SG&interval=D,True,False,False
NAT,Nordic American Tankers Limited,NYSE,Marine Shipping,8.58,8.14,7.98,7.66,7.24,6.51,6.23,5.74,8.18,7.92,8.61,8.31,4.04,3.91,0.34,5265024.4,5222614.2,44810030.0,40029597.0,1.11,1.46,1816820638.1364188,17.21,41,42.29,38,45.67,100,35.06,4.71,7.5,2.14,0.89,80.4,0.151,27.87,True,True,True,True,False,False,True,False,False,False,False,False,False,False,False,False,2026-12-02,False,False,3,"LoD>60% ATR, >4x 50-MA, thin RVOL",EMA,6,https://www.tradingview.com/chart/?symbol=NYSE:NAT&interval=D,False,False,False
NEO,"NeoGenomics, Inc.",NASDAQ,Medical/Nursing Services,16.02,17.96,18.46,18.21,17.44,14.88,12.69,12.43,17.55,17.9,16.09,15.41,6.57,6.31,1.01,2712680.8,2333717.566666667,37386155.0,42496608.0,1.32,-1.57,2058176476.775203,-6.59,197,8.98,109,101.0,42,34.46,-1.29,-13.21,1.66,0.67,60.3,0.25,37.64,False,False,False,True,False,False,True,True,False,True,False,False,False,False,True,False,2026-11-10,False,False,4,"LoD>60% ATR, thin RVOL","ADR, RVOL",4,https://www.tradingview.com/chart/?symbol=NASDAQ:NEO&interval=D,False,False,False
BFLY,"Butterfly Network, Inc.",NYSE,Medical Specialties,8.03,8.85,8.54,8.28,8.5,7.44,6.42,5.77,8.64,8.58,8.17,7.79,8.98,8.59,0.69,5791720.0,5596703.233333333,44941527.0,46331375.0,1.24,-1.81,2178420138.52237,10.0,67,0.75,149,92.57,47,34.44,-0.64,-5.96,0.74,0.55,34.8,0.36,38.27,False,False,False,True,False,True,True,True,False,True,False,True,False,False,True,False,2026-10-29,False,False,5,thin RVOL,"near21, ADR, RVOL",6,https://www.tradingview.com/chart/?symbol=NYSE:BFLY&interval=D,False,False,False
CRDO,Credo Technology Group Holding Ltd,NASDAQ,Information Technology Services,211.86,208.48,191.17,190.84,209.55,220.87,194.83,178.88,208.23,201.71,224.45,206.66,6.54,6.95,14.73,8592315.8,9121168.433333334,1932410744.0,1740698986.0,1.16,-2.25,39819492682.866875,24.23,25,-19.67,270,95.84,44,33.47,0.16,10.82,0.72,1.21,35.3,0.467,19.82,False,True,True,True,False,True,False,False,False,True,True,True,False,True,False,False,2026-12-02,False,True,5,large gap,"EMA, near21",6,https://www.tradingview.com/chart/?symbol=NASDAQ:CRDO&interval=D,False,False,False
CRL,"Charles River Laboratories International, Inc.",NYSE,Miscellaneous Commercial Services,298.0,296.94,288.14,287.56,281.83,241.53,217.36,212.13,296.43,291.19,298.27,288.42,4.22,4.01,11.96,1011747.9,982094.6,292664191.0,282415706.0,1.12,-1.1,14226183434.652014,4.34,102,26.81,63,69.22,68,33.46,1.43,3.42,0.58,0.82,80.1,0.152,28.46,True,True,True,True,False,True,True,False,False,True,False,False,False,True,False,False,2026-11-11,False,False,5,LoD>60% ATR,"EMA, near21",7,https://www.tradingview.com/chart/?symbol=NYSE:CRL&interval=D,False,False,False
CBRL,"Cracker Barrel Old Country Store, Inc.",NASDAQ,Restaurants,55.34,54.25,50.47,51.55,53.95,49.38,42.64,39.65,54.07,52.78,56.44,54.6,4.77,4.46,2.47,888330.6,1047784.1333333333,57984374.0,54012050.0,0.97,-1.01,1236983528.2039008,1.1,128,11.43,101,86.71,53,33.08,0.58,9.65,1.09,0.74,30.0,0.355,26.39,True,True,True,True,False,True,True,True,False,True,False,True,False,False,False,False,2026-11-27,False,False,5,thin RVOL,"EMA, near21, ADR",9,https://www.tradingview.com/chart/?symbol=NASDAQ:CBRL&interval=D,False,False,False
VSXY,Victorias Secret & Co.,NYSE,Apparel/Footwear Retail,86.61,87.6,83.04,82.32,85.36,80.23,69.64,67.08,86.46,84.94,86.68,82.83,4.35,4.66,4.03,1625821.6,2023920.2,175291729.0,166602364.0,1.42,-1.14,6908363411.924466,17.82,39,13.26,96,67.56,72,32.88,0.31,4.3,0.42,0.95,93.7,0.274,23.7,False,False,True,True,False,True,True,False,False,True,False,False,False,False,True,False,2026-12-02,False,False,4,"LoD>60% ATR, thin RVOL","EMA, near21, RVOL",5,https://www.tradingview.com/chart/?symbol=NYSE:VSXY&interval=D,False,False,False
SBET,"Sharplink, Inc.",NASDAQ,Advertising/Marketing Services,8.81,9.36,9.28,9.03,8.13,6.9,7.0,7.38,9.27,9.12,8.84,8.4,5.58,6.52,0.57,6479480.0,8364369.166666692,73690092.0,75552559.0,1.41,-2.57,1913739895.328492,1.38,124,58.74,17,34.5,123,31.54,1.28,-5.05,0.51,0.76,70.8,0.25,27.95,False,False,False,True,False,True,True,False,False,True,False,False,False,False,True,False,2026-11-12,False,True,3,"LoD>60% ATR, thin RVOL, large gap","near21, RVOL",4,https://www.tradingview.com/chart/?symbol=NASDAQ:SBET&interval=D,False,True,False
GCT,GigaCloud Technology Inc,NASDAQ,Wholesale Distributors,56.42,53.74,53.25,52.48,51.39,43.3,43.41,42.51,54.31,53.23,57.33,54.89,4.57,4.42,2.49,643729.5,659887.9,37230875.0,34630807.0,1.67,-1.05,2014771559.925304,8.92,73,62.97,16,21.46,149,31.12,2.22,5.96,1.36,0.98,61.4,0.106,19.92,True,True,True,True,False,True,True,False,False,True,False,False,True,True,True,False,2026-11-26,False,False,5,LoD>60% ATR,"EMA, near21, RVOL",7,https://www.tradingview.com/chart/?symbol=NASDAQ:GCT&interval=D,False,True,False
SHOP,Shopify Inc.,NASDAQ,Miscellaneous Commercial Services,164.56,153.84,144.56,143.53,143.85,129.6,126.13,129.52,155.69,149.29,167.94,164.02,4.05,3.94,6.48,7297972.6,9399928.6,1546852250.0,1349187419.0,0.96,-0.45,211730138228.63452,16.13,45,29.82,57,45.62,101,30.52,3.66,13.84,2.6,0.6,8.3,0.337,16.84,True,True,True,True,False,False,True,True,False,True,False,True,False,True,False,False,2026-11-03,False,False,6,,"EMA, ADR",8,https://www.tradingview.com/chart/?symbol=NASDAQ:SHOP&interval=D,False,False,False
GH,"Guardant Health, Inc.",NASDAQ,Medical Specialties,165.56,175.5,174.85,170.63,167.56,153.63,132.13,125.42,173.52,172.84,167.28,161.61,4.82,5.04,8.34,1868461.2,1874657.0666666667,310368224.0,319867111.0,0.81,-1.24,22217517649.380142,-0.33,137,0.99,147,90.06,49,30.24,-0.24,-5.31,0.84,0.68,47.4,0.144,30.25,False,False,False,True,False,True,True,True,False,True,False,True,False,True,False,False,2026-10-29,False,False,6,,"near21, ADR",6,https://www.tradingview.com/chart/?symbol=NASDAQ:GH&interval=D,False,False,False
SLS,"SELLAS Life Sciences Group, Inc.",NASDAQ,Pharmaceuticals: Major,11.26,11.56,11.59,12.33,12.37,11.37,9.27,7.96,11.54,11.84,11.34,10.71,6.24,7.22,0.81,4602061.5,6315037.766666667,71107325.0,77855996.0,0.91,-1.24,2273908770.1644564,-18.23,318,-15.15,228,123.86,27,30.16,-1.25,-2.83,0.67,0.78,67.7,0.091,39.17,False,False,False,True,True,True,True,False,True,True,False,False,False,False,False,False,2026-11-18,False,False,4,"LoD>60% ATR, thin RVOL","near21, BB",6,https://www.tradingview.com/chart/?symbol=NASDAQ:SLS&interval=D,False,False,False
GPRO,"GoPro, Inc.",NASDAQ,Electronics/Appliances,1.18,1.3,1.31,1.28,1.03,0.93,0.96,1.02,1.28,1.26,1.23,1.18,6.05,9.0,0.11,9556812.2,65989016.93333333,77867040.0,84611557.0,1.23,0.82,220828427.59016392,-24.6,369,55.37,21,58.22,80,29.66,1.58,-9.6,0.69,0.47,0.0,0.144,31.45,False,False,False,True,False,True,True,True,False,True,False,True,False,False,True,False,2026-11-05,False,False,5,thin RVOL,"near21, ADR, RVOL",6,https://www.tradingview.com/chart/?symbol=NASDAQ:GPRO&interval=D,False,True,False
AYA,Aya Gold & Silver Inc.,NASDAQ,Precious Metals,26.32,27.01,27.54,27.9,26.98,23.02,20.95,20.01,27.03,27.3,26.57,25.75,4.26,5.43,1.43,988549.0,1268593.3,33389376.0,35392062.0,0.78,-1.07,3791032189.4726686,-8.84,214,32.06,53,64.4,74,29.21,-0.45,-4.44,0.66,0.57,39.9,0.149,28.62,False,False,False,True,False,True,True,True,False,True,False,True,False,False,False,False,2026-11-17,False,False,5,thin RVOL,"near21, ADR",6,https://www.tradingview.com/chart/?symbol=NASDAQ:AYA&interval=D,False,False,False
AMLX,"Amylyx Pharmaceuticals, Inc.",NASDAQ,Pharmaceuticals: Major,27.2,28.4,30.38,31.6,30.0,23.05,20.49,18.83,28.52,29.69,27.53,26.04,4.86,5.59,1.52,1396573.7,1552928.3666666667,42239652.0,49070725.0,2.05,-1.53,3413954896.040831,-18.78,325,48.35,29,56.68,83,28.75,-1.67,-10.46,1.5,0.98,76.3,0.294,42.46,False,False,False,True,False,False,True,False,False,False,False,False,True,True,True,False,2026-11-05,False,False,5,LoD>60% ATR,RVOL,3,https://www.tradingview.com/chart/?symbol=NASDAQ:AMLX&interval=D,False,False,False
SWKS,"Skyworks Solutions, Inc.",NASDAQ,Semiconductors,80.75,84.95,86.54,81.72,75.86,72.38,68.06,66.14,84.13,83.31,81.6,78.43,5.07,5.69,4.59,8961947.1,8482722.033333333,684979804.0,693171286.0,0.86,-2.39,18989617634.522953,7.67,85,36.26,46,41.57,109,28.5,1.13,-6.69,0.54,0.69,50.5,0.157,25.26,False,False,False,True,False,True,True,False,False,True,False,True,False,True,False,False,2026-10-29,False,True,5,large gap,near21,5,https://www.tradingview.com/chart/?symbol=NASDAQ:SWKS&interval=D,False,False,False
OUST,"Ouster, Inc.",NASDAQ,Semiconductors,39.53,42.04,39.26,38.0,39.63,40.65,35.03,31.84,41.44,40.23,41.71,38.67,6.85,7.04,2.78,2702522.6,2258935.7,89295728.0,85843321.0,0.88,-2.99,2850600485.439885,6.02,94,-16.9,243,94.35,45,27.82,-0.04,0.7,0.25,1.09,30.9,0.379,25.83,False,False,False,True,True,True,False,False,False,True,True,True,False,False,False,False,2026-11-05,False,True,4,"thin RVOL, large gap",near21,5,https://www.tradingview.com/chart/?symbol=NASDAQ:OUST&interval=D,False,False,False
AMRX,"Amneal Pharmaceuticals, Inc.",NASDAQ,Pharmaceuticals: Major,19.65,20.09,19.28,18.7,18.44,17.12,15.63,15.16,19.85,19.39,19.72,18.97,4.5,3.87,0.76,3498473.0,2815756.9,55329623.0,52646207.0,0.97,0.0,6275304256.0,13.78,53,16.2,85,53.04,90,27.67,1.69,1.9,0.35,0.98,89.3,0.244,25.11,False,False,False,True,True,True,True,False,False,True,False,False,False,False,False,False,2026-10-29,False,False,4,"LoD>60% ATR, thin RVOL",near21,5,https://www.tradingview.com/chart/?symbol=NASDAQ:AMRX&interval=D,False,False,False
PARR,"Par Pacific Holdings, Inc. Common Stock",NYSE,Oil Refining/Marketing,87.65,83.38,82.72,82.08,80.16,71.17,67.72,60.59,84.58,82.87,89.2,86.0,4.9,4.99,4.37,813423.4000000015,928758.0000000003,81405639.0,76233385.0,1.0,1.05,4391232573.978169,4.93,99,32.12,52,45.16,102,27.41,1.87,5.96,1.16,0.73,37.8,0.178,26.0,True,True,True,True,False,True,True,True,False,True,False,True,False,False,False,False,2026-11-09,False,False,5,thin RVOL,"EMA, near21, ADR",9,https://www.tradingview.com/chart/?symbol=NYSE:PARR&interval=D,False,False,False
RVMD,"Revolution Medicines, Inc.",NASDAQ,Pharmaceuticals: Other,188.12,202.55,199.96,203.07,203.48,186.66,164.61,148.37,200.01,201.19,199.64,180.49,4.46,4.64,8.72,2067775.8,2086661.7666666666,392542812.0,423747447.0,2.44,-1.17,40320967437.7259,-9.59,225,-2.13,161,93.88,46,27.39,-1.63,-5.92,1.4,2.2,87.5,0.12,29.29,False,False,False,True,False,True,False,False,False,True,True,False,True,True,True,False,2026-11-11,False,False,5,LoD>60% ATR,"near21, RVOL",3,https://www.tradingview.com/chart/?symbol=NASDAQ:RVMD&interval=D,False,False,False
MSTR,Strategy Inc,NASDAQ,Internet Software/Services,151.47,157.78,152.37,145.95,128.69,122.09,132.1,135.91,156.54,150.86,153.63,147.37,4.92,5.86,8.88,19672365.8,23956732.633333333,3628726292.0,3496453186.0,1.25,-1.98,63931027582.76162,10.06,66,53.38,22,16.47,168,26.64,3.02,-0.59,0.07,0.71,46.2,0.345,23.57,False,False,False,True,True,True,True,False,False,True,False,True,False,True,True,False,2026-11-04,False,False,6,,"near21, RVOL",6,https://www.tradingview.com/chart/?symbol=NASDAQ:MSTR&interval=D,False,False,False
BE,Bloom Energy Corporation,NYSE,Electronic Production Equipment,272.82,283.31,276.64,263.07,245.01,253.93,235.83,211.49,281.8,273.0,286.95,264.5,6.82,7.25,19.77,14287888.2,15704721.7,4284562174.0,4131446373.0,1.08,-2.56,80352952279.3366,1.89,119,8.6,111,68.53,69,26.34,1.57,-1.38,0.01,1.14,42.1,0.158,26.32,False,False,False,True,True,True,False,False,False,True,True,True,False,True,False,False,2026-10-29,False,True,5,large gap,near21,5,https://www.tradingview.com/chart/?symbol=NYSE:BE&interval=D,False,False,False
INTC,Intel Corporation,NASDAQ,Semiconductors,107.08,116.34,113.74,107.45,102.81,108.19,95.29,82.69,114.28,112.16,111.6,105.24,5.22,5.62,6.02,97911658.7,103207054.93333334,11051411442.0,11089082017.0,1.23,-2.42,566036187337.5134,6.23,93,-2.28,162,74.06,63,26.0,0.74,-5.85,0.81,1.06,30.6,0.312,31.43,False,False,False,True,False,True,False,False,False,True,True,True,False,True,True,False,2026-10-29,False,True,5,large gap,"near21, RVOL",4,https://www.tradingview.com/chart/?symbol=NASDAQ:INTC&interval=D,False,False,False
GEO,Geo Group Inc (The) REIT,NYSE,Miscellaneous Commercial Services,30.96,30.88,31.01,31.19,31.24,29.56,25.71,23.28,30.91,31.02,31.0,29.54,5.19,4.69,1.45,3230509.9,2651323.1333333333,82084964.0,82698304.0,1.27,0.26,4074942354.4403667,-1.9,147,3.06,135,72.38,66,24.51,-0.19,-0.17,0.04,1.01,97.7,0.091,25.71,False,False,False,True,True,True,False,False,True,True,True,False,False,False,True,False,2026-11-05,False,False,4,"LoD>60% ATR, thin RVOL","near21, BB, RVOL",5,https://www.tradingview.com/chart/?symbol=NYSE:GEO&interval=D,False,False,False
VICR,Vicor Corporation,NASDAQ,Electronic Components,262.32,291.42,257.76,233.82,226.76,256.4,241.98,220.22,281.65,263.21,277.26,250.4,6.92,7.3,19.14,855333.4,880179.6,230888713.0,205799487.0,1.41,-2.72,12094718199.87354,36.92,9,-3.91,171,40.09,113,24.37,2.15,1.77,0.05,1.4,62.3,0.679,27.14,False,False,False,True,True,True,False,False,False,True,True,False,False,True,True,False,2026-10-20,False,True,4,"LoD>60% ATR, large gap","near21, RVOL",4,https://www.tradingview.com/chart/?symbol=NASDAQ:VICR&interval=D,True,False,False
AMBQ,"Ambiq Micro, Inc.",NYSE,Semiconductors,58.9,65.84,65.52,63.24,63.17,71.26,58.97,52.0,64.43,64.68,60.74,57.66,6.73,6.8,4.0,485441.7,558511.3666666667,32896319.0,35320817.0,1.02,-2.37,1424469158.7302356,0.44,134,-29.76,343,101.78,41,24.15,-0.99,-10.1,1.32,0.77,31.0,0.238,32.7,False,False,False,True,False,True,True,False,False,True,False,True,False,False,False,False,2026-11-05,False,True,4,"thin RVOL, large gap",near21,5,https://www.tradingview.com/chart/?symbol=NYSE:AMBQ&interval=D,False,False,False
TEM,"Tempus AI, Inc.",NASDAQ,Packaged Software,69.28,78.29,75.76,71.69,65.07,58.06,55.29,56.63,75.31,74.07,69.75,66.71,8.36,8.3,5.75,7880418.8,7282507.133333334,504532094.0,522090219.0,0.91,-2.13,12500520244.689693,8.18,77,10.41,104,52.94,91,23.84,0.78,-8.55,0.78,0.53,44.7,0.378,33.19,False,False,False,True,False,True,True,True,False,True,False,True,False,True,False,False,2026-11-10,False,True,5,large gap,"near21, ADR",6,https://www.tradingview.com/chart/?symbol=NASDAQ:TEM&interval=D,False,False,False
PRGO,Perrigo Company plc,NYSE,Pharmaceuticals: Major,14.5,14.6,14.22,14.29,13.69,12.13,11.69,12.31,14.41,14.28,14.56,14.1,4.69,4.38,0.64,2582084.8,2743933.5,39787036.0,39198919.0,0.94,-0.69,2012154247.079038,-2.09,149,37.31,44,35.39,121,23.53,1.36,1.95,0.35,0.73,62.9,0.158,20.13,False,False,True,True,True,True,True,True,False,True,False,False,False,False,False,False,2026-11-11,False,False,4,"LoD>60% ATR, thin RVOL","EMA, near21, ADR",7,https://www.tradingview.com/chart/?symbol=NYSE:PRGO&interval=D,False,False,False
KSS,Kohl's Corporation,NYSE,Department Stores,20.11,19.0,18.02,18.09,18.4,17.47,16.19,16.84,19.13,18.57,20.54,19.6,4.64,4.66,0.94,4305446.8,4161635.3666666667,83690487.0,75274273.0,1.19,-0.94,2280000342.5333,4.09,106,21.73,71,44.47,103,23.43,1.99,11.59,1.78,1.0,54.5,0.262,13.97,True,True,True,True,False,False,False,False,False,False,True,True,False,False,False,False,2026-11-12,False,False,5,thin RVOL,EMA,6,https://www.tradingview.com/chart/?symbol=NYSE:KSS&interval=D,False,False,False
IBRX,"ImmunityBio, Inc.",NASDAQ,Pharmaceuticals: Major,9.91,9.45,8.94,8.65,8.24,7.97,7.91,7.36,9.54,9.08,10.04,9.43,6.93,6.27,0.62,15147709.1,12055252.666666666,119467554.0,104223687.0,0.7,-1.23,10502977769.590769,23.88,26,11.1,102,34.83,122,23.27,3.24,10.85,1.46,0.99,77.3,0.331,21.1,True,True,True,True,False,True,True,False,False,True,False,False,False,True,False,False,2026-11-05,False,False,5,LoD>60% ATR,"EMA, near21",7,https://www.tradingview.com/chart/?symbol=NASDAQ:IBRX&interval=D,False,False,False
IMAX,Imax Corporation,NYSE,Electronics/Appliances,51.31,53.45,53.28,52.7,52.21,46.28,43.23,41.62,52.56,52.77,53.6,48.24,4.33,4.18,2.14,1264143.4,1032218.1,52963111.0,54398582.0,1.63,0.06,2813948884.9972787,0.43,135,33.52,51,35.67,120,23.21,-0.41,-3.69,0.66,2.5,143.2,0.122,23.06,False,False,False,True,False,True,False,False,False,True,True,False,True,True,True,False,2026-10-22,False,False,5,LoD>60% ATR,"near21, RVOL",3,https://www.tradingview.com/chart/?symbol=NYSE:IMAX&interval=D,False,False,False
WK,Workiva Inc.,NYSE,Information Technology Services,73.69,69.77,71.21,72.88,71.09,61.03,59.53,63.48,71.02,71.15,73.73,70.81,4.22,4.32,3.18,2211997.1,1387823.9666666666,102268748.0,101145536.0,0.66,0.63,4009950914.554312,-2.14,150,37.46,43,33.93,124,23.08,0.85,3.48,0.83,0.92,90.5,0.143,15.86,True,True,False,True,False,True,True,False,False,True,False,False,False,False,False,False,2026-11-05,False,False,4,"LoD>60% ATR, thin RVOL",near21,6,https://www.tradingview.com/chart/?symbol=NYSE:WK&interval=D,False,False,False
LITE,Lumentum Holdings Inc.,NASDAQ,Electrical Products,1048.6,1032.37,971.74,952.4,912.14,872.82,854.87,760.63,1043.04,994.17,1099.6,1027.0,5.57,6.19,64.9,4618358.3,4475241.266666667,4692737992.0,4262230225.0,1.08,-3.96,94985185397.05652,16.83,42,36.26,47,15.47,173,22.85,2.42,7.91,0.88,1.12,33.3,0.345,25.91,True,True,True,True,False,True,False,False,False,True,True,True,False,True,False,False,2026-11-05,False,True,5,large gap,"EMA, near21",7,https://www.tradingview.com/chart/?symbol=NASDAQ:LITE&interval=D,False,False,False
IOT,Samsara Inc.,NYSE,Packaged Software,41.22,39.9,39.84,39.76,39.52,36.77,34.71,33.7,40.43,39.94,41.44,40.1,4.11,4.72,1.95,5202534.4,7052672.7,290711169.0,280411916.0,1.04,-0.02,24138645911.551224,4.2,104,9.19,108,53.75,88,22.38,0.91,3.45,0.68,0.69,57.3,0.159,15.05,True,True,True,True,False,True,True,False,False,True,False,True,False,True,False,False,2026-11-26,False,False,6,,"EMA, near21",8,https://www.tradingview.com/chart/?symbol=NYSE:IOT&interval=D,False,False,False
BMNR,"BitMine Immersion Technologies, Inc.",NYSE,Financial Conglomerates,24.04,26.22,26.09,25.59,23.2,19.82,20.32,21.58,25.81,25.61,24.45,23.25,5.51,6.62,1.59,31557278.9,40122867.86666667,964553744.0,1026623820.0,1.1,-2.19,14501562071.08516,-2.91,163,57.43,18,11.4,189,21.97,0.55,-7.86,0.93,0.75,49.6,0.245,26.64,False,False,False,True,False,True,True,False,False,True,False,True,False,True,False,False,2026-11-20,False,True,5,large gap,near21,5,https://www.tradingview.com/chart/?symbol=NYSE:BMNR&interval=D,False,True,False
SNDK,Sandisk Corporation,NASDAQ,Computer Peripherals,1609.46,1713.45,1700.04,1670.58,1576.46,1645.05,1404.25,1174.82,1695.23,1687.21,1675.0,1584.14,5.25,6.07,97.63,7498420.1,9654644.866666667,15538764727.0,16128871103.0,1.27,-1.35,235655540075.0081,-9.04,220,-9.53,195,84.16,55,21.86,0.35,-5.33,0.76,0.93,25.9,0.227,33.47,False,False,False,True,False,True,True,False,False,True,False,True,False,True,True,False,2026-10-29,False,False,6,,"near21, RVOL",5,https://www.tradingview.com/chart/?symbol=NASDAQ:SNDK&interval=D,False,False,False
INOD,Innodata Inc.,NASDAQ,Data Processing Services,61.2,66.84,63.78,61.05,61.66,72.64,64.63,61.67,65.39,64.19,63.31,60.05,9.01,7.38,4.52,1426934.3,1402787.9666666666,85850624.0,85636465.0,0.66,-1.14,2104218350.093827,9.48,69,-12.94,214,68.18,70,21.57,-0.1,-4.05,0.63,0.72,25.5,0.395,17.94,False,False,False,False,False,True,True,True,False,True,False,True,False,False,False,False,2026-11-05,False,False,4,"thin RVOL, below 200-MA","near21, ADR",5,https://www.tradingview.com/chart/?symbol=NASDAQ:INOD&interval=D,False,False,False
MDB,"MongoDB, Inc.",NASDAQ,Packaged Software,371.35,359.49,377.76,384.89,393.97,364.63,330.64,341.69,366.75,375.02,372.96,357.59,5.91,6.37,23.66,4789902.4,2965501.533333333,1101238994.0,1141400782.0,0.4,-0.86,29914597901.149082,2.94,113,-0.05,155,61.09,78,21.33,-0.9,-1.7,0.15,0.65,58.1,0.297,17.05,False,False,False,True,True,True,True,True,False,True,False,True,False,True,False,False,2026-12-07,False,False,6,,"near21, ADR",7,https://www.tradingview.com/chart/?symbol=NASDAQ:MDB&interval=D,False,False,False
W,Wayfair Inc.,NYSE,Specialty Stores,105.13,102.5,102.49,101.34,101.59,91.69,85.31,88.34,103.4,102.39,106.3,102.86,4.26,4.47,4.7,2190217.4,2350534.533333333,247111695.0,238198469.0,0.94,-1.35,14399462798.464249,4.9,100,15.29,87,42.53,105,20.91,0.78,2.58,0.6,0.73,48.2,0.108,16.36,True,True,True,True,True,True,True,False,False,True,False,True,False,True,False,False,2026-11-04,False,False,6,,"EMA, near21",9,https://www.tradingview.com/chart/?symbol=NYSE:W&interval=D,False,False,False
UMAC,"Unusual Machines, Inc.",AMEX,Electronic Equipment/Instruments,21.39,22.9,23.08,23.46,24.56,23.05,20.46,18.91,22.52,23.11,22.28,21.14,7.03,8.1,1.73,2792587.7,2706939.1666666665,57901429.0,63513816.0,0.73,-0.32,1068569597.5667276,-10.87,238,1.95,138,69.76,67,20.28,-1.59,-7.33,0.92,0.66,14.4,0.177,26.43,False,False,False,True,False,True,True,False,False,True,False,True,False,False,False,False,2026-11-12,False,False,5,thin RVOL,near21,5,https://www.tradingview.com/chart/?symbol=AMEX:UMAC&interval=D,False,False,False
CXW,"CoreCivic, Inc.",NYSE,Miscellaneous Commercial Services,32.71,32.47,33.27,33.46,33.02,30.27,26.81,24.81,32.66,32.95,32.73,31.29,6.13,5.28,1.73,2507911.7,2169411.066666667,70961436.0,72589217.0,0.85,-1.38,3234806146.5109997,-5.16,184,4.84,121,61.13,77,20.27,-0.18,-1.69,0.14,0.83,82.3,0.163,25.87,False,False,False,True,True,True,True,True,False,True,False,False,False,False,False,False,2026-11-04,False,False,4,"LoD>60% ATR, thin RVOL","near21, ADR",6,https://www.tradingview.com/chart/?symbol=NYSE:CXW&interval=D,False,False,False
SITM,SiTime Corporation,NASDAQ,Semiconductors,645.06,674.2,638.62,619.83,624.37,640.28,587.61,535.3,667.18,648.57,670.11,629.0,5.06,5.94,38.34,364719.6,422754.2,272701824.0,262033692.0,0.97,-1.88,19397621302.16841,2.63,115,1.42,143,56.1,84,20.05,0.56,1.01,0.09,1.07,41.9,0.295,21.53,False,False,False,True,True,True,False,False,False,True,True,True,False,True,False,False,2026-11-04,False,False,6,,near21,5,https://www.tradingview.com/chart/?symbol=NASDAQ:SITM&interval=D,False,False,False
NBIS,Nebius Group N.V.,NASDAQ,Packaged Software,219.71,235.68,229.54,225.93,223.77,223.92,196.15,170.82,233.72,230.97,234.16,217.73,6.53,7.54,16.57,15273542.6,15358187.566666666,3374347390.0,3469836921.0,1.42,-1.7,59729311046.766014,-6.44,194,3.13,134,62.89,75,19.86,-0.24,-4.28,0.65,0.99,11.9,0.198,29.52,False,False,False,True,False,True,True,False,False,True,False,True,False,True,True,False,2026-10-22,False,False,6,,"near21, RVOL",5,https://www.tradingview.com/chart/?symbol=NASDAQ:NBIS&interval=D,False,False,False
FORM,"FormFactor, Inc.",NASDAQ,Semiconductors,137.13,141.0,128.5,120.38,119.11,121.62,120.68,110.26,138.62,131.25,143.64,134.54,4.98,5.4,7.4,2781730.0,1695415.1,232492273.0,204088701.0,0.62,-2.52,10712695600.924463,28.05,18,19.1,79,12.26,187,19.8,2.8,6.72,0.83,1.23,35.0,0.476,22.42,False,False,False,True,False,True,False,False,False,True,True,True,False,True,False,False,2026-10-28,False,True,5,large gap,near21,4,https://www.tradingview.com/chart/?symbol=NASDAQ:FORM&interval=D,True,False,False
WIX,Wix.com Ltd.,NASDAQ,Packaged Software,74.13,72.75,76.33,78.11,75.25,62.81,68.28,72.34,74.01,75.19,75.04,72.46,6.03,5.9,4.37,922259.3,1253620.2,92930865.0,97919229.0,0.77,0.59,3102304242.6380706,-1.37,141,48.39,27,12.34,186,19.79,-0.25,-2.89,0.24,0.59,38.2,0.216,18.25,False,False,False,True,True,True,True,True,False,True,False,True,False,False,False,False,2026-11-05,False,False,5,thin RVOL,"near21, ADR",7,https://www.tradingview.com/chart/?symbol=NASDAQ:WIX&interval=D,False,False,False
NAVN,"Navan, Inc.",NASDAQ,Packaged Software,23.08,21.25,21.25,23.19,25.34,24.08,20.62,18.76,21.73,22.24,23.14,21.67,4.45,5.25,1.21,2869525.0,4286135.433333334,98924006.0,99379765.0,1.04,-0.4,6015467324.4614,-17.57,309,-10.85,207,86.28,54,19.28,-1.7,8.62,0.72,1.22,116.4,0.189,28.51,False,False,False,True,False,True,False,False,False,True,True,False,False,False,False,False,2026-12-15,False,False,4,"LoD>60% ATR, thin RVOL",near21,3,https://www.tradingview.com/chart/?symbol=NASDAQ:NAVN&interval=D,False,False,False
CLF,Cleveland-Cliffs Inc.,NYSE,Steel,12.19,11.69,11.99,11.99,11.93,11.63,10.9,11.36,11.93,11.92,12.29,11.87,4.95,5.12,0.62,16325384.2,14115840.7,172072098.0,169267751.0,1.12,-1.58,6954883318.664179,-2.48,154,29.47,59,30.65,128,19.22,0.43,1.67,0.44,0.67,51.3,0.18,8.98,True,True,True,True,True,True,True,True,False,True,False,True,False,False,False,False,2026-10-19,False,False,5,thin RVOL,"EMA, near21, ADR",10,https://www.tradingview.com/chart/?symbol=NYSE:CLF&interval=D,False,False,False
ERO,Ero Copper Corp.,NYSE,Other Metals/Minerals,35.98,37.19,35.94,36.19,35.29,31.25,29.99,30.3,36.87,36.42,37.02,35.17,4.51,5.17,1.86,1214111.7,1340928.1666666667,48246595.0,48524168.0,0.98,-1.41,3752808890.8961425,-2.31,152,45.14,34,14.04,180,18.96,0.38,0.1,0.23,1.0,43.6,0.206,20.0,False,False,False,True,True,True,True,False,False,True,False,True,False,False,False,False,2026-11-02,False,False,5,thin RVOL,near21,6,https://www.tradingview.com/chart/?symbol=NYSE:ERO&interval=D,False,False,False
GENI,Genius Sports Limited,NYSE,Internet Software/Services,6.63,6.14,6.2,6.61,7.06,6.64,5.95,6.58,6.22,6.36,6.66,6.15,6.01,6.58,0.44,8824400.2,7376969.566666666,48909308.0,48744556.0,0.81,-0.16,1840666946.2097793,-11.6,248,5.24,118,62.1,76,18.58,-0.92,6.89,0.65,1.18,110.1,0.235,16.75,False,False,False,True,False,True,False,False,False,True,True,False,False,False,False,False,2026-11-11,False,False,4,"LoD>60% ATR, thin RVOL",near21,3,https://www.tradingview.com/chart/?symbol=NYSE:GENI&interval=D,False,False,False
FIGS,"FIGS, Inc.",NYSE,Apparel/Footwear,14.98,13.93,13.48,13.84,13.69,12.39,13.14,12.82,13.96,13.76,15.04,13.98,4.75,4.69,0.7,3676899.5,2901782.566666667,43468703.0,40153900.0,1.79,0.71,2488780853.372689,5.94,95,44.18,36,2.25,213,17.46,2.02,11.17,1.9,1.51,142.6,0.194,10.33,True,True,True,True,False,False,False,False,False,False,True,False,True,True,True,False,2026-11-05,False,False,5,LoD>60% ATR,"EMA, RVOL",5,https://www.tradingview.com/chart/?symbol=NYSE:FIGS&interval=D,False,False,False
MAT,"Mattel, Inc.",NASDAQ,Recreational Products,16.58,14.78,14.07,14.21,14.45,14.35,14.57,15.81,15.2,14.6,16.88,16.3,5.1,4.52,0.75,13025608.0,6921725.733333333,114762213.0,98342726.0,0.97,0.06,4736906445.644471,14.58,50,25.13,64,12.64,184,17.45,3.26,17.82,3.0,0.77,37.4,0.355,10.45,True,True,True,True,False,False,True,True,False,True,False,True,False,False,False,False,2026-10-27,False,False,5,thin RVOL,"EMA, ADR",8,https://www.tradingview.com/chart/?symbol=NASDAQ:MAT&interval=D,False,False,False
SANM,Sanmina Corporation,NASDAQ,Electronic Production Equipment,210.48,221.65,214.03,208.62,204.57,218.91,201.71,189.96,219.11,214.9,218.0,207.44,4.63,4.93,10.37,585793.0,600371.4333333333,126366179.0,125249889.0,0.76,-1.8,11281171444.871973,5.32,97,0.27,153,46.3,99,17.3,0.59,-1.66,0.42,1.02,29.3,0.218,15.06,False,False,False,True,True,True,False,False,False,True,True,True,False,True,False,False,2026-11-09,False,False,6,,near21,5,https://www.tradingview.com/chart/?symbol=NASDAQ:SANM&interval=D,False,False,False
INSP,"Inspire Medical Systems, Inc.",NYSE,Medical Specialties,66.69,69.69,71.3,68.59,64.6,55.12,54.51,60.55,69.16,68.92,68.0,66.07,4.94,4.96,3.31,954103.0,862989.2,57552750.0,59194155.0,0.91,-0.49,1928032861.538028,4.15,105,28.6,60,19.09,155,17.28,0.65,-6.46,0.65,0.58,18.7,0.151,25.17,False,False,False,True,False,True,True,True,False,True,False,True,False,False,False,False,2026-11-02,False,False,5,thin RVOL,"near21, ADR",6,https://www.tradingview.com/chart/?symbol=NYSE:INSP&interval=D,False,False,False
ICLR,ICON plc,NASDAQ,Miscellaneous Commercial Services,164.5,167.07,168.18,166.72,166.63,159.78,143.09,146.16,165.81,166.74,164.95,159.16,4.44,4.39,7.21,967424.4,954560.1666666666,157025147.0,159142998.0,1.0,-1.5,12691868171.800339,1.36,125,-2.53,163,52.65,92,17.16,-0.29,-2.19,0.31,0.8,74.1,0.1,15.25,False,False,False,True,True,True,True,False,False,True,False,False,False,True,False,False,2026-10-28,False,False,5,LoD>60% ATR,near21,5,https://www.tradingview.com/chart/?symbol=NASDAQ:ICLR&interval=D,False,False,False
MTSI,"MACOM Technology Solutions Holdings, Inc.",NASDAQ,Semiconductors,322.21,309.35,287.92,281.55,282.05,311.7,296.48,276.51,313.81,298.24,338.51,318.66,4.2,5.03,16.21,1228283.3,1295171.3666666667,417317166.0,364654635.0,1.39,-1.43,24607476303.712303,18.03,36,3.82,128,27.58,132,16.47,2.83,11.91,1.6,1.22,21.9,0.413,10.92,True,True,True,True,False,False,False,False,False,False,True,True,False,True,True,False,2026-11-05,False,False,6,,"EMA, RVOL",6,https://www.tradingview.com/chart/?symbol=NASDAQ:MTSI&interval=D,False,False,False
BRKR,Bruker Corporation,NASDAQ,Medical Specialties,57.92,62.39,60.87,59.7,58.83,57.78,51.09,49.61,61.16,60.79,59.23,56.29,5.53,5.6,3.25,2401370.3,2293743.7666666666,132853639.0,136934209.0,1.08,-0.82,8824651645.25653,0.59,132,-3.85,169,52.26,94,16.33,-0.28,-4.84,0.84,0.91,50.2,0.226,22.07,False,False,False,True,False,True,True,False,False,True,False,True,False,False,False,False,2026-10-29,False,False,5,thin RVOL,near21,5,https://www.tradingview.com/chart/?symbol=NASDAQ:BRKR&interval=D,False,False,False
SNAP,Snap Inc.,NYSE,Packaged Software,5.86,5.57,5.6,5.55,5.45,5.24,5.24,5.59,5.65,5.58,5.88,5.73,4.18,4.46,0.26,31145642.4,32447530.166666668,190142527.0,180235214.0,1.04,-1.03,9910418865.934597,7.72,83,22.85,68,16.39,169,15.65,1.7,4.68,1.13,0.57,49.7,0.134,6.08,True,True,True,True,False,True,True,True,False,True,False,True,False,False,False,False,2026-11-03,False,False,5,thin RVOL,"EMA, near21, ADR",9,https://www.tradingview.com/chart/?symbol=NYSE:SNAP&interval=D,False,False,False
RGEN,Repligen Corporation,NASDAQ,Pharmaceuticals: Major,163.84,182.49,180.17,177.37,172.58,152.41,141.21,143.81,177.59,178.29,164.65,157.44,5.72,5.44,8.92,1552050.2,1174441.5333333334,192420501.0,208313435.0,0.77,-1.93,10402261325.862455,-2.51,157,13.5,94,35.83,119,15.61,-0.93,-9.07,1.49,0.81,71.8,0.213,25.2,False,False,False,True,False,True,True,False,False,True,False,False,False,True,False,False,2026-11-03,False,False,5,LoD>60% ATR,near21,4,https://www.tradingview.com/chart/?symbol=NASDAQ:RGEN&interval=D,False,False,False
GDDY,GoDaddy Inc.,NYSE,Data Processing Services,103.19,97.29,98.64,98.52,96.68,91.82,89.47,92.89,98.58,98.16,104.0,97.02,4.82,4.3,4.44,1840967.8,2387986.6666666665,246416344.0,235258078.0,0.7,-0.01,13068776564.253164,2.46,116,15.28,88,27.81,131,15.18,1.56,4.62,1.19,1.57,138.8,0.123,8.88,True,True,True,True,False,True,False,False,False,True,True,False,False,True,False,False,2026-10-29,False,False,5,LoD>60% ATR,"EMA, near21",6,https://www.tradingview.com/chart/?symbol=NYSE:GDDY&interval=D,False,False,False
VSH,"Vishay Intertechnology, Inc.",NYSE,Electronic Production Equipment,34.56,34.86,33.49,32.65,32.97,41.13,35.39,31.04,35.15,34.09,36.7,34.02,4.4,5.45,1.88,4195900.2,3806927.3,131567407.0,124303790.0,0.78,-2.17,5300792668.589097,7.7,84,-19.55,267,57.16,82,15.1,0.88,3.18,0.26,1.42,28.7,0.262,29.18,False,False,False,True,False,True,False,False,False,True,True,True,False,False,False,False,2026-11-04,False,True,4,"thin RVOL, large gap",near21,4,https://www.tradingview.com/chart/?symbol=NYSE:VSH&interval=D,False,False,False
MNDY,monday.com Ltd.,NASDAQ,Packaged Software,88.91,81.57,85.38,87.94,88.73,83.97,79.43,87.34,83.75,84.94,89.06,83.62,4.6,5.34,4.75,1131016.9,1130623.1333333333,100523703.0,99426998.0,0.76,0.61,3758591796.054484,-0.48,138,3.53,129,42.26,107,15.1,0.04,4.14,0.87,1.15,111.4,0.25,10.47,True,True,False,True,False,True,False,False,False,True,True,False,False,False,False,False,2026-11-16,False,False,4,"LoD>60% ATR, thin RVOL",near21,5,https://www.tradingview.com/chart/?symbol=NASDAQ:MNDY&interval=D,False,False,False
BRZE,"Braze, Inc.",NASDAQ,Internet Software/Services,28.46,25.67,25.37,27.31,27.72,25.49,24.13,24.13,26.48,26.4,28.84,27.59,4.94,5.41,1.54,2292354.6,2641831.9,75186536.0,72145787.0,1.31,0.0,3232612685.0,-9.87,231,11.9,100,40.96,111,14.33,0.5,12.18,1.44,0.81,56.6,0.214,12.61,True,True,True,True,False,True,True,False,False,True,False,True,False,False,True,False,2026-12-15,False,False,5,thin RVOL,"EMA, near21, RVOL",8,https://www.tradingview.com/chart/?symbol=NASDAQ:BRZE&interval=D,False,False,False
GLND,Greenland Energy Company,NASDAQ,Financial Conglomerates,2.6,4.01,3.05,2.47,2.18,2.35,3.85,5.49,3.37,3.09,2.9,2.51,36.92,25.85,0.67,22379940.2,23967903.033333335,62436387.0,59304581.0,0.06,5.54,113917157.54243542,90.15,2,18.95,80,-66.43,402,14.22,0.75,-14.54,0.61,0.58,14.1,1.958,127.06,False,False,False,False,False,True,True,True,False,True,False,True,False,False,False,False,2026-12-02,False,True,3,"thin RVOL, below 200-MA, large gap","near21, ADR",5,https://www.tradingview.com/chart/?symbol=NASDAQ:GLND&interval=D,True,False,False
WAY,Waystar Holding Corp.,NASDAQ,Packaged Software,26.48,25.61,25.53,25.4,24.85,22.75,22.94,24.25,25.78,25.49,26.7,25.75,4.1,4.21,1.12,2020000.5,2066713.4666666666,54726573.0,52504167.0,1.08,0.85,5077498472.537058,5.92,96,13.07,97,22.82,146,13.94,1.56,3.7,0.92,0.86,65.4,0.129,10.83,True,True,True,True,False,True,True,False,False,True,False,False,False,False,False,False,2026-11-11,False,False,4,"LoD>60% ATR, thin RVOL","EMA, near21",7,https://www.tradingview.com/chart/?symbol=NASDAQ:WAY&interval=D,False,False,False
TGTX,"TG Therapeutics, Inc.",NASDAQ,Pharmaceuticals: Major,53.34,54.59,55.24,55.34,53.55,51.47,45.76,41.76,54.19,54.69,53.9,52.12,4.17,4.18,2.23,1724213.1,1802269.0666666667,96133032.0,99738471.0,1.04,0.74,8164703032.811332,-3.61,168,-9.55,196,54.03,87,13.62,-0.09,-3.44,0.59,0.8,54.7,0.126,25.26,False,False,False,True,False,True,True,False,False,True,False,True,False,False,False,False,2026-11-09,False,False,5,thin RVOL,near21,5,https://www.tradingview.com/chart/?symbol=NASDAQ:TGTX&interval=D,False,False,False
SEI,"Solaris Energy Infrastructure, Inc.",NYSE,Oilfield Services/Equipment,73.08,72.99,69.79,65.19,61.94,65.88,65.47,61.98,73.17,69.68,75.45,70.17,5.04,5.82,4.26,2349135.9,2623073.7,191694226.0,171000798.0,1.25,-1.86,5858512234.851165,18.16,35,1.5,142,20.51,151,13.39,3.09,4.71,0.84,1.24,68.4,0.26,15.12,True,True,False,True,False,True,False,False,False,True,True,False,False,False,True,False,2026-11-02,False,False,4,"LoD>60% ATR, thin RVOL","near21, RVOL",5,https://www.tradingview.com/chart/?symbol=NYSE:SEI&interval=D,False,False,False
AEHR,Aehr Test Systems,NASDAQ,Electronic Production Equipment,87.21,98.52,95.27,91.85,97.86,94.55,85.18,71.05,95.54,95.68,91.82,85.5,9.24,10.04,8.76,2549407.1,2719952.1666666665,237207028.0,249830326.0,1.06,-1.53,2848239085.6827793,-3.52,167,19.4,78,24.28,139,13.39,-1.08,-8.46,0.88,0.72,19.5,0.302,31.5,False,False,False,True,False,True,True,False,False,True,False,True,False,False,False,False,2027-01-08,False,False,5,thin RVOL,near21,5,https://www.tradingview.com/chart/?symbol=NASDAQ:AEHR&interval=D,False,False,False
DOCN,"DigitalOcean Holdings, Inc.",NYSE,Packaged Software,123.9,134.37,133.33,127.87,125.87,137.34,123.98,107.1,132.38,131.65,129.23,121.38,6.78,6.94,8.6,1781410.0,2499497.966666667,309687798.0,319619970.0,1.31,-1.81,14568105369.873507,8.75,75,-12.84,213,42.45,106,12.78,-0.22,-7.07,0.85,0.91,29.3,0.248,24.41,False,False,False,True,False,True,True,False,False,True,False,True,False,True,True,False,2026-11-09,False,False,6,,"near21, RVOL",5,https://www.tradingview.com/chart/?symbol=NYSE:DOCN&interval=D,False,False,False
TVTX,"Travere Therapeutics, Inc.",NASDAQ,Pharmaceuticals: Major,52.04,57.28,60.09,62.2,62.13,57.32,49.94,45.4,56.71,59.19,53.44,51.45,4.72,4.85,2.52,2050653.4,1692944.3333333333,88100823.0,105293237.0,0.8,0.0,4905346367.345059,-18.51,319,-10.28,204,66.53,73,12.58,-3.35,-13.4,2.49,0.79,23.4,0.249,32.14,False,False,False,True,False,False,True,False,False,False,False,True,False,False,False,False,2026-10-22,False,False,5,thin RVOL,,4,https://www.tradingview.com/chart/?symbol=NASDAQ:TVTX&interval=D,False,False,False
FLEX,Flex Ltd.,NASDAQ,Electronic Production Equipment,114.74,115.31,113.07,112.06,114.53,127.11,113.01,100.7,115.63,114.28,118.64,111.79,4.22,4.75,5.45,2584885.400000001,3081578.1333333254,353580275.0,345311374.0,1.0,-1.1,42391890642.73655,3.59,107,-17.24,245,51.21,95,12.52,0.04,1.48,0.09,1.26,54.2,0.131,23.02,False,False,False,True,True,True,False,False,False,True,True,True,False,True,False,False,2026-10-28,False,False,6,,near21,5,https://www.tradingview.com/chart/?symbol=NASDAQ:FLEX&interval=D,False,False,False
FPS,"Forgent Power Solutions, Inc.",NYSE,Electrical Products,39.8,38.86,37.4,35.12,35.48,42.58,40.14,,39.11,37.64,40.88,38.07,5.35,6.05,2.41,8237918.3,9635116.833333334,383477650.0,338388515.0,1.24,-1.77,12116270459.876995,23.72,27,-13.14,217,26.59,135,12.39,2.01,6.43,0.95,1.17,71.8,0.348,17.82,False,True,True,False,False,True,False,False,False,True,True,False,False,True,True,False,2026-12-02,False,False,4,"LoD>60% ATR, below 200-MA","EMA, near21, RVOL",4,https://www.tradingview.com/chart/?symbol=NYSE:FPS&interval=D,False,False,False
AXTI,AXT Inc,NASDAQ,Electronic Production Equipment,71.66,79.8,74.31,70.22,71.18,75.46,74.31,61.67,78.52,75.54,77.25,71.02,8.78,9.47,6.79,7484235.5,8313142.0,595719756.0,583718350.0,1.4,-3.41,4698976402.024564,11.14,62,17.09,83,8.58,196,12.27,0.07,-3.57,0.54,0.92,9.4,0.45,25.31,False,False,False,True,False,True,True,False,False,True,False,True,False,False,True,False,2026-10-29,False,True,4,"thin RVOL, large gap","near21, RVOL",5,https://www.tradingview.com/chart/?symbol=NASDAQ:AXTI&interval=D,False,False,False
SEZL,Sezzle Inc.,NASDAQ,Packaged Software,117.22,110.76,112.86,115.37,123.47,135.49,115.7,103.91,112.37,114.02,117.98,111.91,4.31,4.81,5.63,462580.6,482693.7666666668,56581363.0,55689747.0,1.15,-1.7,3947385146.330962,-2.5,156,-34.78,361,73.99,64,12.24,-1.05,3.86,0.58,1.08,94.3,0.155,26.94,False,False,False,True,False,True,False,False,False,True,True,False,False,False,False,False,2026-11-05,False,False,4,"LoD>60% ATR, thin RVOL",near21,3,https://www.tradingview.com/chart/?symbol=NASDAQ:SEZL&interval=D,False,False,False
DXC,DXC Technology Company,NYSE,Data Processing Services,12.37,11.28,11.28,11.28,11.11,10.23,10.74,11.59,11.56,11.33,12.57,11.81,4.04,4.33,0.54,4101547.100000009,3091058.5666666655,38236394.0,34874353.0,2.34,0.17,1976462427.408486,7.94,79,29.8,58,-1.2,230,12.18,2.61,9.64,2.13,1.42,104.5,0.21,10.99,True,True,True,True,False,False,False,False,False,False,True,False,True,True,True,False,2026-11-04,False,False,5,LoD>60% ATR,"EMA, RVOL",5,https://www.tradingview.com/chart/?symbol=NYSE:DXC&interval=D,False,False,False
NEOG,Neogen Corporation,NASDAQ,Medical Specialties,11.71,12.58,12.75,12.41,12.12,10.7,10.22,10.09,12.36,12.46,12.21,11.13,6.95,6.16,0.72,7311082.6,4427942.633333334,51851208.0,54964790.0,1.27,-1.54,2554021359.2542815,-1.93,148,20.35,76,17.57,162,12.0,-0.55,-8.14,0.97,1.49,79.9,0.235,22.69,False,False,False,True,False,True,False,False,False,True,True,False,False,False,True,False,2027-01-14,False,False,4,"LoD>60% ATR, thin RVOL","near21, RVOL",3,https://www.tradingview.com/chart/?symbol=NASDAQ:NEOG&interval=D,False,False,False
WLTH,Wealthfront Corporation,NASDAQ,Packaged Software,10.89,10.4,10.32,10.03,9.78,9.77,9.81,9.85,10.49,10.26,10.96,10.62,4.66,4.49,0.49,2193186.8,3208379.566666667,34939253.0,32184325.0,1.44,0.0,1700761343.6807342,12.85,58,14.87,89,7.93,197,11.88,2.52,5.56,1.38,0.7,55.2,0.124,5.84,True,True,True,True,False,True,True,True,False,True,False,True,False,False,True,False,2027-01-12,False,False,5,thin RVOL,"EMA, near21, ADR, RVOL",9,https://www.tradingview.com/chart/?symbol=NASDAQ:WLTH&interval=D,False,False,False
BETA,"Beta Technologies, Inc.",NYSE,Aerospace & Defense,20.5,21.75,21.79,21.41,22.17,19.66,18.63,19.8,21.35,21.63,20.71,19.92,7.17,7.3,1.5,1878433.1,3268838.433333333,67011188.0,69974935.0,0.59,-1.14,4795791767.84304,-9.73,229,21.09,73,23.94,141,11.77,-1.03,-5.91,0.72,0.53,38.7,0.22,17.24,False,False,False,True,False,True,True,True,False,True,False,True,False,False,False,False,2026-12-03,False,False,5,thin RVOL,"near21, ADR",6,https://www.tradingview.com/chart/?symbol=NYSE:BETA&interval=D,False,False,False
VECO,Veeco Instruments Inc.,NASDAQ,Electronic Production Equipment,51.45,52.95,48.06,46.78,48.22,54.94,50.77,45.9,52.24,49.98,53.68,51.0,4.88,5.47,2.81,832864.7,654720.1,33685349.0,30627152.0,0.61,-1.64,3145120034.515225,13.5,55,-7.85,189,29.47,129,11.71,1.23,7.05,0.54,0.95,16.0,0.45,17.56,False,False,False,True,False,True,True,False,False,True,False,True,False,False,False,False,2026-11-09,False,False,5,thin RVOL,near21,5,https://www.tradingview.com/chart/?symbol=NASDAQ:VECO&interval=D,False,False,False
MRX,Marex Group Limited,NASDAQ,Internet Software/Services,71.17,72.07,72.28,72.9,70.76,65.91,59.51,54.67,72.38,72.3,72.36,70.15,4.43,4.48,3.19,725563.4,791403.4,56324180.0,57694099.0,0.96,-0.9,5119319826.212298,-9.73,228,1.09,146,42.0,108,11.12,0.13,-1.54,0.35,0.69,32.0,0.096,24.75,False,False,False,True,True,True,True,True,True,True,False,True,False,False,False,False,2026-11-05,False,False,5,thin RVOL,"near21, ADR, BB",8,https://www.tradingview.com/chart/?symbol=NASDAQ:MRX&interval=D,False,False,False
STX,Seagate Technology Holdings PLC,NASDAQ,Computer Peripherals,774.82,874.38,861.17,855.15,856.61,871.15,760.64,661.31,848.83,859.2,801.95,770.06,5.72,7.06,54.67,5032360.3,4252610.2,3295028698.0,3636608272.0,1.05,-1.62,176189798807.92526,-12.02,252,-10.07,202,53.53,89,10.48,-1.35,-10.03,1.39,0.58,8.7,0.266,27.5,False,False,False,True,False,True,True,True,False,True,False,True,False,True,False,False,2026-10-28,False,False,6,,"near21, ADR",6,https://www.tradingview.com/chart/?symbol=NASDAQ:STX&interval=D,False,False,False
PGY,Pagaya Technologies Ltd.,NASDAQ,Packaged Software,18.26,17.76,19.09,20.05,20.47,18.17,16.36,16.85,18.26,18.95,18.46,17.91,5.0,5.57,1.02,2245209.799999996,2320419.666666666,42370863.0,46530602.0,0.81,-0.99,1523355880.0738702,-20.49,340,0.72,151,51.16,96,10.46,-1.94,-4.35,0.65,0.54,34.4,0.321,22.5,False,False,False,True,False,True,True,True,False,True,False,True,False,False,False,False,2026-10-29,False,False,5,thin RVOL,"near21, ADR",6,https://www.tradingview.com/chart/?symbol=NASDAQ:PGY&interval=D,False,False,False
PAY,"Paymentus Holdings, Inc.",NYSE,Miscellaneous Commercial Services,31.92,30.89,32.7,33.75,35.98,30.55,29.05,28.66,31.56,32.58,31.94,30.8,4.07,4.34,1.39,989673.6,1190068.8333333333,37986997.0,40170773.0,0.86,-0.77,4019993482.2605367,-11.33,243,14.12,91,28.5,130,10.43,-2.6,-2.37,0.46,0.82,80.8,0.309,22.94,False,False,False,True,True,True,True,False,False,True,False,False,False,False,False,False,2026-11-09,False,False,4,"LoD>60% ATR, thin RVOL",near21,5,https://www.tradingview.com/chart/?symbol=NYSE:PAY&interval=D,False,False,False
FSLY,"Fastly, Inc.",NASDAQ,Information Technology Services,25.29,25.53,25.47,24.32,24.7,21.69,22.94,20.27,25.57,25.21,26.0,24.61,9.34,8.05,2.04,4609129.4,6809912.866666666,172222696.0,165646591.0,0.95,-1.86,4028697187.0739713,24.28,23,22.17,70,-15.76,283,10.23,0.3,-0.71,0.04,0.68,33.4,0.22,20.81,False,False,False,True,True,True,True,True,False,True,False,True,False,False,False,False,2026-11-04,False,False,5,thin RVOL,"near21, ADR",7,https://www.tradingview.com/chart/?symbol=NASDAQ:FSLY&interval=D,False,False,False
VIAV,Viavi Solutions Inc.,NASDAQ,Information Technology Services,44.09,44.26,39.99,38.8,39.11,42.57,42.08,37.36,43.98,41.62,46.29,43.4,5.3,5.58,2.46,6120627.599999999,5268269.233333325,232277990.0,204435188.0,0.7,-2.1,10842706339.97947,24.3,22,4.98,120,1.4,220,10.23,2.28,10.26,1.06,1.17,28.0,0.479,15.64,False,False,True,True,False,True,False,False,False,True,True,True,False,True,False,False,2026-10-29,False,True,5,large gap,"EMA, near21",5,https://www.tradingview.com/chart/?symbol=NASDAQ:VIAV&interval=D,False,False,False
SYRE,"Spyre Therapeutics, Inc.",NASDAQ,Pharmaceuticals: Major,79.9,86.19,88.38,88.64,94.65,90.52,79.84,68.63,85.57,88.04,80.91,77.05,6.42,6.65,5.32,1759382.8,1465523.2333333334,117095306.0,129901781.0,1.37,-1.57,7045083857.841684,-6.0,189,-19.09,261,55.45,85,10.12,-2.34,-9.6,1.39,0.73,53.6,0.188,32.57,False,False,False,True,False,True,True,False,False,True,False,True,False,False,True,False,2026-11-05,False,False,5,thin RVOL,"near21, RVOL",5,https://www.tradingview.com/chart/?symbol=NASDAQ:SYRE&interval=D,False,False,False
GKOS,Glaukos Corporation,NYSE,Medical Specialties,161.29,162.17,162.51,168.03,172.8,154.97,142.69,136.05,163.44,164.85,170.86,146.38,4.96,5.08,8.19,1125231.6,885838.3666666667,142876870.0,148844468.0,3.15,-0.88,9513518682.898012,-8.12,208,4.7,122,33.66,125,10.08,-1.31,-0.75,0.43,2.99,182.0,0.127,22.79,False,False,False,True,True,True,False,False,False,True,True,False,True,True,True,False,2026-10-28,False,False,5,LoD>60% ATR,"near21, RVOL",4,https://www.tradingview.com/chart/?symbol=NYSE:GKOS&interval=D,False,False,False
TGB,Trekor Metals Limited,AMEX,Other Metals/Minerals,8.31,8.7,8.6,8.65,8.55,7.79,7.52,7.47,8.65,8.65,8.46,7.98,5.42,5.78,0.48,4999933.7,5261435.966666667,43722533.0,45486868.0,0.86,-3.4,3041653655.8296294,-4.7,180,20.09,77,14.62,177,10.0,-0.48,-3.37,0.68,1.0,68.7,0.187,14.78,False,False,False,True,False,True,True,False,False,True,False,False,False,False,False,False,2026-11-04,False,True,3,"LoD>60% ATR, thin RVOL, large gap",near21,4,https://www.tradingview.com/chart/?symbol=AMEX:TGB&interval=D,False,False,False
TER,"Teradyne, Inc.",NASDAQ,Electronic Production Equipment,398.72,415.38,390.92,379.8,382.14,380.39,365.96,339.67,411.45,398.63,410.72,388.85,4.36,5.17,20.61,2232704.4,2443025.3666666667,974083074.0,927851262.0,1.67,-1.65,62336181270.17419,9.23,71,12.8,98,7.48,200,9.84,0.84,2.0,0.0,1.06,47.9,0.332,18.99,False,False,False,True,True,True,False,False,False,True,True,True,True,True,True,False,2026-10-27,False,False,6,,"near21, RVOL",5,https://www.tradingview.com/chart/?symbol=NASDAQ:TER&interval=D,False,False,False
BSP,Bending Spoons S.p.A.,NASDAQ,Packaged Software,38.01,34.17,35.96,37.65,39.33,,,,35.5,36.14,39.47,36.31,7.14,7.95,3.02,3554229.5,2503160.2333333334,95145120.0,94233553.0,1.23,-4.41,24144686276.013878,-4.35,178,10.75,103,22.61,147,9.67,-0.42,5.71,0.65,1.04,56.3,0.35,13.58,False,False,False,False,False,True,False,False,False,True,True,True,False,True,True,False,2026-11-12,False,True,4,"below 200-MA, large gap","near21, RVOL",3,https://www.tradingview.com/chart/?symbol=NASDAQ:BSP&interval=D,False,False,False
WTTR,"Select Water Solutions, Inc.",NYSE,Oil & Gas Production,19.6,19.81,20.03,20.02,20.04,19.56,18.26,16.74,19.8,19.92,19.68,19.1,4.29,4.2,0.82,2179001.6,1787278.3333333333,35030655.0,35784887.0,0.75,0.41,2527280562.1727886,-4.11,175,2.08,137,30.93,127,9.63,-0.52,-2.15,0.38,0.71,60.8,0.089,16.8,False,False,False,True,True,True,True,True,True,True,False,False,False,False,False,False,2026-11-03,False,False,4,"LoD>60% ATR, thin RVOL","near21, ADR, BB",7,https://www.tradingview.com/chart/?symbol=NYSE:WTTR&interval=D,False,False,False
QCOM,QUALCOMM Incorporated,NASDAQ,Semiconductors,176.01,183.95,186.23,180.85,172.63,186.57,174.04,169.34,182.08,182.12,176.28,171.02,4.08,4.29,7.55,11098058.3,13319555.466666667,2344374958.0,2408792768.0,0.87,-1.49,187950421260.60568,-2.43,153,-6.13,179,36.65,117,9.36,0.46,-5.49,0.78,0.7,66.1,0.156,9.79,False,False,False,True,False,True,True,True,False,True,False,False,False,True,False,False,2026-11-11,False,False,5,LoD>60% ATR,"near21, ADR",5,https://www.tradingview.com/chart/?symbol=NASDAQ:QCOM&interval=D,False,False,False
HOOD,"Robinhood Markets, Inc.",NASDAQ,Investment Banks/Brokers,107.01,113.11,114.68,113.86,106.79,101.49,93.15,94.17,112.34,112.9,109.38,105.11,4.42,5.34,5.71,20348755.3,22163344.566666666,2371699502.0,2523429759.0,1.16,-1.95,96210797518.09717,-14.44,277,-10.2,203,52.63,93,9.33,0.04,-6.69,0.98,0.75,33.3,0.189,20.12,False,False,False,True,False,True,True,False,False,True,False,True,False,True,False,False,2026-10-27,False,False,6,,near21,5,https://www.tradingview.com/chart/?symbol=NASDAQ:HOOD&interval=D,False,False,False
RUM,RUM Group Inc.,NASDAQ,Internet Software/Services,7.0,7.63,8.05,8.22,7.93,7.47,7.01,6.78,7.63,7.89,7.5,6.8,7.02,8.2,0.57,4003955.0,5287111.233333333,37009779.0,43460054.0,1.14,-1.06,3470671249.202128,-17.94,312,8.7,110,36.45,118,9.07,-1.43,-13.04,1.38,1.23,34.8,0.313,18.17,False,False,False,True,False,True,False,False,False,True,True,True,False,False,False,False,2026-11-16,False,False,5,thin RVOL,near21,4,https://www.tradingview.com/chart/?symbol=NASDAQ:RUM&interval=D,False,False,False
DIOD,Diodes Incorporated,NASDAQ,Semiconductors,96.24,99.57,96.04,94.07,94.34,97.66,93.57,85.2,99.35,97.14,99.95,95.34,4.23,5.2,5.01,518972.1,537447.9,51723986.0,50555485.0,0.69,-2.02,4432016099.478986,3.11,112,3.47,130,15.81,172,7.46,0.39,0.21,0.18,0.92,18.1,0.2,14.93,False,False,False,True,True,True,True,False,False,True,False,True,False,False,False,False,2026-11-05,False,True,4,"thin RVOL, large gap",near21,6,https://www.tradingview.com/chart/?symbol=NASDAQ:DIOD&interval=D,False,False,False
AUR,"Aurora Innovation, Inc.",NASDAQ,Packaged Software,5.73,5.64,6.01,6.02,6.23,6.37,5.95,5.57,5.76,5.91,5.83,5.58,5.75,5.47,0.31,27172576.9,31031190.166666668,177808720.0,186911202.0,0.6,-0.87,11483756835.445805,-9.62,227,-10.05,201,41.31,110,7.21,-1.47,-4.69,0.54,0.8,47.8,0.272,13.9,False,False,False,True,False,True,True,False,False,True,False,True,False,True,False,False,2026-10-28,False,False,6,,near21,5,https://www.tradingview.com/chart/?symbol=NASDAQ:AUR&interval=D,False,False,False
RMBS,"Rambus, Inc.",NASDAQ,Semiconductors,108.47,108.08,99.82,95.29,95.15,110.67,110.27,108.24,107.53,102.44,111.55,106.3,5.09,4.74,5.14,1534353.0,2362484.8666666667,256258733.0,225121183.0,0.97,-2.66,11764830242.391819,24.25,24,-2.56,164,-0.07,227,7.21,2.95,8.67,1.24,1.02,42.2,0.439,14.3,False,True,True,True,False,True,False,False,False,True,True,True,False,True,False,False,2026-10-26,False,True,5,large gap,"EMA, near21",6,https://www.tradingview.com/chart/?symbol=NASDAQ:RMBS&interval=D,False,False,False
SHLS,"Shoals Technologies Group, Inc.",NASDAQ,Semiconductors,8.42,8.06,7.76,7.53,7.8,9.04,8.43,8.57,8.14,7.9,8.5,8.07,4.71,5.28,0.44,3978803.5,4193823.6666666665,35311995.0,31581589.0,1.25,0.0,1417085697.9237185,17.76,40,-17.37,247,20.29,153,6.89,1.51,8.46,1.24,0.97,78.8,0.248,15.22,False,True,True,False,False,True,True,False,False,True,False,False,False,False,True,False,2026-11-10,False,False,3,"LoD>60% ATR, thin RVOL, below 200-MA","EMA, near21, RVOL",5,https://www.tradingview.com/chart/?symbol=NASDAQ:SHLS&interval=D,False,False,False
RHI,Robert Half Inc.,NYSE,Personnel Services,34.1,35.72,36.57,38.47,39.98,36.37,32.69,31.41,35.39,36.79,34.15,32.99,4.1,4.38,1.49,1894140.6,1821668.6666666667,62118902.0,70084451.0,1.38,0.03,3490538538.094256,-18.69,323,1.91,139,37.33,116,6.85,-3.36,-6.75,1.67,0.77,74.3,0.157,25.15,False,False,False,True,False,False,True,False,False,False,False,False,False,False,True,False,2026-10-27,False,False,4,"LoD>60% ATR, thin RVOL",RVOL,3,https://www.tradingview.com/chart/?symbol=NYSE:RHI&interval=D,False,False,False
TLN,Talen Energy Corporation,NASDAQ,Alternative Power Generation,359.22,332.18,313.57,311.43,320.9,348.23,346.3,351.7,339.13,325.51,380.96,356.0,4.46,4.86,17.44,1358390.0,960730.1,345113467.0,299203858.0,1.14,-1.22,16991106055.071793,11.23,61,-5.88,176,15.04,176,6.8,2.46,14.56,2.13,1.43,18.5,0.345,10.62,True,True,True,True,False,False,False,False,False,False,True,True,False,True,False,False,2026-11-18,False,False,6,,EMA,6,https://www.tradingview.com/chart/?symbol=NASDAQ:TLN&interval=D,False,False,False
KOS,Kosmos Energy Ltd.,NYSE,Integrated Oil,2.69,2.58,2.7,2.75,2.7,2.63,2.68,2.38,2.62,2.66,2.75,2.64,5.33,5.89,0.16,14030083.9,12769689.766666668,34350465.0,35150699.0,0.87,3.86,1601861616.996139,-6.92,200,21.72,72,5.49,204,6.76,-0.09,-0.28,0.18,0.69,31.6,0.245,12.17,False,False,False,True,True,True,True,False,False,True,False,True,False,False,False,False,2026-11-09,False,True,4,"thin RVOL, large gap",near21,6,https://www.tradingview.com/chart/?symbol=NYSE:KOS&interval=D,False,False,False
HIMS,"Hims & Hers Health, Inc.",NYSE,Medical/Nursing Services,28.06,29.17,28.86,28.78,29.37,29.95,28.02,27.41,29.06,29.06,29.62,27.49,5.96,5.89,1.65,9117617.5,9630456.133333333,270230599.0,277186999.0,1.62,-1.15,6546774600.5362215,1.19,127,-21.7,292,40.65,112,6.72,-0.76,-2.78,0.58,1.29,34.5,0.107,9.03,False,False,False,True,True,True,False,False,False,True,True,True,True,True,True,False,2026-11-09,False,False,6,,"near21, RVOL",5,https://www.tradingview.com/chart/?symbol=NYSE:HIMS&interval=D,False,False,False
IONQ,"IonQ, Inc.",NYSE,Computer Processing Hardware,39.45,43.26,41.45,40.65,41.25,46.21,43.8,43.34,42.19,41.84,42.01,38.83,6.38,6.75,2.66,21824102.2,22860443.1,901844480.0,929200811.0,0.97,0.9,15982697790.206821,-6.78,199,-12.95,215,39.47,114,6.58,-0.65,-4.83,0.85,1.19,23.3,0.272,12.58,False,False,False,False,False,True,False,False,False,True,True,True,False,True,False,False,2026-11-11,False,False,5,below 200-MA,near21,3,https://www.tradingview.com/chart/?symbol=NYSE:IONQ&interval=D,False,False,False
ARXS,"Arxis, Inc.",NASDAQ,Aerospace & Defense,46.77,48.82,49.77,50.69,52.76,47.36,,,48.8,49.79,47.12,46.08,4.4,4.84,2.26,1335926.5,1008718.5666666667,47177767.0,51127573.0,0.54,-0.64,20149747520.204254,-13.34,267,9.56,105,23.08,144,6.43,-2.35,-6.03,1.25,0.46,30.7,0.12,11.56,False,False,False,False,False,True,True,True,False,True,False,True,False,True,False,False,2026-12-02,False,False,5,below 200-MA,"near21, ADR",5,https://www.tradingview.com/chart/?symbol=NASDAQ:ARXS&interval=D,False,False,False
ONTO,Onto Innovation Inc.,NYSE,Electronic Equipment/Instruments,292.67,306.77,286.11,280.42,287.47,290.13,275.53,256.74,302.8,294.25,306.35,288.16,4.04,5.39,15.78,745672.1,848780.6333333333,248412628.0,238016480.0,1.07,-2.42,14362559128.392645,7.75,82,-5.24,174,16.18,171,6.23,0.34,2.29,0.1,1.15,28.6,0.356,17.1,False,False,False,True,True,True,False,False,False,True,True,True,False,True,False,False,2026-10-29,False,True,5,large gap,near21,5,https://www.tradingview.com/chart/?symbol=NYSE:ONTO&interval=D,False,False,False
CLS,"Celestica, Inc.",NYSE,Electronic Components,356.53,370.93,355.55,340.26,334.14,347.3,344.23,332.55,368.21,356.84,370.46,346.8,5.0,5.52,19.7,2074991.6,2196543.8333333335,783133773.0,747400398.0,1.01,-1.5,44962396482.008575,11.99,59,0.72,150,5.88,202,6.2,1.21,0.28,0.02,1.2,49.4,0.245,10.76,False,False,False,True,True,True,False,False,False,True,True,True,False,True,False,False,2026-10-26,False,False,6,,near21,5,https://www.tradingview.com/chart/?symbol=NYSE:CLS&interval=D,False,False,False
EPAM,"EPAM Systems, Inc.",NYSE,Information Technology Services,113.86,109.54,112.52,113.69,109.9,100.72,108.7,128.61,110.57,111.07,113.97,106.12,4.15,4.49,5.12,1016847.8,1086710.3,123732835.0,123549905.0,0.82,0.25,5873693402.367061,-1.23,140,27.88,62,-8.2,253,6.15,0.8,1.19,0.56,1.53,151.2,0.178,24.5,False,True,False,False,True,True,False,False,False,True,True,False,False,False,False,False,2026-11-05,False,False,3,"LoD>60% ATR, thin RVOL, below 200-MA",near21,4,https://www.tradingview.com/chart/?symbol=NYSE:EPAM&interval=D,False,False,False
TSEM,Tower Semiconductor Ltd.,NASDAQ,Semiconductors,228.75,238.55,227.33,221.94,227.09,239.21,223.28,199.3,238.19,231.96,242.98,221.56,5.31,6.45,14.75,1787375.4,1855498.2666666666,424445228.0,411812687.0,1.42,-2.78,25808705834.95468,2.89,114,3.83,127,11.04,192,5.92,0.11,0.63,0.21,1.45,48.7,0.302,17.45,False,False,False,True,True,True,False,False,False,True,True,True,False,True,True,False,2026-11-16,False,True,5,large gap,"near21, RVOL",5,https://www.tradingview.com/chart/?symbol=NASDAQ:TSEM&interval=D,False,False,False
WOLF,"Wolfspeed, Inc.",NYSE,Semiconductors,31.02,30.56,28.08,27.71,27.9,36.78,33.57,29.78,30.63,29.27,35.94,29.52,8.32,8.94,2.77,5629882.600000115,3480696.3333333554,107971200.0,96453576.0,6.48,11.64,1641906284.4654129,6.97,89,-13.79,219,24.38,138,5.85,1.25,10.46,0.67,2.31,54.1,0.464,28.64,False,True,True,True,False,True,False,False,False,True,True,True,True,True,True,False,2026-10-28,False,True,5,large gap,"EMA, near21, RVOL",6,https://www.tradingview.com/chart/?symbol=NYSE:WOLF&interval=D,False,False,False
VCYT,"Veracyte, Inc.",NASDAQ,Medical Specialties,43.6,45.19,43.51,43.53,44.06,48.46,43.59,42.55,44.58,44.29,43.67,41.22,6.35,5.9,2.57,1412717.1,1422972.1333333333,62041585.0,61937945.0,0.77,-1.53,3505035894.874885,4.28,103,-26.23,320,39.43,115,5.83,-0.18,0.21,0.26,0.95,92.7,0.247,13.54,False,False,False,True,True,True,True,False,False,True,False,False,False,False,False,False,2026-11-10,False,False,4,"LoD>60% ATR, thin RVOL",near21,5,https://www.tradingview.com/chart/?symbol=NASDAQ:VCYT&interval=D,False,False,False
HUBS,"HubSpot, Inc.",NYSE,Packaged Software,231.84,214.1,221.02,229.73,230.14,216.91,222.38,243.13,219.53,221.86,232.57,219.0,4.92,5.53,12.81,1415740.3,1620612.5666666667,375722817.0,372296842.0,1.43,-0.05,11560979914.30517,-5.47,185,9.36,106,13.52,181,5.8,0.13,4.9,0.81,1.06,100.2,0.226,12.52,False,True,False,False,False,True,False,False,False,True,True,False,False,True,True,False,2026-11-11,False,False,4,"LoD>60% ATR, below 200-MA","near21, RVOL",3,https://www.tradingview.com/chart/?symbol=NYSE:HUBS&interval=D,False,False,False
TH,Target Hospitality Corp.,NASDAQ,Hotels/Resorts/Cruise lines,18.33,19.22,19.73,19.46,18.32,18.08,16.38,14.18,19.1,19.28,18.45,18.03,4.53,5.07,0.93,2682714.4,2470568.8666666667,45285527.0,48072329.0,0.68,0.82,1826097324.5372396,-6.24,192,0.16,154,23.02,145,5.65,0.01,-7.1,0.97,0.45,32.3,0.227,30.31,False,False,False,True,False,True,True,True,False,True,False,True,False,False,False,False,2026-11-11,False,False,5,thin RVOL,"near21, ADR",6,https://www.tradingview.com/chart/?symbol=NASDAQ:TH&interval=D,False,False,False
DFTX,"Definium Therapeutics, Inc.",NASDAQ,Pharmaceuticals: Major,34.18,36.7,37.61,38.14,40.56,37.46,31.82,27.87,36.37,37.54,34.88,32.84,5.33,5.83,1.99,2290062.199999998,2268519.633333331,77538001.0,86522095.0,0.91,-1.35,4592662665.136506,-10.05,233,-28.39,332,55.33,86,5.63,-2.7,-9.13,1.53,1.02,67.2,0.168,37.12,False,False,False,True,False,False,False,False,False,False,True,False,False,False,False,False,2026-11-05,False,False,4,"LoD>60% ATR, thin RVOL",,2,https://www.tradingview.com/chart/?symbol=NASDAQ:DFTX&interval=D,False,False,False
HBM,Hudbay Minerals Inc.,NYSE,Other Metals/Minerals,25.39,26.6,26.48,27.06,27.04,25.87,24.84,24.62,26.46,26.69,25.82,24.88,4.06,4.89,1.24,4605527.2,4132380.6000000094,104921143.0,111840126.0,1.04,-1.35,11277049376.825333,-11.25,242,18.76,81,5.84,203,4.45,-1.25,-4.13,1.0,0.77,41.5,0.102,9.54,False,False,False,True,False,True,True,False,False,True,False,True,False,True,False,False,2026-11-04,False,False,6,,near21,5,https://www.tradingview.com/chart/?symbol=NYSE:HBM&interval=D,False,False,False
FIG,FIGMA INC,NYSE,Packaged Software,22.63,21.4,22.06,23.24,24.25,22.89,22.36,24.25,21.84,22.32,22.66,21.45,4.36,5.18,1.17,9201273.6,13512036.633333333,305777389.0,314073780.0,1.15,0.0,12062008100.026825,-5.71,187,-0.96,158,18.61,159,3.98,-1.29,2.58,0.27,1.04,100.6,0.184,12.62,False,False,False,False,True,True,False,False,False,True,True,False,False,True,False,False,2026-11-11,False,False,4,"LoD>60% ATR, below 200-MA",near21,3,https://www.tradingview.com/chart/?symbol=NYSE:FIG&interval=D,False,False,False
AUGO,Aura Minerals Inc.,NASDAQ,Other Metals/Minerals,82.49,81.65,84.44,84.65,80.65,71.66,75.96,73.48,83.0,83.23,82.96,80.28,4.24,5.23,4.31,816544.0000000013,1037422.0999999986,85576949.0,87814841.0,1.33,-0.91,6911773328.652523,-2.56,159,30.6,55,-16.82,287,3.74,0.44,-2.31,0.17,0.62,51.2,0.183,15.5,False,False,False,True,True,True,True,False,False,True,False,True,False,False,True,False,2026-11-05,False,False,5,thin RVOL,"near21, RVOL",6,https://www.tradingview.com/chart/?symbol=NASDAQ:AUGO&interval=D,False,False,False
ACMR,"ACM Research, Inc.",NASDAQ,Industrial Machinery,70.8,77.18,74.06,73.86,76.41,83.57,72.24,67.75,75.55,75.5,73.33,68.86,6.53,6.95,4.92,1345055.6,1171429.8666666672,82937235.0,86522200.0,1.15,-2.73,4931162762.621961,-8.04,207,-29.2,338,48.24,98,3.67,-1.06,-4.4,0.9,0.91,39.5,0.302,22.35,False,False,False,True,False,True,True,False,False,True,False,True,False,False,False,False,2026-10-28,False,True,4,"thin RVOL, large gap",near21,5,https://www.tradingview.com/chart/?symbol=NASDAQ:ACMR&interval=D,False,False,False
NCNO,"nCino, Inc.",NASDAQ,Packaged Software,19.68,18.93,19.9,20.81,20.42,18.34,17.76,18.59,19.3,19.76,19.79,18.92,4.53,4.53,0.89,2052004.8,2370670.7666666666,46654801.0,49334449.0,1.13,0.0,2080887951.0612886,-14.29,276,13.56,93,11.12,191,3.47,-0.8,-1.13,0.09,0.98,85.3,0.25,13.54,False,False,False,True,True,True,True,False,False,True,False,False,False,False,False,False,2026-12-02,False,False,4,"LoD>60% ATR, thin RVOL",near21,5,https://www.tradingview.com/chart/?symbol=NASDAQ:NCNO&interval=D,False,False,False
EAT,"Brinker International, Inc.",NYSE,Restaurants,190.2,195.87,201.02,209.63,218.77,191.55,175.83,170.73,195.12,201.98,193.0,183.46,4.4,4.77,9.07,1189370.0,1372083.7333333334,260970326.0,287626711.0,1.02,0.59,7965815531.296746,-17.39,304,4.51,123,23.11,143,3.41,-2.74,-5.38,1.22,1.05,74.3,0.158,25.26,False,False,False,True,False,True,False,False,False,True,True,False,False,False,False,False,2026-11-04,False,False,4,"LoD>60% ATR, thin RVOL",near21,3,https://www.tradingview.com/chart/?symbol=NYSE:EAT&interval=D,False,False,False
CIEN,Ciena Corporation,NYSE,Telecommunications Equipment,425.93,388.4,368.5,363.26,379.1,424.48,436.57,395.58,399.6,382.29,443.99,421.11,4.8,5.69,24.23,2937625.4,2849634.2333333334,1213744709.0,1035162881.0,1.37,-2.31,60400509991.1091,30.09,17,-5.98,178,-14.49,276,3.21,2.17,15.59,2.01,0.94,19.9,0.37,15.98,False,True,True,True,False,False,True,False,False,False,False,True,False,True,True,False,2026-12-10,False,True,5,large gap,"EMA, RVOL",6,https://www.tradingview.com/chart/?symbol=NYSE:CIEN&interval=D,True,False,False
CEG,Constellation Energy Corporation,NASDAQ,Electric Utilities,285.07,271.14,267.44,273.86,273.29,268.21,277.95,286.44,276.62,272.92,306.99,280.16,4.36,4.95,14.1,4918158.6,3559491.3333333335,1014704194.0,974817128.0,1.47,-0.46,101002401600.22559,-6.23,190,13.88,92,1.66,218,3.11,0.87,6.59,0.9,1.9,34.8,0.2,6.67,False,True,True,False,False,True,False,False,False,True,True,True,False,True,True,False,2026-11-09,False,False,5,below 200-MA,"EMA, near21, RVOL",5,https://www.tradingview.com/chart/?symbol=NASDAQ:CEG&interval=D,False,False,False
KLIC,"Kulicke and Soffa Industries, Inc.",NASDAQ,Industrial Machinery,90.92,95.02,89.6,86.84,88.28,98.85,91.9,84.05,93.91,91.33,95.54,89.63,4.12,4.6,4.18,634501.1,703319.7666666667,63945833.0,61073358.0,0.9,-2.34,4757762801.373354,10.33,65,-16.64,238,15.29,175,2.99,0.65,1.47,0.1,1.41,30.9,0.293,16.27,False,False,False,True,True,True,False,False,False,True,True,True,False,False,False,False,2026-11-18,False,True,4,"thin RVOL, large gap",near21,5,https://www.tradingview.com/chart/?symbol=NASDAQ:KLIC&interval=D,False,False,False
KMX,CarMax Inc,NYSE,Specialty Stores,53.79,55.61,57.1,58.59,58.94,54.65,50.05,48.48,55.35,56.77,53.88,52.36,5.06,4.52,2.43,4629343.4,2900904.3333333335,156039644.0,169966886.0,0.81,-0.83,7635103578.474662,-13.66,268,4.35,126,17.96,161,2.88,-1.93,-5.79,1.16,0.62,58.8,0.158,19.45,False,False,False,True,False,True,True,True,False,True,False,True,False,False,False,False,2026-12-17,False,False,5,thin RVOL,"near21, ADR",6,https://www.tradingview.com/chart/?symbol=NYSE:KMX&interval=D,False,False,False
EXPE,"Expedia Group, Inc.",NASDAQ,Other Consumer Services,270.13,263.5,271.51,281.1,296.24,271.93,261.03,259.61,265.36,272.65,272.78,258.54,4.18,4.23,11.43,1808056.1,2160628.3,583650523.0,607361258.0,1.05,0.07,32420700315.492966,-8.89,216,0.88,148,16.65,167,2.88,-2.08,-0.51,0.22,1.25,101.4,0.163,13.56,False,False,False,True,True,True,False,False,False,True,True,False,False,True,False,False,2026-11-04,False,False,5,LoD>60% ATR,near21,4,https://www.tradingview.com/chart/?symbol=NASDAQ:EXPE&interval=D,False,False,False
IDYA,"IDEAYA Biosciences, Inc.",NASDAQ,Pharmaceuticals: Major,36.06,37.34,37.71,38.36,38.06,35.63,34.18,34.14,37.17,37.66,36.32,35.1,4.47,4.13,1.49,722549.1,799671.6333333333,28836159.0,30673805.0,0.69,-1.13,3479410729.5521235,-7.3,202,-2.57,165,16.7,165,2.28,-1.28,-4.37,1.03,0.82,64.5,0.094,10.89,False,False,False,True,False,True,True,False,True,True,False,False,False,False,False,False,2026-11-10,False,False,4,"LoD>60% ATR, thin RVOL","near21, BB",5,https://www.tradingview.com/chart/?symbol=NASDAQ:IDYA&interval=D,False,False,False
WRBY,Warby Parker Inc.,NYSE,Specialty Stores,24.95,26.43,25.25,24.98,25.68,25.96,25.18,25.2,25.87,25.61,25.32,24.16,6.4,6.1,1.52,3417598.7,3155694.966666667,78734589.0,78820845.0,0.71,-1.03,3084020722.7992887,1.84,120,-15.42,231,18.92,157,1.78,-0.46,-1.2,0.42,0.76,51.9,0.255,4.98,False,False,False,False,True,True,True,True,False,True,False,True,False,False,False,True,2026-11-05,False,False,4,"thin RVOL, below 200-MA","near21, ADR",7,https://www.tradingview.com/chart/?symbol=NYSE:WRBY&interval=D,False,False,False
NUAI,"New Era Energy & Digital, Inc.",NASDAQ,Engineering & Construction,4.83,6.24,6.25,5.98,5.64,5.34,5.08,5.04,5.95,6.05,5.91,4.76,12.79,12.68,0.61,8056233.3,8046835.366666666,38866215.0,48087888.0,2.33,1.27,514681601.5443037,-13.75,272,6.86,113,12.06,188,1.72,-1.14,-22.76,1.59,1.87,10.6,0.454,25.02,False,False,False,False,False,False,False,False,False,False,True,True,True,True,True,False,2026-12-02,False,False,5,below 200-MA,RVOL,2,https://www.tradingview.com/chart/?symbol=NASDAQ:NUAI&interval=D,False,False,False
VSAT,"ViaSat, Inc.",NASDAQ,Telecommunications Equipment,67.41,70.89,72.23,71.98,74.93,73.46,67.87,61.6,71.01,71.94,70.05,65.34,5.5,6.21,4.18,1652664.8,1714315.7666666666,115562026.0,123403306.0,1.34,-2.09,9286119754.481161,-11.13,241,-4.1,172,20.37,152,1.72,-1.62,-6.67,1.01,1.13,49.5,0.13,19.77,False,False,False,True,False,True,False,False,False,True,True,True,False,False,True,False,2026-11-11,False,True,4,"thin RVOL, large gap","near21, RVOL",4,https://www.tradingview.com/chart/?symbol=NASDAQ:VSAT&interval=D,False,False,False
VST,Vistra Corp.,NYSE,Electric Utilities,156.14,146.37,143.8,143.84,143.64,149.64,151.85,154.74,149.82,146.21,168.75,155.22,4.08,4.53,7.07,9202828.0,6002346.266666667,937206346.0,863385490.0,1.34,-0.55,52406079398.43509,3.4,110,-0.89,157,1.72,217,1.41,1.92,8.58,1.5,1.92,13.1,0.219,7.11,True,True,True,True,False,False,False,False,False,False,True,True,False,True,True,False,2026-11-06,False,False,6,,"EMA, RVOL",6,https://www.tradingview.com/chart/?symbol=NYSE:VST&interval=D,False,False,False
COHR,Coherent Corp.,NYSE,Semiconductors,302.35,312.34,304.64,297.69,302.82,327.17,317.46,292.03,315.92,308.44,328.87,298.88,6.25,7.09,21.43,6936758.7,6484850.8,1960694639.0,1930488204.0,1.43,-4.22,59209878805.63262,7.58,86,-5.93,177,2.16,214,1.27,-0.02,-0.75,0.28,1.4,16.2,0.274,11.62,False,False,False,True,True,True,False,False,False,True,True,True,False,True,True,False,2026-11-11,False,True,5,large gap,"near21, RVOL",5,https://www.tradingview.com/chart/?symbol=NYSE:COHR&interval=D,False,False,False
KEEL,Keel Infrastructure Corp.,NASDAQ,Data Processing Services,3.15,3.5,3.62,3.54,3.56,4.34,3.81,3.47,3.47,3.55,3.28,3.06,6.44,8.2,0.26,23718347.2,31299061.9,98592045.0,110777813.0,1.36,-1.8,1945355475.945946,-11.02,240,-35.71,365,50.0,97,1.09,-1.42,-13.01,1.36,0.85,34.8,0.302,27.65,False,False,False,False,False,True,True,False,False,True,False,True,False,False,True,False,2026-11-16,False,False,4,"thin RVOL, below 200-MA","near21, RVOL",4,https://www.tradingview.com/chart/?symbol=NASDAQ:KEEL&interval=D,False,False,False
CNXC,Concentrix Corporation,NASDAQ,Information Technology Services,27.07,25.82,27.4,28.25,27.1,26.08,26.64,29.51,26.37,26.95,27.15,25.32,8.65,8.02,2.17,2562134.1,1991658.4666666666,53914195.0,56268335.0,0.73,-1.34,1649862400.3566515,-14.79,280,22.93,67,-7.07,248,0.36,-0.01,-1.2,0.06,0.84,80.6,0.266,13.62,False,False,False,False,True,True,True,False,False,True,False,False,False,False,False,False,2027-01-19,False,False,3,"LoD>60% ATR, thin RVOL, below 200-MA",near21,4,https://www.tradingview.com/chart/?symbol=NASDAQ:CNXC&interval=D,False,False,False
STNE,StoneCo Ltd.,NASDAQ,Miscellaneous Commercial Services,11.6,10.24,9.97,9.96,10.05,10.51,11.39,12.49,10.63,10.23,11.99,11.46,4.04,4.66,0.54,8451362.7,6940188.9,80506191.0,69150886.0,0.89,0.0,2821447488.861859,13.17,56,4.41,124,-17.44,292,0.05,3.3,16.38,2.88,0.99,26.8,0.334,21.78,False,True,True,False,False,False,True,False,False,False,False,True,False,False,False,False,2026-11-17,False,False,4,"thin RVOL, below 200-MA",EMA,5,https://www.tradingview.com/chart/?symbol=NASDAQ:STNE&interval=D,False,False,False
COIN,"Coinbase Global, Inc.",NASDAQ,Investment Banks/Brokers,172.0,186.0,186.55,184.79,174.25,170.03,177.26,184.13,183.78,184.15,179.05,171.81,5.12,6.21,10.68,7765528.4,9400635.5,1616909306.0,1737105832.0,1.5,-1.92,45379964000.00001,-4.8,181,3.2,133,1.56,219,-0.01,-0.21,-7.8,1.06,0.68,1.8,0.224,9.61,False,False,False,False,False,True,True,False,False,True,False,True,False,True,True,False,2026-10-29,False,False,5,below 200-MA,"near21, RVOL",4,https://www.tradingview.com/chart/?symbol=NASDAQ:COIN&interval=D,False,False,False
TTAN,"ServiceTitan, Inc.",NASDAQ,Packaged Software,72.93,66.72,62.36,70.3,77.85,74.58,71.15,74.42,68.06,68.15,74.42,71.77,5.08,5.68,4.14,2116385.7,3576749.533333333,260852343.0,251452646.0,1.74,0.14,7035403674.5545025,-15.79,288,-9.96,200,24.43,137,-0.44,-1.11,16.95,1.24,0.64,28.0,0.374,21.24,False,False,False,False,False,True,True,True,False,True,False,True,True,True,True,False,2027-01-19,False,False,5,below 200-MA,"near21, ADR, RVOL",5,https://www.tradingview.com/chart/?symbol=NASDAQ:TTAN&interval=D,False,False,False
VG,"Venture Global, Inc.",NYSE,Oil & Gas Pipelines,13.29,12.99,13.62,14.0,13.87,13.22,13.31,12.2,13.23,13.49,13.54,13.11,4.62,5.03,0.67,11362590.4,13624058.866666667,181063742.0,190723200.0,1.08,2.61,33226234612.485058,-9.28,221,5.48,117,2.47,212,-0.45,-0.83,-2.43,0.29,0.65,26.9,0.279,12.6,False,False,False,True,True,True,True,True,False,True,False,True,False,True,False,False,2026-11-16,False,True,5,large gap,"near21, ADR",7,https://www.tradingview.com/chart/?symbol=NYSE:VG&interval=D,False,False,False
COMP,"Compass, Inc.",NYSE,Real Estate Development,9.52,9.2,9.63,10.0,10.89,10.51,9.62,10.06,9.35,9.69,9.56,9.01,4.75,5.02,0.48,17229417.7,15516361.266666668,147715759.0,155137752.0,0.89,-1.96,7307976732.883569,-12.98,263,-20.67,282,31.86,126,-0.6,-2.51,-1.17,0.35,1.15,106.8,0.237,17.78,False,False,False,False,True,True,False,False,False,True,True,False,False,False,False,False,2026-11-11,False,False,3,"LoD>60% ATR, thin RVOL, below 200-MA",near21,3,https://www.tradingview.com/chart/?symbol=NYSE:COMP&interval=D,False,False,False
STRL,"Sterling Infrastructure, Inc.",NASDAQ,Engineering & Construction,518.41,518.55,509.52,499.33,517.61,643.96,601.32,543.75,522.23,515.61,535.22,498.0,5.04,5.89,30.51,515321.5,545830.0666666667,282963765.0,272547326.0,1.26,-1.99,15857393835.39859,4.99,98,-25.83,314,18.6,160,-0.75,0.03,1.74,0.09,1.22,66.9,0.173,25.93,False,False,False,False,True,True,False,False,False,True,True,False,False,True,True,False,2026-11-09,False,False,4,"LoD>60% ATR, below 200-MA","near21, RVOL",3,https://www.tradingview.com/chart/?symbol=NASDAQ:STRL&interval=D,False,False,False
FN,Fabrinet,NYSE,Semiconductors,487.33,451.92,422.9,418.54,450.32,510.51,544.7,532.45,458.4,441.28,497.95,475.52,4.08,4.79,23.36,895513.2,828776.0,403887408.0,346878946.0,1.44,-2.51,17463402837.170383,18.01,37,2.27,136,-23.01,319,-0.91,1.71,15.24,2.18,0.96,50.6,0.351,24.99,False,True,True,False,False,False,True,False,False,False,False,True,False,True,True,False,2026-11-09,False,True,4,"below 200-MA, large gap","EMA, RVOL",5,https://www.tradingview.com/chart/?symbol=NYSE:FN&interval=D,False,False,False
BLSH,Bullish,NYSE,Packaged Software,31.41,34.41,35.91,35.35,31.57,29.32,32.56,33.23,34.06,34.54,31.77,30.11,6.51,7.18,2.26,934034.2,1371804.6333333333,43088384.0,48490550.0,1.36,-1.51,4720992066.463859,-12.51,258,23.42,66,-14.32,275,-1.14,-0.07,-12.54,1.26,0.73,57.6,0.307,21.0,False,False,False,False,False,True,True,False,False,True,False,True,False,False,True,False,2026-11-25,False,False,4,"thin RVOL, below 200-MA","near21, RVOL",4,https://www.tradingview.com/chart/?symbol=NYSE:BLSH&interval=D,False,False,False
PTRN,Pattern Group Inc. - Series A,NASDAQ,Advertising/Marketing Services,18.35,17.39,18.5,19.14,20.28,21.52,18.72,17.16,17.88,18.49,18.46,17.51,4.87,4.96,0.91,1585834.0,1603026.8666666667,29415543.0,30675522.0,0.7,-0.45,3255273151.3636365,-9.38,223,-38.01,371,43.36,104,-1.34,-1.92,-0.79,0.15,1.04,92.3,0.269,23.79,False,False,False,True,True,True,False,False,False,True,True,False,False,False,False,False,2026-11-11,False,False,4,"LoD>60% ATR, thin RVOL",near21,4,https://www.tradingview.com/chart/?symbol=NASDAQ:PTRN&interval=D,False,False,False
AMBA,"Ambarella, Inc.",NASDAQ,Semiconductors,62.89,68.3,67.42,67.36,71.91,72.37,68.36,68.01,67.09,67.88,64.97,60.86,5.42,5.94,3.74,1089041.0,1714014.8,107794391.0,115462893.0,1.24,-1.27,2776025815.9496408,-1.47,143,-19.64,269,16.87,164,-1.41,-2.11,-6.72,1.24,1.1,54.3,0.148,7.88,False,False,False,False,False,True,False,False,False,True,True,True,False,False,True,False,2026-12-01,False,False,4,"thin RVOL, below 200-MA","near21, RVOL",3,https://www.tradingview.com/chart/?symbol=NASDAQ:AMBA&interval=D,False,False,False
ORKA,"Oruka Therapeutics, Inc.",NASDAQ,Pharmaceuticals: Major,77.28,82.34,87.67,89.28,94.97,85.68,75.79,64.94,82.67,86.47,80.19,75.83,5.8,5.91,4.57,961167.9,941561.4,72763865.0,84064799.0,1.27,-1.3,5116685145.515471,-14.19,275,-12.14,212,21.76,148,-1.52,-3.15,-11.85,1.8,0.95,31.7,0.276,38.85,False,False,False,True,False,False,True,False,False,False,False,True,False,False,True,False,2026-11-18,False,False,5,thin RVOL,RVOL,4,https://www.tradingview.com/chart/?symbol=NASDAQ:ORKA&interval=D,False,False,False
GLOB,Globant S.A.,NYSE,Information Technology Services,37.05,35.29,36.15,37.08,37.58,36.14,38.81,44.2,35.78,36.15,37.09,34.6,4.1,4.87,1.8,819056.9,957132.8333333334,35461771.0,35491124.0,1.02,0.0,1599802550.384615,-2.81,162,16.91,84,-18.89,299,-1.6,-0.29,2.49,0.51,1.38,135.8,0.206,24.06,False,False,False,False,True,True,False,False,False,True,True,False,False,False,False,False,2026-11-12,False,False,3,"LoD>60% ATR, thin RVOL, below 200-MA",near21,3,https://www.tradingview.com/chart/?symbol=NYSE:GLOB&interval=D,False,False,False
KVYO,"Klaviyo, Inc. Series A",NYSE,Packaged Software,17.57,16.24,16.26,17.14,17.5,16.64,17.29,18.93,16.61,16.65,17.81,16.65,4.82,5.38,0.94,5707132.6,6594149.666666667,115859210.0,113012735.0,1.21,0.0,5002660923.604251,-4.25,176,-0.06,156,-0.85,229,-1.72,0.08,8.06,1.02,1.23,97.4,0.167,15.32,False,True,False,False,False,True,False,False,False,True,True,False,False,False,True,False,2026-11-11,False,False,3,"LoD>60% ATR, thin RVOL, below 200-MA","near21, RVOL",3,https://www.tradingview.com/chart/?symbol=NYSE:KVYO&interval=D,False,False,False
COCO,"The Vita Coco Company, Inc.",NASDAQ,Food: Specialty/Candy,55.98,55.95,56.24,56.29,59.59,67.24,63.65,61.4,55.41,56.44,56.92,50.76,4.93,5.01,2.81,1085704.8,1403778.6,78583526.0,79013550.0,2.33,0.32,3213088819.128924,2.27,117,-21.31,289,12.48,185,-2.19,-1.21,-0.45,0.16,2.2,186.0,0.149,20.18,False,False,False,False,True,True,False,False,False,True,True,False,True,True,True,False,2026-11-04,False,False,4,"LoD>60% ATR, below 200-MA","near21, RVOL",3,https://www.tradingview.com/chart/?symbol=NASDAQ:COCO&interval=D,False,False,False
VIRT,"Virtu Financial, Inc.",NYSE,Investment Banks/Brokers,57.81,56.98,56.94,59.4,59.55,58.6,54.66,50.32,58.03,58.1,59.22,57.54,4.4,4.52,2.62,1630558.9,1207948.7,69831514.0,71755374.0,0.53,-0.88,8972125567.312023,-9.5,224,-14.91,225,16.93,163,-2.49,-0.65,1.52,0.11,0.64,10.1,0.213,15.96,False,False,False,True,True,True,True,True,False,True,False,True,False,False,False,False,2026-11-05,False,False,5,thin RVOL,"near21, ADR",7,https://www.tradingview.com/chart/?symbol=NYSE:VIRT&interval=D,False,False,False
CAMT,Camtek Ltd.,NASDAQ,Electronic Components,150.5,153.6,148.88,145.88,148.62,155.16,161.4,156.69,153.11,150.64,152.08,145.02,4.27,5.23,7.87,407830.4,386447.26666666666,58160314.0,56376731.0,1.16,-1.7,7023560158.521683,1.01,129,6.59,115,-15.54,282,-2.65,0.24,1.09,0.02,0.9,69.6,0.207,8.49,False,False,False,False,True,True,True,False,False,True,False,False,False,False,False,False,2026-11-17,False,False,3,"LoD>60% ATR, thin RVOL, below 200-MA",near21,4,https://www.tradingview.com/chart/?symbol=NASDAQ:CAMT&interval=D,False,False,False
VRDN,"Viridian Therapeutics, Inc.",NASDAQ,Pharmaceuticals: Major,18.34,19.39,20.56,21.38,21.87,19.84,19.78,22.56,19.31,20.3,18.44,17.59,4.98,4.97,0.91,1994190.2,1724863.8,31634002.0,36870976.0,1.24,-1.42,2077780252.266958,-18.05,315,-9.16,191,18.86,158,-2.79,-3.25,-10.82,1.94,0.93,82.3,0.27,17.29,False,False,False,False,False,False,True,False,False,False,False,False,False,False,True,False,2026-11-16,False,False,3,"LoD>60% ATR, thin RVOL, below 200-MA",RVOL,2,https://www.tradingview.com/chart/?symbol=NASDAQ:VRDN&interval=D,False,False,False
FIVE,"Five Below, Inc.",NASDAQ,Discount Stores,209.73,217.44,226.57,233.0,234.88,217.12,219.89,215.36,216.64,224.04,210.32,202.34,4.15,4.34,9.11,974263.1,1200762.4,251835898.0,279776238.0,1.25,-0.93,11546482834.256124,-16.52,293,12.78,99,-6.16,241,-3.3,-2.47,-7.43,1.47,0.88,81.1,0.205,9.31,False,False,False,False,False,True,True,False,False,True,False,False,False,True,True,False,2026-12-02,False,False,4,"LoD>60% ATR, below 200-MA","near21, RVOL",3,https://www.tradingview.com/chart/?symbol=NASDAQ:FIVE&interval=D,False,False,False
RKLB,Rocket Lab Corporation,NASDAQ,Aerospace & Defense,68.4,71.83,69.46,67.66,70.46,84.9,83.01,81.66,71.23,70.31,71.65,67.71,5.53,5.96,4.08,21583930.0,20362713.566666666,1392809608.0,1377659749.0,1.06,-1.89,40934647761.657394,4.8,101,-16.88,242,1.03,221,-3.68,-0.49,-1.53,0.45,0.97,16.9,0.226,22.57,False,False,False,False,True,True,True,False,False,True,False,True,False,True,False,False,2026-11-16,False,False,5,below 200-MA,near21,5,https://www.tradingview.com/chart/?symbol=NASDAQ:RKLB&interval=D,False,False,False
RDDT,"Reddit, Inc.",NYSE,Internet Software/Services,156.47,148.67,152.34,152.2,154.41,164.77,159.04,167.01,151.01,151.77,157.3,152.0,4.17,4.54,7.1,4066569.8,4517473.3,706849047.0,687548895.0,1.16,0.07,30104284878.705387,0.94,130,-23.97,307,10.93,193,-4.03,0.29,2.71,0.68,0.75,63.0,0.14,11.73,False,True,False,False,True,True,True,False,False,True,False,False,False,True,False,False,2026-11-04,False,False,4,"LoD>60% ATR, below 200-MA",near21,5,https://www.tradingview.com/chart/?symbol=NYSE:RDDT&interval=D,False,False,False
WGS,GeneDx Holdings Corp.,NASDAQ,Medical/Nursing Services,67.73,75.05,84.3,84.92,82.04,70.52,68.25,77.03,74.92,79.68,67.94,64.5,9.36,8.63,5.84,771794.9000000013,712559.666666666,48261666.0,60509379.0,0.86,-1.63,2019880617.200788,-20.61,341,-2.88,166,11.38,190,-4.04,-2.02,-19.65,1.74,0.59,55.4,0.536,23.69,False,False,False,False,False,False,True,True,False,True,False,True,False,False,False,False,2026-11-03,False,False,4,"thin RVOL, below 200-MA",ADR,4,https://www.tradingview.com/chart/?symbol=NASDAQ:WGS&interval=D,False,False,False
RDW,Redwire Corporation,NYSE,Aerospace & Defense,9.76,10.65,10.88,10.83,11.24,12.46,11.58,11.12,10.54,10.78,10.24,9.56,6.94,7.55,0.74,14109102.6,13016327.8,127039359.0,140919104.0,0.77,-1.56,2439927865.59375,-8.96,218,-6.51,181,3.28,211,-4.06,-1.74,-10.32,1.26,0.92,27.1,0.194,18.57,False,False,False,False,False,True,True,False,False,True,False,True,False,False,False,False,2026-11-11,False,False,4,"thin RVOL, below 200-MA",near21,4,https://www.tradingview.com/chart/?symbol=NYSE:RDW&interval=D,False,False,False
JBL,Jabil Inc.,NYSE,Industrial Machinery,299.16,305.43,304.6,305.08,316.75,332.76,322.22,303.34,303.42,305.82,304.15,292.96,4.37,4.42,13.22,1847482.2,1353654.7666666666,404959360.0,412976155.0,0.74,-1.56,31348104921.0568,-4.31,177,-9.39,194,0.76,222,-4.31,-1.26,-1.79,0.49,0.85,46.9,0.114,9.84,False,False,False,False,True,True,True,False,False,True,False,True,False,True,False,False,2026-12-10,False,False,5,below 200-MA,near21,5,https://www.tradingview.com/chart/?symbol=NYSE:JBL&interval=D,False,False,False
HRI,Herc Holdings Inc.,NYSE,Finance/Rental/Leasing,123.86,131.0,135.0,138.34,148.79,146.11,135.45,140.84,131.09,135.44,126.08,121.05,6.24,6.26,7.75,601656.7,789652.3333333334,97806338.0,109241820.0,0.64,-1.67,4140818849.475486,-17.42,307,-15.42,230,19.53,154,-4.44,-2.68,-8.25,1.37,0.65,36.2,0.177,14.36,False,False,False,False,False,True,True,True,False,True,False,True,False,False,False,False,2026-10-15,False,False,4,"thin RVOL, below 200-MA","near21, ADR",5,https://www.tradingview.com/chart/?symbol=NYSE:HRI&interval=D,False,False,False
CRCL,"Circle Internet Group, Inc.",NYSE,Packaged Software,80.84,83.39,86.97,89.31,82.91,81.22,89.95,86.05,83.73,85.5,81.46,78.88,5.59,6.82,5.51,9674528.2,13690885.166666666,1106771157.0,1222687318.0,1.0,-1.14,20623326039.0,-19.68,331,14.41,90,-8.19,252,-4.49,-0.37,-7.05,0.8,0.47,35.6,0.241,10.8,False,False,False,False,False,True,True,True,False,True,False,True,False,True,False,False,2026-11-04,False,False,5,below 200-MA,"near21, ADR",5,https://www.tradingview.com/chart/?symbol=NYSE:CRCL&interval=D,False,False,False
NVTS,Navitas Semiconductor Corporation,NASDAQ,Semiconductors,10.93,11.83,11.65,11.61,12.12,15.69,14.73,13.29,11.69,11.77,11.19,10.65,6.63,7.41,0.81,18976022.7,13808245.1,150924119.0,160359753.0,0.75,-2.04,2853751733.49823,-10.34,235,-19.4,264,15.3,174,-4.81,-1.32,-6.18,0.97,0.67,34.6,0.192,36.97,False,False,False,False,False,True,True,True,False,True,False,True,False,False,False,False,2026-11-09,False,True,3,"thin RVOL, below 200-MA, large gap","near21, ADR",5,https://www.tradingview.com/chart/?symbol=NASDAQ:NVTS&interval=D,False,False,False
BLLN,"BillionToOne, Inc.",NASDAQ,Medical/Nursing Services,95.41,108.12,108.23,104.26,105.18,107.62,98.35,95.28,104.32,105.89,96.02,91.01,8.24,7.42,7.08,587811.8,625927.4333333333,59719736.0,65257108.0,0.6,-1.77,4502115132.660575,-3.86,172,-25.12,311,14.29,179,-4.89,-1.25,-11.84,1.33,0.71,62.2,0.32,13.57,False,False,False,True,False,True,True,True,False,True,False,False,False,False,False,False,2026-12-15,False,False,4,"LoD>60% ATR, thin RVOL","near21, ADR",5,https://www.tradingview.com/chart/?symbol=NASDAQ:BLLN&interval=D,False,False,False
GEN,Gen Digital Inc.,NASDAQ,Packaged Software,22.75,21.98,25.42,27.1,27.64,26.56,24.42,24.5,23.02,24.68,22.88,22.21,5.98,4.92,1.12,16034719.5,10832809.9,246446425.0,293574565.0,0.59,-0.58,13617854701.1389,-25.21,372,-13.89,221,24.05,140,-5.02,-3.6,-10.49,1.59,0.59,48.3,0.612,24.89,False,False,False,False,False,False,True,True,False,True,False,True,False,True,False,False,2026-11-10,False,False,5,below 200-MA,ADR,4,https://www.tradingview.com/chart/?symbol=NASDAQ:GEN&interval=D,False,False,False
ARQT,"Arcutis Biotherapeutics, Inc.",NASDAQ,Pharmaceuticals: Major,24.49,25.56,25.58,25.03,25.42,25.23,24.52,25.13,25.11,25.32,24.57,23.37,5.09,4.87,1.19,2306507.1,2997435.966666667,73407207.0,75039311.0,1.15,-1.08,3078196188.3491926,-1.41,142,-14.55,223,0.08,226,-5.29,-0.75,-4.27,0.68,1.01,94.0,0.19,4.35,False,False,False,False,False,True,False,False,False,True,True,False,False,False,False,True,2026-10-29,False,False,3,"LoD>60% ATR, thin RVOL, below 200-MA",near21,3,https://www.tradingview.com/chart/?symbol=NASDAQ:ARQT&interval=D,False,False,False
POET,POET Technologies Inc.,NASDAQ,Electrical Products,7.04,7.57,7.66,7.66,7.94,9.32,8.96,8.37,7.55,7.66,7.26,6.82,5.6,6.77,0.48,8097056.5,8295240.5000000335,58398493.0,63559515.0,1.58,-2.6,1218328948.5205667,-12.0,250,-17.85,252,12.82,183,-5.68,-1.67,-8.07,1.2,0.92,46.2,0.161,24.83,False,False,False,False,False,True,True,False,False,True,False,True,True,True,True,False,2026-11-12,False,True,4,"below 200-MA, large gap","near21, RVOL",4,https://www.tradingview.com/chart/?symbol=NASDAQ:POET&interval=D,False,False,False
BTU,Peabody Energy Corporation,NYSE,Coal,25.0,24.97,25.78,26.89,26.04,25.4,27.0,28.77,25.22,25.73,25.85,24.9,4.29,4.54,1.13,1801969.8,2396407.4,59910185.0,64429011.0,1.44,0.6,3047500084.507042,-14.73,278,6.7,114,-9.39,257,-5.81,-0.88,-3.04,0.62,0.83,8.4,0.17,15.2,False,False,False,False,False,True,True,False,False,True,False,True,False,False,True,False,2026-10-29,False,False,4,"thin RVOL, below 200-MA","near21, RVOL",4,https://www.tradingview.com/chart/?symbol=NYSE:BTU&interval=D,False,False,False
HUT,Hut 8 Corp.,NASDAQ,Data Processing Services,79.59,89.49,93.26,91.21,90.83,100.88,89.92,81.2,89.24,90.99,87.37,78.19,7.86,9.16,7.29,5331438.00000001,4889556.066666666,389159767.0,445983743.0,2.27,-2.28,9810221400.009407,-16.96,296,-24.99,309,23.4,142,-6.19,-1.35,-14.66,1.37,1.26,19.2,0.287,24.72,False,False,False,False,False,True,False,False,False,True,True,True,True,True,True,False,2026-11-18,False,True,4,"below 200-MA, large gap","near21, RVOL",3,https://www.tradingview.com/chart/?symbol=NASDAQ:HUT&interval=D,False,False,False
SGRY,"Surgery Partners, Inc.",NASDAQ,Hospital/Nursing Management,13.64,13.8,13.94,13.99,14.35,14.7,14.22,14.48,13.72,13.91,13.71,13.34,5.35,4.9,0.67,1470699.6,2251436.2,30709590.0,31486335.0,0.85,-0.95,1785725052.8694384,-3.88,173,-19.72,271,4.68,206,-6.3,-1.01,-2.16,0.4,0.55,44.2,0.179,6.61,False,False,False,False,True,True,True,True,False,True,False,True,False,False,False,False,2026-11-10,False,False,4,"thin RVOL, below 200-MA","near21, ADR",6,https://www.tradingview.com/chart/?symbol=NASDAQ:SGRY&interval=D,False,False,False
KD,"Kyndryl Holdings, Inc.",NYSE,Data Processing Services,11.88,11.55,12.07,12.42,12.76,12.33,12.55,14.59,11.71,11.99,11.94,11.22,4.42,4.87,0.58,4942250.6,4029456.8,47869947.0,50031079.0,1.14,-0.52,2587680978.60262,-8.62,212,-3.88,170,-6.9,246,-6.47,-1.41,-1.58,0.19,1.24,113.1,0.231,25.61,False,False,False,False,True,True,False,False,False,True,True,False,False,False,False,False,2026-11-10,False,False,3,"LoD>60% ATR, thin RVOL, below 200-MA",near21,3,https://www.tradingview.com/chart/?symbol=NYSE:KD&interval=D,False,False,False
BHVN,Biohaven Ltd.,NYSE,Pharmaceuticals: Major,11.93,12.78,13.05,13.77,13.96,13.56,12.23,12.07,12.66,13.16,12.12,11.46,6.53,7.5,0.9,1940705.2,2934122.6333333333,35004083.0,40413627.0,1.37,-0.42,1801952282.9478111,-19.99,336,-27.03,325,27.05,134,-6.66,-1.93,-8.55,1.24,0.74,52.5,0.235,15.84,False,False,False,False,False,True,True,False,False,True,False,True,False,False,True,False,2026-11-17,False,False,4,"thin RVOL, below 200-MA","near21, RVOL",4,https://www.tradingview.com/chart/?symbol=NYSE:BHVN&interval=D,False,False,False
AAON,"AAON, Inc.",NASDAQ,Industrial Machinery,85.95,85.34,81.7,80.14,82.53,102.87,100.27,98.04,84.72,83.15,88.07,84.24,4.86,4.78,4.11,1098778.2999999986,1115963.7999999993,95917089.0,89438547.0,0.76,-1.04,7086890461.380695,7.28,87,-20.84,284,-6.58,244,-6.71,0.87,5.2,0.7,0.93,41.6,0.22,24.63,False,True,True,False,False,True,True,False,False,True,False,True,False,False,False,False,2026-11-09,False,False,4,"thin RVOL, below 200-MA","EMA, near21",6,https://www.tradingview.com/chart/?symbol=NASDAQ:AAON&interval=D,False,False,False
AESI,Atlas Energy Solutions Inc.,NYSE,Oilfield Services/Equipment,12.16,12.22,12.57,12.84,12.42,14.15,14.3,13.43,12.32,12.47,12.55,12.08,6.2,6.6,0.8,4562179.5,3543667.6666666665,43090999.0,45499512.0,0.86,-0.08,1520042031.0497591,-12.01,251,-14.91,224,6.48,201,-6.81,-0.32,-3.28,0.38,0.59,10.0,0.262,17.09,False,False,False,False,False,True,True,True,False,True,False,True,False,False,False,False,2026-11-02,False,False,4,"thin RVOL, below 200-MA","near21, ADR",5,https://www.tradingview.com/chart/?symbol=NYSE:AESI&interval=D,False,False,False
TTMI,"TTM Technologies, Inc.",NASDAQ,Electronic Components,117.5,126.89,123.6,122.74,123.98,146.38,138.12,126.46,126.06,125.01,129.88,116.53,6.09,6.7,7.87,1938740.0,1854337.3333333333,217884637.0,227603219.0,1.2,-2.65,12378491851.053043,-8.04,206,-20.61,280,7.62,198,-7.01,-0.78,-4.94,0.9,1.7,12.3,0.207,19.38,False,False,False,False,False,True,False,False,False,True,True,True,False,True,False,False,2026-11-04,False,True,4,"below 200-MA, large gap",near21,3,https://www.tradingview.com/chart/?symbol=NASDAQ:TTMI&interval=D,False,False,False
QUBT,Quantum Computing Inc.,NASDAQ,Information Technology Services,7.45,8.19,8.36,8.27,8.43,9.03,8.8,9.12,8.05,8.24,7.62,7.33,5.32,5.56,0.41,6796306.4,6946036.633333334,51747973.0,57411308.0,1.15,-1.12,1686284102.893701,-10.56,236,-18.85,259,7.5,199,-7.3,-2.1,-10.85,1.72,0.69,29.0,0.243,12.58,False,False,False,False,False,False,True,True,False,True,False,True,False,False,False,False,2026-11-18,False,False,4,"thin RVOL, below 200-MA",ADR,4,https://www.tradingview.com/chart/?symbol=NASDAQ:QUBT&interval=D,False,False,False
PRM,"Perimeter Solutions, SA",NYSE,Chemicals: Major Diversified,27.7,27.77,29.3,29.94,31.18,32.48,30.53,29.65,28.19,29.04,28.95,27.54,4.9,4.65,1.29,1492970.0,1240559.0666666667,34363486.0,37136963.0,0.87,-1.97,4534127773.800984,-12.92,262,-20.13,274,10.45,194,-7.53,-2.4,-5.47,0.99,1.09,12.4,0.265,17.01,False,False,False,False,False,True,False,False,False,True,True,True,False,False,False,False,2026-10-30,False,False,4,"thin RVOL, below 200-MA",near21,3,https://www.tradingview.com/chart/?symbol=NYSE:PRM&interval=D,False,False,False
MIR,"Mirion Technologies, Inc.",NYSE,Aerospace & Defense,16.22,15.12,15.54,15.64,15.5,16.36,17.35,18.98,15.56,15.53,16.27,15.87,4.14,4.55,0.74,4291366.5,3998358.7,64853378.0,62551656.0,1.42,-1.52,4039390812.661398,-4.98,183,-2.05,160,-15.83,286,-7.62,1.02,4.36,0.97,0.55,47.4,0.202,23.81,False,True,True,False,False,True,True,True,False,True,False,True,False,False,True,False,2026-11-03,False,False,4,"thin RVOL, below 200-MA","EMA, near21, ADR, RVOL",7,https://www.tradingview.com/chart/?symbol=NYSE:MIR&interval=D,False,False,False
PPC,Pilgrim's Pride Corporation,NASDAQ,Agricultural Commodities/Milling,28.5,27.54,28.41,29.19,29.04,28.81,30.63,33.35,27.91,28.34,28.85,28.13,4.11,3.87,1.1,1623420.9,1429362.4333333333,40736829.0,41724042.0,0.95,0.57,6786093472.297297,-6.5,195,3.3,132,-20.12,304,-7.77,-0.48,0.32,0.14,0.65,33.5,0.18,20.37,False,False,False,False,True,True,True,True,False,True,False,True,False,False,False,False,2026-10-28,False,False,4,"thin RVOL, below 200-MA","near21, ADR",6,https://www.tradingview.com/chart/?symbol=NASDAQ:PPC&interval=D,False,False,False
COUR,"Coursera, Inc.",NYSE,Miscellaneous Commercial Services,5.27,5.01,5.1,5.38,5.54,5.54,5.66,5.88,5.11,5.19,5.29,5.07,4.24,4.54,0.24,9263547.6,6397624.566666666,33715481.0,34442678.0,1.11,-0.2,1393388004.1252446,-8.82,213,-8.51,190,-6.06,240,-7.8,-1.08,3.4,0.33,0.92,83.5,0.141,16.47,False,False,False,False,False,True,True,False,False,True,False,False,False,False,False,False,2026-10-22,False,False,3,"LoD>60% ATR, thin RVOL, below 200-MA",near21,3,https://www.tradingview.com/chart/?symbol=NYSE:COUR&interval=D,False,False,False
HIVE,HIVE Digital Technologies Ltd,NASDAQ,Information Technology Services,2.56,2.92,3.06,3.02,2.95,3.32,2.98,2.9,2.89,2.98,2.72,2.5,6.48,7.48,0.19,10250276.199999994,12517501.600000022,32044804.0,37786165.0,1.08,-1.45,702150011.7659034,-17.82,311,-27.07,326,21.33,150,-7.85,-1.76,-16.32,1.87,1.15,31.3,0.32,16.33,False,False,False,False,False,False,False,False,False,False,True,True,False,False,False,False,2026-11-16,False,False,4,"thin RVOL, below 200-MA",,2,https://www.tradingview.com/chart/?symbol=NASDAQ:HIVE&interval=D,False,False,False
MWH,"SOLV Energy, Inc.",NASDAQ,Engineering & Construction,25.69,25.02,25.46,25.44,26.99,29.78,31.24,,25.41,25.59,25.75,24.19,4.51,5.25,1.35,1389308.6,1372277.3333333333,35253805.0,34916224.0,1.04,-1.2,5199440832.53204,0.55,133,-9.57,197,-15.27,279,-8.1,-0.92,0.91,0.08,1.16,111.2,0.129,24.2,False,False,False,False,True,True,False,False,False,True,True,False,False,False,False,False,2026-12-02,False,False,3,"LoD>60% ATR, thin RVOL, below 200-MA",near21,3,https://www.tradingview.com/chart/?symbol=NASDAQ:MWH&interval=D,False,False,False
CVNA,Carvana Co.,NYSE,Specialty Stores,63.2,63.21,64.8,67.68,68.68,67.75,68.27,71.4,63.69,65.21,63.65,61.42,4.39,4.76,3.01,8320472.6,7178024.9,453651174.0,485811118.0,0.93,-1.7,69549310165.11154,-15.73,287,-6.91,183,-3.8,236,-8.81,-1.67,-2.47,0.65,0.74,59.1,0.143,12.96,False,False,False,False,True,True,True,False,False,True,False,True,False,True,False,False,2026-10-28,False,False,5,below 200-MA,near21,5,https://www.tradingview.com/chart/?symbol=NYSE:CVNA&interval=D,False,False,False
EXK,Endeavour Silver Corporation,NYSE,Precious Metals,8.57,8.7,9.28,9.83,9.82,9.15,9.35,9.93,8.78,9.21,8.57,8.18,4.78,5.73,0.49,6889015.8,7952265.733333333,68150917.0,78205232.0,1.05,-1.2,2537958036.218381,-22.55,350,5.15,119,-11.83,268,-9.74,-2.23,-7.6,1.21,0.8,79.4,0.293,14.33,False,False,False,False,False,True,True,False,False,True,False,False,False,False,False,False,2027-03-04,False,False,3,"LoD>60% ATR, thin RVOL, below 200-MA",near21,3,https://www.tradingview.com/chart/?symbol=NYSE:EXK&interval=D,False,False,False
CDE,"Coeur Mining, Inc.",NYSE,Precious Metals,16.87,17.53,18.64,19.44,19.07,17.86,18.32,19.26,17.56,18.34,16.97,16.33,4.1,5.27,0.89,35931427.0,34949922.6,589605194.0,679577945.0,1.38,-0.48,17341264438.684246,-19.86,333,5.5,116,-15.37,281,-9.91,-2.19,-9.47,1.52,0.72,60.7,0.272,10.25,False,False,False,False,False,False,True,False,False,False,False,False,False,True,True,False,2026-11-11,False,False,4,"LoD>60% ATR, below 200-MA",RVOL,2,https://www.tradingview.com/chart/?symbol=NYSE:CDE&interval=D,False,False,False
SKYD,Skydance Corporation,NYSE,Cable/Satellite TV,9.28,9.69,10.07,10.3,10.0,9.89,10.04,10.48,9.61,9.89,9.53,8.95,7.33,6.47,0.6,32966067.1,25262831.433333334,234439076.0,260114533.0,1.92,0.79,10435553788.112484,-13.67,269,-1.49,159,-14.86,277,-10.01,-1.12,-7.88,0.96,0.97,55.0,0.23,8.55,False,False,False,False,False,True,True,False,False,True,False,True,True,True,True,False,2026-11-16,False,False,5,below 200-MA,"near21, RVOL",4,https://www.tradingview.com/chart/?symbol=NYSE:SKYD&interval=D,False,False,False
TMDX,"TransMedics Group, Inc.",NASDAQ,Medical Specialties,79.0,81.73,84.02,84.95,85.7,78.84,87.15,99.12,81.7,83.35,80.28,77.5,4.81,5.21,4.11,770879.5,756627.8333333334,59773599.0,64277930.0,1.29,-1.01,2739336380.7943754,-11.38,244,9.25,107,-28.16,340,-10.1,-1.5,-5.97,1.0,0.67,36.5,0.144,25.68,False,False,False,False,False,True,True,True,False,True,False,True,False,False,True,False,2026-11-04,False,False,4,"thin RVOL, below 200-MA","near21, ADR, RVOL",5,https://www.tradingview.com/chart/?symbol=NASDAQ:TMDX&interval=D,False,False,False
AXGN,"Axogen, Inc.",NASDAQ,Medical Specialties,36.18,39.42,41.86,44.02,45.41,43.72,41.1,39.05,38.83,41.32,36.32,35.44,5.02,5.42,1.96,1682548.1,1395896.3,50503528.0,61441539.0,0.85,-0.17,2122735379.9733632,-23.33,361,-16.67,239,9.5,195,-10.17,-3.75,-13.56,2.3,0.45,37.7,0.316,17.59,False,False,False,False,False,False,True,True,False,True,False,True,False,False,False,False,2026-11-10,False,False,4,"thin RVOL, below 200-MA",ADR,4,https://www.tradingview.com/chart/?symbol=NASDAQ:AXGN&interval=D,False,False,False
CLSK,"CleanSpark, Inc.",NASDAQ,Data Processing Services,10.63,12.57,13.22,12.93,12.79,14.05,13.04,12.58,12.34,12.76,11.35,10.36,7.26,8.37,0.89,15985256.7,16996094.833333332,180668488.0,219759506.0,1.71,-2.21,2729965643.815973,-16.3,292,-18.48,255,3.3,210,-10.49,-2.02,-19.61,2.0,1.11,29.8,0.327,14.0,False,False,False,False,False,False,False,False,False,False,True,True,True,True,True,False,2026-12-16,False,True,4,"below 200-MA, large gap",RVOL,2,https://www.tradingview.com/chart/?symbol=NASDAQ:CLSK&interval=D,False,False,False
AKAM,"Akamai Technologies, Inc.",NASDAQ,Data Processing Services,100.9,107.57,108.71,108.27,111.36,120.61,117.61,112.02,106.88,108.33,104.27,99.3,6.42,5.81,5.86,7853119.3,4982068.633333334,502690725.0,539430160.0,0.63,-0.49,14501006413.809385,-1.74,145,-22.49,298,-7.97,250,-10.73,-1.62,-7.18,1.18,0.85,27.3,0.173,12.93,False,False,False,False,False,True,True,False,False,True,False,True,False,True,False,False,2026-11-10,False,False,5,below 200-MA,near21,4,https://www.tradingview.com/chart/?symbol=NASDAQ:AKAM&interval=D,False,False,False
ERAS,"Erasca, Inc.",NASDAQ,Pharmaceuticals: Major,15.46,14.52,14.9,15.57,16.6,16.13,15.75,14.2,14.71,15.1,15.62,13.78,6.26,6.69,1.03,4983060.2,4922763.133333334,76105918.0,76626910.0,2.07,-1.13,5407320846.280453,-2.64,160,-18.24,254,-11.35,265,-10.75,-1.03,3.76,0.36,1.78,162.4,0.183,15.54,False,False,False,True,False,True,False,False,False,True,True,False,True,True,True,False,2026-11-11,False,False,5,LoD>60% ATR,"near21, RVOL",3,https://www.tradingview.com/chart/?symbol=NASDAQ:ERAS&interval=D,False,False,False
CECO,CECO Environmental Corp.,NASDAQ,Industrial Machinery,65.55,71.87,71.9,72.46,72.43,78.35,74.21,72.27,71.49,72.11,71.22,64.34,5.2,6.17,4.04,724432.1,729155.8666666667,47796167.0,52836457.0,2.69,-1.74,3839252424.850337,-11.65,249,-21.85,293,0.63,224,-10.96,-1.54,-8.83,1.48,1.7,29.9,0.16,9.89,False,False,False,False,False,True,False,False,False,True,True,True,True,True,True,False,2026-11-09,False,False,5,below 200-MA,"near21, RVOL",3,https://www.tradingview.com/chart/?symbol=NASDAQ:CECO&interval=D,False,False,False
ACHR,Archer Aviation Inc.,NYSE,Aerospace & Defense,4.72,4.95,5.23,5.38,5.59,5.49,5.62,6.14,4.93,5.17,4.75,4.61,5.13,5.77,0.27,23984865.1,23899243.566666666,112804430.0,128593863.0,1.21,-0.75,3634512412.813705,-17.19,300,-3.48,167,-12.27,270,-10.98,-2.69,-9.67,1.5,0.5,40.4,0.274,25.17,False,False,False,False,False,True,True,True,False,True,False,True,False,False,True,False,2026-11-05,False,False,4,"thin RVOL, below 200-MA","near21, ADR, RVOL",5,https://www.tradingview.com/chart/?symbol=NYSE:ACHR&interval=D,False,False,False
AMKR,"Amkor Technology, Inc.",NASDAQ,Semiconductors,51.0,53.35,51.8,50.74,51.66,61.74,60.75,57.54,52.77,52.3,52.72,49.75,4.26,5.21,2.66,3456997.3,3917562.933333333,199795710.0,198777143.0,1.05,-2.41,12671076023.761238,3.52,108,-27.26,327,-9.25,256,-11.0,-0.25,-1.55,0.48,1.12,47.1,0.212,19.77,False,False,False,False,True,True,False,False,False,True,True,True,False,True,False,False,2026-10-26,False,True,4,"below 200-MA, large gap",near21,4,https://www.tradingview.com/chart/?symbol=NASDAQ:AMKR&interval=D,False,False,False
ICHR,Ichor Holdings,NASDAQ,Industrial Machinery,58.83,60.98,57.86,57.03,60.91,72.34,67.48,59.03,60.39,59.54,61.63,57.62,4.88,5.69,3.35,684966.6,692178.8333333334,40720881.0,39472882.0,0.89,-2.99,2203432386.5633316,0.84,131,-38.16,373,4.31,207,-11.01,-0.6,1.67,0.21,1.2,36.1,0.267,24.61,False,False,False,False,True,True,False,False,False,True,True,True,False,False,False,False,2026-11-02,False,True,3,"thin RVOL, below 200-MA, large gap",near21,4,https://www.tradingview.com/chart/?symbol=NASDAQ:ICHR&interval=D,False,False,False
CRK,"Comstock Resources, Inc.",NYSE,Oil & Gas Production,13.71,13.05,13.32,13.89,13.82,13.69,15.26,16.85,13.32,13.45,14.0,13.64,4.25,4.43,0.61,2430213.5,2823364.6333333333,38708329.0,39214653.0,0.94,1.52,4025538004.153847,-11.55,247,1.11,145,-22.67,315,-11.04,-0.18,2.96,0.44,0.6,12.4,0.19,27.71,False,False,False,False,True,True,True,True,False,True,False,True,False,False,False,False,2026-11-04,False,False,4,"thin RVOL, below 200-MA","near21, ADR",6,https://www.tradingview.com/chart/?symbol=NYSE:CRK&interval=D,False,False,False
RGTI,"Rigetti Computing, Inc.",NASDAQ,Computer Processing Hardware,14.14,15.4,15.59,15.53,16.17,17.69,17.34,18.16,15.17,15.5,14.61,13.74,5.51,6.15,0.87,14256792.8,15889917.333333334,224683431.0,246757175.0,1.19,-1.23,4719490001.432488,-13.7,271,-17.6,249,-1.94,232,-11.08,-2.04,-9.28,1.43,1.0,46.0,0.172,19.49,False,False,False,False,False,True,False,False,False,True,True,True,False,False,False,False,2026-11-16,False,False,4,"thin RVOL, below 200-MA",near21,3,https://www.tradingview.com/chart/?symbol=NASDAQ:RGTI&interval=D,False,False,False
INFQ,"Infleqtion, Inc.",NYSE,Computer Processing Hardware,11.16,13.05,13.25,13.19,12.78,12.86,12.58,13.19,12.64,12.97,11.65,10.98,6.7,7.39,0.82,6518595.6,7949635.8,88717936.0,104895444.0,1.22,-1.2,2514984645.402062,-16.72,294,-6.53,182,-10.36,260,-11.2,-1.71,-15.75,1.89,0.81,21.8,0.257,6.01,False,False,False,False,False,False,True,False,False,False,False,True,False,False,True,False,2026-12-02,False,False,4,"thin RVOL, below 200-MA",RVOL,3,https://www.tradingview.com/chart/?symbol=NYSE:INFQ&interval=D,False,False,False
WDC,Western Digital Corporation,NASDAQ,Computer Peripherals,393.31,434.72,437.61,445.11,460.32,509.17,458.96,404.8,426.24,438.54,407.45,390.6,5.7,7.04,27.68,9937607.7,7663878.999999999,3014280249.0,3411235972.0,0.97,-1.51,141804355543.86435,-18.06,316,-30.26,345,14.35,178,-11.32,-2.07,-10.12,1.47,0.61,9.8,0.202,26.54,False,False,False,False,False,True,True,False,False,True,False,True,False,True,False,False,2026-10-22,False,False,5,below 200-MA,near21,4,https://www.tradingview.com/chart/?symbol=NASDAQ:WDC&interval=D,False,False,False
CRWV,"CoreWeave, Inc.",NASDAQ,Packaged Software,81.58,87.3,85.99,86.54,88.26,91.59,94.12,92.6,86.97,87.02,86.85,80.63,5.56,6.44,5.25,24827059.6,27576581.866666667,2249697549.0,2386523356.0,1.77,-1.85,44994353099.750824,-12.23,254,-9.24,192,-12.69,272,-11.39,-1.18,-5.13,0.97,1.18,18.1,0.152,9.97,False,False,False,False,False,True,False,False,False,True,True,True,True,True,True,False,2026-11-16,False,False,5,below 200-MA,"near21, RVOL",3,https://www.tradingview.com/chart/?symbol=NASDAQ:CRWV&interval=D,False,False,False
ENPH,"Enphase Energy, Inc.",NASDAQ,Electrical Products,32.91,32.82,33.96,34.94,36.71,43.58,41.61,41.25,33.33,34.12,33.18,31.64,4.19,5.14,1.69,4720197.5,4610327.433333334,151725876.0,161097135.0,1.04,-0.96,4348880038.544776,-12.68,259,-26.69,324,4.84,205,-11.51,-2.01,-3.09,0.69,0.91,75.0,0.188,32.7,False,False,False,False,False,True,True,False,False,True,False,False,False,False,False,False,2026-10-27,False,False,3,"LoD>60% ATR, thin RVOL, below 200-MA",near21,3,https://www.tradingview.com/chart/?symbol=NASDAQ:ENPH&interval=D,False,False,False
GLW,Corning Incorporated,NYSE,Electronic Components,152.83,158.98,155.64,155.03,155.03,169.57,165.37,152.0,158.96,157.34,160.26,150.94,4.49,5.52,8.43,7199993.7,8283445.266666667,1265958940.0,1284163192.0,1.32,-3.06,131645974754.95866,-4.03,174,-19.37,263,-11.46,266,-11.62,-0.26,-1.81,0.52,1.11,22.4,0.186,11.5,False,False,False,True,True,True,False,False,False,True,True,True,False,True,True,False,2026-10-27,False,True,5,large gap,"near21, RVOL",5,https://www.tradingview.com/chart/?symbol=NYSE:GLW&interval=D,False,False,False
CE,Celanese Corporation,NYSE,Chemicals: Specialty,44.81,44.97,45.74,45.51,45.24,47.42,52.19,51.31,44.98,45.32,45.16,43.59,4.17,4.05,1.82,1639521.4,1855389.4,83139999.0,84446193.0,1.64,-0.62,4917849705.7316475,-0.86,139,-4.9,173,-29.14,342,-11.64,-0.23,-2.02,0.28,0.87,67.2,0.117,16.12,False,False,False,False,True,True,True,False,False,True,False,False,True,True,True,False,2026-11-02,False,False,4,"LoD>60% ATR, below 200-MA","near21, RVOL",4,https://www.tradingview.com/chart/?symbol=NYSE:CE&interval=D,False,False,False
AVAV,"AeroVironment, Inc.",NASDAQ,Aerospace & Defense,137.6,142.52,149.68,148.67,157.24,161.2,171.6,199.35,142.94,147.12,139.62,135.75,4.64,5.45,7.5,1441151.9,2015843.3666666667,277380047.0,299703833.0,0.88,-0.88,6992928570.704307,-5.99,188,-6.41,180,-22.59,314,-11.66,-2.29,-8.07,1.19,0.52,24.7,0.222,41.31,False,False,False,False,False,True,True,True,False,True,False,True,False,False,False,False,2026-12-08,False,False,4,"thin RVOL, below 200-MA","near21, ADR",5,https://www.tradingview.com/chart/?symbol=NASDAQ:AVAV&interval=D,False,False,False
MOD,Modine Manufacturing Company,NYSE,Industrial Machinery,181.89,178.16,176.03,173.87,176.91,207.52,210.43,198.12,180.63,178.12,187.29,176.64,5.32,5.6,10.18,1657911.1068934954,1430795.8665420504,260247460.0,248774603.0,0.82,-2.0,9660670079.32332,1.5,121,-17.44,248,-19.08,301,-11.67,0.5,3.33,0.38,1.05,51.6,0.176,18.92,False,True,True,False,False,True,False,False,False,True,True,True,False,False,False,False,2026-11-03,False,False,4,"thin RVOL, below 200-MA","EMA, near21",5,https://www.tradingview.com/chart/?symbol=NYSE:MOD&interval=D,False,False,False
RBLX,Roblox Corporation,NYSE,Packaged Software,45.52,44.1,46.49,44.96,42.17,45.64,48.59,54.63,45.17,45.04,45.94,44.22,4.84,5.25,2.39,13278803.5,11705025.3,532812752.0,526199412.0,1.05,-1.53,32518392406.86749,2.15,118,-21.05,286,-17.57,293,-12.16,1.51,-2.08,0.2,0.72,54.6,0.256,27.37,False,False,True,False,True,True,True,False,False,True,False,True,False,True,False,False,2026-11-11,False,False,5,below 200-MA,"EMA, near21",6,https://www.tradingview.com/chart/?symbol=NYSE:RBLX&interval=D,False,False,False
MARA,"MARA Holdings, Inc.",NASDAQ,Data Processing Services,9.91,11.28,11.83,11.63,11.19,12.17,11.55,10.98,11.11,11.44,10.24,9.64,7.2,8.08,0.8,35196411.0,43228826.96666667,428397675.0,502535113.0,1.39,-2.03,3828226098.3928576,-10.96,239,-27.35,328,1.8,216,-12.17,-1.42,-16.25,1.66,0.76,34.4,0.343,12.03,False,False,False,False,False,False,True,False,False,False,False,True,False,False,True,False,2026-11-11,False,True,3,"thin RVOL, below 200-MA, large gap",RVOL,3,https://www.tradingview.com/chart/?symbol=NASDAQ:MARA&interval=D,False,False,False
VOYG,"Voyager Technologies, Inc.",NYSE,Information Technology Services,28.18,30.44,32.56,32.96,34.72,35.24,32.83,31.99,30.46,31.9,28.56,27.2,7.28,8.18,2.31,2174850.3,2205332.966666667,62146283.0,72683364.0,0.64,-1.5,1719798883.7566063,-17.19,299,-13.82,220,-6.25,242,-12.42,-2.3,-13.44,1.42,0.59,42.5,0.343,17.02,False,False,False,False,False,True,True,True,False,True,False,True,False,False,False,False,2026-11-02,False,False,4,"thin RVOL, below 200-MA","near21, ADR",5,https://www.tradingview.com/chart/?symbol=NYSE:VOYG&interval=D,False,False,False
AAOI,"Applied Optoelectronics, Inc.",NASDAQ,Semiconductors,105.9,110.12,105.77,105.93,113.5,129.97,131.82,110.61,112.33,109.75,119.91,104.88,7.67,8.87,9.39,10125962.2,7803387.233333333,826378708.0,826578995.0,2.22,-4.16,8991575981.714542,-2.3,151,-10.79,206,-24.22,324,-12.44,-0.76,0.12,0.4,1.6,10.9,0.359,24.6,False,False,False,False,True,True,False,False,False,True,True,True,True,True,True,False,2026-11-05,False,True,4,"below 200-MA, large gap","near21, RVOL",4,https://www.tradingview.com/chart/?symbol=NASDAQ:AAOI&interval=D,False,False,False
BTBT,"Bit Digital, Inc.",NASDAQ,Miscellaneous Commercial Services,1.36,1.59,1.62,1.59,1.54,1.65,1.63,1.72,1.55,1.58,1.45,1.31,7.96,8.88,0.12,17896683.8,25537398.466666665,34730862.0,40621488.0,0.89,-0.68,490461592.60273975,-16.82,295,-21.39,290,0.74,223,-12.49,-1.28,-15.92,1.58,1.15,40.4,0.339,13.3,False,False,False,False,False,False,False,False,False,False,True,True,False,False,False,False,2026-11-12,False,False,4,"thin RVOL, below 200-MA",,2,https://www.tradingview.com/chart/?symbol=NASDAQ:BTBT&interval=D,False,False,False
SRPT,"Sarepta Therapeutics, Inc.",NASDAQ,Pharmaceuticals: Major,18.21,17.99,19.04,19.93,19.01,18.01,18.7,19.04,18.11,18.73,18.28,17.2,4.59,5.51,1.0,2456428.3,3090740.1333333333,56282378.0,61590209.0,1.49,-1.29,1923468066.4577143,-8.31,209,-11.34,208,-18.12,297,-12.59,-0.77,-4.37,0.51,1.08,100.6,0.263,5.78,False,False,False,False,False,True,False,False,False,True,True,False,False,False,True,False,2026-11-04,False,False,3,"LoD>60% ATR, thin RVOL, below 200-MA","near21, RVOL",2,https://www.tradingview.com/chart/?symbol=NASDAQ:SRPT&interval=D,False,False,False
CSQR,"Csquare, Inc.",NYSE,Data Processing Services,17.38,16.95,17.42,17.77,19.1,,,,17.36,17.63,17.63,16.83,4.95,5.28,0.92,1656561.7,1697091.4666666666,29495450.0,30164669.0,1.46,-1.19,2896098639.359773,-4.87,182,-16.84,241,-16.84,288,-12.85,-1.71,-0.22,0.27,0.87,60.0,0.184,12.39,False,False,False,False,True,True,True,False,False,True,False,True,False,False,True,False,2026-12-02,False,False,4,"thin RVOL, below 200-MA","near21, RVOL",5,https://www.tradingview.com/chart/?symbol=NYSE:CSQR&interval=D,False,False,False
TNDM,"Tandem Diabetes Care, Inc.",NASDAQ,Medical Specialties,15.68,16.22,16.54,17.84,19.39,17.85,18.57,19.32,16.26,16.98,15.76,15.12,6.57,6.51,1.02,2282797.3,2041151.2666666666,31995046.0,36405634.0,1.28,-1.7,1090646208.59375,-19.66,330,1.39,144,-20.47,305,-12.91,-2.94,-5.22,1.18,0.63,53.9,0.153,20.24,False,False,False,False,False,True,True,True,False,True,False,True,False,False,True,False,2026-11-05,False,False,4,"thin RVOL, below 200-MA","near21, ADR, RVOL",5,https://www.tradingview.com/chart/?symbol=NASDAQ:TNDM&interval=D,False,False,False
CPRI,Capri Holdings Limited,NYSE,Apparel/Footwear Retail,14.68,14.59,14.63,14.11,14.47,16.38,17.2,18.59,14.57,14.5,14.78,14.26,4.79,4.71,0.69,3399919.5,5237848.233333333,76891612.0,73930482.0,1.1,-1.11,1668405717.7562327,6.45,91,-19.61,268,-25.71,329,-12.95,0.31,0.37,0.27,0.75,60.8,0.11,28.09,False,True,True,False,True,True,True,True,False,True,False,False,False,False,False,False,2026-11-05,False,False,3,"LoD>60% ATR, thin RVOL, below 200-MA","EMA, near21, ADR",7,https://www.tradingview.com/chart/?symbol=NYSE:CPRI&interval=D,False,False,False
ABUS,Arbutus Biopharma Corporation,NASDAQ,Pharmaceuticals: Major,4.18,4.58,4.8,4.91,4.84,4.67,4.58,4.54,4.54,4.71,4.3,4.05,4.64,4.34,0.18,11217986.300000023,6880034.766666667,28758545.0,33767211.0,0.43,-1.63,828082000.4102564,-18.04,314,-18.68,256,-3.02,234,-13.24,-3.12,-12.91,2.59,1.38,71.7,0.229,7.17,False,False,False,False,False,False,False,False,False,False,True,False,False,False,False,False,2026-11-11,False,False,3,"LoD>60% ATR, thin RVOL, below 200-MA",,1,https://www.tradingview.com/chart/?symbol=NASDAQ:ABUS&interval=D,False,False,False
THRM,Gentherm Inc,NASDAQ,Auto Parts: OEM,29.93,32.45,34.69,36.26,38.36,37.15,34.49,34.57,32.26,34.27,30.4,29.25,5.8,5.87,1.76,3138639.9,1268905.3666666667,37978338.0,46011989.0,0.92,-0.46,1630436087.953917,-25.97,375,-16.12,233,1.98,215,-13.37,-3.74,-13.72,2.16,0.65,38.7,0.314,19.74,False,False,False,False,False,False,True,True,False,True,False,True,False,False,False,False,2026-10-22,False,False,4,"thin RVOL, below 200-MA",ADR,4,https://www.tradingview.com/chart/?symbol=NASDAQ:THRM&interval=D,False,False,False
POWI,"Power Integrations, Inc.",NASDAQ,Semiconductors,49.89,52.2,51.05,51.0,54.51,65.02,62.97,58.2,51.83,51.96,50.63,48.89,4.12,4.96,2.47,771172.4,822411.6666666666,41030118.0,41946559.0,0.96,-1.67,2787518952.529961,-2.54,158,-28.22,331,-9.52,258,-13.43,-1.71,-2.27,0.8,0.7,40.4,0.143,28.01,False,False,False,False,True,True,True,False,False,True,False,True,False,False,False,False,2026-11-11,False,False,4,"thin RVOL, below 200-MA",near21,5,https://www.tradingview.com/chart/?symbol=NASDAQ:POWI&interval=D,False,False,False
FOUR,"Shift4 Payments, Inc.",NYSE,Miscellaneous Commercial Services,39.52,37.5,39.26,40.58,43.39,44.31,44.5,48.38,38.28,39.39,40.19,38.17,4.17,5.43,2.14,2276310.5,2151000.433333333,85007537.0,87281145.0,1.11,0.18,3120503820.971531,-12.76,260,-21.15,287,-6.37,243,-13.43,-1.64,0.66,0.06,0.94,62.9,0.27,27.53,False,False,False,False,True,True,True,False,False,True,False,False,False,False,False,False,2026-11-11,False,False,3,"LoD>60% ATR, thin RVOL, below 200-MA",near21,4,https://www.tradingview.com/chart/?symbol=NYSE:FOUR&interval=D,False,False,False
MDA,MDA Space Ltd.,NYSE,Electronic Production Equipment,27.33,29.68,29.96,29.67,30.92,34.24,33.38,31.36,29.4,29.84,28.72,27.07,4.37,5.11,1.4,1273810.4,1262536.7666666666,34505130.0,37464095.0,1.41,-1.72,4431034734.911466,-7.92,205,-22.67,299,-10.42,261,-13.67,-2.27,-8.79,1.65,1.18,18.6,0.156,16.72,False,False,False,False,False,False,False,False,False,False,True,True,False,False,True,False,2026-11-06,False,False,4,"thin RVOL, below 200-MA",RVOL,2,https://www.tradingview.com/chart/?symbol=NYSE:MDA&interval=D,False,False,False
BULL,Webull Corporation,NASDAQ,Packaged Software,5.95,6.92,7.55,8.19,8.07,7.47,6.99,7.03,6.91,7.43,6.04,5.64,5.63,8.42,0.5,17657500.7,16242814.033333333,96644743.0,132990747.0,1.27,-1.19,3216306287.7164683,-40.11,404,-20.56,279,19.0,156,-13.89,-3.12,-21.22,2.37,0.81,61.8,0.447,19.34,False,False,False,False,False,False,True,False,False,False,False,False,False,False,True,False,2026-11-19,False,False,3,"LoD>60% ATR, thin RVOL, below 200-MA",RVOL,2,https://www.tradingview.com/chart/?symbol=NASDAQ:BULL&interval=D,False,False,False
ALGM,"Allegro MicroSystems, Inc.",NASDAQ,Semiconductors,36.27,37.31,35.9,35.94,37.92,44.61,42.51,40.5,37.06,36.8,37.01,34.95,4.18,5.05,1.83,3027373.2,2529648.966666667,91750368.0,90922330.0,0.85,-1.27,6760802269.754793,-3.38,165,-35.22,363,-3.69,235,-14.1,-0.86,1.03,0.29,1.12,72.2,0.2,24.02,False,False,False,False,True,True,False,False,False,True,True,False,False,False,False,False,2026-10-29,False,False,3,"LoD>60% ATR, thin RVOL, below 200-MA",near21,3,https://www.tradingview.com/chart/?symbol=NASDAQ:ALGM&interval=D,False,False,False
RRR,"Red Rock Resorts, Inc.",NASDAQ,Hotels/Resorts/Cruise lines,50.37,50.3,51.3,53.02,56.74,59.08,57.93,59.09,50.73,51.95,50.9,49.55,4.1,3.74,1.88,1077641.2,1169207.2,58892967.0,61990976.0,0.54,-0.47,5289665587.66213,-11.54,246,-20.66,281,-11.12,262,-14.44,-3.0,-1.82,0.81,0.72,43.6,0.148,17.44,False,False,False,False,True,True,True,True,False,True,False,True,False,False,False,False,2026-11-03,False,False,4,"thin RVOL, below 200-MA","near21, ADR",6,https://www.tradingview.com/chart/?symbol=NASDAQ:RRR&interval=D,False,False,False
CARG,"CarGurus, Inc.",NASDAQ,Internet Software/Services,29.24,30.03,31.65,32.58,34.28,32.9,33.5,33.44,29.99,31.3,29.32,28.49,4.38,4.19,1.23,1853476.4,1362903.1,39851287.0,44405882.0,1.66,-0.19,2604508621.6684046,-12.14,253,-16.17,234,-15.02,278,-14.44,-3.51,-7.61,1.57,0.68,61.2,0.261,14.55,False,False,False,False,False,False,True,True,False,True,False,False,True,True,True,False,2026-11-10,False,False,4,"LoD>60% ATR, below 200-MA","ADR, RVOL",3,https://www.tradingview.com/chart/?symbol=NASDAQ:CARG&interval=D,False,False,False
TRU,TransUnion,NYSE,Financial Publishing/Services,64.59,64.1,68.83,73.14,76.41,74.44,73.32,75.0,64.98,68.53,65.03,62.4,4.18,4.33,2.8,3257396.6,2692088.533333333,173881998.0,196910124.0,0.99,-0.56,12375444334.157116,-18.56,321,-16.81,240,-8.04,251,-14.47,-3.57,-6.16,1.33,0.94,78.3,0.319,19.05,False,False,False,False,False,True,True,False,False,True,False,False,False,True,False,False,2026-10-27,False,False,4,"LoD>60% ATR, below 200-MA",near21,3,https://www.tradingview.com/chart/?symbol=NYSE:TRU&interval=D,False,False,False
SNEX,StoneX Group Inc.,NASDAQ,Investment Banks/Brokers,60.1,64.88,66.47,67.22,68.14,73.68,69.73,64.86,64.56,66.03,60.89,59.62,4.58,4.53,2.72,1004365.4,895395.6333333337,53813278.0,60190882.0,1.44,-1.53,7249065807.627726,-13.05,264,-26.5,322,-3.89,237,-14.48,-2.61,-9.58,1.98,0.47,17.6,0.144,14.67,False,False,False,False,False,False,True,True,False,True,False,True,False,False,True,False,2026-11-30,False,False,4,"thin RVOL, below 200-MA","ADR, RVOL",4,https://www.tradingview.com/chart/?symbol=NASDAQ:SNEX&interval=D,False,False,False
MP,MP Materials Corp.,NYSE,Other Metals/Minerals,46.14,46.89,48.2,50.39,51.5,53.35,55.33,56.6,47.25,48.6,46.75,45.28,4.1,5.2,2.4,5297506.4,5044595.9,232757655.0,254205595.0,1.05,-2.03,8217607745.290002,-15.83,289,-11.83,211,-15.8,285,-14.49,-2.0,-4.28,0.97,0.61,35.8,0.139,21.05,False,False,False,False,False,True,True,False,False,True,False,True,False,False,False,False,2026-10-29,False,True,3,"thin RVOL, below 200-MA, large gap",near21,4,https://www.tradingview.com/chart/?symbol=NYSE:MP&interval=D,False,False,False
MMYT,MakeMyTrip Limited,NASDAQ,Internet Software/Services,43.53,45.61,46.91,49.75,53.96,51.75,49.34,53.73,45.29,47.52,44.0,42.21,4.6,4.88,2.13,1391226.1,965859.7666666667,42043876.0,48047016.0,1.33,-0.71,4094373454.1568766,-20.94,342,-26.1,318,3.5,209,-14.51,-3.96,-7.22,1.72,0.84,62.1,0.167,19.17,False,False,False,False,False,False,True,False,False,False,False,False,False,False,True,False,2026-11-03,False,False,3,"LoD>60% ATR, thin RVOL, below 200-MA",RVOL,2,https://www.tradingview.com/chart/?symbol=NASDAQ:MMYT&interval=D,False,False,False
RIOT,"Riot Platforms, Inc.",NASDAQ,Information Technology Services,16.84,19.91,21.23,20.93,20.72,22.56,20.73,19.43,19.58,20.46,18.2,16.36,7.65,8.68,1.46,16577353.2,16388356.7,275979927.0,343073859.0,1.95,-2.32,6319360889.669903,-22.61,352,-21.86,294,0.6,225,-14.62,-2.15,-20.66,2.04,1.26,33.2,0.409,18.54,False,False,False,False,False,False,False,False,False,False,True,True,True,True,True,False,2026-11-10,False,True,4,"below 200-MA, large gap",RVOL,2,https://www.tradingview.com/chart/?symbol=NASDAQ:RIOT&interval=D,False,False,False
IREN,IREN Limited,NASDAQ,Data Processing Services,35.71,40.67,42.85,42.29,41.79,45.68,45.36,45.62,40.45,41.67,38.06,35.24,6.39,7.58,2.71,38400018.5,39736867.766666666,1419003548.0,1680604594.0,1.55,-2.25,14053221736.334196,-22.61,351,-16.19,235,-5.33,238,-14.71,-1.92,-16.66,1.89,1.04,17.4,0.287,14.03,False,False,False,False,False,False,False,False,False,False,True,True,True,True,True,False,2026-12-01,False,True,4,"below 200-MA, large gap",RVOL,2,https://www.tradingview.com/chart/?symbol=NASDAQ:IREN&interval=D,False,False,False
QBTS,D-Wave Quantum Inc.,NASDAQ,Computer Processing Hardware,14.6,16.08,16.57,16.71,17.97,20.25,19.57,20.61,15.87,16.48,15.15,14.3,5.79,6.53,0.95,14758178.7,15805852.066666666,230765440.0,264168474.0,1.12,-1.58,5542548851.143232,-17.51,308,-32.03,349,3.99,208,-15.19,-2.87,-11.9,1.75,0.89,31.5,0.198,31.02,False,False,False,False,False,False,True,False,False,False,False,True,False,False,False,False,2026-11-05,False,False,4,"thin RVOL, below 200-MA",,3,https://www.tradingview.com/chart/?symbol=NASDAQ:QBTS&interval=D,False,False,False
DPC,DPC Holdings PLC,NYSE,Electrical Products,38.84,41.17,40.99,41.49,44.51,,,,40.94,41.52,41.05,37.95,5.35,6.49,2.52,1207621.3,1249881.0,48545378.0,51857146.0,0.77,-1.64,5802425116.458711,-13.82,273,-20.38,277,-11.73,267,-15.31,-1.96,-5.25,1.0,1.23,35.3,0.089,9.07,False,False,False,False,False,True,False,False,True,True,True,True,False,False,False,False,2026-12-02,False,False,4,"thin RVOL, below 200-MA","near21, BB",4,https://www.tradingview.com/chart/?symbol=NYSE:DPC&interval=D,False,False,False
ALGT,Allegiant Travel Company,NASDAQ,Airlines,76.42,76.69,77.7,77.31,82.1,89.77,86.8,88.93,76.79,77.72,77.09,74.12,4.23,4.6,3.51,468836.4,486719.6,37192678.0,37626994.0,1.36,-1.51,2089014530.8942056,-1.48,144,-32.51,351,-12.24,269,-15.41,-1.51,-1.65,0.37,0.85,65.3,0.082,17.12,False,False,False,False,True,True,True,False,True,True,False,False,False,False,True,False,2026-11-04,False,False,3,"LoD>60% ATR, thin RVOL, below 200-MA","near21, BB, RVOL",5,https://www.tradingview.com/chart/?symbol=NASDAQ:ALGT&interval=D,False,False,False
KGS,"Kodiak Gas Services, Inc.",NYSE,Oilfield Services/Equipment,53.57,53.59,55.33,57.3,58.61,63.43,63.16,58.35,54.3,55.56,55.02,53.16,4.19,4.55,2.44,1704192.6,1836285.8333333333,98369832.0,105224687.0,1.16,0.22,5416143063.379025,-15.38,285,-19.82,273,-11.22,263,-15.47,-1.89,-3.17,0.79,0.77,16.8,0.207,18.37,False,False,False,False,False,True,True,False,False,True,False,True,False,False,False,False,2026-11-11,False,False,4,"thin RVOL, below 200-MA",near21,4,https://www.tradingview.com/chart/?symbol=NYSE:KGS&interval=D,False,False,False
ONDS,Ondas Inc,NASDAQ,Telecommunications Equipment,6.85,7.34,7.36,7.45,7.96,8.44,8.93,9.42,7.27,7.41,7.14,6.78,5.39,5.95,0.41,52636018.6,61016212.93333333,417961059.0,454580956.0,1.05,-1.81,3988773344.471488,-9.99,232,-10.69,205,-25.79,331,-15.49,-2.35,-6.89,1.28,0.86,16.0,0.111,30.48,False,False,False,False,False,True,True,False,False,True,False,True,False,False,False,False,2026-11-16,False,False,4,"thin RVOL, below 200-MA",near21,4,https://www.tradingview.com/chart/?symbol=NASDAQ:ONDS&interval=D,False,False,False
PRIM,Primoris Services Corporation,NYSE,Engineering & Construction,82.66,77.83,76.73,75.79,78.09,89.21,108.7,118.1,79.38,77.79,82.91,78.25,4.3,4.81,3.98,1444055.0,1293026.0,106881529.0,97998441.0,0.95,-1.58,4449780496.597613,9.41,70,-6.92,184,-49.14,389,-15.55,1.22,7.72,1.3,1.17,110.8,0.184,50.05,False,True,True,False,False,True,False,False,False,True,True,False,False,False,False,False,2026-11-09,False,False,3,"LoD>60% ATR, thin RVOL, below 200-MA","EMA, near21",4,https://www.tradingview.com/chart/?symbol=NYSE:PRIM&interval=D,False,False,False
ROAD,"Construction Partners, Inc.",NASDAQ,Engineering & Construction,88.33,90.98,92.99,96.58,103.01,106.84,110.81,113.27,91.08,93.94,88.74,86.66,4.21,4.72,4.17,688113.6,596893.9333333333,52723641.0,57647220.0,0.8,-1.74,5013218046.644235,-14.8,281,-7.12,185,-24.83,325,-15.58,-3.02,-5.01,1.27,0.5,40.1,0.126,25.24,False,False,False,False,False,True,True,True,False,True,False,True,False,False,False,False,2026-11-24,False,False,4,"thin RVOL, below 200-MA","near21, ADR",5,https://www.tradingview.com/chart/?symbol=NASDAQ:ROAD&interval=D,False,False,False
MBLY,Mobileye Global Inc.,NASDAQ,Packaged Software,7.06,7.48,7.7,7.94,8.23,8.76,8.53,8.85,7.43,7.69,7.15,6.87,4.65,4.84,0.34,6143329.3,5307218.3,37468961.0,42153466.0,1.11,-0.7,6002324436.251748,-18.0,313,-26.07,317,-2.75,233,-15.61,-2.94,-8.31,1.7,0.82,55.6,0.168,19.44,False,False,False,False,False,False,True,False,False,False,False,True,False,False,False,False,2026-10-22,False,False,4,"thin RVOL, below 200-MA",,3,https://www.tradingview.com/chart/?symbol=NASDAQ:MBLY&interval=D,False,False,False
LPTH,"LightPath Technologies, Inc.",NASDAQ,Electronic Components,9.74,10.39,10.05,10.17,11.28,12.55,12.43,12.17,10.35,10.41,10.33,9.54,5.26,7.2,0.7,2343843.7,3273115.6,31880146.0,33281039.0,1.65,-2.12,682153023.4903847,-3.23,164,-22.08,296,-21.96,308,-15.75,-1.9,-3.12,0.89,1.13,29.2,0.217,25.6,False,False,False,False,False,True,False,False,False,True,True,True,True,True,True,False,2026-11-05,False,True,4,"below 200-MA, large gap","near21, RVOL",3,https://www.tradingview.com/chart/?symbol=NASDAQ:LPTH&interval=D,False,False,False
APLD,Applied Digital Corporation,NASDAQ,Data Processing Services,23.85,24.78,25.61,25.77,27.1,32.46,32.06,32.11,24.86,25.54,24.43,22.62,5.93,7.0,1.67,25502989.8,19066984.59999999,454747583.0,491311704.0,2.61,2.27,7133400334.145318,-12.32,256,-25.72,313,-9.59,259,-15.88,-1.72,-6.86,0.95,1.08,73.4,0.241,32.19,False,False,False,False,False,True,False,False,False,True,True,False,True,True,True,False,2027-01-12,False,True,3,"LoD>60% ATR, below 200-MA, large gap","near21, RVOL",2,https://www.tradingview.com/chart/?symbol=NASDAQ:APLD&interval=D,False,False,False
LGN,Legence Corp.,NASDAQ,Engineering & Construction,51.55,53.36,53.73,53.8,57.55,68.13,68.53,63.6,53.43,54.13,52.41,49.42,4.93,6.01,3.1,1162337.4,941775.6,48548532.0,50666742.0,1.16,-2.14,5571290661.606373,-3.48,166,-30.59,346,-14.08,274,-16.05,-1.73,-4.06,0.79,0.97,68.9,0.1,29.42,False,False,False,False,False,True,True,False,True,True,False,False,False,False,False,False,2026-11-13,False,True,2,"LoD>60% ATR, thin RVOL, below 200-MA, large gap","near21, BB",4,https://www.tradingview.com/chart/?symbol=NASDAQ:LGN&interval=D,False,False,False
WING,Wingstop Inc.,NASDAQ,Restaurants,118.5,108.03,106.37,107.77,112.2,131.28,145.01,173.85,110.05,108.83,120.5,115.36,4.2,4.85,5.75,1275009.3,1305817.1666666667,154739334.0,140728351.0,0.96,-0.45,3228241718.9964004,9.02,72,-24.87,308,-34.27,355,-16.71,1.16,11.41,1.83,0.89,54.5,0.236,56.95,False,True,True,False,False,False,True,False,False,False,False,True,False,False,False,False,2026-10-28,False,False,4,"thin RVOL, below 200-MA",EMA,5,https://www.tradingview.com/chart/?symbol=NASDAQ:WING&interval=D,False,False,False
CRML,Critical Metals Corp.,NASDAQ,Precious Metals,6.83,7.31,7.31,7.28,7.03,8.1,8.75,9.58,7.25,7.29,7.01,6.7,7.33,8.1,0.55,5548469.4,8772055.433333334,59913139.0,63898576.0,0.72,-1.27,1003967262.194051,-6.57,196,-19.74,272,-23.86,323,-16.72,-0.35,-6.56,0.77,0.56,23.5,0.405,37.42,False,False,False,False,False,True,True,True,False,True,False,True,False,False,False,False,2027-03-03,False,False,4,"thin RVOL, below 200-MA","near21, ADR",5,https://www.tradingview.com/chart/?symbol=NASDAQ:CRML&interval=D,False,False,False
NG,Novagold Resources Inc.,AMEX,Precious Metals,6.28,6.57,6.94,7.39,7.51,7.19,7.87,8.52,6.62,6.95,6.54,6.15,4.54,6.06,0.38,4600018.2,5497885.966666667,34526724.0,40603720.0,1.63,-0.47,2755764597.5031443,-21.5,347,3.46,131,-33.62,351,-17.22,-2.7,-9.57,1.58,1.02,34.2,0.248,31.14,False,False,False,False,False,False,False,False,False,False,True,True,True,True,True,False,2027-01-27,False,False,5,below 200-MA,RVOL,2,https://www.tradingview.com/chart/?symbol=AMEX:NG&interval=D,False,False,False
MOS,Mosaic Company (The),NYSE,Chemicals: Agricultural,19.73,21.39,23.06,23.75,23.39,22.76,23.48,24.43,21.37,22.44,20.14,19.63,5.1,5.08,1.0,8990480.2,8436478.8,166451727.0,200400117.0,1.52,-0.85,6272081164.12619,-24.54,368,-5.42,175,-22.26,312,-17.4,-3.08,-14.42,2.38,0.51,10.0,0.32,15.4,False,False,False,False,False,False,True,True,False,True,False,True,True,True,True,False,2026-11-10,False,False,5,below 200-MA,"ADR, RVOL",4,https://www.tradingview.com/chart/?symbol=NYSE:MOS&interval=D,False,False,False
UCTT,"Ultra Clean Holdings, Inc.",NASDAQ,Industrial Machinery,67.58,75.49,73.45,72.44,76.28,87.61,81.87,72.69,73.38,74.08,73.54,66.7,6.18,7.01,4.74,1216456.4,947835.9333333333,64054752.0,68657760.0,1.56,-2.24,3059821415.2632313,-8.87,215,-34.25,359,-9.17,255,-17.43,-1.63,-8.0,1.25,1.44,18.6,0.258,22.08,False,False,False,False,False,True,False,False,False,True,True,True,True,True,True,False,2026-10-27,False,True,4,"below 200-MA, large gap","near21, RVOL",3,https://www.tradingview.com/chart/?symbol=NASDAQ:UCTT&interval=D,False,False,False
NESR,National Energy Services Reunited Corp,NASDAQ,Oilfield Services/Equipment,23.24,25.9,29.25,31.03,31.53,28.97,26.95,25.22,25.83,28.27,23.97,23.03,6.25,6.43,1.49,3157161.4,2132033.0,49548447.0,66160893.0,0.86,0.34,2343794839.6529827,-33.6,398,-17.73,251,-1.9,231,-17.74,-4.09,-20.54,2.77,0.63,14.1,0.531,27.18,False,False,False,False,False,False,True,True,False,True,False,True,False,False,False,False,2026-11-04,False,False,4,"thin RVOL, below 200-MA",ADR,4,https://www.tradingview.com/chart/?symbol=NASDAQ:NESR&interval=D,False,False,False
GLXY,Galaxy Digital Inc.,NASDAQ,Investment Banks/Brokers,20.08,22.56,23.5,23.99,23.04,25.29,24.85,24.84,22.4,23.13,21.1,19.71,6.72,7.85,1.58,4890265.6,5078813.066666666,102007960.0,121833107.0,1.77,-2.34,7851007170.861449,-23.62,365,-22.75,300,-7.01,247,-17.79,-1.63,-14.51,1.68,0.88,23.5,0.284,13.59,False,False,False,False,False,False,True,False,False,False,False,True,True,True,True,False,2026-10-27,False,True,4,"below 200-MA, large gap",RVOL,3,https://www.tradingview.com/chart/?symbol=NASDAQ:GLXY&interval=D,False,False,False
JMKE,Jersey Mike's Subs Inc.,NYSE,Restaurants,17.3,16.69,18.2,19.23,20.63,,,,17.03,18.07,17.96,16.27,4.96,5.68,0.98,3692369.4,3525341.8333333335,60988414.0,67781747.0,1.32,0.43,5495152709.28615,-18.59,322,-17.62,250,-17.62,294,-17.94,-2.84,-4.92,0.76,1.72,104.9,0.401,22.72,False,False,False,False,False,True,False,False,False,True,True,False,False,False,True,False,2026-10-28,False,False,3,"LoD>60% ATR, thin RVOL, below 200-MA","near21, RVOL",2,https://www.tradingview.com/chart/?symbol=NYSE:JMKE&interval=D,False,False,False
UPST,"Upstart Holdings, Inc.",NASDAQ,Finance/Rental/Leasing,24.19,23.51,24.37,25.52,27.22,29.18,29.09,31.8,23.94,24.69,24.25,23.4,4.06,4.56,1.1,4417873.0,4350507.766666667,105238783.0,111039460.0,0.94,-1.75,2354002707.6981683,-12.86,261,-28.94,336,-12.36,271,-18.05,-2.44,-0.73,0.44,0.77,71.2,0.167,34.26,False,False,False,False,True,True,True,False,False,True,False,False,False,False,False,False,2026-11-03,False,False,3,"LoD>60% ATR, thin RVOL, below 200-MA",near21,4,https://www.tradingview.com/chart/?symbol=NASDAQ:UPST&interval=D,False,False,False
STUB,"StubHub Holdings, Inc.",NYSE,Internet Software/Services,6.14,5.6,5.71,5.91,6.71,8.61,8.12,9.1,5.74,5.86,6.17,5.81,4.79,5.21,0.32,6160714.1,6621207.9,40654217.0,39107061.0,0.69,-0.83,2346032390.216666,-6.4,193,-47.11,390,-0.65,228,-18.05,-1.63,7.56,0.9,1.12,103.1,0.195,56.95,False,False,False,False,False,True,False,False,False,True,True,False,False,False,False,False,2026-11-12,False,False,3,"LoD>60% ATR, thin RVOL, below 200-MA",near21,2,https://www.tradingview.com/chart/?symbol=NYSE:STUB&interval=D,False,False,False
DKNG,DraftKings Inc.,NASDAQ,Movies/Entertainment,19.87,19.81,21.36,22.27,23.19,24.38,24.13,25.43,19.98,21.06,19.99,19.03,5.6,5.68,1.13,17739166.3,14028061.633333333,278737585.0,312362848.0,0.94,-0.63,9864542195.027155,-17.24,301,-25.66,312,-11.33,264,-18.08,-2.52,-6.96,0.99,0.85,74.4,0.372,28.28,False,False,False,False,False,True,True,False,False,True,False,False,False,False,False,False,2026-10-30,False,False,3,"LoD>60% ATR, thin RVOL, below 200-MA",near21,3,https://www.tradingview.com/chart/?symbol=NASDAQ:DKNG&interval=D,False,False,False
EROC,"ERock, Inc.",NYSE,Electrical Products,12.21,12.5,12.45,12.38,12.53,,,,12.6,12.55,13.09,11.69,8.04,9.32,1.14,2643595.8,2610708.6,31876752.0,32309259.0,1.45,0.08,2678874956.823395,-3.86,171,-11.52,209,-39.25,370,-18.21,-0.28,-1.92,0.29,1.23,45.7,0.2,0.7,False,False,False,False,True,True,False,False,False,True,True,True,False,False,True,True,2026-12-02,False,False,4,"thin RVOL, below 200-MA","near21, RVOL",5,https://www.tradingview.com/chart/?symbol=NYSE:EROC&interval=D,False,False,False
PBLS,"Parabilis Medicines, Inc.",NASDAQ,Pharmaceuticals: Major,28.09,30.4,33.66,35.54,36.08,,,,30.57,32.81,28.9,26.14,11.08,9.73,2.73,863513.9,1020733.6,28672407.0,36274490.0,1.66,-1.39,3470048786.844553,-31.44,395,-7.48,187,-15.77,284,-18.23,-2.27,-16.54,1.48,1.01,71.3,0.468,20.21,False,False,False,False,False,True,False,False,False,True,True,False,True,True,True,False,2026-12-02,False,False,4,"LoD>60% ATR, below 200-MA","near21, RVOL",2,https://www.tradingview.com/chart/?symbol=NASDAQ:PBLS&interval=D,False,False,False
TEX,Terex Corporation,NYSE,Trucks/Construction/Farm Machinery,52.35,55.06,56.84,58.67,61.49,63.07,62.38,62.21,55.32,57.05,53.8,51.54,4.05,4.63,2.42,1688825.2,1236146.8333333333,64712287.0,72523087.0,0.99,-1.79,5983605277.562349,-17.31,303,-19.4,265,-18.7,298,-18.47,-3.21,-7.89,1.78,0.93,33.4,0.161,15.3,False,False,False,False,False,False,True,False,False,False,False,True,False,False,False,False,2026-10-22,False,False,4,"thin RVOL, below 200-MA",,3,https://www.tradingview.com/chart/?symbol=NYSE:TEX&interval=D,False,False,False
EQPT,EquipmentShare.com Inc,NASDAQ,Internet Software/Services,15.66,17.85,17.86,17.97,18.65,19.3,20.29,,17.69,17.92,17.5,14.2,8.83,8.79,1.38,3941640.4,3492657.8666666667,54695022.0,62754912.0,2.86,-1.3,3974618034.529412,-19.73,332,-13.0,216,-22.97,318,-18.57,-1.82,-12.34,1.44,2.4,106.1,0.174,15.52,False,False,False,False,False,True,False,False,False,True,True,False,True,True,True,False,2026-12-02,False,False,4,"LoD>60% ATR, below 200-MA","near21, RVOL",2,https://www.tradingview.com/chart/?symbol=NASDAQ:EQPT&interval=D,False,False,False
SHAZ,"SharonAI Holdings, Inc.",NASDAQ,Data Processing Services,39.05,49.7,53.1,53.91,56.35,63.57,53.84,,48.55,51.96,43.7,38.15,10.11,11.99,4.68,1491976.3,1527595.4333333333,59652602.0,82353434.0,1.78,-3.14,1398126831.650044,-31.21,394,-50.8,395,25.97,136,-18.68,-2.56,-26.47,2.07,1.19,19.2,0.413,35.5,False,False,False,False,False,False,False,False,False,False,True,True,True,True,True,False,2026-11-04,False,True,4,"below 200-MA, large gap",RVOL,2,https://www.tradingview.com/chart/?symbol=NASDAQ:SHAZ&interval=D,False,False,False
UAA,"Under Armour, Inc.",NYSE,Apparel/Footwear,4.88,4.61,4.73,4.84,5.21,5.72,5.85,5.98,4.73,4.79,4.91,4.72,4.03,4.2,0.2,11627912.0,9675435.566666666,47216126.0,46825883.0,1.04,-1.24,2071123312.8962655,-7.22,201,-26.4,321,-22.54,313,-18.72,-1.52,3.21,0.45,0.9,75.6,0.205,28.07,False,False,False,False,False,True,True,False,False,True,False,False,False,False,False,False,2026-11-05,False,False,3,"LoD>60% ATR, thin RVOL, below 200-MA",near21,3,https://www.tradingview.com/chart/?symbol=NYSE:UAA&interval=D,False,False,False
ALKT,"Alkami Technology, Inc.",NASDAQ,Packaged Software,14.33,13.89,16.04,17.26,18.25,17.57,17.31,17.89,14.5,15.68,14.52,14.05,4.51,5.3,0.76,1814520.5,1914084.5,27428831.0,33045393.0,1.06,-0.57,1532478509.5985863,-27.33,379,-21.05,285,-7.88,249,-18.75,-4.05,-10.65,1.63,0.62,36.9,0.644,30.4,False,False,False,False,False,False,True,True,False,True,False,True,False,False,False,False,2026-10-29,False,False,4,"thin RVOL, below 200-MA",ADR,4,https://www.tradingview.com/chart/?symbol=NASDAQ:ALKT&interval=D,False,False,False
FIGR,"Figure Technology Solutions, Inc.",NASDAQ,Finance/Rental/Leasing,27.6,28.7,31.65,33.19,32.76,31.72,32.84,36.26,29.06,30.92,28.22,26.79,6.44,7.29,2.01,4798896.5,4633875.3,127894958.0,153814540.0,0.98,-1.84,6192829243.309248,-23.59,364,-16.31,236,-17.22,290,-19.04,-2.16,-12.8,1.47,0.71,40.3,0.406,27.38,False,False,False,False,False,True,True,False,False,True,False,True,False,False,False,False,2026-11-12,False,False,4,"thin RVOL, below 200-MA",near21,4,https://www.tradingview.com/chart/?symbol=NASDAQ:FIGR&interval=D,False,False,False
RKT,"Rocket Companies, Inc.",NYSE,Finance/Rental/Leasing,11.76,11.71,12.2,12.69,13.22,13.6,14.0,15.43,11.8,12.21,11.82,11.17,4.4,5.1,0.6,38690218.3,34777083.9,408978507.0,441286418.0,1.11,-1.68,33300112843.552452,-15.7,286,-20.22,276,-21.65,307,-19.19,-2.16,-3.59,0.73,1.08,98.3,0.199,31.57,False,False,False,False,False,True,False,False,False,True,True,False,False,True,False,False,2026-10-29,False,False,4,"LoD>60% ATR, below 200-MA",near21,2,https://www.tradingview.com/chart/?symbol=NYSE:RKT&interval=D,False,False,False
CHWY,"Chewy, Inc.",NYSE,Internet Retail,18.91,18.27,19.26,20.52,21.61,21.03,22.45,24.2,18.57,19.39,18.99,17.98,4.08,4.44,0.84,8450762.0,9842560.966666667,186122828.0,201982474.0,1.22,-0.82,7600443999.631175,-20.38,338,-9.95,199,-27.35,337,-19.23,-2.82,-1.81,0.56,1.21,111.3,0.256,31.37,False,False,False,False,True,True,False,False,False,True,True,False,False,False,True,False,2026-12-03,False,False,3,"LoD>60% ATR, thin RVOL, below 200-MA","near21, RVOL",3,https://www.tradingview.com/chart/?symbol=NYSE:CHWY&interval=D,False,False,False
TRIP,"TripAdvisor, Inc.",NASDAQ,Other Consumer Services,8.96,8.54,8.66,8.9,9.89,11.29,11.03,11.44,8.64,8.82,8.99,8.63,4.1,4.27,0.38,3298622.7,4080316.933333333,36559640.0,36295779.0,1.08,0.0,1050106107.995365,-2.5,155,-33.87,357,-22.02,309,-19.47,-2.2,3.43,0.36,0.95,86.3,0.136,32.36,False,False,False,False,False,True,True,False,False,True,False,False,False,False,False,False,2026-11-09,False,False,3,"LoD>60% ATR, thin RVOL, below 200-MA",near21,3,https://www.tradingview.com/chart/?symbol=NASDAQ:TRIP&interval=D,False,False,False
VSEC,VSE Corporation,NASDAQ,Engineering & Construction,169.97,169.37,175.58,185.19,200.04,198.76,196.41,198.58,170.51,177.79,170.51,162.26,4.65,5.22,8.86,443672.9,398735.56666666665,67773084.0,73841441.0,1.3,-1.69,4770203173.545058,-16.97,297,-21.3,288,-22.25,311,-20.17,-2.88,-3.2,0.84,0.93,86.9,0.19,18.04,False,False,False,False,False,True,True,False,False,True,False,False,False,False,True,False,2026-10-28,False,False,3,"LoD>60% ATR, thin RVOL, below 200-MA","near21, RVOL",3,https://www.tradingview.com/chart/?symbol=NASDAQ:VSEC&interval=D,False,False,False
LEU,Centrus Energy Corp.,NYSE,Other Metals/Minerals,142.09,142.8,145.71,155.77,167.35,168.69,178.59,198.67,145.05,149.82,146.78,138.78,4.67,6.56,9.33,698998.9,752327.799999999,106898257.0,117190603.0,1.37,-1.47,2906182060.5604186,-19.49,329,-19.22,262,-22.04,310,-20.25,-2.3,-2.48,0.79,0.86,35.5,0.162,39.32,False,False,False,False,True,True,True,False,False,True,False,True,False,False,True,False,2026-11-11,False,False,4,"thin RVOL, below 200-MA","near21, RVOL",5,https://www.tradingview.com/chart/?symbol=NYSE:LEU&interval=D,False,False,False
BTDR,Bitdeer Technologies Group,NASDAQ,Data Processing Services,9.72,10.76,11.4,11.41,10.92,12.99,12.2,12.01,10.78,11.1,10.29,9.46,7.51,8.84,0.86,9748410.4,10179585.9,98945575.0,116193187.0,1.0,-1.06,2641723336.3500004,-21.86,349,-33.1,356,-6.9,245,-20.62,-1.25,-14.74,1.4,0.96,29.7,0.321,23.0,False,False,False,False,False,True,True,False,False,True,False,True,False,False,False,False,2026-11-16,False,False,4,"thin RVOL, below 200-MA",near21,4,https://www.tradingview.com/chart/?symbol=NASDAQ:BTDR&interval=D,False,False,False
LUMN,"Lumen Technologies, Inc.",NASDAQ,Major Telecommunications,5.56,5.67,6.09,6.25,6.25,7.14,7.38,7.51,5.79,5.98,5.88,5.46,4.59,5.62,0.31,13033462.2,13322580.3,74073546.0,83246143.0,1.36,-1.18,5734836468.216581,-18.71,324,-17.26,246,-26.36,332,-20.78,-1.97,-8.77,1.25,1.33,30.4,0.326,33.06,False,False,False,False,False,True,False,False,False,True,True,True,False,False,True,False,2026-11-04,False,False,4,"thin RVOL, below 200-MA","near21, RVOL",3,https://www.tradingview.com/chart/?symbol=NASDAQ:LUMN&interval=D,False,False,False
AIR,AAR Corp.,NYSE,Aerospace & Defense,101.58,104.93,111.35,116.86,127.13,127.2,122.16,117.74,105.14,111.33,101.67,98.0,5.19,5.27,5.35,926684.1,571252.1333333333,58027792.0,66753858.0,0.53,-0.62,4082927969.8783374,-19.96,335,-25.04,310,-17.37,291,-20.79,-3.81,-8.77,1.66,0.69,66.9,0.288,21.93,False,False,False,False,False,False,True,True,False,True,False,False,False,False,False,False,2027-01-06,False,False,3,"LoD>60% ATR, thin RVOL, below 200-MA",ADR,3,https://www.tradingview.com/chart/?symbol=NYSE:AIR&interval=D,False,False,False
PRAX,"Praxis Precision Medicines, Inc.",NASDAQ,Pharmaceuticals: Major,263.55,282.63,294.31,313.45,330.61,319.29,319.34,316.79,283.03,296.87,273.96,260.07,5.51,5.95,15.68,486307.0000000001,431281.533333333,113664248.0,135183328.0,1.43,-1.54,7358312713.445616,-22.99,356,-20.45,278,-18.95,300,-20.8,-3.41,-10.45,1.89,0.89,22.2,0.239,18.2,False,False,False,False,False,False,True,False,False,False,False,True,False,False,True,False,2026-11-11,False,False,4,"thin RVOL, below 200-MA",RVOL,3,https://www.tradingview.com/chart/?symbol=NASDAQ:PRAX&interval=D,False,False,False
LBRT,Liberty Energy Inc.,NYSE,Oilfield Services/Equipment,18.85,19.03,19.07,19.49,19.69,23.14,25.51,24.88,19.15,19.26,19.75,18.55,4.93,5.08,0.96,4511080.7,3789955.8333333335,71440667.0,73872556.0,1.26,0.41,3076158271.6615148,-10.66,237,-22.4,297,-30.19,344,-21.08,-0.84,-1.14,0.41,1.25,31.3,0.145,34.36,False,False,False,False,True,True,False,False,False,True,True,True,False,False,True,False,2026-10-21,False,False,4,"thin RVOL, below 200-MA","near21, RVOL",4,https://www.tradingview.com/chart/?symbol=NYSE:LBRT&interval=D,False,False,False
RH,RH,NYSE,Specialty Stores,113.67,119.46,123.56,130.58,147.16,152.55,145.37,158.87,119.17,125.6,115.03,111.6,4.02,5.07,5.76,785608.0,827879.4666666667,94105059.0,108100637.0,1.16,-1.26,2152132214.9005117,-22.77,354,-33.04,354,-8.72,254,-21.51,-4.49,-8.0,1.87,0.6,35.9,0.177,34.66,False,False,False,False,False,False,True,False,False,False,False,True,False,False,False,False,2026-12-03,False,False,4,"thin RVOL, below 200-MA",,3,https://www.tradingview.com/chart/?symbol=NYSE:RH&interval=D,False,False,False
LUNR,"Intuitive Machines, Inc.",NASDAQ,Aerospace & Defense,13.7,14.58,14.67,14.82,15.42,19.66,20.97,20.27,14.51,14.79,14.38,13.4,7.2,7.5,1.03,8578464.6,7477232.733333333,102438088.0,110822559.0,1.11,-1.32,3136259636.641221,-8.54,211,-18.69,257,-37.92,360,-21.72,-1.49,-6.61,0.98,0.95,29.2,0.198,46.64,False,False,False,False,False,True,True,False,False,True,False,True,False,False,False,False,2026-11-18,False,False,4,"thin RVOL, below 200-MA",near21,4,https://www.tradingview.com/chart/?symbol=NASDAQ:LUNR&interval=D,False,False,False
NNE,Nano Nuclear Energy Inc.,NASDAQ,Electrical Products,15.26,15.94,16.21,16.84,17.5,19.79,21.02,23.1,15.97,16.4,15.92,14.82,5.1,6.72,1.02,1902074.9,1915257.1333333333,29226824.0,32245908.0,1.39,-1.87,819433674.1611491,-15.22,283,-21.94,295,-28.15,339,-21.77,-1.91,-5.88,1.04,1.08,42.9,0.154,46.9,False,False,False,False,False,True,False,False,False,True,True,True,False,False,True,False,2026-12-17,False,False,4,"thin RVOL, below 200-MA","near21, RVOL",3,https://www.tradingview.com/chart/?symbol=NASDAQ:NNE&interval=D,False,False,False
KTOS,"Kratos Defense & Security Solutions, Inc.",NASDAQ,Aerospace & Defense,41.93,43.09,45.21,46.53,50.77,51.93,58.56,68.35,43.34,45.21,42.84,41.69,4.65,5.17,2.17,4979808.2,4117271.3,172637186.0,191575261.0,1.09,0.85,7871155055.7742,-13.22,265,-14.43,222,-38.36,364,-22.0,-3.37,-7.26,1.4,0.53,10.9,0.203,60.23,False,False,False,False,False,True,True,True,False,True,False,True,False,False,False,False,2026-10-29,False,False,4,"thin RVOL, below 200-MA","near21, ADR",5,https://www.tradingview.com/chart/?symbol=NASDAQ:KTOS&interval=D,False,False,False
GIL,"Gildan Activewear, Inc.",NYSE,Apparel/Footwear,41.9,41.75,43.94,46.57,50.42,52.58,54.44,57.52,42.25,44.34,42.0,40.62,4.06,3.96,1.66,2169723.0,1741310.0,72960889.0,81084100.0,0.47,-1.16,7759538644.31219,-21.21,345,-17.88,253,-27.26,336,-22.11,-4.26,-4.64,1.39,0.83,77.1,0.241,37.64,False,False,False,False,False,True,True,False,False,True,False,False,False,False,False,False,2026-10-29,False,False,3,"LoD>60% ATR, thin RVOL, below 200-MA",near21,3,https://www.tradingview.com/chart/?symbol=NYSE:GIL&interval=D,False,False,False
SPHR,Sphere Entertainment Co.,NYSE,Media Conglomerates,109.25,123.71,133.4,135.93,145.58,145.91,138.93,129.38,120.23,129.6,112.09,103.41,6.22,6.69,7.31,1184912.2,774381.5666666667,84601186.0,105261170.0,1.03,-1.94,3923561596.957361,-23.06,358,-27.99,329,-15.33,280,-22.13,-3.73,-18.1,2.35,1.19,79.9,0.414,20.32,False,False,False,False,False,False,False,False,False,False,True,False,False,False,False,False,2026-11-10,False,False,3,"LoD>60% ATR, thin RVOL, below 200-MA",,1,https://www.tradingview.com/chart/?symbol=NYSE:SPHR&interval=D,False,False,False
UEC,Uranium Energy Corp.,AMEX,Other Metals/Minerals,9.14,9.41,9.74,10.46,10.79,11.04,12.07,12.98,9.53,9.9,9.49,9.0,5.48,6.62,0.6,11330610.4,9680574.4,88480450.0,101274943.0,0.95,-0.84,4529643881.001056,-21.21,344,-11.69,210,-34.01,353,-22.3,-2.31,-6.17,1.16,0.81,23.2,0.173,39.06,False,False,False,False,False,True,True,False,False,True,False,True,False,False,False,False,2026-12-16,False,False,4,"thin RVOL, below 200-MA",near21,4,https://www.tradingview.com/chart/?symbol=AMEX:UEC&interval=D,False,False,False
CORZ,"Core Scientific, Inc.",NASDAQ,Packaged Software,15.36,16.35,16.99,17.1,18.24,21.67,20.7,19.82,16.4,16.93,15.78,14.83,5.79,6.52,1.0,11628743.6,11665516.266666668,179182330.0,199534767.0,1.38,-1.29,4935788776.2308655,-15.36,284,-34.92,362,-16.88,289,-22.39,-2.42,-9.61,1.42,0.94,53.0,0.217,34.59,False,False,False,False,False,True,True,False,False,True,False,True,False,False,True,False,2026-11-11,False,False,4,"thin RVOL, below 200-MA","near21, RVOL",4,https://www.tradingview.com/chart/?symbol=NASDAQ:CORZ&interval=D,False,False,False
RSI,"Rush Street Interactive, Inc.",NYSE,Casinos/Gaming,20.32,20.15,21.88,23.38,24.36,27.07,25.85,24.02,20.62,21.8,20.67,19.8,5.29,5.37,1.09,2820182.3,3314636.566666667,67353415.0,77492888.0,0.62,-0.35,4709634495.09091,-23.64,366,-38.03,372,-5.99,239,-22.55,-3.09,-7.11,1.26,0.8,47.7,0.459,34.08,False,False,False,False,False,True,True,False,False,True,False,True,False,False,False,False,2026-10-28,False,False,4,"thin RVOL, below 200-MA",near21,4,https://www.tradingview.com/chart/?symbol=NYSE:RSI&interval=D,False,False,False
PLNT,"Planet Fitness, Inc.",NYSE,Other Consumer Services,44.03,42.18,44.77,46.87,49.15,50.73,56.76,66.46,43.05,44.67,44.06,42.82,4.79,4.13,1.82,2588295.8,2453529.2333333334,108028892.0,115008365.0,0.94,-0.49,3325716784.258528,-13.87,274,-15.05,227,-39.04,368,-22.65,-2.52,-1.65,0.35,0.68,66.5,0.35,55.13,False,False,False,False,True,True,True,True,False,True,False,False,False,False,False,False,2026-11-10,False,False,3,"LoD>60% ATR, thin RVOL, below 200-MA","near21, ADR",5,https://www.tradingview.com/chart/?symbol=NYSE:PLNT&interval=D,False,False,False
ACAD,ACADIA Pharmaceuticals Inc.,NASDAQ,Pharmaceuticals: Major,19.58,20.05,23.27,24.99,26.48,24.94,23.9,24.25,20.71,22.68,19.78,19.32,4.64,4.37,0.86,2644226.4,2085725.5,40838505.0,52126104.0,0.64,-0.97,3373741849.430025,-29.13,387,-26.14,319,-13.06,273,-22.78,-5.96,-15.84,3.12,0.55,30.9,0.587,32.84,False,False,False,False,False,False,True,True,False,True,False,True,False,False,False,False,2026-11-11,False,False,4,"thin RVOL, below 200-MA",ADR,4,https://www.tradingview.com/chart/?symbol=NASDAQ:ACAD&interval=D,False,False,False
ENOV,Enovis Corporation,NYSE,Medical Specialties,17.43,18.11,18.2,19.15,22.17,23.11,23.38,23.62,18.05,18.78,17.63,16.7,4.34,5.68,0.99,1516556.0,1921545.4333333333,33492537.0,36791830.0,1.58,-1.48,1005179259.298126,-8.98,219,-31.91,348,-28.0,338,-22.97,-3.77,-4.23,1.26,0.94,73.8,0.088,31.6,False,False,False,False,False,True,True,False,True,True,False,False,True,True,True,False,2026-11-11,False,False,4,"LoD>60% ATR, below 200-MA","near21, BB, RVOL",4,https://www.tradingview.com/chart/?symbol=NYSE:ENOV&interval=D,False,False,False
SMR,NuScale Power Corporation,NYSE,Electrical Products,7.32,7.82,8.21,8.76,8.97,9.51,10.2,11.78,7.87,8.26,7.55,7.17,5.33,7.73,0.57,32249875.6,35833708.766666666,262302748.0,314058568.0,1.39,-2.22,3145574414.7535853,-26.58,376,-20.17,275,-22.95,317,-23.23,-2.39,-10.85,1.47,0.67,26.5,0.226,54.01,False,False,False,False,False,True,True,False,False,True,False,True,False,False,True,False,2026-11-05,False,True,3,"thin RVOL, below 200-MA, large gap","near21, RVOL",4,https://www.tradingview.com/chart/?symbol=NYSE:SMR&interval=D,False,False,False
FLY,Firefly Aerospace Inc.,NASDAQ,Aerospace & Defense,20.67,22.82,22.27,22.0,22.92,27.24,28.9,27.86,22.27,22.4,21.57,20.06,7.88,8.02,1.66,3936965.4,3119790.3333333335,64486066.0,68633307.0,0.93,-1.49,3460254107.3319387,-6.24,191,-18.94,260,-44.77,378,-23.32,-1.22,-7.18,0.97,0.91,36.8,0.21,32.11,False,False,False,False,False,True,True,False,False,True,False,True,False,False,False,False,2026-11-18,False,False,4,"thin RVOL, below 200-MA",near21,4,https://www.tradingview.com/chart/?symbol=NASDAQ:FLY&interval=D,False,False,False
RZLV,Rezolve AI PLC,NASDAQ,Packaged Software,1.9,2.11,2.2,2.29,2.42,2.49,2.54,2.63,2.11,2.2,2.06,1.86,5.17,6.56,0.12,12676350.1,15502123.633333333,29454035.0,35525700.0,2.27,-0.96,792050874.3749999,-15.93,290,-28.97,337,-25.2,327,-23.37,-3.29,-13.46,2.08,1.6,32.1,0.189,27.01,False,False,False,False,False,False,False,False,False,False,True,True,True,True,True,False,2027-04-29,False,False,5,below 200-MA,RVOL,2,https://www.tradingview.com/chart/?symbol=NASDAQ:RZLV&interval=D,False,False,False
IBP,"Installed Building Products, Inc.",NYSE,Engineering & Construction,187.83,192.4,196.9,208.45,221.42,219.53,237.52,253.88,192.47,200.02,188.47,178.54,4.24,4.85,9.11,443558.2,452539.3,85000457.0,94330761.0,1.52,-1.97,4992366812.039317,-20.98,343,-15.84,232,-34.11,354,-23.65,-3.13,-4.61,1.26,1.09,101.9,0.124,32.73,False,False,False,False,False,True,False,False,False,True,True,False,True,True,True,False,2026-11-11,False,False,4,"LoD>60% ATR, below 200-MA","near21, RVOL",2,https://www.tradingview.com/chart/?symbol=NYSE:IBP&interval=D,False,False,False
MIRM,"Mirum Pharmaceuticals, Inc.",NASDAQ,Pharmaceuticals: Major,81.35,84.02,88.96,92.42,95.71,102.26,100.1,98.45,83.89,88.09,82.2,78.63,4.32,4.66,3.79,915955.1,744641.3333333334,60576572.0,68818759.0,0.72,-0.41,5282234853.345734,-17.4,305,-35.83,367,-17.79,295,-23.67,-3.22,-8.55,1.64,0.94,71.8,0.269,22.43,False,False,False,False,False,False,True,False,False,False,False,False,False,False,False,False,2026-11-17,False,False,3,"LoD>60% ATR, thin RVOL, below 200-MA",,2,https://www.tradingview.com/chart/?symbol=NASDAQ:MIRM&interval=D,False,False,False
FLUT,Flutter Entertainment plc,NYSE,Casinos/Gaming,81.58,76.95,84.68,89.69,93.46,98.6,100.78,117.64,78.96,83.65,81.94,76.15,5.13,5.19,4.23,3037626.8,3019791.8333333335,246354618.0,270840097.0,1.25,0.4,14157320168.422411,-19.2,327,-28.1,330,-23.85,322,-23.72,-2.45,-3.66,0.48,1.37,128.3,0.435,49.87,False,False,False,False,False,True,False,False,False,True,True,False,False,True,True,False,2026-11-18,False,False,4,"LoD>60% ATR, below 200-MA","near21, RVOL",2,https://www.tradingview.com/chart/?symbol=NYSE:FLUT&interval=D,False,False,False
AMPX,"Amprius Technologies, Inc.",NYSE,Electrical Products,9.39,9.55,9.52,9.63,10.16,12.32,14.38,13.45,9.51,9.63,9.46,9.08,5.72,5.98,0.56,6660287.7,5182844.633333334,48666911.0,49929798.0,0.77,-1.82,1371697080.5755627,-7.4,204,-21.62,291,-42.22,375,-23.74,-1.27,-1.37,0.42,0.68,55.2,0.089,51.71,False,False,False,False,True,True,True,True,True,True,False,True,False,False,False,False,2026-11-05,False,False,4,"thin RVOL, below 200-MA","near21, ADR, BB",7,https://www.tradingview.com/chart/?symbol=NYSE:AMPX&interval=D,False,False,False
INSM,Insmed Incorporated,NASDAQ,Pharmaceuticals: Major,100.48,109.63,115.96,118.77,119.66,112.42,121.84,131.44,108.43,113.59,101.06,96.68,4.82,5.24,5.27,3323655.8,2477566.433333333,248945875.0,294251481.0,1.74,-1.06,21942972683.473953,-19.47,328,-14.91,226,-37.04,359,-23.81,-3.06,-13.35,2.2,0.83,72.2,0.277,21.71,False,False,False,False,False,False,True,False,False,False,False,False,True,True,True,False,2026-10-29,False,False,4,"LoD>60% ATR, below 200-MA",RVOL,2,https://www.tradingview.com/chart/?symbol=NASDAQ:INSM&interval=D,False,False,False
ASTS,"AST SpaceMobile, Inc.",NASDAQ,Specialty Telecommunications,56.93,59.57,60.07,60.37,63.0,72.85,76.47,80.93,59.58,60.32,60.3,55.96,6.61,7.32,4.17,12545121.2,10745509.133333333,611741835.0,648717132.0,1.67,-2.31,22155306083.820614,-9.86,230,-23.15,303,-38.69,365,-23.9,-1.32,-5.23,0.77,1.04,23.3,0.124,37.52,False,False,False,False,False,True,False,False,False,True,True,True,True,True,True,False,2026-11-16,False,True,4,"below 200-MA, large gap","near21, RVOL",3,https://www.tradingview.com/chart/?symbol=NASDAQ:ASTS&interval=D,False,False,False
SEDG,"SolarEdge Technologies, Inc.",NASDAQ,Electrical Products,32.47,32.56,33.66,33.77,33.97,45.56,44.93,42.28,33.05,33.44,32.89,30.5,5.75,7.19,2.33,2486883.8,2968018.8333333335,96371572.0,100236921.0,1.07,-2.26,1997740943.870929,-7.33,203,-41.4,380,-23.15,320,-23.96,-0.61,-3.53,0.4,1.02,84.4,0.189,40.02,False,False,False,False,False,True,False,False,False,True,True,False,False,False,False,False,2026-11-11,False,True,2,"LoD>60% ATR, thin RVOL, below 200-MA, large gap",near21,2,https://www.tradingview.com/chart/?symbol=NASDAQ:SEDG&interval=D,False,False,False
ALNY,"Alnylam Pharmaceuticals, Inc.",NASDAQ,Pharmaceuticals: Major,224.53,235.58,240.46,244.44,236.84,264.18,280.41,299.45,231.65,237.76,225.9,218.39,4.28,4.45,9.99,1321643.4,1503015.7,337472115.0,367403170.0,1.43,-1.06,30044163956.598774,-13.31,266,-28.65,335,-30.59,345,-24.18,-1.17,-6.63,1.25,0.75,61.4,0.199,28.44,False,False,False,False,False,True,True,False,False,True,False,False,False,True,True,False,2026-10-29,False,False,4,"LoD>60% ATR, below 200-MA","near21, RVOL",3,https://www.tradingview.com/chart/?symbol=NASDAQ:ALNY&interval=D,False,False,False
BBAI,"BigBear.ai, Inc.",NYSE,Packaged Software,2.42,2.63,2.73,2.81,2.93,3.33,3.49,3.9,2.61,2.72,2.49,2.34,4.91,5.67,0.14,16742454.8,16176097.466666667,39146156.0,45497970.0,1.56,-1.2,1160376702.5338647,-17.41,306,-28.61,334,-27.11,335,-24.38,-3.1,-11.42,1.94,1.09,58.3,0.193,52.69,False,False,False,False,False,False,False,False,False,False,True,True,True,True,True,False,2026-11-11,False,False,5,below 200-MA,RVOL,2,https://www.tradingview.com/chart/?symbol=NYSE:BBAI&interval=D,False,False,False
VKTX,"Viking Therapeutics, Inc.",NASDAQ,Pharmaceuticals: Major,27.73,30.74,31.9,32.38,32.89,33.37,33.34,33.04,30.26,31.56,28.49,27.05,8.85,8.2,2.27,7790919.7,6711285.033333333,186103934.0,217311409.0,0.89,-0.6,3526292570.0224247,-19.92,334,-32.6,352,-21.33,306,-24.62,-1.91,-13.08,1.48,0.63,29.9,0.482,9.49,False,False,False,False,False,True,True,True,False,True,False,True,False,False,False,False,2026-10-28,False,False,4,"thin RVOL, below 200-MA","near21, ADR",5,https://www.tradingview.com/chart/?symbol=NASDAQ:VKTX&interval=D,False,False,False
MRP,"Millrose Properties, Inc.",NYSE,Real Estate Development,22.63,24.67,26.66,28.03,28.7,28.65,28.82,29.24,24.43,26.14,22.83,21.66,4.63,4.56,1.03,4433660.2,2531538.9,57288725.0,70950597.0,1.4,-0.22,3490182115.0937223,-29.3,388,-20.68,283,-24.92,326,-24.97,-4.64,-15.12,2.95,1.13,94.0,0.363,20.19,False,False,False,False,False,False,False,False,False,False,True,False,False,False,True,False,2026-10-27,False,False,3,"LoD>60% ATR, thin RVOL, below 200-MA",RVOL,1,https://www.tradingview.com/chart/?symbol=NYSE:MRP&interval=D,False,False,False
ESAB,ESAB Corporation,NYSE,Industrial Machinery,64.88,68.49,67.96,70.15,76.25,83.83,89.01,97.17,68.21,69.55,65.77,62.74,4.83,5.17,3.36,1218260.6,1022582.9,66345179.0,71733168.0,2.34,-2.03,4033447582.203813,-13.68,270,-25.85,315,-36.4,358,-25.31,-2.88,-4.53,1.3,0.9,63.8,0.121,45.03,False,False,False,False,False,True,True,False,False,True,False,False,True,True,True,False,2026-11-04,False,True,3,"LoD>60% ATR, below 200-MA, large gap","near21, RVOL",3,https://www.tradingview.com/chart/?symbol=NYSE:ESAB&interval=D,False,False,False
OCUL,"Ocular Therapeutix, Inc.",NASDAQ,Pharmaceuticals: Major,7.51,7.64,8.91,9.53,9.67,9.38,9.25,9.5,7.82,8.6,7.56,7.06,8.04,7.73,0.58,5165291.9,3196071.5,24002497.0,30470813.0,0.79,-0.41,1649315227.2226832,-28.88,386,-28.54,333,-19.33,303,-25.59,-2.89,-15.68,1.64,0.87,77.5,0.618,26.98,False,False,False,False,False,False,True,False,False,False,False,False,False,False,False,False,2026-11-09,False,False,3,"LoD>60% ATR, thin RVOL, below 200-MA",,2,https://www.tradingview.com/chart/?symbol=NASDAQ:OCUL&interval=D,False,False,False
OKLO,Oklo Inc.,NYSE,Industrial Machinery,34.57,36.72,37.33,38.49,40.36,47.28,52.01,58.58,36.76,37.76,36.3,33.7,4.75,6.72,2.32,9928354.8,10127640.5,350112532.0,389839890.0,1.81,-2.12,6430630260.022543,-17.81,310,-30.07,344,-29.25,343,-25.71,-2.13,-7.4,1.26,1.12,37.5,0.169,63.25,False,False,False,False,False,True,False,False,False,True,True,True,True,True,True,False,2026-11-18,False,True,4,"below 200-MA, large gap","near21, RVOL",3,https://www.tradingview.com/chart/?symbol=NYSE:OKLO&interval=D,False,False,False
NN,NextNav Inc.,NASDAQ,Packaged Software,11.6,13.55,14.24,14.62,15.37,16.71,17.17,16.84,13.36,14.07,12.71,10.77,8.38,8.86,1.03,3376145.3,2706559.1333333333,31396086.0,39574405.0,2.46,-0.63,1958194915.7513764,-23.28,360,-32.16,350,-22.82,316,-26.09,-2.77,-18.53,1.98,1.89,80.7,0.27,31.14,False,False,False,False,False,False,False,False,False,False,True,False,True,True,True,False,2026-11-05,False,False,4,"LoD>60% ATR, below 200-MA",RVOL,1,https://www.tradingview.com/chart/?symbol=NASDAQ:NN&interval=D,False,False,False
QS,QuantumScape Corporation,NASDAQ,Electrical Products,4.58,4.62,4.85,5.06,5.37,6.27,6.52,7.2,4.66,4.86,4.76,4.4,4.41,5.2,0.24,13280472.6,12310524.433333334,56382202.0,62332289.0,1.8,5.09,2835539911.061947,-17.03,298,-34.48,360,-27.07,334,-26.19,-2.83,-5.53,1.12,1.51,75.5,0.205,56.21,False,False,False,False,False,True,False,False,False,True,True,False,True,True,True,False,2026-10-28,False,True,3,"LoD>60% ATR, below 200-MA, large gap","near21, RVOL",2,https://www.tradingview.com/chart/?symbol=NASDAQ:QS&interval=D,False,False,False
BRUN,Boost Run Inc.,NASDAQ,Packaged Software,12.1,15.39,15.76,16.37,17.78,23.69,20.51,18.32,14.9,15.87,14.25,11.8,11.08,13.52,1.64,2768218.7,2491598.066666667,30148337.0,40775833.0,2.47,1.75,1014526198.4,-34.06,399,-59.93,404,13.3,182,-26.9,-2.36,-23.24,1.75,1.5,18.3,0.353,68.62,False,False,False,False,False,False,False,False,False,False,True,True,True,True,True,False,2026-12-02,False,False,5,below 200-MA,RVOL,2,https://www.tradingview.com/chart/?symbol=NASDAQ:BRUN&interval=D,False,False,False
MIAX,"Miami International Holdings, Inc.",NYSE,Investment Banks/Brokers,30.7,32.89,35.62,37.96,40.34,41.54,42.3,42.39,32.91,35.32,30.79,29.52,4.93,5.4,1.66,2206676.1,1841983.8333333333,56548904.0,69930302.0,1.04,-0.8,3046388537.4320745,-27.46,380,-29.73,342,-25.76,330,-27.65,-4.43,-13.8,2.42,0.77,71.2,0.367,30.94,False,False,False,False,False,False,True,False,False,False,False,False,False,False,False,False,2026-10-29,False,False,3,"LoD>60% ATR, thin RVOL, below 200-MA",,2,https://www.tradingview.com/chart/?symbol=NYSE:MIAX&interval=D,False,False,False
APP,Applovin Corporation,NASDAQ,Packaged Software,280.12,288.68,305.96,308.61,320.71,407.36,420.93,448.08,288.4,300.12,280.12,271.1,4.68,5.24,14.68,5558368.0,5155559.366666666,1444175290.0,1591041709.0,1.15,-1.85,93742439053.10262,-12.29,255,-46.81,389,-25.5,328,-28.2,-2.42,-8.45,1.27,0.61,61.4,0.271,56.9,False,False,False,False,False,True,True,True,False,True,False,False,False,True,False,False,2026-11-04,False,False,4,"LoD>60% ATR, below 200-MA","near21, ADR",4,https://www.tradingview.com/chart/?symbol=NASDAQ:APP&interval=D,False,False,False
CIFR,Cipher Digital Inc.,NASDAQ,Data Processing Services,13.5,15.7,16.55,16.49,17.11,20.07,18.96,18.31,15.49,16.19,14.24,12.88,7.91,9.79,1.32,32810943.2,33841241.233333334,456856757.0,558064629.0,1.93,-2.4,5602915032.280219,-24.79,370,-42.16,382,-17.96,296,-28.3,-2.15,-18.44,1.7,1.03,46.8,0.356,32.39,False,False,False,False,False,False,False,False,False,False,True,True,True,True,True,False,2026-11-11,False,True,4,"below 200-MA, large gap",RVOL,2,https://www.tradingview.com/chart/?symbol=NASDAQ:CIFR&interval=D,False,False,False
PUMP,ProPetro Holding Corp.,NYSE,Oilfield Services/Equipment,9.04,9.23,9.77,10.33,10.75,12.54,13.37,12.73,9.38,9.8,9.42,8.97,5.07,5.6,0.51,3831548.9,3831090.466666667,34633058.0,39576442.0,1.22,0.86,1110328146.5948274,-23.45,363,-29.65,341,-32.59,348,-28.56,-2.84,-7.45,1.39,0.89,13.8,0.272,45.73,False,False,False,False,False,True,True,False,False,True,False,True,False,False,True,False,2026-11-04,False,False,4,"thin RVOL, below 200-MA","near21, RVOL",4,https://www.tradingview.com/chart/?symbol=NYSE:PUMP&interval=D,False,False,False
PLUG,"Plug Power, Inc.",NASDAQ,Electronic Production Equipment,1.73,1.87,1.97,2.03,2.1,2.46,2.57,2.46,1.87,1.95,1.79,1.71,4.6,5.81,0.1,48403228.0,47268114.96666667,81773839.0,96111834.0,1.11,-1.12,2417147640.601124,-21.36,346,-26.54,323,-38.1,362,-28.67,-3.0,-12.14,1.97,0.8,19.9,0.227,40.05,False,False,False,False,False,False,True,False,False,False,False,True,False,False,False,False,2026-11-10,False,False,4,"thin RVOL, below 200-MA",,3,https://www.tradingview.com/chart/?symbol=NASDAQ:PLUG&interval=D,False,False,False
GT,The Goodyear Tire & Rubber Company,NASDAQ,Automotive Aftermarket,4.75,4.88,5.05,5.38,5.77,6.1,6.32,7.01,4.87,5.12,4.8,4.6,4.2,4.61,0.22,8825413.4,9436849.933333334,44825037.0,50787554.0,1.06,-0.85,1367519044.7761192,-23.39,362,-29.26,339,-33.47,349,-28.71,-3.84,-5.93,1.55,0.94,68.5,0.185,44.95,False,False,False,False,False,False,True,False,False,False,False,False,False,False,False,False,2026-11-09,False,False,3,"LoD>60% ATR, thin RVOL, below 200-MA",,2,https://www.tradingview.com/chart/?symbol=NASDAQ:GT&interval=D,False,False,False
USAR,"USA Rare Earth, Inc.",NASDAQ,Metal Fabrication,12.63,13.84,14.81,15.75,16.66,18.82,19.34,19.29,13.86,14.79,13.29,12.42,5.04,6.72,0.85,12925086.2,13047140.6,164785386.0,205435927.0,1.62,-1.51,4737216897.621315,-27.79,382,-32.82,353,-26.44,333,-29.02,-3.6,-14.7,2.17,1.02,24.7,0.31,43.54,False,False,False,False,False,False,False,False,False,False,True,True,True,True,True,False,2026-11-05,False,False,5,below 200-MA,RVOL,2,https://www.tradingview.com/chart/?symbol=NASDAQ:USAR&interval=D,False,False,False
KNF,Knife Riv Holding Co.,NYSE,Construction Materials,52.27,52.0,53.56,56.28,60.93,70.39,75.01,76.01,52.27,54.36,52.5,49.42,4.59,4.68,2.45,1150788.2,1077991.9666666666,56346640.0,60667232.0,1.26,-0.93,2967024022.557974,-15.2,282,-33.06,355,-39.23,369,-29.16,-3.04,-2.41,0.82,1.26,116.7,0.165,45.92,False,False,False,False,True,True,False,False,False,True,True,False,False,False,True,False,2026-11-09,False,False,3,"LoD>60% ATR, thin RVOL, below 200-MA","near21, RVOL",3,https://www.tradingview.com/chart/?symbol=NYSE:KNF&interval=D,False,False,False
CBRS,Cerebras Systems Inc.,NASDAQ,Packaged Software,167.92,181.37,189.32,189.38,200.09,208.46,,,179.81,186.57,172.7,161.51,6.66,7.96,13.36,9941178.1,7223430.933333334,1212958522.0,1367946864.0,1.1,-1.86,37588646225.74578,-22.66,353,-13.53,218,-52.02,393,-29.4,-2.02,-11.3,1.26,0.84,48.0,0.298,16.14,False,False,False,False,False,True,True,False,False,True,False,True,False,True,False,False,2026-12-02,False,False,5,below 200-MA,near21,4,https://www.tradingview.com/chart/?symbol=NASDAQ:CBRS&interval=D,False,False,False
HYMC,Hycroft Mining Holding Corporation,NASDAQ,Precious Metals,18.21,19.12,20.1,21.11,22.71,24.02,28.65,30.88,19.11,20.17,18.28,17.67,5.79,7.19,1.31,1972730.1999999997,2086414.3666666718,37993606.0,44034818.0,1.46,-1.11,1696838283.499443,-18.89,326,-16.47,237,-53.08,394,-29.48,-2.75,-9.39,1.35,0.46,41.1,0.253,64.57,False,False,False,False,False,True,True,True,False,True,False,True,False,False,True,False,2026-11-03,False,False,4,"thin RVOL, below 200-MA","near21, ADR, RVOL",5,https://www.tradingview.com/chart/?symbol=NASDAQ:HYMC&interval=D,False,False,False
QXO,"QXO, Inc.",NYSE,Wholesale Distributors,11.12,11.84,11.9,12.33,13.17,14.54,16.46,18.24,11.76,12.09,11.17,10.77,5.23,5.71,0.64,24734959.0,19744444.1,219558218.0,243435833.0,1.52,-2.48,11536897264.374887,-17.26,302,-23.42,304,-48.18,385,-29.62,-2.73,-6.58,1.41,0.63,55.1,0.146,57.56,False,False,False,False,False,True,True,True,False,True,False,True,True,True,True,False,2026-11-17,False,True,4,"below 200-MA, large gap","near21, ADR, RVOL",5,https://www.tradingview.com/chart/?symbol=NYSE:QXO&interval=D,False,False,False
WULF,TeraWulf Inc.,NASDAQ,Data Processing Services,13.65,14.9,15.6,15.74,16.21,19.76,19.38,18.11,14.89,15.42,14.19,13.11,6.44,7.75,1.06,28408219.4,28473042.566666666,388657031.0,448222636.0,1.74,-1.67,6810922424.177084,-18.55,320,-41.64,381,-29.05,341,-29.75,-2.04,-12.49,1.48,1.02,51.1,0.261,35.62,False,False,False,False,False,True,False,False,False,True,True,True,True,True,True,False,2026-11-16,False,False,5,below 200-MA,"near21, RVOL",3,https://www.tradingview.com/chart/?symbol=NASDAQ:WULF&interval=D,False,False,False
INIO,INNIO N.V.,NASDAQ,Electrical Products,19.2,19.19,19.36,19.78,22.1,,,,19.56,19.88,20.27,18.61,6.76,7.87,1.51,5171537.4,5382222.033333333,103338663.0,106480087.0,0.76,-1.62,14400000107.61062,-9.31,222,-42.57,383,-38.06,361,-29.98,-1.67,-0.81,0.44,1.1,38.7,0.233,15.12,False,False,False,False,True,True,False,False,False,True,True,True,False,True,False,False,2026-12-02,False,False,5,below 200-MA,near21,4,https://www.tradingview.com/chart/?symbol=NASDAQ:INIO&interval=D,False,False,False
DNN,Denison Mines Corp,AMEX,Other Metals/Minerals,2.36,2.58,2.72,2.93,3.05,3.1,3.3,3.39,2.6,2.75,2.55,2.34,4.93,6.2,0.15,31620489.1,26322117.066666666,62120196.0,77229091.0,1.94,-1.56,2136310106.262295,-30.99,393,-26.02,316,-33.52,350,-30.18,-3.65,-13.22,2.26,1.47,17.1,0.247,34.23,False,False,False,False,False,False,False,False,False,False,True,True,True,True,True,False,2026-11-03,False,False,5,below 200-MA,RVOL,2,https://www.tradingview.com/chart/?symbol=AMEX:DNN&interval=D,False,False,False
RARE,Ultragenyx Pharmaceutical Inc.,NASDAQ,Pharmaceuticals: Major,15.29,14.84,14.56,16.48,20.28,23.8,23.6,23.71,14.92,15.8,15.52,14.43,5.53,7.0,1.07,4566002.5,6015258.533333333,91973303.0,99114417.0,1.23,-0.67,1507423930.8394892,1.28,126,-55.82,400,-36.34,357,-30.3,-3.51,5.03,0.46,1.02,80.3,0.187,60.43,False,False,False,False,False,True,False,False,False,True,True,False,False,False,True,False,2026-11-04,False,False,3,"LoD>60% ATR, thin RVOL, below 200-MA","near21, RVOL",2,https://www.tradingview.com/chart/?symbol=NASDAQ:RARE&interval=D,False,False,False
PL,Planet Labs PBC,NYSE,Packaged Software,17.19,17.15,16.88,17.53,19.6,25.8,28.52,27.34,17.31,17.55,17.53,16.69,4.91,6.18,1.06,11820043.5,12229262.366666667,210221020.0,214415657.0,1.67,-1.8,6254546827.527887,-3.7,170,-37.13,369,-50.72,390,-30.51,-1.99,1.85,0.33,0.79,47.1,0.158,67.7,False,False,False,False,True,True,True,False,False,True,False,True,True,True,True,False,2026-12-14,False,False,5,below 200-MA,"near21, RVOL",5,https://www.tradingview.com/chart/?symbol=NYSE:PL&interval=D,False,False,False
MTZ,"MasTec, Inc.",NYSE,Engineering & Construction,216.66,215.81,218.54,225.47,244.64,307.13,323.42,305.41,218.73,223.39,219.34,209.66,4.24,5.44,11.79,1405583.4,1474427.0666666667,319449368.0,332445951.0,1.05,-2.44,17398869415.07821,-9.59,226,-43.12,384,-39.45,372,-30.72,-2.1,-0.86,0.55,0.82,59.4,0.149,49.67,False,False,False,False,True,True,True,False,False,True,False,True,False,True,False,False,2026-10-29,False,True,4,"below 200-MA, large gap",near21,5,https://www.tradingview.com/chart/?symbol=NYSE:MTZ&interval=D,False,False,False
NAMS,NewAmsterdam Pharma Company N.V.,NASDAQ,Pharmaceuticals: Major,21.26,23.01,22.67,23.45,25.1,28.81,29.95,30.92,22.63,23.2,22.13,20.91,6.16,6.29,1.34,1520856.2,1692501.6666666667,35982585.0,39684651.0,1.08,-0.59,2541360146.681428,-11.49,245,-40.96,379,-40.01,373,-30.82,-2.43,-6.21,1.33,0.91,26.2,0.155,38.8,False,False,False,False,False,True,True,False,False,True,False,True,False,False,False,False,2026-11-11,False,False,4,"thin RVOL, below 200-MA",near21,4,https://www.tradingview.com/chart/?symbol=NASDAQ:NAMS&interval=D,False,False,False
ALM,Almonty Industries Inc.,NASDAQ,Other Metals/Minerals,11.57,13.01,13.54,15.01,15.0,15.8,16.92,15.79,12.93,13.75,12.22,11.22,6.74,8.78,1.02,6128981.5,6341327.0,73369153.0,95178034.0,1.55,-2.48,3337722306.1859503,-34.71,400,-22.92,302,-34.96,356,-30.86,-2.6,-14.55,1.81,0.98,34.0,0.263,33.83,False,False,False,False,False,False,True,False,False,False,False,True,True,True,True,False,2026-11-17,False,True,4,"below 200-MA, large gap",RVOL,3,https://www.tradingview.com/chart/?symbol=NASDAQ:ALM&interval=D,False,False,False
LASR,"nLIGHT, Inc.",NASDAQ,Semiconductors,38.31,39.61,39.63,40.2,46.57,57.79,61.19,57.91,39.61,40.58,39.71,38.04,4.04,5.25,2.01,869128.2,1047104.9,40114589.0,42089254.0,1.47,-1.6,2210111506.28335,-6.63,198,-47.94,391,-39.0,367,-31.19,-3.38,-3.33,1.07,0.83,13.3,0.094,56.34,False,False,False,False,False,True,True,False,True,True,False,True,False,False,True,False,2026-10-29,False,False,4,"thin RVOL, below 200-MA","near21, BB, RVOL",5,https://www.tradingview.com/chart/?symbol=NASDAQ:LASR&interval=D,False,False,False
FRMI,Fermi Inc.,NASDAQ,Real Estate Development,3.66,4.13,4.54,4.74,5.32,6.2,6.18,6.93,4.15,4.5,3.91,3.42,7.02,9.05,0.33,16070957.7,16968855.9,62106013.0,80466315.0,1.59,-1.51,2347010536.1108313,-30.42,391,-40.44,378,-23.75,321,-31.54,-3.45,-19.41,2.06,1.48,72.5,0.419,76.5,False,False,False,False,False,False,False,False,False,False,True,False,True,True,True,False,2026-11-17,False,False,4,"LoD>60% ATR, below 200-MA",RVOL,1,https://www.tradingview.com/chart/?symbol=NASDAQ:FRMI&interval=D,False,False,False
HTZ,"Hertz Global Holdings, Inc",NASDAQ,Finance/Rental/Leasing,1.96,1.82,1.84,1.96,2.0,2.8,3.69,4.05,1.88,1.9,2.02,1.9,6.15,7.62,0.15,21147306.9,16490722.6,32321816.0,32277841.0,1.12,-2.9,698644752.5217394,-14.78,279,-9.68,198,-70.35,406,-31.6,-0.27,6.39,0.44,0.8,40.2,0.27,113.95,False,False,False,False,False,True,True,False,False,True,False,True,False,False,False,False,2026-11-05,False,True,3,"thin RVOL, below 200-MA, large gap",near21,4,https://www.tradingview.com/chart/?symbol=NASDAQ:HTZ&interval=D,False,False,False
WHR,Whirlpool Corporation,NYSE,Electronics/Appliances,29.16,30.38,31.78,34.08,36.93,38.25,43.39,52.47,30.47,32.2,29.31,28.47,4.34,4.89,1.43,3178813.9,2929198.533333333,85415429.0,99814393.0,1.13,-1.03,1901213925.5950668,-25.38,373,-22.84,301,-48.89,388,-32.37,-4.3,-8.24,1.93,0.59,48.3,0.204,75.77,False,False,False,False,False,False,True,True,False,True,False,True,False,False,False,False,2026-10-15,False,False,4,"thin RVOL, below 200-MA",ADR,4,https://www.tradingview.com/chart/?symbol=NYSE:WHR&interval=D,False,False,False
XE,"X-Energy, Inc.",NASDAQ,Industrial Machinery,13.77,14.43,15.07,16.0,17.37,18.84,,,14.62,15.31,14.23,13.22,6.06,8.74,1.2,6161534.5,6966253.566666666,95925312.0,111439158.0,1.24,-1.49,5595661106.09312,-23.71,367,-17.1,244,-57.0,397,-32.6,-2.37,-8.63,1.15,0.84,45.7,0.226,31.99,False,False,False,False,False,True,True,False,False,True,False,True,False,False,True,False,2026-12-02,False,False,4,"thin RVOL, below 200-MA","near21, RVOL",4,https://www.tradingview.com/chart/?symbol=NASDAQ:XE&interval=D,False,False,False
RUN,Sunrun Inc.,NASDAQ,Semiconductors,7.59,7.72,8.09,8.33,8.9,10.93,11.6,13.34,7.78,8.1,7.6,7.26,4.69,5.41,0.41,7959261.3,7655708.066666666,58106824.0,63780980.0,1.05,-1.91,1828028647.218134,-16.04,291,-38.94,374,-43.34,377,-32.77,-2.73,-6.14,1.16,0.83,79.2,0.213,74.04,False,False,False,False,False,True,True,False,False,True,False,False,False,False,False,False,2026-11-04,False,False,3,"LoD>60% ATR, thin RVOL, below 200-MA",near21,3,https://www.tradingview.com/chart/?symbol=NASDAQ:RUN&interval=D,False,False,False
CHTR,"Charter Communications, Inc.",NASDAQ,Cable/Satellite TV,109.67,109.96,120.06,129.48,138.12,137.15,158.96,172.89,111.71,119.48,112.18,106.21,4.68,5.24,5.75,2959407.8,2986535.2666666666,327533323.0,386687627.0,1.15,0.0,19315383440.275246,-27.82,383,-19.51,266,-51.18,392,-32.84,-3.93,-8.65,1.57,1.04,60.2,0.422,57.39,False,False,False,False,False,False,False,False,False,False,True,False,False,True,False,False,2026-11-06,False,False,4,"LoD>60% ATR, below 200-MA",,1,https://www.tradingview.com/chart/?symbol=NASDAQ:CHTR&interval=D,False,False,False
TE,T1 Energy Inc.,NYSE,Electrical Products,3.44,3.73,3.99,4.21,4.48,6.31,6.12,6.44,3.77,3.99,3.69,3.32,6.42,9.24,0.32,19426849.9,19804719.4,68128235.0,83338259.0,1.22,-1.47,1012999275.2815013,-28.03,384,-51.69,397,-19.25,302,-32.99,-2.51,-13.78,1.5,1.16,37.8,0.317,78.73,False,False,False,False,False,True,False,False,False,True,True,True,False,False,True,False,2026-11-11,False,False,4,"thin RVOL, below 200-MA","near21, RVOL",3,https://www.tradingview.com/chart/?symbol=NYSE:TE&interval=D,False,False,False
FMC,FMC Corporation,NYSE,Chemicals: Agricultural,8.92,8.98,9.75,10.56,10.6,11.17,12.54,13.12,9.15,9.7,9.14,8.82,5.08,5.91,0.53,5192470.2,4208392.866666666,37538864.0,44435017.0,0.78,-0.55,1387470389.6721673,-31.96,397,-18.76,258,-48.41,387,-33.04,-2.68,-8.47,1.37,0.61,19.0,0.364,46.4,False,False,False,False,False,True,True,True,False,True,False,True,False,False,False,False,2026-10-29,False,False,4,"thin RVOL, below 200-MA","near21, ADR",5,https://www.tradingview.com/chart/?symbol=NYSE:FMC&interval=D,False,False,False
SOC,Sable Offshore Corp.,NYSE,Integrated Oil,3.86,3.57,4.04,4.28,4.42,6.55,9.3,9.36,3.71,3.96,4.1,3.71,7.65,8.91,0.34,9358705.2,8101329.0,31271130.0,34708794.0,1.72,3.0,740616606.5667574,-21.54,348,-7.66,188,-70.31,405,-33.17,-1.43,-4.55,0.28,1.13,43.6,0.547,150.0,False,False,False,False,False,True,False,False,False,True,True,True,True,True,True,False,2026-11-12,False,True,4,"below 200-MA, large gap","near21, RVOL",3,https://www.tradingview.com/chart/?symbol=NYSE:SOC&interval=D,False,False,False
GRML,Greenland Mines Ltd,NASDAQ,Miscellaneous Commercial Services,5.88,8.99,7.9,6.8,7.88,10.79,14.05,14.61,7.77,7.93,6.11,5.57,46.2,34.44,2.03,6537764.3,16494317.566666666,96986587.0,112177854.0,0.17,-0.34,78481133.5780446,24.31,21,-52.77,398,-72.65,407,-33.7,-0.74,-25.53,0.75,0.27,15.3,2.055,114.38,False,False,False,False,False,True,True,True,False,True,False,True,False,False,False,False,,False,False,4,"thin RVOL, below 200-MA","near21, ADR",5,https://www.tradingview.com/chart/?symbol=NASDAQ:GRML&interval=D,True,False,False
FICO,Fair Isaac Corporation,NYSE,Financial Publishing/Services,707.43,701.16,823.34,901.87,979.37,1099.72,1095.23,1197.24,723.36,807.28,712.99,679.67,5.82,7.44,52.62,1788935.9,880141.7666666667,622638690.0,793776096.0,0.89,0.33,15278815555.872465,-23.15,359,-45.16,388,-33.77,352,-34.03,-3.73,-14.08,1.66,0.63,52.8,0.678,70.12,False,False,False,False,False,False,True,False,False,False,False,True,False,True,False,False,2026-11-11,False,False,5,below 200-MA,,3,https://www.tradingview.com/chart/?symbol=NYSE:FICO&interval=D,False,False,False
QNT,Quantinuum Inc.,NASDAQ,Computer Processing Hardware,41.52,46.5,48.6,48.93,52.56,,,,45.95,48.03,43.44,41.2,6.15,7.1,2.95,1978945.3,1874181.9,77816032.0,91711217.0,1.32,-2.44,10932554318.518318,-20.22,337,-43.41,385,-38.94,366,-34.19,-2.96,-14.56,1.91,0.76,10.9,0.242,14.58,False,False,False,False,False,False,True,False,False,False,False,True,False,True,True,False,2026-11-12,False,True,4,"below 200-MA, large gap",RVOL,3,https://www.tradingview.com/chart/?symbol=NASDAQ:QNT&interval=D,False,False,False
HUBG,"Hub Group, Inc.",NASDAQ,Air Freight/Couriers,26.43,28.99,30.95,33.09,36.94,41.04,40.35,41.45,28.82,31.08,26.86,26.19,4.62,5.51,1.46,1525438.0,1372244.7,36268427.0,45408035.0,1.86,-0.13,1616287200.8893955,-28.32,385,-43.65,386,-31.93,347,-34.63,-5.16,-14.62,2.71,0.46,16.5,0.326,47.13,False,False,False,False,False,False,True,True,False,True,False,True,True,True,True,False,2026-10-22,False,False,5,below 200-MA,"ADR, RVOL",4,https://www.tradingview.com/chart/?symbol=NASDAQ:HUBG&interval=D,False,False,False
BRBR,"BellRing Brands, Inc.",NYSE,Beverages: Non-Alcoholic,7.99,7.71,8.29,8.93,9.91,10.36,12.01,14.68,7.89,8.39,8.01,7.67,5.24,5.57,0.45,4752092.5,3674368.0,29358200.0,32812106.0,0.97,1.03,929062801.5469756,-22.88,355,-35.46,364,-48.02,384,-35.45,-3.47,-3.64,0.85,0.76,71.9,0.325,87.21,False,False,False,False,False,True,True,False,False,True,False,False,False,False,False,False,2026-11-23,False,False,3,"LoD>60% ATR, thin RVOL, below 200-MA",near21,3,https://www.tradingview.com/chart/?symbol=NYSE:BRBR&interval=D,False,False,False
UUUU,Energy Fuels Inc,AMEX,Other Metals/Minerals,9.94,10.81,11.4,12.44,13.07,13.92,15.85,17.05,10.84,11.55,10.18,9.72,4.42,6.42,0.64,8133154.8,7208793.966666667,71655412.0,89708635.0,1.5,-2.14,2631400897.631579,-31.87,396,-29.5,340,-46.27,381,-35.88,-3.73,-12.82,2.17,0.72,34.5,0.255,62.8,False,False,False,False,False,False,True,False,False,False,False,True,True,True,True,False,2026-10-30,False,True,4,"below 200-MA, large gap",RVOL,3,https://www.tradingview.com/chart/?symbol=AMEX:UUUU&interval=D,False,False,False
FUN,Six Flags Entertainment Corporation,NYSE,Movies/Entertainment,11.41,11.52,12.04,13.07,14.53,17.51,17.77,17.48,11.73,12.39,11.7,11.12,5.79,6.36,0.73,3312292.0,2514585.1333333333,28691416.0,32854731.0,1.16,-1.55,1167429162.538263,-26.91,378,-38.98,375,-42.08,374,-35.99,-3.37,-5.23,1.24,0.8,40.0,0.227,54.79,False,False,False,False,False,True,True,False,False,True,False,True,False,False,False,False,2026-11-05,False,False,4,"thin RVOL, below 200-MA",near21,4,https://www.tradingview.com/chart/?symbol=NYSE:FUN&interval=D,False,False,False
UTI,Universal Technical Institute Inc,NYSE,Miscellaneous Commercial Services,20.31,19.35,20.0,20.44,23.83,32.58,33.98,32.77,19.73,20.4,20.38,19.67,4.75,5.63,1.14,1668924.0,1787829.5666666667,36310818.0,36543832.0,0.89,-0.45,1118984088.9306183,-8.35,210,-58.37,403,-42.3,376,-36.34,-2.62,1.52,0.08,0.62,55.9,0.166,72.02,False,False,False,False,True,True,True,True,False,True,False,True,False,False,False,False,2026-11-25,False,False,4,"thin RVOL, below 200-MA","near21, ADR",6,https://www.tradingview.com/chart/?symbol=NYSE:UTI&interval=D,False,False,False
LCID,"Lucid Group, Inc.",NASDAQ,Motor Vehicles,3.82,4.05,4.12,4.3,5.15,5.55,6.45,7.5,4.05,4.24,3.87,3.72,5.61,7.25,0.28,9371878.99999998,11337935.266666686,43310913.0,48707770.0,1.39,-0.51,1505348167.9280205,-18.2,317,-36.01,368,-56.64,396,-36.95,-3.56,-7.18,1.36,0.54,36.1,0.124,90.4,False,False,False,False,False,True,True,True,False,True,False,True,False,False,True,False,2026-11-09,False,False,4,"thin RVOL, below 200-MA","near21, ADR, RVOL",5,https://www.tradingview.com/chart/?symbol=NASDAQ:LCID&interval=D,False,False,False
CELC,Celcuity Inc.,NASDAQ,Medical Specialties,67.87,74.18,78.35,82.89,86.22,94.27,102.75,103.82,73.27,77.98,69.08,63.22,7.43,7.4,5.02,1659155.1,1129769.4,76677449.0,93646209.0,1.7,-1.59,3321008511.1070237,-27.5,381,-40.2,377,-45.7,380,-37.8,-2.88,-13.38,1.75,1.17,92.5,0.28,43.67,False,False,False,False,False,False,False,False,False,False,True,False,True,True,True,False,2026-11-18,False,False,4,"LoD>60% ATR, below 200-MA",RVOL,1,https://www.tradingview.com/chart/?symbol=NASDAQ:CELC&interval=D,False,False,False
CAR,"Avis Budget Group, Inc.",NASDAQ,Finance/Rental/Leasing,110.0,108.49,111.4,120.07,128.63,147.9,168.44,155.64,110.04,114.42,110.31,106.81,5.06,5.15,5.66,401546.2,435542.43333333335,47909668.0,52294709.0,0.82,-1.27,3885832791.4171658,-20.43,339,-31.05,347,-62.58,400,-38.02,-2.81,-1.25,0.75,0.62,56.4,0.193,54.5,False,False,False,False,True,True,True,True,False,True,False,True,False,False,False,False,2026-11-02,False,False,4,"thin RVOL, below 200-MA","near21, ADR",6,https://www.tradingview.com/chart/?symbol=NASDAQ:CAR&interval=D,False,False,False
RCAT,"Red Cat Holdings, Inc.",NASDAQ,Packaged Software,5.91,6.35,6.77,7.34,8.16,9.16,10.4,10.92,6.38,6.86,6.14,5.83,4.62,6.62,0.39,6148694.4,7835398.466666667,46307205.0,57520966.0,1.01,-1.14,902541855.1073171,-30.1,389,-35.76,366,-51.04,391,-38.97,-4.16,-12.76,2.09,0.78,20.4,0.332,77.29,False,False,False,False,False,False,True,False,False,False,False,True,False,False,False,False,2026-11-12,False,False,4,"thin RVOL, below 200-MA",,3,https://www.tradingview.com/chart/?symbol=NASDAQ:RCAT&interval=D,False,False,False
KRMN,Karman Holdings Inc.,NYSE,Aerospace & Defense,31.69,33.01,34.11,36.26,44.02,47.92,59.65,68.08,32.99,35.17,32.04,30.87,6.48,7.36,2.33,3103565.0,3764911.066666667,119310032.0,136531990.0,0.8,-0.35,4199993082.2233205,-23.01,357,-37.27,370,-62.66,401,-40.98,-3.8,-7.09,1.35,0.5,35.1,0.195,110.68,False,False,False,False,False,True,True,True,False,True,False,True,False,False,False,False,2026-11-05,False,False,4,"thin RVOL, below 200-MA","near21, ADR",5,https://www.tradingview.com/chart/?symbol=NYSE:KRMN&interval=D,False,False,False
XENE,Xenon Pharmaceuticals Inc.,NASDAQ,Pharmaceuticals: Major,36.16,37.18,42.57,48.37,54.18,56.5,56.45,52.96,38.14,42.67,36.41,35.06,4.51,5.86,2.12,2449244.2,2165210.466666667,78294010.0,104739891.0,0.9,-0.77,3501749978.2960725,-38.66,403,-48.76,392,-38.14,363,-41.85,-5.67,-15.06,2.6,0.64,51.9,0.813,53.43,False,False,False,False,False,False,True,False,False,False,False,True,False,False,False,False,2026-11-11,False,False,4,"thin RVOL, below 200-MA",,3,https://www.tradingview.com/chart/?symbol=NASDAQ:XENE&interval=D,False,False,False
EOSE,"Eos Energy Enterprises, Inc.",NASDAQ,Electrical Products,2.76,3.12,3.49,3.54,3.66,4.85,5.32,7.19,3.18,3.37,3.07,2.71,8.08,9.87,0.27,26135227.6,27034563.766666666,74750569.0,95697850.0,1.45,-1.87,1006923811.8032259,-30.7,392,-40.02,376,-55.33,395,-42.02,-2.47,-20.8,1.83,1.3,18.7,0.488,147.19,False,False,False,False,False,False,False,False,False,False,True,True,False,False,True,False,2026-11-11,False,False,4,"thin RVOL, below 200-MA",RVOL,2,https://www.tradingview.com/chart/?symbol=NASDAQ:EOSE&interval=D,False,False,False
FLNC,"Fluence Energy, Inc.",NASDAQ,Electrical Products,7.45,7.68,7.96,8.82,10.41,14.91,15.05,16.7,7.74,8.3,7.61,7.12,5.03,7.78,0.58,6191166.4,7643866.7,56946807.0,67444384.0,0.99,-1.69,1375242974.0808344,-30.11,390,-55.73,399,-45.46,379,-43.77,-3.66,-6.41,1.31,0.84,56.0,0.384,121.01,False,False,False,False,False,True,True,False,False,True,False,True,False,False,False,False,2026-11-30,False,False,4,"thin RVOL, below 200-MA",near21,4,https://www.tradingview.com/chart/?symbol=NASDAQ:FLNC&interval=D,False,False,False
OPEN,Opendoor Technologies Inc,NASDAQ,Real Estate Development,2.29,2.37,2.51,2.71,3.07,3.81,4.2,4.56,2.38,2.56,2.31,2.21,5.35,6.36,0.15,29803101.6,30447120.966666665,69723907.0,82572592.0,0.98,-0.88,2223798519.1277533,-26.84,377,-57.59,401,-47.6,382,-44.01,-3.99,-8.78,1.66,0.65,54.9,0.265,95.37,False,False,False,False,False,False,True,False,False,False,False,True,False,False,False,False,2026-11-05,False,False,4,"thin RVOL, below 200-MA",,3,https://www.tradingview.com/chart/?symbol=NASDAQ:OPEN&interval=D,False,False,False
AVBP,"ArriVent BioPharma, Inc.",NASDAQ,Pharmaceuticals: Other,16.71,25.19,27.14,28.18,29.02,30.07,28.94,27.27,23.32,26.08,16.91,15.78,11.24,14.9,2.49,3099924.5,1407997.3,23527635.0,39680180.0,0.73,-1.6,823932165.6287744,-45.34,406,-50.34,394,-39.28,371,-44.99,-2.85,-38.43,2.41,0.45,37.4,0.686,29.19,False,False,False,False,False,False,True,True,False,True,False,True,False,False,False,False,2026-11-18,False,False,4,"thin RVOL, below 200-MA",ADR,4,https://www.tradingview.com/chart/?symbol=NASDAQ:AVBP&interval=D,False,False,False
NKTR,Nektar Therapeutics,NASDAQ,Pharmaceuticals: Major,40.8,49.1,57.18,62.55,67.07,66.37,70.51,65.3,47.69,55.03,41.14,39.01,10.59,9.3,3.8,2348054.8999999994,1542376.9666666663,62928980.0,96475936.0,0.71,-0.92,1393034093.9493294,-44.94,405,-44.13,387,-47.93,383,-45.67,-4.21,-28.65,2.78,0.56,47.2,0.735,52.47,False,False,False,False,False,False,True,True,False,True,False,True,False,False,False,False,2026-11-05,False,False,4,"thin RVOL, below 200-MA",ADR,4,https://www.tradingview.com/chart/?symbol=NASDAQ:NKTR&interval=D,False,False,False
FRVO,Fervo Energy Company,NASDAQ,Alternative Power Generation,13.8,14.11,15.11,15.77,17.55,24.54,,,14.35,15.19,14.26,13.41,8.67,9.66,1.33,9146136.8,8281745.2,114288084.0,130612784.0,0.62,-1.79,4067732171.8539734,-25.89,374,-49.54,393,-61.67,399,-45.7,-2.21,-8.64,0.95,0.64,29.3,0.309,75.55,False,False,False,False,False,True,True,True,False,True,False,True,False,False,False,False,2026-12-02,False,False,4,"thin RVOL, below 200-MA","near21, ADR",5,https://www.tradingview.com/chart/?symbol=NASDAQ:FRVO&interval=D,False,False,False
BW,"Babcock & Wilcox Enterprises, Inc.",NYSE,Electronic Equipment/Instruments,5.5,5.78,6.44,6.72,7.67,11.1,12.66,11.64,5.89,6.38,5.62,5.34,6.73,8.87,0.49,5808756.9,5084074.033333333,27962407.0,34161588.0,1.34,-2.13,819307796.4539007,-25.17,371,-51.5,396,-69.81,404,-48.83,-3.19,-14.57,1.56,0.57,31.8,0.462,125.08,False,False,False,False,False,False,True,False,False,False,False,True,False,False,True,False,2026-11-11,False,True,3,"thin RVOL, below 200-MA, large gap",RVOL,3,https://www.tradingview.com/chart/?symbol=NYSE:BW&interval=D,False,False,False
CAPR,"Capricor Therapeutics, Inc.",NASDAQ,Pharmaceuticals: Major,8.01,8.46,8.65,8.9,7.57,16.05,21.34,22.43,8.36,8.57,8.17,7.8,8.37,10.5,0.84,4908609.0,4152433.2333333334,33260990.0,36962192.0,0.52,-2.59,465693319.7888889,-12.46,257,-64.53,406,-74.6,408,-50.53,0.55,-7.35,0.62,0.44,25.0,0.223,185.49,False,False,False,False,False,True,True,True,False,True,False,True,False,False,False,False,2026-11-17,False,True,3,"thin RVOL, below 200-MA, large gap","near21, ADR",5,https://www.tradingview.com/chart/?symbol=NASDAQ:CAPR&interval=D,False,False,False
ALHC,"Alignment Healthcare, Inc.",NASDAQ,Managed Health Care,8.71,8.2,8.78,10.32,11.74,15.59,16.75,17.78,8.45,9.25,8.77,8.37,5.65,7.4,0.64,10325118.4,10454517.566666666,91058848.0,107906303.0,1.02,0.0,1806760197.7578948,-35.24,401,-58.06,402,-59.28,398,-50.86,-3.49,-0.77,0.79,0.62,52.7,0.659,109.98,False,False,False,False,True,True,True,False,False,True,False,True,False,False,False,False,2026-10-29,False,False,4,"thin RVOL, below 200-MA",near21,5,https://www.tradingview.com/chart/?symbol=NASDAQ:ALHC&interval=D,False,False,False
LQDA,Liquidia Corporation,NASDAQ,Pharmaceuticals: Major,28.02,40.79,54.15,58.91,67.25,69.71,59.74,54.05,37.88,49.27,29.35,26.34,22.41,19.07,5.34,8195862.5,3524762.3666666667,98763842.0,207638464.0,0.68,-1.27,2508039077.635682,-58.79,408,-65.23,407,-30.61,346,-51.54,-3.06,-48.25,2.26,0.56,31.4,1.431,103.22,False,False,False,False,False,False,True,True,False,True,False,True,False,False,False,False,2026-11-10,False,False,4,"thin RVOL, below 200-MA",ADR,4,https://www.tradingview.com/chart/?symbol=NASDAQ:LQDA&interval=D,False,False,False
XNDU,Xanadu Quantum Technologies Limited,NASDAQ,Computer Processing Hardware,4.12,4.61,5.83,7.18,8.63,10.58,12.24,11.87,4.84,5.91,4.51,4.0,9.83,12.87,0.53,8544613.8,6152216.033333333,25347130.0,44203672.0,0.99,0.0,1261901813.2828507,-58.68,407,-63.6,405,-48.37,386,-56.88,-4.06,-29.37,2.36,0.96,22.6,1.017,185.36,False,False,False,False,False,False,True,False,False,False,False,True,False,False,False,False,2026-12-02,False,False,4,"thin RVOL, below 200-MA",,3,https://www.tradingview.com/chart/?symbol=NASDAQ:XNDU&interval=D,False,False,False
ALMS,Alumis Inc.,NASDAQ,Pharmaceuticals: Major,6.97,7.05,7.58,9.72,16.09,20.38,21.73,22.04,7.2,8.82,7.02,6.61,5.74,10.91,0.76,2243753.2,4130553.066666667,28789955.0,40140715.0,1.29,-1.62,930461190.8670605,-36.92,402,-76.95,408,-69.75,403,-61.21,-5.2,-8.04,1.92,0.54,47.3,0.37,215.12,False,False,False,False,False,False,True,False,False,False,False,True,False,False,True,False,2026-11-12,False,False,4,"thin RVOL, below 200-MA",RVOL,3,https://www.tradingview.com/chart/?symbol=NASDAQ:ALMS&interval=D,False,False,False
CTVA,"Corteva, Inc.",NYSE,Agricultural Commodities/Milling,13.75,39.08,60.15,68.77,72.82,77.33,78.59,77.1,33.19,51.36,14.47,13.61,12.56,36.54,5.02,48724983.1,19533883.766666666,268590902.0,1343436345.0,0.77,-1.73,9175374710.726645,-84.42,409,-83.63,409,-83.56,409,-83.87,-2.22,-77.14,2.0,0.17,2.8,2.049,287.35,False,False,False,False,False,False,True,True,False,True,False,True,False,False,False,False,2026-11-11,False,False,4,"thin RVOL, below 200-MA",ADR,4,https://www.tradingview.com/chart/?symbol=NYSE:CTVA&interval=D,False,False,False
