name,description,exchange,industry,close,SMA10,SMA20,SMA30,SMA50,SMA100,SMA150,SMA200,EMA10,EMA21,high,low,ADRP,ATRP,atr_abs,average_volume_10d_calc,average_volume_30d_calc,dollar_volume_30d,average_dollar_volume_30d,rvol,gap_pct,market_cap_basic,Perf.1M,perf_1m_rank,Perf.3M,perf_3m_rank,Perf.6M,perf_6m_rank,momentum_score,atr_extension_from_50d,sma20_distance_pct,ema21_atr_dist,day_range_atr,lod_atr_pct,bb_width,ma_spread_pct,above_all_mas,ma_aligned,ema_aligned,above_sma200,near_sma20,near_ema,range_tight,adr_tight,bb_tight,plan_tight,wide_day,lod_ok,rvol_ok,rvol_pass,rvol_expand,ma_coiled,earnings_date,earnings_soon,large_gap,hard_rule_passes,hard_rule_fails,tightness_flags,focus_score,tradingview_url,is_top_1m,is_top_3m,is_top_6m
CYPH,Cypherpunk Technologies Inc.,NASDAQ,Financial Conglomerates,3.33,3.55,2.93,2.48,1.75,1.3,1.13,1.08,3.35,2.92,3.69,3.31,15.52,14.05,0.47,22508947.6,17427281.966666665,58032849.0,43219659.0,0.69,8.36,358855392.2043344,91.93,6,363.14,1,352.51,3,269.19,6.4,13.58,1.0,0.81,4.3,0.933,74.04,False,False,False,True,False,True,True,True,False,True,False,True,False,False,False,False,2026-11-16,False,True,3,">4x 50-MA, thin RVOL, large gap","near21, ADR",6,https://www.tradingview.com/chart/?symbol=NASDAQ:CYPH&interval=D,True,True,True
QMCO,Quantum Corporation,NASDAQ,Computer Peripherals,31.72,28.49,26.1,24.93,20.93,16.05,12.75,11.25,29.15,26.62,33.18,31.4,8.0,7.74,2.46,2356132.7,1473849.1,46750493.0,36745269.0,0.56,-0.09,1250085218.3408399,44.38,13,186.54,3,559.46,1,263.46,6.66,21.55,2.47,0.73,13.0,0.5,54.34,True,True,True,True,False,False,True,True,False,True,False,True,False,False,False,False,2026-11-13,False,False,4,">4x 50-MA, thin RVOL","EMA, ADR",8,https://www.tradingview.com/chart/?symbol=NASDAQ:QMCO&interval=D,True,True,True
USDE,StablecoinX Inc.,NASDAQ,Packaged Software,16.08,13.53,10.4,9.1,6.29,6.87,8.64,9.76,13.66,11.15,18.11,16.0,11.0,11.64,1.87,7519535.3,9233571.766666668,148475834.0,84005497.0,0.74,4.7,437169026.67885107,137.87,2,314.43,2,60.8,110,171.03,13.35,54.57,3.79,1.13,4.3,1.429,45.02,True,True,True,True,False,False,False,False,False,False,True,True,False,False,False,False,,False,True,3,">4x 50-MA, thin RVOL, large gap",EMA,6,https://www.tradingview.com/chart/?symbol=NASDAQ:USDE&interval=D,True,True,False
MXL,"MaxLinear, Inc",NASDAQ,Semiconductors,90.31,86.6,76.58,72.16,72.25,81.53,64.29,52.8,85.94,79.93,94.87,88.25,6.82,7.22,6.52,3425138.3,2647653.7,239109606.0,191051161.0,0.58,0.09,8190501545.921268,46.04,12,-20.35,284,432.17,2,152.62,3.47,17.93,1.8,1.02,31.6,0.585,37.43,True,True,True,True,False,False,False,False,False,False,True,True,False,False,False,False,2026-10-28,False,False,5,thin RVOL,EMA,6,https://www.tradingview.com/chart/?symbol=NASDAQ:MXL&interval=D,True,False,True
CDNA,"CareDx, Inc.",NASDAQ,Medical Specialties,65.0,59.19,55.07,53.13,49.09,37.37,31.16,28.29,60.15,56.21,65.63,63.12,4.41,4.36,2.83,1533106.8,1275321.9,82895924.0,67763379.0,1.23,-0.23,3362724280.3030305,32.22,20,117.97,6,274.42,6,141.54,7.43,18.03,3.59,0.89,66.5,0.39,47.53,True,True,True,True,False,False,True,False,False,False,False,False,False,False,True,False,2026-11-10,False,False,3,"LoD>60% ATR, >4x 50-MA, thin RVOL","EMA, RVOL",6,https://www.tradingview.com/chart/?symbol=NASDAQ:CDNA&interval=D,True,True,True
GLND,Greenland Energy Company,NASDAQ,Financial Conglomerates,5.13,3.6,2.43,2.09,2.02,2.33,4.13,5.7,3.88,2.96,5.45,4.5,14.14,13.71,0.7,67816193.7,22998367.4,117981625.0,48170081.0,0.33,-3.58,224335895.76,266.43,1,144.29,4,-41.37,411,123.11,11.24,111.5,5.34,1.35,89.6,2.67,71.66,False,True,True,False,False,False,False,False,False,False,True,False,False,False,False,False,2026-12-02,False,True,1,"LoD>60% ATR, >4x 50-MA, thin RVOL, below 200-MA, large gap",EMA,3,https://www.tradingview.com/chart/?symbol=NASDAQ:GLND&interval=D,True,True,False
ASST,"Strive, Inc.",NASDAQ,Financial Conglomerates,29.41,29.41,28.24,25.65,20.28,17.47,15.56,15.39,29.0,27.18,30.54,28.96,5.97,6.19,1.82,8595262.900000002,10208152.2,300221756.0,261866326.0,0.51,3.86,2870332017.44217,30.48,22,129.23,5,206.35,11,122.02,7.28,4.14,1.33,0.87,24.7,0.208,47.7,False,False,True,True,False,True,True,False,False,True,False,True,False,False,False,False,2026-11-13,False,True,3,">4x 50-MA, thin RVOL, large gap","EMA, near21",6,https://www.tradingview.com/chart/?symbol=NASDAQ:ASST&interval=D,True,True,True
GRAL,"GRAIL, Inc.",NASDAQ,Medical Specialties,140.12,111.37,94.84,89.33,81.42,73.46,65.94,73.15,117.07,101.79,151.46,136.0,6.35,6.1,8.55,2163390.5,1182962.5,165756706.0,105669308.0,0.91,1.24,6258632912.888923,77.37,7,103.1,8,177.08,16,119.18,11.81,47.74,6.17,1.81,48.2,0.994,32.43,True,True,True,True,False,False,False,False,False,False,True,True,False,False,False,False,2026-11-18,False,False,4,">4x 50-MA, thin RVOL",EMA,6,https://www.tradingview.com/chart/?symbol=NASDAQ:GRAL&interval=D,True,True,True
SDGR,"Schrodinger, Inc.",NASDAQ,Packaged Software,31.05,29.86,25.26,23.44,20.7,17.76,15.88,15.84,28.79,26.12,32.45,30.18,7.4,5.78,1.79,3408771.4,1963508.5666666667,60966941.0,46017441.0,1.18,0.73,2322714704.109792,58.58,8,86.71,10,176.49,17,107.26,8.66,22.9,3.27,1.27,48.5,0.755,45.15,True,True,True,True,False,False,False,False,False,False,True,True,False,False,False,False,2026-11-11,False,False,4,">4x 50-MA, thin RVOL",EMA,6,https://www.tradingview.com/chart/?symbol=NASDAQ:SDGR&interval=D,True,True,True
BLZE,"Backblaze, Inc.",NASDAQ,Computer Peripherals,13.99,13.65,13.36,13.97,14.91,12.77,9.86,8.54,13.6,13.82,14.38,13.45,5.3,6.51,0.91,1869770.6,2302249.8666666667,32208476.0,32170872.0,1.08,1.79,865981029.2765322,-3.35,199,-12.92,232,303.17,4,95.63,-0.95,4.7,0.19,1.02,59.3,0.149,45.5,False,False,False,True,False,True,False,False,False,True,True,True,False,False,False,False,2026-11-11,False,False,5,thin RVOL,near21,4,https://www.tradingview.com/chart/?symbol=NASDAQ:BLZE&interval=D,False,False,True
APPS,"Digital Turbine, Inc.",NASDAQ,Packaged Software,11.1,11.34,11.23,11.1,10.98,9.74,7.66,6.96,11.31,11.26,11.94,10.89,7.32,7.67,0.85,3330130.1,2802289.033333333,31105408.0,31119420.0,1.74,0.39,1343280434.8132246,1.83,149,-16.79,255,288.11,5,91.05,0.14,-1.18,0.19,1.23,24.7,0.195,39.42,False,False,False,True,True,True,False,False,False,True,True,True,True,True,True,False,2026-11-11,False,False,6,,"near21, RVOL",5,https://www.tradingview.com/chart/?symbol=NASDAQ:APPS&interval=D,False,False,True
TEAM,Atlassian Corporation,NASDAQ,Packaged Software,179.29,187.81,186.75,183.99,159.37,124.32,107.19,112.07,184.6,182.42,183.8,175.5,4.58,5.16,9.24,3422003.4,3636913.466666667,652062215.0,669138130.0,0.72,0.25,45385260813.58206,-4.84,215,116.59,7,157.56,29,89.77,2.42,-4.0,0.33,0.9,41.0,0.144,44.97,False,False,False,True,False,True,True,False,False,True,False,True,False,True,False,False,2026-10-29,False,False,6,,near21,5,https://www.tradingview.com/chart/?symbol=NASDAQ:TEAM&interval=D,False,True,False
DELL,Dell Technologies Inc.,NYSE,Computer Processing Hardware,537.95,555.04,543.36,511.32,484.49,428.1,344.78,288.93,545.57,532.56,553.48,537.67,4.88,5.41,29.09,8106155.799999999,9167726.866666667,4931778668.0,4687666549.0,0.55,1.28,342035490738.30914,16.98,50,29.29,69,222.15,9,89.47,2.04,-1.0,0.19,0.54,1.0,0.169,49.47,False,False,False,True,True,True,True,True,False,True,False,True,False,True,False,False,2026-12-01,False,False,6,,"near21, ADR",7,https://www.tradingview.com/chart/?symbol=NYSE:DELL&interval=D,False,False,True
LIFE,Ethos Technologies Inc.,NASDAQ,Packaged Software,33.57,35.03,37.18,36.93,32.81,25.98,22.06,,35.11,35.67,34.43,33.15,8.25,7.87,2.64,1760848.9,1543159.4666666666,51803863.0,56992994.0,0.5,0.18,2140383013.189365,-13.12,298,72.07,17,207.7,10,88.88,0.29,-9.72,0.75,0.48,15.9,0.269,45.05,False,False,False,False,False,True,True,True,False,True,False,True,False,False,False,False,2026-12-02,False,False,4,"thin RVOL, below 200-MA","near21, ADR",5,https://www.tradingview.com/chart/?symbol=NASDAQ:LIFE&interval=D,False,True,True
GPRO,"GoPro, Inc.",NASDAQ,Electronics/Appliances,1.29,1.3,1.37,1.15,0.96,0.93,0.95,1.03,1.3,1.24,1.35,1.28,6.5,9.9,0.13,13382706.4,65371711.13333333,84329507.0,74940822.0,0.59,0.38,241414131.19245282,111.48,5,74.32,14,78.53,81,88.11,3.45,-5.82,0.41,0.55,7.8,0.349,34.25,False,False,False,True,False,True,True,False,False,True,False,True,False,False,False,False,2026-11-05,False,False,5,thin RVOL,near21,5,https://www.tradingview.com/chart/?symbol=NASDAQ:GPRO&interval=D,True,True,False
AMC,"AMC Entertainment Holdings, Inc.",NYSE,Movies/Entertainment,3.0,2.94,2.74,2.69,2.63,2.27,1.94,1.84,2.94,2.8,3.15,2.99,6.48,6.79,0.2,38012923.50000004,26883735.73333334,80651207.0,72335172.0,0.56,1.3,2677813776.6233764,15.38,55,54.64,23,194.12,13,88.05,2.05,9.61,1.03,0.79,4.9,0.349,36.64,True,True,True,True,False,True,True,False,False,True,False,True,False,False,False,False,2026-11-11,False,False,5,thin RVOL,"EMA, near21",8,https://www.tradingview.com/chart/?symbol=NYSE:AMC&interval=D,False,False,True
BAND,Bandwidth Inc.,NASDAQ,Packaged Software,60.71,58.02,53.38,51.85,51.26,56.42,44.71,37.07,58.48,55.41,64.39,60.09,7.51,7.17,4.36,1000096.5,887913.9,53905253.0,46037892.0,1.08,0.0,1953695555.0240846,25.72,28,-5.91,191,242.61,8,87.47,2.57,13.74,1.33,0.99,14.2,0.461,34.51,True,True,True,True,False,True,True,False,False,True,False,True,False,False,False,False,2026-10-29,False,False,5,thin RVOL,"EMA, near21",8,https://www.tradingview.com/chart/?symbol=NASDAQ:BAND&interval=D,False,False,True
ALAB,"Astera Labs, Inc.",NASDAQ,Semiconductors,355.97,345.17,313.15,304.95,307.68,325.48,265.97,239.01,342.6,325.49,363.0,343.38,5.43,6.36,22.65,4268552.8,3694107.033333333,1314991281.0,1126506857.0,0.76,0.52,61755493057.43867,21.72,34,-17.8,264,250.09,7,84.67,2.47,13.67,1.47,0.87,55.6,0.49,29.82,True,True,True,True,False,True,True,False,False,True,False,True,False,True,False,False,2026-11-10,False,False,6,,"EMA, near21",8,https://www.tradingview.com/chart/?symbol=NASDAQ:ALAB&interval=D,False,False,True
OKTA,"Okta, Inc.",NASDAQ,Packaged Software,209.11,198.37,186.54,173.87,161.73,140.2,118.82,110.91,198.32,187.05,212.39,204.93,4.93,4.69,9.81,4294930.8,4335112.533333333,906515382.0,753725063.0,0.76,0.64,36556769001.326584,26.86,27,49.01,28,167.11,24,81.0,6.25,12.1,2.51,0.76,42.6,0.316,41.83,True,True,True,True,False,False,True,True,False,True,False,True,False,True,False,False,2026-12-08,False,False,5,>4x 50-MA,"EMA, ADR",8,https://www.tradingview.com/chart/?symbol=NASDAQ:OKTA&interval=D,False,False,False
HPE,Hewlett Packard Enterprise Company,NYSE,Computer Processing Hardware,63.89,62.14,58.99,57.01,54.96,49.27,41.08,36.47,61.64,59.48,67.1,63.59,5.06,5.57,3.56,20169564.0,23578430.76666669,1506425942.0,1344174900.0,1.7,6.94,84811723382.98846,20.34,38,46.87,35,170.95,21,79.39,2.92,8.3,1.33,0.99,8.4,0.259,40.17,True,True,True,True,False,True,True,False,False,True,False,True,True,True,True,False,2026-12-03,False,True,5,large gap,"EMA, near21, RVOL",8,https://www.tradingview.com/chart/?symbol=NYSE:HPE&interval=D,False,False,True
P,"Everpure, Inc.",NYSE,Computer Peripherals,130.78,118.04,107.47,105.71,99.56,88.09,80.47,77.95,119.76,111.75,133.32,129.84,4.57,5.02,6.57,12388528.7,6248580.166666667,817189314.0,660562404.0,0.26,0.84,43579462661.72503,38.29,16,68.92,18,121.66,48,76.29,6.25,21.69,3.39,0.53,14.3,0.482,30.66,True,True,True,True,False,False,True,True,False,True,False,True,False,True,False,False,2026-12-02,False,False,5,>4x 50-MA,"EMA, ADR",8,https://www.tradingview.com/chart/?symbol=NYSE:P&interval=D,True,True,False
CRWD,"CrowdStrike Holdings, Inc.",NASDAQ,Packaged Software,264.75,254.38,236.4,225.65,216.51,195.7,165.7,152.1,253.35,240.74,268.95,261.58,4.6,4.49,11.89,10822189.5,11674974.566666666,3090949517.0,2634465794.0,0.79,0.58,271086732050.55377,19.35,42,38.43,50,170.72,23,76.16,4.96,11.99,2.22,0.62,26.7,0.364,38.63,True,True,True,True,False,False,True,True,False,True,False,True,False,True,False,False,2026-12-01,False,False,5,>4x 50-MA,"EMA, ADR",8,https://www.tradingview.com/chart/?symbol=NASDAQ:CRWD&interval=D,False,False,False
AEHR,Aehr Test Systems,NASDAQ,Electronic Production Equipment,99.62,97.96,92.32,92.41,95.65,94.81,82.94,68.81,97.58,95.52,103.98,98.0,7.18,8.82,8.79,2184437.7,2568891.466666667,255912968.0,237399823.0,0.63,0.37,3253543923.21413,22.53,33,18.15,96,174.97,18,71.88,0.47,7.9,0.49,0.68,18.4,0.332,29.26,True,True,True,True,False,True,True,False,False,True,False,True,False,False,False,False,2026-10-06,False,False,5,thin RVOL,"EMA, near21",8,https://www.tradingview.com/chart/?symbol=NASDAQ:AEHR&interval=D,False,False,True
CORT,Corcept Therapeutics Incorporated,NASDAQ,Pharmaceuticals: Major,115.23,114.96,113.81,115.42,112.14,94.4,76.46,69.65,114.97,114.34,118.07,113.98,4.95,4.62,5.33,2589871.6,1453501.0333333334,167486924.0,167768177.0,0.35,0.05,12456177974.202806,1.4,155,27.61,74,181.39,14,70.13,0.6,1.25,0.17,0.77,23.5,0.079,39.32,True,True,True,True,True,True,True,True,True,True,False,True,False,True,False,False,2026-11-04,False,False,6,,"EMA, near21, ADR, BB",11,https://www.tradingview.com/chart/?symbol=NASDAQ:CORT&interval=D,False,False,True
PLSE,"Pulse Biosciences, Inc",NASDAQ,Medical Specialties,49.92,51.9,52.4,51.27,46.21,36.11,31.01,27.38,51.6,51.05,51.27,49.17,7.25,7.12,3.55,557182.8,603760.7333333333,30139736.0,30954209.0,1.01,0.57,3629310249.8282566,3.96,132,73.15,16,123.96,46,67.02,1.13,-4.73,0.31,0.59,21.1,0.131,50.12,False,False,False,True,False,True,True,True,False,True,False,True,False,False,False,False,2026-11-16,False,False,5,thin RVOL,"near21, ADR",6,https://www.tradingview.com/chart/?symbol=NASDAQ:PLSE&interval=D,False,True,False
RBRK,"Rubrik, Inc.",NYSE,Information Technology Services,114.47,112.06,102.92,100.8,94.43,84.15,73.56,71.49,110.76,105.55,116.75,114.42,4.9,4.78,5.47,3114229.7,3544714.566666667,405763476.0,357315499.0,0.75,-0.11,23730137605.302,23.31,31,40.64,46,133.28,38,65.74,4.44,11.23,1.77,0.43,1.0,0.405,35.44,True,True,True,True,False,False,True,True,False,True,False,True,False,True,False,False,2026-12-03,False,False,5,>4x 50-MA,"EMA, ADR",8,https://www.tradingview.com/chart/?symbol=NYSE:RBRK&interval=D,False,False,False
ILMN,"Illumina, Inc.",NASDAQ,Medical Specialties,273.68,258.79,236.21,229.97,215.87,191.39,170.06,161.36,258.68,242.71,280.17,270.3,4.62,4.19,11.48,6105975.1,3418026.7666666666,935445566.0,786033361.0,0.48,0.26,41325680000.0,28.04,25,46.54,36,119.93,49,64.84,6.38,15.86,3.04,0.86,29.5,0.43,35.6,True,True,True,True,False,False,True,False,False,False,False,True,False,True,False,False,2026-10-29,False,False,5,>4x 50-MA,EMA,7,https://www.tradingview.com/chart/?symbol=NASDAQ:ILMN&interval=D,False,False,False
PURR,Hyperliquid Strategies Inc,NASDAQ,Financial Conglomerates,12.27,13.16,12.45,12.04,9.86,9.02,7.88,6.89,12.64,12.19,12.54,11.98,8.2,8.7,1.07,26765826.6,28540817.366666667,350195829.0,343512521.0,0.59,3.78,2919269596.892617,0.7,160,44.69,39,148.38,32,64.59,2.81,-1.41,0.08,0.53,26.9,0.317,51.11,False,False,False,True,True,True,True,True,False,True,False,True,False,False,False,False,2026-12-02,False,True,4,"thin RVOL, large gap","near21, ADR",7,https://www.tradingview.com/chart/?symbol=NASDAQ:PURR&interval=D,False,False,False
TWLO,Twilio Inc.,NYSE,Packaged Software,292.46,277.7,255.09,246.24,232.64,217.6,190.44,174.47,277.68,261.75,298.17,289.25,4.98,4.72,13.8,3428203.3,2253098.4,658941158.0,554804452.0,1.17,0.26,44914610357.3091,24.62,29,39.84,47,128.48,43,64.31,5.45,14.65,2.49,0.65,23.3,0.415,35.3,True,True,True,True,False,False,True,True,False,True,False,True,False,True,False,False,2026-10-29,False,False,5,>4x 50-MA,"EMA, ADR",8,https://www.tradingview.com/chart/?symbol=NYSE:TWLO&interval=D,False,False,False
SMTC,Semtech Corporation,NASDAQ,Semiconductors,178.35,177.42,165.49,153.74,143.84,146.01,127.64,115.71,174.3,165.47,183.18,175.29,5.75,6.29,11.22,3584436.7,3532539.3333333335,630028390.0,543094363.0,0.6,0.88,16644625346.991673,34.81,17,21.24,89,136.23,35,64.09,3.82,7.77,1.24,0.7,27.3,0.36,34.6,True,True,True,True,False,True,True,False,False,True,False,True,False,True,False,False,2026-12-02,False,False,6,,"EMA, near21",8,https://www.tradingview.com/chart/?symbol=NASDAQ:SMTC&interval=D,True,False,False
RNG,"RingCentral, Inc.",NYSE,Packaged Software,74.7,76.41,74.13,71.94,66.33,53.44,48.67,43.7,75.52,73.46,76.35,73.99,4.55,4.4,3.29,1786295.1,1539945.9333333333,115033961.0,110780117.0,0.82,-0.59,6237910452.285368,8.43,98,85.45,11,97.57,64,63.82,2.87,0.77,0.38,0.72,21.6,0.178,43.79,False,False,False,True,True,True,True,True,False,True,False,True,False,False,False,False,2026-11-09,False,False,5,thin RVOL,"near21, ADR",7,https://www.tradingview.com/chart/?symbol=NYSE:RNG&interval=D,False,True,False
SLS,"SELLAS Life Sciences Group, Inc.",NASDAQ,Pharmaceuticals: Major,12.31,11.69,12.31,12.87,12.34,11.05,9.02,7.69,11.87,12.16,12.53,11.2,7.23,7.51,0.92,5967037.2,7244564.4,89180588.0,93238751.0,1.53,0.0,2485951729.564727,-7.62,247,-6.74,196,202.46,12,62.7,-0.03,-0.03,0.17,1.44,120.1,0.337,37.78,False,False,False,True,True,True,False,False,False,True,True,False,True,True,True,False,2026-11-18,False,False,5,LoD>60% ATR,"near21, RVOL",4,https://www.tradingview.com/chart/?symbol=NASDAQ:SLS&interval=D,False,False,True
INTC,Intel Corporation,NASDAQ,Semiconductors,120.23,118.82,108.75,102.44,100.15,108.5,92.51,80.36,116.66,110.73,120.55,116.0,4.45,5.13,6.17,122336205.2,101763413.56666666,12235015213.0,10424338796.0,0.76,0.25,635548462180.4464,33.59,18,-6.74,195,161.03,26,62.63,3.91,10.55,1.67,0.74,68.6,0.423,31.99,True,True,True,True,False,False,True,False,False,False,False,False,False,True,False,False,2026-10-22,False,False,5,LoD>60% ATR,EMA,6,https://www.tradingview.com/chart/?symbol=NASDAQ:INTC&interval=D,True,False,False
HNGE,"Hinge Health, Inc.",NYSE,Packaged Software,97.24,94.29,92.98,91.84,87.72,78.55,66.74,60.67,94.23,92.79,98.41,94.5,4.14,4.4,4.28,1911539.3,1899689.2666666666,184725784.0,174475061.0,0.85,0.33,7846725256.589435,11.92,70,14.4,102,158.41,28,61.58,2.47,4.58,1.09,0.91,64.0,0.095,34.58,True,True,True,True,False,True,True,False,True,True,False,False,False,False,False,False,2026-11-03,False,False,4,"LoD>60% ATR, thin RVOL","EMA, near21, BB",8,https://www.tradingview.com/chart/?symbol=NYSE:HNGE&interval=D,False,False,False
SECZ,Securitize Corp.,NYSE,Packaged Software,14.59,14.02,10.91,9.41,8.41,9.79,10.24,10.56,13.94,11.77,15.85,14.28,9.99,8.96,1.31,7840265.3,3763588.966666667,54910763.0,35412863.0,0.43,-0.51,2382046382.467171,127.26,3,17.19,98,33.24,176,59.23,8.21,33.75,2.67,1.2,23.7,1.309,38.46,True,True,True,True,False,False,False,False,False,False,True,True,False,False,False,False,2026-11-13,False,False,4,">4x 50-MA, thin RVOL",EMA,6,https://www.tradingview.com/chart/?symbol=NYSE:SECZ&interval=D,True,False,False
FIVN,"Five9, Inc.",NASDAQ,Packaged Software,34.01,35.54,33.89,33.66,31.85,27.24,23.72,22.45,34.86,34.16,34.53,33.34,6.13,5.72,1.94,2922520.2,2075263.7333333334,70579720.0,69853031.0,0.88,0.56,2541347252.9999995,1.18,158,47.48,33,128.72,41,59.13,1.18,0.36,0.08,0.61,34.5,0.277,38.48,False,False,False,True,True,True,True,True,False,True,False,True,False,False,False,False,2026-11-09,False,False,5,thin RVOL,"near21, ADR",7,https://www.tradingview.com/chart/?symbol=NASDAQ:FIVN&interval=D,False,False,False
SNDK,Sandisk Corporation,NASDAQ,Computer Peripherals,1739.89,1759.04,1693.49,1639.4,1533.71,1631.31,1360.67,1130.35,1732.49,1686.82,1756.0,1720.71,5.1,5.92,102.96,9160771.4,10267004.7,17863458807.0,16831760017.0,0.65,0.0,254752966392.67673,17.05,47,-14.87,242,170.97,20,57.72,2.27,2.74,0.53,0.34,18.6,0.246,36.13,False,False,True,True,True,True,True,True,False,True,False,True,False,True,False,False,2026-10-29,False,False,6,,"EMA, near21, ADR",8,https://www.tradingview.com/chart/?symbol=NASDAQ:SNDK&interval=D,False,False,True
NTSK,"Netskope, Inc.",NASDAQ,Packaged Software,17.44,17.9,16.57,15.87,14.99,13.06,11.99,12.81,17.53,16.8,17.72,17.06,5.39,5.31,0.93,7249175.9,6501053.8,113378378.0,103158722.0,0.56,0.23,7125770087.847135,16.27,51,48.05,31,108.36,56,57.56,3.08,5.24,0.71,0.71,41.0,0.408,33.89,False,False,False,True,False,True,True,True,False,True,False,True,False,False,False,False,2026-12-11,False,False,5,thin RVOL,"near21, ADR",6,https://www.tradingview.com/chart/?symbol=NASDAQ:NTSK&interval=D,False,False,False
HTFL,"Heartflow, Inc.",NASDAQ,Packaged Software,49.75,49.55,49.01,48.93,41.08,35.33,32.46,31.61,49.36,48.19,51.19,49.67,4.71,4.65,2.31,2062715.6,1999731.5333333334,99486644.0,97848864.0,0.61,0.36,4325943178.461771,4.34,126,60.85,19,107.03,59,57.41,4.53,1.52,0.7,0.66,3.5,0.107,36.07,True,True,True,True,True,True,True,True,False,True,False,True,False,False,False,False,2026-11-18,False,False,4,">4x 50-MA, thin RVOL","EMA, near21, ADR",10,https://www.tradingview.com/chart/?symbol=NASDAQ:HTFL&interval=D,False,True,False
XMTR,"Xometry, Inc.",NASDAQ,Information Technology Services,102.85,101.03,95.14,92.96,91.47,91.0,75.53,71.95,100.24,96.84,105.34,102.65,4.93,4.98,5.12,1045676.1,732774.2333333333,75365830.0,68118571.0,0.65,0.62,5895729753.629474,9.86,87,5.79,133,155.59,30,57.08,2.5,8.1,1.25,0.53,3.9,0.287,28.27,True,True,True,True,False,True,True,True,False,True,False,True,False,False,False,False,2026-11-05,False,False,5,thin RVOL,"EMA, near21, ADR",9,https://www.tradingview.com/chart/?symbol=NASDAQ:XMTR&interval=D,False,False,False
PANW,"Palo Alto Networks, Inc.",NASDAQ,Packaged Software,397.31,382.07,364.02,362.54,359.09,324.59,272.13,248.23,382.5,372.85,404.69,388.89,4.56,4.54,18.02,6594759.400000011,6551831.066666676,2603108001.0,2375318306.0,0.93,0.76,324999583064.65015,7.38,105,13.04,106,148.47,31,56.3,2.35,9.15,1.45,0.88,46.7,0.262,33.69,True,True,True,True,False,True,True,False,False,True,False,True,False,True,False,False,2026-11-12,False,False,6,,"EMA, near21",8,https://www.tradingview.com/chart/?symbol=NASDAQ:PANW&interval=D,False,False,False
OMER,Omeros Corporation,NASDAQ,Pharmaceuticals: Major,19.04,19.45,18.94,18.91,16.6,13.66,13.16,12.91,19.32,18.81,19.4,19.02,4.53,4.72,0.9,1616960.6,1589329.8,30260839.0,30054756.0,0.81,0.0,1378273485.2072725,2.7,143,102.34,9,63.86,101,56.3,3.12,0.53,0.26,0.42,2.2,0.217,34.39,False,False,False,True,True,True,True,True,False,True,False,True,False,False,False,False,2026-11-11,False,False,5,thin RVOL,"near21, ADR",7,https://www.tradingview.com/chart/?symbol=NASDAQ:OMER&interval=D,False,True,False
OSCR,"Oscar Health, Inc.",NYSE,Managed Health Care,30.84,30.53,31.44,31.3,30.71,28.81,24.1,21.79,30.52,30.88,30.99,29.52,5.51,5.48,1.69,6119542.8,5258121.733333333,162160474.0,164589726.0,0.88,-0.08,8433783909.2388315,1.78,150,-4.34,183,170.76,22,56.07,0.07,-1.92,0.03,0.87,78.2,0.166,31.31,False,False,False,True,True,True,True,False,False,True,False,False,False,False,False,False,2026-11-10,False,False,4,"LoD>60% ATR, thin RVOL",near21,5,https://www.tradingview.com/chart/?symbol=NYSE:OSCR&interval=D,False,False,True
COHU,"Cohu, Inc.",NASDAQ,Semiconductors,68.14,63.33,57.42,55.17,53.9,54.91,48.52,43.33,63.32,59.43,68.49,66.68,4.45,5.19,3.53,946040.2,949939.2666666667,64728862.0,52403875.0,1.17,1.49,3225640837.0043964,41.37,15,-0.74,165,125.99,45,55.54,5.09,18.67,2.82,0.51,41.3,0.493,29.35,True,True,True,True,False,False,True,True,False,True,False,True,False,False,False,False,2026-10-29,False,False,4,">4x 50-MA, thin RVOL","EMA, ADR",8,https://www.tradingview.com/chart/?symbol=NASDAQ:COHU&interval=D,True,False,False
PENG,"Penguin Solutions, Inc.",NASDAQ,Semiconductors,54.69,54.6,51.92,51.56,53.3,57.36,45.92,39.35,54.11,53.25,56.68,54.04,4.41,5.75,3.14,1557272.5,1438602.3,78677160.0,74169060.0,0.95,1.56,2802463236.5323534,8.92,91,-21.09,289,177.76,15,55.19,0.46,5.33,0.47,0.84,20.7,0.239,32.93,False,True,True,True,False,True,True,False,False,True,False,True,False,False,False,False,2026-10-06,False,False,5,thin RVOL,"EMA, near21",7,https://www.tradingview.com/chart/?symbol=NASDAQ:PENG&interval=D,False,False,True
NSIT,"Insight Enterprises, Inc.",NASDAQ,Information Technology Services,156.32,156.74,158.1,155.79,148.68,128.33,110.49,103.77,157.23,156.24,158.57,153.62,4.08,3.7,5.78,481443.9,323757.93333333335,50609840.0,50437979.0,0.51,-0.3,4587812253.091749,-1.94,188,31.07,66,135.92,36,55.02,1.39,-1.13,0.01,0.86,46.7,0.085,34.75,False,False,False,True,True,True,True,False,True,True,False,True,False,False,False,False,2026-10-29,False,False,5,thin RVOL,"near21, BB",7,https://www.tradingview.com/chart/?symbol=NASDAQ:NSIT&interval=D,False,False,False
NEO,"NeoGenomics, Inc.",NASDAQ,Medical/Nursing Services,18.36,19.17,18.52,18.11,17.04,14.35,12.38,12.26,18.86,18.47,18.96,18.28,4.62,4.57,0.84,2619131.4,2015791.0,37009923.0,36496232.0,0.98,0.11,2358808927.914621,3.32,137,22.4,86,139.06,34,54.93,1.69,-0.86,0.13,0.82,9.5,0.188,37.64,False,False,False,True,True,True,True,False,False,True,False,True,False,False,False,False,2026-11-10,False,False,5,thin RVOL,near21,6,https://www.tradingview.com/chart/?symbol=NASDAQ:NEO&interval=D,False,False,False
ZETA,Zeta Global Holdings Corp.,NYSE,Packaged Software,31.57,30.02,30.48,30.1,27.93,24.06,21.78,21.12,30.07,29.92,32.11,29.21,4.57,4.79,1.51,6026755.6,6324369.8,199660355.0,190386720.0,2.08,0.86,7924498907.229281,3.81,134,51.82,26,107.42,58,54.35,2.72,3.59,1.15,1.92,155.9,0.115,29.63,True,True,True,True,False,True,False,False,False,True,True,False,True,True,True,False,2026-11-10,False,False,5,LoD>60% ATR,"EMA, near21, RVOL",6,https://www.tradingview.com/chart/?symbol=NYSE:ZETA&interval=D,False,False,False
SNOW,Snowflake Inc.,NYSE,Packaged Software,339.56,334.95,333.05,330.12,320.69,274.44,235.07,226.74,333.85,331.37,348.28,330.55,4.02,4.43,15.05,4308147.6,5080101.5,1724999265.0,1677053267.0,1.39,0.21,119796762969.97646,4.0,131,32.34,65,126.07,44,54.14,1.33,1.95,0.56,1.18,59.9,0.108,31.87,True,True,True,True,True,True,False,False,False,True,True,True,False,True,True,False,2026-12-02,False,False,6,,"EMA, near21, RVOL",8,https://www.tradingview.com/chart/?symbol=NYSE:SNOW&interval=D,False,False,False
NBIS,Nebius Group N.V.,NASDAQ,Packaged Software,235.88,232.3,226.5,222.45,218.13,221.68,190.5,166.21,232.21,227.73,250.48,235.06,6.2,6.97,16.45,17198924.2,16658832.033333333,3929485300.0,3705693327.0,0.86,2.65,64125210498.96266,14.65,61,1.24,154,144.66,33,53.52,1.17,4.14,0.51,0.94,5.0,0.215,28.02,True,True,True,True,False,True,True,False,False,True,False,True,False,True,False,False,2026-10-22,False,True,5,large gap,"EMA, near21",8,https://www.tradingview.com/chart/?symbol=NASDAQ:NBIS&interval=D,False,False,False
AMBQ,"Ambiq Micro, Inc.",NYSE,Semiconductors,68.17,67.91,63.91,62.06,63.59,71.1,57.59,50.92,66.92,65.22,69.03,65.3,5.38,5.89,4.02,720988.9,525035.8,35791690.0,32582322.0,0.83,1.17,1648659755.8410735,17.45,45,-22.36,301,163.92,25,53.0,1.22,6.67,0.77,0.93,71.5,0.296,29.61,False,True,True,True,False,True,True,False,False,True,False,False,False,False,False,False,2026-11-05,False,False,4,"LoD>60% ATR, thin RVOL","EMA, near21",6,https://www.tradingview.com/chart/?symbol=NYSE:AMBQ&interval=D,False,False,False
BB,BlackBerry Limited,NYSE,Packaged Software,9.04,8.5,8.1,8.08,8.31,8.74,7.18,6.33,8.52,8.34,9.29,8.68,5.9,5.87,0.53,25349974.6,14390557.800000008,130090643.0,116338066.0,1.18,0.0,5306771393.484602,11.33,77,-29.68,355,174.77,19,52.14,1.49,11.61,1.44,1.15,67.9,0.232,26.67,True,True,True,True,False,True,False,False,False,True,True,False,False,False,False,False,2026-12-17,False,False,4,"LoD>60% ATR, thin RVOL","EMA, near21",6,https://www.tradingview.com/chart/?symbol=NYSE:BB&interval=D,False,False,True
DDOG,"Datadog, Inc.",NASDAQ,Packaged Software,273.85,254.61,237.63,235.72,243.39,240.15,201.95,183.51,257.09,247.15,277.5,269.79,4.17,4.54,12.44,3469049.7,3592106.466666667,983698356.0,846715172.0,0.81,0.58,98332699513.92836,17.05,48,4.63,138,133.5,37,51.73,2.75,15.24,2.38,0.62,32.6,0.346,25.96,True,True,True,True,False,False,True,True,False,True,False,True,False,True,False,False,2026-11-05,False,False,6,,"EMA, ADR",8,https://www.tradingview.com/chart/?symbol=NASDAQ:DDOG&interval=D,False,False,False
AMLX,"Amylyx Pharmaceuticals, Inc.",NASDAQ,Pharmaceuticals: Major,29.1,31.02,32.11,33.71,28.92,22.25,19.97,18.37,30.61,31.24,29.62,28.64,5.11,5.62,1.64,1407539.0,2251578.066666667,65520922.0,75897319.0,0.92,0.65,3652429732.1413937,-16.31,338,60.6,20,107.86,57,50.72,0.11,-9.37,1.22,0.6,28.1,0.215,47.23,False,False,False,True,False,True,True,True,False,True,False,True,False,False,False,False,2026-11-05,False,False,5,thin RVOL,"near21, ADR",6,https://www.tradingview.com/chart/?symbol=NASDAQ:AMLX&interval=D,False,True,False
CVI,CVR Energy Inc.,NYSE,Oil Refining/Marketing,50.99,52.0,49.85,46.37,41.5,36.56,34.65,32.09,51.0,48.88,53.33,50.95,5.56,4.96,2.53,1179970.4,1149215.9,58598519.0,53294504.0,0.89,0.85,5126055339.373739,17.3,46,77.67,13,55.22,119,50.06,4.61,2.29,0.87,0.94,1.6,0.262,39.06,False,False,False,True,True,True,True,False,False,True,False,True,False,False,False,False,2026-11-02,False,False,4,">4x 50-MA, thin RVOL",near21,6,https://www.tradingview.com/chart/?symbol=NYSE:CVI&interval=D,False,True,False
TEM,"Tempus AI, Inc.",NASDAQ,Packaged Software,81.9,80.68,72.12,70.21,61.37,56.38,54.42,56.38,79.4,73.99,86.25,81.68,6.05,5.98,4.9,7964113.6,8332413.1,682424633.0,585049276.0,0.55,0.51,14777607577.113104,31.32,21,34.04,62,83.67,77,49.68,5.59,13.56,1.79,0.93,4.5,0.509,32.06,True,True,True,True,False,False,True,False,False,False,False,True,False,True,False,False,2026-11-10,False,False,5,>4x 50-MA,EMA,7,https://www.tradingview.com/chart/?symbol=NASDAQ:TEM&interval=D,True,False,False
BFLY,"Butterfly Network, Inc.",NYSE,Medical Specialties,8.96,8.91,8.16,8.37,8.29,7.16,6.23,5.61,8.86,8.56,9.26,8.85,7.26,7.29,0.65,6746435.9,5174589.133333334,46364319.0,43295787.0,0.67,-0.99,2430715339.815385,7.43,104,12.14,111,128.57,42,49.38,1.12,9.76,0.65,0.63,16.8,0.435,36.82,True,True,True,True,False,True,True,True,False,True,False,True,False,False,False,False,2026-10-29,False,False,5,thin RVOL,"EMA, near21, ADR",9,https://www.tradingview.com/chart/?symbol=NYSE:BFLY&interval=D,False,False,False
BE,Bloom Energy Corporation,NYSE,Electronic Production Equipment,276.98,275.75,266.52,247.64,233.53,253.75,230.86,205.51,274.2,263.43,300.46,276.9,6.56,7.75,21.47,21099448.7,15714415.8,4352578888.0,3891455071.0,0.73,1.65,81578183671.69669,32.6,19,-7.01,199,121.87,47,49.15,2.4,3.93,0.66,1.1,0.4,0.252,25.36,True,True,True,True,False,True,False,False,False,True,True,True,False,True,False,False,2026-10-29,False,False,6,,"EMA, near21",7,https://www.tradingview.com/chart/?symbol=NYSE:BE&interval=D,True,False,False
SMCI,"Super Micro Computer, Inc.",NASDAQ,Computer Processing Hardware,41.07,41.23,39.63,38.78,36.04,34.49,32.21,31.89,40.89,39.65,42.68,40.47,5.04,5.57,2.29,40077439.3,37751285.1,1550445279.0,1464108090.0,0.8,2.79,26981568994.019497,12.41,69,46.42,37,86.85,75,48.56,2.5,3.63,0.64,0.97,26.2,0.207,22.72,False,False,True,True,False,True,True,False,False,True,False,True,False,True,False,False,2026-11-03,False,True,5,large gap,"EMA, near21",6,https://www.tradingview.com/chart/?symbol=NASDAQ:SMCI&interval=D,False,False,False
QLYS,"Qualys, Inc.",NASDAQ,Packaged Software,187.2,179.69,175.37,177.61,172.21,146.33,127.64,127.33,179.33,177.62,190.27,178.23,5.33,5.01,9.38,669474.4,681372.6333333333,127552957.0,121015641.0,0.99,0.44,6476184450.287636,0.11,165,30.51,68,114.9,50,48.51,1.74,6.74,1.08,1.28,95.6,0.196,27.97,True,True,True,True,False,True,False,False,False,True,True,False,False,False,False,False,2026-11-04,False,False,4,"LoD>60% ATR, thin RVOL","EMA, near21",6,https://www.tradingview.com/chart/?symbol=NASDAQ:QLYS&interval=D,False,False,False
STX,Seagate Technology Holdings PLC,NASDAQ,Computer Peripherals,922.34,896.3,863.14,852.67,855.25,868.89,742.16,644.6,897.42,876.59,928.92,907.03,4.86,5.19,47.9,3995798.6,3636575.2666666666,3354158831.0,3100814997.0,0.77,0.83,209733681450.4131,11.6,73,2.4,148,130.01,39,48.0,1.51,6.86,1.01,0.46,32.0,0.24,27.29,True,True,True,True,False,True,True,True,False,True,False,True,False,True,False,False,2026-10-28,False,False,6,,"EMA, near21, ADR",9,https://www.tradingview.com/chart/?symbol=NASDAQ:STX&interval=D,False,False,False
SBET,"Sharplink, Inc.",NASDAQ,Advertising/Marketing Services,9.28,9.54,9.07,8.76,7.76,6.78,6.93,7.39,9.4,9.01,9.84,9.26,6.08,6.12,0.57,9378986.5,9730600.900000025,90299976.0,85214116.0,0.62,2.85,2015835037.4291751,12.62,67,73.46,15,51.02,128,45.7,3.2,2.35,0.49,1.02,3.5,0.289,29.8,False,False,False,True,True,True,False,False,False,True,True,True,False,False,False,False,2026-11-12,False,True,4,"thin RVOL, large gap",near21,5,https://www.tradingview.com/chart/?symbol=NASDAQ:SBET&interval=D,False,True,False
NUAI,"New Era Energy & Digital, Inc.",NASDAQ,Engineering & Construction,6.72,6.77,6.25,5.83,5.53,5.29,5.04,4.97,6.67,6.29,7.01,6.63,8.28,9.18,0.62,10692941.0,7572764.933333334,50888980.0,44174462.0,0.74,1.41,716078747.5029585,47.37,11,25.37,80,63.9,100,45.55,2.35,7.55,0.75,0.62,14.6,0.464,26.78,False,False,True,True,False,True,True,True,False,True,False,True,False,False,False,False,2026-12-02,False,False,5,thin RVOL,"EMA, near21, ADR",7,https://www.tradingview.com/chart/?symbol=NASDAQ:NUAI&interval=D,True,False,False
ECO,Okeanis Eco Tankers Corp.,NYSE,Marine Shipping,80.88,80.59,77.69,73.57,68.27,60.5,57.22,52.68,79.44,76.78,83.7,80.5,4.32,4.0,3.24,865022.3,684050.0,55325964.0,50327155.0,0.48,1.83,3101647912.385794,20.11,39,55.66,22,60.19,112,45.32,4.62,4.11,1.34,0.99,11.7,0.27,34.51,True,True,True,True,False,True,True,False,False,True,False,True,False,False,False,False,2026-11-11,False,False,4,">4x 50-MA, thin RVOL","EMA, near21",8,https://www.tradingview.com/chart/?symbol=NYSE:ECO&interval=D,False,True,False
ETON,"Eton Pharmaceuticals, Inc.",NASDAQ,Pharmaceuticals: Major,51.49,56.76,57.5,58.94,54.22,43.92,36.95,31.74,56.74,56.9,59.66,48.79,6.55,6.85,3.53,661402.9,560137.9,28841500.0,33015181.0,3.52,0.71,1471745617.9748268,-12.79,290,39.39,49,105.96,60,44.19,-0.73,-10.45,1.39,3.08,76.5,0.154,50.03,False,False,False,True,False,True,False,False,False,True,True,False,True,True,True,False,2026-11-05,False,False,5,LoD>60% ATR,"near21, RVOL",3,https://www.tradingview.com/chart/?symbol=NASDAQ:ETON&interval=D,False,False,False
BMNR,"BitMine Immersion Technologies, Inc.",NYSE,Financial Conglomerates,26.43,26.99,25.74,25.05,22.15,19.57,20.09,21.73,26.64,25.59,27.95,26.22,5.68,6.19,1.64,38925320.6,45723495.3,1208471981.0,1145266869.0,0.71,2.23,15943272934.281704,10.31,84,81.46,12,40.18,148,43.98,3.12,2.68,0.53,1.06,12.8,0.271,28.08,False,False,False,True,True,True,False,False,False,True,True,True,False,True,False,False,2026-11-20,False,True,5,large gap,near21,5,https://www.tradingview.com/chart/?symbol=NYSE:BMNR&interval=D,False,True,False
NET,"Cloudflare, Inc.",NYSE,Information Technology Services,347.28,347.59,325.52,313.86,304.35,270.94,249.31,233.7,344.63,330.94,357.64,346.15,5.0,4.85,16.84,3161827.2,3090995.8666666667,1073441045.0,970154387.0,0.83,-0.36,123659366650.05553,16.08,52,43.5,42,72.35,88,43.98,2.91,6.68,1.02,0.68,6.7,0.336,32.79,False,False,True,True,False,True,True,True,False,True,False,True,False,True,False,False,2026-10-29,False,False,6,,"EMA, near21, ADR",7,https://www.tradingview.com/chart/?symbol=NYSE:NET&interval=D,False,False,False
VICR,Vicor Corporation,NASDAQ,Electronic Components,288.94,263.73,224.6,215.14,216.23,256.08,238.22,214.31,264.3,241.0,292.08,280.35,5.58,5.88,16.99,1160036.1,858698.2333333333,248112268.0,184744345.0,0.57,0.0,13322079154.258703,53.9,9,-17.33,260,94.93,66,43.83,5.72,28.65,3.38,0.69,50.6,0.788,17.1,True,True,True,True,False,False,True,True,False,True,False,True,False,True,False,False,2026-10-27,False,False,5,>4x 50-MA,"EMA, ADR",8,https://www.tradingview.com/chart/?symbol=NASDAQ:VICR&interval=D,True,False,False
ANDG,Andersen Group Inc.,NYSE,Other Consumer Services,54.4,54.06,54.56,53.86,51.21,44.73,39.52,,54.11,53.76,56.1,53.92,4.0,4.14,2.25,613768.9,583509.2333333333,31742902.0,31427029.0,1.22,0.5,6146571981.568416,-3.75,204,46.2,38,88.63,72,43.69,1.5,-0.29,0.29,0.97,21.5,0.092,27.65,False,False,True,False,True,True,True,False,True,True,False,True,False,False,True,False,2026-12-02,False,False,4,"thin RVOL, below 200-MA","EMA, near21, BB, RVOL",7,https://www.tradingview.com/chart/?symbol=NYSE:ANDG&interval=D,False,False,False
MANE,"Veradermics, Incorporated",NYSE,Pharmaceuticals: Major,121.23,114.85,107.59,105.68,107.23,106.96,94.19,,114.54,110.52,122.44,116.76,4.97,5.0,6.06,911691.8,704031.7333333333,85349767.0,74403716.0,0.74,-0.22,5065005887.773893,21.23,35,-5.32,187,110.8,55,42.24,2.61,12.68,1.94,0.94,73.9,0.297,17.04,False,True,True,False,False,False,True,False,False,False,False,False,False,False,False,False,2026-12-02,False,False,3,"LoD>60% ATR, thin RVOL, below 200-MA",EMA,4,https://www.tradingview.com/chart/?symbol=NYSE:MANE&interval=D,False,False,False
S,"SentinelOne, Inc.",NYSE,Packaged Software,23.76,23.36,22.03,21.76,21.23,19.11,17.38,16.59,23.11,22.48,24.06,23.38,4.95,4.71,1.12,8966554.4,8983119.966666667,213438930.0,195454724.0,1.0,1.24,8269647217.389962,10.77,80,35.38,60,80.27,80,42.14,2.54,7.84,1.21,0.61,33.9,0.324,28.52,True,True,True,True,False,True,True,True,False,True,False,True,False,False,False,False,2026-12-08,False,False,5,thin RVOL,"EMA, near21, ADR",9,https://www.tradingview.com/chart/?symbol=NYSE:S&interval=D,False,False,False
AXTI,AXT Inc,NASDAQ,Electronic Production Equipment,77.41,75.26,68.72,67.73,67.0,77.82,72.65,59.64,74.38,71.29,83.98,75.28,7.59,9.3,7.2,8854127.7,8575411.633333333,663822615.0,580829781.0,0.77,2.06,5076022334.82067,28.91,23,21.87,88,73.88,87,41.55,1.67,12.65,0.92,1.21,29.5,0.456,23.49,False,True,True,True,False,True,False,False,False,True,True,True,False,False,False,False,2026-10-29,False,True,4,"thin RVOL, large gap","EMA, near21",6,https://www.tradingview.com/chart/?symbol=NASDAQ:AXTI&interval=D,False,False,False
PBF,PBF Energy Inc.,NYSE,Oil Refining/Marketing,76.96,74.09,74.79,73.55,70.94,58.17,53.19,47.74,74.44,73.77,80.28,75.98,6.42,5.82,4.48,3927183.2,3480419.3333333335,267853072.0,255969760.0,0.81,1.82,9122596053.236208,4.04,130,59.93,21,60.33,111,41.44,1.46,2.9,0.74,0.96,21.9,0.124,35.15,True,True,True,True,True,True,True,False,False,True,False,True,False,False,False,False,2026-10-29,False,False,5,thin RVOL,"EMA, near21",9,https://www.tradingview.com/chart/?symbol=NYSE:PBF&interval=D,False,True,False
DINO,HF Sinclair Corporation,NYSE,Oil Refining/Marketing,107.32,108.64,108.46,104.7,98.45,85.61,77.09,70.48,107.4,106.1,109.96,104.84,4.89,4.27,4.58,3217294.5,2644067.0,283761270.0,276833815.0,0.56,1.66,19079761475.4382,4.21,127,47.64,32,70.95,90,40.93,2.11,-1.05,0.27,1.12,54.2,0.123,35.55,False,False,False,True,True,True,False,False,False,True,True,True,False,True,False,False,2026-10-28,False,False,6,,near21,5,https://www.tradingview.com/chart/?symbol=NYSE:DINO&interval=D,False,False,False
U,Unity Software Inc.,NYSE,Packaged Software,40.93,41.71,42.08,42.92,40.75,34.62,30.52,31.94,41.45,41.85,41.84,39.4,4.97,4.96,2.03,12227882.4,10009780.7,409700324.0,429579749.0,0.73,0.58,18012840385.508057,-5.82,227,36.89,58,89.23,69,40.1,0.09,-2.73,0.44,1.2,75.3,0.113,28.23,False,False,False,True,True,True,False,False,False,True,True,False,False,True,False,False,2026-11-11,False,False,5,LoD>60% ATR,near21,4,https://www.tradingview.com/chart/?symbol=NYSE:U&interval=D,False,False,False
SWKS,"Skyworks Solutions, Inc.",NASDAQ,Semiconductors,85.48,88.85,84.24,78.5,73.34,71.46,67.06,65.61,87.11,83.53,89.71,84.43,6.17,5.27,4.5,6467722.6,6992921.766666667,597754953.0,548976992.0,0.91,-0.35,12862413224.496592,28.68,24,29.03,70,61.31,109,39.67,3.14,1.47,0.44,1.17,23.3,0.315,27.18,False,False,False,True,True,True,False,False,False,True,True,True,False,True,False,False,2026-10-29,False,False,6,,near21,5,https://www.tradingview.com/chart/?symbol=NASDAQ:SWKS&interval=D,False,False,False
GH,"Guardant Health, Inc.",NASDAQ,Medical Specialties,178.36,177.69,171.05,169.18,164.3,149.03,128.93,123.19,176.07,172.48,180.34,175.33,4.18,4.17,7.43,1993301.4,1865289.4333333333,332693023.0,315569045.0,0.8,0.01,23935227769.172115,11.47,75,3.72,144,103.44,63,39.55,2.05,4.27,0.82,0.67,40.8,0.188,30.56,True,True,True,True,False,True,True,True,False,True,False,True,False,True,False,False,2026-10-29,False,False,6,,"EMA, near21, ADR",9,https://www.tradingview.com/chart/?symbol=NASDAQ:GH&interval=D,False,False,False
UMAC,"Unusual Machines, Inc.",AMEX,Electronic Equipment/Instruments,24.48,23.94,23.78,24.23,24.3,22.65,20.15,18.53,24.04,24.03,25.78,24.47,5.92,7.41,1.81,2300714.1,2915461.933333333,71370508.0,70632896.0,0.97,0.0,1222935264.2886932,3.29,138,7.94,122,105.03,61,38.75,0.1,2.92,0.25,0.72,0.5,0.147,23.56,True,True,True,True,True,True,True,False,False,True,False,True,False,False,False,False,2026-11-12,False,False,5,thin RVOL,"EMA, near21",9,https://www.tradingview.com/chart/?symbol=AMEX:UMAC&interval=D,False,False,False
OUST,"Ouster, Inc.",NASDAQ,Semiconductors,40.34,39.41,37.29,36.96,38.74,39.92,34.15,31.22,39.52,38.52,41.74,39.9,5.59,6.47,2.61,2529509.6,2201132.1333333333,88793670.0,81356778.0,0.68,0.25,2909011601.968,17.92,44,-31.02,367,129.02,40,38.64,0.64,8.19,0.73,0.7,16.7,0.318,21.57,True,True,True,True,False,True,True,False,False,True,False,True,False,False,False,False,2026-11-05,False,False,5,thin RVOL,"EMA, near21",8,https://www.tradingview.com/chart/?symbol=NASDAQ:OUST&interval=D,False,False,False
MPC,Marathon Petroleum Corporation,NYSE,Oil Refining/Marketing,395.42,398.86,397.95,386.9,361.16,312.9,285.43,259.36,395.18,390.42,404.07,393.7,4.15,3.61,14.28,3614305.9,2852184.7666666666,1127810900.0,1103518843.0,0.44,1.54,111043717375.3222,5.66,113,48.1,30,61.4,108,38.38,2.63,-0.64,0.35,0.73,12.0,0.111,35.28,False,False,True,True,True,True,True,True,False,True,False,True,False,True,False,False,2026-11-03,False,False,6,,"EMA, near21, ADR",8,https://www.tradingview.com/chart/?symbol=NYSE:MPC&interval=D,False,False,False
AYA,Aya Gold & Silver Inc.,NASDAQ,Precious Metals,26.9,28.15,28.22,27.96,26.15,22.63,20.68,19.64,27.71,27.69,27.62,26.67,5.06,5.84,1.57,1433187.1,1309020.3,35212646.0,36600644.0,0.6,1.18,3874573035.3778234,-2.71,195,37.24,57,77.56,83,37.36,0.49,-4.67,0.49,0.61,14.6,0.156,31.88,False,False,False,True,False,True,True,True,False,True,False,True,False,False,False,False,2026-11-17,False,False,5,thin RVOL,"near21, ADR",6,https://www.tradingview.com/chart/?symbol=NASDAQ:AYA&interval=D,False,False,False
HPQ,HP Inc.,NYSE,Information Technology Services,31.28,32.2,32.54,31.67,30.29,27.04,24.48,23.55,31.79,31.79,31.7,30.64,4.93,4.61,1.44,16169578.199999994,16410541.466666767,513321737.0,519710908.0,0.93,-0.13,28208022548.199154,2.12,147,41.8,43,64.63,98,36.18,0.71,-3.88,0.35,0.73,44.4,0.159,28.74,False,False,False,True,False,True,True,True,False,True,False,True,False,True,False,False,2026-12-01,False,False,6,,"near21, ADR",6,https://www.tradingview.com/chart/?symbol=NYSE:HPQ&interval=D,False,False,False
FROG,JFrog Ltd.,NASDAQ,Packaged Software,97.04,92.07,91.05,92.03,89.1,85.36,71.94,68.11,92.1,91.67,97.52,90.2,5.17,5.44,5.28,1665529.1,1841599.9666666666,178708861.0,169489197.0,1.14,0.52,11965160001.096825,-1.41,180,5.81,132,103.99,62,36.13,1.64,6.58,1.08,1.39,129.5,0.123,24.68,True,True,True,True,False,True,False,False,False,True,True,False,False,True,False,False,2026-11-04,False,False,5,LoD>60% ATR,"EMA, near21",6,https://www.tradingview.com/chart/?symbol=NASDAQ:FROG&interval=D,False,False,False
TENB,"Tenable Holdings, Inc.",NASDAQ,Packaged Software,36.39,35.51,34.85,35.0,34.97,32.56,28.2,26.79,35.33,35.24,37.53,34.92,6.38,6.0,2.19,3246792.6,4908159.133333334,178607911.0,171810110.0,1.52,0.0,4007994215.19577,-2.2,189,-3.96,181,113.68,52,35.84,0.68,4.41,0.54,1.19,67.3,0.197,23.95,True,True,True,True,False,True,False,False,False,True,True,False,True,True,True,False,2026-11-04,False,False,5,LoD>60% ATR,"EMA, near21, RVOL",6,https://www.tradingview.com/chart/?symbol=NASDAQ:TENB&interval=D,False,False,False
VLO,Valero Energy Corporation,NYSE,Oil Refining/Marketing,387.61,390.7,387.27,374.54,351.11,306.22,282.8,257.9,387.54,380.94,398.88,385.76,4.54,3.82,14.82,4729332.899999976,3405266.8666666714,1319915490.0,1275425679.0,0.53,1.41,111603563012.33139,7.68,103,43.61,40,55.92,116,35.74,2.72,0.09,0.46,0.89,12.5,0.127,34.26,False,False,True,True,True,True,True,True,False,True,False,True,False,True,False,False,2026-10-22,False,False,6,,"EMA, near21, ADR",8,https://www.tradingview.com/chart/?symbol=NYSE:VLO&interval=D,False,False,False
SITM,SiTime Corporation,NASDAQ,Semiconductors,652.03,635.94,609.96,602.65,605.93,649.2,576.03,525.55,635.49,621.23,658.88,640.29,4.92,5.76,37.56,535677.1,420901.7,274440535.0,253656620.0,0.76,0.94,19607216982.02851,16.0,53,-7.26,200,96.69,65,35.14,1.32,6.9,0.86,0.49,31.2,0.233,18.96,True,True,True,True,False,True,True,True,False,True,False,True,False,True,False,False,2026-11-04,False,False,6,,"EMA, near21, ADR",9,https://www.tradingview.com/chart/?symbol=NASDAQ:SITM&interval=D,False,False,False
FCEL,"FuelCell Energy, Inc.",NASDAQ,Electronic Equipment/Instruments,16.42,17.12,16.35,17.12,18.77,20.18,16.26,14.23,16.7,17.03,17.2,16.4,5.77,8.71,1.43,5552755.3999999985,6750437.16666666,110842178.0,115594486.0,0.73,0.65,1312847821.1751482,-7.8,249,-47.99,415,160.22,27,34.81,-1.44,0.42,0.41,0.56,1.4,0.276,36.24,False,False,False,True,True,True,True,False,False,True,False,True,False,False,False,False,2026-12-17,False,False,5,thin RVOL,near21,6,https://www.tradingview.com/chart/?symbol=NASDAQ:FCEL&interval=D,False,False,False
BRKR,Bruker Corporation,NASDAQ,Medical Specialties,64.75,62.76,59.67,59.09,58.83,56.74,50.22,49.13,62.46,60.69,66.98,63.86,4.61,4.59,2.97,2325373.7,2189323.7333333334,141758712.0,129375167.0,0.85,-0.29,9865265905.561152,13.24,65,5.46,134,85.64,76,34.78,2.19,8.51,1.46,1.05,29.9,0.257,21.06,True,True,True,True,False,True,False,False,False,True,True,True,False,False,False,False,2026-10-29,False,False,5,thin RVOL,"EMA, near21",7,https://www.tradingview.com/chart/?symbol=NASDAQ:BRKR&interval=D,False,False,False
CLMT,"Calumet, Inc",NASDAQ,Oil Refining/Marketing,52.38,55.27,55.37,53.02,49.45,42.48,38.82,34.75,54.23,53.8,54.5,52.3,4.81,4.55,2.38,1673293.8,1356792.1,71068770.0,71943449.0,1.33,0.49,4604109326.859667,7.84,102,43.59,41,50.22,129,33.88,1.3,-5.39,0.58,0.92,3.4,0.158,39.37,False,False,False,True,False,True,True,False,False,True,False,True,False,False,True,False,2026-11-06,False,False,5,thin RVOL,"near21, RVOL",5,https://www.tradingview.com/chart/?symbol=NASDAQ:CLMT&interval=D,False,False,False
MSTR,Strategy Inc,NASDAQ,Internet Software/Services,153.09,156.93,145.08,137.76,121.07,123.65,131.2,136.08,153.5,144.95,163.53,152.02,5.2,5.85,8.95,24601025.1,27454484.7,4203007063.0,3782010843.0,0.7,4.02,58821082667.99011,19.08,43,53.32,25,27.79,189,33.39,4.52,5.52,0.96,1.29,12.0,0.399,23.43,False,False,False,True,False,True,False,False,False,True,True,True,False,True,False,False,2026-11-04,False,True,4,">4x 50-MA, large gap",near21,4,https://www.tradingview.com/chart/?symbol=NASDAQ:MSTR&interval=D,False,False,False
INSP,"Inspire Medical Systems, Inc.",NYSE,Medical Specialties,69.36,71.74,69.86,67.12,62.41,53.54,54.35,61.86,70.79,69.07,73.25,68.5,5.2,4.87,3.38,912293.6,737148.1333333333,51128595.0,49476891.0,1.11,-0.12,2005223659.7594967,14.78,60,50.03,27,31.81,181,32.21,2.28,-0.71,0.09,1.41,25.4,0.254,26.24,False,False,False,True,True,True,False,False,False,True,True,True,False,False,False,False,2026-11-09,False,False,5,thin RVOL,near21,5,https://www.tradingview.com/chart/?symbol=NYSE:INSP&interval=D,False,False,False
QRVO,"Qorvo, Inc.",NASDAQ,Semiconductors,114.48,117.38,112.8,107.1,101.65,98.08,92.65,90.28,115.73,112.07,118.63,113.48,4.37,3.72,4.26,1694953.9,1365941.5333333334,156372987.0,146286191.0,3.14,-0.16,10099612650.024155,20.81,36,26.34,77,49.08,133,32.08,3.4,1.49,0.58,1.21,23.6,0.229,23.67,False,False,False,True,True,True,False,False,False,True,True,True,True,True,True,False,2026-11-04,False,False,6,,"near21, RVOL",5,https://www.tradingview.com/chart/?symbol=NASDAQ:QRVO&interval=D,False,False,False
AMRX,"Amneal Pharmaceuticals, Inc.",NASDAQ,Pharmaceuticals: Major,20.14,19.64,18.49,18.27,18.23,16.67,15.38,14.93,19.56,18.9,20.5,19.98,4.75,4.05,0.82,3593221.7,2351148.7666666666,47352136.0,42963717.0,1.11,0.45,6431788037.535645,15.35,56,18.05,97,62.55,107,31.98,2.59,8.9,1.61,0.64,19.6,0.277,23.39,True,True,True,True,False,False,True,True,False,True,False,True,False,False,False,False,2026-10-29,False,False,5,thin RVOL,"EMA, ADR",8,https://www.tradingview.com/chart/?symbol=NASDAQ:AMRX&interval=D,False,False,False
SG,"Sweetgreen, Inc.",NYSE,Restaurants,8.87,7.93,7.39,7.19,6.71,7.48,6.97,6.88,8.06,7.57,9.0,8.64,4.92,5.24,0.47,5627152.2,5139763.4,45589701.0,36953186.0,1.02,1.49,1055896449.7402744,27.99,26,-3.69,179,68.95,94,31.08,6.13,20.07,3.27,0.77,49.4,0.383,13.69,True,True,True,True,False,False,True,False,False,False,False,True,False,False,False,False,2026-11-05,False,False,4,">4x 50-MA, thin RVOL",EMA,7,https://www.tradingview.com/chart/?symbol=NYSE:SG&interval=D,False,False,False
ZS,"Zscaler, Inc.",NASDAQ,Packaged Software,199.42,203.14,189.25,185.98,176.82,160.29,154.53,166.78,199.06,192.6,202.87,196.89,5.02,5.0,9.97,3272814.4,3354454.6,668945336.0,623856435.0,0.63,0.25,32516368123.697308,8.48,97,37.44,54,46.22,139,30.71,2.56,5.37,0.71,0.6,25.3,0.361,24.38,False,False,True,True,False,True,True,True,False,True,False,True,False,True,False,False,2026-12-01,False,False,6,,"EMA, near21, ADR",7,https://www.tradingview.com/chart/?symbol=NASDAQ:ZS&interval=D,False,False,False
ACMR,"ACM Research, Inc.",NASDAQ,Industrial Machinery,80.92,75.15,72.8,74.18,76.76,82.74,71.3,66.58,75.78,74.93,82.46,76.11,5.11,6.24,5.05,1362718.1,1001207.1000000017,81017679.0,74273047.0,1.46,1.07,5636012887.279461,7.94,101,-30.63,362,112.78,53,30.03,0.87,11.15,1.28,1.26,95.3,0.26,19.97,False,True,True,True,False,True,False,False,False,True,True,False,False,False,True,False,2026-11-11,False,False,4,"LoD>60% ATR, thin RVOL","EMA, near21, RVOL",5,https://www.tradingview.com/chart/?symbol=NASDAQ:ACMR&interval=D,False,False,False
BETA,"Beta Technologies, Inc.",NYSE,Aerospace & Defense,22.1,22.67,21.7,22.01,21.81,19.46,18.57,20.05,22.49,22.16,23.44,22.07,6.95,7.31,1.61,5221288.1,3328970.5,73570248.0,73265092.0,0.36,0.49,5170097530.984849,10.5,81,25.85,78,53.15,125,29.84,0.18,1.82,0.04,0.85,1.9,0.234,18.55,False,False,False,True,True,True,True,False,False,True,False,True,False,False,False,False,2026-12-03,False,False,5,thin RVOL,near21,6,https://www.tradingview.com/chart/?symbol=NYSE:BETA&interval=D,False,False,False
NAT,Nordic American Tankers Limited,NYSE,Marine Shipping,7.9,7.87,7.63,7.38,7.01,6.36,6.13,5.6,7.8,7.59,8.19,7.85,4.04,3.93,0.31,5130686.4,4683162.166666667,36996981.0,34557054.0,0.9,1.38,1672830187.4686718,14.83,58,38.35,51,36.21,161,29.8,3.22,3.47,1.03,1.1,16.1,0.186,28.8,True,True,True,True,False,True,False,False,False,True,True,True,False,False,False,False,2026-12-02,False,False,5,thin RVOL,"EMA, near21",7,https://www.tradingview.com/chart/?symbol=NYSE:NAT&interval=D,False,False,False
SAIL,"SailPoint, Inc.",NASDAQ,Packaged Software,20.36,20.75,19.72,19.5,18.65,16.79,15.48,16.06,20.53,19.99,21.08,20.36,5.99,5.8,1.18,5485205.4,4627974.9,94225569.0,90260937.0,1.06,0.39,11623760648.80116,1.72,152,32.98,63,54.48,121,29.73,1.58,3.23,0.32,0.61,0.0,0.276,25.87,False,False,False,True,False,True,True,True,False,True,False,True,False,True,False,False,2026-12-15,False,False,6,,"near21, ADR",6,https://www.tradingview.com/chart/?symbol=NASDAQ:SAIL&interval=D,False,False,False
SYRE,"Spyre Therapeutics, Inc.",NASDAQ,Pharmaceuticals: Major,89.03,88.74,89.03,92.44,96.3,89.89,78.06,67.04,88.14,90.14,95.08,88.0,4.18,5.26,4.68,1487140.1999999995,1289594.833333333,114812628.0,119213155.0,1.49,4.63,7850110596.608239,-0.13,167,-0.09,161,88.74,71,29.51,-1.43,-0.0,0.23,1.51,22.0,0.103,32.86,False,False,False,True,True,True,False,False,False,True,True,True,False,False,True,False,2026-11-05,False,True,4,"thin RVOL, large gap","near21, RVOL",5,https://www.tradingview.com/chart/?symbol=NASDAQ:SYRE&interval=D,False,False,False
NEOG,Neogen Corporation,NASDAQ,Medical Specialties,12.8,13.37,12.65,12.35,11.8,10.49,10.17,9.94,13.12,12.75,13.11,12.51,4.35,4.21,0.54,6205467.6,3425362.6333333333,43844642.0,42304941.0,1.19,-1.18,2791756735.6480756,10.44,82,37.34,55,40.04,150,29.27,2.01,1.17,0.1,1.11,53.4,0.253,26.78,False,False,False,True,True,True,False,False,False,True,True,True,False,False,False,False,2026-10-06,False,False,5,thin RVOL,near21,5,https://www.tradingview.com/chart/?symbol=NASDAQ:NEOG&interval=D,False,False,False
SHAZ,"SharonAI Holdings, Inc.",NASDAQ,Data Processing Services,54.6,56.79,55.88,56.7,57.72,63.99,52.83,,55.57,56.4,55.13,52.9,7.0,8.73,4.76,1343247.7,1485078.9666666666,81085312.0,84202740.0,0.94,0.52,1954871298.5637803,7.14,106,-30.98,365,111.06,54,29.07,-0.62,-2.29,0.37,0.47,35.7,0.212,20.44,False,False,False,False,True,True,True,True,False,True,False,True,False,False,False,False,2026-11-04,False,False,4,"thin RVOL, below 200-MA","near21, ADR",6,https://www.tradingview.com/chart/?symbol=NASDAQ:SHAZ&interval=D,False,False,False
TVTX,"Travere Therapeutics, Inc.",NASDAQ,Pharmaceuticals: Major,58.88,61.1,63.39,64.28,62.24,56.6,48.87,44.78,61.04,62.28,60.47,58.83,4.04,4.11,2.42,1736133.7,1460677.0333333334,86004664.0,93893780.0,0.87,0.6,5550092420.630104,-10.38,270,3.7,145,91.85,67,28.39,-1.31,-7.11,1.33,0.68,2.1,0.177,31.61,False,False,False,True,False,True,True,True,False,True,False,True,False,False,False,False,2026-10-22,False,False,5,thin RVOL,"near21, ADR",6,https://www.tradingview.com/chart/?symbol=NASDAQ:TVTX&interval=D,False,False,False
DK,"Delek US Holdings, Inc.",NYSE,Oil Refining/Marketing,71.37,72.2,73.57,72.33,69.24,59.17,53.7,48.04,71.18,71.78,73.4,68.57,5.81,5.85,4.17,3676515.2,2509492.466666667,179102477.0,181513263.0,0.56,0.95,4370140466.041467,-3.41,201,32.88,64,55.69,117,28.39,0.53,-2.99,0.1,1.16,67.1,0.213,35.77,False,False,False,True,True,True,False,False,False,True,True,False,False,False,False,False,2026-11-11,False,False,4,"LoD>60% ATR, thin RVOL",near21,4,https://www.tradingview.com/chart/?symbol=NYSE:DK&interval=D,False,False,False
SMCIP,"Super Micro Computer, Inc. - Depositary Shares Each Representing a 1/20th Interest in a Share of 7% Series A Mandatory Convertible Preferred Stock",NASDAQ,Computer Processing Hardware,68.73,68.99,66.61,65.3,61.4,,,,68.5,66.64,72.04,67.92,4.23,4.85,3.33,1007261.4,662168.3,45510827.0,43238266.0,3.79,-0.09,26948720724.0,11.36,76,37.32,56,35.43,169,28.04,2.46,3.18,0.65,1.24,24.3,0.185,11.05,False,False,True,False,False,True,False,False,False,True,True,True,True,True,True,False,2026-11-03,False,False,5,below 200-MA,"EMA, near21, RVOL",4,https://www.tradingview.com/chart/?symbol=NASDAQ:SMCIP&interval=D,False,False,False
APPN,Appian Corporation,NASDAQ,Packaged Software,35.27,36.83,36.94,37.88,34.81,28.94,27.23,28.01,36.37,36.66,35.99,35.17,5.21,5.54,1.95,796863.5,878012.3333333334,30967495.0,33258229.0,1.45,0.34,2526330121.033966,-15.26,329,48.19,29,49.64,130,27.53,0.24,-4.52,0.68,0.42,4.9,0.204,27.53,False,False,False,True,False,True,True,True,False,True,False,True,False,False,True,False,2026-10-29,False,False,5,thin RVOL,"near21, ADR, RVOL",6,https://www.tradingview.com/chart/?symbol=NASDAQ:APPN&interval=D,False,False,False
INOD,Innodata Inc.,NASDAQ,Data Processing Services,65.76,65.77,60.24,59.72,60.66,74.22,63.75,61.18,65.33,62.76,68.04,64.75,6.58,6.22,4.09,2170855.0,1345899.0333333334,88506320.0,80376866.0,0.79,-0.03,2261003296.822229,17.01,49,-8.96,208,74.38,86,27.48,1.35,9.16,0.77,0.8,24.7,0.446,21.25,False,False,True,True,False,True,True,False,False,True,False,True,False,False,False,False,2026-11-05,False,False,5,thin RVOL,"EMA, near21",6,https://www.tradingview.com/chart/?symbol=NASDAQ:INOD&interval=D,False,False,False
HUT,Hut 8 Corp.,NASDAQ,Data Processing Services,86.1,97.23,94.36,90.39,92.93,101.9,88.5,79.76,94.39,93.73,93.71,85.73,8.14,8.77,7.55,4408126.100000011,4661634.699999998,401366748.0,421353506.0,1.76,0.55,10612640271.312729,8.4,99,-19.41,280,91.76,68,26.91,-0.84,-8.75,0.93,1.06,4.9,0.273,25.72,False,False,False,True,False,True,False,False,False,True,True,True,True,True,True,False,2026-11-18,False,False,6,,"near21, RVOL",4,https://www.tradingview.com/chart/?symbol=NASDAQ:HUT&interval=D,False,False,False
PRGO,Perrigo Company plc,NYSE,Pharmaceuticals: Major,14.76,14.43,14.24,14.27,13.2,11.93,11.61,12.28,14.58,14.25,15.14,14.73,4.11,4.25,0.63,3466422.9,2807815.0,41443349.0,40078751.0,0.74,0.47,2048234227.416,2.93,140,40.71,45,35.91,166,26.52,2.77,3.62,0.84,0.65,4.8,0.167,19.11,True,True,True,True,False,True,True,True,False,True,False,True,False,False,False,False,2026-11-11,False,False,5,thin RVOL,"EMA, near21, ADR",9,https://www.tradingview.com/chart/?symbol=NYSE:PRGO&interval=D,False,False,False
CBRL,"Cracker Barrel Old Country Store, Inc.",NASDAQ,Restaurants,52.62,48.92,49.72,51.94,53.75,47.87,41.69,38.79,50.56,50.72,53.8,52.06,5.0,5.03,2.65,1424419.7,1022840.6333333333,53821874.0,53129752.0,0.64,1.51,1176184874.2202744,-4.92,216,-4.67,185,87.93,73,26.11,-0.42,5.83,0.75,0.66,21.2,0.306,28.43,False,False,False,True,False,True,True,True,False,True,False,True,False,False,False,False,2026-11-27,False,False,5,thin RVOL,"near21, ADR",6,https://www.tradingview.com/chart/?symbol=NASDAQ:CBRL&interval=D,False,False,False
TGTX,"TG Therapeutics, Inc.",NASDAQ,Pharmaceuticals: Major,55.78,56.77,55.99,55.43,53.71,50.78,44.8,41.09,56.32,55.75,56.98,55.36,4.08,4.1,2.29,2039090.6,1939320.6,108175303.0,107496218.0,0.92,0.39,8538191178.663107,4.11,129,4.22,140,68.42,95,25.58,0.94,-0.38,0.01,0.71,18.6,0.09,28.11,False,False,False,True,True,True,True,True,True,True,False,True,False,False,False,False,2026-11-09,False,False,5,thin RVOL,"near21, ADR, BB",8,https://www.tradingview.com/chart/?symbol=NASDAQ:TGTX&interval=D,False,False,False
HOOD,"Robinhood Markets, Inc.",NASDAQ,Investment Banks/Brokers,112.5,118.53,116.34,112.41,105.04,99.53,91.86,94.38,116.69,114.51,123.49,111.95,5.2,5.63,6.34,21678911.9,23323093.9,2623848064.0,2621834503.0,1.63,5.5,101146758465.41043,8.78,93,-0.23,164,67.41,96,25.32,1.26,-3.3,0.31,1.82,8.7,0.196,23.7,False,False,False,True,False,True,False,False,False,True,True,True,True,True,True,False,2026-11-04,False,True,5,large gap,"near21, RVOL",4,https://www.tradingview.com/chart/?symbol=NASDAQ:HOOD&interval=D,False,False,False
SEI,"Solaris Energy Infrastructure, Inc.",NYSE,Oilfield Services/Equipment,71.18,69.08,65.11,61.0,59.35,65.95,64.45,61.04,68.32,65.44,72.04,67.32,5.19,5.96,4.24,2637564.7,2750743.3666666667,195797913.0,167793512.0,0.89,-0.47,5706197092.396255,41.71,14,-2.04,173,33.32,174,24.33,3.34,9.32,1.47,1.11,91.0,0.342,13.66,True,True,True,True,False,True,False,False,False,True,True,False,False,False,False,False,2026-11-02,False,False,4,"LoD>60% ATR, thin RVOL","EMA, near21",6,https://www.tradingview.com/chart/?symbol=NYSE:SEI&interval=D,True,False,False
CRDO,Credo Technology Group Holding Ltd,NASDAQ,Information Technology Services,194.79,190.46,176.27,193.45,208.78,219.36,190.57,176.65,190.4,190.83,195.56,186.81,4.85,6.94,13.51,8919356.0,8059428.266666667,1569896032.0,1559125949.0,0.7,0.11,36611155572.2717,-16.04,336,-25.09,324,113.84,51,24.24,-0.97,10.51,0.3,0.65,59.1,0.382,22.12,False,False,False,True,False,True,True,False,False,True,False,True,False,True,False,False,2026-12-02,False,False,6,,near21,5,https://www.tradingview.com/chart/?symbol=NASDAQ:CRDO&interval=D,False,False,False
GEO,Geo Group Inc (The) REIT,NYSE,Miscellaneous Commercial Services,30.47,30.93,31.13,31.4,31.22,29.04,25.07,22.84,30.89,31.07,31.32,30.28,4.5,4.34,1.32,2700287.5,2391253.8666666667,72861505.0,75089357.0,0.89,-0.71,4010448579.1766787,-5.78,226,-0.2,162,78.4,82,24.14,-0.55,-2.12,0.44,0.79,14.4,0.084,27.48,False,False,False,True,True,True,True,False,True,True,False,True,False,False,False,False,2026-11-05,False,False,5,thin RVOL,"near21, BB",7,https://www.tradingview.com/chart/?symbol=NYSE:GEO&interval=D,False,False,False
CXW,"CoreCivic, Inc.",NYSE,Miscellaneous Commercial Services,32.25,33.0,33.72,33.61,32.84,29.54,26.22,24.41,32.88,33.22,33.25,32.14,5.61,5.28,1.7,2383291.1,1975365.4666666666,63705536.0,66394009.0,0.74,-0.06,3189314991.9880624,-3.76,205,3.8,142,70.82,91,23.62,-0.34,-4.35,0.55,0.65,6.5,0.158,28.87,False,False,False,True,False,True,True,True,False,True,False,True,False,False,False,False,2026-11-09,False,False,5,thin RVOL,"near21, ADR",6,https://www.tradingview.com/chart/?symbol=NYSE:CXW&interval=D,False,False,False
LITE,Lumentum Holdings Inc.,NASDAQ,Electrical Products,971.26,939.84,921.06,909.48,869.67,867.18,839.34,738.07,941.01,922.76,1009.45,940.27,5.6,6.56,63.69,4854897.5,4348192.2,4223225156.0,3954606162.0,0.78,1.24,87122018161.81242,8.57,96,24.91,81,37.07,157,23.52,1.78,5.45,0.8,1.09,48.7,0.195,20.77,True,True,True,True,False,True,False,False,False,True,True,True,False,True,False,False,2026-11-10,False,False,6,,"EMA, near21",7,https://www.tradingview.com/chart/?symbol=NASDAQ:LITE&interval=D,False,False,False
DFTX,"Definium Therapeutics, Inc.",NASDAQ,Pharmaceuticals: Major,38.06,38.23,38.25,39.87,41.36,36.58,31.08,27.16,38.12,38.86,38.8,37.32,5.54,5.52,2.1,2378401.5999999987,2151447.066666664,81884075.0,85776043.0,1.01,0.55,5114006322.689348,-6.28,232,-12.23,228,88.88,70,23.46,-1.45,-0.51,0.37,0.71,35.4,0.106,37.32,False,False,False,True,True,True,True,True,False,True,False,True,False,False,False,False,2026-11-05,False,False,5,thin RVOL,"near21, ADR",7,https://www.tradingview.com/chart/?symbol=NASDAQ:DFTX&interval=D,False,False,False
ERO,Ero Copper Corp.,NYSE,Other Metals/Minerals,36.69,36.21,35.61,36.35,33.96,30.79,29.8,29.94,36.46,35.9,38.7,36.51,4.28,5.28,1.94,1289774.7,1522920.1,55875938.0,55359669.0,1.19,1.29,3826863619.0882187,-5.68,225,36.65,59,38.92,155,23.3,1.52,3.03,0.42,1.13,9.4,0.201,17.49,True,True,True,True,False,True,False,False,False,True,True,True,False,False,False,False,2026-11-10,False,False,5,thin RVOL,"EMA, near21",7,https://www.tradingview.com/chart/?symbol=NYSE:ERO&interval=D,False,False,False
DOCN,"DigitalOcean Holdings, Inc.",NYSE,Packaged Software,133.39,138.25,129.22,124.09,124.62,138.9,120.86,104.48,135.26,131.2,138.59,133.32,6.75,6.75,9.0,3120672.0,2592380.0,345797568.0,321685842.0,0.46,-0.12,15683934745.356714,19.59,41,-5.75,190,55.57,118,23.14,1.04,3.23,0.25,0.59,0.8,0.357,25.8,False,False,False,True,False,True,True,True,False,True,False,True,False,True,False,False,2026-11-09,False,False,6,,"near21, ADR",6,https://www.tradingview.com/chart/?symbol=NYSE:DOCN&interval=D,False,False,False
GCT,GigaCloud Technology Inc,NASDAQ,Wholesale Distributors,51.68,52.73,52.26,51.73,49.41,42.3,42.98,42.06,52.31,51.89,53.34,50.58,4.98,5.11,2.64,774246.5,603117.5666666667,31169116.0,31202187.0,0.78,1.69,1845505061.3132317,-0.9,175,53.81,24,16.45,218,23.12,0.9,-1.11,0.08,1.04,41.6,0.074,20.65,False,False,False,True,True,True,False,False,True,True,True,True,False,False,False,False,2026-11-26,False,False,5,thin RVOL,"near21, BB",6,https://www.tradingview.com/chart/?symbol=NASDAQ:GCT&interval=D,False,False,False
SANM,Sanmina Corporation,NASDAQ,Electronic Production Equipment,214.91,214.71,207.16,202.46,201.68,220.02,198.59,187.81,215.23,209.71,223.76,205.77,4.77,5.07,10.89,705825.3,618571.9333333333,132937294.0,125237723.0,1.36,0.39,11518607317.82315,10.3,85,-12.78,231,71.67,89,23.06,1.29,3.74,0.49,1.65,84.0,0.222,14.99,False,True,False,True,False,True,False,False,False,True,True,False,False,True,True,False,2026-11-09,False,False,5,LoD>60% ATR,"near21, RVOL",4,https://www.tradingview.com/chart/?symbol=NASDAQ:SANM&interval=D,False,False,False
GRML,Greenland Mines Ltd,NASDAQ,Miscellaneous Commercial Services,10.62,10.3,7.1,7.12,8.23,11.62,14.78,14.96,10.25,8.74,11.06,10.02,22.4,23.42,2.49,46465839.8,16040323.461333333,170348235.0,114244530.0,0.09,2.84,93744144.39903614,122.64,4,-15.04,244,-39.47,409,22.71,1.24,49.61,0.92,0.42,24.1,2.448,74.06,False,True,True,False,False,True,True,True,False,True,False,True,False,False,False,False,,False,True,3,"thin RVOL, below 200-MA, large gap","EMA, near21, ADR",7,https://www.tradingview.com/chart/?symbol=NASDAQ:GRML&interval=D,True,False,False
PARR,"Par Pacific Holdings, Inc. Common Stock",NYSE,Oil Refining/Marketing,81.62,80.11,81.41,79.88,79.29,69.7,66.09,59.17,79.82,80.06,84.4,79.26,5.32,5.34,4.36,1096775.9000000015,920836.4000000005,75158667.0,73561016.0,0.96,1.99,4089131545.9739494,0.18,163,40.92,44,26.03,195,22.38,0.55,0.26,0.36,1.18,54.0,0.137,27.25,True,True,False,True,True,True,False,False,False,True,True,True,False,False,False,False,2026-11-09,False,False,5,thin RVOL,near21,7,https://www.tradingview.com/chart/?symbol=NYSE:PARR&interval=D,False,False,False
MRX,Marex Group Limited,NASDAQ,Internet Software/Services,69.76,72.48,73.08,72.57,69.79,64.95,58.27,53.65,71.88,72.02,72.08,69.49,4.45,4.55,3.17,763178.9,746322.9666666667,52063490.0,54160658.0,1.05,-0.18,5017897304.444753,-4.14,209,6.55,126,64.03,99,22.15,-0.01,-4.54,0.69,0.82,8.5,0.131,27.85,False,False,False,True,False,True,True,False,False,True,False,True,False,False,False,False,2026-11-05,False,False,5,thin RVOL,near21,5,https://www.tradingview.com/chart/?symbol=NASDAQ:MRX&interval=D,False,False,False
DUOL,"Duolingo, Inc.",NASDAQ,Packaged Software,142.4,144.27,147.08,147.05,141.45,130.28,120.39,127.84,143.81,144.78,144.22,141.78,4.57,5.16,7.35,1071858.5,1136979.0666666667,161905819.0,167190498.0,0.83,0.62,6662327949.605946,-1.58,181,18.68,94,49.02,134,22.04,0.13,-3.18,0.32,0.33,8.4,0.161,18.74,False,False,False,True,False,True,True,True,False,True,False,True,False,False,False,False,2026-11-11,False,False,5,thin RVOL,"near21, ADR",6,https://www.tradingview.com/chart/?symbol=NASDAQ:DUOL&interval=D,False,False,False
TH,Target Hospitality Corp.,NASDAQ,Hotels/Resorts/Cruise lines,19.72,20.6,19.81,19.16,17.94,18.0,15.94,13.86,20.04,19.65,19.96,19.35,4.41,4.88,0.96,2190210.2,2033309.8666666667,40096871.0,38964995.0,0.65,0.67,1964573926.680498,8.8,92,-0.2,163,55.03,120,21.21,2.03,-0.47,0.08,0.63,38.5,0.209,34.15,False,False,False,True,True,True,True,True,False,True,False,True,False,False,False,False,2026-11-11,False,False,5,thin RVOL,"near21, ADR",7,https://www.tradingview.com/chart/?symbol=NASDAQ:TH&interval=D,False,False,False
KEEL,Keel Infrastructure Corp.,NASDAQ,Data Processing Services,3.53,3.83,3.64,3.53,3.65,4.39,3.76,3.44,3.7,3.67,3.72,3.52,6.75,7.83,0.28,30651155.7,33751735.53333333,119143626.0,119008619.0,0.62,3.63,2180033282.606145,10.31,83,-34.87,384,87.77,74,21.07,-0.42,-2.98,0.47,0.74,5.4,0.302,26.89,False,False,False,True,True,True,True,False,False,True,False,True,False,False,False,False,2026-11-16,False,True,4,"thin RVOL, large gap",near21,6,https://www.tradingview.com/chart/?symbol=NASDAQ:KEEL&interval=D,False,False,False
IONQ,"IonQ, Inc.",NYSE,Computer Processing Hardware,43.86,42.61,40.29,40.58,40.22,46.93,43.62,43.5,42.73,41.55,47.33,43.82,6.0,6.45,2.83,30048361.6,22303463.833333332,978229924.0,905134038.0,0.88,0.75,17769356655.468006,13.04,66,-14.19,238,63.66,103,20.84,1.4,8.86,0.86,1.24,1.6,0.288,15.3,False,True,True,True,False,True,False,False,False,True,True,True,False,True,False,False,2026-11-11,False,False,6,,"EMA, near21",6,https://www.tradingview.com/chart/?symbol=NYSE:IONQ&interval=D,False,False,False
RUM,RUM Group Inc.,NASDAQ,Internet Software/Services,7.56,8.45,8.3,8.55,7.75,7.51,6.93,6.75,8.16,8.24,8.32,7.55,7.52,8.05,0.61,5437925.4,5487439.6,41485043.0,46935900.0,0.89,3.37,3748324857.3886013,-13.8,309,18.96,93,56.85,114,20.67,-0.3,-8.88,1.03,1.27,1.6,0.286,22.5,False,False,False,True,False,True,False,False,False,True,True,True,False,False,False,False,2026-11-16,False,True,4,"thin RVOL, large gap",near21,4,https://www.tradingview.com/chart/?symbol=NASDAQ:RUM&interval=D,False,False,False
CLSK,"CleanSpark, Inc.",NASDAQ,Data Processing Services,12.88,13.99,13.42,12.96,13.05,14.16,12.97,12.58,13.59,13.41,13.7,12.87,6.54,6.9,0.89,17732360.2,17955157.633333333,231262430.0,232716798.0,0.78,2.63,3307804064.1382422,10.94,79,-5.64,189,56.69,115,20.66,-0.19,-4.03,0.58,0.93,1.1,0.261,12.25,False,False,False,True,False,True,True,False,False,True,False,True,False,False,False,False,2026-12-16,False,True,4,"thin RVOL, large gap",near21,5,https://www.tradingview.com/chart/?symbol=NASDAQ:CLSK&interval=D,False,False,False
TGB,Trekor Metals Limited,AMEX,Other Metals/Minerals,8.91,8.83,8.56,8.73,8.36,7.73,7.51,7.37,8.78,8.67,9.2,8.8,4.31,5.28,0.47,5732507.8,5461849.866666666,48665082.0,47696514.0,1.03,0.79,3261267849.1600313,-2.62,192,23.92,83,39.66,152,20.32,1.24,4.08,0.52,0.83,22.3,0.194,16.33,True,True,True,True,False,True,True,False,False,True,False,True,False,False,False,False,2026-11-04,False,False,5,thin RVOL,"EMA, near21",8,https://www.tradingview.com/chart/?symbol=AMEX:TGB&interval=D,False,False,False
MMED,"MiniMed Group, Inc.",NASDAQ,Medical Specialties,19.47,20.71,21.77,21.23,20.2,17.01,,,20.58,20.89,20.11,19.44,4.76,4.82,0.94,3066130.3,2535150.7666666666,49359385.0,53819138.0,1.31,0.15,5477883680.977545,-2.5,191,26.92,76,36.44,160,20.29,-0.75,-10.56,1.41,0.72,3.2,0.235,24.43,False,False,False,False,False,True,True,True,False,True,False,True,False,False,True,False,2026-12-30,False,False,4,"thin RVOL, below 200-MA","near21, ADR, RVOL",5,https://www.tradingview.com/chart/?symbol=NASDAQ:MMED&interval=D,False,False,False
GKOS,Glaukos Corporation,NYSE,Medical Specialties,164.19,159.07,166.84,172.06,171.55,153.39,140.84,134.5,160.94,165.18,165.64,157.29,4.16,4.15,6.82,969734.3,754676.4,123910318.0,129848364.0,1.0,-0.15,9684572689.193186,-8.1,254,19.35,92,49.55,131,20.26,-1.03,-1.59,0.14,1.22,101.2,0.225,22.57,False,False,False,True,True,True,False,False,False,True,True,False,False,False,False,False,2026-11-04,False,False,4,"LoD>60% ATR, thin RVOL",near21,4,https://www.tradingview.com/chart/?symbol=NYSE:GKOS&interval=D,False,False,False
RIOT,"Riot Platforms, Inc.",NASDAQ,Information Technology Services,20.15,22.91,21.92,21.24,21.08,22.9,20.63,19.29,22.06,21.83,21.8,20.11,6.54,7.46,1.5,17598183.1,16442122.533333333,331308769.0,349203279.0,0.72,1.82,7561467458.623188,7.01,107,-15.71,248,69.13,93,20.14,-0.59,-8.07,1.03,1.12,2.3,0.298,17.97,False,False,False,True,False,True,False,False,False,True,True,True,False,False,False,False,2026-11-10,False,False,5,thin RVOL,near21,4,https://www.tradingview.com/chart/?symbol=NASDAQ:RIOT&interval=D,False,False,False
QCOM,QUALCOMM Incorporated,NASDAQ,Semiconductors,184.04,190.8,183.87,176.99,171.04,188.57,172.45,169.21,188.31,183.84,188.34,183.15,5.06,4.76,8.76,16755197.1,13269929.466666667,2442197819.0,2348640393.0,0.44,0.42,193285050919.70776,11.68,71,1.03,155,46.96,136,19.89,1.6,0.09,0.02,0.59,10.2,0.212,11.73,False,False,False,True,True,True,True,True,False,True,False,True,False,True,False,False,2026-11-11,False,False,6,,"near21, ADR",7,https://www.tradingview.com/chart/?symbol=NASDAQ:QCOM&interval=D,False,False,False
IBRX,"ImmunityBio, Inc.",NASDAQ,Pharmaceuticals: Major,9.44,8.72,8.39,8.26,7.91,7.87,7.9,7.13,8.71,8.46,10.09,8.9,6.5,6.03,0.57,14575359.2,10582931.533333333,99902874.0,87432653.0,2.13,1.02,10004854620.684032,19.8,40,2.28,150,37.01,158,19.69,3.22,12.51,1.92,2.09,94.8,0.205,16.82,True,True,True,True,False,False,False,False,False,False,True,False,True,True,True,False,2026-11-05,False,False,5,LoD>60% ATR,"EMA, RVOL",5,https://www.tradingview.com/chart/?symbol=NASDAQ:IBRX&interval=D,False,False,False
CHYM,"Chime Financial, Inc.",NASDAQ,Packaged Software,26.64,27.97,30.6,31.33,29.45,24.17,23.14,23.48,28.02,29.38,26.97,26.36,4.61,4.94,1.32,7446127.5,7606998.133333334,202650430.0,238355144.0,0.67,0.45,10085507116.235294,-19.54,364,28.85,71,47.92,135,19.08,-1.93,-12.93,1.89,0.46,21.3,0.384,28.0,False,False,False,True,False,False,True,True,False,True,False,True,False,True,False,False,2026-11-11,False,False,6,,ADR,5,https://www.tradingview.com/chart/?symbol=NASDAQ:CHYM&interval=D,False,False,False
INFQ,"Infleqtion, Inc.",NYSE,Computer Processing Hardware,13.47,13.92,13.42,13.36,12.43,12.89,12.55,13.24,13.78,13.49,14.28,13.46,6.22,6.64,0.89,8728360.4,8395433.766666668,113086493.0,112196577.0,0.6,0.29,3035559368.1199427,6.82,109,-1.61,172,49.17,132,18.13,1.26,0.35,0.03,0.92,1.7,0.179,11.08,False,False,False,True,True,True,True,False,False,True,False,True,False,False,False,False,2026-12-02,False,False,5,thin RVOL,near21,6,https://www.tradingview.com/chart/?symbol=NYSE:INFQ&interval=D,False,False,False
CLS,"Celestica, Inc.",NYSE,Electronic Components,361.43,354.83,337.02,325.24,328.4,347.14,339.95,329.94,354.42,342.45,376.76,353.52,4.91,5.47,19.76,2325920.4,2176753.2,786743909.0,707958504.0,0.93,0.83,45580337542.550575,20.59,37,2.1,152,31.43,182,18.04,1.84,7.24,1.01,1.18,40.0,0.282,7.31,True,True,True,True,False,True,False,False,False,True,True,True,False,True,False,False,2026-10-26,False,False,6,,"EMA, near21",7,https://www.tradingview.com/chart/?symbol=NYSE:CLS&interval=D,False,False,False
ORKA,"Oruka Therapeutics, Inc.",NASDAQ,Pharmaceuticals: Major,83.29,89.01,90.84,93.85,96.09,84.63,73.89,63.39,87.29,90.58,86.51,82.26,5.57,5.93,4.94,1283997.8,960077.4666666667,79964852.0,90099430.0,1.26,1.44,5514605508.463056,-8.47,255,-8.31,204,69.88,92,17.7,-2.25,-8.31,1.36,0.86,20.8,0.193,39.27,False,False,False,True,False,True,True,False,False,True,False,True,False,False,True,False,2026-11-18,False,False,5,thin RVOL,"near21, RVOL",5,https://www.tradingview.com/chart/?symbol=NASDAQ:ORKA&interval=D,False,False,False
VSAT,"ViaSat, Inc.",NASDAQ,Telecommunications Equipment,70.38,73.23,73.05,72.55,75.22,73.49,66.89,60.5,72.17,72.91,71.29,68.51,4.89,5.63,3.96,1734135.0,1635237.8,115088036.0,118630234.0,0.72,0.61,9695253647.122013,5.03,120,-15.25,245,63.14,105,17.64,-1.14,-3.66,0.62,0.7,47.2,0.126,20.92,False,False,False,True,False,True,True,False,False,True,False,True,False,False,False,False,2026-11-11,False,False,5,thin RVOL,near21,5,https://www.tradingview.com/chart/?symbol=NASDAQ:VSAT&interval=D,False,False,False
SHOP,Shopify Inc.,NASDAQ,Miscellaneous Commercial Services,148.3,141.31,137.8,141.58,139.34,126.1,124.77,129.67,142.8,140.84,151.72,147.04,4.13,4.58,6.79,12048101.6,9119261.133333333,1352386426.0,1291077633.0,0.59,0.28,190809303486.40213,-1.59,183,24.57,82,29.7,185,17.56,1.4,7.62,1.16,0.69,18.6,0.228,11.15,True,True,True,True,False,True,True,False,False,True,False,True,False,True,False,False,2026-10-22,False,False,6,,"EMA, near21",8,https://www.tradingview.com/chart/?symbol=NASDAQ:SHOP&interval=D,False,False,False
VSH,"Vishay Intertechnology, Inc.",NYSE,Electronic Production Equipment,32.55,32.43,31.92,31.62,32.97,41.1,34.66,30.4,32.3,32.27,33.21,32.26,4.27,4.94,1.61,2968823.2,3481359.966666667,113318267.0,110075960.0,1.67,0.89,4992500043.585951,5.44,115,-35.56,388,82.46,78,17.45,-0.26,1.98,0.18,0.59,18.3,0.097,32.89,False,False,True,True,True,True,True,True,True,True,False,True,True,True,True,False,2026-11-11,False,False,6,,"EMA, near21, ADR, BB, RVOL",9,https://www.tradingview.com/chart/?symbol=NYSE:VSH&interval=D,False,False,False
AI,"C3.ai, Inc.",NYSE,Packaged Software,10.99,10.7,10.66,10.53,10.11,9.88,9.52,10.3,10.67,10.58,11.06,10.42,4.32,4.52,0.5,4347693.2,5091534.2,55955961.0,53608764.0,1.25,1.06,1728505702.4264991,4.17,128,16.14,100,31.93,179,17.41,1.91,3.07,0.85,1.29,114.8,0.084,10.67,True,True,True,True,False,True,False,False,True,True,True,False,False,False,True,False,2026-12-09,False,False,4,"LoD>60% ATR, thin RVOL","EMA, near21, BB, RVOL",7,https://www.tradingview.com/chart/?symbol=NYSE:AI&interval=D,False,False,False
WOLF,"Wolfspeed, Inc.",NYSE,Semiconductors,28.13,26.99,26.53,26.51,26.89,38.29,33.09,29.35,27.19,26.98,29.49,27.37,5.82,7.59,2.13,2423418.400000115,2947680.100000022,82918241.0,78143982.0,1.89,0.6,1488936853.0,8.69,95,-37.07,394,80.55,79,17.39,0.61,6.03,0.56,0.99,35.6,0.245,41.81,False,True,True,False,False,True,True,False,False,True,False,True,True,True,True,False,2026-10-28,False,False,5,below 200-MA,"EMA, near21, RVOL",6,https://www.tradingview.com/chart/?symbol=NYSE:WOLF&interval=D,False,False,False
IT,"Gartner, Inc.",NYSE,Internet Software/Services,186.54,183.95,184.24,188.06,180.01,163.06,160.69,173.6,184.91,184.67,190.5,183.0,4.18,4.31,8.05,1034139.6,1088381.9333333333,203026766.0,204682920.0,0.74,0.27,11779810252.43648,-5.47,219,37.44,53,19.79,211,17.25,0.84,1.25,0.23,0.93,44.0,0.166,12.63,True,True,True,True,True,True,True,False,False,True,False,True,False,True,False,False,2026-11-03,False,False,6,,"EMA, near21",9,https://www.tradingview.com/chart/?symbol=NYSE:IT&interval=D,False,False,False
HIVE,HIVE Digital Technologies Ltd,NASDAQ,Information Technology Services,2.95,3.24,3.12,3.04,2.96,3.32,2.96,2.9,3.13,3.1,3.09,2.93,5.64,6.6,0.19,13139330.599999994,16602141.5,48976317.0,50517550.0,0.94,2.66,809118164.1058824,6.5,110,-17.83,266,62.98,106,17.22,-0.06,-5.3,0.74,0.82,10.3,0.264,14.23,False,False,False,True,False,True,True,False,False,True,False,True,False,False,False,False,2026-11-16,False,True,4,"thin RVOL, large gap",near21,5,https://www.tradingview.com/chart/?symbol=NASDAQ:HIVE&interval=D,False,False,False
KSS,Kohl's Corporation,NYSE,Department Stores,18.46,17.61,17.71,17.77,18.3,17.06,16.04,16.94,17.83,17.77,19.24,18.16,4.6,5.06,0.93,3997686.7,4552425.566666666,84037776.0,80911777.0,1.13,1.69,2092929083.6091707,6.95,108,-2.59,175,46.74,137,17.04,0.17,4.23,0.76,1.15,31.6,0.215,12.21,True,True,True,True,False,True,False,False,False,True,True,True,False,False,False,False,2026-11-12,False,False,5,thin RVOL,"EMA, near21",7,https://www.tradingview.com/chart/?symbol=NYSE:KSS&interval=D,False,False,False
W,Wayfair Inc.,NYSE,Specialty Stores,102.56,101.57,100.72,101.36,99.7,89.13,84.23,88.22,101.13,101.01,105.79,101.93,4.57,4.72,4.84,2504055.6,2331380.6333333333,239106398.0,236306410.0,1.25,1.81,14047454038.919472,0.18,164,6.52,127,41.12,145,15.94,0.61,1.82,0.32,0.8,13.0,0.124,16.91,True,True,True,True,True,True,True,False,False,True,False,True,False,True,True,False,2026-10-29,False,False,6,,"EMA, near21, RVOL",9,https://www.tradingview.com/chart/?symbol=NYSE:W&interval=D,False,False,False
CLF,Cleveland-Cliffs Inc.,NYSE,Steel,11.01,12.07,12.09,11.86,11.86,11.57,10.86,11.4,11.76,11.89,11.62,10.97,4.93,5.46,0.6,17068702.6,15039162.333333334,165581177.0,178359452.0,0.97,0.82,6281645961.0,-6.3,233,14.09,104,36.09,164,14.63,-1.31,-8.9,1.36,1.08,6.7,0.172,11.16,False,False,False,False,False,True,False,False,False,True,True,True,False,False,False,False,2026-10-26,False,False,4,"thin RVOL, below 200-MA",near21,3,https://www.tradingview.com/chart/?symbol=NYSE:CLF&interval=D,False,False,False
BLSH,Bullish,NYSE,Packaged Software,34.89,37.8,36.35,34.73,30.36,29.79,32.58,33.53,36.75,35.63,37.37,34.72,7.18,6.78,2.36,1431463.5,1573928.0,54914348.0,54666192.0,0.45,3.31,5244043813.737949,6.02,111,34.19,61,2.59,259,14.27,2.2,-4.01,0.31,1.12,7.0,0.265,22.96,False,False,False,True,False,True,False,False,False,True,True,True,False,False,False,False,2026-11-25,False,True,4,"thin RVOL, large gap",near21,4,https://www.tradingview.com/chart/?symbol=NYSE:BLSH&interval=D,False,False,False
WRBY,Warby Parker Inc.,NYSE,Specialty Stores,27.78,24.91,24.63,25.09,25.53,26.1,25.19,25.21,25.63,25.2,28.33,27.03,6.07,6.1,1.69,4231773.7,2995886.7,83225733.0,75171790.0,0.98,1.64,3433831476.801602,11.48,74,-6.02,192,34.66,173,13.37,1.45,12.79,1.68,0.77,44.3,0.233,5.29,True,True,True,True,False,False,True,False,False,False,False,True,False,False,False,False,2026-11-05,False,False,5,thin RVOL,EMA,7,https://www.tradingview.com/chart/?symbol=NYSE:WRBY&interval=D,False,False,False
WDC,Western Digital Corporation,NASDAQ,Computer Peripherals,454.46,452.0,450.07,452.32,470.9,513.38,452.79,397.38,452.5,454.11,463.89,446.24,4.96,5.79,26.33,7542092.200000001,6378863.666666661,2898938382.0,2885266351.0,0.91,-0.06,163851432323.15018,-0.53,170,-23.68,313,63.37,104,13.05,-0.6,0.97,0.01,0.67,31.2,0.166,25.53,False,False,False,True,True,True,True,False,False,True,False,True,False,True,False,False,2026-10-22,False,False,6,,near21,6,https://www.tradingview.com/chart/?symbol=NASDAQ:WDC&interval=D,False,False,False
FLEX,Flex Ltd.,NASDAQ,Electronic Production Equipment,109.99,111.98,110.91,110.72,114.61,128.61,110.88,99.15,111.98,112.11,114.02,109.61,4.37,4.86,5.34,3638612.8000000017,3133102.933333325,344609992.0,346898201.0,0.91,-0.11,40630631575.42458,-0.33,169,-27.84,341,67.01,97,12.95,-0.83,-0.83,0.39,0.83,7.1,0.102,26.79,False,False,False,True,True,True,True,False,False,True,False,True,False,True,False,False,2026-11-04,False,False,6,,near21,6,https://www.tradingview.com/chart/?symbol=NASDAQ:FLEX&interval=D,False,False,False
NAVN,"Navan, Inc.",NASDAQ,Packaged Software,20.99,20.61,22.43,24.63,25.66,23.87,20.15,18.52,20.91,22.43,21.38,20.66,4.75,5.97,1.25,4412787.2,4106873.8,86203281.0,101165991.0,0.74,0.82,5470739103.405508,-26.01,412,-11.1,216,74.48,85,12.46,-3.05,-6.43,1.08,0.57,26.3,0.496,34.03,False,False,False,True,False,True,True,True,False,True,False,True,False,False,False,False,2026-12-15,False,False,5,thin RVOL,"near21, ADR",6,https://www.tradingview.com/chart/?symbol=NASDAQ:NAVN&interval=D,False,False,False
HIMS,"Hims & Hers Health, Inc.",NYSE,Medical/Nursing Services,29.79,29.0,28.5,29.26,29.42,29.76,27.48,27.62,29.02,29.0,31.03,29.09,5.47,5.86,1.75,10715361.7,10743300.033333333,320042908.0,314356121.0,1.45,1.6,6950406788.027875,3.91,133,-20.84,287,54.27,122,12.44,0.22,4.54,0.46,1.11,40.1,0.112,7.63,True,True,True,True,False,True,False,False,False,True,True,True,False,False,True,False,2026-11-09,False,False,5,thin RVOL,"EMA, near21, RVOL",7,https://www.tradingview.com/chart/?symbol=NYSE:HIMS&interval=D,False,False,False
IREN,IREN Limited,NASDAQ,Data Processing Services,40.88,44.72,44.02,42.64,41.38,46.69,45.43,45.54,43.45,43.36,42.4,40.6,6.02,6.78,2.77,35717267.9,39329531.96666667,1607791267.0,1676945694.0,0.71,1.86,16087811251.387144,14.16,62,-3.87,180,26.37,194,12.22,-0.18,-7.12,0.84,0.65,10.1,0.221,12.97,False,False,False,False,False,True,True,True,False,True,False,True,False,True,False,False,2026-12-01,False,False,5,below 200-MA,"near21, ADR",5,https://www.tradingview.com/chart/?symbol=NASDAQ:IREN&interval=D,False,False,False
ASAN,"Asana, Inc.",NYSE,Packaged Software,8.43,9.12,9.15,9.36,9.01,8.07,7.58,8.45,8.91,9.09,8.72,8.22,6.93,7.2,0.61,9760240.1,7503317.233333333,63252964.0,70228548.0,0.5,0.36,1930218005.4823813,-15.87,335,16.44,99,34.99,170,11.85,-0.89,-7.89,1.01,0.82,34.6,0.247,18.63,False,False,False,False,False,True,True,False,False,True,False,True,False,False,False,False,2026-12-08,False,False,4,"thin RVOL, below 200-MA",near21,4,https://www.tradingview.com/chart/?symbol=NYSE:ASAN&interval=D,False,False,False
FPS,"Forgent Power Solutions, Inc.",NYSE,Electrical Products,37.44,38.28,34.67,33.76,34.95,42.86,39.93,,37.11,35.93,38.23,36.85,5.94,6.21,2.32,11207561.2,8968467.266666668,335779414.0,302760507.0,0.84,0.94,11397818048.20645,22.67,32,-22.64,304,34.92,172,11.65,1.15,8.0,0.68,0.59,25.2,0.447,21.89,False,False,True,False,False,True,True,True,False,True,False,True,False,True,False,False,2026-12-02,False,False,5,below 200-MA,"EMA, near21, ADR",6,https://www.tradingview.com/chart/?symbol=NYSE:FPS&interval=D,False,False,False
WTTR,"Select Water Solutions, Inc.",NYSE,Oil & Gas Production,19.79,20.0,20.17,19.97,20.0,19.45,18.02,16.47,19.9,20.01,20.22,19.43,4.24,4.49,0.89,2179445.4,1626947.8666666667,32197298.0,32497741.0,0.59,2.22,2551779741.322647,0.66,161,3.78,143,30.2,183,11.54,-0.23,-1.86,0.24,0.89,40.5,0.088,18.69,False,False,False,True,True,True,True,False,True,True,False,True,False,False,False,False,2026-11-03,False,True,4,"thin RVOL, large gap","near21, BB",7,https://www.tradingview.com/chart/?symbol=NYSE:WTTR&interval=D,False,False,False
FSLY,"Fastly, Inc.",NASDAQ,Information Technology Services,25.67,25.93,24.21,23.87,24.04,21.26,22.71,19.8,25.5,24.87,26.91,25.2,10.39,9.54,2.45,11188548.4,7021628.066666666,180245192.0,167580516.0,0.57,-0.31,4089231005.037284,11.61,72,39.47,48,-16.66,327,11.48,0.71,6.03,0.34,0.7,19.2,0.379,23.86,False,False,True,True,False,True,True,True,False,True,False,True,False,False,False,False,2026-11-04,False,False,5,thin RVOL,"EMA, near21, ADR",7,https://www.tradingview.com/chart/?symbol=NASDAQ:FSLY&interval=D,False,False,False
BLLN,"BillionToOne, Inc.",NASDAQ,Medical/Nursing Services,106.44,114.53,107.22,103.03,108.51,107.04,97.35,95.13,113.42,109.47,118.48,105.61,6.79,6.72,7.15,770041.7,631355.4,67201469.0,65048231.0,1.36,0.25,5022588155.540023,15.07,57,-13.83,235,33.15,177,11.46,-0.28,-0.73,0.41,1.8,11.6,0.337,18.23,False,False,False,True,True,True,False,False,False,True,True,True,False,False,True,False,2026-12-15,False,False,5,thin RVOL,"near21, RVOL",5,https://www.tradingview.com/chart/?symbol=NASDAQ:BLLN&interval=D,False,False,False
RMBS,"Rambus, Inc.",NASDAQ,Semiconductors,106.76,100.08,92.36,91.21,93.28,111.89,109.66,107.74,100.27,96.11,107.64,101.42,4.69,4.99,5.33,3500750.0,2453357.566666667,261920454.0,223770744.0,0.71,0.0,11579360859.107836,23.79,30,-14.04,237,24.57,198,11.44,2.9,15.59,2.22,1.17,100.3,0.406,18.3,False,True,True,False,False,False,False,False,False,False,True,False,False,True,False,False,2026-11-02,False,False,4,"LoD>60% ATR, below 200-MA",EMA,3,https://www.tradingview.com/chart/?symbol=NASDAQ:RMBS&interval=D,False,False,False
MARA,"MARA Holdings, Inc.",NASDAQ,Data Processing Services,11.33,12.6,12.02,11.67,11.31,12.3,11.47,10.97,12.2,11.99,12.35,11.3,7.21,7.56,0.86,46054635.2,49363167.8,559284691.0,576216258.0,0.88,2.67,4376771171.055046,5.1,119,-16.87,256,45.59,142,11.27,0.03,-5.72,0.73,1.23,3.5,0.283,14.42,False,False,False,True,False,True,False,False,False,True,True,True,False,False,False,False,2026-11-11,False,True,4,"thin RVOL, large gap",near21,4,https://www.tradingview.com/chart/?symbol=NASDAQ:MARA&interval=D,False,False,False
KMX,CarMax Inc,NYSE,Specialty Stores,55.11,57.22,59.13,60.09,59.39,53.66,49.56,48.05,57.51,58.48,59.14,55.0,4.86,4.87,2.69,4743929.0,2669848.3666666667,147135343.0,160430298.0,1.44,-0.15,7820719945.942935,-11.71,280,6.12,130,39.04,153,11.15,-1.48,-6.8,1.18,1.54,4.1,0.152,20.58,False,False,False,True,False,True,False,False,False,True,True,True,False,False,True,False,2026-12-17,False,False,5,thin RVOL,"near21, RVOL",4,https://www.tradingview.com/chart/?symbol=NYSE:KMX&interval=D,False,False,False
SYNA,Synaptics Incorporated,NASDAQ,Semiconductors,101.4,97.74,96.74,96.68,101.45,115.53,103.69,98.43,98.82,98.26,102.1,99.68,4.28,4.26,4.32,532199.2,669445.5666666667,67878433.0,64719654.0,0.91,0.63,4024612286.2835593,5.86,112,-19.45,281,46.12,140,10.84,-0.01,4.81,0.75,0.56,39.7,0.144,18.53,False,False,True,True,False,True,True,True,False,True,False,True,False,False,False,False,2026-11-05,False,False,5,thin RVOL,"EMA, near21, ADR",7,https://www.tradingview.com/chart/?symbol=NASDAQ:SYNA&interval=D,False,False,False
VCYT,"Veracyte, Inc.",NASDAQ,Medical Specialties,46.04,44.04,43.08,43.09,45.46,48.12,43.25,42.49,44.59,43.95,46.78,45.6,5.41,5.23,2.41,1768872.7,1433777.7333333334,66011127.0,61787457.0,0.65,-0.33,3701189439.599827,8.76,94,-23.16,310,46.25,138,10.62,0.24,6.88,0.91,0.49,18.3,0.231,12.22,False,True,True,True,False,True,True,True,False,True,False,True,False,False,False,False,2026-11-10,False,False,5,thin RVOL,"EMA, near21, ADR",8,https://www.tradingview.com/chart/?symbol=NASDAQ:VCYT&interval=D,False,False,False
EAT,"Brinker International, Inc.",NYSE,Restaurants,193.53,202.32,210.33,219.62,218.81,188.12,173.87,169.35,203.5,209.57,200.14,190.83,4.63,4.79,9.26,1927384.7,1286276.8666666667,248933162.0,282491268.0,0.77,-0.62,8082782571.822058,-15.75,333,11.69,114,35.79,167,10.58,-2.41,-7.99,1.6,1.01,29.2,0.205,25.56,False,False,False,True,False,False,False,False,False,False,True,True,False,False,False,False,2026-11-04,False,False,5,thin RVOL,,3,https://www.tradingview.com/chart/?symbol=NYSE:EAT&interval=D,False,False,False
AFRM,"Affirm Holdings, Inc.",NASDAQ,Finance/Rental/Leasing,69.23,70.12,70.93,72.63,73.38,73.19,66.61,66.74,70.04,71.18,70.66,68.92,4.44,4.97,3.44,4145028.7,5252322.033333333,363618254.0,381496283.0,0.66,0.55,23359674305.31919,-8.67,258,-18.12,270,58.02,113,10.41,-1.14,-2.4,0.55,0.51,9.0,0.112,9.78,False,False,False,True,True,True,True,True,False,True,False,True,False,True,False,False,2026-11-11,False,False,6,,"near21, ADR",7,https://www.tradingview.com/chart/?symbol=NASDAQ:AFRM&interval=D,False,False,False
ARXS,"Arxis, Inc.",NASDAQ,Aerospace & Defense,49.39,50.36,51.0,51.74,52.09,46.61,,,50.12,50.88,49.9,48.06,4.97,4.88,2.41,1424214.2,848794.8,41921975.0,43914379.0,1.7,0.0,21278512853.375435,-5.58,223,6.22,128,29.97,184,10.2,-1.06,-3.16,0.6,0.77,55.2,0.118,11.1,False,False,False,False,False,True,True,False,False,True,False,True,True,True,True,False,2026-12-02,False,False,5,below 200-MA,"near21, RVOL",4,https://www.tradingview.com/chart/?symbol=NASDAQ:ARXS&interval=D,False,False,False
PAY,"Paymentus Holdings, Inc.",NYSE,Miscellaneous Commercial Services,30.64,31.96,34.11,35.37,36.0,30.2,28.8,28.64,31.76,33.47,30.92,29.54,4.83,5.16,1.58,1397056.3,1203042.3333333333,36861217.0,42553211.0,0.94,-1.53,3858790773.866667,-14.13,314,19.55,91,25.16,196,10.2,-2.89,-10.16,1.64,0.87,69.6,0.317,24.03,False,False,False,True,False,False,True,False,False,False,False,False,False,False,False,False,2026-11-09,False,False,4,"LoD>60% ATR, thin RVOL",,3,https://www.tradingview.com/chart/?symbol=NYSE:PAY&interval=D,False,False,False
NWL,Newell Brands Inc.,NASDAQ,Industrial Machinery,5.28,5.52,5.73,5.83,5.8,5.2,4.81,4.66,5.51,5.65,5.39,5.21,4.0,4.86,0.26,5344830.0,6293157.533333333,33227872.0,36659740.0,0.97,0.56,2248752040.691729,-12.58,289,-10.36,211,53.04,126,10.03,-1.84,-7.79,1.35,0.7,27.2,0.19,21.6,False,False,False,True,False,True,True,False,False,True,False,True,False,False,False,False,2026-10-23,False,False,5,thin RVOL,near21,5,https://www.tradingview.com/chart/?symbol=NASDAQ:NWL&interval=D,False,False,False
ETSY,"Etsy, Inc.",NYSE,Internet Retail,71.49,71.44,73.25,76.35,78.7,74.88,68.79,65.49,71.33,73.5,73.22,69.53,4.07,4.48,3.2,3717337.6,3190205.533333333,228067794.0,243563685.0,1.03,1.02,6561477444.742638,-13.9,312,-2.68,176,45.9,141,9.77,-2.04,-2.4,0.61,1.15,61.2,0.194,18.48,False,False,False,True,True,True,False,False,False,True,True,False,False,False,False,False,2026-11-04,False,False,4,"LoD>60% ATR, thin RVOL",near21,4,https://www.tradingview.com/chart/?symbol=NYSE:ETSY&interval=D,False,False,False
TSEM,Tower Semiconductor Ltd.,NASDAQ,Semiconductors,227.43,227.94,217.96,216.97,224.91,239.4,218.54,195.47,225.52,222.53,236.0,226.01,4.54,5.85,13.3,2496181.3,1701090.6,386879035.0,369079107.0,0.32,-0.11,25659776107.88653,8.17,100,-6.16,193,27.06,191,9.69,0.19,4.35,0.38,0.75,10.7,0.235,19.32,False,False,True,True,False,True,True,False,False,True,False,True,False,True,False,False,2026-11-16,False,False,6,,"EMA, near21",6,https://www.tradingview.com/chart/?symbol=NASDAQ:TSEM&interval=D,False,False,False
BTBT,"Bit Digital, Inc.",NASDAQ,Miscellaneous Commercial Services,1.63,1.72,1.64,1.59,1.52,1.68,1.64,1.73,1.68,1.64,1.73,1.63,6.59,7.44,0.12,26325509.7,31264696.1,50961455.0,49778607.0,0.69,4.24,587832619.8181819,14.79,59,-10.44,212,24.43,199,9.59,0.99,-0.61,0.09,0.82,0.0,0.31,13.21,False,False,False,False,True,True,True,False,False,True,False,True,False,False,False,False,2026-11-12,False,True,3,"thin RVOL, below 200-MA, large gap",near21,5,https://www.tradingview.com/chart/?symbol=NASDAQ:BTBT&interval=D,False,False,False
VIAV,Viavi Solutions Inc.,NASDAQ,Information Technology Services,41.92,38.17,37.04,37.22,38.14,42.98,41.51,36.51,39.09,38.12,42.58,39.91,5.15,5.77,2.42,6322842.799999999,4889908.466666658,204984963.0,181986093.0,0.89,0.07,10343752888.034433,13.54,63,-9.66,209,24.8,197,9.56,1.72,13.18,1.73,1.1,83.1,0.291,15.44,False,True,True,True,False,False,False,False,False,False,True,False,False,True,False,False,2026-10-29,False,False,5,LoD>60% ATR,EMA,4,https://www.tradingview.com/chart/?symbol=NASDAQ:VIAV&interval=D,False,False,False
COIN,"Coinbase Global, Inc.",NASDAQ,Investment Banks/Brokers,186.41,193.1,185.63,183.81,171.94,171.41,177.55,186.14,190.27,185.86,198.66,184.29,5.68,6.05,11.27,9558061.3,10631983.9,1981908119.0,1954279137.0,0.83,2.88,49181855170.0,4.43,123,12.85,108,11.2,238,9.49,1.39,0.42,0.05,1.27,18.8,0.239,11.64,False,False,False,True,True,True,False,False,False,True,True,True,False,True,False,False,2026-10-29,False,True,5,large gap,near21,5,https://www.tradingview.com/chart/?symbol=NASDAQ:COIN&interval=D,False,False,False
WK,Workiva Inc.,NYSE,Information Technology Services,66.57,70.09,72.24,73.6,69.14,59.57,59.16,63.96,69.46,70.87,67.06,64.85,4.33,4.64,3.09,1121780.8,954079.0,63513039.0,70217352.0,1.63,0.21,3622505674.4159627,-14.53,317,31.07,67,11.36,237,9.3,-0.8,-7.85,1.31,0.72,55.7,0.18,19.65,False,False,False,True,False,True,True,False,False,True,False,True,True,True,True,False,2026-11-04,False,False,6,,"near21, RVOL",5,https://www.tradingview.com/chart/?symbol=NYSE:WK&interval=D,False,False,False
SM,SM Energy Company,NYSE,Integrated Oil,33.78,34.64,36.46,36.54,34.71,32.45,31.07,28.21,34.69,35.42,34.9,33.04,4.15,4.44,1.5,4546713.9,4021424.2333333334,135843711.0,146960268.0,0.86,0.33,8034710461.440654,-10.59,272,28.64,73,8.83,242,8.96,-0.6,-7.35,1.04,1.24,49.4,0.241,24.43,False,False,False,True,False,True,False,False,False,True,True,True,False,False,False,False,2026-10-29,False,False,5,thin RVOL,near21,4,https://www.tradingview.com/chart/?symbol=NYSE:SM&interval=D,False,False,False
ARQT,"Arcutis Biotherapeutics, Inc.",NASDAQ,Pharmaceuticals: Major,26.43,26.57,25.32,25.15,25.79,25.02,24.54,25.24,26.36,25.86,27.39,26.41,5.58,4.82,1.27,4486965.9,2933041.3666666667,77520283.0,73768435.0,0.5,0.93,3322038586.7831774,11.28,78,2.2,151,12.95,232,8.81,0.52,4.37,0.46,0.77,1.6,0.225,7.66,False,False,True,True,False,True,True,True,False,True,False,True,False,False,False,False,2026-10-29,False,False,5,thin RVOL,"EMA, near21, ADR",7,https://www.tradingview.com/chart/?symbol=NASDAQ:ARQT&interval=D,False,False,False
IOT,Samsara Inc.,NYSE,Packaged Software,38.13,38.62,39.14,39.44,38.77,36.02,34.22,33.64,38.62,38.98,38.95,37.84,4.87,5.23,1.99,5079330.1,6843229.8,260932352.0,269896983.0,0.86,0.21,22329127519.21675,-6.5,236,12.11,112,20.55,208,8.72,-0.31,-2.58,0.42,0.56,14.6,0.145,14.44,False,False,False,True,True,True,True,True,False,True,False,True,False,True,False,False,2026-11-26,False,False,6,,"near21, ADR",7,https://www.tradingview.com/chart/?symbol=NYSE:IOT&interval=D,False,False,False
SEZL,Sezzle Inc.,NASDAQ,Packaged Software,108.04,110.85,115.22,117.01,129.1,134.79,114.27,102.68,110.95,115.23,109.76,106.0,4.59,5.37,5.8,609373.9,459874.60000000015,49684852.0,53810693.0,0.77,0.0,3638248607.041215,-12.21,284,-38.59,400,76.85,84,8.68,-3.04,-6.23,1.16,0.65,35.2,0.178,29.72,False,False,False,True,False,True,True,False,False,True,False,True,False,False,False,False,2026-11-05,False,False,5,thin RVOL,near21,5,https://www.tradingview.com/chart/?symbol=NASDAQ:SEZL&interval=D,False,False,False
PGY,Pagaya Technologies Ltd.,NASDAQ,Packaged Software,17.32,18.94,20.27,20.74,20.28,17.92,16.1,16.98,18.63,19.62,17.72,17.23,6.55,6.6,1.14,2993326.8999999957,2419524.4333333327,41906163.0,50180130.0,0.51,1.21,1444935706.544617,-20.17,372,-7.48,202,53.41,124,8.59,-2.21,-14.55,1.78,0.43,8.3,0.36,24.1,False,False,False,True,False,False,True,True,False,True,False,True,False,False,False,False,2026-11-17,False,False,5,thin RVOL,ADR,5,https://www.tradingview.com/chart/?symbol=NASDAQ:PGY&interval=D,False,False,False
GDDY,GoDaddy Inc.,NYSE,Data Processing Services,95.51,97.62,98.5,98.37,96.32,91.13,89.07,93.69,96.96,97.52,96.64,93.87,5.23,5.22,4.98,3615340.4,2372879.2,226633692.0,233409053.0,0.47,0.43,12096121997.589838,-1.8,187,9.12,120,18.04,215,8.45,-0.16,-3.03,0.39,0.55,32.9,0.147,9.87,False,False,False,True,False,True,True,True,False,True,False,True,False,True,False,False,2026-10-29,False,False,6,,"near21, ADR",6,https://www.tradingview.com/chart/?symbol=NYSE:GDDY&interval=D,False,False,False
SNAP,Snap Inc.,NYSE,Packaged Software,5.4,5.46,5.53,5.5,5.31,5.24,5.22,5.65,5.43,5.46,5.69,5.39,4.65,5.0,0.27,31564748.2,34125190.3,184276028.0,187586171.0,1.28,1.87,9132468247.415731,-2.7,193,13.92,105,13.92,227,8.38,0.35,-2.43,0.22,1.11,3.7,0.127,7.81,False,False,False,False,True,True,False,False,False,True,True,True,False,False,True,False,2026-10-15,False,False,4,"thin RVOL, below 200-MA","near21, RVOL",4,https://www.tradingview.com/chart/?symbol=NYSE:SNAP&interval=D,False,False,False
QUBT,Quantum Computing Inc.,NASDAQ,Information Technology Services,8.45,8.79,8.38,8.37,8.41,9.21,8.82,9.22,8.63,8.53,8.83,8.44,4.6,4.97,0.42,8215956.0,7098364.266666667,59981178.0,59401478.0,0.68,0.95,1912630999.3617017,4.39,125,-11.47,220,32.03,178,8.31,0.1,0.84,0.19,0.94,3.6,0.221,9.9,False,False,False,False,True,True,True,False,False,True,False,True,False,False,False,False,2026-11-18,False,False,4,"thin RVOL, below 200-MA",near21,5,https://www.tradingview.com/chart/?symbol=NASDAQ:QUBT&interval=D,False,False,False
FIGS,"FIGS, Inc.",NYSE,Apparel/Footwear,13.86,13.16,13.48,13.98,13.19,12.25,13.22,12.75,13.42,13.48,14.38,13.73,4.8,4.93,0.68,2578371.7,2562526.3666666667,35516615.0,35828389.0,1.31,0.64,2302703780.2233286,-10.23,266,37.91,52,-2.74,271,8.31,1.03,2.8,0.58,0.95,19.0,0.227,8.87,True,True,False,True,True,True,True,False,False,True,False,True,False,False,True,False,2026-11-05,False,False,5,thin RVOL,"near21, RVOL",8,https://www.tradingview.com/chart/?symbol=NYSE:FIGS&interval=D,False,False,False
CCC,CCC Intelligent Solutions Holdings Inc.,NASDAQ,Packaged Software,6.66,6.65,6.79,7.0,6.78,5.89,5.81,6.15,6.69,6.77,6.75,6.57,4.28,4.57,0.3,13123610.5,11130583.233333332,74129684.0,77958605.0,0.41,-0.15,3922704589.6504555,-10.24,267,21.09,90,12.31,234,7.72,-0.38,-1.86,0.34,0.59,29.6,0.164,14.69,False,False,False,True,True,True,True,True,False,True,False,True,False,False,False,False,2026-10-29,False,False,5,thin RVOL,"near21, ADR",7,https://www.tradingview.com/chart/?symbol=NASDAQ:CCC&interval=D,False,False,False
BULL,Webull Corporation,NASDAQ,Packaged Software,6.97,7.56,8.36,8.58,8.16,7.49,6.95,7.09,7.54,7.98,7.36,6.94,5.88,6.36,0.44,12332812.4,17489328.533333335,121900620.0,150000141.0,0.65,2.09,3692457910.772664,-25.81,411,-4.52,184,52.85,127,7.51,-2.3,-16.64,1.99,0.95,6.8,0.465,20.23,False,False,False,False,False,False,True,False,False,False,False,True,False,False,False,False,2026-11-19,False,True,3,"thin RVOL, below 200-MA, large gap",,3,https://www.tradingview.com/chart/?symbol=NASDAQ:BULL&interval=D,False,False,False
CRWV,"CoreWeave, Inc.",NASDAQ,Packaged Software,87.12,85.62,86.56,86.66,86.41,93.01,93.83,92.14,86.35,86.57,89.72,86.38,4.82,6.08,5.3,36948122.0,26170234.266666666,2279950809.0,2267825267.0,0.61,2.49,48049867507.18212,5.43,116,0.99,156,14.99,224,7.14,0.14,0.65,0.1,0.63,14.0,0.218,9.43,False,True,False,False,True,True,True,False,False,True,False,True,False,True,False,False,2026-11-16,False,True,4,"below 200-MA, large gap",near21,6,https://www.tradingview.com/chart/?symbol=NASDAQ:CRWV&interval=D,False,False,False
GLXY,Galaxy Digital Inc.,NASDAQ,Investment Banks/Brokers,22.74,24.44,24.54,24.29,23.06,25.83,24.85,24.9,24.0,24.09,24.27,22.66,6.57,7.26,1.65,4907954.4,5340964.6,121453535.0,129708886.0,0.93,2.73,8888817719.022108,-1.77,186,-13.77,234,35.92,165,6.8,-0.19,-7.33,0.77,0.97,4.5,0.253,12.15,False,False,False,False,False,True,True,False,False,True,False,True,False,False,False,False,2026-10-27,False,True,3,"thin RVOL, below 200-MA, large gap",near21,4,https://www.tradingview.com/chart/?symbol=NASDAQ:GLXY&interval=D,False,False,False
JHX,James Hardie Industries plc.,NYSE,Construction Materials,25.31,26.06,27.34,28.2,28.25,25.9,24.16,23.85,26.15,27.03,25.78,25.22,4.07,3.96,1.0,18514889.5,11351681.466666667,287311058.0,320132553.0,0.45,0.72,14693025254.467327,-14.92,324,-1.34,170,34.99,171,6.24,-2.63,-7.41,1.61,0.56,9.0,0.229,17.36,False,False,False,True,False,False,True,True,False,True,False,True,False,True,False,False,2026-11-09,False,False,6,,ADR,5,https://www.tradingview.com/chart/?symbol=NYSE:JHX&interval=D,False,False,False
MDB,"MongoDB, Inc.",NASDAQ,Packaged Software,348.61,389.26,380.4,396.27,387.56,361.2,327.91,343.49,376.48,385.38,370.43,339.93,6.76,8.09,28.2,4344305.4,2754487.533333333,960241899.0,1091532711.0,1.62,1.13,28082746963.606842,-21.43,382,-2.75,177,41.77,144,5.86,-1.24,-8.36,1.18,1.08,30.8,0.285,17.6,False,False,False,True,False,True,False,False,False,True,True,True,True,True,True,False,2026-12-07,False,False,6,,"near21, RVOL",4,https://www.tradingview.com/chart/?symbol=NASDAQ:MDB&interval=D,False,False,False
AMBA,"Ambarella, Inc.",NASDAQ,Semiconductors,69.51,68.6,66.93,68.29,72.12,73.12,68.08,68.17,68.65,68.68,70.71,67.87,5.16,5.96,4.14,1524909.2,1685957.3,117190892.0,115136272.0,0.55,0.44,3068239122.9467483,-1.59,182,-21.1,291,40.23,147,5.85,-0.61,3.86,0.2,0.69,39.7,0.157,8.92,False,False,False,True,False,True,True,False,False,True,False,True,False,False,False,False,2026-12-01,False,False,5,thin RVOL,near21,5,https://www.tradingview.com/chart/?symbol=NASDAQ:AMBA&interval=D,False,False,False
CRCL,"Circle Internet Group, Inc.",NYSE,Packaged Software,82.17,89.13,90.98,90.19,80.69,83.62,90.52,86.02,87.74,88.11,86.95,82.11,6.76,7.5,6.16,13439731.3,15785863.6,1297124412.0,1423784920.0,0.57,2.41,20962626367.644085,-5.6,224,28.77,72,-6.04,287,5.71,0.25,-9.68,0.9,0.79,1.0,0.262,12.52,False,False,False,False,False,True,True,False,False,True,False,True,False,True,False,False,2026-11-18,False,True,4,"below 200-MA, large gap",near21,4,https://www.tradingview.com/chart/?symbol=NYSE:CRCL&interval=D,False,False,False
ATI,ATI Inc.,NYSE,Other Metals/Minerals,189.4,186.59,192.94,198.65,202.64,192.21,179.36,166.22,188.09,192.73,190.18,183.06,4.0,4.15,7.86,1777182.0,1855555.9666666666,351442300.0,368601863.0,0.84,-0.38,25790672376.71342,-9.81,264,-2.12,174,28.7,187,5.59,-1.57,-1.84,0.42,0.91,80.7,0.183,19.22,False,False,False,True,True,True,True,False,False,True,False,False,False,True,False,False,2026-11-03,False,False,5,LoD>60% ATR,near21,5,https://www.tradingview.com/chart/?symbol=NYSE:ATI&interval=D,False,False,False
WAY,Waystar Holding Corp.,NASDAQ,Packaged Software,25.34,25.38,25.17,25.18,24.47,22.36,22.96,24.45,25.25,25.14,25.76,24.7,4.11,4.26,1.08,1786311.5,2180668.8666666667,55258149.0,54899792.0,1.03,-0.16,4858905115.021938,-2.76,197,12.67,109,6.6,251,5.5,0.84,0.67,0.18,0.98,59.3,0.155,11.92,False,False,True,True,True,True,True,False,False,True,False,True,False,False,False,False,2026-11-11,False,False,5,thin RVOL,"EMA, near21",7,https://www.tradingview.com/chart/?symbol=NASDAQ:WAY&interval=D,False,False,False
POET,POET Technologies Inc.,NASDAQ,Electrical Products,7.48,7.78,7.71,7.78,7.88,9.76,8.92,8.33,7.68,7.76,7.8,7.45,4.71,6.25,0.47,7844941.3,7853053.966666634,58740844.0,61078436.0,0.9,1.17,1294474527.535854,-0.93,176,-22.89,305,40.07,149,5.42,-0.81,-2.99,0.58,0.75,6.4,0.172,27.43,False,False,False,False,True,True,True,False,False,True,False,True,False,False,False,False,2026-11-12,False,False,4,"thin RVOL, below 200-MA",near21,5,https://www.tradingview.com/chart/?symbol=NASDAQ:POET&interval=D,False,False,False
FDS,FactSet Research Systems Inc.,NYSE,Financial Publishing/Services,269.95,274.46,279.34,287.14,281.52,259.51,246.03,249.29,272.54,277.59,272.23,258.5,4.08,4.41,11.91,823728.4,900058.1333333333,242970693.0,258440592.0,2.0,0.78,9600918682.049852,-12.12,283,7.98,121,19.95,210,5.27,-0.93,-3.36,0.62,1.15,96.1,0.199,13.15,False,False,False,True,False,True,False,False,False,True,True,False,True,True,True,False,2026-12-17,False,False,5,LoD>60% ATR,"near21, RVOL",3,https://www.tradingview.com/chart/?symbol=NYSE:FDS&interval=D,False,False,False
SHLS,"Shoals Technologies Group, Inc.",NASDAQ,Semiconductors,8.1,7.72,7.39,7.32,7.91,9.1,8.34,8.58,7.65,7.57,8.15,7.74,5.27,5.74,0.46,4339337.2,4617887.8,37404891.0,33780619.0,1.19,1.29,1363229650.772201,13.45,64,-18.92,277,20.9,207,5.14,0.41,9.57,1.21,0.89,78.5,0.211,21.09,False,True,True,False,False,True,True,False,False,True,False,False,False,False,False,False,2026-11-10,False,False,3,"LoD>60% ATR, thin RVOL, below 200-MA","EMA, near21",5,https://www.tradingview.com/chart/?symbol=NASDAQ:SHLS&interval=D,False,False,False
WYFI,"WhiteFiber, Inc.",NASDAQ,Data Processing Services,18.01,19.12,18.8,19.14,21.79,26.3,22.68,21.53,18.89,19.4,19.05,17.88,6.12,8.75,1.58,1186561.6,2268415.1666666665,40854157.0,43406880.0,1.0,1.35,699654627.9816513,1.46,154,-49.85,417,63.73,102,5.12,-1.98,-4.22,0.82,0.74,8.2,0.222,41.61,False,False,False,False,False,True,True,False,False,True,False,True,False,False,False,False,2026-11-12,False,False,4,"thin RVOL, below 200-MA",near21,4,https://www.tradingview.com/chart/?symbol=NASDAQ:WYFI&interval=D,False,False,False
NVTS,Navitas Semiconductor Corporation,NASDAQ,Semiconductors,11.61,11.81,11.54,11.78,12.03,16.23,14.62,13.17,11.73,11.78,12.58,11.47,5.71,7.03,0.82,15944964.5,12945882.533333333,150301696.0,152524073.0,1.37,0.47,3031295130.1841426,1.4,156,-29.29,351,42.98,143,5.03,-0.5,0.6,0.21,1.36,17.2,0.172,40.39,False,False,False,False,True,True,False,False,False,True,True,True,False,False,True,False,2026-11-09,False,False,4,"thin RVOL, below 200-MA","near21, RVOL",4,https://www.tradingview.com/chart/?symbol=NASDAQ:NVTS&interval=D,False,False,False
AUGO,Aura Minerals Inc.,NASDAQ,Other Metals/Minerals,78.68,84.66,85.3,85.61,77.33,71.51,76.07,72.43,82.78,83.41,81.56,78.61,4.79,5.67,4.46,1129768.3000000012,1084915.0999999987,85361120.0,92881571.0,0.44,1.69,6592536693.929941,-5.48,220,23.23,85,-2.86,272,4.96,0.31,-7.76,1.0,0.66,1.6,0.166,17.52,False,False,False,True,False,True,True,False,False,True,False,True,False,False,False,False,2026-11-05,False,False,5,thin RVOL,near21,5,https://www.tradingview.com/chart/?symbol=NASDAQ:AUGO&interval=D,False,False,False
ON,ON Semiconductor Corporation,NASDAQ,Semiconductors,76.87,73.65,72.84,73.13,77.0,92.97,86.38,80.18,74.53,74.2,77.2,75.36,4.38,4.33,3.33,11894425.8,9795566.833333334,752985222.0,716388985.0,0.52,0.72,29926389679.62976,4.51,122,-18.87,275,28.6,188,4.75,-0.04,5.54,0.83,0.55,45.2,0.152,26.2,False,False,True,False,False,True,True,True,False,True,False,True,False,True,False,False,2026-11-02,False,False,5,below 200-MA,"EMA, near21, ADR",6,https://www.tradingview.com/chart/?symbol=NASDAQ:ON&interval=D,False,False,False
UCTT,"Ultra Clean Holdings, Inc.",NASDAQ,Industrial Machinery,81.06,75.89,72.92,72.64,78.11,88.37,81.34,71.26,76.73,75.32,82.57,79.66,4.04,5.51,4.47,877445.0,846363.5333333333,68606228.0,61477872.0,2.06,0.96,3670155776.9656973,15.59,54,-37.76,396,36.14,162,4.66,0.69,11.17,1.38,0.65,31.3,0.272,21.1,False,True,True,True,False,True,True,False,False,True,False,True,True,True,True,False,2026-10-28,False,False,6,,"EMA, near21, RVOL",7,https://www.tradingview.com/chart/?symbol=NASDAQ:UCTT&interval=D,False,False,False
AUR,"Aurora Innovation, Inc.",NASDAQ,Packaged Software,5.54,6.04,6.2,6.08,6.29,6.48,5.91,5.52,5.89,6.06,5.64,5.35,6.7,6.69,0.37,39173878.1,33291462.5,184434702.0,202339960.0,0.93,0.93,11102969219.269018,-3.43,202,-21.53,295,38.85,156,4.63,-1.77,-10.61,1.29,0.78,51.3,0.242,17.31,False,False,False,True,False,True,True,False,False,True,False,True,False,True,False,False,2026-11-04,False,False,6,,near21,5,https://www.tradingview.com/chart/?symbol=NASDAQ:AUR&interval=D,False,False,False
VOYG,"Voyager Technologies, Inc.",NYSE,Information Technology Services,30.25,33.57,33.71,34.32,34.19,35.39,32.76,31.84,32.6,33.6,32.77,30.22,7.71,8.54,2.58,4013442.4,2097387.066666667,63445959.0,71988616.0,0.71,1.27,1846129007.5309043,-10.9,273,-10.5,213,33.26,175,3.95,-1.35,-10.27,1.17,0.99,1.2,0.252,11.72,False,False,False,False,False,True,True,False,False,True,False,True,False,False,False,False,2026-11-09,False,False,4,"thin RVOL, below 200-MA",near21,4,https://www.tradingview.com/chart/?symbol=NYSE:VOYG&interval=D,False,False,False
PSKY,Paramount Skydance Corporation,NASDAQ,Cable/Satellite TV,10.33,10.15,10.47,10.52,9.87,9.95,10.16,10.6,10.24,10.3,10.42,10.06,5.21,4.9,0.51,36119092.4,19216878.0,198510350.0,202145542.0,0.92,1.3,11589700755.1011,-4.35,211,0.98,157,14.52,226,3.72,0.95,-1.35,0.06,0.71,53.3,0.154,7.11,False,False,False,False,True,True,True,True,False,True,False,True,False,True,False,False,2026-11-16,False,False,5,below 200-MA,"near21, ADR",6,https://www.tradingview.com/chart/?symbol=NASDAQ:PSKY&interval=D,False,False,False
VRDN,"Viridian Therapeutics, Inc.",NASDAQ,Pharmaceuticals: Major,20.59,21.13,21.8,22.5,21.96,19.74,20.22,22.96,21.02,21.58,20.74,20.0,4.42,4.35,0.9,2098965.1,1483393.8666666667,30543080.0,33381554.0,0.66,1.38,2332687872.612653,-10.24,268,10.17,116,10.94,239,3.62,-1.43,-5.53,1.05,0.83,65.8,0.17,15.66,False,False,False,False,False,True,True,False,False,True,False,False,False,False,False,False,2026-11-16,False,False,3,"LoD>60% ATR, thin RVOL, below 200-MA",near21,3,https://www.tradingview.com/chart/?symbol=NASDAQ:VRDN&interval=D,False,False,False
WIX,Wix.com Ltd.,NASDAQ,Packaged Software,72.13,76.28,77.61,79.91,72.93,62.37,68.44,73.21,75.02,76.45,73.75,70.21,6.75,7.07,5.1,1171941.6,1314033.1666666667,94781212.0,105006580.0,0.54,0.56,3018605235.653173,-16.63,342,47.2,34,-19.86,346,3.57,-0.15,-7.06,0.8,0.69,37.7,0.232,21.12,False,False,False,False,False,True,True,True,False,True,False,True,False,False,False,False,2026-11-05,False,False,4,"thin RVOL, below 200-MA","near21, ADR",5,https://www.tradingview.com/chart/?symbol=NASDAQ:WIX&interval=D,False,False,False
BHVN,Biohaven Ltd.,NYSE,Pharmaceuticals: Major,13.35,13.63,13.79,14.16,14.17,13.36,12.17,12.03,13.46,13.74,13.62,13.21,6.38,7.32,0.98,3035280.5,3461359.3,46209147.0,49017463.0,0.46,1.58,2016434423.6230252,-13.65,305,-15.98,252,39.94,151,3.43,-0.79,-3.19,0.39,0.42,14.3,0.328,16.05,False,False,False,True,False,True,True,True,False,True,False,True,False,False,False,False,2026-11-17,False,False,5,thin RVOL,"near21, ADR",6,https://www.tradingview.com/chart/?symbol=NYSE:BHVN&interval=D,False,False,False
RELY,"Remitly Global, Inc.",NASDAQ,Miscellaneous Commercial Services,21.34,21.39,22.65,23.76,23.89,22.84,21.26,19.44,21.65,22.46,21.64,21.28,4.13,4.76,1.02,4582172.1,3996550.933333333,85286397.0,94969374.0,0.66,0.75,4517337515.181184,-19.5,363,-6.93,198,35.58,168,3.05,-2.24,-5.76,1.05,0.35,6.4,0.342,20.84,False,False,False,True,False,True,True,True,False,True,False,True,False,False,False,False,2026-11-04,False,False,5,thin RVOL,"near21, ADR",6,https://www.tradingview.com/chart/?symbol=NASDAQ:RELY&interval=D,False,False,False
TTMI,"TTM Technologies, Inc.",NASDAQ,Electronic Components,122.84,123.6,121.73,119.82,123.68,148.59,137.21,124.67,123.46,122.85,124.04,119.23,5.35,6.3,7.74,2040387.9,2049818.0,251799643.0,245618075.0,1.32,0.94,12941055428.877527,3.37,136,-31.09,369,36.14,163,2.81,-0.11,0.91,0.0,0.62,46.6,0.181,21.87,False,False,False,False,True,True,True,True,False,True,False,True,False,True,True,False,2026-11-04,False,False,5,below 200-MA,"near21, ADR, RVOL",6,https://www.tradingview.com/chart/?symbol=NASDAQ:TTMI&interval=D,False,False,False
HRI,Herc Holdings Inc.,NYSE,Finance/Rental/Leasing,124.8,134.83,138.1,144.12,151.58,146.47,135.78,141.54,133.69,139.04,130.66,124.58,5.67,6.08,7.59,1152951.3,734984.4,91726053.0,105923257.0,0.41,0.6,4172244399.949702,-17.39,347,-11.6,221,36.95,159,2.65,-2.9,-9.63,1.68,0.8,2.9,0.158,13.42,False,False,False,False,False,False,True,False,False,False,False,True,False,False,False,False,2026-10-15,False,False,4,"thin RVOL, below 200-MA",,3,https://www.tradingview.com/chart/?symbol=NYSE:HRI&interval=D,False,False,False
RGTI,"Rigetti Computing, Inc.",NASDAQ,Computer Processing Hardware,15.74,16.14,15.66,15.87,16.13,17.93,17.45,18.42,15.96,15.95,16.53,15.7,5.55,6.04,0.95,17340957.9,16841739.7,265088983.0,267323320.0,0.81,0.73,5253519856.0,1.75,151,-15.96,251,22.11,202,2.63,-0.4,0.49,0.22,0.87,4.2,0.145,17.51,False,False,False,False,True,True,True,False,False,True,False,True,False,False,False,False,2026-11-16,False,False,4,"thin RVOL, below 200-MA",near21,5,https://www.tradingview.com/chart/?symbol=NASDAQ:RGTI&interval=D,False,False,False
CIFR,Cipher Digital Inc.,NASDAQ,Data Processing Services,15.82,17.65,17.12,16.7,17.97,20.42,18.98,18.32,17.09,17.17,16.91,15.81,7.99,9.23,1.46,32191424.2,34092563.7,539514821.0,569419681.0,0.82,1.57,6567861412.191095,4.66,121,-30.68,364,31.87,180,1.95,-1.29,-7.58,0.85,0.75,1.0,0.275,20.83,False,False,False,False,False,True,True,False,False,True,False,True,False,False,False,False,2026-11-11,False,False,4,"thin RVOL, below 200-MA",near21,4,https://www.tradingview.com/chart/?symbol=NASDAQ:CIFR&interval=D,False,False,False
RXO,"RXO, Inc.",NYSE,Packaged Software,20.46,20.08,19.92,20.51,21.43,23.59,21.09,19.49,20.14,20.33,21.37,20.41,4.77,5.17,1.06,1924582.4,1642314.4333333333,33601753.0,33688249.0,0.81,1.5,3374388515.771125,-6.53,239,-26.82,332,38.99,154,1.88,-0.88,2.72,0.12,0.91,4.7,0.08,20.04,False,False,False,True,True,True,True,False,True,True,False,True,False,False,False,False,2026-11-05,False,False,5,thin RVOL,"near21, BB",7,https://www.tradingview.com/chart/?symbol=NYSE:RXO&interval=D,False,False,False
ACHC,"Acadia Healthcare Company, Inc.",NASDAQ,Medical/Nursing Services,27.5,28.27,28.16,28.3,29.45,28.27,27.22,24.04,28.08,28.33,28.18,27.2,4.18,4.66,1.28,1698502.4,1481554.2,40742740.0,41928478.0,0.81,0.5,2560257594.8644795,-2.72,196,-12.7,230,20.99,206,1.85,-1.42,-2.33,0.63,0.77,23.4,0.065,19.67,False,False,False,True,True,True,True,False,True,True,False,True,False,False,False,False,2026-11-04,False,False,5,thin RVOL,"near21, BB",7,https://www.tradingview.com/chart/?symbol=NASDAQ:ACHC&interval=D,False,False,False
COHR,Coherent Corp.,NYSE,Semiconductors,287.81,299.48,292.06,289.69,296.41,330.32,315.15,287.53,293.44,294.35,299.5,282.25,5.79,7.01,20.18,6510307.3,6110672.333333333,1758712604.0,1770188447.0,0.8,0.84,56362476748.75538,2.7,142,-19.62,282,22.47,200,1.85,-0.41,-1.45,0.32,0.85,27.5,0.216,14.87,False,False,False,True,True,True,True,False,False,True,False,True,False,True,False,False,2026-11-11,False,False,6,,near21,6,https://www.tradingview.com/chart/?symbol=NYSE:COHR&interval=D,False,False,False
RDW,Redwire Corporation,NYSE,Aerospace & Defense,10.44,11.25,10.96,11.09,11.03,12.58,11.53,11.02,11.06,11.1,11.35,10.44,6.76,7.23,0.75,14925679.3,12347668.266666668,128909657.0,136898598.0,0.81,1.21,2609922786.8108106,-2.7,194,-12.42,229,20.28,209,1.72,-0.74,-4.74,0.82,1.21,0.7,0.168,15.52,False,False,False,False,False,True,False,False,False,True,True,True,False,False,False,False,2026-11-11,False,False,4,"thin RVOL, below 200-MA",near21,3,https://www.tradingview.com/chart/?symbol=NYSE:RDW&interval=D,False,False,False
FIVE,"Five Below, Inc.",NASDAQ,Discount Stores,219.57,228.13,236.35,240.53,233.92,217.08,220.25,214.37,227.71,232.7,220.93,215.25,4.13,4.42,9.69,1197434.1,1249851.3666666667,274429865.0,300626749.0,0.9,-0.5,12088214439.188622,-9.47,262,18.48,95,-4.2,280,1.6,-1.39,-7.1,1.28,0.59,44.6,0.171,10.01,False,False,False,True,False,True,True,True,False,True,False,True,False,True,False,False,2026-12-02,False,False,6,,"near21, ADR",6,https://www.tradingview.com/chart/?symbol=NASDAQ:FIVE&interval=D,False,False,False
AXGN,"Axogen, Inc.",NASDAQ,Medical Specialties,41.92,43.77,44.68,46.46,45.8,43.94,40.83,38.86,43.53,44.66,43.09,41.74,4.73,5.03,2.11,1113590.1,1184744.2333333334,49664478.0,55048154.0,0.95,-0.21,2459509728.437324,-17.76,350,-5.37,188,26.72,192,1.2,-1.68,-6.17,1.22,0.64,8.3,0.179,16.56,False,False,False,True,False,True,True,True,False,True,False,True,False,False,False,False,2026-11-10,False,False,5,thin RVOL,"near21, ADR",6,https://www.tradingview.com/chart/?symbol=NASDAQ:AXGN&interval=D,False,False,False
TMDX,"TransMedics Group, Inc.",NASDAQ,Medical Specialties,83.45,85.49,85.98,87.53,84.93,77.88,89.69,100.44,84.98,85.7,84.87,81.55,4.78,4.72,3.94,683983.0,688750.4333333333,57476224.0,60284718.0,0.84,0.95,2893640772.676341,-4.79,214,22.4,87,-14.24,321,1.12,-0.37,-2.94,0.56,0.84,48.2,0.093,27.04,False,False,False,False,True,True,True,False,True,True,False,True,False,False,False,False,2026-11-04,False,False,4,"thin RVOL, below 200-MA","near21, BB",6,https://www.tradingview.com/chart/?symbol=NASDAQ:TMDX&interval=D,False,False,False
BRUN,Boost Run Inc.,NASDAQ,Packaged Software,16.5,16.76,16.57,17.2,18.46,24.16,20.36,18.23,16.58,16.99,17.1,15.92,7.02,8.96,1.48,2007932.8,2191443.8,36158823.0,37693199.0,0.75,1.14,1383444784.2342346,-1.64,184,-50.73,420,54.06,123,0.56,-1.18,-0.39,0.32,0.8,39.2,0.261,46.06,False,False,False,False,True,True,True,False,False,True,False,True,False,False,False,False,2026-12-02,False,False,4,"thin RVOL, below 200-MA",near21,5,https://www.tradingview.com/chart/?symbol=NASDAQ:BRUN&interval=D,False,False,False
KOS,Kosmos Energy Ltd.,NYSE,Integrated Oil,2.54,2.66,2.78,2.81,2.7,2.65,2.67,2.33,2.66,2.72,2.6,2.43,5.84,6.26,0.16,13753336.7,12905946.633333333,32781104.0,36248502.0,1.17,-0.78,1512538484.3100774,-12.41,288,27.0,75,-13.31,316,0.43,-0.95,-8.72,1.05,1.07,69.2,0.225,17.85,False,False,False,True,False,True,False,False,False,True,True,False,False,False,False,False,2026-11-09,False,False,4,"LoD>60% ATR, thin RVOL",near21,3,https://www.tradingview.com/chart/?symbol=NYSE:KOS&interval=D,False,False,False
PATH,"UiPath, Inc.",NYSE,Packaged Software,12.84,12.94,13.93,15.0,14.48,12.78,12.18,12.71,13.0,13.75,13.0,12.32,4.89,6.04,0.78,46193106.0,57725758.1,741198734.0,865751678.0,0.9,0.0,6691638908.688311,-29.02,426,13.03,107,17.15,217,0.39,-1.88,-7.81,1.09,0.88,67.1,0.453,17.95,False,False,False,True,False,True,True,False,False,True,False,False,False,False,False,False,2026-12-09,False,False,4,"LoD>60% ATR, thin RVOL",near21,4,https://www.tradingview.com/chart/?symbol=NYSE:PATH&interval=D,False,False,False
EPAM,"EPAM Systems, Inc.",NYSE,Information Technology Services,108.36,110.41,114.25,113.45,107.9,99.73,109.91,131.53,110.2,111.37,110.14,106.04,4.13,4.33,4.69,1026081.4,1155233.0333333334,125181051.0,131065423.0,1.0,0.28,5589965002.912451,-5.54,222,25.71,79,-19.33,339,0.28,0.1,-5.15,0.63,0.88,49.6,0.175,29.35,False,False,False,False,False,True,True,False,False,True,False,True,False,False,False,False,2026-10-29,False,False,4,"thin RVOL, below 200-MA",near21,4,https://www.tradingview.com/chart/?symbol=NYSE:EPAM&interval=D,False,False,False
SGRY,"Surgery Partners, Inc.",NASDAQ,Hospital/Nursing Management,13.87,14.22,14.14,14.1,14.6,14.75,14.28,14.55,14.26,14.25,14.42,13.86,5.62,5.4,0.75,2889129.3,2635539.8,36554937.0,37161990.0,0.65,-0.62,1815836228.0839694,1.61,153,-17.0,259,15.3,222,-0.03,-0.93,-1.91,0.5,0.75,1.3,0.149,4.37,False,False,False,False,True,True,True,True,False,True,False,True,False,False,False,True,2026-11-10,False,False,4,"thin RVOL, below 200-MA","near21, ADR",7,https://www.tradingview.com/chart/?symbol=NASDAQ:SGRY&interval=D,False,False,False
EXPE,"Expedia Group, Inc.",NASDAQ,Other Consumer Services,263.36,270.45,279.33,294.63,297.84,269.41,259.42,260.23,270.27,280.1,268.78,262.61,4.16,4.56,12.0,2937527.0,2099413.7666666666,552901610.0,618545030.0,0.83,-0.69,31608172686.330498,-19.03,359,-0.83,166,19.29,213,-0.19,-2.54,-5.72,1.31,0.51,6.2,0.197,14.59,False,False,False,True,False,True,True,True,False,True,False,True,False,True,False,False,2026-10-29,False,False,6,,"near21, ADR",6,https://www.tradingview.com/chart/?symbol=NASDAQ:EXPE&interval=D,False,False,False
WGS,GeneDx Holdings Corp.,NASDAQ,Medical/Nursing Services,72.3,89.08,88.71,87.72,80.9,68.62,68.55,79.17,84.75,86.33,75.81,72.11,9.35,8.63,6.24,981433.7,671495.0666666667,48549093.0,58903435.0,0.93,-0.07,2156169688.1712627,-14.73,319,0.03,160,13.8,228,-0.3,-1.23,-18.5,1.88,0.59,3.0,0.339,28.39,False,False,False,False,False,False,True,True,False,True,False,True,False,False,False,False,2026-11-03,False,False,4,"thin RVOL, below 200-MA",ADR,4,https://www.tradingview.com/chart/?symbol=NASDAQ:WGS&interval=D,False,False,False
ATRO,Astronics Corporation,NASDAQ,Aerospace & Defense,67.42,67.9,70.31,72.3,74.07,73.34,68.97,65.97,68.51,70.31,68.0,66.03,4.5,4.75,3.2,733614.9999999998,618151.5333333331,41675776.0,44693695.0,0.65,0.8,2897808808.326712,-9.73,263,-11.03,215,19.43,212,-0.44,-1.89,-4.11,0.87,0.61,43.4,0.204,12.02,False,False,False,True,False,True,True,True,False,True,False,True,False,False,False,False,2026-11-11,False,False,5,thin RVOL,"near21, ADR",6,https://www.tradingview.com/chart/?symbol=NASDAQ:ATRO&interval=D,False,False,False
NCNO,"nCino, Inc.",NASDAQ,Packaged Software,18.13,19.58,20.9,21.13,20.21,18.14,17.65,18.77,19.41,20.17,18.5,17.79,4.83,4.98,0.9,2309176.7,2655970.7,48152749.0,56133941.0,0.98,-0.11,1916996944.4100277,-19.99,369,5.28,136,13.17,231,-0.51,-2.06,-13.23,2.03,0.78,37.6,0.309,17.9,False,False,False,False,False,False,True,False,False,False,False,True,False,False,False,False,2026-12-02,False,False,4,"thin RVOL, below 200-MA",,3,https://www.tradingview.com/chart/?symbol=NASDAQ:NCNO&interval=D,False,False,False
MDA,MDA Space Ltd.,NYSE,Electronic Production Equipment,29.63,30.85,29.94,29.95,31.03,34.74,33.42,31.04,30.44,30.43,30.5,29.4,4.06,4.66,1.38,1421758.5,1316886.5333333334,39019348.0,39445141.0,0.91,-0.13,4803935728.424911,2.74,141,-25.91,328,21.24,205,-0.64,-0.97,-1.03,0.57,0.8,16.7,0.151,16.21,False,False,False,False,True,True,True,False,False,True,False,True,False,False,False,False,2026-11-06,False,False,4,"thin RVOL, below 200-MA",near21,5,https://www.tradingview.com/chart/?symbol=NYSE:MDA&interval=D,False,False,False
MNDY,monday.com Ltd.,NASDAQ,Packaged Software,78.46,83.8,87.09,89.76,88.41,83.29,79.09,89.32,82.98,86.01,80.75,75.5,5.94,6.66,5.22,1195218.9,1182129.6333333333,92749891.0,106107562.0,1.64,-0.05,3316827314.890204,-21.46,384,3.84,141,15.21,223,-0.8,-1.69,-9.91,1.32,1.01,56.7,0.271,13.04,False,False,False,False,False,True,False,False,False,True,True,True,True,True,True,False,2026-11-16,False,False,5,below 200-MA,"near21, RVOL",3,https://www.tradingview.com/chart/?symbol=NASDAQ:MNDY&interval=D,False,False,False
COCO,"The Vita Coco Company, Inc.",NASDAQ,Food: Specialty/Candy,57.26,57.61,55.95,58.17,61.29,68.43,63.67,61.34,57.33,57.75,58.6,56.55,4.34,4.31,2.47,1303253.6,1291781.0,73960921.0,75138595.0,0.6,0.0,3286269959.170292,-7.2,245,-16.89,258,21.25,204,-0.95,-1.53,2.33,0.2,0.83,28.6,0.17,21.79,False,False,False,False,True,True,True,False,False,True,False,True,False,False,False,False,2026-11-04,False,False,4,"thin RVOL, below 200-MA",near21,5,https://www.tradingview.com/chart/?symbol=NASDAQ:COCO&interval=D,False,False,False
GNRC,Generac Holdings Inc.,NYSE,Electrical Products,206.95,205.58,193.97,195.43,200.79,230.43,225.44,212.06,203.01,199.72,214.0,205.77,4.39,4.87,10.07,2044730.3,1335853.4,276454861.0,261060487.0,0.38,0.15,12223281279.305674,12.42,68,-23.42,312,8.01,244,-1.0,0.63,6.69,0.74,0.82,11.7,0.257,17.62,False,True,True,False,False,True,True,False,False,True,False,True,False,True,False,False,2026-11-04,False,False,5,below 200-MA,"EMA, near21",6,https://www.tradingview.com/chart/?symbol=NYSE:GNRC&interval=D,False,False,False
CECO,CECO Environmental Corp.,NASDAQ,Industrial Machinery,69.64,71.94,72.88,72.43,72.54,78.96,73.63,71.89,71.83,72.37,71.47,69.38,4.65,5.33,3.71,673673.5,685318.8666666667,47725606.0,49636846.0,0.75,1.23,4078802736.3002834,-0.71,173,-18.6,272,15.97,220,-1.11,-0.75,-4.45,0.71,0.56,7.0,0.172,10.15,False,False,False,False,False,True,True,True,False,True,False,True,False,False,False,False,2026-11-09,False,False,4,"thin RVOL, below 200-MA","near21, ADR",5,https://www.tradingview.com/chart/?symbol=NASDAQ:CECO&interval=D,False,False,False
QBTS,D-Wave Quantum Inc.,NASDAQ,Computer Processing Hardware,16.57,17.15,16.96,17.4,18.18,20.65,19.71,20.89,16.94,17.23,17.2,16.39,5.9,6.35,1.05,17261713.4,16168168.933333334,267906559.0,281256077.0,0.73,0.0,6290413326.771759,-0.69,172,-29.95,359,26.49,193,-1.38,-1.39,-2.3,0.61,0.77,17.1,0.109,23.73,False,False,False,False,True,True,True,False,False,True,False,True,False,False,False,False,2026-11-05,False,False,4,"thin RVOL, below 200-MA",near21,5,https://www.tradingview.com/chart/?symbol=NASDAQ:QBTS&interval=D,False,False,False
PBLS,"Parabilis Medicines, Inc.",NASDAQ,Pharmaceuticals: Major,32.29,35.15,36.66,37.58,36.36,,,,34.07,35.59,32.86,31.2,9.93,8.98,2.9,1796039.5,897924.4,28993979.0,33740707.0,0.3,0.13,3988888429.493262,-17.37,346,15.98,101,-3.18,274,-1.52,-1.25,-11.92,1.03,0.57,37.6,0.363,4.69,False,False,False,False,False,True,True,True,False,True,False,True,False,False,False,True,2026-12-02,False,False,4,"thin RVOL, below 200-MA","near21, ADR",6,https://www.tradingview.com/chart/?symbol=NASDAQ:PBLS&interval=D,False,False,False
PCOR,"Procore Technologies, Inc.",NYSE,Packaged Software,51.72,50.57,53.09,56.17,55.19,50.18,52.11,55.06,51.03,52.83,51.92,49.66,4.11,4.45,2.3,2774663.2,2792846.1333333333,144446002.0,156883477.0,1.05,0.61,7859130201.9216795,-19.02,358,23.38,84,-9.5,301,-1.71,-1.41,-2.59,0.47,0.98,89.4,0.251,9.69,False,False,False,False,True,True,True,False,False,True,False,False,False,False,False,False,2026-11-04,False,False,3,"LoD>60% ATR, thin RVOL, below 200-MA",near21,4,https://www.tradingview.com/chart/?symbol=NYSE:PCOR&interval=D,False,False,False
LAD,"Lithia Motors, Inc.",NYSE,Specialty Stores,291.83,308.36,336.38,347.65,357.08,327.29,307.55,312.41,310.75,328.16,296.38,282.54,4.7,4.57,13.33,390688.7,262928.9666666667,76730560.0,91406905.0,1.1,0.58,6415333002.410842,-21.08,379,-1.24,169,16.35,219,-1.99,-4.0,-13.24,2.42,1.04,69.7,0.363,16.97,False,False,False,False,False,False,False,False,False,False,True,False,False,False,False,False,2026-10-21,False,False,3,"LoD>60% ATR, thin RVOL, below 200-MA",,1,https://www.tradingview.com/chart/?symbol=NYSE:LAD&interval=D,False,False,False
ARIS,Aris Mining Corporation,NYSE,Precious Metals,17.4,18.63,19.06,19.49,18.02,17.16,17.82,17.91,18.38,18.7,18.01,17.38,4.22,5.28,0.92,1748088.8,1539355.1999999993,26784780.0,30009217.0,0.96,1.46,3591360002.7619047,-14.12,313,14.1,103,-6.15,288,-2.06,-0.65,-8.7,1.32,0.69,2.2,0.181,10.91,False,False,False,False,False,True,True,False,False,True,False,True,False,False,False,False,2026-11-17,False,False,4,"thin RVOL, below 200-MA",near21,4,https://www.tradingview.com/chart/?symbol=NYSE:ARIS&interval=D,False,False,False
GENI,Genius Sports Limited,NYSE,Internet Software/Services,5.73,6.04,6.54,6.96,7.14,6.53,5.95,6.72,6.16,6.49,6.15,5.71,7.09,7.66,0.44,9924038.4,6463251.366666666,37034430.0,44956222.0,0.84,-0.32,1590802635.7050245,-27.92,421,-9.91,210,29.35,186,-2.83,-2.58,-12.37,1.52,1.0,4.6,0.367,20.82,False,False,False,False,False,False,False,False,False,False,True,True,False,False,False,False,2026-11-11,False,False,4,"thin RVOL, below 200-MA",,2,https://www.tradingview.com/chart/?symbol=NYSE:GENI&interval=D,False,False,False
ATEN,"A10 Networks, Inc.",NYSE,Information Technology Services,27.11,26.36,25.75,25.72,27.33,30.01,27.95,25.55,26.19,26.21,27.63,25.78,4.01,3.99,1.08,1373546.0,1270176.7666666666,34434492.0,32675297.0,1.38,0.62,1968430601.3142195,5.32,117,-27.96,342,13.57,229,-3.02,-0.2,5.28,0.86,1.71,122.6,0.144,16.47,False,False,False,True,False,True,False,False,False,True,True,False,False,False,True,False,2026-11-10,False,False,4,"LoD>60% ATR, thin RVOL","near21, RVOL",3,https://www.tradingview.com/chart/?symbol=NYSE:ATEN&interval=D,False,False,False
BRZE,"Braze, Inc.",NASDAQ,Internet Software/Services,25.1,24.66,26.14,28.13,27.32,25.1,23.84,24.35,24.77,25.94,25.62,23.17,4.97,6.2,1.56,1992539.6,2863319.2666666666,71869314.0,80535627.0,1.52,1.34,2850969067.771059,-26.24,413,9.7,118,7.24,248,-3.1,-1.31,-4.0,0.52,1.57,124.0,0.477,13.85,False,False,False,True,False,True,False,False,False,True,True,False,True,True,True,False,2026-12-15,False,False,5,LoD>60% ATR,"near21, RVOL",3,https://www.tradingview.com/chart/?symbol=NASDAQ:BRZE&interval=D,False,False,False
RKLB,Rocket Lab Corporation,NASDAQ,Aerospace & Defense,69.68,70.37,66.93,67.32,69.67,87.79,82.96,81.28,69.9,69.0,74.58,69.63,5.3,5.72,3.99,22262311.4,18570251.166666668,1293975101.0,1250167879.0,1.02,1.35,41700675493.96729,9.34,90,-31.0,366,11.98,236,-3.23,0.0,4.11,0.17,1.24,1.3,0.238,29.94,False,False,False,False,False,True,False,False,False,True,True,True,False,True,False,False,2026-11-16,False,False,5,below 200-MA,near21,3,https://www.tradingview.com/chart/?symbol=NASDAQ:RKLB&interval=D,False,False,False
VKTX,"Viking Therapeutics, Inc.",NASDAQ,Pharmaceuticals: Major,32.6,34.07,33.23,33.43,33.59,33.51,33.48,33.23,33.77,33.6,33.29,31.2,7.49,8.41,2.74,13269167.9,5715286.5,186318340.0,191086794.0,0.54,0.14,4145587167.9346123,2.61,144,-13.98,236,1.56,263,-3.27,-0.35,-1.89,0.35,0.76,51.1,0.405,2.59,False,False,False,False,True,True,True,False,False,True,False,True,False,False,False,True,2026-10-28,False,False,4,"thin RVOL, below 200-MA",near21,6,https://www.tradingview.com/chart/?symbol=NASDAQ:VKTX&interval=D,False,False,False
SPHR,Sphere Entertainment Co.,NYSE,Media Conglomerates,134.44,140.01,141.54,144.61,148.39,146.99,138.95,128.62,138.95,142.05,137.85,133.97,4.32,4.51,6.07,542295.1,564927.9666666667,75948916.0,81695175.0,1.0,0.35,4828225572.237379,-4.26,210,-20.51,285,14.59,225,-3.39,-2.08,-5.02,1.19,0.64,7.7,0.1,14.71,False,False,False,True,False,True,True,True,True,True,False,True,False,False,False,False,2026-11-10,False,False,5,thin RVOL,"near21, ADR, BB",7,https://www.tradingview.com/chart/?symbol=NYSE:SPHR&interval=D,False,False,False
STRL,"Sterling Infrastructure, Inc.",NASDAQ,Engineering & Construction,491.78,508.67,494.93,495.13,529.33,663.75,596.99,537.1,502.23,504.21,506.67,490.39,4.46,5.36,26.35,502894.1,538150.3666666667,264651587.0,266454212.0,1.01,0.11,15042821525.286728,4.41,124,-37.36,395,22.2,201,-3.58,-1.32,-0.64,0.46,0.62,5.3,0.157,34.33,False,False,False,False,True,True,True,True,False,True,False,True,False,True,False,False,2026-11-09,False,False,5,below 200-MA,"near21, ADR",6,https://www.tradingview.com/chart/?symbol=NASDAQ:STRL&interval=D,False,False,False
RYAN,"Ryan Specialty Holdings, Inc.",NYSE,Insurance Brokers/Services,37.0,38.26,39.27,40.58,41.56,38.65,37.53,40.25,38.14,39.21,38.0,36.96,4.19,4.14,1.53,2359852.4,1835445.9,67911498.0,74481783.0,0.69,0.0,9465146788.639366,-14.81,322,-8.55,205,12.22,235,-3.71,-2.65,-5.79,1.36,0.68,2.6,0.177,10.88,False,False,False,False,False,True,True,True,False,True,False,True,False,False,False,False,2026-10-29,False,False,4,"thin RVOL, below 200-MA","near21, ADR",5,https://www.tradingview.com/chart/?symbol=NYSE:RYAN&interval=D,False,False,False
AKAM,"Akamai Technologies, Inc.",NASDAQ,Data Processing Services,106.35,111.39,108.82,108.77,112.38,123.41,117.37,111.46,110.0,110.15,113.43,106.32,6.24,6.16,6.55,8056107.8,4719218.1,501888845.0,513304634.0,0.82,0.36,15284261444.571228,-0.66,171,-4.86,186,-5.63,283,-3.72,-0.87,-2.27,0.56,1.08,0.4,0.166,13.72,False,False,False,False,True,True,False,False,False,True,True,True,False,True,False,False,2026-11-10,False,False,5,below 200-MA,near21,4,https://www.tradingview.com/chart/?symbol=NASDAQ:AKAM&interval=D,False,False,False
HCC,"Warrior Met Coal, Inc.",NYSE,Coal,88.07,89.68,95.11,98.81,94.27,91.36,90.17,90.31,90.63,93.38,90.93,87.96,4.16,4.52,3.98,756461.3,637085.0,56108076.0,62949944.0,0.87,1.23,4650279638.405657,-19.24,360,11.76,113,-3.85,278,-3.78,-1.46,-7.4,1.26,0.75,2.8,0.285,6.16,False,False,False,False,False,True,True,False,False,True,False,True,False,False,False,False,2026-11-04,False,False,4,"thin RVOL, below 200-MA",near21,4,https://www.tradingview.com/chart/?symbol=NYSE:HCC&interval=D,False,False,False
DPC,DPC Holdings PLC,NYSE,Electrical Products,42.26,41.15,41.25,42.28,45.26,,,,41.35,41.98,43.29,41.32,5.23,6.25,2.64,1222338.3,1192377.6666666667,50389880.0,50417702.0,1.57,1.06,6313348912.873611,3.2,139,-11.01,214,-3.95,279,-3.92,-1.06,2.44,0.11,0.75,35.6,0.121,9.73,False,False,False,False,True,True,True,False,False,True,False,True,True,True,True,False,2026-12-02,False,False,5,below 200-MA,"near21, RVOL",5,https://www.tradingview.com/chart/?symbol=NYSE:DPC&interval=D,False,False,False
JEF,Jefferies Financial Group Inc.,NYSE,Investment Banks/Brokers,45.73,47.13,49.84,50.75,52.66,53.68,50.34,52.8,47.43,49.13,46.49,45.4,4.02,3.76,1.72,3031141.1000000006,2192318.7999999984,100254739.0,111261641.0,0.83,-0.28,10543155504.293419,-13.57,301,-11.87,223,13.45,230,-4.0,-3.51,-8.25,1.84,0.63,19.2,0.272,14.33,False,False,False,False,False,False,True,True,False,True,False,True,False,True,False,False,2027-01-13,False,False,5,below 200-MA,ADR,4,https://www.tradingview.com/chart/?symbol=NYSE:JEF&interval=D,False,False,False
AAOI,"Applied Optoelectronics, Inc.",NASDAQ,Semiconductors,99.26,101.91,102.2,106.18,111.14,134.33,130.71,107.99,101.09,103.96,104.25,96.41,6.18,8.18,8.12,7234932.9,7263381.566666666,720963254.0,771211328.0,0.79,1.22,8427798007.894309,-7.68,248,-26.93,333,21.64,203,-4.32,-1.31,-2.88,0.55,0.97,35.1,0.175,32.66,False,False,False,False,True,True,True,False,False,True,False,True,False,False,False,False,2026-11-05,False,False,4,"thin RVOL, below 200-MA",near21,5,https://www.tradingview.com/chart/?symbol=NASDAQ:AAOI&interval=D,False,False,False
CNXC,Concentrix Corporation,NASDAQ,Information Technology Services,24.95,27.62,28.59,28.29,26.87,25.94,26.91,29.93,27.09,27.67,26.97,22.65,8.58,8.88,2.22,3058468.7,1889462.4666666666,47142089.0,53457932.0,2.04,0.44,1522407843.5309486,-15.06,326,4.98,137,-2.92,273,-4.33,-0.8,-12.73,1.11,1.95,103.8,0.312,15.99,False,False,False,False,False,True,False,False,False,True,True,False,True,True,True,False,2027-01-19,False,False,4,"LoD>60% ATR, below 200-MA","near21, RVOL",2,https://www.tradingview.com/chart/?symbol=NASDAQ:CNXC&interval=D,False,False,False
FIG,FIGMA INC,NYSE,Packaged Software,21.02,21.61,22.6,24.3,24.32,22.8,22.68,24.7,21.56,22.64,21.55,20.67,5.15,6.19,1.3,13356233.8,14157830.266666668,297597592.0,344101345.0,0.78,0.29,11203861776.782822,-23.84,402,7.85,123,2.74,258,-4.42,-2.19,-7.01,1.16,0.68,26.9,0.255,14.71,False,False,False,False,False,True,True,False,False,True,False,True,False,True,False,False,2026-11-11,False,False,5,below 200-MA,near21,4,https://www.tradingview.com/chart/?symbol=NYSE:FIG&interval=D,False,False,False
STEP,StepStone Group Inc.,NASDAQ,Investment Managers,43.4,45.0,47.52,48.34,47.58,47.05,47.7,52.06,44.97,46.5,43.78,42.92,4.46,4.43,1.92,1084318.1,1031961.7666666667,44787141.0,49889504.0,1.29,1.39,5237367702.794902,-13.06,297,4.58,139,-5.01,281,-4.5,-1.98,-8.67,1.51,0.45,25.2,0.24,16.25,False,False,False,False,False,False,True,True,False,True,False,True,False,False,True,False,2026-11-05,False,False,4,"thin RVOL, below 200-MA","ADR, RVOL",4,https://www.tradingview.com/chart/?symbol=NASDAQ:STEP&interval=D,False,False,False
BTDR,Bitdeer Technologies Group,NASDAQ,Data Processing Services,10.49,11.88,11.8,11.44,10.98,13.16,12.08,11.99,11.47,11.52,11.21,10.45,7.33,8.41,0.88,11016110.8,11760441.233333332,123367029.0,134504166.0,0.67,2.75,2850995662.9541283,1.25,157,-32.37,374,17.6,216,-4.5,-0.53,-11.09,1.06,0.86,4.5,0.271,20.77,False,False,False,False,False,True,True,False,False,True,False,True,False,False,False,False,2026-11-16,False,True,3,"thin RVOL, below 200-MA, large gap",near21,4,https://www.tradingview.com/chart/?symbol=NASDAQ:BTDR&interval=D,False,False,False
PTRN,Pattern Group Inc. - Series A,NASDAQ,Advertising/Marketing Services,17.16,18.48,19.21,19.79,20.96,21.44,18.46,16.98,18.12,19.09,17.87,17.01,5.55,5.93,1.02,2128722.1,1602703.4,27502390.0,31715898.0,1.05,0.71,3044168290.8277082,-18.94,356,-35.2,385,40.54,146,-4.53,-3.05,-10.68,1.7,0.85,14.7,0.26,25.99,False,False,False,True,False,False,True,False,False,False,False,True,False,False,False,False,2026-11-11,False,False,5,thin RVOL,,4,https://www.tradingview.com/chart/?symbol=NASDAQ:PTRN&interval=D,False,False,False
ACHR,Archer Aviation Inc.,NYSE,Aerospace & Defense,4.97,5.4,5.49,5.65,5.6,5.59,5.71,6.23,5.35,5.48,5.25,4.97,5.24,6.07,0.3,25052409.1,24576381.633333333,122144617.0,138864748.0,0.92,1.09,3827018261.4446645,-12.81,292,-1.0,167,-0.6,267,-4.8,-1.86,-9.41,1.53,0.93,0.0,0.171,16.72,False,False,False,False,False,False,True,False,False,False,False,True,False,False,False,False,2026-11-05,False,False,4,"thin RVOL, below 200-MA",,3,https://www.tradingview.com/chart/?symbol=NYSE:ACHR&interval=D,False,False,False
GLW,Corning Incorporated,NYSE,Electronic Components,153.76,154.6,154.29,152.7,152.66,171.87,164.81,149.77,154.61,154.35,160.47,152.68,4.22,5.31,8.17,7680164.3,8483700.7,1304453820.0,1295472408.0,0.8,-0.13,132447071481.59534,3.77,135,-31.32,370,12.74,233,-4.94,0.14,-0.34,0.07,0.95,13.2,0.202,14.37,False,False,False,True,True,True,True,False,False,True,False,True,False,True,False,False,2026-10-27,False,False,6,,near21,6,https://www.tradingview.com/chart/?symbol=NYSE:GLW&interval=D,False,False,False
CDW,CDW Corporation,NASDAQ,Information Technology Services,128.16,139.85,144.6,143.82,142.23,134.2,131.33,131.73,137.48,141.19,130.68,127.77,4.03,4.45,5.7,1556885.8,1649365.2666666666,211382653.0,237216111.0,0.68,-0.08,16022235063.566414,-13.62,303,-7.41,201,5.73,253,-5.1,-2.22,-11.37,2.07,0.51,6.8,0.22,10.36,False,False,False,False,False,False,True,True,False,True,False,True,False,True,False,False,2026-11-04,False,False,5,below 200-MA,ADR,4,https://www.tradingview.com/chart/?symbol=NASDAQ:CDW&interval=D,False,False,False
CDE,"Coeur Mining, Inc.",NYSE,Precious Metals,17.6,19.05,19.81,20.25,18.83,17.99,18.64,19.27,18.8,19.31,18.27,17.6,4.71,5.59,0.98,40393020.7,36267178.9,638302349.0,734337838.0,0.93,0.95,18091657185.829597,-16.11,337,2.03,153,-1.57,269,-5.22,-1.17,-11.16,1.58,0.68,0.0,0.231,10.37,False,False,False,False,False,False,True,False,False,False,False,True,False,True,False,False,2026-11-11,False,False,5,below 200-MA,,3,https://www.tradingview.com/chart/?symbol=NYSE:CDE&interval=D,False,False,False
ORCL,Oracle Corporation,NYSE,Packaged Software,137.3,142.48,146.95,146.69,142.9,159.38,159.22,163.36,140.86,143.82,138.5,134.75,4.59,5.12,7.03,32779776.0,30289565.066666666,4158757284.0,4443226782.0,0.66,-0.91,415158944102.04156,-8.04,253,-4.19,182,-3.84,277,-5.36,-0.77,-6.57,0.89,0.53,36.3,0.221,15.2,False,False,False,False,False,True,True,True,False,True,False,True,False,True,False,False,2026-12-14,False,False,5,below 200-MA,"near21, ADR",5,https://www.tradingview.com/chart/?symbol=NYSE:ORCL&interval=D,False,False,False
HL,Hecla Mining Company,NYSE,Precious Metals,17.03,18.09,19.01,19.5,18.19,17.28,17.97,19.2,17.94,18.47,17.46,16.98,4.55,5.49,0.93,44672889.1,35724385.3,608386282.0,696625513.0,0.83,0.58,11440216152.879885,-16.36,339,5.45,135,-5.28,282,-5.4,-1.16,-10.39,1.42,0.51,5.3,0.271,11.31,False,False,False,False,False,True,True,True,False,True,False,True,False,True,False,False,2026-11-11,False,False,5,below 200-MA,"near21, ADR",5,https://www.tradingview.com/chart/?symbol=NYSE:HL&interval=D,False,False,False
AAON,"AAON, Inc.",NASDAQ,Industrial Machinery,82.76,81.78,79.4,78.89,84.25,106.02,100.79,97.76,82.47,81.4,85.2,82.1,4.68,5.09,4.21,1326980.2999999993,1163386.8333333335,96281894.0,91776873.0,0.73,0.11,6823863829.672993,9.62,89,-28.91,348,3.08,257,-5.41,-0.35,4.24,0.33,0.74,15.7,0.203,32.17,False,False,True,False,False,True,True,False,False,True,False,True,False,False,False,False,2026-11-09,False,False,4,"thin RVOL, below 200-MA","EMA, near21",5,https://www.tradingview.com/chart/?symbol=NASDAQ:AAON&interval=D,False,False,False
CVNA,Carvana Co.,NYSE,Specialty Stores,62.54,64.33,67.81,69.47,68.67,68.29,68.37,72.22,64.49,66.63,64.52,62.25,4.56,5.18,3.24,8498381.5,7654889.966666667,478736819.0,531749483.0,0.84,0.7,68823004763.25525,-14.57,318,-8.63,206,4.01,255,-6.4,-1.72,-7.78,1.18,0.7,9.0,0.255,12.6,False,False,False,False,False,True,True,False,False,True,False,True,False,True,False,False,2026-10-29,False,False,5,below 200-MA,near21,4,https://www.tradingview.com/chart/?symbol=NYSE:CVNA&interval=D,False,False,False
PEGA,Pegasystems Inc.,NASDAQ,Information Technology Services,33.28,34.34,35.59,35.35,33.52,33.12,35.9,39.78,34.24,34.71,33.77,32.36,4.02,4.32,1.44,2079244.0,2197646.4,73137672.0,77683504.0,1.49,1.3,5471396530.586595,-6.33,234,6.6,125,-20.0,349,-6.58,-0.16,-6.49,0.96,0.98,63.9,0.181,20.0,False,False,False,False,False,True,True,False,False,True,False,False,False,False,True,False,2026-10-28,False,False,3,"LoD>60% ATR, thin RVOL, below 200-MA","near21, RVOL",3,https://www.tradingview.com/chart/?symbol=NASDAQ:PEGA&interval=D,False,False,False
JBL,Jabil Inc.,NYSE,Industrial Machinery,286.86,306.9,306.07,307.22,317.58,335.84,320.53,300.85,306.97,308.73,328.0,284.39,4.66,5.03,14.44,1884740.1,1219083.8666666667,349706398.0,374527758.0,3.29,-4.03,30059223284.61273,-5.36,218,-22.93,307,7.68,246,-6.87,-1.92,-6.28,1.41,3.02,17.1,0.114,12.2,False,False,False,False,False,True,False,False,False,True,True,True,True,True,True,False,2026-12-10,False,True,4,"below 200-MA, large gap","near21, RVOL",3,https://www.tradingview.com/chart/?symbol=NYSE:JBL&interval=D,False,False,False
COMP,"Compass, Inc.",NYSE,Real Estate Development,8.88,9.52,10.07,10.52,11.15,10.45,9.64,10.11,9.45,10.0,9.34,8.87,5.56,5.67,0.5,18128203.0,13721953.4,121850946.0,144318358.0,0.98,0.33,6816684662.996671,-19.71,366,-28.9,347,27.77,190,-6.95,-3.59,-11.8,1.98,0.93,2.0,0.275,18.35,False,False,False,False,False,False,True,False,False,False,False,True,False,False,False,False,2026-11-11,False,False,4,"thin RVOL, below 200-MA",,3,https://www.tradingview.com/chart/?symbol=NYSE:COMP&interval=D,False,False,False
VG,"Venture Global, Inc.",NYSE,Oil & Gas Pipelines,12.64,13.22,14.12,14.19,13.93,13.19,13.22,11.98,13.23,13.69,12.84,12.47,4.9,5.24,0.66,14869017.5,14073465.866666667,177888609.0,199758775.0,0.61,-0.16,31601173671.37481,-13.28,299,12.16,110,-19.75,344,-6.96,-1.77,-10.47,1.47,0.56,25.7,0.296,16.9,False,False,False,True,False,True,True,True,False,True,False,True,False,True,False,False,2026-11-16,False,False,6,,"near21, ADR",6,https://www.tradingview.com/chart/?symbol=NYSE:VG&interval=D,False,False,False
RDDT,"Reddit, Inc.",NYSE,Internet Software/Services,142.44,150.35,153.03,152.86,157.16,165.07,158.88,169.28,149.09,152.07,151.89,142.42,4.69,5.38,7.67,5431914.5,4798503.366666666,683498820.0,733500824.0,0.94,1.46,27404960487.927902,-5.87,228,-26.58,331,9.85,240,-7.53,-1.74,-6.92,1.18,1.23,0.3,0.143,13.29,False,False,False,False,False,True,False,False,False,True,True,True,False,True,False,False,2026-11-04,False,False,5,below 200-MA,near21,3,https://www.tradingview.com/chart/?symbol=NYSE:RDDT&interval=D,False,False,False
RIVN,"Rivian Automotive, Inc.",NASDAQ,Motor Vehicles,14.94,15.14,15.48,15.75,15.82,15.93,15.84,16.2,15.17,15.42,15.28,14.9,4.11,4.35,0.65,23974381.9,21750219.3,324948276.0,342464453.0,0.8,0.87,21631038050.621246,-6.04,229,-16.88,257,0.0,265,-7.64,-1.28,-3.46,0.71,0.58,5.4,0.108,7.12,False,False,False,False,False,True,True,True,False,True,False,True,False,True,False,False,2026-11-10,False,False,5,below 200-MA,"near21, ADR",5,https://www.tradingview.com/chart/?symbol=NASDAQ:RIVN&interval=D,False,False,False
GWRE,"Guidewire Software, Inc.",NYSE,Information Technology Services,142.58,146.88,152.42,166.16,164.17,148.47,147.64,151.65,147.37,153.75,146.24,141.5,4.06,5.47,7.79,1180670.9,1491288.7333333334,212627948.0,247787068.0,0.91,0.57,11690514975.236458,-30.26,427,10.92,115,-3.6,275,-7.65,-2.41,-6.46,1.33,0.61,13.9,0.421,12.12,False,False,False,False,False,True,True,False,False,True,False,True,False,True,False,False,2026-12-03,False,False,5,below 200-MA,near21,4,https://www.tradingview.com/chart/?symbol=NYSE:GWRE&interval=D,False,False,False
ASND,Ascendis Pharma A/S,NASDAQ,Pharmaceuticals: Major,227.83,231.63,246.67,249.23,249.69,246.22,241.28,235.46,233.35,240.83,230.97,226.18,4.24,3.95,9.01,924921.7,754318.9333333333,171856483.0,187996016.0,0.97,-0.04,14211317352.40356,-8.0,252,-15.9,250,0.55,264,-7.78,-2.21,-7.64,1.36,0.53,18.3,0.276,7.92,False,False,False,False,False,True,True,True,False,True,False,True,False,True,False,False,2026-11-11,False,False,5,below 200-MA,"near21, ADR",5,https://www.tradingview.com/chart/?symbol=NASDAQ:ASND&interval=D,False,False,False
FLY,Firefly Aerospace Inc.,NASDAQ,Aerospace & Defense,23.15,22.83,22.05,22.24,22.6,28.29,28.84,27.82,22.87,22.59,24.74,23.14,6.88,7.34,1.7,3805366.9,2844389.3,65847612.0,63260166.0,1.17,4.55,3875417701.1723533,10.03,86,-17.41,261,-16.0,325,-7.79,0.33,4.99,0.34,0.94,0.6,0.211,29.34,False,True,True,False,False,True,True,False,False,True,False,True,False,False,False,False,2026-11-18,False,True,3,"thin RVOL, below 200-MA, large gap","EMA, near21",6,https://www.tradingview.com/chart/?symbol=NASDAQ:FLY&interval=D,False,False,False
NESR,National Energy Services Reunited Corp,NASDAQ,Oilfield Services/Equipment,25.47,31.0,32.33,32.86,31.86,29.05,26.94,24.93,30.13,31.5,27.24,25.13,6.08,6.55,1.67,2552925.1,1957993.5333333334,49870095.0,64334773.0,1.96,1.93,2568694326.815402,-27.68,420,-12.17,227,15.56,221,-8.1,-3.06,-21.22,2.92,1.26,20.2,0.301,29.05,False,False,False,True,False,False,False,False,False,False,True,True,True,True,True,False,2026-11-04,False,False,6,,RVOL,3,https://www.tradingview.com/chart/?symbol=NASDAQ:NESR&interval=D,False,False,False
EXK,Endeavour Silver Corporation,NYSE,Precious Metals,8.58,9.51,10.04,10.3,9.74,9.28,9.52,9.95,9.33,9.72,8.83,8.54,5.6,6.63,0.57,8276535.5,8834703.066666666,75801752.0,91006276.0,0.91,1.03,2540919577.8271403,-20.11,371,-1.61,171,-2.72,270,-8.15,-1.8,-14.5,1.77,0.51,7.0,0.341,8.8,False,False,False,False,False,False,True,True,False,True,False,True,False,False,False,False,2026-11-10,False,False,4,"thin RVOL, below 200-MA",ADR,4,https://www.tradingview.com/chart/?symbol=NYSE:EXK&interval=D,False,False,False
HUBS,"HubSpot, Inc.",NYSE,Packaged Software,204.98,214.43,227.05,233.68,229.95,214.98,224.51,247.91,214.14,222.52,208.95,199.25,6.22,6.92,14.18,2348374.1,1610710.4666666666,330163431.0,376393506.0,0.66,0.8,10221573477.936663,-20.62,373,9.74,117,-14.59,324,-8.49,-1.57,-9.72,1.14,0.68,40.4,0.283,16.33,False,False,False,False,False,True,True,False,False,True,False,True,False,True,False,False,2026-11-11,False,False,5,below 200-MA,near21,4,https://www.tradingview.com/chart/?symbol=NYSE:HUBS&interval=D,False,False,False
GEN,Gen Digital Inc.,NASDAQ,Packaged Software,22.02,25.03,27.8,28.38,28.12,26.59,24.43,24.65,24.28,26.4,22.38,20.75,6.23,5.9,1.3,17519924.5,9707957.666666666,213769228.0,275466535.0,1.2,0.43,13180886777.105032,-28.85,424,-15.86,249,18.51,214,-8.73,-3.68,-20.79,2.81,1.25,97.8,0.541,16.78,False,False,False,False,False,False,False,False,False,False,True,False,False,True,False,False,2026-11-10,False,False,4,"LoD>60% ATR, below 200-MA",,1,https://www.tradingview.com/chart/?symbol=NASDAQ:GEN&interval=D,False,False,False
INSM,Insmed Incorporated,NASDAQ,Pharmaceuticals: Major,114.14,119.1,122.44,122.86,119.7,112.75,123.54,133.96,118.62,120.5,116.43,113.6,4.06,4.14,4.72,2236448.4,2003973.1,228733490.0,246206131.0,1.37,0.02,24926063845.37075,-3.83,207,6.18,129,-29.33,383,-8.99,-1.12,-6.78,1.28,0.6,11.4,0.141,18.58,False,False,False,False,False,True,True,True,False,True,False,True,False,True,True,False,2026-10-22,False,False,5,below 200-MA,"near21, ADR, RVOL",5,https://www.tradingview.com/chart/?symbol=NASDAQ:INSM&interval=D,False,False,False
MP,MP Materials Corp.,NYSE,Other Metals/Minerals,47.29,48.39,50.36,52.65,50.96,54.4,55.88,56.8,48.33,49.98,48.66,45.9,4.4,5.62,2.66,5583957.9,5291576.2,250238638.0,278608542.0,1.13,1.14,8422424390.232225,-15.75,332,-13.18,233,1.76,261,-9.06,-1.28,-6.1,0.96,1.04,52.1,0.224,17.79,False,False,False,False,False,True,False,False,False,True,True,True,False,False,False,False,2026-10-29,False,False,4,"thin RVOL, below 200-MA",near21,3,https://www.tradingview.com/chart/?symbol=NYSE:MP&interval=D,False,False,False
MOS,Mosaic Company (The),NYSE,Chemicals: Agricultural,21.65,23.61,24.59,24.35,23.6,22.85,23.73,24.53,23.28,23.82,22.85,21.53,4.61,4.85,1.05,7950343.4,8329686.133333334,180337705.0,202825081.0,0.99,0.85,6882441070.673504,-8.57,257,0.7,158,-19.67,342,-9.18,-1.71,-11.96,1.88,1.25,11.0,0.216,8.04,False,False,False,False,False,False,False,False,False,False,True,True,False,False,False,False,2026-11-10,False,False,4,"thin RVOL, below 200-MA",,2,https://www.tradingview.com/chart/?symbol=NYSE:MOS&interval=D,False,False,False
EQPT,EquipmentShare.com Inc,NASDAQ,Internet Software/Services,17.37,17.9,18.07,18.12,18.76,19.67,20.76,,17.85,18.05,18.97,17.35,6.34,6.73,1.17,4789876.2,3082242.8,53538557.0,55856404.0,0.88,0.59,4408627974.0178385,-1.08,178,-12.05,226,-14.48,322,-9.2,-1.1,-3.88,0.56,1.39,1.7,0.155,16.46,False,False,False,False,False,True,False,False,False,True,True,True,False,False,False,False,2026-12-02,False,False,4,"thin RVOL, below 200-MA",near21,3,https://www.tradingview.com/chart/?symbol=NASDAQ:EQPT&interval=D,False,False,False
APLD,Applied Digital Corporation,NASDAQ,Data Processing Services,24.37,26.61,26.17,26.42,27.43,33.63,32.19,32.12,25.88,26.35,25.73,24.36,5.75,6.89,1.68,16656972.5,15514789.666666675,378095424.0,409843855.0,0.91,0.81,7288929518.097994,-3.52,203,-31.37,371,6.98,250,-9.3,-1.62,-6.86,1.09,0.82,0.6,0.223,30.63,False,False,False,False,False,True,True,False,False,True,False,True,False,False,False,False,2026-10-07,False,False,4,"thin RVOL, below 200-MA",near21,4,https://www.tradingview.com/chart/?symbol=NASDAQ:APLD&interval=D,False,False,False
RIG,Transocean Ltd (Switzerland),NYSE,Contract Drilling,5.24,5.42,5.61,5.68,5.57,5.71,5.94,5.67,5.4,5.52,5.34,5.22,4.08,4.06,0.21,42006019.1,41351014.63333333,216679317.0,234791061.0,0.59,1.34,5852451908.053743,-11.93,281,5.86,131,-22.26,357,-9.44,-1.44,-6.58,1.25,0.56,9.4,0.185,9.85,False,False,False,False,False,True,True,True,False,True,False,True,False,False,False,False,2026-11-04,False,False,4,"thin RVOL, below 200-MA","near21, ADR",5,https://www.tradingview.com/chart/?symbol=NYSE:RIG&interval=D,False,False,False
AG,First Majestic Silver Corp.,NYSE,Precious Metals,17.69,18.95,19.52,19.99,18.92,18.7,19.87,20.15,18.7,19.14,18.22,17.67,4.55,5.5,0.97,9840036.2,9820893.266666668,173731602.0,196290194.0,0.9,0.33,8719513436.06633,-14.79,321,0.11,159,-13.71,317,-9.46,-1.18,-9.39,1.38,0.57,2.1,0.231,8.22,False,False,False,False,False,True,True,True,False,True,False,True,False,False,False,False,2026-11-11,False,False,4,"thin RVOL, below 200-MA","near21, ADR",5,https://www.tradingview.com/chart/?symbol=NYSE:AG&interval=D,False,False,False
CORZ,"Core Scientific, Inc.",NASDAQ,Packaged Software,15.98,17.47,17.46,17.45,18.89,22.11,20.71,19.79,17.08,17.51,16.49,15.85,5.81,6.63,1.06,11500000.7,11176724.9,178604064.0,194996594.0,0.82,0.74,5135019800.690374,-3.79,206,-33.28,378,8.63,243,-9.48,-2.32,-8.49,1.31,0.6,12.3,0.191,29.08,False,False,False,False,False,True,True,True,False,True,False,True,False,False,False,False,2026-11-11,False,False,4,"thin RVOL, below 200-MA","near21, ADR",5,https://www.tradingview.com/chart/?symbol=NASDAQ:CORZ&interval=D,False,False,False
ONDS,Ondas Inc,NASDAQ,Telecommunications Equipment,7.33,7.5,7.45,7.7,8.03,8.59,9.05,9.45,7.49,7.59,7.7,7.32,4.94,5.89,0.43,66942922.6,62810352.4,460399883.0,483566435.0,0.91,0.27,4268278606.7700534,-7.1,243,-7.68,203,-13.92,319,-9.57,-1.48,-1.56,0.58,0.88,2.3,0.093,27.37,False,False,False,False,True,True,True,False,True,True,False,True,False,False,False,False,2026-11-16,False,False,4,"thin RVOL, below 200-MA","near21, BB",6,https://www.tradingview.com/chart/?symbol=NASDAQ:ONDS&interval=D,False,False,False
SRPT,"Sarepta Therapeutics, Inc.",NASDAQ,Pharmaceuticals: Major,18.22,19.34,20.37,20.22,18.79,18.09,18.66,19.16,19.17,19.59,18.69,18.06,5.6,6.45,1.17,2700086.6,3034255.033333333,55284127.0,61341511.0,0.73,0.0,1924524274.293991,-11.38,277,-1.03,168,-16.92,328,-9.78,-0.47,-10.56,1.09,0.54,13.6,0.287,12.53,False,False,False,False,False,True,True,True,False,True,False,True,False,False,False,False,2026-11-04,False,False,4,"thin RVOL, below 200-MA","near21, ADR",5,https://www.tradingview.com/chart/?symbol=NASDAQ:SRPT&interval=D,False,False,False
GLOB,Globant S.A.,NYSE,Information Technology Services,34.7,35.04,36.77,37.79,37.23,36.16,39.37,45.15,35.19,36.26,35.4,34.02,4.46,5.02,1.74,900122.9,1015413.7,35234855.0,38372822.0,0.93,0.29,1498330462.7018268,-13.64,304,9.15,119,-25.2,367,-9.89,-1.36,-5.63,0.86,0.79,39.3,0.235,29.13,False,False,False,False,False,True,True,False,False,True,False,True,False,False,False,False,2026-11-12,False,False,4,"thin RVOL, below 200-MA",near21,4,https://www.tradingview.com/chart/?symbol=NYSE:GLOB&interval=D,False,False,False
PRAX,"Praxis Precision Medicines, Inc.",NASDAQ,Pharmaceuticals: Major,291.23,291.15,314.97,331.86,334.1,322.81,321.16,316.49,294.06,309.98,296.27,282.0,5.13,5.35,15.58,599983.8,413536.1000000004,120434118.0,137236228.0,1.22,1.3,8131138289.720214,-15.09,327,-8.94,207,-5.74,285,-9.92,-2.4,-7.54,1.13,0.92,59.2,0.348,14.75,False,False,False,False,False,True,True,False,False,True,False,True,False,False,True,False,2026-11-11,False,False,4,"thin RVOL, below 200-MA","near21, RVOL",4,https://www.tradingview.com/chart/?symbol=NASDAQ:PRAX&interval=D,False,False,False
TNDM,"Tandem Diabetes Care, Inc.",NASDAQ,Medical Specialties,16.31,16.58,17.59,19.05,19.54,17.74,18.9,19.49,16.67,17.62,16.68,16.0,6.9,6.8,1.11,2453410.9,1889046.3,30810345.0,35980035.0,0.84,0.36,1134828655.0742304,-22.33,389,2.32,149,-10.63,304,-10.21,-2.43,-7.27,1.1,0.61,28.0,0.353,18.12,False,False,False,False,False,True,True,True,False,True,False,True,False,False,False,False,2026-11-04,False,False,4,"thin RVOL, below 200-MA","near21, ADR",5,https://www.tradingview.com/chart/?symbol=NASDAQ:TNDM&interval=D,False,False,False
CRML,Critical Metals Corp.,NASDAQ,Precious Metals,7.26,7.75,7.31,7.25,6.87,8.38,8.88,9.6,7.55,7.39,7.7,7.25,7.71,9.19,0.67,14539168.6,10090173.766666668,73254662.0,73113399.0,0.28,0.68,1067174597.4552846,1.97,148,-26.44,330,-6.2,289,-10.23,0.61,-0.72,0.2,0.67,1.5,0.405,37.63,False,False,False,False,True,True,True,False,False,True,False,True,False,False,False,False,2027-03-03,False,False,4,"thin RVOL, below 200-MA",near21,5,https://www.tradingview.com/chart/?symbol=NASDAQ:CRML&interval=D,False,False,False
BSP,Bending Spoons S.p.A.,NASDAQ,Packaged Software,33.32,35.19,37.45,38.98,39.15,,,,34.92,36.82,34.35,32.29,6.8,7.78,2.59,3101888.6,1938579.5666666667,64593471.0,75562924.0,1.08,-0.18,21165508522.019844,-22.71,395,-15.62,247,7.48,247,-10.28,-1.91,-11.03,1.22,0.79,39.7,0.311,11.87,False,False,False,False,False,True,True,False,False,True,False,True,False,True,False,False,2026-11-12,False,False,5,below 200-MA,near21,4,https://www.tradingview.com/chart/?symbol=NASDAQ:BSP&interval=D,False,False,False
MOD,Modine Manufacturing Company,NYSE,Industrial Machinery,187.2,190.12,187.56,187.39,195.48,230.25,229.43,213.33,187.98,189.09,187.79,181.33,5.25,5.92,11.08,1545657.6,1344371.3666666667,251666320.0,251920854.0,0.9,1.05,9942698485.434357,5.32,118,-24.06,315,-12.26,311,-10.33,-0.72,-0.19,0.17,0.58,53.0,0.146,22.81,False,False,False,False,True,True,True,True,False,True,False,True,False,False,False,False,2026-11-03,False,False,4,"thin RVOL, below 200-MA","near21, ADR",6,https://www.tradingview.com/chart/?symbol=NYSE:MOD&interval=D,False,False,False
NN,NextNav Inc.,NASDAQ,Packaged Software,14.38,14.59,14.89,15.33,15.34,17.17,17.31,16.95,14.53,14.91,15.07,13.94,6.04,6.7,0.96,2462215.3,2334308.466666667,33567356.0,35792730.0,0.87,1.44,2427486507.974082,-5.49,221,-18.71,273,-7.41,294,-10.53,-0.94,-3.44,0.53,1.17,45.7,0.142,18.92,False,False,False,False,False,True,False,False,False,True,True,True,False,False,False,False,2026-11-05,False,False,4,"thin RVOL, below 200-MA",near21,3,https://www.tradingview.com/chart/?symbol=NASDAQ:NN&interval=D,False,False,False
KD,"Kyndryl Holdings, Inc.",NYSE,Data Processing Services,11.26,11.85,12.47,12.6,12.87,12.32,12.6,15.04,11.8,12.24,11.4,11.16,4.69,4.92,0.55,4227455.9,3704091.1666666665,41708067.0,46681426.0,1.1,0.35,2452633686.988486,-13.78,308,-6.63,194,-11.69,309,-10.7,-2.54,-9.69,1.62,0.45,18.9,0.237,28.35,False,False,False,False,False,False,True,True,False,True,False,True,False,False,False,False,2026-11-10,False,False,4,"thin RVOL, below 200-MA",ADR,4,https://www.tradingview.com/chart/?symbol=NYSE:KD&interval=D,False,False,False
WULF,TeraWulf Inc.,NASDAQ,Data Processing Services,14.8,16.16,16.12,15.98,16.61,20.27,19.43,18.05,15.72,16.03,15.33,14.52,6.08,7.19,1.06,26367443.4,28364313.8,419791844.0,453271189.0,0.87,1.59,7384736671.729623,-2.95,198,-36.99,393,7.84,245,-10.7,-1.52,-8.2,1.07,0.76,25.9,0.236,28.01,False,False,False,False,False,True,True,False,False,True,False,True,False,False,False,False,2026-11-16,False,False,4,"thin RVOL, below 200-MA",near21,4,https://www.tradingview.com/chart/?symbol=NASDAQ:WULF&interval=D,False,False,False
POWI,"Power Integrations, Inc.",NASDAQ,Semiconductors,51.8,50.93,50.36,51.45,55.93,66.22,62.8,57.71,51.1,51.67,52.28,50.79,4.08,4.71,2.44,865404.4,820615.1,42507862.0,42224476.0,1.38,0.39,2894236973.4651527,0.37,162,-35.41,387,1.61,262,-11.14,-1.57,2.87,0.05,0.61,41.4,0.101,30.62,False,False,False,False,True,True,True,True,False,True,False,True,False,False,True,False,2026-11-11,False,False,4,"thin RVOL, below 200-MA","near21, ADR, RVOL",6,https://www.tradingview.com/chart/?symbol=NASDAQ:POWI&interval=D,False,False,False
MBLY,Mobileye Global Inc.,NASDAQ,Packaged Software,7.39,7.78,8.01,8.24,8.33,8.9,8.57,8.94,7.76,7.98,7.67,7.25,4.51,4.85,0.36,7254589.5,4811377.866666666,35556082.0,39632923.0,1.03,-3.37,6282886307.341704,-13.67,307,-23.74,314,3.65,256,-11.25,-2.32,-7.72,1.53,1.17,39.1,0.161,15.75,False,False,False,False,False,False,False,False,False,False,True,True,False,False,False,False,2026-10-22,False,True,3,"thin RVOL, below 200-MA, large gap",,2,https://www.tradingview.com/chart/?symbol=NASDAQ:MBLY&interval=D,False,False,False
LPTH,"LightPath Technologies, Inc.",NASDAQ,Electronic Components,10.31,10.04,9.84,10.74,11.33,12.63,12.47,12.08,10.03,10.29,10.55,10.0,5.06,7.03,0.72,2637882.5,3227440.2,33274908.0,34663784.0,0.9,1.2,722073742.6447107,-7.12,244,-34.5,381,6.18,252,-11.81,-1.28,4.79,0.03,0.76,42.8,0.162,27.1,False,False,False,False,False,True,True,False,False,True,False,True,False,False,False,False,2026-11-05,False,False,4,"thin RVOL, below 200-MA",near21,4,https://www.tradingview.com/chart/?symbol=NASDAQ:LPTH&interval=D,False,False,False
RH,RH,NYSE,Specialty Stores,121.75,124.72,131.24,137.52,154.05,153.25,147.12,160.38,125.22,132.23,124.73,121.01,4.99,5.42,6.6,723279.6,824276.3333333334,100355644.0,113355031.0,0.84,0.94,2305112075.9819164,-17.25,343,-27.97,343,9.68,241,-11.84,-3.87,-7.23,1.46,0.56,11.2,0.271,29.29,False,False,False,False,False,True,True,True,False,True,False,True,False,False,False,False,2026-12-03,False,False,4,"thin RVOL, below 200-MA","near21, ADR",5,https://www.tradingview.com/chart/?symbol=NYSE:RH&interval=D,False,False,False
PRM,"Perimeter Solutions, SA",NYSE,Chemicals: Major Diversified,26.32,29.23,30.35,30.56,31.93,32.78,30.37,29.65,28.66,29.87,27.2,25.82,4.65,5.16,1.36,1568776.0,1189177.2333333334,31299145.0,36336103.0,2.65,0.85,4308239750.630014,-14.24,315,-25.65,327,4.24,254,-11.88,-3.41,-13.29,2.31,1.02,36.8,0.244,13.48,False,False,False,False,False,False,False,False,False,False,True,True,True,True,True,False,2026-10-30,False,False,5,below 200-MA,RVOL,2,https://www.tradingview.com/chart/?symbol=NYSE:PRM&interval=D,False,False,False
RBLX,Roblox Corporation,NYSE,Packaged Software,42.37,46.61,46.04,43.69,42.64,45.48,49.51,55.85,45.14,45.06,42.86,40.75,5.48,5.89,2.5,14032545.6,11543336.0,489091146.0,504286024.0,1.18,0.07,30268108545.6984,9.82,88,-22.11,299,-24.84,365,-12.38,-0.11,-7.97,1.01,0.85,64.9,0.29,31.19,False,False,False,False,False,True,True,False,False,True,False,False,False,True,False,False,2026-11-11,False,False,4,"LoD>60% ATR, below 200-MA",near21,3,https://www.tradingview.com/chart/?symbol=NYSE:RBLX&interval=D,False,False,False
TTAN,"ServiceTitan, Inc.",NASDAQ,Packaged Software,65.79,59.63,64.76,75.04,78.39,73.91,71.37,75.49,62.1,66.5,66.39,63.34,5.48,6.91,4.54,3168422.2,3359300.3333333335,221008369.0,252095894.0,0.61,0.69,6346623129.606896,-33.19,430,-11.18,217,6.99,249,-12.46,-2.33,1.6,0.15,0.67,53.8,0.77,28.52,False,False,False,False,True,True,True,False,False,True,False,True,False,False,False,False,2027-01-19,False,False,4,"thin RVOL, below 200-MA",near21,5,https://www.tradingview.com/chart/?symbol=NASDAQ:TTAN&interval=D,False,False,False
BTU,Peabody Energy Corporation,NYSE,Coal,24.39,25.58,26.95,27.34,25.79,25.35,27.34,28.89,25.58,26.24,25.32,24.39,4.85,4.94,1.21,2799157.5,2439175.9,59491500.0,66690321.0,0.54,0.66,2973141139.1140747,-17.8,351,7.78,124,-27.45,376,-12.49,-1.09,-9.51,1.42,0.77,0.0,0.248,14.5,False,False,False,False,False,True,True,False,False,True,False,True,False,False,False,False,2026-10-29,False,False,4,"thin RVOL, below 200-MA",near21,4,https://www.tradingview.com/chart/?symbol=NYSE:BTU&interval=D,False,False,False
CPRI,Capri Holdings Limited,NYSE,Apparel/Footwear Retail,14.12,14.85,14.18,13.95,14.63,16.56,17.4,18.92,14.62,14.46,14.82,14.08,5.27,5.06,0.71,6373756.7,5281953.9,74581189.0,73707906.0,0.52,1.09,1604760843.3860846,5.53,114,-24.17,316,-19.86,347,-12.83,-0.69,-0.4,0.47,1.03,4.9,0.243,33.63,False,False,False,False,True,True,False,False,False,True,True,True,False,False,False,False,2026-11-05,False,False,4,"thin RVOL, below 200-MA",near21,4,https://www.tradingview.com/chart/?symbol=NYSE:CPRI&interval=D,False,False,False
AESI,Atlas Energy Solutions Inc.,NYSE,Oilfield Services/Equipment,12.01,12.32,12.99,12.87,12.39,14.54,14.21,13.36,12.28,12.59,12.31,11.26,6.34,7.35,0.88,4443515.6,3531554.6,42413971.0,45439336.0,1.09,0.86,1501291458.7261803,-8.88,259,-24.23,318,-6.39,291,-13.17,-0.41,-7.54,0.62,1.19,85.0,0.291,18.47,False,False,False,False,False,True,False,False,False,True,True,False,False,False,False,False,2026-11-02,False,False,3,"LoD>60% ATR, thin RVOL, below 200-MA",near21,2,https://www.tradingview.com/chart/?symbol=NYSE:AESI&interval=D,False,False,False
NKTR,Nektar Therapeutics,NASDAQ,Pharmaceuticals: Major,60.54,61.76,66.63,68.99,70.44,68.43,71.58,65.5,61.79,65.12,62.4,58.91,6.02,5.93,3.59,1983744.5999999996,1107562.9666666666,67057400.0,76414276.0,0.62,1.22,2067187626.3472316,-15.23,328,-6.9,197,-17.68,333,-13.27,-2.37,-9.13,1.18,0.97,45.5,0.363,16.23,False,False,False,False,False,True,True,False,False,True,False,True,False,False,False,False,2026-11-05,False,False,4,"thin RVOL, below 200-MA",near21,4,https://www.tradingview.com/chart/?symbol=NASDAQ:NKTR&interval=D,False,False,False
LGN,Legence Corp.,NASDAQ,Engineering & Construction,53.68,53.8,53.85,54.91,59.11,70.61,68.63,63.27,53.65,54.71,54.9,53.01,4.03,5.14,2.76,877750.6,869017.6,46648865.0,47713846.0,1.14,0.15,5801491669.436126,-1.31,179,-32.9,376,-6.2,290,-13.47,-1.79,-0.32,0.37,0.68,24.3,0.106,31.32,False,False,False,False,True,True,True,False,False,True,False,True,False,False,False,False,2026-11-13,False,False,4,"thin RVOL, below 200-MA",near21,5,https://www.tradingview.com/chart/?symbol=NASDAQ:LGN&interval=D,False,False,False
LAZ,"Lazard, Inc.",NYSE,Investment Banks/Brokers,36.23,36.24,38.97,40.48,41.64,43.06,43.68,45.74,36.8,38.44,36.66,35.57,4.48,4.51,1.63,2486469.4,1653299.6,59899045.0,66931630.0,0.63,0.64,3530634044.838827,-16.41,340,-14.25,239,-10.08,302,-13.58,-2.88,-7.02,1.27,0.67,40.4,0.337,26.22,False,False,False,False,False,True,True,True,False,True,False,True,False,False,False,False,2026-10-22,False,False,4,"thin RVOL, below 200-MA","near21, ADR",5,https://www.tradingview.com/chart/?symbol=NYSE:LAZ&interval=D,False,False,False
CIEN,Ciena Corporation,NYSE,Telecommunications Equipment,351.82,354.98,345.01,359.1,374.65,434.02,433.53,389.64,352.6,356.13,359.98,340.52,5.45,6.15,21.64,2553922.3,2435784.9,856957844.0,874692793.0,0.99,0.0,49891079866.955086,-7.03,242,-22.53,302,-12.26,312,-13.94,-0.99,1.97,0.2,0.9,52.2,0.164,25.3,False,False,False,False,True,True,True,False,False,True,False,True,False,True,False,False,2026-12-10,False,False,5,below 200-MA,near21,5,https://www.tradingview.com/chart/?symbol=NYSE:CIEN&interval=D,False,False,False
FIGR,"Figure Technology Solutions, Inc.",NASDAQ,Finance/Rental/Leasing,28.85,32.83,34.19,35.23,32.77,32.47,32.92,36.61,31.95,33.26,30.23,28.76,8.1,8.32,2.4,5510831.0,4691075.566666666,135337530.0,165287702.0,1.14,2.92,6473301341.740615,-19.35,361,-11.69,222,-10.82,306,-13.95,-1.44,-15.61,1.59,0.61,3.7,0.316,14.33,False,False,False,False,False,False,True,True,False,True,False,True,False,False,False,False,2026-11-12,False,True,3,"thin RVOL, below 200-MA, large gap",ADR,4,https://www.tradingview.com/chart/?symbol=NASDAQ:FIGR&interval=D,False,False,False
KVYO,"Klaviyo, Inc. Series A",NYSE,Packaged Software,15.73,15.81,16.65,17.41,17.58,16.52,17.38,19.33,15.94,16.55,16.08,15.28,5.12,6.11,0.96,7316860.1,6261254.533333333,98489534.0,108987571.0,0.67,0.52,4478762494.01377,-20.95,376,-3.26,178,-18.07,335,-14.1,-1.72,-5.52,0.81,0.82,46.3,0.305,22.44,False,False,False,False,False,True,True,False,False,True,False,True,False,False,False,False,2026-11-11,False,False,4,"thin RVOL, below 200-MA",near21,4,https://www.tradingview.com/chart/?symbol=NYSE:KVYO&interval=D,False,False,False
ALGT,Allegiant Travel Company,NASDAQ,Airlines,75.79,78.2,77.65,78.12,84.68,89.89,87.6,89.22,77.58,78.72,77.86,74.33,4.4,4.83,3.66,489014.4,527280.4333333333,39962584.0,41192114.0,0.97,1.08,2071928434.084123,-1.74,185,-36.85,392,-3.78,276,-14.12,-2.17,-2.4,0.77,0.96,39.9,0.085,16.15,False,False,False,False,True,True,True,False,True,True,False,True,False,False,False,False,2026-11-04,False,False,4,"thin RVOL, below 200-MA","near21, BB",6,https://www.tradingview.com/chart/?symbol=NASDAQ:ALGT&interval=D,False,False,False
NYT,New York Times Company (The),NYSE,Publishing: Newspapers,63.7,65.51,66.98,67.08,67.99,71.16,74.45,73.7,64.95,66.26,64.52,62.1,4.15,3.76,2.39,4682824.2,2886373.966666667,183862022.0,193611231.0,0.56,0.05,10273763829.714378,-6.21,230,-11.26,218,-25.27,368,-14.25,-1.68,-4.9,1.03,1.01,66.9,0.184,14.04,False,False,False,False,False,True,False,False,False,True,True,False,False,True,False,False,2026-11-11,False,False,4,"LoD>60% ATR, below 200-MA",near21,2,https://www.tradingview.com/chart/?symbol=NYSE:NYT&interval=D,False,False,False
AVAV,"AeroVironment, Inc.",NASDAQ,Aerospace & Defense,142.22,153.96,151.35,151.83,158.66,162.67,175.3,202.21,150.31,152.66,145.48,142.02,5.7,5.91,8.41,1425693.0,1962809.0333333334,279150701.0,298022782.0,1.0,0.2,7227720458.382574,-2.4,190,-21.1,290,-19.48,341,-14.32,-1.75,-6.03,1.16,0.41,2.4,0.176,35.76,False,False,False,False,False,True,True,True,False,True,False,True,False,False,False,False,2026-12-08,False,False,4,"thin RVOL, below 200-MA","near21, ADR",5,https://www.tradingview.com/chart/?symbol=NASDAQ:AVAV&interval=D,False,False,False
MIR,"Mirion Technologies, Inc.",NYSE,Aerospace & Defense,14.12,15.52,15.83,15.55,15.61,16.55,17.6,19.23,15.19,15.48,14.61,14.08,4.52,4.8,0.68,4040810.9,3631059.1,51270554.0,56458128.0,0.76,-0.21,3516411605.199442,-0.98,177,-21.99,298,-21.12,353,-14.7,-1.99,-10.83,1.83,0.78,5.9,0.201,26.31,False,False,False,False,False,False,True,False,False,False,False,True,False,False,False,False,2026-11-03,False,False,4,"thin RVOL, below 200-MA",,3,https://www.tradingview.com/chart/?symbol=NYSE:MIR&interval=D,False,False,False
RRR,"Red Rock Resorts, Inc.",NASDAQ,Hotels/Resorts/Cruise lines,49.54,50.49,52.98,55.03,58.42,59.18,58.34,59.44,50.85,52.96,50.45,48.73,4.07,3.93,1.95,1424499.0,1035538.5333333333,51300579.0,56981198.0,0.7,0.2,5202501907.07308,-13.65,306,-22.97,308,-8.75,300,-15.12,-3.87,-6.49,1.64,0.88,41.6,0.21,18.07,False,False,False,False,False,False,True,False,False,False,False,True,False,False,False,False,2026-11-03,False,False,4,"thin RVOL, below 200-MA",,3,https://www.tradingview.com/chart/?symbol=NASDAQ:RRR&interval=D,False,False,False
KGS,"Kodiak Gas Services, Inc.",NYSE,Oilfield Services/Equipment,52.97,54.44,57.87,58.47,59.31,64.61,63.25,57.82,54.35,56.55,53.42,51.03,4.45,4.73,2.51,2182747.9,1907917.4333333333,101062386.0,111562928.0,0.67,0.23,5355480702.98686,-9.93,265,-27.45,336,-8.05,297,-15.14,-2.26,-8.47,1.34,0.95,77.4,0.293,19.21,False,False,False,False,False,True,True,False,False,True,False,False,False,False,False,False,2026-11-11,False,False,3,"LoD>60% ATR, thin RVOL, below 200-MA",near21,3,https://www.tradingview.com/chart/?symbol=NYSE:KGS&interval=D,False,False,False
LUMN,"Lumen Technologies, Inc.",NYSE,Major Telecommunications,5.6,6.01,6.42,6.29,6.33,7.35,7.42,7.58,5.94,6.18,5.65,5.52,5.28,5.49,0.31,13054395.7,12365604.233333332,69247384.0,77841479.0,0.78,0.54,5776094393.646209,-6.51,237,-22.22,300,-17.04,329,-15.26,-2.1,-12.71,1.7,0.42,26.0,0.308,28.05,False,False,False,False,False,False,True,True,False,True,False,True,False,False,False,False,2026-11-04,False,False,4,"thin RVOL, below 200-MA",ADR,4,https://www.tradingview.com/chart/?symbol=NYSE:LUMN&interval=D,False,False,False
SHAK,"Shake Shack, Inc.",NYSE,Restaurants,58.68,57.13,60.61,64.48,65.47,62.13,72.87,77.21,58.26,60.59,60.74,57.3,4.39,4.66,2.73,1683378.6,1299539.7333333334,76256992.0,83797787.0,1.38,1.26,2511441770.6102285,-14.96,325,2.41,147,-33.84,392,-15.46,-2.23,-3.18,0.68,1.26,50.5,0.307,34.22,False,False,False,False,False,True,False,False,False,True,True,True,False,False,True,False,2026-10-29,False,False,4,"thin RVOL, below 200-MA","near21, RVOL",3,https://www.tradingview.com/chart/?symbol=NYSE:SHAK&interval=D,False,False,False
ERAS,"Erasca, Inc.",NASDAQ,Pharmaceuticals: Major,14.66,14.64,15.34,16.21,17.1,15.87,15.74,13.87,14.73,15.42,15.12,14.11,6.51,7.06,1.04,5115040.3,4472674.833333333,65569413.0,72508768.0,1.02,1.13,5127511284.178747,-17.96,352,-17.92,268,-10.66,305,-15.51,-2.02,-4.46,0.7,0.98,53.1,0.213,22.04,False,False,False,True,False,True,True,False,False,True,False,True,False,False,False,False,2026-11-11,False,False,5,thin RVOL,near21,5,https://www.tradingview.com/chart/?symbol=NASDAQ:ERAS&interval=D,False,False,False
NG,Novagold Resources Inc.,AMEX,Precious Metals,6.5,7.11,7.41,7.9,7.44,7.34,8.13,8.62,7.01,7.32,6.72,6.43,5.85,6.6,0.43,5941909.3,5788456.0,37624964.0,45728802.0,0.62,1.67,2852074232.420091,-25.03,407,2.69,146,-25.12,366,-15.82,-1.92,-12.29,1.7,0.69,16.3,0.277,23.32,False,False,False,False,False,False,True,False,False,False,False,True,False,False,False,False,2026-10-08,False,False,4,"thin RVOL, below 200-MA",,3,https://www.tradingview.com/chart/?symbol=AMEX:NG&interval=D,False,False,False
PENN,"PENN Entertainment, Inc.",NASDAQ,Casinos/Gaming,14.65,15.71,16.54,16.94,18.12,18.89,17.72,16.74,15.62,16.39,15.1,14.54,4.29,4.34,0.64,3455025.1,2870090.8,42046830.0,48608336.0,0.96,0.75,1964075487.446954,-15.37,331,-31.83,372,-0.54,266,-15.91,-4.41,-11.42,2.45,0.88,17.3,0.251,21.66,False,False,False,False,False,False,True,False,False,False,False,True,False,False,False,False,2026-10-29,False,False,4,"thin RVOL, below 200-MA",,3,https://www.tradingview.com/chart/?symbol=NASDAQ:PENN&interval=D,False,False,False
FSLR,"First Solar, Inc.",NASDAQ,Semiconductors,175.16,186.46,195.61,200.0,208.88,228.96,218.41,225.05,184.16,193.11,178.68,174.82,5.04,5.26,9.22,2754905.8,2199401.7333333334,385247208.0,439881813.0,0.67,0.89,18824407216.821796,-13.89,311,-24.53,322,-10.98,307,-16.46,-3.07,-10.45,1.77,0.42,3.6,0.266,24.26,False,False,False,False,False,False,True,True,False,True,False,True,False,True,False,False,2026-10-29,False,False,5,below 200-MA,ADR,4,https://www.tradingview.com/chart/?symbol=NASDAQ:FSLR&interval=D,False,False,False
EYE,"National Vision Holdings, Inc.",NASDAQ,Specialty Stores,16.38,16.5,16.69,17.12,18.71,18.46,20.86,22.49,16.49,16.9,16.69,16.11,4.5,4.64,0.76,2505649.6,2292342.433333333,37548569.0,39241464.0,0.61,1.04,1295155281.0000002,-6.56,240,-14.64,240,-28.66,381,-16.62,-2.68,-1.84,0.67,0.76,34.8,0.096,36.6,False,False,False,False,True,True,True,False,True,True,False,True,False,False,False,False,2026-11-11,False,False,4,"thin RVOL, below 200-MA","near21, BB",6,https://www.tradingview.com/chart/?symbol=NASDAQ:EYE&interval=D,False,False,False
MWH,"SOLV Energy, Inc.",NASDAQ,Engineering & Construction,24.02,25.33,25.28,26.07,27.2,30.93,31.43,,24.95,25.61,24.81,23.87,4.96,5.45,1.31,1261582.9,1583950.6666666667,38046495.0,41298346.0,1.72,0.45,4861446727.666529,-7.97,251,-24.25,319,-17.68,334,-16.63,-2.15,-5.0,1.14,0.72,11.5,0.132,25.58,False,False,False,False,False,True,True,False,False,True,False,True,True,True,True,False,2026-12-02,False,False,5,below 200-MA,"near21, RVOL",4,https://www.tradingview.com/chart/?symbol=NASDAQ:MWH&interval=D,False,False,False
PLUG,"Plug Power, Inc.",NASDAQ,Electronic Production Equipment,1.94,2.01,2.06,2.11,2.12,2.57,2.58,2.47,1.99,2.05,2.04,1.93,4.65,5.7,0.11,49189388.3,50486235.86666667,97943298.0,106492300.0,1.0,1.57,2710558621.9790573,-11.01,275,-27.61,338,-11.42,308,-16.68,-1.51,-5.92,0.92,0.99,9.0,0.181,29.2,False,False,False,False,False,True,True,False,False,True,False,True,False,False,False,False,2026-11-10,False,False,4,"thin RVOL, below 200-MA",near21,4,https://www.tradingview.com/chart/?symbol=NASDAQ:PLUG&interval=D,False,False,False
ENPH,"Enphase Energy, Inc.",NASDAQ,Electrical Products,32.99,33.39,34.99,35.92,37.2,44.12,42.01,41.22,33.3,34.72,33.9,32.08,4.68,5.43,1.79,5357755.6,4498190.066666666,148395290.0,161560743.0,1.11,1.73,4359451598.768772,-10.43,271,-29.61,354,-10.46,303,-16.83,-2.08,-5.71,0.92,1.01,50.7,0.229,32.55,False,False,False,False,False,True,False,False,False,True,True,True,False,False,False,False,2026-10-27,False,False,4,"thin RVOL, below 200-MA",near21,3,https://www.tradingview.com/chart/?symbol=NASDAQ:ENPH&interval=D,False,False,False
MIRM,"Mirum Pharmaceuticals, Inc.",NASDAQ,Pharmaceuticals: Major,85.48,90.34,94.47,95.73,99.44,103.8,100.46,98.06,89.98,93.24,88.85,85.36,4.77,4.64,3.97,918766.4,660082.3,56423835.0,63191219.0,0.97,1.5,5550404958.880968,-12.29,286,-29.69,356,-8.71,298,-16.9,-3.02,-9.52,1.79,0.88,3.0,0.212,15.75,False,False,False,False,False,False,True,False,False,False,False,True,False,False,False,False,2026-11-17,False,False,4,"thin RVOL, below 200-MA",,3,https://www.tradingview.com/chart/?symbol=NASDAQ:MIRM&interval=D,False,False,False
MIAX,"Miami International Holdings, Inc.",NYSE,Investment Banks/Brokers,33.5,35.88,38.71,40.08,41.73,42.86,42.71,42.73,35.8,37.95,34.24,33.49,4.48,4.67,1.56,1915856.4,1549144.5333333334,51896342.0,62092811.0,0.65,-0.37,3324234910.643638,-21.44,383,-14.87,241,-14.5,323,-16.93,-4.23,-13.45,2.51,0.48,0.6,0.34,20.85,False,False,False,False,False,False,True,True,False,True,False,True,False,False,False,False,2026-11-11,False,False,4,"thin RVOL, below 200-MA",ADR,4,https://www.tradingview.com/chart/?symbol=NYSE:MIAX&interval=D,False,False,False
USAR,"USA Rare Earth, Inc.",NASDAQ,Metal Fabrication,14.08,15.37,15.97,16.76,16.79,19.55,19.58,19.32,15.13,15.88,14.75,14.06,5.0,6.89,0.97,13543127.1,13270941.566666666,186854857.0,222425404.0,0.91,0.18,5281078014.817763,-21.03,378,-30.26,361,-0.67,268,-17.32,-2.34,-11.84,1.64,0.71,1.5,0.293,29.9,False,False,False,False,False,False,True,False,False,False,False,True,False,False,False,False,2026-11-05,False,False,4,"thin RVOL, below 200-MA",,3,https://www.tradingview.com/chart/?symbol=NASDAQ:USAR&interval=D,False,False,False
COUR,"Coursera, Inc.",NYSE,Miscellaneous Commercial Services,4.96,5.0,5.26,5.56,5.6,5.56,5.71,5.96,5.0,5.23,5.15,4.81,4.01,5.07,0.25,8682882.1,5827470.333333333,28904253.0,32381310.0,1.87,6.21,1311423991.5032122,-22.5,391,-17.88,267,-13.74,318,-18.04,-2.26,-5.68,1.03,1.35,59.6,0.28,19.39,False,False,False,False,False,True,False,False,False,True,True,True,True,True,True,False,2026-10-22,False,True,4,"below 200-MA, large gap","near21, RVOL",3,https://www.tradingview.com/chart/?symbol=NYSE:COUR&interval=D,False,False,False
AXON,"Axon Enterprise, Inc.",NASDAQ,Aerospace & Defense,422.52,440.52,466.02,510.77,532.75,502.56,484.77,498.36,441.61,470.82,432.64,417.36,4.68,5.45,23.03,992309.2,964978.8,407722843.0,492884152.0,0.97,0.59,34324430008.164165,-28.49,423,-28.03,344,1.81,260,-18.24,-3.8,-9.33,1.88,0.66,22.4,0.281,21.83,False,False,False,False,False,False,True,False,False,False,False,True,False,True,False,False,2026-11-10,False,False,5,below 200-MA,,3,https://www.tradingview.com/chart/?symbol=NASDAQ:AXON&interval=D,False,False,False
ALM,Almonty Industries Inc.,NASDAQ,Other Metals/Minerals,13.16,13.63,15.06,16.04,15.03,16.21,17.18,15.63,13.74,14.57,13.73,12.97,7.44,8.72,1.15,6381192.6,6432659.366666666,84653797.0,103200226.0,0.54,0.23,3796406462.971949,-27.65,419,-19.88,283,-7.52,295,-18.35,-1.42,-12.59,1.11,0.66,16.6,0.527,26.98,False,False,False,False,False,True,True,False,False,True,False,True,False,False,False,False,2026-11-17,False,False,4,"thin RVOL, below 200-MA",near21,4,https://www.tradingview.com/chart/?symbol=NASDAQ:ALM&interval=D,False,False,False
OKLO,Oklo Inc.,NYSE,Industrial Machinery,37.02,38.47,38.75,39.64,40.94,49.34,53.14,59.95,37.99,38.89,38.55,36.77,5.39,6.29,2.33,9469452.6,9814764.566666666,363342584.0,389027823.0,0.86,0.49,6886373679.827002,-6.52,238,-29.89,358,-19.43,340,-18.61,-1.52,-4.48,0.77,0.76,10.7,0.22,58.02,False,False,False,False,False,True,True,False,False,True,False,True,False,False,False,False,2026-11-18,False,False,4,"thin RVOL, below 200-MA",near21,4,https://www.tradingview.com/chart/?symbol=NYSE:OKLO&interval=D,False,False,False
NNE,Nano Nuclear Energy Inc.,NASDAQ,Electrical Products,15.85,16.59,16.88,17.42,17.56,20.47,21.45,23.59,16.47,16.9,16.55,15.82,5.53,6.54,1.04,2152527.3,1787159.2333333334,28326474.0,31138867.0,0.66,1.9,851115564.5725143,-11.15,276,-24.45,321,-20.23,350,-18.61,-1.49,-6.07,0.95,0.7,2.9,0.226,44.12,False,False,False,False,False,True,True,False,False,True,False,True,False,False,False,False,2026-12-17,False,False,4,"thin RVOL, below 200-MA",near21,4,https://www.tradingview.com/chart/?symbol=NASDAQ:NNE&interval=D,False,False,False
ASTS,"AST SpaceMobile, Inc.",NASDAQ,Specialty Telecommunications,58.86,60.89,61.11,61.36,62.81,74.03,77.73,81.24,60.48,61.2,62.98,58.74,6.21,7.09,4.17,11138466.3,9815149.3,577719688.0,602283735.0,1.11,0.85,22906399381.954548,2.47,145,-32.67,375,-25.68,370,-18.63,-0.89,-3.67,0.54,1.02,3.0,0.123,34.57,False,False,False,False,False,True,False,False,False,True,True,True,False,True,False,False,2026-11-16,False,False,5,below 200-MA,near21,3,https://www.tradingview.com/chart/?symbol=NASDAQ:ASTS&interval=D,False,False,False
AN,"AutoNation, Inc.",NYSE,Specialty Stores,157.44,165.21,185.57,190.14,198.5,195.22,195.7,199.08,168.01,179.37,158.79,152.86,5.2,4.62,7.28,817614.9,550472.1666666666,86666338.0,104665860.0,1.05,0.42,5205093441.428571,-21.09,380,-15.28,246,-19.95,348,-18.77,-4.47,-15.16,2.64,0.81,62.9,0.451,21.51,False,False,False,False,False,False,True,True,False,True,False,False,False,False,False,False,2026-10-22,False,False,3,"LoD>60% ATR, thin RVOL, below 200-MA",ADR,3,https://www.tradingview.com/chart/?symbol=NYSE:AN&interval=D,False,False,False
ENOV,Enovis Corporation,NYSE,Medical Specialties,18.27,18.21,18.59,20.71,23.37,23.56,23.68,23.88,18.44,19.44,18.7,18.08,5.11,5.72,1.05,1838636.1,1749043.3666666667,31955022.0,36230850.0,1.06,0.27,1053621545.2849402,-25.37,409,-11.27,219,-19.69,343,-18.78,-3.82,-1.72,1.05,0.59,18.2,0.138,31.02,False,False,False,False,True,True,True,True,False,True,False,True,False,False,False,False,2026-11-11,False,False,4,"thin RVOL, below 200-MA","near21, ADR",6,https://www.tradingview.com/chart/?symbol=NYSE:ENOV&interval=D,False,False,False
SMR,NuScale Power Corporation,NYSE,Electrical Products,7.9,8.41,8.96,9.09,9.05,9.77,10.4,12.05,8.34,8.7,8.18,7.75,6.93,7.77,0.61,37572726.2,37758862.7,298295015.0,343089613.0,0.76,1.29,3394813983.466495,-13.85,310,-22.55,303,-20.36,351,-18.92,-1.63,-11.83,1.18,0.7,24.4,0.415,46.0,False,False,False,False,False,True,True,False,False,True,False,True,False,False,False,False,2026-11-05,False,False,4,"thin RVOL, below 200-MA",near21,4,https://www.tradingview.com/chart/?symbol=NYSE:SMR&interval=D,False,False,False
EROC,"ERock, Inc.",NYSE,Electrical Products,12.26,12.57,12.32,12.52,12.31,,,,12.34,12.43,13.0,11.86,7.32,8.96,1.1,2706308.6,2507870.566666667,30746493.0,31407735.0,0.9,2.55,2689845053.3097196,0.82,159,-19.13,278,-39.0,407,-19.1,-0.05,-0.49,0.15,1.04,36.4,0.225,2.07,False,False,False,False,True,True,False,False,False,True,True,True,False,False,False,True,2026-12-02,False,True,3,"thin RVOL, below 200-MA, large gap",near21,5,https://www.tradingview.com/chart/?symbol=NYSE:EROC&interval=D,False,False,False
AIR,AAR Corp.,NYSE,Aerospace & Defense,101.47,113.83,118.65,123.69,130.92,127.78,122.77,117.16,113.32,118.81,107.74,100.71,5.69,5.86,5.95,838499.7,502096.23333333334,50947705.0,62104953.0,1.96,0.42,4085064357.9224353,-22.64,393,-29.43,352,-5.66,284,-19.24,-3.84,-14.48,2.49,1.18,12.8,0.233,16.84,False,False,False,False,False,False,False,False,False,False,True,True,True,True,True,False,2027-01-06,False,False,5,below 200-MA,RVOL,2,https://www.tradingview.com/chart/?symbol=NYSE:AIR&interval=D,False,False,False
LEU,Centrus Energy Corp.,NYSE,Other Metals/Minerals,139.49,147.15,155.0,163.81,170.38,171.96,180.94,201.49,146.33,154.16,146.0,137.27,5.44,6.8,9.49,709403.9,710975.7999999988,99174014.0,116467790.0,0.77,1.32,2853003841.6650743,-19.96,368,-18.43,271,-20.37,352,-19.59,-2.67,-10.0,1.4,0.92,23.4,0.371,38.95,False,False,False,False,False,True,True,False,False,True,False,True,False,False,False,False,2026-11-11,False,False,4,"thin RVOL, below 200-MA",near21,4,https://www.tradingview.com/chart/?symbol=NYSE:LEU&interval=D,False,False,False
GIL,"Gildan Activewear, Inc.",NYSE,Apparel/Footwear,42.63,44.21,46.99,49.34,51.58,53.54,55.48,58.15,44.09,46.58,43.0,42.09,4.28,4.43,1.89,2412047.8,1485561.6666666667,63329494.0,73299593.0,0.74,-0.12,7894728334.051904,-19.0,357,-17.58,263,-22.26,358,-19.61,-3.92,-9.27,1.92,0.48,28.6,0.319,32.7,False,False,False,False,False,False,True,True,False,True,False,True,False,False,False,False,2026-10-29,False,False,4,"thin RVOL, below 200-MA",ADR,4,https://www.tradingview.com/chart/?symbol=NYSE:GIL&interval=D,False,False,False
BKV,BKV Corporation,NYSE,Integrated Oil,21.34,22.46,23.66,24.01,24.43,25.48,26.71,27.07,22.44,23.25,22.08,21.34,4.08,4.61,0.98,1718857.5,2129546.7,45444527.0,51133966.0,1.45,0.42,2335403185.4999995,-13.53,300,-21.72,296,-23.79,363,-19.68,-2.75,-9.79,1.78,0.75,0.0,0.258,21.59,False,False,False,False,False,False,True,False,False,False,False,True,False,False,True,False,2026-11-17,False,False,4,"thin RVOL, below 200-MA",RVOL,3,https://www.tradingview.com/chart/?symbol=NYSE:BKV&interval=D,False,False,False
ACAD,ACADIA Pharmaceuticals Inc.,NASDAQ,Pharmaceuticals: Major,20.15,23.67,25.71,26.98,27.15,25.07,24.05,24.47,22.9,24.9,20.7,19.93,4.93,5.09,1.03,3021868.5,1923845.5666666667,38765488.0,51904391.0,1.1,0.27,3471955938.6053414,-30.64,428,-20.7,286,-7.78,296,-19.71,-5.06,-21.63,3.74,0.75,21.4,0.462,17.25,False,False,False,False,False,False,True,False,False,False,False,True,False,False,False,False,2026-11-11,False,False,4,"thin RVOL, below 200-MA",,3,https://www.tradingview.com/chart/?symbol=NASDAQ:ACAD&interval=D,False,False,False
NAMS,NewAmsterdam Pharma Company N.V.,NASDAQ,Pharmaceuticals: Major,24.32,23.0,23.23,24.45,25.94,29.72,30.34,31.28,23.31,23.74,25.12,23.96,5.44,5.63,1.37,2141507.0,1610219.6,39160541.0,39362892.0,1.11,0.8,2907143919.5497694,-5.19,217,-31.05,368,-23.16,362,-19.8,-1.11,4.68,0.43,0.85,26.3,0.243,34.05,False,False,False,False,False,True,True,False,False,True,False,True,False,False,False,False,2026-11-11,False,False,4,"thin RVOL, below 200-MA",near21,4,https://www.tradingview.com/chart/?symbol=NASDAQ:NAMS&interval=D,False,False,False
BBAI,"BigBear.ai, Inc.",NYSE,Packaged Software,2.65,2.78,2.83,2.92,2.96,3.43,3.55,4.0,2.76,2.84,2.78,2.65,4.26,4.82,0.13,13430254.3,15404257.8,40821283.0,44949624.0,0.84,1.51,1270660489.0000002,-12.25,285,-27.4,335,-19.82,345,-19.82,-2.16,-6.28,1.36,0.98,0.0,0.131,46.01,False,False,False,False,False,True,True,False,False,True,False,True,False,False,False,False,2026-11-11,False,False,4,"thin RVOL, below 200-MA",near21,4,https://www.tradingview.com/chart/?symbol=NYSE:BBAI&interval=D,False,False,False
RKT,"Rocket Companies, Inc.",NYSE,Finance/Rental/Leasing,11.51,12.1,12.8,13.18,13.42,13.77,14.21,15.63,12.11,12.63,11.92,11.5,4.75,5.17,0.6,43549297.7,31148451.233333334,358518674.0,410578119.0,0.86,0.94,32592202306.853725,-14.74,320,-27.56,337,-17.43,331,-19.91,-2.75,-10.11,1.71,0.7,1.7,0.25,30.64,False,False,False,False,False,False,True,False,False,False,False,True,False,True,False,False,2026-10-29,False,False,5,below 200-MA,,3,https://www.tradingview.com/chart/?symbol=NYSE:RKT&interval=D,False,False,False
LUNR,"Intuitive Machines, Inc.",NASDAQ,Aerospace & Defense,14.24,15.12,14.84,15.42,15.26,20.79,21.11,20.19,14.95,15.12,15.52,14.22,6.66,7.44,1.06,8832023.5,7115958.0,101331242.0,109718584.0,1.04,0.69,3259878707.3759446,-4.43,212,-29.56,353,-26.26,372,-20.08,-0.9,-4.04,0.78,1.23,1.9,0.186,44.02,False,False,False,False,False,True,False,False,False,True,True,True,False,False,False,False,2026-11-18,False,False,4,"thin RVOL, below 200-MA",near21,3,https://www.tradingview.com/chart/?symbol=NASDAQ:LUNR&interval=D,False,False,False
BOOT,"Boot Barn Holdings, Inc.",NYSE,Apparel/Footwear Retail,120.47,124.17,133.33,141.76,148.43,154.86,157.87,166.01,125.84,132.92,123.73,119.7,4.58,4.8,5.78,686087.1,672589.4,81026845.0,95343807.0,0.83,0.58,3648415071.5237513,-21.95,387,-25.25,325,-13.21,315,-20.14,-3.92,-9.65,1.95,0.7,13.3,0.344,34.73,False,False,False,False,False,False,True,True,False,True,False,True,False,False,False,False,2026-11-04,False,False,4,"thin RVOL, below 200-MA",ADR,4,https://www.tradingview.com/chart/?symbol=NYSE:BOOT&interval=D,False,False,False
FOUR,"Shift4 Payments, Inc.",NYSE,Miscellaneous Commercial Services,36.17,38.41,40.99,42.54,44.94,44.54,44.9,49.22,38.49,40.51,37.0,35.91,5.32,6.25,2.26,2063469.5,2038607.2333333334,73736424.0,86720313.0,1.14,-0.22,2855987447.146171,-18.59,355,-27.7,340,-14.23,320,-20.17,-3.12,-11.75,1.71,0.48,11.5,0.289,29.88,False,False,False,False,False,False,True,True,False,True,False,True,False,False,False,False,2026-11-11,False,False,4,"thin RVOL, below 200-MA",ADR,4,https://www.tradingview.com/chart/?symbol=NYSE:FOUR&interval=D,False,False,False
CELC,Celcuity Inc.,NASDAQ,Medical Specialties,79.52,80.9,84.91,87.23,87.89,97.8,104.35,104.73,80.86,83.74,88.68,77.84,4.95,5.53,4.4,1037860.9,887167.8333333334,70547586.0,77385580.0,2.96,5.07,3891065158.666322,-9.23,261,-24.87,323,-27.18,374,-20.43,-1.72,-6.35,0.91,2.46,38.2,0.279,29.96,False,False,False,False,False,True,False,False,False,True,True,True,True,True,True,False,2026-11-18,False,True,4,"below 200-MA, large gap","near21, RVOL",3,https://www.tradingview.com/chart/?symbol=NASDAQ:CELC&interval=D,False,False,False
TPL,Texas Pacific Land Corporation,NYSE,Investment Trusts/Mutual Funds,325.83,342.96,355.13,360.76,368.86,381.16,412.1,396.42,341.36,351.32,332.47,324.8,4.1,4.27,13.92,477135.0999999996,390420.0999999999,127210581.0,140849257.0,0.69,0.35,22474020180.67119,-11.94,282,-21.95,297,-27.45,375,-20.45,-2.73,-8.25,1.7,0.55,7.4,0.179,21.22,False,False,False,False,False,False,True,True,False,True,False,True,False,True,False,False,2026-11-04,False,False,5,below 200-MA,ADR,4,https://www.tradingview.com/chart/?symbol=NYSE:TPL&interval=D,False,False,False
UEC,Uranium Energy Corp.,AMEX,Other Metals/Minerals,9.45,9.71,10.36,11.05,10.81,11.38,12.29,13.06,9.73,10.24,9.88,9.19,5.68,6.43,0.61,10758497.1,9487084.5,89652949.0,104854420.0,1.5,1.94,4676543928.745964,-23.23,398,-12.01,224,-26.52,373,-20.59,-1.95,-8.81,1.2,1.13,42.8,0.327,35.45,False,False,False,False,False,True,False,False,False,True,True,True,True,True,True,False,2026-12-16,False,False,5,below 200-MA,"near21, RVOL",3,https://www.tradingview.com/chart/?symbol=AMEX:UEC&interval=D,False,False,False
BBWI,"Bath & Body Works, Inc.",NYSE,Specialty Stores,15.92,16.71,17.4,17.94,18.7,19.18,19.3,19.94,16.63,17.29,16.18,15.81,4.03,4.85,0.77,6877663.2,6976780.066666666,111070339.0,125161109.0,0.85,0.5,3210193280.540338,-17.3,345,-28.87,346,-16.12,326,-20.76,-3.06,-8.52,1.63,0.49,14.3,0.233,20.3,False,False,False,False,False,False,True,True,False,True,False,True,False,False,False,False,2026-11-18,False,False,4,"thin RVOL, below 200-MA",ADR,4,https://www.tradingview.com/chart/?symbol=NYSE:BBWI&interval=D,False,False,False
DKNG,DraftKings Inc.,NASDAQ,Movies/Entertainment,19.0,21.23,22.72,23.49,23.7,24.72,24.33,25.89,21.2,22.32,19.73,18.95,6.42,6.2,1.18,18297303.1,12199219.533333333,231785171.0,286579999.0,0.81,0.15,9432627423.787647,-23.48,400,-25.96,329,-12.96,313,-20.8,-3.2,-16.39,2.4,0.66,4.2,0.298,24.51,False,False,False,False,False,False,True,True,False,True,False,True,False,False,False,False,2026-10-30,False,False,4,"thin RVOL, below 200-MA",ADR,4,https://www.tradingview.com/chart/?symbol=NASDAQ:DKNG&interval=D,False,False,False
UPST,"Upstart Holdings, Inc.",NASDAQ,Finance/Rental/Leasing,22.99,24.34,25.4,26.81,27.68,29.48,29.28,32.5,24.18,25.4,23.53,22.78,4.25,5.12,1.18,4735263.8,4362481.4,100293447.0,116946493.0,0.74,0.86,2237226944.986171,-19.67,365,-36.21,389,-6.77,292,-20.88,-3.31,-9.47,1.85,0.63,17.4,0.248,35.51,False,False,False,False,False,False,True,False,False,False,False,True,False,False,False,False,2026-11-10,False,False,4,"thin RVOL, below 200-MA",,3,https://www.tradingview.com/chart/?symbol=NASDAQ:UPST&interval=D,False,False,False
RSI,"Rush Street Interactive, Inc.",NYSE,Casinos/Gaming,20.33,21.09,23.76,24.51,25.66,27.5,25.84,23.99,21.2,22.9,20.45,19.43,5.84,5.88,1.2,5111372.3,3174297.466666667,64533467.0,77799915.0,0.89,1.02,4711952245.829095,-22.43,390,-35.25,386,-5.88,286,-21.19,-3.53,-14.43,1.91,0.85,75.3,0.499,31.53,False,False,False,False,False,False,True,False,False,False,False,False,False,False,False,False,2026-11-04,False,False,3,"LoD>60% ATR, thin RVOL, below 200-MA",,2,https://www.tradingview.com/chart/?symbol=NYSE:RSI&interval=D,False,False,False
VSEC,VSE Corporation,NASDAQ,Engineering & Construction,164.7,176.42,185.5,195.86,203.5,199.7,198.6,198.63,177.05,185.85,174.04,163.91,4.69,5.48,9.03,429726.0,354674.56666666665,58414901.0,69466206.0,0.99,1.43,4622300777.556967,-22.88,396,-29.23,350,-11.71,310,-21.27,-3.48,-11.21,2.08,1.12,8.8,0.248,16.44,False,False,False,False,False,False,False,False,False,False,True,True,False,False,False,False,2026-10-28,False,False,4,"thin RVOL, below 200-MA",,2,https://www.tradingview.com/chart/?symbol=NASDAQ:VSEC&interval=D,False,False,False
AMPX,"Amprius Technologies, Inc.",NYSE,Electrical Products,9.68,9.66,9.62,9.78,10.15,12.81,14.48,13.46,9.64,9.76,9.99,9.62,5.52,6.27,0.61,6105393.9,4904578.5,47476320.0,47983126.0,1.16,2.31,1414060434.5099685,-0.72,174,-27.65,339,-35.47,399,-21.28,-0.75,0.66,0.12,0.61,9.9,0.12,50.26,False,False,False,False,True,True,True,True,False,True,False,True,False,False,False,False,2026-11-05,False,True,3,"thin RVOL, below 200-MA, large gap","near21, ADR",6,https://www.tradingview.com/chart/?symbol=NYSE:AMPX&interval=D,False,False,False
XRAY,DENTSPLY SIRONA Inc.,NASDAQ,Medical Specialties,8.86,9.41,10.06,10.36,11.3,11.12,11.42,11.64,9.45,9.96,9.12,8.82,4.37,4.8,0.43,5837047.6,4343185.333333333,38480622.0,45004810.0,1.14,1.11,1766275303.3942091,-20.79,375,-21.45,294,-21.94,356,-21.39,-4.51,-11.95,2.3,0.68,8.2,0.309,25.1,False,False,False,False,False,False,True,True,False,True,False,True,False,False,False,False,2026-10-29,False,False,4,"thin RVOL, below 200-MA",ADR,4,https://www.tradingview.com/chart/?symbol=NASDAQ:XRAY&interval=D,False,False,False
MAIR,Madison Air Solutions Corporation,NYSE,Industrial Machinery,24.6,24.62,24.79,25.44,27.91,33.41,,,24.76,25.29,25.47,24.58,4.21,4.84,1.19,2500728.2,2870868.6666666665,70623369.0,73034899.0,1.63,-0.04,12342375705.006027,-6.39,235,-34.71,382,-23.12,361,-21.41,-2.45,-0.76,0.56,0.75,1.7,0.123,35.76,False,False,False,False,True,True,True,False,False,True,False,True,True,True,True,False,2026-12-02,False,False,5,below 200-MA,"near21, RVOL",5,https://www.tradingview.com/chart/?symbol=NYSE:MAIR&interval=D,False,False,False
CHWY,"Chewy, Inc.",NYSE,Internet Retail,18.2,19.19,20.63,21.68,22.04,21.26,22.79,24.64,19.13,20.25,18.64,18.16,4.53,5.13,0.93,10695097.7,9556752.466666667,173932895.0,207161723.0,0.68,0.6,7315076030.733844,-21.59,385,-12.03,225,-30.98,386,-21.53,-3.4,-11.8,1.97,0.5,3.7,0.37,29.95,False,False,False,False,False,False,True,True,False,True,False,True,False,False,False,False,2026-12-03,False,False,4,"thin RVOL, below 200-MA",ADR,4,https://www.tradingview.com/chart/?symbol=NYSE:CHWY&interval=D,False,False,False
IBP,"Installed Building Products, Inc.",NYSE,Engineering & Construction,191.88,199.23,207.41,219.68,226.07,220.73,242.86,256.15,199.38,207.81,196.13,191.19,4.31,4.8,9.21,427683.2,392027.93333333335,75222320.0,86122395.0,0.68,1.06,5100012710.930391,-22.03,388,-14.97,243,-27.86,378,-21.62,-3.15,-7.49,1.6,0.54,7.5,0.282,29.66,False,False,False,False,False,False,True,True,False,True,False,True,False,False,False,False,2026-11-11,False,False,4,"thin RVOL, below 200-MA",ADR,4,https://www.tradingview.com/chart/?symbol=NYSE:IBP&interval=D,False,False,False
UAA,"Under Armour, Inc.",NYSE,Apparel/Footwear,4.46,4.58,4.82,4.94,5.49,5.76,5.95,5.97,4.55,4.79,4.52,4.25,4.13,4.62,0.21,11180447.8,8722196.9,38900998.0,43070208.0,1.05,0.23,1905001285.274005,-11.51,278,-32.32,373,-21.34,354,-21.72,-4.06,-7.52,1.5,1.31,102.0,0.248,31.01,False,False,False,False,False,False,False,False,False,False,True,False,False,False,False,False,2026-11-05,False,False,3,"LoD>60% ATR, thin RVOL, below 200-MA",,1,https://www.tradingview.com/chart/?symbol=NYSE:UAA&interval=D,False,False,False
LBRT,Liberty Energy Inc.,NYSE,Oilfield Services/Equipment,18.22,18.64,19.55,19.44,19.65,23.97,25.85,24.85,18.75,19.22,18.5,17.65,4.79,5.3,0.97,4289420.4,3742522.566666667,68188761.0,72743411.0,1.69,-1.63,2973347786.2255964,-6.28,231,-25.27,326,-34.6,394,-22.05,-1.38,-6.78,0.98,0.88,59.0,0.231,39.6,False,False,False,False,False,True,True,False,False,True,False,True,True,True,True,False,2026-10-21,False,False,5,below 200-MA,"near21, RVOL",4,https://www.tradingview.com/chart/?symbol=NYSE:LBRT&interval=D,False,False,False
FDXF,"FedEx Freight Holding Company, Inc.",NYSE,Trucking,109.38,115.91,121.33,125.26,133.34,,,,115.59,121.0,112.72,109.38,4.1,4.41,4.83,2148232.4,1560455.7,170682644.0,195461641.0,0.99,0.59,16354294092.292341,-17.64,349,-29.74,357,-18.98,338,-22.12,-4.07,-9.85,2.18,0.69,0.0,0.21,15.94,False,False,False,False,False,False,True,True,False,True,False,True,False,True,False,False,2026-12-02,False,False,5,below 200-MA,ADR,4,https://www.tradingview.com/chart/?symbol=NYSE:FDXF&interval=D,False,False,False
DNN,Denison Mines Corp,AMEX,Other Metals/Minerals,2.59,2.74,2.95,3.11,3.09,3.16,3.36,3.39,2.73,2.89,2.7,2.56,5.14,5.57,0.14,25041989.4,26181889.0,67811093.0,81512948.0,1.45,1.16,2344509801.4769645,-22.69,394,-18.04,269,-26.21,371,-22.31,-2.91,-12.2,1.88,0.9,17.3,0.378,24.85,False,False,False,False,False,False,True,False,False,False,False,True,False,False,True,False,2026-11-03,False,False,4,"thin RVOL, below 200-MA",RVOL,3,https://www.tradingview.com/chart/?symbol=AMEX:DNN&interval=D,False,False,False
CRK,"Comstock Resources, Inc.",NYSE,Oil & Gas Production,12.32,13.0,13.88,14.05,13.81,13.77,15.54,17.09,13.08,13.51,12.7,12.3,5.23,5.31,0.65,2696595.5,2784401.2333333334,34303823.0,39110628.0,0.73,0.72,3617405549.736211,-15.27,330,-16.13,254,-37.05,402,-22.82,-2.03,-11.21,1.67,0.6,2.3,0.299,33.21,False,False,False,False,False,False,True,True,False,True,False,True,False,False,False,False,2026-11-03,False,False,4,"thin RVOL, below 200-MA",ADR,4,https://www.tradingview.com/chart/?symbol=NYSE:CRK&interval=D,False,False,False
CBRS,Cerebras Systems Inc.,NASDAQ,Packaged Software,177.65,200.12,196.06,193.9,202.93,,,,195.82,197.04,185.35,177.6,5.66,7.9,14.04,7030173.7,6549907.9,1163591138.0,1270002034.0,2.26,-5.78,39766691169.05874,-0.05,166,-19.25,279,-49.24,425,-22.85,-1.58,-9.39,1.25,0.55,0.3,0.198,3.87,False,False,False,False,False,True,True,False,False,True,False,True,True,True,True,True,2026-12-02,False,True,4,"below 200-MA, large gap","near21, RVOL",5,https://www.tradingview.com/chart/?symbol=NASDAQ:CBRS&interval=D,False,False,False
GT,The Goodyear Tire & Rubber Company,NASDAQ,Automotive Aftermarket,4.97,5.12,5.4,5.64,6.07,6.17,6.45,7.14,5.15,5.39,5.06,4.92,4.25,4.76,0.24,10167623.8,8899769.666666666,44231855.0,50154652.0,0.78,1.2,1430856750.7219996,-21.36,381,-24.35,320,-24.7,364,-23.47,-3.8,-8.0,1.64,0.59,21.1,0.302,40.48,False,False,False,False,False,False,True,True,False,True,False,True,False,False,False,False,2026-11-09,False,False,4,"thin RVOL, below 200-MA",ADR,4,https://www.tradingview.com/chart/?symbol=NASDAQ:GT&interval=D,False,False,False
ZG,"Zillow Group, Inc.",NASDAQ,Internet Software/Services,27.7,29.5,31.59,33.22,33.55,33.98,37.24,43.22,29.5,31.13,28.29,27.58,4.58,5.03,1.39,1174364.3,940592.6666666666,26054417.0,31250408.0,1.05,0.86,6107469763.355944,-24.01,405,-16.09,253,-30.51,385,-23.53,-3.46,-12.31,2.19,0.51,8.2,0.314,49.52,False,False,False,False,False,False,True,True,False,True,False,True,False,False,False,False,2026-11-04,False,False,4,"thin RVOL, below 200-MA",ADR,4,https://www.tradingview.com/chart/?symbol=NASDAQ:ZG&interval=D,False,False,False
LMND,"Lemonade, Inc.",NYSE,Multi-Line Insurance,45.14,45.94,48.41,49.86,51.51,55.93,57.33,62.08,45.99,47.93,45.95,44.59,4.03,4.6,2.08,1262992.8,1026858.1333333333,46352376.0,51202227.0,0.78,1.43,3493683040.1748886,-13.61,302,-34.84,383,-22.57,359,-23.67,-2.69,-6.75,1.26,0.66,26.7,0.255,35.74,False,False,False,False,False,True,True,False,False,True,False,True,False,False,False,False,2026-11-10,False,False,4,"thin RVOL, below 200-MA",near21,4,https://www.tradingview.com/chart/?symbol=NYSE:LMND&interval=D,False,False,False
QNT,Quantinuum Inc.,NASDAQ,Computer Processing Hardware,48.06,50.36,49.84,50.84,53.44,,,,49.59,50.62,49.75,48.0,6.23,6.88,3.31,2302534.5,1718696.3666666667,82600547.0,87375659.0,0.8,0.0,12654589140.151447,-3.88,208,-38.38,399,-29.32,382,-23.86,-1.46,-3.56,0.74,0.53,1.8,0.125,7.5,False,False,False,False,False,True,True,True,False,True,False,True,False,True,False,False,2026-11-12,False,False,5,below 200-MA,"near21, ADR",5,https://www.tradingview.com/chart/?symbol=NASDAQ:QNT&interval=D,False,False,False
ALKT,"Alkami Technology, Inc.",NASDAQ,Packaged Software,13.69,15.75,17.64,18.48,18.63,17.74,17.41,18.13,15.31,16.88,14.05,13.24,6.67,6.89,0.94,2800661.9,1884270.6333333333,25795665.0,34818809.0,0.91,-0.3,1464035672.8197458,-31.6,429,-27.22,334,-13.13,314,-23.99,-3.85,-22.4,2.75,0.86,47.7,0.581,21.03,False,False,False,False,False,False,True,False,False,False,False,True,False,False,False,False,2026-10-29,False,False,4,"thin RVOL, below 200-MA",,3,https://www.tradingview.com/chart/?symbol=NASDAQ:ALKT&interval=D,False,False,False
NXT,Nextpower Inc.,NASDAQ,Electronic Equipment/Instruments,77.93,80.85,81.58,83.15,89.62,106.38,109.21,107.8,80.3,82.46,79.87,77.59,4.39,4.87,3.79,2218916.2,2078214.8333333333,161955282.0,172809798.0,0.85,0.71,11824281340.117891,-7.23,246,-33.49,379,-31.66,387,-24.13,-2.68,-4.47,1.13,0.6,9.0,0.1,36.39,False,False,False,False,False,True,True,True,True,True,False,True,False,True,False,False,2026-10-22,False,False,5,below 200-MA,"near21, ADR, BB",6,https://www.tradingview.com/chart/?symbol=NASDAQ:NXT&interval=D,False,False,False
TRIP,"TripAdvisor, Inc.",NASDAQ,Other Consumer Services,8.37,8.52,8.82,9.19,10.55,11.36,11.09,11.62,8.54,8.95,8.6,8.32,4.18,4.79,0.4,4714399.4,3996359.3333333335,33449528.0,36721214.0,0.7,0.48,980958437.9357141,-14.33,316,-39.78,403,-18.42,337,-24.18,-4.31,-5.12,1.36,0.71,13.7,0.174,36.97,False,False,False,False,False,True,True,False,False,True,False,True,False,False,False,False,2026-11-09,False,False,4,"thin RVOL, below 200-MA",near21,4,https://www.tradingview.com/chart/?symbol=NASDAQ:TRIP&interval=D,False,False,False
Z,"Zillow Group, Inc.",NASDAQ,Internet Software/Services,27.13,28.86,30.92,32.47,32.96,33.61,37.0,43.19,28.83,30.46,27.57,26.93,4.45,4.98,1.35,5197992.3,3817787.4,103576572.0,123973738.0,0.8,0.26,6128383700.879297,-23.08,397,-18.85,274,-31.8,388,-24.57,-3.55,-12.26,2.2,0.47,14.8,0.318,52.8,False,False,False,False,False,False,True,True,False,True,False,True,False,False,False,False,2026-11-04,False,False,4,"thin RVOL, below 200-MA",ADR,4,https://www.tradingview.com/chart/?symbol=NASDAQ:Z&interval=D,False,False,False
AAP,Advance Auto Parts Inc.,NYSE,Specialty Stores,38.91,41.09,42.24,42.96,48.4,52.48,53.03,51.57,40.93,42.61,39.94,38.3,4.23,4.95,1.93,1899342.4,2379114.8666666667,92571359.0,102211533.0,0.93,0.53,2350164032.3189025,-9.0,260,-37.85,397,-27.68,377,-24.84,-3.96,-7.89,1.75,0.85,31.7,0.149,30.69,False,False,False,False,False,False,True,False,False,False,False,True,False,False,False,False,2026-11-18,False,False,4,"thin RVOL, below 200-MA",,3,https://www.tradingview.com/chart/?symbol=NYSE:AAP&interval=D,False,False,False
KTOS,"Kratos Defense & Security Solutions, Inc.",NASDAQ,Aerospace & Defense,42.69,45.93,46.72,49.1,51.39,52.69,60.4,69.27,45.36,47.28,44.17,42.46,4.85,5.46,2.33,4478789.6,3673406.3,156817715.0,180358127.0,1.23,0.52,8013823381.851568,-17.42,348,-22.93,306,-34.6,395,-24.98,-3.1,-8.62,1.78,0.73,9.9,0.138,54.67,False,False,False,False,False,False,True,False,False,False,False,True,False,False,True,False,2026-10-29,False,False,4,"thin RVOL, below 200-MA",RVOL,3,https://www.tradingview.com/chart/?symbol=NASDAQ:KTOS&interval=D,False,False,False
WING,Wingstop Inc.,NASDAQ,Restaurants,105.37,102.81,106.25,108.67,115.28,132.12,150.54,177.94,103.97,106.58,107.81,104.03,5.5,5.72,6.03,1427405.4,1279954.4333333333,134868799.0,139095208.0,1.12,-0.98,2870547153.00221,-6.93,241,-40.47,405,-27.95,379,-25.12,-1.5,-0.83,0.2,0.63,22.2,0.208,71.3,False,False,False,False,True,True,True,True,False,True,False,True,False,False,False,False,2026-10-28,False,False,4,"thin RVOL, below 200-MA","near21, ADR",6,https://www.tradingview.com/chart/?symbol=NASDAQ:WING&interval=D,False,False,False
ESAB,ESAB Corporation,NYSE,Industrial Machinery,65.88,67.49,69.37,72.43,78.33,85.33,91.07,98.54,68.0,70.32,67.89,65.66,4.03,4.54,2.99,1092759.2,923860.5,60863930.0,66917680.0,0.92,0.36,4095615133.736095,-13.03,296,-30.66,363,-31.84,389,-25.17,-3.5,-5.03,1.39,0.75,7.4,0.185,47.13,False,False,False,False,False,True,True,False,False,True,False,True,False,False,False,False,2026-11-04,False,False,4,"thin RVOL, below 200-MA",near21,4,https://www.tradingview.com/chart/?symbol=NYSE:ESAB&interval=D,False,False,False
HUBG,"Hub Group, Inc.",NASDAQ,Air Freight/Couriers,29.58,31.17,33.29,35.45,39.4,41.68,40.93,41.91,31.25,33.44,30.97,29.53,4.89,5.02,1.49,1343942.4,1285874.6,38036171.0,45578682.0,1.34,0.79,1808920786.1970246,-25.21,408,-33.27,377,-17.47,332,-25.32,-4.97,-11.14,2.3,0.97,3.4,0.292,36.32,False,False,False,False,False,False,True,False,False,False,False,True,False,False,True,False,2026-10-22,False,False,4,"thin RVOL, below 200-MA",RVOL,3,https://www.tradingview.com/chart/?symbol=NASDAQ:HUBG&interval=D,False,False,False
QS,QuantumScape Corporation,NASDAQ,Electrical Products,4.64,4.89,5.09,5.31,5.44,6.49,6.61,7.39,4.85,5.08,4.8,4.56,4.57,5.43,0.25,12472305.0,13361528.7,62064301.0,70909633.0,0.94,1.53,2875782396.740741,-16.53,341,-39.71,402,-21.67,355,-25.97,-2.7,-8.74,1.57,0.95,33.7,0.22,53.89,False,False,False,False,False,False,True,False,False,False,False,True,False,False,False,False,2026-10-28,False,False,4,"thin RVOL, below 200-MA",,3,https://www.tradingview.com/chart/?symbol=NASDAQ:QS&interval=D,False,False,False
STUB,"StubHub Holdings, Inc.",NYSE,Internet Software/Services,5.58,5.59,5.86,6.11,7.04,8.74,8.28,9.34,5.58,5.94,5.73,5.28,4.86,5.86,0.33,8637733.4,6735296.7,37582956.0,41152663.0,1.28,0.56,2132061986.6779666,-14.81,323,-56.34,427,-6.84,293,-26.0,-3.54,-4.74,1.02,1.37,91.6,0.251,67.29,False,False,False,False,False,True,False,False,False,True,True,False,False,False,True,False,2026-11-12,False,False,3,"LoD>60% ATR, thin RVOL, below 200-MA","near21, RVOL",2,https://www.tradingview.com/chart/?symbol=NYSE:STUB&interval=D,False,False,False
APP,Applovin Corporation,NASDAQ,Packaged Software,290.43,313.14,316.62,314.3,335.95,419.42,428.07,460.2,310.03,316.52,303.17,290.36,5.04,5.4,15.69,5337249.1,4775709.266666667,1387009242.0,1501019750.0,1.34,-2.02,97192689109.05019,-7.87,250,-47.22,414,-22.91,360,-26.0,-2.51,-8.27,1.53,0.82,0.4,0.133,50.64,False,False,False,False,False,False,True,False,False,False,False,True,False,True,True,False,2026-11-11,False,True,4,"below 200-MA, large gap",RVOL,3,https://www.tradingview.com/chart/?symbol=NASDAQ:APP&interval=D,False,False,False
SEDG,"SolarEdge Technologies, Inc.",NASDAQ,Electrical Products,31.87,33.52,34.28,33.42,35.17,46.36,45.12,42.16,32.97,33.73,33.33,31.6,6.75,7.45,2.37,2473730.4,3041332.033333333,96927252.0,101635234.0,1.1,1.52,1960825534.200825,2.31,146,-43.8,410,-37.01,401,-26.17,-1.26,-7.02,0.74,0.73,11.4,0.189,40.27,False,False,False,False,False,True,True,False,False,True,False,True,False,False,False,False,2026-11-11,False,False,4,"thin RVOL, below 200-MA",near21,4,https://www.tradingview.com/chart/?symbol=NASDAQ:SEDG&interval=D,False,False,False
QXO,"QXO, Inc.",NYSE,Wholesale Distributors,11.69,12.04,12.29,12.73,13.42,14.9,16.91,18.53,12.05,12.4,11.98,11.64,4.49,4.99,0.58,22781741.8,17182776.733333334,200866660.0,218702382.0,1.15,1.89,12128266428.873495,-12.83,293,-29.19,349,-37.32,404,-26.45,-2.59,-4.89,1.14,0.58,8.6,0.214,55.52,False,False,False,False,False,True,True,True,False,True,False,True,False,True,False,False,2026-11-17,False,False,5,below 200-MA,"near21, ADR",5,https://www.tradingview.com/chart/?symbol=NYSE:QXO&interval=D,False,False,False
FTAI,FTAI Aviation Ltd.,NASDAQ,Aerospace & Defense,167.03,180.7,183.93,189.03,200.03,222.56,232.33,235.61,176.75,184.01,172.95,166.39,4.18,5.36,8.95,1260103.6000000015,1324611.8333333354,221249915.0,250394024.0,0.84,2.1,17155164880.124369,-13.01,295,-36.31,391,-30.28,384,-26.53,-3.08,-9.19,1.72,0.73,7.1,0.216,32.87,False,False,False,False,False,False,True,False,False,False,False,True,False,True,False,False,2026-11-03,False,True,4,"below 200-MA, large gap",,3,https://www.tradingview.com/chart/?symbol=NASDAQ:FTAI&interval=D,False,False,False
FLUT,Flutter Entertainment plc,NYSE,Casinos/Gaming,74.54,83.42,91.8,94.47,96.74,99.72,102.2,121.94,82.77,88.75,76.24,74.35,5.77,5.82,4.34,3575489.5,2788172.2333333334,207830358.0,263389337.0,0.76,0.89,12935604601.10517,-26.66,414,-29.97,360,-25.68,369,-27.44,-3.94,-18.8,2.75,0.44,4.4,0.413,51.69,False,False,False,False,False,False,True,True,False,True,False,True,False,True,False,False,2026-11-18,False,False,5,below 200-MA,ADR,4,https://www.tradingview.com/chart/?symbol=NYSE:FLUT&interval=D,False,False,False
CENX,Century Aluminum Company,NASDAQ,Aluminum,35.98,38.32,41.49,42.59,44.22,49.32,52.21,50.45,38.36,40.53,37.02,35.72,4.2,5.31,1.91,1850794.8,1810828.1666666667,65153597.0,77115627.0,1.11,0.69,3561778784.9116015,-23.45,399,-17.48,262,-41.51,413,-27.48,-3.51,-13.28,2.12,0.68,13.6,0.385,38.62,False,False,False,False,False,False,True,False,False,False,False,True,False,False,False,False,2026-11-09,False,False,4,"thin RVOL, below 200-MA",,3,https://www.tradingview.com/chart/?symbol=NASDAQ:CENX&interval=D,False,False,False
UUUU,Energy Fuels Inc,AMEX,Other Metals/Minerals,11.03,11.54,12.51,13.34,13.18,14.51,16.3,17.16,11.57,12.3,11.47,10.9,4.58,5.97,0.66,7482324.4,6920870.8,76337205.0,92289812.0,1.28,1.27,2920452301.161965,-24.24,406,-23.08,309,-35.12,397,-27.48,-2.74,-11.84,1.73,0.87,19.7,0.41,50.93,False,False,False,False,False,False,True,False,False,False,False,True,False,False,True,False,2026-10-30,False,False,4,"thin RVOL, below 200-MA",RVOL,3,https://www.tradingview.com/chart/?symbol=AMEX:UUUU&interval=D,False,False,False
HYMC,Hycroft Mining Holding Corporation,NASDAQ,Precious Metals,19.04,20.78,21.33,22.66,22.92,25.36,29.86,30.75,20.48,21.4,19.9,18.96,6.62,8.12,1.55,2471169.5999999996,2183479.6333333286,41573452.0,49481652.0,1.0,1.29,1774179086.596491,-20.07,370,-21.03,288,-41.36,410,-27.49,-2.08,-10.74,1.36,0.61,5.2,0.236,52.36,False,False,False,False,False,True,True,True,False,True,False,True,False,False,False,False,2026-11-03,False,False,4,"thin RVOL, below 200-MA","near21, ADR",5,https://www.tradingview.com/chart/?symbol=NASDAQ:HYMC&interval=D,False,False,False
PLNT,"Planet Fitness, Inc.",NYSE,Other Consumer Services,42.22,43.69,47.17,49.05,50.6,51.16,58.34,68.47,43.51,46.18,42.86,40.68,5.2,4.91,2.07,3832803.0,2356877.8333333335,99507382.0,115604858.0,1.1,0.39,3189002223.6720667,-19.95,367,-21.41,293,-41.39,412,-27.58,-3.37,-10.5,1.74,1.05,74.3,0.364,58.7,False,False,False,False,False,False,False,False,False,False,True,False,False,False,False,False,2026-11-10,False,False,3,"LoD>60% ATR, thin RVOL, below 200-MA",,1,https://www.tradingview.com/chart/?symbol=NYSE:PLNT&interval=D,False,False,False
FRMI,Fermi Inc.,NASDAQ,Real Estate Development,4.21,4.68,4.91,5.11,5.63,6.32,6.41,7.08,4.59,4.9,4.44,4.14,6.53,8.31,0.35,18317894.4,16493587.866666667,69438005.0,84199766.0,0.91,1.17,2696367659.570093,-15.8,334,-50.59,419,-17.29,330,-27.89,-3.04,-14.27,1.69,0.85,19.0,0.337,57.02,False,False,False,False,False,False,True,False,False,False,False,True,False,False,False,False,2026-11-17,False,False,4,"thin RVOL, below 200-MA",,3,https://www.tradingview.com/chart/?symbol=NASDAQ:FRMI&interval=D,False,False,False
EOSE,"Eos Energy Enterprises, Inc.",NASDAQ,Electrical Products,3.06,3.53,3.73,3.63,3.71,5.16,5.44,7.49,3.4,3.58,3.22,3.06,8.48,9.68,0.3,29350368.7,27288519.533333335,83639312.0,98966364.0,0.81,3.54,1116174131.5755627,-4.52,213,-44.58,412,-34.93,396,-28.01,-1.79,-17.73,1.49,0.56,1.7,0.419,129.14,False,False,False,False,False,True,True,True,False,True,False,True,False,False,False,False,2026-11-11,False,True,3,"thin RVOL, below 200-MA, large gap","near21, ADR",5,https://www.tradingview.com/chart/?symbol=NASDAQ:EOSE&interval=D,False,False,False
TE,T1 Energy Inc.,NYSE,Electrical Products,3.86,4.01,4.27,4.36,4.62,6.44,6.24,6.5,3.97,4.21,3.92,3.75,6.15,8.58,0.33,20177941.3,19862062.4,76667561.0,86552247.0,0.89,2.12,1136679407.745358,-19.42,362,-58.04,428,-8.75,299,-28.74,-1.92,-9.64,0.98,0.53,33.2,0.359,64.36,False,False,False,False,False,True,True,True,False,True,False,True,False,False,False,False,2026-11-11,False,True,3,"thin RVOL, below 200-MA, large gap","near21, ADR",5,https://www.tradingview.com/chart/?symbol=NYSE:TE&interval=D,False,False,False
FMC,FMC Corporation,NYSE,Chemicals: Agricultural,8.92,9.74,10.92,11.0,10.88,11.44,12.76,13.26,9.75,10.35,9.29,8.85,5.97,6.25,0.56,4557431.7,3526818.8333333335,31459224.0,38790305.0,1.32,0.0,1387470389.6721673,-20.99,377,-18.91,276,-47.81,422,-29.24,-2.88,-18.29,2.21,0.8,13.5,0.505,39.45,False,False,False,False,False,False,True,False,False,False,False,True,False,False,True,False,2026-10-29,False,False,4,"thin RVOL, below 200-MA",RVOL,3,https://www.tradingview.com/chart/?symbol=NYSE:FMC&interval=D,False,False,False
CAR,"Avis Budget Group, Inc.",NASDAQ,Finance/Rental/Leasing,106.67,109.38,118.9,127.06,134.82,150.27,167.91,156.26,110.17,117.94,108.93,105.31,5.17,5.37,5.73,495674.7,393029.1,41924414.0,49939719.0,0.68,0.0,3768198025.692668,-22.52,392,-28.3,345,-37.25,403,-29.36,-3.89,-10.29,1.78,0.63,23.8,0.397,54.87,False,False,False,False,False,False,True,True,False,True,False,True,False,False,False,False,2026-11-02,False,False,4,"thin RVOL, below 200-MA",ADR,4,https://www.tradingview.com/chart/?symbol=NASDAQ:CAR&interval=D,False,False,False
WHR,Whirlpool Corporation,NYSE,Electronics/Appliances,30.68,32.16,34.16,36.16,37.84,38.97,44.75,53.86,32.23,34.04,31.59,30.21,4.51,5.2,1.6,2918055.1,2672598.3333333335,81995317.0,96645610.0,1.02,1.37,2000316951.791327,-23.7,401,-24.19,317,-42.44,415,-30.11,-3.64,-10.2,1.9,0.86,29.4,0.315,70.74,False,False,False,False,False,False,True,False,False,False,False,True,False,False,False,False,2026-10-15,False,False,4,"thin RVOL, below 200-MA",,3,https://www.tradingview.com/chart/?symbol=NYSE:WHR&interval=D,False,False,False
MTZ,"MasTec, Inc.",NYSE,Engineering & Construction,213.62,213.7,223.86,233.6,258.11,319.25,326.59,305.33,215.48,226.11,218.52,208.05,4.81,5.5,11.75,1809365.9,1527131.3333333333,326225795.0,356740425.0,1.11,0.83,17154742408.463495,-11.67,279,-45.53,413,-33.98,393,-30.39,-3.13,-4.58,1.0,0.89,47.4,0.214,52.85,False,False,False,False,False,True,True,False,False,True,False,True,False,True,False,False,2026-10-29,False,False,5,below 200-MA,near21,4,https://www.tradingview.com/chart/?symbol=NYSE:MTZ&interval=D,False,False,False
PUMP,ProPetro Holding Corp.,NYSE,Oilfield Services/Equipment,8.84,9.71,10.47,10.69,11.02,12.98,13.49,12.74,9.62,10.2,8.94,8.63,5.5,6.05,0.54,4666460.1,3699815.4,32706368.0,39564593.0,1.33,0.68,1085763410.3918917,-21.7,386,-34.18,380,-35.43,398,-30.44,-3.27,-15.54,2.21,0.58,39.2,0.37,42.77,False,False,False,False,False,False,True,True,False,True,False,True,False,False,True,False,2026-11-04,False,False,4,"thin RVOL, below 200-MA","ADR, RVOL",4,https://www.tradingview.com/chart/?symbol=NYSE:PUMP&interval=D,False,False,False
AGX,"Argan, Inc.",NYSE,Engineering & Construction,377.95,373.55,389.98,414.26,478.58,577.34,568.75,515.99,376.79,399.47,384.29,370.92,4.12,5.76,21.77,453100.5,415845.86666666664,157168945.0,172270111.0,0.79,0.36,5302578771.534395,-10.29,269,-50.41,418,-31.85,390,-30.85,-3.65,-3.09,0.94,0.61,32.3,0.21,53.92,False,False,False,False,False,True,True,False,False,True,False,True,False,False,False,False,2026-12-09,False,False,4,"thin RVOL, below 200-MA",near21,4,https://www.tradingview.com/chart/?symbol=NYSE:AGX&interval=D,False,False,False
TTD,"The Trade Desk, Inc.",NASDAQ,Packaged Software,12.17,12.97,13.72,13.62,14.73,17.31,19.46,22.84,12.85,13.43,12.24,11.98,4.49,4.92,0.6,34492490.8,22845187.166666675,278025928.0,311098144.0,0.54,0.29,5718446700.008299,-12.88,294,-36.22,390,-44.02,418,-31.04,-3.53,-11.31,1.91,0.44,32.6,0.282,81.13,False,False,False,False,False,False,True,True,False,True,False,True,False,False,False,False,2026-11-05,False,False,4,"thin RVOL, below 200-MA",ADR,4,https://www.tradingview.com/chart/?symbol=NASDAQ:TTD&interval=D,False,False,False
RUN,Sunrun Inc.,NASDAQ,Semiconductors,7.77,8.22,8.46,8.65,9.19,11.34,11.84,13.64,8.09,8.44,8.02,7.7,4.87,5.84,0.45,7976780.9,7362883.166666667,57209602.0,63704892.0,0.62,1.55,1871381021.9183939,-10.98,274,-40.73,407,-42.99,416,-31.57,-2.65,-8.17,1.36,0.69,14.3,0.211,69.72,False,False,False,False,False,True,True,False,False,True,False,True,False,False,False,False,2026-11-04,False,False,4,"thin RVOL, below 200-MA",near21,4,https://www.tradingview.com/chart/?symbol=NASDAQ:RUN&interval=D,False,False,False
FTFT,Future FinTech Group Inc.,NASDAQ,Finance/Rental/Leasing,3.4,4.49,3.95,3.47,3.6,8.65,13.2,20.21,4.17,4.06,3.85,3.4,43.92,32.62,1.11,1073508.8,11043146.808333334,37546699.0,38329658.0,0.04,-0.27,27463472.04244032,53.85,10,-67.4,437,-82.72,438,-32.09,-0.17,-13.95,0.5,0.4,0.0,1.88,488.44,False,False,False,False,False,True,True,True,False,True,False,True,False,False,False,False,,False,False,4,"thin RVOL, below 200-MA","near21, ADR",5,https://www.tradingview.com/chart/?symbol=NASDAQ:FTFT&interval=D,True,False,False
CHTR,"Charter Communications, Inc.",NASDAQ,Cable/Satellite TV,110.9,118.22,131.5,138.01,140.96,139.44,163.85,175.87,118.59,127.68,112.93,110.0,4.75,5.56,6.16,3485625.0,3170082.3333333335,351562131.0,437507290.0,0.7,1.25,19420273774.04717,-27.02,417,-21.16,292,-48.77,424,-32.32,-3.84,-15.67,2.36,0.48,14.6,0.462,51.98,False,False,False,False,False,False,True,True,False,True,False,True,False,True,False,False,2026-10-30,False,False,5,below 200-MA,ADR,4,https://www.tradingview.com/chart/?symbol=NASDAQ:CHTR&interval=D,False,False,False
KNF,Knife Riv Holding Co.,NYSE,Construction Materials,50.42,53.6,56.2,59.12,64.13,72.24,76.46,76.72,53.72,56.52,52.98,50.2,4.4,4.88,2.46,1295044.9,1035859.9666666667,52228060.0,61238315.0,1.07,0.57,2862011657.8390284,-20.74,374,-39.65,401,-36.82,400,-32.4,-4.38,-10.29,2.21,1.13,8.9,0.236,45.85,False,False,False,False,False,False,False,False,False,False,True,True,False,False,False,False,2026-11-09,False,False,4,"thin RVOL, below 200-MA",,2,https://www.tradingview.com/chart/?symbol=NYSE:KNF&interval=D,False,False,False
XE,"X-Energy, Inc.",NASDAQ,Industrial Machinery,14.18,15.49,16.05,16.86,17.51,19.8,,,15.2,16.01,14.86,14.17,6.89,8.7,1.23,6779079.9,6613228.7,93775583.0,111510058.0,0.55,1.26,5762271051.909027,-18.13,354,-23.39,311,-55.72,428,-32.41,-2.19,-11.65,1.32,0.56,0.8,0.338,30.39,False,False,False,False,False,True,True,True,False,True,False,True,False,False,False,False,2026-12-02,False,False,4,"thin RVOL, below 200-MA","near21, ADR",5,https://www.tradingview.com/chart/?symbol=NASDAQ:XE&interval=D,False,False,False
INIO,INNIO N.V.,NASDAQ,Electrical Products,18.13,19.47,19.62,20.47,22.87,,,,19.03,19.99,18.67,17.88,6.7,7.9,1.43,7181464.2,5024555.0,91095182.0,102869389.0,0.66,-1.25,13597499379.555494,-12.37,287,-52.4,422,-41.52,414,-35.43,-2.62,-7.58,1.18,0.55,17.5,0.245,18.72,False,False,False,False,False,True,True,True,False,True,False,True,False,True,False,False,2026-12-02,False,False,5,below 200-MA,"near21, ADR",5,https://www.tradingview.com/chart/?symbol=NASDAQ:INIO&interval=D,False,False,False
XENE,Xenon Pharmaceuticals Inc.,NASDAQ,Pharmaceuticals: Major,37.19,39.79,49.27,53.17,57.52,57.6,56.69,53.15,40.89,46.94,37.53,36.71,5.24,6.47,2.41,4263490.7,1831817.2333333334,68125283.0,97400775.0,0.6,0.35,3601495637.1267114,-37.85,432,-38.36,398,-33.59,391,-36.6,-5.46,-24.52,3.21,0.34,19.9,0.845,47.88,False,False,False,False,False,False,True,True,False,True,False,True,False,False,False,False,2026-11-11,False,False,4,"thin RVOL, below 200-MA",ADR,4,https://www.tradingview.com/chart/?symbol=NASDAQ:XENE&interval=D,False,False,False
IONS,"Ionis Pharmaceuticals, Inc.",NASDAQ,Pharmaceuticals: Major,44.65,45.02,49.69,53.53,54.35,63.54,67.26,70.75,46.05,49.11,46.24,44.6,5.23,4.94,2.21,4665183.5,3861880.2333333334,172432952.0,206720012.0,0.51,0.39,7420130065.276749,-26.88,415,-43.86,411,-39.45,408,-36.73,-3.61,-10.15,1.84,0.75,2.3,0.47,57.64,False,False,False,False,False,False,True,True,False,True,False,True,False,False,False,False,2026-11-04,False,False,4,"thin RVOL, below 200-MA",ADR,4,https://www.tradingview.com/chart/?symbol=NASDAQ:IONS&interval=D,False,False,False
PL,Planet Labs PBC,NYSE,Packaged Software,16.39,16.84,17.06,18.43,20.03,27.23,28.83,27.35,16.84,17.62,17.11,16.39,5.0,6.35,1.04,10688771.7,10577328.533333333,173362415.0,194919010.0,0.98,0.55,5963468135.643468,-18.05,353,-48.12,416,-44.33,419,-36.83,-2.86,-3.94,1.1,0.7,0.5,0.221,73.19,False,False,False,False,False,True,True,False,False,True,False,True,False,False,False,False,2026-12-14,False,False,4,"thin RVOL, below 200-MA",near21,4,https://www.tradingview.com/chart/?symbol=NYSE:PL&interval=D,False,False,False
RCAT,"Red Cat Holdings, Inc.",NASDAQ,Packaged Software,6.46,6.72,7.41,7.96,8.32,9.4,10.71,10.96,6.81,7.35,6.7,6.41,5.92,7.02,0.45,10460536.3,7887559.9,50953637.0,62774460.0,0.66,0.85,986534707.5100776,-25.75,410,-40.32,404,-44.88,420,-36.98,-3.18,-12.79,1.72,0.64,11.0,0.414,65.65,False,False,False,False,False,False,True,False,False,False,False,True,False,False,False,False,2026-11-12,False,False,4,"thin RVOL, below 200-MA",,3,https://www.tradingview.com/chart/?symbol=NASDAQ:RCAT&interval=D,False,False,False
LCID,"Lucid Group, Inc.",NASDAQ,Motor Vehicles,4.07,4.14,4.25,4.56,5.5,5.68,6.69,7.73,4.13,4.39,4.19,4.01,5.33,7.45,0.3,11081834.699999979,11784647.400000013,47963515.0,53767454.0,0.73,1.47,1603865743.0,-17.28,344,-40.67,406,-56.63,429,-38.19,-3.49,-4.26,0.99,0.59,19.8,0.211,88.18,False,False,False,False,False,True,True,False,False,True,False,True,False,False,False,False,2026-11-10,False,False,4,"thin RVOL, below 200-MA",near21,4,https://www.tradingview.com/chart/?symbol=NASDAQ:LCID&interval=D,False,False,False
BRBR,"BellRing Brands, Inc.",NYSE,Beverages: Non-Alcoholic,7.69,8.32,8.99,9.52,10.56,10.48,12.43,15.37,8.24,8.91,7.84,7.65,4.93,6.11,0.47,3954847.5,3186669.2333333334,24505486.0,30343464.0,1.3,1.03,894179344.1083871,-26.97,416,-41.96,408,-50.45,426,-39.79,-4.45,-14.49,2.25,0.4,8.5,0.397,91.58,False,False,False,False,False,False,True,True,False,True,False,True,False,False,True,False,2026-11-23,False,False,4,"thin RVOL, below 200-MA","ADR, RVOL",4,https://www.tradingview.com/chart/?symbol=NYSE:BRBR&interval=D,False,False,False
SOC,Sable Offshore Corp.,NYSE,Integrated Oil,3.46,4.0,4.42,4.54,4.53,7.16,9.54,9.44,3.93,4.24,3.68,3.38,9.86,10.22,0.35,9294375.5,8856083.166666666,30642048.0,40242042.0,1.17,0.88,663868776.3117646,-23.96,403,-17.81,265,-77.98,437,-39.92,-2.31,-21.73,1.8,0.82,21.2,0.467,160.19,False,False,False,False,False,False,True,False,False,False,False,True,False,False,False,False,2026-11-12,False,False,4,"thin RVOL, below 200-MA",,3,https://www.tradingview.com/chart/?symbol=NYSE:SOC&interval=D,False,False,False
UTI,Universal Technical Institute Inc,NYSE,Miscellaneous Commercial Services,18.67,20.06,20.54,21.07,26.1,33.72,34.64,32.96,19.76,20.99,18.87,18.16,5.4,6.9,1.29,2194452.0,1896381.1333333333,35405436.0,39949165.0,0.66,-0.11,1028627900.1057436,-12.8,291,-60.29,431,-48.71,423,-40.6,-4.12,-9.12,1.6,0.55,39.6,0.187,78.09,False,False,False,False,False,False,True,True,False,True,False,True,False,False,False,False,2026-11-25,False,False,4,"thin RVOL, below 200-MA",ADR,4,https://www.tradingview.com/chart/?symbol=NYSE:UTI&interval=D,False,False,False
RARE,Ultragenyx Pharmaceutical Inc.,NASDAQ,Pharmaceuticals: Major,15.03,14.82,15.12,18.71,21.68,24.47,23.9,24.3,15.0,16.52,15.53,14.86,5.64,7.97,1.2,6792604.3,5681583.666666667,85394203.0,106286333.0,0.65,1.01,1481790758.8746736,-40.94,434,-54.18,425,-28.6,380,-41.24,-3.85,-0.57,1.13,0.56,14.2,0.715,64.23,False,False,False,False,True,True,True,False,False,True,False,True,False,False,False,False,2026-11-04,False,False,4,"thin RVOL, below 200-MA",near21,5,https://www.tradingview.com/chart/?symbol=NASDAQ:RARE&interval=D,False,False,False
FRVO,Fervo Energy Company,NASDAQ,Alternative Power Generation,13.59,15.65,16.14,16.26,18.67,,,,15.13,16.08,13.96,13.58,8.3,10.82,1.47,7620838.8,7239406.8,98383538.0,117706722.0,0.74,0.36,4005831822.7679996,-8.48,256,-53.07,424,-62.25,434,-41.27,-2.51,-15.8,1.43,0.26,0.7,0.35,22.18,False,False,False,False,False,True,True,True,False,True,False,True,False,False,False,False,2026-12-02,False,False,4,"thin RVOL, below 200-MA","near21, ADR",5,https://www.tradingview.com/chart/?symbol=NASDAQ:FRVO&interval=D,False,False,False
FLNC,"Fluence Energy, Inc.",NASDAQ,Electrical Products,7.68,7.55,8.76,9.56,11.1,15.8,15.37,17.08,7.92,8.79,8.04,7.66,5.64,8.33,0.64,11436591.2,7784189.9,59782578.0,74390908.0,0.45,1.92,1417700156.5626597,-29.02,425,-58.43,429,-37.74,405,-41.73,-3.7,-12.32,1.51,0.59,3.1,0.585,124.08,False,False,False,False,False,False,True,False,False,False,False,True,False,False,False,False,2026-11-30,False,False,4,"thin RVOL, below 200-MA",,3,https://www.tradingview.com/chart/?symbol=NASDAQ:FLNC&interval=D,False,False,False
OPEN,Opendoor Technologies Inc,NASDAQ,Real Estate Development,2.37,2.54,2.72,2.95,3.26,3.95,4.32,4.68,2.54,2.75,2.43,2.35,5.47,6.47,0.15,29979004.7,30034271.466666665,71181223.0,88500987.0,0.85,2.11,2301485712.0,-27.52,418,-52.55,423,-45.89,421,-41.99,-4.22,-12.98,2.11,0.52,13.0,0.358,90.2,False,False,False,False,False,False,True,True,False,True,False,True,False,False,False,False,2026-11-05,False,True,3,"thin RVOL, below 200-MA, large gap",ADR,4,https://www.tradingview.com/chart/?symbol=NASDAQ:OPEN&interval=D,False,False,False
CAPR,"Capricor Therapeutics, Inc.",NASDAQ,Pharmaceuticals: Major,9.47,8.91,8.9,8.77,8.42,17.43,22.09,22.97,8.86,8.85,10.72,9.4,6.64,9.68,0.92,4490042.8,5917226.466666667,56036135.0,51887173.0,7.69,17.04,550576201.8179697,-0.26,168,-59.06,430,-67.45,436,-42.26,1.29,6.44,0.72,1.44,7.6,0.195,153.7,False,True,True,False,False,True,False,False,False,True,True,True,True,True,True,False,2026-11-17,False,True,4,"below 200-MA, large gap","EMA, near21, RVOL",5,https://www.tradingview.com/chart/?symbol=NASDAQ:CAPR&interval=D,False,False,False
KRMN,Karman Holdings Inc.,NYSE,Aerospace & Defense,32.42,34.23,35.85,40.25,45.92,49.75,62.06,69.15,34.39,37.24,34.4,32.37,7.11,7.95,2.58,4820235.2,3580086.5,116066404.0,144088935.0,0.65,0.61,4296742849.982958,-28.31,422,-42.57,409,-59.5,432,-43.46,-3.7,-9.57,1.63,0.79,1.9,0.277,107.69,False,False,False,False,False,False,True,False,False,False,False,True,False,False,False,False,2026-11-05,False,False,4,"thin RVOL, below 200-MA",,3,https://www.tradingview.com/chart/?symbol=NYSE:KRMN&interval=D,False,False,False
YSS,York Space Systems Inc.,NYSE,Aerospace & Defense,8.65,9.26,8.74,8.93,10.85,18.85,21.86,,9.05,9.23,9.16,8.6,7.53,8.94,0.77,4616301.5,3502969.1333333333,30300683.0,31264000.0,0.32,1.02,1188143272.3272934,-3.35,200,-65.25,435,-62.06,433,-43.55,-2.27,-1.01,0.71,0.72,5.8,0.331,151.65,False,False,False,False,True,True,True,False,False,True,False,True,False,False,False,False,2026-12-02,False,False,4,"thin RVOL, below 200-MA",near21,5,https://www.tradingview.com/chart/?symbol=NYSE:YSS&interval=D,False,False,False
LQDA,Liquidia Corporation,NASDAQ,Pharmaceuticals: Major,30.26,65.18,66.48,67.65,74.36,71.32,59.93,54.25,62.38,66.13,71.93,29.86,20.44,21.09,6.38,3553881.9,1930382.9333333333,58413388.0,130590084.0,16.45,-0.21,6327383529.0,-54.9,436,-62.16,433,-18.11,336,-45.06,-2.81,-54.48,2.57,6.59,6.3,0.512,66.46,False,False,False,False,False,False,False,False,False,False,True,True,True,True,True,False,2026-11-10,False,False,5,below 200-MA,RVOL,2,https://www.tradingview.com/chart/?symbol=NASDAQ:LQDA&interval=D,False,False,False
BW,"Babcock & Wilcox Enterprises, Inc.",NYSE,Electronic Equipment/Instruments,5.84,6.58,6.91,7.21,8.14,11.91,12.84,11.62,6.39,6.92,5.95,5.78,7.09,9.35,0.55,5322319.5,4779175.5,27910385.0,34453076.0,1.07,1.2,869955926.6781414,-23.96,404,-54.55,426,-59.05,431,-45.85,-3.02,-15.47,1.67,0.31,11.0,0.359,107.1,False,False,False,False,False,False,True,True,False,True,False,True,False,False,False,False,2026-11-11,False,False,4,"thin RVOL, below 200-MA",ADR,4,https://www.tradingview.com/chart/?symbol=NYSE:BW&interval=D,False,False,False
FICO,Fair Isaac Corporation,NYSE,Financial Publishing/Services,592.47,840.54,919.87,996.01,1050.52,1124.19,1125.2,1230.31,806.71,901.48,612.01,586.05,6.12,9.53,56.49,1060717.1,591915.3666666667,350692097.0,589551059.0,2.28,-2.57,12795950866.51085,-47.86,435,-51.47,421,-43.57,417,-47.63,-4.57,-35.59,3.6,0.46,11.4,0.546,65.79,False,False,False,False,False,False,True,True,False,True,False,True,True,True,True,False,2026-11-11,False,True,4,"below 200-MA, large gap","ADR, RVOL",4,https://www.tradingview.com/chart/?symbol=NYSE:FICO&interval=D,False,False,False
BENF,Beneficient,NASDAQ,Investment Managers,1.36,1.23,1.34,1.63,2.15,2.82,3.08,3.58,1.35,1.47,1.48,1.31,38.36,37.4,0.51,42677903.3,20227311.2,27509143.0,32949818.0,0.02,-0.71,21019781.900709223,-34.75,431,-62.33,434,-57.63,430,-51.57,-0.98,1.61,0.2,0.33,9.8,1.945,172.79,False,False,False,False,True,True,True,True,False,True,False,True,False,False,False,False,2026-11-12,False,False,4,"thin RVOL, below 200-MA","near21, ADR",6,https://www.tradingview.com/chart/?symbol=NASDAQ:BENF&interval=D,False,False,False
XNDU,Xanadu Quantum Technologies Limited,NASDAQ,Computer Processing Hardware,4.58,5.78,7.35,8.38,9.33,11.19,12.48,12.06,5.71,7.01,4.84,4.56,9.52,12.43,0.57,10571802.3,4602213.533333333,21078138.0,38557345.0,0.63,0.0,1394121314.0,-56.79,437,-61.45,432,-38.93,406,-52.39,-4.1,-37.69,2.79,0.49,3.5,1.023,146.33,False,False,False,False,False,False,True,True,False,True,False,True,False,False,False,False,2026-12-02,False,False,4,"thin RVOL, below 200-MA",ADR,4,https://www.tradingview.com/chart/?symbol=NASDAQ:XNDU&interval=D,False,False,False
ALHC,"Alignment Healthcare, Inc.",NASDAQ,Managed Health Care,8.16,8.11,10.28,11.32,13.06,16.13,17.18,18.14,8.57,9.94,8.18,7.77,9.74,8.86,0.72,13940423.5,9004378.966666667,73475732.0,101937074.0,0.57,0.13,1692670792.5360305,-39.91,433,-66.24,436,-53.56,427,-53.24,-4.23,-20.65,2.03,0.57,54.0,0.948,122.87,False,False,False,False,False,False,True,True,False,True,False,True,False,False,False,False,2026-10-29,False,False,4,"thin RVOL, below 200-MA",ADR,4,https://www.tradingview.com/chart/?symbol=NASDAQ:ALHC&interval=D,False,False,False
ALMS,Alumis Inc.,NASDAQ,Pharmaceuticals: Major,7.39,7.53,8.66,13.05,18.57,21.4,22.62,22.17,7.86,10.28,7.56,7.15,6.61,13.12,0.97,2720731.2,3780747.1666666665,27939722.0,49351353.0,0.46,0.82,986529150.8971192,-66.85,438,-72.07,438,-66.35,435,-68.42,-4.59,-14.62,2.14,0.42,24.7,0.635,204.17,False,False,False,False,False,False,True,False,False,False,False,True,False,False,False,False,2026-11-12,False,False,4,"thin RVOL, below 200-MA",,3,https://www.tradingview.com/chart/?symbol=NASDAQ:ALMS&interval=D,False,False,False
