name,description,exchange,industry,close,SMA10,SMA20,SMA30,SMA50,SMA100,SMA150,SMA200,EMA10,EMA21,high,low,ADRP,ATRP,atr_abs,average_volume_10d_calc,average_volume_30d_calc,dollar_volume_30d,average_dollar_volume_30d,rvol,gap_pct,market_cap_basic,Perf.1M,perf_1m_rank,Perf.3M,perf_3m_rank,Perf.6M,perf_6m_rank,momentum_score,atr_extension_from_50d,sma20_distance_pct,ema21_atr_dist,day_range_atr,lod_atr_pct,bb_width,ma_spread_pct,above_all_mas,ma_aligned,ema_aligned,above_sma200,near_sma20,near_ema,range_tight,adr_tight,bb_tight,plan_tight,wide_day,lod_ok,rvol_ok,rvol_pass,rvol_expand,ma_coiled,earnings_date,earnings_soon,large_gap,hard_rule_passes,hard_rule_fails,tightness_flags,focus_score,tradingview_url,is_top_1m,is_top_3m,is_top_6m
QMCO,Quantum Corporation,NASDAQ,Computer Peripherals,32.86,27.7,25.72,24.66,20.52,15.83,12.57,11.14,28.57,26.11,34.68,31.17,7.69,7.63,2.51,2302287.5,1483818.2666666666,48758268.0,36588238.0,0.9,2.93,1295012579.0700636,40.31,12,204.26,3,583.16,1,275.91,7.88,27.76,3.39,1.4,67.4,0.469,50.39,True,True,True,True,False,False,False,False,False,False,True,False,False,False,False,False,2026-11-13,False,True,2,"LoD>60% ATR, >4x 50-MA, thin RVOL, large gap",EMA,5,https://www.tradingview.com/chart/?symbol=NASDAQ:QMCO&interval=D,True,True,True
CYPH,Cypherpunk Technologies Inc.,NASDAQ,Financial Conglomerates,3.23,3.46,2.85,2.4,1.7,1.28,1.12,1.07,3.36,2.88,3.51,3.14,15.93,14.5,0.47,23140021.8,17028081.4,55000703.0,40796672.0,0.59,0.91,348078945.6435045,77.47,6,386.96,2,338.92,3,267.78,6.2,13.3,0.84,0.79,19.2,1.019,73.85,False,False,False,True,False,True,True,True,False,True,False,True,False,False,False,False,2026-11-16,False,False,4,">4x 50-MA, thin RVOL","near21, ADR",6,https://www.tradingview.com/chart/?symbol=NASDAQ:CYPH&interval=D,True,True,True
USDE,StablecoinX Inc.,NASDAQ,Packaged Software,15.32,12.55,10.02,8.65,6.01,6.82,8.62,9.75,13.12,10.66,16.4,14.04,10.9,11.76,1.8,7133371.1,9070451.9,138959323.0,78503249.0,0.59,3.47,416506828.84318763,111.6,4,465.31,1,53.2,130,210.04,13.17,52.94,3.72,1.31,70.8,1.398,42.66,True,True,True,True,False,False,False,False,False,False,True,False,False,False,False,False,,False,True,2,"LoD>60% ATR, >4x 50-MA, thin RVOL, large gap",EMA,5,https://www.tradingview.com/chart/?symbol=NASDAQ:USDE&interval=D,True,True,False
MXL,"MaxLinear, Inc",NASDAQ,Semiconductors,92.72,84.52,74.95,71.57,72.16,81.45,63.81,52.44,84.97,78.89,94.96,90.0,6.48,7.02,6.51,3502894.3,2670890.9,247645004.0,191153881.0,0.87,3.33,8409072011.207999,48.47,10,-22.31,309,446.38,2,157.51,4.06,23.71,2.5,0.76,41.8,0.612,34.6,True,True,True,True,False,False,True,False,False,False,False,True,False,False,False,False,2026-10-28,False,True,3,">4x 50-MA, thin RVOL, large gap",EMA,7,https://www.tradingview.com/chart/?symbol=NASDAQ:MXL&interval=D,True,False,True
CDNA,"CareDx, Inc.",NASDAQ,Medical Specialties,64.02,58.05,54.27,52.51,48.56,36.93,30.85,28.07,59.08,55.33,65.5,62.9,4.54,4.46,2.86,1440887.6,1244377.1666666667,79665026.0,65338512.0,0.55,0.22,3312024840.708669,24.32,26,122.99,5,268.78,6,138.7,7.13,17.97,3.52,0.91,39.4,0.369,46.83,True,True,True,True,False,False,True,False,False,False,False,True,False,False,False,False,2026-11-10,False,False,4,">4x 50-MA, thin RVOL",EMA,7,https://www.tradingview.com/chart/?symbol=NASDAQ:CDNA&interval=D,False,True,True
ASST,"Strive, Inc.",NASDAQ,Financial Conglomerates,29.31,29.21,27.97,25.1,19.95,17.33,15.42,15.33,28.91,26.96,30.09,28.66,6.08,6.27,1.84,8922520.200000001,10186909.333333334,298578313.0,255681237.0,0.43,3.62,2860572355.324138,30.27,18,170.39,4,205.31,11,135.32,7.48,4.79,1.39,0.78,35.4,0.244,47.37,True,True,True,True,False,True,True,False,False,True,False,True,False,False,False,False,2026-11-13,False,True,3,">4x 50-MA, thin RVOL, large gap","EMA, near21",8,https://www.tradingview.com/chart/?symbol=NASDAQ:ASST&interval=D,True,True,True
GRAL,"GRAIL, Inc.",NASDAQ,Medical Specialties,136.57,104.95,91.8,86.99,80.0,72.69,65.34,72.92,111.95,97.96,140.88,131.2,5.92,5.87,8.02,2122510.6,1144734.1333333333,156336341.0,99576988.0,0.43,0.09,6100067673.739954,70.33,7,101.25,8,170.06,18,113.88,12.04,48.76,6.71,1.21,66.9,0.93,29.01,True,True,True,True,False,False,False,False,False,False,True,False,False,False,False,False,2026-11-18,False,False,3,"LoD>60% ATR, >4x 50-MA, thin RVOL",EMA,5,https://www.tradingview.com/chart/?symbol=NASDAQ:GRAL&interval=D,True,True,True
GLND,Greenland Energy Company,NASDAQ,Financial Conglomerates,4.75,3.2,2.24,1.97,1.96,2.31,4.16,5.72,3.6,2.74,5.01,3.89,14.01,14.4,0.68,65690334.7,22309261.866666667,105968994.0,43878600.0,0.33,-10.47,207718410.85746104,239.29,1,115.91,7,-45.71,431,103.16,9.88,112.2,5.07,1.64,125.7,2.695,79.15,False,True,True,False,False,False,False,False,False,False,True,False,False,False,False,False,2026-12-02,False,True,1,"LoD>60% ATR, >4x 50-MA, thin RVOL, below 200-MA, large gap",EMA,3,https://www.tradingview.com/chart/?symbol=NASDAQ:GLND&interval=D,True,True,False
SDGR,"Schrodinger, Inc.",NASDAQ,Packaged Software,30.33,29.15,24.75,22.99,20.38,17.59,15.76,15.78,28.28,25.63,30.6,29.04,7.16,5.79,1.76,3299021.4,1861479.5333333334,56458674.0,42796035.0,0.53,-0.68,2268854658.1708474,50.15,9,84.71,13,170.08,17,101.65,8.43,22.53,3.17,0.89,73.4,0.754,44.16,True,True,True,True,False,False,True,True,False,True,False,False,False,False,False,False,2026-11-11,False,False,3,"LoD>60% ATR, >4x 50-MA, thin RVOL","EMA, ADR",7,https://www.tradingview.com/chart/?symbol=NASDAQ:SDGR&interval=D,True,True,True
APPS,"Digital Turbine, Inc.",NASDAQ,Packaged Software,11.64,11.31,11.18,11.14,10.94,9.67,7.61,6.93,11.35,11.28,11.65,11.08,7.0,7.18,0.84,3026019.7,2710723.9,31566380.0,30194754.0,0.92,0.0,1409234271.7272725,2.69,120,-9.73,224,307.17,4,100.04,0.89,4.19,0.46,0.68,67.6,0.219,37.62,True,True,True,True,False,True,True,True,False,True,False,False,False,False,False,False,2026-11-11,False,False,4,"LoD>60% ATR, thin RVOL","EMA, near21, ADR",8,https://www.tradingview.com/chart/?symbol=NASDAQ:APPS&interval=D,False,False,True
LIFE,Ethos Technologies Inc.,NASDAQ,Packaged Software,33.85,35.52,37.25,36.95,32.52,25.95,21.91,,35.45,35.88,34.82,33.06,8.38,8.12,2.75,1954405.7,1560884.9666666666,52835956.0,57670537.0,0.46,0.0,2158235680.537383,-14.52,296,84.32,14,210.27,10,93.35,0.5,-9.14,0.7,0.64,28.8,0.259,45.31,False,False,False,False,False,True,True,True,False,True,False,True,False,False,False,False,2026-12-02,False,False,4,"thin RVOL, below 200-MA","near21, ADR",5,https://www.tradingview.com/chart/?symbol=NASDAQ:LIFE&interval=D,False,True,True
AMC,"AMC Entertainment Holdings, Inc.",NYSE,Movies/Entertainment,3.08,2.9,2.72,2.67,2.62,2.25,1.93,1.83,2.92,2.78,3.35,2.93,6.37,6.72,0.21,38642799.800000034,26651478.266666673,82086553.0,71159447.0,1.21,0.91,2749222180.170213,13.24,52,62.96,23,201.96,12,92.72,2.63,13.4,1.58,2.03,72.5,0.343,34.72,True,True,True,True,False,False,False,False,False,False,True,False,False,False,True,False,2026-11-11,False,False,4,"LoD>60% ATR, thin RVOL","EMA, RVOL",5,https://www.tradingview.com/chart/?symbol=NYSE:AMC&interval=D,False,True,True
GPRO,"GoPro, Inc.",NASDAQ,Electronics/Appliances,1.32,1.3,1.37,1.12,0.95,0.93,0.94,1.03,1.3,1.23,1.38,1.31,7.57,9.97,0.13,14486241.8,65281805.7,86498393.0,73319737.0,0.74,0.75,247964126.31578943,117.14,3,72.08,17,83.38,79,90.87,3.95,-3.05,0.74,0.5,11.3,0.358,33.04,False,False,True,True,False,True,True,True,False,True,False,True,False,False,False,False,2026-11-05,False,False,5,thin RVOL,"EMA, near21, ADR",7,https://www.tradingview.com/chart/?symbol=NASDAQ:GPRO&interval=D,True,True,False
BAND,Bandwidth Inc.,NASDAQ,Packaged Software,62.28,56.84,52.88,51.59,51.45,56.3,44.4,36.84,57.98,54.88,63.22,60.54,7.49,7.0,4.36,957529.7,887286.4,55260197.0,45775549.0,0.54,0.2,2004219374.6808722,20.12,33,-2.12,185,251.47,8,89.82,3.01,17.77,1.93,0.61,39.9,0.449,32.12,True,True,True,True,False,False,True,True,False,True,False,True,False,False,False,False,2026-10-29,False,False,5,thin RVOL,"EMA, ADR",8,https://www.tradingview.com/chart/?symbol=NASDAQ:BAND&interval=D,False,False,True
DELL,Dell Technologies Inc.,NYSE,Computer Processing Hardware,539.59,557.57,537.71,509.01,481.82,425.02,342.01,286.93,547.26,532.02,551.39,536.58,4.98,5.58,30.11,8926057.099999998,9188430.966666667,4957985465.0,4677027749.0,0.61,1.34,343078202016.2653,15.4,43,29.09,72,223.13,9,89.21,2.15,0.35,0.25,0.49,10.0,0.257,50.16,False,False,False,True,True,True,True,True,False,True,False,True,False,True,False,False,2026-12-01,False,False,6,,"near21, ADR",7,https://www.tradingview.com/chart/?symbol=NYSE:DELL&interval=D,False,False,True
TEAM,Atlassian Corporation,NASDAQ,Packaged Software,175.96,188.91,187.14,183.44,157.6,123.45,106.48,111.99,185.78,182.73,179.5,168.05,4.7,5.29,9.32,3434866.9,3717743.6,654174164.0,681990941.0,1.43,-0.45,44542305135.32722,-4.89,193,118.26,6,152.78,28,88.72,2.2,-5.97,0.7,1.23,84.9,0.139,46.84,False,False,False,True,False,True,False,False,False,True,True,False,False,True,True,False,2026-10-29,False,False,5,LoD>60% ATR,"near21, RVOL",3,https://www.tradingview.com/chart/?symbol=NASDAQ:TEAM&interval=D,False,True,False
BLZE,"Backblaze, Inc.",NASDAQ,Computer Peripherals,13.38,13.56,13.34,14.15,14.9,12.71,9.79,8.5,13.51,13.8,13.66,13.02,5.68,6.76,0.9,1834396.8,2307824.8,30878696.0,32649567.0,0.53,0.07,828222017.787297,-11.04,262,-14.18,251,285.59,5,86.79,-1.51,0.3,0.45,0.7,39.3,0.144,47.84,False,False,False,True,True,True,True,False,False,True,False,True,False,False,False,False,2026-11-11,False,False,5,thin RVOL,near21,6,https://www.tradingview.com/chart/?symbol=NASDAQ:BLZE&interval=D,False,False,True
ALAB,"Astera Labs, Inc.",NASDAQ,Semiconductors,357.84,336.49,309.35,303.2,306.96,323.88,264.46,238.1,339.63,322.44,366.7,349.0,5.3,6.4,22.88,4303213.4,3755732.8,1343951425.0,1138723162.0,0.62,0.25,62079910408.59525,20.42,32,-23.54,318,251.93,7,82.94,2.59,15.68,1.72,0.77,38.6,0.488,27.5,True,True,True,True,False,False,True,False,False,False,False,True,False,True,False,False,2026-11-10,False,False,6,,EMA,7,https://www.tradingview.com/chart/?symbol=NASDAQ:ALAB&interval=D,False,False,True
OKTA,"Okta, Inc.",NASDAQ,Packaged Software,204.88,196.27,184.41,171.69,160.38,138.92,117.91,110.31,195.93,184.85,208.69,200.59,5.13,4.87,9.99,4329234.0,4319770.633333334,885034607.0,741670780.0,0.66,0.68,35817275038.07538,18.98,37,48.31,38,161.71,23,76.33,5.69,11.1,2.22,0.81,43.0,0.312,41.95,True,True,True,True,False,False,True,False,False,False,False,True,False,True,False,False,2026-12-08,False,False,5,>4x 50-MA,EMA,7,https://www.tradingview.com/chart/?symbol=NASDAQ:OKTA&interval=D,False,False,True
P,"Everpure, Inc.",NYSE,Computer Peripherals,130.05,114.73,105.62,105.26,98.43,87.55,80.09,77.67,117.31,109.84,132.44,127.71,4.57,5.23,6.8,12382951.4,6242084.933333334,811783146.0,657021053.0,0.37,0.66,43336203691.64606,33.04,15,67.07,19,120.42,47,73.51,6.14,23.13,3.52,0.69,34.4,0.458,28.49,True,True,True,True,False,False,True,False,False,False,False,True,False,True,False,False,2026-12-02,False,False,5,>4x 50-MA,EMA,7,https://www.tradingview.com/chart/?symbol=NYSE:P&interval=D,True,True,False
CRWD,"CrowdStrike Holdings, Inc.",NASDAQ,Packaged Software,262.74,252.04,233.91,223.92,215.04,194.32,164.54,151.42,250.81,238.34,267.69,255.76,4.72,4.66,12.23,11116602.7,11610734.966666667,3050604505.0,2599910606.0,0.58,-0.79,269028633149.4418,15.12,46,35.61,59,168.66,20,73.13,4.76,12.32,2.2,0.98,57.1,0.358,38.29,True,True,True,True,False,False,True,False,False,False,False,True,False,True,False,False,2026-12-01,False,False,5,>4x 50-MA,EMA,7,https://www.tradingview.com/chart/?symbol=NASDAQ:CRWD&interval=D,False,False,True
PLSE,"Pulse Biosciences, Inc",NASDAQ,Medical Specialties,50.89,51.87,52.51,51.14,45.82,35.81,30.81,27.2,51.97,51.16,52.74,48.92,7.75,7.2,3.66,600435.8,601141.1666666666,30592074.0,30741357.0,0.87,-0.15,3699831725.8270264,5.89,97,83.26,15,128.31,43,72.48,1.54,-3.08,0.07,1.04,53.8,0.123,49.73,False,False,False,True,False,True,False,False,False,True,True,True,False,False,False,False,2026-11-16,False,False,5,thin RVOL,near21,4,https://www.tradingview.com/chart/?symbol=NASDAQ:PLSE&interval=D,False,True,False
HPE,Hewlett Packard Enterprise Company,NYSE,Computer Processing Hardware,61.49,61.42,58.34,56.74,54.62,48.93,40.79,36.28,61.14,59.04,63.7,60.68,5.18,5.53,3.4,19297819.0,23132310.16666669,1422405752.0,1312419328.0,0.6,1.38,81625807128.47086,14.59,50,38.4,55,160.77,25,71.25,2.28,5.4,0.75,0.89,23.8,0.276,40.89,True,True,True,True,False,True,True,False,False,True,False,True,False,True,False,False,2026-12-03,False,False,6,,"EMA, near21",8,https://www.tradingview.com/chart/?symbol=NYSE:HPE&interval=D,False,False,False
CORT,Corcept Therapeutics Incorporated,NASDAQ,Pharmaceuticals: Major,114.74,114.61,113.72,115.52,111.75,93.76,75.93,69.51,114.91,114.25,120.51,113.16,4.95,4.72,5.42,2565703.0,1449957.6,166368135.0,167497894.0,0.37,0.25,12403209696.580301,-2.05,162,31.78,67,180.2,15,69.98,0.57,0.9,0.09,1.36,29.1,0.078,39.31,True,True,False,True,True,True,False,False,True,True,True,True,False,True,False,False,2026-11-04,False,False,6,,"near21, BB",8,https://www.tradingview.com/chart/?symbol=NASDAQ:CORT&interval=D,False,False,True
AEHR,Aehr Test Systems,NASDAQ,Electronic Production Equipment,100.78,96.43,91.17,93.2,95.64,94.73,82.55,68.45,97.13,95.11,108.4,98.05,7.28,8.93,9.0,2276723.7,2628710.933333333,264921488.0,244998488.0,1.1,3.51,3291428964.4906087,13.88,51,11.65,117,178.17,16,67.9,0.6,10.54,0.67,1.15,30.3,0.36,27.76,True,True,True,True,False,True,False,False,False,True,True,True,False,False,False,False,2026-10-06,False,True,4,"thin RVOL, large gap","EMA, near21",7,https://www.tradingview.com/chart/?symbol=NASDAQ:AEHR&interval=D,False,False,True
SECZ,Securitize Corp.,NYSE,Packaged Software,15.84,13.34,10.49,9.12,8.27,9.76,10.22,10.54,13.8,11.49,16.76,15.0,8.75,8.12,1.29,7764424.9,3760561.6333333333,59567296.0,34293815.0,0.48,-0.24,2586128336.5291643,137.48,2,18.03,97,44.66,147,66.72,11.27,50.98,4.66,1.37,65.3,1.373,32.01,True,True,True,True,False,False,False,False,False,False,True,False,False,False,False,False,2026-11-13,False,False,3,"LoD>60% ATR, >4x 50-MA, thin RVOL",EMA,5,https://www.tradingview.com/chart/?symbol=NYSE:SECZ&interval=D,True,False,False
ETON,"Eton Pharmaceuticals, Inc.",NASDAQ,Pharmaceuticals: Major,59.19,57.25,57.94,59.34,54.05,43.71,36.72,31.56,57.91,57.44,59.73,57.9,4.62,5.01,2.96,513931.1,528856.1333333333,31302995.0,31381882.0,1.43,-0.52,1691835805.357553,-4.5,188,63.37,22,136.76,36,65.21,1.9,2.15,0.61,0.62,43.5,0.126,44.57,True,True,True,True,True,True,True,True,False,True,False,True,False,False,True,False,2026-11-05,False,False,5,thin RVOL,"EMA, near21, ADR, RVOL",10,https://www.tradingview.com/chart/?symbol=NASDAQ:ETON&interval=D,False,True,False
ILMN,"Illumina, Inc.",NASDAQ,Medical Specialties,272.0,254.32,232.89,227.12,214.25,190.04,169.04,160.67,255.35,239.62,278.99,267.0,4.53,4.27,11.6,6149544.4,3359812.7666666666,913869073.0,763082915.0,0.36,0.44,41071999077.660904,21.03,28,54.69,28,118.58,50,64.77,6.32,16.8,3.17,1.03,43.1,0.423,34.43,True,True,True,True,False,False,False,False,False,False,True,True,False,True,False,False,2026-10-29,False,False,5,>4x 50-MA,EMA,6,https://www.tradingview.com/chart/?symbol=NASDAQ:ILMN&interval=D,False,False,False
RBRK,"Rubrik, Inc.",NYSE,Information Technology Services,114.77,111.11,101.61,100.34,93.66,83.62,73.14,71.36,109.93,104.66,114.98,111.41,5.11,4.97,5.71,3181339.3,3576419.7,410465689.0,358851992.0,0.61,-0.07,23792328858.01114,15.99,40,41.0,46,133.89,38,63.62,4.53,12.95,1.94,0.62,58.9,0.414,34.64,True,True,True,True,False,False,True,True,False,True,False,True,False,True,False,False,2026-12-03,False,False,5,>4x 50-MA,"EMA, ADR",8,https://www.tradingview.com/chart/?symbol=NYSE:RBRK&interval=D,False,False,False
PURR,Hyperliquid Strategies Inc,NASDAQ,Financial Conglomerates,11.92,13.07,12.4,11.87,9.76,8.96,7.83,6.84,12.72,12.18,12.49,11.83,8.71,9.25,1.1,26710710.9,28335031.066666666,337753570.0,336247091.0,0.53,3.23,2835997811.284768,-5.96,204,54.81,27,141.3,34,63.38,2.4,-3.87,0.23,0.6,8.2,0.327,52.29,False,False,False,True,False,True,True,True,False,True,False,True,False,False,False,False,2026-12-02,False,True,4,"thin RVOL, large gap","near21, ADR",6,https://www.tradingview.com/chart/?symbol=NASDAQ:PURR&interval=D,False,False,False
RNG,"RingCentral, Inc.",NYSE,Packaged Software,74.43,76.3,73.93,71.62,65.62,53.14,48.4,43.48,75.71,73.33,76.12,72.29,4.57,4.51,3.36,1791169.4,1540292.2666666666,114643953.0,110316759.0,0.86,-0.92,6215363537.879024,6.82,91,85.47,12,96.85,64,63.05,2.97,0.67,0.33,1.14,63.7,0.182,44.09,False,False,False,True,True,True,False,False,False,True,True,False,False,False,False,False,2026-11-09,False,False,4,"LoD>60% ATR, thin RVOL",near21,4,https://www.tradingview.com/chart/?symbol=NYSE:RNG&interval=D,False,True,False
TWLO,Twilio Inc.,NYSE,Packaged Software,290.78,272.35,251.9,244.23,230.71,216.64,189.28,173.67,274.39,258.68,292.69,281.98,5.08,4.88,14.18,3270241.1,2213255.3333333335,643570386.0,540540399.0,0.86,-0.44,44656605876.4962,20.75,30,39.93,52,127.17,45,62.62,5.34,15.44,2.55,0.76,62.1,0.407,33.93,True,True,True,True,False,False,True,True,False,True,False,False,False,True,False,False,2026-10-29,False,False,4,"LoD>60% ATR, >4x 50-MA","EMA, ADR",7,https://www.tradingview.com/chart/?symbol=NYSE:TWLO&interval=D,False,False,False
SMTC,Semtech Corporation,NASDAQ,Semiconductors,180.1,176.35,163.19,152.3,143.03,145.44,127.06,115.22,173.4,164.18,184.45,177.03,5.67,6.37,11.47,3854277.5,3587200.1,646054738.0,546341935.0,0.73,2.27,16807944505.548117,27.05,22,19.74,91,138.54,35,61.78,4.07,10.36,1.52,0.65,26.8,0.398,33.94,True,True,True,True,False,False,True,True,False,True,False,True,False,True,False,False,2026-12-02,False,True,4,">4x 50-MA, large gap","EMA, ADR",8,https://www.tradingview.com/chart/?symbol=NASDAQ:SMTC&interval=D,True,False,False
FIVN,"Five9, Inc.",NASDAQ,Packaged Software,34.01,35.55,33.89,33.61,31.68,27.12,23.61,22.39,35.05,34.17,34.76,33.44,6.1,5.89,2.0,2970930.9,2029865.0333333334,69035710.0,68219366.0,0.62,-0.41,2541347367.358339,-0.73,151,54.24,30,128.72,42,60.74,1.25,0.36,0.08,0.66,28.5,0.277,38.68,False,False,False,True,True,True,True,True,False,True,False,True,False,False,False,False,2026-11-09,False,False,5,thin RVOL,"near21, ADR",7,https://www.tradingview.com/chart/?symbol=NASDAQ:FIVN&interval=D,False,False,False
HTFL,"Heartflow, Inc.",NASDAQ,Packaged Software,49.83,49.41,49.04,48.78,40.6,35.13,32.28,31.5,49.27,48.03,51.0,48.67,4.83,4.77,2.38,2138742.2,2095485.6666666667,104418051.0,102218489.0,0.96,0.16,4332899151.717548,2.74,119,69.78,18,107.37,56,59.96,4.77,1.61,0.79,0.98,48.8,0.109,35.93,True,True,True,True,True,True,True,False,False,True,False,True,False,False,False,False,2026-11-18,False,False,4,">4x 50-MA, thin RVOL","EMA, near21",9,https://www.tradingview.com/chart/?symbol=NASDAQ:HTFL&interval=D,False,True,False
NTSK,"Netskope, Inc.",NASDAQ,Packaged Software,17.27,17.89,16.4,15.8,14.91,13.0,11.95,12.84,17.55,16.74,17.92,16.94,5.66,5.49,0.95,7570398.1,6466008.0,111667958.0,102156460.0,0.72,-0.17,7056310137.25154,15.98,41,54.33,29,106.33,58,58.88,2.89,5.3,0.58,1.03,34.3,0.43,34.39,False,False,False,True,False,True,False,False,False,True,True,True,False,False,False,False,2026-12-11,False,False,5,thin RVOL,near21,4,https://www.tradingview.com/chart/?symbol=NASDAQ:NTSK&interval=D,False,False,False
NEO,"NeoGenomics, Inc.",NASDAQ,Medical/Nursing Services,18.74,19.23,18.47,18.02,16.97,14.26,12.32,12.23,18.97,18.48,19.75,18.58,4.43,4.54,0.85,2533892.3,1964558.2,36815821.0,35407560.0,1.08,0.05,2407629735.3022294,2.07,124,28.8,73,144.01,32,58.29,2.3,1.45,0.31,1.37,18.8,0.195,37.37,False,False,False,True,True,True,False,False,False,True,True,True,False,False,False,False,2026-11-10,False,False,5,thin RVOL,near21,5,https://www.tradingview.com/chart/?symbol=NASDAQ:NEO&interval=D,False,False,False
XMTR,"Xometry, Inc.",NASDAQ,Information Technology Services,104.23,100.06,94.56,92.4,91.51,90.76,75.12,71.74,99.66,96.24,106.16,101.25,4.9,5.09,5.3,1071433.8,726158.6,75687511.0,67094513.0,0.68,0.83,5974836060.053811,7.73,82,8.0,133,159.02,26,58.25,2.73,10.23,1.63,0.93,56.2,0.281,27.17,True,True,True,True,False,False,True,False,False,False,False,True,False,False,False,False,2026-11-05,False,False,5,thin RVOL,EMA,7,https://www.tradingview.com/chart/?symbol=NASDAQ:XMTR&interval=D,False,False,False
SNDK,Sandisk Corporation,NASDAQ,Computer Peripherals,1729.76,1737.05,1683.34,1635.6,1530.7,1627.31,1353.29,1122.86,1730.84,1681.51,1749.78,1693.0,5.23,6.25,108.17,9297570.1,10686987.066666666,18485922748.0,17479630703.0,0.63,1.82,253269742586.21234,19.46,36,-17.04,276,169.4,19,57.27,2.08,2.76,0.46,0.52,34.0,0.259,35.51,False,False,False,True,True,True,True,True,False,True,False,True,False,True,False,False,2026-11-05,False,False,6,,"near21, ADR",7,https://www.tradingview.com/chart/?symbol=NASDAQ:SNDK&interval=D,False,False,True
HNGE,"Hinge Health, Inc.",NYSE,Packaged Software,95.21,93.94,92.62,91.54,87.46,78.12,66.36,60.43,93.56,92.34,97.95,91.52,4.31,4.53,4.31,1927686.0,1882647.9,179246907.0,172345119.0,0.92,1.89,7682915407.915413,3.49,113,13.91,107,153.02,27,56.81,1.96,2.79,0.69,1.49,85.6,0.089,35.2,True,True,True,True,True,True,False,False,True,True,True,False,False,False,False,False,2026-11-03,False,False,4,"LoD>60% ATR, thin RVOL","EMA, near21, BB",8,https://www.tradingview.com/chart/?symbol=NYSE:HNGE&interval=D,False,False,False
PENG,"Penguin Solutions, Inc.",NASDAQ,Semiconductors,55.79,53.95,51.57,51.68,53.36,57.21,45.69,39.19,53.98,53.1,56.9,55.13,4.23,5.7,3.18,1522300.0,1443217.3666666667,80517097.0,74583549.0,0.79,2.76,2858830134.5709352,7.89,80,-22.57,313,183.34,13,56.22,0.8,8.19,0.89,0.56,20.7,0.246,32.3,False,True,True,True,False,True,True,True,False,True,False,True,False,False,False,False,2026-10-06,False,True,4,"thin RVOL, large gap","EMA, near21, ADR",8,https://www.tradingview.com/chart/?symbol=NASDAQ:PENG&interval=D,False,False,True
BE,Bloom Energy Corporation,NYSE,Electronic Production Equipment,291.25,275.05,263.35,245.37,232.52,253.57,230.18,204.67,273.58,262.08,302.35,271.2,6.01,7.32,21.31,20922012.7,15719375.866666667,4578268221.0,3857068496.0,1.21,3.79,85781087273.31474,35.02,13,0.21,174,133.3,39,56.18,3.45,10.6,1.52,1.46,94.1,0.306,24.16,True,True,True,True,False,False,False,False,False,False,True,False,False,True,True,False,2026-10-29,False,True,4,"LoD>60% ATR, large gap","EMA, RVOL",5,https://www.tradingview.com/chart/?symbol=NYSE:BE&interval=D,True,False,False
CVI,CVR Energy Inc.,NYSE,Oil Refining/Marketing,50.57,52.21,49.44,45.9,41.19,36.38,34.47,31.99,51.0,48.67,51.92,49.92,5.56,4.96,2.51,1205107.0,1133170.7,57304442.0,52009136.0,0.85,-1.58,5083832517.730443,26.9,23,85.85,11,53.94,127,55.56,4.59,2.28,0.79,0.8,25.9,0.29,39.99,False,False,False,True,True,True,True,True,False,True,False,True,False,False,False,False,2026-11-02,False,False,4,">4x 50-MA, thin RVOL","near21, ADR",7,https://www.tradingview.com/chart/?symbol=NYSE:CVI&interval=D,True,True,False
INTC,Intel Corporation,NASDAQ,Semiconductors,115.93,116.9,107.19,101.65,99.85,108.4,92.02,79.96,115.87,109.78,118.75,113.97,4.58,5.43,6.29,124828054.5,102662226.7,11901631941.0,10435837779.0,0.71,0.58,612818200544.6865,28.43,20,-14.13,249,151.69,29,55.33,2.97,8.15,1.03,0.76,31.1,0.446,31.87,False,False,True,True,False,True,True,False,False,True,False,True,False,True,False,False,2026-10-22,False,False,6,,"EMA, near21",6,https://www.tradingview.com/chart/?symbol=NASDAQ:INTC&interval=D,True,False,False
OSCR,"Oscar Health, Inc.",NYSE,Managed Health Care,29.77,30.68,31.39,31.32,30.71,28.71,23.98,21.71,30.45,30.89,29.83,28.99,5.86,5.73,1.71,6204509.5,5219794.166666667,155393272.0,163466554.0,0.61,0.27,8141171850.874874,-0.77,152,3.73,155,161.37,24,54.78,-0.54,-5.17,0.63,0.49,45.7,0.172,32.52,False,False,False,True,False,True,True,True,False,True,False,True,False,False,False,False,2026-11-10,False,False,5,thin RVOL,"near21, ADR",6,https://www.tradingview.com/chart/?symbol=NYSE:OSCR&interval=D,False,False,False
NSIT,"Insight Enterprises, Inc.",NASDAQ,Information Technology Services,155.64,157.63,157.99,155.55,147.88,127.47,110.0,103.42,157.44,156.23,157.26,154.04,4.04,3.76,5.85,496868.5,327617.63333333336,50990408.0,50961960.0,0.47,0.41,4567855249.515773,-1.12,156,27.47,75,134.89,37,53.75,1.4,-1.49,0.1,0.55,27.4,0.087,35.06,False,False,False,True,True,True,True,True,True,True,False,True,False,False,False,False,2026-10-29,False,False,5,thin RVOL,"near21, ADR, BB",8,https://www.tradingview.com/chart/?symbol=NASDAQ:NSIT&interval=D,False,False,False
SBET,"Sharplink, Inc.",NASDAQ,Advertising/Marketing Services,9.46,9.41,9.01,8.66,7.7,6.76,6.92,7.4,9.43,8.98,9.88,9.41,5.78,5.99,0.57,9490029.9,9822235.966666691,92918352.0,85037645.0,0.61,3.37,2054935277.9073684,9.36,67,96.67,10,53.95,126,53.33,3.82,4.99,0.89,0.84,8.8,0.303,28.05,True,True,True,True,False,True,True,False,False,True,False,True,False,False,False,False,2026-11-12,False,True,4,"thin RVOL, large gap","EMA, near21",8,https://www.tradingview.com/chart/?symbol=NASDAQ:SBET&interval=D,False,True,False
PANW,"Palo Alto Networks, Inc.",NASDAQ,Packaged Software,388.41,379.91,362.26,361.77,357.99,322.58,270.44,247.2,379.21,370.41,391.75,377.8,4.64,4.67,18.16,6511095.2000000095,6513758.300000009,2530008861.0,2356484511.0,0.77,-0.51,317719377032.11926,2.96,117,12.41,114,142.91,33,52.76,1.82,7.22,1.04,0.77,58.4,0.249,34.17,True,True,True,True,False,True,True,False,False,True,False,True,False,True,False,False,2026-11-12,False,False,6,,"EMA, near21",8,https://www.tradingview.com/chart/?symbol=NASDAQ:PANW&interval=D,False,False,False
NBIS,Nebius Group N.V.,NASDAQ,Packaged Software,237.36,229.65,224.68,222.86,217.75,221.17,189.64,165.5,231.39,226.91,246.98,233.61,6.07,6.97,16.53,17117983.3,16928728.366666667,4018118321.0,3772812583.0,0.78,1.42,64526199475.596436,11.98,54,-1.21,180,146.19,31,52.32,1.29,5.64,0.66,0.81,22.7,0.237,27.03,True,True,True,True,False,True,True,False,False,True,False,True,False,True,False,False,2026-10-22,False,False,6,,"EMA, near21",8,https://www.tradingview.com/chart/?symbol=NASDAQ:NBIS&interval=D,False,False,False
AMLX,"Amylyx Pharmaceuticals, Inc.",NASDAQ,Pharmaceuticals: Major,29.28,31.37,32.34,33.91,28.71,22.11,19.87,18.28,30.94,31.46,30.1,28.99,5.11,5.76,1.69,1413451.7,3007351.9,88055264.0,101975794.0,0.8,0.07,3675022041.712563,-20.39,368,64.13,20,109.14,54,50.96,0.35,-9.47,1.2,0.66,17.2,0.2,48.01,False,False,False,True,False,True,True,True,False,True,False,True,False,False,False,False,2026-11-05,False,False,5,thin RVOL,"near21, ADR",6,https://www.tradingview.com/chart/?symbol=NASDAQ:AMLX&interval=D,False,True,False
TEM,"Tempus AI, Inc.",NASDAQ,Packaged Software,82.58,79.49,71.14,69.13,60.71,56.06,54.24,56.34,78.85,73.2,89.09,81.78,5.87,5.97,4.93,8265124.2,8297220.966666667,685184507.0,573578588.0,0.74,0.48,14900303210.897272,19.6,35,43.49,42,85.2,76,49.43,6.04,16.08,2.15,1.48,16.2,0.513,30.58,True,True,True,True,False,False,False,False,False,False,True,True,False,True,False,False,2026-11-10,False,False,5,>4x 50-MA,EMA,6,https://www.tradingview.com/chart/?symbol=NASDAQ:TEM&interval=D,False,False,False
BMNR,"BitMine Immersion Technologies, Inc.",NYSE,Financial Conglomerates,26.73,26.63,25.59,24.78,21.97,19.53,20.06,21.79,26.69,25.51,27.88,26.35,5.51,6.09,1.63,40307605.9,45462489.43333333,1215212343.0,1126378638.0,0.74,3.61,16124241212.889347,6.49,93,99.93,9,41.77,152,49.4,3.56,4.47,0.78,0.94,23.3,0.283,26.58,True,True,True,True,False,True,True,False,False,True,False,True,False,True,False,False,2026-11-20,False,True,5,large gap,"EMA, near21",8,https://www.tradingview.com/chart/?symbol=NYSE:BMNR&interval=D,False,True,False
SNOW,Snowflake Inc.,NYSE,Packaged Software,330.31,334.1,332.07,329.65,319.34,272.59,233.93,226.14,332.58,330.55,333.41,324.17,4.11,4.49,14.83,4113621.8,5023236.766666667,1659225336.0,1655898279.0,1.45,0.93,116533362233.7691,-0.02,145,27.75,74,119.91,48,49.22,0.77,-0.53,0.02,0.62,41.4,0.112,32.68,False,False,False,True,True,True,True,True,False,True,False,True,False,True,True,False,2026-12-02,False,False,6,,"near21, ADR, RVOL",7,https://www.tradingview.com/chart/?symbol=NYSE:SNOW&interval=D,False,False,False
BFLY,"Butterfly Network, Inc.",NYSE,Medical Specialties,9.1,8.74,8.12,8.37,8.24,7.11,6.19,5.58,8.84,8.52,9.95,9.04,7.16,7.38,0.67,6807214.4,5176766.2,47108572.0,43320905.0,0.98,5.9,2468695061.420765,4.0,109,7.69,134,132.14,40,47.95,1.41,12.01,0.93,1.35,8.9,0.428,34.71,True,True,True,True,False,True,False,False,False,True,True,True,False,False,False,False,2026-10-29,False,True,4,"thin RVOL, large gap","EMA, near21",7,https://www.tradingview.com/chart/?symbol=NYSE:BFLY&interval=D,False,False,False
SLS,"SELLAS Life Sciences Group, Inc.",NASDAQ,Pharmaceuticals: Major,11.51,11.63,12.36,12.9,12.35,10.97,8.97,7.63,11.78,12.14,11.64,11.37,7.19,7.76,0.89,5617223.3,7122678.166666667,81982026.0,91857619.0,0.56,-0.78,2324395144.0474544,-22.07,384,-17.96,284,182.8,14,47.59,-0.88,-6.87,0.67,0.3,15.7,0.342,41.05,False,False,False,True,False,True,True,True,False,True,False,True,False,False,False,False,2026-11-18,False,False,5,thin RVOL,"near21, ADR",6,https://www.tradingview.com/chart/?symbol=NASDAQ:SLS&interval=D,False,False,True
COHU,"Cohu, Inc.",NASDAQ,Semiconductors,65.97,61.62,56.22,54.87,53.67,54.7,48.28,43.11,62.25,58.56,68.27,65.46,4.67,5.48,3.61,989592.6,972440.0,64151867.0,53356000.0,0.64,2.24,3122916364.791282,29.15,19,-6.11,205,118.79,49,47.28,4.19,17.34,2.31,0.78,14.1,0.511,28.05,True,True,True,True,False,False,True,False,False,False,False,True,False,False,False,False,2026-10-29,False,True,3,">4x 50-MA, thin RVOL, large gap",EMA,7,https://www.tradingview.com/chart/?symbol=NASDAQ:COHU&interval=D,True,False,False
ECO,Okeanis Eco Tankers Corp.,NYSE,Marine Shipping,80.25,80.97,77.04,72.94,67.79,60.26,57.03,52.45,79.12,76.37,80.7,78.23,4.27,4.01,3.22,929000.3,684960.3,54968064.0,49963744.0,0.39,-0.99,3077488120.557029,20.62,31,62.12,24,58.94,114,47.23,4.58,4.16,1.27,0.77,62.8,0.291,35.54,False,False,True,True,False,True,True,True,False,True,False,False,False,False,False,False,2026-11-11,False,False,3,"LoD>60% ATR, >4x 50-MA, thin RVOL","EMA, near21, ADR",6,https://www.tradingview.com/chart/?symbol=NYSE:ECO&interval=D,False,False,False
DDOG,"Datadog, Inc.",NASDAQ,Packaged Software,268.56,250.3,235.13,234.79,243.01,239.3,200.86,182.89,253.37,244.48,269.44,259.26,4.27,4.73,12.71,3467058.3,3620232.966666667,972249766.0,849984241.0,0.83,-0.62,96433197812.75682,11.8,57,0.06,175,128.99,41,46.95,2.22,14.22,2.08,0.8,73.2,0.323,25.1,True,True,True,True,False,False,True,False,False,False,False,False,False,True,False,False,2026-11-05,False,False,5,LoD>60% ATR,EMA,6,https://www.tradingview.com/chart/?symbol=NASDAQ:DDOG&interval=D,False,False,False
SMCI,"Super Micro Computer, Inc.",NASDAQ,Computer Processing Hardware,41.02,40.8,39.41,38.66,35.73,34.41,32.16,31.86,40.85,39.5,42.69,40.85,4.99,5.59,2.29,40027599.4,38430322.8,1576411841.0,1485754710.0,0.63,1.96,26948719635.864048,7.9,79,45.05,40,86.62,75,46.53,2.65,4.08,0.69,0.8,7.2,0.214,21.81,True,True,True,True,False,True,True,False,False,True,False,True,False,True,False,False,2026-11-03,False,False,6,,"EMA, near21",8,https://www.tradingview.com/chart/?symbol=NASDAQ:SMCI&interval=D,False,False,False
STX,Seagate Technology Holdings PLC,NASDAQ,Computer Peripherals,913.45,882.38,857.85,852.05,854.64,867.33,738.82,641.53,891.88,872.01,944.43,900.1,4.99,5.46,49.9,4027076.5,3687095.6333333333,3367977506.0,3141599052.0,0.62,2.39,207712156895.30276,9.91,65,1.86,164,127.79,44,46.52,1.26,6.48,0.87,0.89,26.8,0.237,26.37,True,True,True,True,False,True,True,False,False,True,False,True,False,True,False,False,2026-10-28,False,True,5,large gap,"EMA, near21",8,https://www.tradingview.com/chart/?symbol=NASDAQ:STX&interval=D,False,False,False
BB,BlackBerry Limited,NYSE,Packaged Software,8.72,8.36,8.04,8.07,8.31,8.71,7.15,6.3,8.41,8.27,8.91,8.32,5.85,6.01,0.52,23633741.8,13765576.066666674,120035823.0,111074433.0,0.92,0.68,5118921109.518785,1.4,130,-30.52,365,165.05,22,45.31,0.82,8.47,0.91,1.13,75.3,0.208,27.58,True,True,True,True,False,True,False,False,False,True,True,False,False,False,False,False,2026-12-17,False,False,4,"LoD>60% ATR, thin RVOL","EMA, near21",6,https://www.tradingview.com/chart/?symbol=NYSE:BB&interval=D,False,False,True
AMBQ,"Ambiq Micro, Inc.",NYSE,Semiconductors,64.81,67.08,63.3,61.89,63.79,70.8,57.36,50.73,66.64,64.93,69.45,63.32,5.54,6.17,4.0,699034.2,520283.0333333333,33719543.0,32197889.0,0.89,1.68,1567399846.6707175,8.05,78,-24.16,323,150.91,30,44.93,0.26,2.39,0.03,1.53,37.4,0.311,30.97,False,False,False,True,True,True,False,False,False,True,True,True,False,False,False,False,2026-11-05,False,False,5,thin RVOL,near21,5,https://www.tradingview.com/chart/?symbol=NYSE:AMBQ&interval=D,False,False,False
VRNS,"Varonis Systems, Inc.",NASDAQ,Packaged Software,47.11,47.55,46.71,45.27,44.53,40.32,34.8,33.79,47.26,46.48,48.31,46.07,4.03,4.27,2.01,1679529.3999999985,1774808.9666666677,83611250.0,80346194.0,0.67,-0.45,5411077186.259154,5.82,98,10.15,125,118.1,51,44.69,1.36,0.85,0.32,1.11,51.7,0.118,29.2,False,False,False,True,True,True,False,False,False,True,True,True,False,False,False,False,2026-11-02,False,False,5,thin RVOL,near21,5,https://www.tradingview.com/chart/?symbol=NASDAQ:VRNS&interval=D,False,False,False
ZETA,Zeta Global Holdings Corp.,NYSE,Packaged Software,28.96,29.95,30.48,29.99,27.72,23.91,21.69,21.06,29.74,29.75,29.46,28.46,4.64,4.79,1.39,5363163.2,6119528.2,177221537.0,183538930.0,0.69,0.21,7269353620.244223,-2.82,169,43.65,41,90.28,70,43.7,0.93,-4.97,0.56,0.72,36.4,0.115,32.51,False,False,False,True,False,True,True,True,False,True,False,True,False,False,False,False,2026-11-10,False,False,5,thin RVOL,"near21, ADR",6,https://www.tradingview.com/chart/?symbol=NYSE:ZETA&interval=D,False,False,False
NET,"Cloudflare, Inc.",NYSE,Information Technology Services,352.26,345.33,322.44,312.33,302.85,270.04,248.14,233.0,344.04,329.31,356.72,348.01,4.94,4.9,17.25,3137386.9,3081771.9,1085584969.0,962542145.0,0.67,-0.58,125432636739.05841,15.04,48,41.06,45,74.82,92,43.64,3.33,9.25,1.42,0.5,24.6,0.35,31.89,True,True,True,True,False,True,True,True,False,True,False,True,False,True,False,False,2026-10-29,False,False,6,,"EMA, near21, ADR",9,https://www.tradingview.com/chart/?symbol=NYSE:NET&interval=D,False,False,False
PBF,PBF Energy Inc.,NYSE,Oil Refining/Marketing,75.23,73.99,74.69,73.49,70.72,57.8,52.91,47.51,73.88,73.45,75.91,72.39,6.45,5.9,4.44,3986084.5,3442973.3,259014881.0,253013779.0,0.55,-1.86,8917526830.590536,9.23,68,63.76,21,56.73,119,43.24,1.08,0.72,0.41,0.79,64.0,0.121,36.13,True,True,True,True,True,True,True,True,False,True,False,False,False,False,False,False,2026-10-29,False,False,4,"LoD>60% ATR, thin RVOL","EMA, near21, ADR",9,https://www.tradingview.com/chart/?symbol=NYSE:PBF&interval=D,False,True,False
DINO,HF Sinclair Corporation,NYSE,Oil Refining/Marketing,105.59,109.3,108.29,104.31,98.14,85.24,76.7,70.19,107.42,105.97,106.55,103.36,4.86,4.3,4.54,3245320.9,2661986.7,281079176.0,277678931.0,0.6,-1.91,18772196519.149826,8.86,72,51.54,33,68.19,100,42.86,1.77,-2.49,0.08,0.7,49.2,0.129,37.04,False,False,False,True,True,True,True,True,False,True,False,True,False,True,False,False,2026-10-28,False,False,6,,"near21, ADR",7,https://www.tradingview.com/chart/?symbol=NYSE:DINO&interval=D,False,False,False
SWKS,"Skyworks Solutions, Inc.",NASDAQ,Semiconductors,88.04,88.86,83.34,77.9,72.89,71.26,66.89,65.53,87.47,83.33,89.54,86.12,6.46,5.05,4.45,6680084.6,6980493.4,614562639.0,543801377.0,0.43,0.99,13247622849.412949,30.72,17,31.07,69,66.14,104,42.65,4.12,5.64,1.12,0.77,43.2,0.363,26.5,False,False,True,True,False,True,True,True,False,True,False,True,False,True,False,False,2026-10-29,False,False,5,>4x 50-MA,"EMA, near21, ADR",7,https://www.tradingview.com/chart/?symbol=NASDAQ:SWKS&interval=D,True,False,False
QLYS,"Qualys, Inc.",NASDAQ,Packaged Software,178.35,179.28,174.86,177.63,171.35,145.41,127.0,127.16,177.58,176.66,178.68,170.91,5.63,5.14,9.17,683390.5,677068.1333333333,120755102.0,120268741.0,0.66,-1.5,6170018533.176666,-4.33,187,26.19,79,104.74,61,42.2,0.79,1.99,0.19,0.85,81.1,0.187,29.31,False,False,True,True,True,True,True,False,False,True,False,False,False,False,False,False,2026-11-04,False,False,4,"LoD>60% ATR, thin RVOL","EMA, near21",6,https://www.tradingview.com/chart/?symbol=NASDAQ:QLYS&interval=D,False,False,False
INSP,"Inspire Medical Systems, Inc.",NYSE,Medical Specialties,73.18,72.08,69.47,66.72,62.08,53.3,54.28,62.2,71.11,69.04,73.24,69.18,4.9,4.47,3.27,897148.8,725793.0666666667,53113537.0,48424913.0,0.98,-0.31,2115661286.4080002,20.92,29,61.87,25,39.07,164,40.62,4.0,5.35,1.34,1.24,122.2,0.276,25.66,True,True,True,True,False,True,False,False,False,True,True,False,False,False,False,False,2026-11-09,False,False,4,"LoD>60% ATR, thin RVOL","EMA, near21",6,https://www.tradingview.com/chart/?symbol=NYSE:INSP&interval=D,False,False,False
UMAC,"Unusual Machines, Inc.",AMEX,Electronic Equipment/Instruments,24.94,23.69,23.69,24.43,24.2,22.54,20.08,18.46,23.94,23.99,25.02,23.7,6.03,7.43,1.85,2363816.8,3073733.8666666667,76658923.0,75092343.0,1.11,0.67,1245915182.8631053,-3.41,177,16.0,101,108.88,55,40.49,0.41,5.26,0.53,0.71,66.9,0.15,23.0,True,True,False,True,False,True,True,False,False,True,False,False,False,False,False,False,2026-11-12,False,False,4,"LoD>60% ATR, thin RVOL",near21,6,https://www.tradingview.com/chart/?symbol=AMEX:UMAC&interval=D,False,False,False
MSTR,Strategy Inc,NASDAQ,Internet Software/Services,154.67,154.24,143.67,135.74,120.05,123.91,131.09,136.23,153.59,144.14,161.62,152.34,4.85,5.66,8.75,25065346.4,27432089.1,4242921221.0,3723540334.0,0.63,2.85,59428159440.355675,15.43,42,76.37,16,29.11,189,40.3,5.1,7.66,1.29,1.06,26.6,0.417,22.11,True,True,True,True,False,True,False,False,False,True,True,True,False,True,False,False,2026-11-04,False,True,4,">4x 50-MA, large gap","EMA, near21",7,https://www.tradingview.com/chart/?symbol=NASDAQ:MSTR&interval=D,False,True,False
GH,"Guardant Health, Inc.",NASDAQ,Medical Specialties,177.73,177.35,170.35,168.57,163.78,148.17,128.37,122.81,175.57,171.9,180.9,174.54,4.31,4.29,7.62,1987347.1,1852595.0333333334,329261715.0,312295032.0,0.79,-0.31,23850685005.350136,6.84,89,10.56,122,102.73,62,40.04,1.99,4.33,0.79,0.84,41.9,0.188,30.69,True,True,True,True,False,True,True,False,False,True,False,True,False,True,False,False,2026-10-29,False,False,6,,"EMA, near21",8,https://www.tradingview.com/chart/?symbol=NASDAQ:GH&interval=D,False,False,False
S,"SentinelOne, Inc.",NYSE,Packaged Software,23.31,23.3,21.88,21.72,21.13,19.03,17.3,16.54,22.96,22.36,23.42,22.47,5.14,4.92,1.15,8912288.3,8860755.3,206544206.0,192417209.0,0.76,0.04,8113025214.969657,8.47,76,34.74,62,76.86,89,40.02,2.1,6.55,0.87,0.82,73.3,0.323,29.0,True,True,True,True,False,True,True,False,False,True,False,False,False,False,False,False,2026-12-08,False,False,4,"LoD>60% ATR, thin RVOL","EMA, near21",7,https://www.tradingview.com/chart/?symbol=NYSE:S&interval=D,False,False,False
MPC,Marathon Petroleum Corporation,NYSE,Oil Refining/Marketing,392.03,400.72,397.33,385.93,359.65,311.37,284.1,258.32,395.12,389.92,394.23,380.0,4.23,3.69,14.45,3736411.8,2865017.533333333,1123172824.0,1105694307.0,0.5,-1.84,110091722551.81364,7.78,81,52.27,32,60.01,113,40.02,2.44,-1.33,0.15,0.98,83.2,0.116,36.32,False,False,False,True,True,True,True,False,False,True,False,False,False,True,False,False,2026-11-03,False,False,5,LoD>60% ATR,near21,5,https://www.tradingview.com/chart/?symbol=NYSE:MPC&interval=D,False,False,False
VICR,Vicor Corporation,NASDAQ,Electronic Components,290.68,253.22,218.95,213.59,214.75,255.81,237.61,213.37,258.82,236.2,297.0,283.59,5.45,5.98,17.39,1151604.8,885119.8333333334,257286633.0,189055991.0,0.47,3.0,13402305492.749489,43.9,11,-20.89,301,96.1,66,39.7,5.91,32.76,3.86,0.77,40.8,0.783,14.6,True,True,True,True,False,False,True,False,False,False,False,True,False,True,False,False,2026-10-27,False,True,4,">4x 50-MA, large gap",EMA,7,https://www.tradingview.com/chart/?symbol=NASDAQ:VICR&interval=D,True,False,False
CLMT,"Calumet, Inc",NASDAQ,Oil Refining/Marketing,53.23,55.83,55.32,52.97,49.28,42.3,38.66,34.58,54.64,53.94,53.47,51.33,4.67,4.5,2.4,1649725.2,1330085.1666666667,70800433.0,70457715.0,0.51,-2.05,4678822917.163847,15.07,47,49.56,35,52.65,131,39.09,1.78,-3.78,0.29,0.89,79.3,0.162,39.92,False,False,False,True,False,True,True,False,False,True,False,False,False,False,False,False,2026-11-06,False,True,3,"LoD>60% ATR, thin RVOL, large gap",near21,4,https://www.tradingview.com/chart/?symbol=NASDAQ:CLMT&interval=D,False,False,False
MANE,"Veradermics, Incorporated",NYSE,Pharmaceuticals: Major,117.82,112.97,106.41,105.35,107.0,106.83,93.67,,113.06,109.45,118.94,112.03,4.94,5.17,6.09,928762.6,696510.0666666667,82062816.0,73378496.0,0.49,0.3,4922535635.8142605,15.17,45,-3.53,194,104.87,60,38.84,1.96,10.73,1.48,1.13,95.0,0.287,16.38,False,True,True,False,False,True,False,False,False,True,True,False,False,False,False,False,2026-12-02,False,False,3,"LoD>60% ATR, thin RVOL, below 200-MA","EMA, near21",4,https://www.tradingview.com/chart/?symbol=NYSE:MANE&interval=D,False,False,False
ESTC,Elastic N.V.,NYSE,Packaged Software,88.8,88.73,88.47,87.92,80.62,69.48,63.12,64.82,88.64,87.46,89.09,86.72,4.01,4.55,4.04,1833907.3,2656252.6666666665,235875237.0,233541276.0,0.88,-0.51,9323225887.96907,-14.52,297,51.28,34,78.78,86,38.51,2.23,0.38,0.34,0.59,51.5,0.141,28.84,True,True,True,True,True,True,True,True,False,True,False,True,False,False,False,False,2026-12-02,False,False,5,thin RVOL,"EMA, near21, ADR",10,https://www.tradingview.com/chart/?symbol=NYSE:ESTC&interval=D,False,False,False
VLO,Valero Energy Corporation,NYSE,Oil Refining/Marketing,387.72,392.27,385.99,373.29,349.66,304.71,281.54,256.82,387.52,380.28,389.4,379.57,4.5,3.86,14.95,4828154.099999976,3379617.3333333377,1310345232.0,1261587493.0,0.54,-2.05,111635236780.50807,11.4,59,47.4,39,55.96,120,38.26,2.82,0.45,0.51,0.66,54.5,0.139,34.93,False,False,True,True,True,True,True,True,False,True,False,True,False,True,False,False,2026-10-22,False,True,5,large gap,"EMA, near21, ADR",8,https://www.tradingview.com/chart/?symbol=NYSE:VLO&interval=D,False,False,False
AYA,Aya Gold & Silver Inc.,NASDAQ,Precious Metals,27.14,28.14,28.19,27.9,26.0,22.55,20.63,19.58,27.89,27.77,27.36,26.53,5.05,5.96,1.62,1490271.3,1307085.8,35474309.0,36463337.0,0.9,0.9,3909142045.581939,-9.14,244,43.29,43,79.14,85,37.77,0.73,-3.73,0.38,0.51,37.7,0.161,31.72,False,False,False,True,False,True,True,True,False,True,False,True,False,False,False,False,2026-11-17,False,False,5,thin RVOL,"near21, ADR",6,https://www.tradingview.com/chart/?symbol=NASDAQ:AYA&interval=D,False,False,False
U,Unity Software Inc.,NYSE,Packaged Software,39.72,41.83,42.08,43.11,40.52,34.47,30.37,31.98,41.56,41.94,40.16,38.44,5.03,5.03,2.0,11931761.5,10112081.4,401651873.0,435928458.0,1.12,0.13,17480332497.103863,-7.67,223,36.12,58,83.63,78,37.36,-0.39,-5.6,1.05,0.86,64.0,0.113,29.47,False,False,False,True,False,True,True,False,False,True,False,False,False,True,False,False,2026-11-11,False,False,5,LoD>60% ATR,near21,4,https://www.tradingview.com/chart/?symbol=NYSE:U&interval=D,False,False,False
NUAI,"New Era Energy & Digital, Inc.",NASDAQ,Engineering & Construction,6.76,6.64,6.15,5.78,5.51,5.27,5.02,4.96,6.66,6.25,7.31,6.7,8.34,9.4,0.64,10540023.9,7588249.933333334,51296570.0,43862614.0,0.68,1.8,720341100.1321839,33.86,14,12.48,113,64.88,105,37.07,2.41,9.83,0.88,0.96,9.4,0.505,24.91,True,True,True,True,False,True,True,False,False,True,False,True,False,False,False,False,2026-12-02,False,False,5,thin RVOL,"EMA, near21",8,https://www.tradingview.com/chart/?symbol=NASDAQ:NUAI&interval=D,True,False,False
AXTI,AXT Inc,NASDAQ,Electronic Production Equipment,78.18,73.95,67.65,67.9,66.58,78.13,72.41,59.33,73.71,70.68,82.14,75.58,7.16,9.06,7.08,9345281.1,8874839.8,693834976.0,602560207.0,1.03,4.03,5126513561.302023,19.74,34,15.04,103,75.61,91,36.8,1.92,15.56,1.17,0.93,36.7,0.475,24.04,True,True,True,True,False,True,True,False,False,True,False,True,False,False,False,False,2026-10-29,False,True,4,"thin RVOL, large gap","EMA, near21",8,https://www.tradingview.com/chart/?symbol=NASDAQ:AXTI&interval=D,False,False,False
FCEL,"FuelCell Energy, Inc.",NASDAQ,Electronic Equipment/Instruments,16.9,17.02,16.38,17.3,18.87,20.14,16.21,14.19,16.77,17.09,17.58,16.74,5.63,8.75,1.48,5589297.099999999,7063555.333333327,119374085.0,122199507.0,1.25,8.52,1351225812.465923,-11.38,266,-51.03,431,167.83,21,35.14,-1.19,3.15,0.13,0.57,10.8,0.278,35.19,False,False,False,True,False,True,True,False,False,True,False,True,False,False,True,False,2026-12-17,False,True,4,"thin RVOL, large gap","near21, RVOL",5,https://www.tradingview.com/chart/?symbol=NASDAQ:FCEL&interval=D,False,False,True
OUST,"Ouster, Inc.",NASDAQ,Semiconductors,40.0,38.77,36.93,37.05,38.75,39.77,34.01,31.15,39.34,38.34,42.24,39.82,5.66,6.67,2.67,2537388.5,2260556.3,90422252.0,83752857.0,1.07,2.76,2884493515.8924203,11.36,60,-33.16,386,127.09,46,35.1,0.48,8.31,0.65,0.91,6.9,0.325,21.53,True,True,True,True,False,True,True,False,False,True,False,True,False,False,False,False,2026-11-05,False,True,4,"thin RVOL, large gap","EMA, near21",8,https://www.tradingview.com/chart/?symbol=NASDAQ:OUST&interval=D,False,False,False
HPQ,HP Inc.,NYSE,Information Technology Services,30.73,32.34,32.54,31.63,30.16,26.93,24.4,23.52,31.9,31.85,31.35,30.6,5.11,4.79,1.47,15978521.899999995,16231965.100000102,498808288.0,513341307.0,0.7,-0.06,27712037639.968716,2.84,118,40.13,51,61.74,110,34.9,0.4,-5.58,0.73,0.51,8.8,0.159,29.36,False,False,False,True,False,True,True,True,False,True,False,True,False,True,False,False,2026-12-01,False,False,6,,"near21, ADR",6,https://www.tradingview.com/chart/?symbol=NYSE:HPQ&interval=D,False,False,False
BRKR,Bruker Corporation,NASDAQ,Medical Specialties,64.51,62.35,59.23,58.83,58.74,56.53,50.06,49.04,61.95,60.28,64.79,62.44,4.47,4.59,2.96,2521994.5,2169789.1,139973095.0,127650139.0,0.66,0.52,9828699154.56732,9.94,63,7.0,136,84.95,77,33.96,2.14,8.91,1.53,0.79,69.9,0.252,20.65,True,True,True,True,False,False,True,False,False,False,False,False,False,False,False,False,2026-10-29,False,False,4,"LoD>60% ATR, thin RVOL",EMA,6,https://www.tradingview.com/chart/?symbol=NASDAQ:BRKR&interval=D,False,False,False
HUT,Hut 8 Corp.,NASDAQ,Data Processing Services,92.86,97.6,93.93,90.21,93.39,102.05,88.3,79.56,96.23,94.49,96.75,92.08,7.31,8.09,7.52,4089200.50000001,4634740.133333331,430381969.0,418102225.0,0.59,1.77,11445874093.029665,8.99,69,-15.58,264,106.82,57,33.41,-0.07,-1.14,0.21,0.62,10.4,0.307,24.22,False,False,False,True,True,True,True,True,False,True,False,True,False,True,False,False,2026-11-18,False,False,6,,"near21, ADR",7,https://www.tradingview.com/chart/?symbol=NASDAQ:HUT&interval=D,False,False,False
QRVO,"Qorvo, Inc.",NASDAQ,Semiconductors,116.75,117.33,111.89,106.47,101.14,97.83,92.43,90.16,116.01,111.83,118.17,114.89,4.62,3.59,4.19,1425368.5,1255382.2333333334,146565876.0,133659919.0,0.48,0.55,10299876029.301376,21.2,27,25.7,81,52.04,132,32.98,4.31,4.34,1.23,0.78,44.4,0.263,23.27,False,False,True,True,False,True,True,True,False,True,False,True,False,True,False,False,2026-11-04,False,False,5,>4x 50-MA,"EMA, near21, ADR",7,https://www.tradingview.com/chart/?symbol=NASDAQ:QRVO&interval=D,False,False,False
SAIL,"SailPoint, Inc.",NASDAQ,Packaged Software,20.67,20.75,19.67,19.46,18.54,16.71,15.43,16.07,20.57,19.96,21.08,20.35,6.17,5.89,1.22,5296630.4,4520267.966666667,93433939.0,87985509.0,0.55,-0.88,11800743033.263979,2.28,121,37.8,56,56.83,118,32.3,1.96,5.1,0.61,0.6,26.3,0.276,25.71,False,False,True,True,False,True,True,True,False,True,False,True,False,True,False,False,2026-12-15,False,False,6,,"EMA, near21, ADR",7,https://www.tradingview.com/chart/?symbol=NASDAQ:SAIL&interval=D,False,False,False
SITM,SiTime Corporation,NASDAQ,Semiconductors,651.43,625.63,605.0,603.58,604.69,650.65,574.47,524.22,631.81,618.15,672.81,646.0,5.34,5.99,39.02,544739.5,420285.5,273786583.0,253677953.0,0.63,2.46,19589175309.451916,10.61,61,-10.46,228,96.51,65,32.22,1.29,7.68,0.9,0.69,13.9,0.239,19.41,True,True,True,True,False,True,True,False,False,True,False,True,False,True,False,False,2026-11-04,False,True,5,large gap,"EMA, near21",8,https://www.tradingview.com/chart/?symbol=NASDAQ:SITM&interval=D,False,False,False
HOOD,"Robinhood Markets, Inc.",NASDAQ,Investment Banks/Brokers,116.22,117.72,115.89,111.71,104.92,99.17,91.63,94.43,117.62,114.71,119.19,114.93,4.59,5.11,5.94,21521792.4,22616156.566666666,2628449716.0,2526556392.0,0.66,2.04,104491342692.57085,6.96,85,15.45,102,72.95,94,31.79,2.11,0.28,0.26,0.72,21.7,0.217,22.45,False,False,False,True,True,True,True,False,False,True,False,True,False,True,False,False,2026-11-04,False,True,5,large gap,near21,6,https://www.tradingview.com/chart/?symbol=NASDAQ:HOOD&interval=D,False,False,False
CVLT,"Commvault Systems, Inc.",NASDAQ,Packaged Software,146.35,147.01,140.72,139.03,137.74,131.96,116.9,115.1,145.68,142.74,149.49,143.96,4.0,4.01,5.87,596798.0,533257.2666666667,78042201.0,74139647.0,0.82,-0.47,6065411577.580698,4.54,104,0.94,168,88.47,73,31.32,1.56,4.0,0.63,0.94,40.7,0.203,21.8,False,False,True,True,False,True,True,False,False,True,False,True,False,False,False,False,2026-11-03,False,False,5,thin RVOL,"EMA, near21",6,https://www.tradingview.com/chart/?symbol=NASDAQ:CVLT&interval=D,False,False,False
SG,"Sweetgreen, Inc.",NYSE,Restaurants,8.74,7.7,7.27,7.09,6.67,7.46,6.95,6.87,7.88,7.44,8.94,8.35,5.07,5.42,0.47,5501166.2,5084113.733333333,44435154.0,36036198.0,1.36,1.82,1040421077.6140777,27.96,21,-2.46,188,66.48,102,30.66,5.73,20.26,3.22,1.26,82.4,0.356,11.8,True,True,True,True,False,False,False,False,False,False,True,False,False,False,True,False,2026-11-05,False,False,3,"LoD>60% ATR, >4x 50-MA, thin RVOL","EMA, RVOL",5,https://www.tradingview.com/chart/?symbol=NYSE:SG&interval=D,True,False,False
TENB,"Tenable Holdings, Inc.",NASDAQ,Packaged Software,34.99,35.5,34.81,35.0,34.92,32.41,28.08,26.74,35.09,35.13,35.06,33.9,6.56,6.15,2.15,3389166.5,4781921.533333333,167319434.0,167383193.0,0.55,-0.38,3853798180.769655,-6.67,211,-6.99,209,105.46,59,30.6,0.03,0.52,0.06,0.54,50.6,0.194,25.04,False,False,False,True,True,True,True,True,False,True,False,True,False,False,False,False,2026-11-04,False,False,5,thin RVOL,"near21, ADR",7,https://www.tradingview.com/chart/?symbol=NASDAQ:TENB&interval=D,False,False,False
AMRX,"Amneal Pharmaceuticals, Inc.",NASDAQ,Pharmaceuticals: Major,20.2,19.43,18.37,18.21,18.18,16.6,15.34,14.89,19.43,18.78,20.78,20.06,4.73,4.15,0.84,3695133.4,2281869.5,46093764.0,41549421.0,0.79,-0.34,6450949029.29756,11.97,55,16.63,100,63.03,107,30.55,2.67,9.95,1.82,0.86,16.7,0.269,22.5,True,True,True,True,False,False,True,False,False,False,False,True,False,False,False,False,2026-10-29,False,False,5,thin RVOL,EMA,7,https://www.tradingview.com/chart/?symbol=NASDAQ:AMRX&interval=D,False,False,False
BETA,"Beta Technologies, Inc.",NYSE,Aerospace & Defense,22.44,22.49,21.58,22.16,21.76,19.42,18.55,20.1,22.57,22.17,23.92,22.06,6.87,7.28,1.63,5449919.6,3364957.5,75509646.0,74579796.0,0.41,1.53,5249637175.73077,2.0,125,33.57,64,55.51,121,30.36,0.43,3.98,0.17,1.13,23.0,0.249,17.55,False,False,False,True,False,True,False,False,False,True,True,True,False,False,False,False,2026-12-03,False,False,5,thin RVOL,near21,4,https://www.tradingview.com/chart/?symbol=NYSE:BETA&interval=D,False,False,False
ZS,"Zscaler, Inc.",NASDAQ,Packaged Software,198.36,202.36,188.2,185.52,175.81,159.83,154.24,166.99,198.98,191.92,201.39,195.11,5.08,5.18,10.28,3391097.2,3359323.066666667,666338527.0,623225535.0,0.48,-0.69,32342715467.15893,6.55,92,37.51,57,45.44,145,29.83,2.48,5.4,0.65,0.61,31.6,0.363,24.26,False,False,False,True,False,True,True,True,False,True,False,True,False,True,False,False,2026-12-01,False,False,6,,"near21, ADR",6,https://www.tradingview.com/chart/?symbol=NASDAQ:ZS&interval=D,False,False,False
TVTX,"Travere Therapeutics, Inc.",NASDAQ,Pharmaceuticals: Major,59.99,61.56,63.73,64.45,62.19,56.43,48.67,44.66,61.52,62.62,61.87,59.33,4.26,4.14,2.48,1802211.3,1438154.9333333333,86274914.0,92686689.0,0.84,-0.86,5654722033.695631,-10.82,260,4.6,152,95.47,67,29.75,-0.86,-5.87,1.02,1.02,26.6,0.166,31.79,False,False,False,True,False,True,False,False,False,True,True,True,False,False,False,False,2026-10-22,False,False,5,thin RVOL,near21,4,https://www.tradingview.com/chart/?symbol=NASDAQ:TVTX&interval=D,False,False,False
MRX,Marex Group Limited,NASDAQ,Internet Software/Services,72.13,72.74,73.22,72.64,69.68,64.77,58.08,53.49,72.35,72.25,72.45,69.55,4.3,4.45,3.21,756325.3,736047.3666666667,53091097.0,53466971.0,1.33,-0.29,5188373723.621264,1.05,133,18.34,94,69.6,98,29.66,0.79,-1.49,0.04,0.9,80.3,0.124,27.35,False,False,False,True,True,True,True,False,False,True,False,False,False,False,True,False,2026-11-05,False,False,4,"LoD>60% ATR, thin RVOL","near21, RVOL",5,https://www.tradingview.com/chart/?symbol=NASDAQ:MRX&interval=D,False,False,False
NEOG,Neogen Corporation,NASDAQ,Medical Specialties,12.73,13.34,12.59,12.31,11.74,10.46,10.16,9.91,13.19,12.74,13.87,12.71,4.2,4.2,0.53,5800556.4,3243546.2333333334,41290344.0,39926432.0,3.19,0.15,2776489470.000729,8.43,77,40.2,50,39.28,161,29.3,2.0,1.08,0.02,2.17,3.7,0.263,26.95,False,False,False,True,True,True,False,False,False,True,True,True,True,True,True,False,2026-10-06,False,False,6,,"near21, RVOL",5,https://www.tradingview.com/chart/?symbol=NASDAQ:NEOG&interval=D,False,False,False
PRGO,Perrigo Company plc,NYSE,Pharmaceuticals: Major,15.0,14.31,14.23,14.21,13.12,11.9,11.61,12.27,14.54,14.2,15.2,14.84,4.29,4.3,0.64,3422127.2,2795604.1666666665,41934062.0,39737649.0,0.77,0.2,2081538900.9933772,6.46,94,42.86,44,38.12,167,29.15,3.34,5.43,1.31,0.56,25.6,0.165,18.0,True,True,True,True,False,True,True,True,False,True,False,True,False,False,False,False,2026-11-11,False,False,5,thin RVOL,"EMA, near21, ADR",9,https://www.tradingview.com/chart/?symbol=NYSE:PRGO&interval=D,False,False,False
APPN,Appian Corporation,NASDAQ,Packaged Software,35.33,37.06,37.2,37.92,34.61,28.83,27.17,28.02,36.61,36.8,35.72,34.49,5.27,5.78,2.04,747138.5,863284.1,30499827.0,32733719.0,0.68,-1.0,2530627720.9643054,-14.62,299,48.45,37,49.89,135,27.91,0.36,-5.02,0.69,0.6,41.1,0.213,28.37,False,False,False,True,False,True,True,True,False,True,False,True,False,False,False,False,2026-10-29,False,False,5,thin RVOL,"near21, ADR",6,https://www.tradingview.com/chart/?symbol=NASDAQ:APPN&interval=D,False,False,False
DK,"Delek US Holdings, Inc.",NYSE,Oil Refining/Marketing,68.73,72.98,73.67,72.23,69.16,58.9,53.45,47.86,71.13,71.82,68.98,65.81,5.9,6.0,4.12,3657557.3,2491095.7,171213007.0,179921048.0,0.46,-1.5,4208487389.5326815,-2.92,170,35.16,60,49.93,134,27.39,-0.1,-6.7,0.72,0.77,70.8,0.211,37.55,False,False,False,True,False,True,True,False,False,True,False,False,False,False,False,False,2026-11-11,False,False,4,"LoD>60% ATR, thin RVOL",near21,4,https://www.tradingview.com/chart/?symbol=NYSE:DK&interval=D,False,False,False
LQDA,Liquidia Corporation,NASDAQ,Pharmaceuticals: Major,70.69,69.0,68.32,69.12,75.38,71.44,59.93,54.26,69.52,69.71,73.14,68.74,4.67,5.14,3.64,1392454.7,1214980.4666666666,85886969.0,83978032.0,1.11,-1.6,6327383152.664178,1.0,134,-10.3,227,91.31,68,27.34,-1.21,3.48,0.27,1.21,53.6,0.111,29.87,False,False,False,True,False,True,False,False,False,True,True,True,False,False,False,False,2026-11-10,False,False,5,thin RVOL,near21,4,https://www.tradingview.com/chart/?symbol=NASDAQ:LQDA&interval=D,False,False,False
CBRL,"Cracker Barrel Old Country Store, Inc.",NASDAQ,Restaurants,52.48,47.98,49.8,52.13,53.77,47.66,41.55,38.67,50.11,50.53,55.62,51.96,5.17,5.17,2.71,1464471.4,1011489.8333333334,53082986.0,52727616.0,0.55,0.61,1173055534.3115578,-4.65,191,-1.02,178,87.43,74,27.25,-0.46,5.38,0.75,1.35,19.2,0.311,28.78,False,False,False,True,False,True,False,False,False,True,True,True,False,False,False,False,2026-11-27,False,False,5,thin RVOL,near21,4,https://www.tradingview.com/chart/?symbol=NASDAQ:CBRL&interval=D,False,False,False
INOD,Innodata Inc.,NASDAQ,Data Processing Services,66.94,64.73,59.68,59.58,60.62,74.01,63.62,61.12,65.24,62.46,68.8,65.69,6.31,6.21,4.16,2082966.0,1324178.9,88640536.0,78897007.0,0.46,1.17,2301574774.9121127,15.39,44,-11.46,235,77.51,88,27.15,1.68,12.16,1.15,0.75,30.1,0.449,21.41,False,True,True,True,False,True,True,True,False,True,False,True,False,False,False,False,2026-11-05,False,False,5,thin RVOL,"EMA, near21, ADR",8,https://www.tradingview.com/chart/?symbol=NASDAQ:INOD&interval=D,False,False,False
GEO,Geo Group Inc (The) REIT,NYSE,Miscellaneous Commercial Services,30.96,31.03,31.13,31.42,31.23,28.95,24.97,22.78,30.98,31.13,31.12,30.15,4.33,4.35,1.35,2725880.4,2376902.966666667,73588916.0,74673576.0,1.14,-0.13,4074942201.3077435,-5.32,197,4.0,154,81.26,81,26.65,-0.2,-0.56,0.13,0.72,60.2,0.084,27.31,False,False,False,True,True,True,True,True,True,True,False,False,False,False,False,False,2026-11-05,False,False,4,"LoD>60% ATR, thin RVOL","near21, ADR, BB",7,https://www.tradingview.com/chart/?symbol=NYSE:GEO&interval=D,False,False,False
SANM,Sanmina Corporation,NASDAQ,Electronic Production Equipment,222.73,212.79,205.78,201.91,201.77,220.25,198.24,187.62,215.3,209.19,224.65,218.49,4.42,4.64,10.34,660592.0,607768.0333333333,135368174.0,122713431.0,0.87,1.65,11937738721.965736,9.89,66,-9.39,221,77.91,87,26.14,2.24,8.24,1.39,0.6,41.0,0.236,14.65,True,True,True,True,False,True,True,True,False,True,False,True,False,True,False,False,2026-11-09,False,False,6,,"EMA, near21, ADR",9,https://www.tradingview.com/chart/?symbol=NASDAQ:SANM&interval=D,False,False,False
SMCIP,"Super Micro Computer, Inc. - Depositary Shares Each Representing a 1/20th Interest in a Share of 7% Series A Mandatory Convertible Preferred Stock",NASDAQ,Computer Processing Hardware,68.74,68.35,66.27,65.12,60.94,,,,68.44,66.43,71.24,68.54,4.07,4.76,3.27,732555.8,597989.1333333333,41105773.0,38939458.0,0.98,1.4,27448013320.0,7.22,84,34.26,63,35.45,175,25.64,2.69,3.72,0.73,0.83,6.1,0.193,10.78,False,True,True,False,False,True,True,False,False,True,False,True,False,True,False,False,2026-11-03,False,False,5,below 200-MA,"EMA, near21",6,https://www.tradingview.com/chart/?symbol=NASDAQ:SMCIP&interval=D,False,False,False
MMED,"MiniMed Group, Inc.",NASDAQ,Medical Specialties,20.04,21.0,21.92,21.23,20.14,16.93,,,20.83,21.04,20.36,19.73,4.77,4.78,0.96,3070563.6,2451057.566666667,49119194.0,52024922.0,1.13,-0.88,5638252836.1347,1.37,131,34.77,61,40.43,156,25.52,-0.11,-8.56,0.99,0.66,32.3,0.213,24.86,False,False,False,False,False,True,True,True,False,True,False,True,False,False,False,False,2026-12-30,False,False,4,"thin RVOL, below 200-MA","near21, ADR",5,https://www.tradingview.com/chart/?symbol=NASDAQ:MMED&interval=D,False,False,False
CXW,"CoreCivic, Inc.",NYSE,Miscellaneous Commercial Services,32.67,33.27,33.74,33.62,32.83,29.43,26.12,24.34,33.02,33.31,32.79,31.49,5.42,5.35,1.75,2432470.9,1951362.4666666666,63751012.0,65597001.0,1.05,-0.38,3230850492.423162,-3.49,178,6.52,141,73.04,93,25.36,-0.09,-3.17,0.36,0.74,67.5,0.156,28.77,False,False,False,True,False,True,True,True,False,True,False,False,False,False,False,False,2026-11-09,False,False,4,"LoD>60% ATR, thin RVOL","near21, ADR",5,https://www.tradingview.com/chart/?symbol=NYSE:CXW&interval=D,False,False,False
FROG,JFrog Ltd.,NASDAQ,Packaged Software,90.37,91.62,90.78,91.85,88.89,84.96,71.55,67.97,91.0,91.14,90.55,87.09,5.3,5.67,5.12,1609665.7,1823708.4333333333,164808531.0,167511875.0,0.84,-0.08,11142739557.584393,-12.82,280,-2.42,187,89.97,71,24.91,0.29,-0.45,0.15,0.68,64.0,0.108,26.17,False,False,False,True,True,True,True,True,False,True,False,False,False,True,False,False,2026-11-04,False,False,5,LoD>60% ATR,"near21, ADR",6,https://www.tradingview.com/chart/?symbol=NASDAQ:FROG&interval=D,False,False,False
ERO,Ero Copper Corp.,NYSE,Other Metals/Minerals,37.14,35.77,35.52,36.23,33.77,30.7,29.78,29.89,36.41,35.82,38.35,36.81,4.07,5.17,1.92,1233196.2,1525472.6666666667,56656055.0,55263298.0,1.15,1.84,3873799904.7385893,-7.43,218,40.9,48,40.63,155,24.7,1.93,4.57,0.72,0.8,17.3,0.201,16.13,True,True,True,True,False,True,True,False,False,True,False,True,False,False,False,False,2026-11-10,False,False,5,thin RVOL,"EMA, near21",8,https://www.tradingview.com/chart/?symbol=NYSE:ERO&interval=D,False,False,False
TGTX,"TG Therapeutics, Inc.",NASDAQ,Pharmaceuticals: Major,56.19,56.78,56.01,55.25,53.68,50.66,44.63,40.97,56.44,55.75,56.68,54.79,4.02,4.16,2.34,2083281.5,1915547.0333333334,107634588.0,105825992.0,0.77,-0.27,8600949485.999998,1.19,132,1.98,163,69.66,97,24.27,1.13,0.32,0.19,0.81,59.9,0.09,28.13,False,False,False,True,True,True,True,False,True,True,False,True,False,False,False,False,2026-11-09,False,False,5,thin RVOL,"near21, BB",7,https://www.tradingview.com/chart/?symbol=NASDAQ:TGTX&interval=D,False,False,False
SHAZ,"SharonAI Holdings, Inc.",NASDAQ,Data Processing Services,54.17,56.55,55.78,57.17,58.05,63.98,52.66,,55.79,56.58,55.58,52.54,7.61,9.16,4.96,1337623.6,1550805.4,84007129.0,88662388.0,0.75,3.03,1939475851.9773202,-3.68,180,-33.87,389,109.39,53,23.95,-0.73,-2.89,0.47,0.61,32.8,0.218,20.9,False,False,False,False,True,True,True,True,False,True,False,True,False,False,False,False,2026-11-04,False,True,3,"thin RVOL, below 200-MA, large gap","near21, ADR",6,https://www.tradingview.com/chart/?symbol=NASDAQ:SHAZ&interval=D,False,False,False
GCT,GigaCloud Technology Inc,NASDAQ,Wholesale Distributors,50.41,52.72,52.05,51.65,49.15,42.21,42.87,41.99,52.45,51.91,53.11,49.43,5.13,5.2,2.62,780828.6,601697.4333333333,30331568.0,31076369.0,0.82,0.1,1800153029.0254655,-2.74,168,59.53,26,13.59,230,23.46,0.49,-3.14,0.55,1.4,37.4,0.111,21.29,False,False,False,True,False,True,False,False,False,True,True,True,False,False,False,False,2026-11-26,False,False,5,thin RVOL,near21,4,https://www.tradingview.com/chart/?symbol=NASDAQ:GCT&interval=D,False,False,False
DUOL,"Duolingo, Inc.",NASDAQ,Packaged Software,142.62,144.85,147.89,146.96,141.09,130.0,120.19,128.13,144.13,145.02,142.71,134.31,4.86,5.42,7.73,1095917.5,1159281.7333333334,165336761.0,170363406.0,0.95,0.1,6672621251.688606,-0.41,147,21.49,87,49.25,137,23.45,0.2,-3.57,0.31,1.09,107.5,0.171,19.43,False,False,False,True,False,True,False,False,False,True,True,False,False,False,False,False,2026-11-11,False,False,4,"LoD>60% ATR, thin RVOL",near21,3,https://www.tradingview.com/chart/?symbol=NASDAQ:DUOL&interval=D,False,False,False
BLLN,"BillionToOne, Inc.",NASDAQ,Medical/Nursing Services,118.18,114.24,106.52,102.41,109.03,106.91,97.11,95.08,114.97,109.78,124.6,118.0,5.63,5.68,6.71,713013.0,616610.4666666667,72871025.0,63149853.0,0.62,0.0,5576564004.8529415,24.53,24,-2.54,190,47.84,139,23.28,1.48,10.95,1.35,0.98,2.7,0.361,16.21,True,True,True,True,False,True,True,False,False,True,False,True,False,False,False,False,2026-12-15,False,False,5,thin RVOL,"EMA, near21",8,https://www.tradingview.com/chart/?symbol=NASDAQ:BLLN&interval=D,False,False,False
SYRE,"Spyre Therapeutics, Inc.",NASDAQ,Pharmaceuticals: Major,84.72,88.96,89.01,93.07,96.57,89.73,77.76,66.77,87.94,90.25,86.64,83.26,4.09,5.01,4.25,1403304.1999999997,1251380.133333333,106016925.0,116464281.0,0.76,-0.82,7470081627.211561,-7.66,222,-3.96,195,79.61,83,22.66,-2.45,-4.82,1.22,0.8,34.5,0.103,35.17,False,False,False,True,False,True,True,False,False,True,False,True,False,False,False,False,2026-11-05,False,False,5,thin RVOL,near21,5,https://www.tradingview.com/chart/?symbol=NASDAQ:SYRE&interval=D,False,False,False
RUM,RUM Group Inc.,NASDAQ,Internet Software/Services,7.72,8.53,8.35,8.57,7.72,7.51,6.92,6.75,8.3,8.31,8.1,7.7,6.93,7.72,0.6,5615915.2,5424146.5,41874411.0,46492168.0,0.54,1.77,3827654504.5145016,-16.99,334,22.93,86,60.17,111,22.04,0.0,-7.49,0.92,0.67,3.4,0.273,23.01,False,False,False,True,False,True,True,True,False,True,False,True,False,False,False,False,2026-11-16,False,False,5,thin RVOL,"near21, ADR",6,https://www.tradingview.com/chart/?symbol=NASDAQ:RUM&interval=D,False,False,False
CRDO,Credo Technology Group Holding Ltd,NASDAQ,Information Technology Services,192.35,187.13,176.86,195.16,209.36,219.3,190.1,176.45,189.42,190.44,199.38,189.01,4.83,7.21,13.88,9170177.3,8101843.266666667,1558389552.0,1581153031.0,0.73,0.93,36152551383.31318,-19.37,357,-26.46,343,111.16,52,21.78,-1.13,8.76,0.14,0.75,24.1,0.4,22.27,False,False,False,True,False,True,True,False,False,True,False,True,False,True,False,False,2026-12-02,False,False,6,,near21,5,https://www.tradingview.com/chart/?symbol=NASDAQ:CRDO&interval=D,False,False,False
RIOT,"Riot Platforms, Inc.",NASDAQ,Information Technology Services,21.39,22.93,21.8,21.2,21.11,22.94,20.61,19.26,22.49,22.0,22.36,21.34,5.94,6.96,1.49,17924908.3,16563591.866666667,354295230.0,351098457.0,0.66,2.31,8026789073.074469,4.24,107,-20.38,294,79.54,84,21.13,0.19,-1.89,0.4,0.68,3.0,0.336,17.16,False,False,False,True,True,True,True,False,False,True,False,True,False,False,False,False,2026-11-10,False,True,4,"thin RVOL, large gap",near21,6,https://www.tradingview.com/chart/?symbol=NASDAQ:RIOT&interval=D,False,False,False
TGB,Trekor Metals Limited,AMEX,Other Metals/Minerals,8.88,8.73,8.54,8.71,8.34,7.71,7.5,7.36,8.75,8.65,9.0,8.57,4.36,5.37,0.48,5713684.4,5372830.966666667,47710739.0,46820640.0,0.78,1.25,3250287050.812199,-8.92,237,32.14,66,39.18,163,20.8,1.21,4.02,0.5,0.89,64.0,0.191,15.49,True,True,True,True,False,True,True,False,False,True,False,False,False,False,False,False,2026-11-04,False,False,4,"LoD>60% ATR, thin RVOL","EMA, near21",7,https://www.tradingview.com/chart/?symbol=AMEX:TGB&interval=D,False,False,False
BLSH,Bullish,NYSE,Packaged Software,35.68,37.52,36.25,34.39,30.16,29.86,32.57,33.58,37.16,35.7,36.83,35.37,6.78,6.57,2.34,1615406.0,1590859.9,56761881.0,54709672.0,0.48,2.03,5362782757.726035,7.47,83,49.48,36,4.91,258,20.62,2.79,-1.58,0.01,0.62,13.2,0.275,21.49,False,False,False,True,True,True,True,True,False,True,False,True,False,False,False,False,2026-11-25,False,True,4,"thin RVOL, large gap","near21, ADR",7,https://www.tradingview.com/chart/?symbol=NYSE:BLSH&interval=D,False,False,False
PARR,"Par Pacific Holdings, Inc. Common Stock",NYSE,Oil Refining/Marketing,78.31,80.43,81.33,79.85,79.27,69.5,65.81,58.97,79.42,79.91,79.08,75.83,5.41,5.4,4.23,1105638.5000000014,924026.7666666672,72360536.0,73781689.0,0.66,-2.05,3923301964.937925,1.46,129,38.97,53,20.92,210,20.45,-0.22,-3.71,0.37,0.77,58.7,0.138,28.56,False,False,False,True,False,True,True,False,False,True,False,True,False,False,False,False,2026-11-09,False,True,4,"thin RVOL, large gap",near21,5,https://www.tradingview.com/chart/?symbol=NYSE:PARR&interval=D,False,False,False
CLSK,"CleanSpark, Inc.",NASDAQ,Data Processing Services,13.31,13.98,13.33,12.92,13.1,14.17,12.96,12.59,13.75,13.47,13.74,13.22,6.37,6.71,0.89,17799778.5,18054404.1,240304119.0,233311046.0,0.68,2.1,3418235342.582459,5.8,99,-6.83,206,61.92,109,20.3,0.24,-0.15,0.17,0.58,10.1,0.304,11.86,False,False,False,True,True,True,True,True,False,True,False,True,False,False,False,False,2026-12-16,False,True,4,"thin RVOL, large gap","near21, ADR",7,https://www.tradingview.com/chart/?symbol=NASDAQ:CLSK&interval=D,False,False,False
KEEL,Keel Infrastructure Corp.,NASDAQ,Data Processing Services,3.58,3.81,3.62,3.51,3.67,4.39,3.75,3.44,3.74,3.68,3.7,3.55,6.63,7.88,0.28,32401720.8,35523546.2,127174295.0,124817900.0,0.53,1.94,2210911929.7055554,4.99,102,-34.55,392,90.43,69,20.29,-0.32,-0.98,0.34,0.53,10.6,0.332,26.73,False,False,False,True,True,True,True,True,False,True,False,True,False,False,False,False,2026-11-16,False,False,5,thin RVOL,"near21, ADR",7,https://www.tradingview.com/chart/?symbol=NASDAQ:KEEL&interval=D,False,False,False
LITE,Lumentum Holdings Inc.,NASDAQ,Electrical Products,973.49,934.66,915.95,906.22,866.99,866.4,837.69,735.07,934.29,917.91,998.88,934.5,5.52,6.5,63.27,5102314.9,4415001.366666666,4297959680.0,4000952973.0,1.26,2.57,87322050722.97252,3.37,114,18.95,93,37.39,170,19.9,1.89,6.28,0.93,1.02,61.6,0.196,20.5,True,True,True,True,False,True,False,False,False,True,True,False,False,True,True,False,2026-11-10,False,True,4,"LoD>60% ATR, large gap","EMA, near21, RVOL",6,https://www.tradingview.com/chart/?symbol=NASDAQ:LITE&interval=D,False,False,False
DFTX,"Definium Therapeutics, Inc.",NASDAQ,Pharmaceuticals: Major,38.21,38.21,38.28,40.14,41.5,36.44,30.95,27.03,38.13,38.94,38.7,37.44,5.44,5.62,2.15,2347300.9999999986,2139053.666666664,81733241.0,85860901.0,0.76,-0.22,5134161468.383234,-11.51,268,-18.62,287,89.63,72,19.83,-1.41,-0.17,0.33,0.59,36.1,0.105,37.87,False,False,False,True,True,True,True,True,False,True,False,True,False,False,False,False,2026-11-05,False,False,5,thin RVOL,"near21, ADR",7,https://www.tradingview.com/chart/?symbol=NASDAQ:DFTX&interval=D,False,False,False
QCOM,QUALCOMM Incorporated,NASDAQ,Semiconductors,184.1,190.88,183.0,176.19,170.83,188.75,172.2,169.2,189.26,183.82,190.03,182.23,5.3,4.91,9.03,16984741.7,13391474.733333332,2465370498.0,2359506427.0,0.58,1.07,193348054138.7855,11.85,56,0.28,172,47.01,142,19.71,1.58,0.6,0.03,0.86,20.7,0.228,11.78,False,False,False,True,True,True,True,False,False,True,False,True,False,True,False,False,2026-11-11,False,False,6,,near21,6,https://www.tradingview.com/chart/?symbol=NASDAQ:QCOM&interval=D,False,False,False
DOCN,"DigitalOcean Holdings, Inc.",NYSE,Packaged Software,135.01,137.29,128.0,123.82,124.68,139.07,120.36,104.06,135.67,130.98,143.06,134.82,6.75,6.88,9.28,3166264.1,2622071.466666667,354005869.0,324658771.0,0.6,1.52,15874413463.003302,11.57,58,-10.29,226,57.46,116,19.58,1.21,5.48,0.45,0.89,2.0,0.384,25.93,False,False,False,True,False,True,True,False,False,True,False,True,False,True,False,False,2026-11-09,False,False,6,,near21,5,https://www.tradingview.com/chart/?symbol=NYSE:DOCN&interval=D,False,False,False
ACMR,"ACM Research, Inc.",NASDAQ,Industrial Machinery,75.61,73.54,72.26,74.3,77.05,82.53,71.22,66.38,74.64,74.33,78.75,74.82,5.45,6.5,4.91,1250859.8,1022510.2000000017,77311996.0,75970974.0,0.53,3.63,5266175405.726267,-4.62,190,-35.66,396,98.82,63,19.51,-0.29,4.64,0.27,0.8,16.0,0.243,21.36,False,False,True,True,False,True,True,False,False,True,False,True,False,False,False,False,2026-11-11,False,True,4,"thin RVOL, large gap","EMA, near21",6,https://www.tradingview.com/chart/?symbol=NASDAQ:ACMR&interval=D,False,False,False
INFQ,"Infleqtion, Inc.",NYSE,Computer Processing Hardware,13.84,13.86,13.38,13.35,12.35,12.88,12.55,13.24,13.85,13.5,14.47,13.82,6.06,6.5,0.9,8975757.2,8470573.333333334,117232735.0,113042625.0,0.47,1.77,3118941464.747346,-0.65,148,5.13,151,53.27,129,19.25,1.85,3.41,0.39,0.72,2.2,0.185,10.85,False,False,False,True,False,True,True,False,False,True,False,True,False,False,False,False,2026-12-02,False,False,5,thin RVOL,near21,5,https://www.tradingview.com/chart/?symbol=NYSE:INFQ&interval=D,False,False,False
FORM,"FormFactor, Inc.",NASDAQ,Semiconductors,136.25,123.73,114.28,113.04,113.14,121.09,118.42,107.15,125.32,119.27,136.69,132.51,4.05,5.23,7.13,1226967.0,1137811.3,155026790.0,128613069.0,1.06,1.18,10643949226.24456,24.47,25,-11.17,234,42.13,151,18.48,3.9,19.22,2.72,0.59,52.5,0.441,12.16,True,True,True,True,False,False,True,False,False,False,False,True,False,True,False,False,2026-11-04,False,False,6,,EMA,7,https://www.tradingview.com/chart/?symbol=NASDAQ:FORM&interval=D,False,False,False
KMX,CarMax Inc,NYSE,Specialty Stores,59.23,57.59,59.43,60.17,59.44,53.51,49.47,47.98,58.04,58.82,63.67,58.03,4.18,4.33,2.57,4324691.7,2513825.5,148893884.0,151246825.0,3.69,6.82,8405393572.143589,-6.77,212,12.54,112,49.44,136,18.4,-0.08,-0.33,0.16,2.2,46.8,0.14,19.35,False,False,False,True,True,True,False,False,False,True,True,True,True,True,True,False,2026-12-17,False,True,5,large gap,"near21, RVOL",5,https://www.tradingview.com/chart/?symbol=NYSE:KMX&interval=D,False,False,False
CLS,"Celestica, Inc.",NYSE,Electronic Components,366.47,351.07,333.58,323.54,327.96,347.38,339.5,329.89,352.86,340.56,375.28,361.7,4.66,5.32,19.49,2285071.4,2216693.7,812351740.0,717192035.0,1.1,1.63,46215938904.58623,16.34,39,5.3,150,33.26,181,18.3,2.21,9.86,1.43,0.7,24.5,0.299,6.31,True,True,True,True,False,True,True,False,False,True,False,True,False,True,False,False,2026-10-26,False,False,6,,"EMA, near21",8,https://www.tradingview.com/chart/?symbol=NYSE:CLS&interval=D,False,False,False
IT,"Gartner, Inc.",NYSE,Internet Software/Services,185.85,184.45,184.41,187.91,178.98,162.78,160.44,173.83,184.55,184.49,186.94,180.68,4.03,4.35,8.09,1047620.1,1105960.9,205542833.0,207824062.0,0.72,-0.88,11736236802.870296,-5.81,202,40.99,47,19.35,218,18.18,0.88,0.78,0.17,0.77,63.9,0.167,12.92,True,True,True,True,True,True,True,False,False,True,False,False,False,True,False,False,2026-11-03,False,False,5,LoD>60% ATR,"EMA, near21",8,https://www.tradingview.com/chart/?symbol=NYSE:IT&interval=D,False,False,False
ICLR,ICON plc,NASDAQ,Miscellaneous Commercial Services,170.35,170.04,167.22,168.21,167.52,156.66,140.43,146.77,170.26,168.87,176.7,169.73,4.02,3.91,6.65,1163584.5,871500.6666666666,148460139.0,146598758.0,1.3,-0.61,13143220724.591616,0.55,142,-2.1,184,54.78,123,17.75,0.43,1.87,0.23,1.05,9.3,0.121,17.39,True,True,True,True,True,True,False,False,False,True,True,True,False,True,True,False,2026-10-28,False,False,6,,"EMA, near21, RVOL",8,https://www.tradingview.com/chart/?symbol=NASDAQ:ICLR&interval=D,False,False,False
IONQ,"IonQ, Inc.",NYSE,Computer Processing Hardware,43.91,41.9,39.99,40.59,40.05,46.97,43.55,43.55,42.48,41.32,45.9,43.72,5.68,6.32,2.77,29075264.5,22014350.966666665,966650151.0,893591858.0,0.66,2.74,17789614352.183716,5.22,101,-15.84,266,63.84,106,17.74,1.52,9.81,0.99,0.79,6.7,0.283,15.9,False,True,True,True,False,True,True,False,False,True,False,True,False,True,False,False,2026-11-11,False,True,5,large gap,"EMA, near21",7,https://www.tradingview.com/chart/?symbol=NYSE:IONQ&interval=D,False,False,False
CHYM,"Chime Financial, Inc.",NASDAQ,Packaged Software,26.52,28.44,30.85,31.51,29.37,24.09,23.1,23.49,28.33,29.66,26.77,26.24,4.86,5.17,1.37,7751910.2,7709636.366666666,204459556.0,242925502.0,0.55,0.22,10040076931.490446,-20.72,371,26.35,78,47.25,140,17.63,-1.88,-14.03,2.04,0.39,20.8,0.363,29.22,False,False,False,True,False,False,True,True,False,True,False,True,False,True,False,False,2026-11-11,False,False,6,,ADR,5,https://www.tradingview.com/chart/?symbol=NASDAQ:CHYM&interval=D,False,False,False
SHOP,Shopify Inc.,NASDAQ,Miscellaneous Commercial Services,148.26,139.47,137.37,141.52,138.84,125.73,124.58,129.75,141.58,140.09,149.34,142.43,4.14,4.69,6.95,11984630.6,9109381.266666668,1350556867.0,1289156600.0,0.74,-0.07,190757840973.4237,-4.24,186,26.37,77,29.67,186,17.26,1.45,7.93,1.24,0.99,83.9,0.219,10.04,True,True,True,True,False,True,True,False,False,True,False,False,False,True,False,False,2026-10-22,False,False,5,LoD>60% ATR,"EMA, near21",7,https://www.tradingview.com/chart/?symbol=NASDAQ:SHOP&interval=D,False,False,False
HIVE,HIVE Digital Technologies Ltd,NASDAQ,Information Technology Services,3.01,3.23,3.1,3.04,2.97,3.32,2.95,2.9,3.16,3.12,3.11,3.0,5.5,6.55,0.2,13112262.999999994,17308154.53333333,52097545.0,52567750.0,0.7,1.32,825574793.8190256,0.67,139,-16.04,268,66.3,103,16.98,0.22,-2.89,0.52,0.56,5.1,0.294,13.87,False,False,False,True,True,True,True,True,False,True,False,True,False,False,False,False,2026-11-16,False,False,5,thin RVOL,"near21, ADR",7,https://www.tradingview.com/chart/?symbol=NASDAQ:HIVE&interval=D,False,False,False
KSS,Kohl's Corporation,NYSE,Department Stores,18.32,17.41,17.68,17.78,18.29,17.02,16.04,16.97,17.69,17.7,18.49,17.91,4.5,5.04,0.92,3858072.8,4514615.8,82707761.0,80275888.0,0.79,-0.06,2077056451.1375136,0.38,143,3.39,156,45.63,144,16.47,0.03,3.63,0.69,0.63,44.4,0.212,12.31,True,True,False,True,False,True,True,True,False,True,False,True,False,False,False,False,2026-11-12,False,False,5,thin RVOL,"near21, ADR",8,https://www.tradingview.com/chart/?symbol=NYSE:KSS&interval=D,False,False,False
TH,Target Hospitality Corp.,NASDAQ,Hotels/Resorts/Cruise lines,19.28,20.5,19.73,19.09,17.89,17.96,15.85,13.81,20.11,19.64,19.75,19.21,4.43,5.1,0.98,2233524.9,2025072.3,39043394.0,38655255.0,0.62,0.16,1920739475.664249,1.47,128,-4.32,197,51.57,133,16.24,1.53,-2.29,0.36,0.55,7.1,0.224,34.71,False,False,False,True,True,True,True,True,False,True,False,True,False,False,False,False,2026-11-11,False,False,5,thin RVOL,"near21, ADR",7,https://www.tradingview.com/chart/?symbol=NASDAQ:TH&interval=D,False,False,False
W,Wayfair Inc.,NYSE,Specialty Stores,101.95,101.64,100.29,101.33,99.35,88.77,84.05,88.2,100.82,100.86,102.88,98.0,4.48,4.82,4.91,2451867.8,2307546.4,235254355.0,233823677.0,1.0,1.6,13963903493.573965,-3.33,173,11.55,118,40.28,157,16.17,0.54,1.65,0.22,0.99,80.4,0.137,17.26,True,True,False,True,True,True,True,False,False,True,False,False,False,True,False,False,2026-10-29,False,False,5,LoD>60% ATR,near21,7,https://www.tradingview.com/chart/?symbol=NYSE:W&interval=D,False,False,False
CLF,Cleveland-Cliffs Inc.,NYSE,Steel,11.01,12.18,12.11,11.89,11.82,11.57,10.86,11.41,11.93,11.98,11.27,10.99,4.76,5.43,0.6,16868025.2,14940530.866666667,164495245.0,177622991.0,1.05,-1.16,6281645979.938502,-7.48,219,19.28,92,36.09,174,15.97,-1.27,-9.1,1.49,0.47,3.3,0.157,12.02,False,False,False,False,False,True,True,True,False,True,False,True,False,False,False,False,2026-10-26,False,False,4,"thin RVOL, below 200-MA","near21, ADR",5,https://www.tradingview.com/chart/?symbol=NYSE:CLF&interval=D,False,False,False
WOLF,"Wolfspeed, Inc.",NYSE,Semiconductors,28.13,26.54,26.44,26.62,26.97,38.46,33.04,29.31,26.98,26.87,29.6,27.38,5.68,7.59,2.14,2171393.6000001146,2956755.4666666887,83173531.0,78712773.0,0.94,3.26,1488936893.7102973,5.51,100,-38.85,414,80.55,82,15.74,0.57,6.39,0.62,1.04,35.1,0.239,42.74,False,True,True,False,False,True,False,False,False,True,True,True,False,False,False,False,2026-10-28,False,True,3,"thin RVOL, below 200-MA, large gap","EMA, near21",5,https://www.tradingview.com/chart/?symbol=NYSE:WOLF&interval=D,False,False,False
VSH,"Vishay Intertechnology, Inc.",NYSE,Electronic Production Equipment,32.46,32.31,31.77,31.65,33.11,41.1,34.58,30.31,32.25,32.24,33.13,32.22,4.32,5.11,1.66,2797594.1,3432806.533333333,111428900.0,108651760.0,0.81,2.26,4978695965.545766,3.08,116,-38.55,412,81.95,80,15.5,-0.39,2.16,0.13,0.55,14.2,0.114,33.24,False,False,True,True,True,True,True,True,False,True,False,True,False,False,False,False,2026-11-11,False,True,4,"thin RVOL, large gap","EMA, near21, ADR",8,https://www.tradingview.com/chart/?symbol=NYSE:VSH&interval=D,False,False,False
GKOS,Glaukos Corporation,NYSE,Medical Specialties,158.55,159.0,167.46,172.72,171.33,153.09,140.55,134.23,160.21,165.28,159.06,152.39,4.42,4.23,6.7,944125.7,743961.5,117955096.0,128499758.0,0.68,-3.15,9351902957.646002,-12.45,277,14.02,105,44.41,149,15.33,-1.76,-5.32,0.96,1.0,91.9,0.229,23.4,False,False,False,True,False,True,True,False,False,True,False,False,False,False,False,False,2026-11-04,False,True,3,"LoD>60% ATR, thin RVOL, large gap",near21,4,https://www.tradingview.com/chart/?symbol=NYSE:GKOS&interval=D,False,False,False
DIOD,Diodes Incorporated,NASDAQ,Semiconductors,97.18,93.89,92.3,92.24,92.43,98.05,92.05,83.45,94.61,93.52,98.74,95.96,4.1,4.57,4.44,534757.9,551161.3666666667,53561862.0,50837930.0,0.83,1.66,4475304761.631213,6.94,87,-8.17,216,47.15,141,15.31,1.12,5.29,0.86,0.63,27.5,0.121,15.03,False,True,True,True,False,True,True,True,False,True,False,True,False,False,False,False,2026-11-05,False,False,5,thin RVOL,"EMA, near21, ADR",8,https://www.tradingview.com/chart/?symbol=NASDAQ:DIOD&interval=D,False,False,False
SEI,"Solaris Energy Infrastructure, Inc.",NYSE,Oilfield Services/Equipment,68.34,68.42,64.04,60.69,59.23,65.97,64.34,60.95,67.69,64.87,71.47,67.71,5.32,6.15,4.2,2661291.9,2749438.933333333,187896657.0,166867115.0,0.84,2.68,5478526816.878091,31.07,16,-13.29,243,28.0,193,15.26,2.5,6.72,0.87,0.89,15.0,0.395,13.45,False,False,True,True,False,True,True,False,False,True,False,True,False,False,False,False,2026-11-02,False,True,4,"thin RVOL, large gap","EMA, near21",6,https://www.tradingview.com/chart/?symbol=NYSE:SEI&interval=D,True,False,False
MARA,"MARA Holdings, Inc.",NASDAQ,Data Processing Services,11.99,12.57,11.96,11.59,11.32,12.31,11.45,10.97,12.39,12.06,12.41,11.94,6.53,7.02,0.84,46580541.4,49511274.96666667,593640187.0,574033722.0,0.53,2.48,4631728672.345995,3.99,110,-12.74,241,54.07,125,15.11,0.84,0.23,0.08,0.56,6.5,0.31,13.36,False,False,False,True,True,True,True,True,False,True,False,True,False,False,False,False,2026-11-11,False,True,4,"thin RVOL, large gap","near21, ADR",7,https://www.tradingview.com/chart/?symbol=NASDAQ:MARA&interval=D,False,False,False
FLEX,Flex Ltd.,NASDAQ,Electronic Production Equipment,113.83,111.77,110.75,111.06,114.96,128.84,110.59,98.95,112.42,112.32,115.71,111.53,4.21,4.76,5.41,3595545.0000000014,3132601.8333333256,356584067.0,347913025.0,0.6,2.13,42049138606.10492,-0.69,149,-27.41,349,72.84,95,14.91,-0.21,2.78,0.28,0.77,42.5,0.107,26.26,False,False,True,True,True,True,True,False,False,True,False,True,False,True,False,False,2026-11-04,False,True,5,large gap,"EMA, near21",7,https://www.tradingview.com/chart/?symbol=NASDAQ:FLEX&interval=D,False,False,False
COIN,"Coinbase Global, Inc.",NASDAQ,Investment Banks/Brokers,190.02,190.91,185.15,182.47,171.73,171.47,177.53,186.55,191.13,185.8,197.63,188.14,5.19,5.81,11.04,10093433.2,10576227.266666668,2009694705.0,1929865342.0,0.51,2.99,50134306740.0,2.15,122,29.15,71,13.36,232,14.89,1.83,2.63,0.39,0.86,17.0,0.243,10.23,False,False,False,True,True,True,True,False,False,True,False,True,False,True,False,False,2026-10-29,False,True,5,large gap,near21,6,https://www.tradingview.com/chart/?symbol=NASDAQ:COIN&interval=D,False,False,False
EAT,"Brinker International, Inc.",NYSE,Restaurants,199.11,204.03,212.35,221.02,218.8,187.65,173.54,169.1,205.72,211.18,204.38,197.78,4.45,4.65,9.26,1933775.0,1261580.8,251193353.0,278838794.0,0.69,0.26,8315831181.9153385,-15.06,305,19.79,90,39.71,158,14.82,-1.94,-6.23,1.23,0.71,14.4,0.212,24.96,False,False,False,True,False,True,True,True,False,True,False,True,False,False,False,False,2026-11-04,False,False,5,thin RVOL,"near21, ADR",6,https://www.tradingview.com/chart/?symbol=NYSE:EAT&interval=D,False,False,False
BULL,Webull Corporation,NASDAQ,Packaged Software,7.17,7.63,8.47,8.61,8.19,7.49,6.95,7.1,7.67,8.08,7.19,7.02,5.57,6.2,0.44,14342583.0,17598517.866666667,126181373.0,151499774.0,0.83,0.92,3798410854.7872343,-24.37,410,8.64,128,57.24,117,13.84,-2.0,-15.34,1.82,0.39,34.8,0.439,21.26,False,False,False,True,False,False,True,True,False,True,False,True,False,False,False,False,2026-11-19,False,False,5,thin RVOL,ADR,5,https://www.tradingview.com/chart/?symbol=NASDAQ:BULL&interval=D,False,False,False
ORKA,"Oruka Therapeutics, Inc.",NASDAQ,Pharmaceuticals: Major,82.15,90.04,91.28,94.84,96.31,84.43,73.57,63.12,88.17,91.31,84.67,81.11,5.65,6.06,4.98,1223133.6,928053.2666666667,76239576.0,88015644.0,1.17,-1.03,5439126512.505049,-13.6,288,-12.75,242,67.55,101,13.74,-2.42,-10.0,1.65,0.71,20.9,0.177,40.4,False,False,False,True,False,False,True,False,False,False,False,True,False,False,False,False,2026-11-18,False,False,5,thin RVOL,,4,https://www.tradingview.com/chart/?symbol=NASDAQ:ORKA&interval=D,False,False,False
GRML,Greenland Mines Ltd,NASDAQ,Miscellaneous Commercial Services,10.38,9.54,6.8,7.08,8.26,11.76,14.85,15.02,10.17,8.55,11.6,9.6,22.44,25.05,2.6,46094313.8,15908051.212666666,165046031.0,112655516.0,0.18,-11.39,91581499.57805908,97.62,5,-17.66,280,-40.87,421,13.03,1.02,52.57,0.85,0.77,29.8,2.528,79.2,False,True,True,False,False,True,True,False,False,True,False,True,False,False,False,False,,False,True,3,"thin RVOL, below 200-MA, large gap","EMA, near21",6,https://www.tradingview.com/chart/?symbol=NASDAQ:GRML&interval=D,True,False,False
AI,"C3.ai, Inc.",NYSE,Packaged Software,10.34,10.65,10.63,10.49,10.07,9.86,9.52,10.32,10.6,10.54,10.74,10.24,4.39,4.64,0.48,4262694.6,5054133.733333333,52259743.0,53026286.0,0.82,-0.29,1626273743.857829,0.58,141,12.21,116,24.13,202,12.31,0.59,-2.73,0.42,1.05,21.9,0.083,10.96,False,False,False,True,True,True,False,False,True,True,True,True,False,False,False,False,2026-12-09,False,False,5,thin RVOL,"near21, BB",6,https://www.tradingview.com/chart/?symbol=NYSE:AI&interval=D,False,False,False
IBRX,"ImmunityBio, Inc.",NASDAQ,Pharmaceuticals: Major,8.83,8.57,8.31,8.2,7.88,7.85,7.9,7.09,8.55,8.36,8.88,8.52,6.19,5.85,0.52,12769429.9,9854565.933333334,87015817.0,80850144.0,0.65,0.0,9358355064.811031,6.26,95,2.14,162,28.16,192,12.18,2.07,6.24,0.96,0.7,60.0,0.178,16.66,True,True,True,True,False,True,True,True,False,True,False,False,False,False,False,False,2026-11-05,False,False,4,"LoD>60% ATR, thin RVOL","EMA, near21, ADR",8,https://www.tradingview.com/chart/?symbol=NASDAQ:IBRX&interval=D,False,False,False
WDC,Western Digital Corporation,NASDAQ,Computer Peripherals,453.48,448.25,449.87,453.71,472.78,513.47,451.7,396.04,452.06,454.08,465.9,447.03,4.92,5.95,27.0,7608491.2,6461526.599999995,2930173083.0,2931637695.0,0.79,2.19,163498102211.2028,-1.9,161,-24.99,332,63.02,108,12.05,-0.69,0.8,0.02,0.7,23.9,0.166,25.9,False,False,False,True,True,True,True,False,False,True,False,True,False,True,False,False,2026-10-22,False,True,5,large gap,near21,6,https://www.tradingview.com/chart/?symbol=NASDAQ:WDC&interval=D,False,False,False
WRBY,Warby Parker Inc.,NYSE,Specialty Stores,27.47,24.49,24.45,25.02,25.46,26.09,25.15,25.22,25.15,24.94,27.86,24.91,6.03,6.28,1.72,4168568.7,2926997.3333333335,80404617.0,73231522.0,1.32,1.01,3395513047.7258716,8.84,74,-8.4,217,33.16,182,11.2,1.25,12.35,1.61,1.71,148.5,0.203,5.99,True,True,True,True,False,False,False,False,False,False,True,False,False,False,True,False,2026-11-05,False,False,4,"LoD>60% ATR, thin RVOL","EMA, RVOL",5,https://www.tradingview.com/chart/?symbol=NYSE:WRBY&interval=D,False,False,False
TSEM,Tower Semiconductor Ltd.,NASDAQ,Semiconductors,234.43,225.42,216.54,217.4,225.38,239.22,217.87,194.97,225.1,222.04,237.55,228.13,4.31,5.78,13.55,2559836.8,1735663.2666666666,406891540.0,377339269.0,0.46,2.12,26449550729.21089,6.87,88,-5.09,203,30.97,185,10.92,0.69,8.26,0.97,0.7,46.5,0.245,18.87,False,True,True,True,False,True,True,False,False,True,False,True,False,True,False,False,2026-11-16,False,True,5,large gap,"EMA, near21",7,https://www.tradingview.com/chart/?symbol=NASDAQ:TSEM&interval=D,False,False,False
VSAT,"ViaSat, Inc.",NASDAQ,Telecommunications Equipment,69.09,73.29,72.85,72.74,75.29,73.45,66.74,60.34,72.57,73.16,72.98,68.22,5.3,5.86,4.05,1769009.3,1658774.3,114604716.0,120652331.0,0.83,1.49,9517549364.660852,-5.51,198,-22.34,310,60.15,112,10.77,-1.4,-5.16,0.95,1.18,21.5,0.147,21.64,False,False,False,True,False,True,False,False,False,True,True,True,False,False,False,False,2026-11-11,False,False,5,thin RVOL,near21,4,https://www.tradingview.com/chart/?symbol=NASDAQ:VSAT&interval=D,False,False,False
IREN,IREN Limited,NASDAQ,Data Processing Services,41.38,44.9,43.81,42.68,41.39,46.85,45.45,45.56,44.02,43.61,42.85,40.98,6.05,6.88,2.85,36509658.4,39904192.6,1651235490.0,1702938022.0,0.94,1.95,16284580036.082455,9.92,64,-6.05,204,27.91,194,10.59,-0.0,-5.55,0.74,0.66,14.0,0.258,13.18,False,False,False,False,False,True,True,True,False,True,False,True,False,True,False,False,2026-12-01,False,False,5,below 200-MA,"near21, ADR",5,https://www.tradingview.com/chart/?symbol=NASDAQ:IREN&interval=D,False,False,False
SYNA,Synaptics Incorporated,NASDAQ,Semiconductors,100.79,96.53,96.43,96.79,101.81,115.57,103.56,98.33,98.25,97.95,102.49,99.57,4.32,4.44,4.47,565573.7,668729.5666666667,67401253.0,64727003.0,0.67,1.39,4000598363.835592,3.28,115,-17.08,277,45.25,146,10.48,-0.22,4.52,0.65,0.65,27.3,0.138,18.99,False,False,True,True,False,True,True,True,False,True,False,True,False,False,False,False,2026-11-05,False,False,5,thin RVOL,"EMA, near21, ADR",7,https://www.tradingview.com/chart/?symbol=NASDAQ:SYNA&interval=D,False,False,False
SNAP,Snap Inc.,NYSE,Packaged Software,5.34,5.49,5.53,5.49,5.29,5.25,5.22,5.66,5.44,5.47,5.35,5.18,4.74,4.95,0.26,31148612.9,33651583.733333334,179699457.0,184657457.0,0.69,1.53,9030995757.896553,-0.19,146,18.14,96,12.66,233,10.2,0.19,-3.47,0.47,0.66,62.5,0.129,8.15,False,False,False,False,False,True,True,True,False,True,False,False,False,False,False,False,2026-10-15,False,False,3,"LoD>60% ATR, thin RVOL, below 200-MA","near21, ADR",4,https://www.tradingview.com/chart/?symbol=NYSE:SNAP&interval=D,False,False,False
NWL,Newell Brands Inc.,NASDAQ,Industrial Machinery,5.32,5.56,5.76,5.85,5.8,5.19,4.8,4.65,5.56,5.69,5.48,5.21,4.04,4.93,0.26,5394141.4,6258698.3,33296275.0,36594609.0,0.79,-0.18,2265787991.1985292,-11.04,261,-13.36,244,54.2,124,9.94,-1.67,-7.62,1.32,1.03,41.9,0.177,21.54,False,False,False,True,False,True,False,False,False,True,True,True,False,False,False,False,2026-10-23,False,False,5,thin RVOL,near21,4,https://www.tradingview.com/chart/?symbol=NASDAQ:NWL&interval=D,False,False,False
FIGS,"FIGS, Inc.",NYSE,Apparel/Footwear,14.06,13.07,13.55,13.99,13.12,12.27,13.2,12.74,13.32,13.44,14.26,13.6,4.71,4.88,0.69,2479096.4,2500946.566666667,35163309.0,34992411.0,1.09,0.37,2335931739.5080767,-7.56,220,38.66,54,-1.33,274,9.92,1.48,3.75,0.95,0.96,67.1,0.252,9.14,True,True,False,True,False,True,True,False,False,True,False,False,False,False,False,False,2026-11-05,False,False,4,"LoD>60% ATR, thin RVOL",near21,6,https://www.tradingview.com/chart/?symbol=NYSE:FIGS&interval=D,False,False,False
NAVN,"Navan, Inc.",NASDAQ,Packaged Software,20.69,20.77,22.75,24.91,25.78,23.84,20.07,18.49,20.89,22.58,20.77,19.9,5.17,6.26,1.29,4528515.3,4061235.433333333,84026961.0,101153191.0,0.69,0.7,5392548191.588088,-31.99,438,-10.74,230,71.99,96,9.75,-3.15,-9.05,1.34,0.67,61.0,0.52,35.24,False,False,False,True,False,True,True,False,False,True,False,False,False,False,False,False,2026-12-15,False,False,4,"LoD>60% ATR, thin RVOL",near21,4,https://www.tradingview.com/chart/?symbol=NASDAQ:NAVN&interval=D,False,False,False
FSLY,"Fastly, Inc.",NASDAQ,Information Technology Services,25.48,25.72,23.96,23.9,23.94,21.2,22.66,19.73,25.46,24.79,25.54,24.42,10.37,9.84,2.51,10920574.7,7020319.266666667,178877735.0,167764570.0,0.37,0.32,4058964089.977528,4.73,103,40.77,49,-17.27,340,9.41,0.65,6.32,0.28,0.44,42.3,0.398,23.5,False,False,True,True,False,True,True,True,False,True,False,True,False,False,False,False,2026-11-04,False,False,5,thin RVOL,"EMA, near21, ADR",7,https://www.tradingview.com/chart/?symbol=NASDAQ:FSLY&interval=D,False,False,False
ARXS,"Arxis, Inc.",NASDAQ,Aerospace & Defense,49.25,50.37,51.1,51.98,51.99,46.46,,,50.29,51.03,50.6,48.08,4.93,4.98,2.45,1273212.2,789596.0333333333,38887605.0,41040307.0,2.05,-0.74,21218196564.20314,-8.27,227,6.86,138,29.61,188,9.4,-1.06,-3.61,0.7,1.03,47.7,0.114,11.22,False,False,False,False,False,True,False,False,False,True,True,True,True,True,True,False,2026-12-02,False,False,5,below 200-MA,"near21, RVOL",3,https://www.tradingview.com/chart/?symbol=NASDAQ:ARXS&interval=D,False,False,False
PAY,"Paymentus Holdings, Inc.",NYSE,Miscellaneous Commercial Services,30.0,32.56,34.33,35.63,35.98,30.17,28.76,28.65,32.01,33.75,30.08,29.37,4.97,5.32,1.59,1402263.5,1224126.4,36723792.0,43612359.0,0.62,-0.6,3778189409.759358,-15.87,318,21.31,89,22.55,206,9.33,-3.13,-12.61,2.09,0.45,39.5,0.302,24.43,False,False,False,True,False,False,True,True,False,True,False,True,False,False,False,False,2026-11-09,False,False,5,thin RVOL,ADR,5,https://www.tradingview.com/chart/?symbol=NYSE:PAY&interval=D,False,False,False
ASAN,"Asana, Inc.",NYSE,Packaged Software,8.23,9.24,9.22,9.38,8.99,8.06,7.57,8.49,9.01,9.15,8.67,7.99,7.1,7.48,0.62,11069421.0,7436345.766666667,61201126.0,69782669.0,0.87,-0.46,1884424163.9942129,-18.68,349,14.31,104,31.79,184,9.14,-1.13,-10.76,1.35,1.11,39.0,0.242,20.24,False,False,False,False,False,True,False,False,False,True,True,True,False,False,False,False,2026-12-08,False,False,4,"thin RVOL, below 200-MA",near21,3,https://www.tradingview.com/chart/?symbol=NYSE:ASAN&interval=D,False,False,False
VCYT,"Veracyte, Inc.",NASDAQ,Medical Specialties,46.08,43.28,42.95,42.92,45.73,48.06,43.18,42.47,44.26,43.74,47.52,45.21,5.56,5.43,2.5,1812684.1,1432419.3333333333,66005883.0,61472992.0,0.87,1.7,3704404884.3475575,1.94,127,-21.89,305,46.38,143,8.81,0.14,7.3,0.98,0.92,34.7,0.223,12.13,False,True,True,True,False,True,True,False,False,True,False,True,False,False,False,False,2026-11-10,False,False,5,thin RVOL,"EMA, near21",7,https://www.tradingview.com/chart/?symbol=NASDAQ:VCYT&interval=D,False,False,False
WAY,Waystar Holding Corp.,NASDAQ,Packaged Software,25.07,25.5,25.19,25.14,24.39,22.31,22.96,24.49,25.23,25.12,25.86,25.01,4.18,4.31,1.08,1972218.4,2163059.1666666665,54227893.0,54382913.0,0.86,0.47,4807133056.143745,-1.45,159,21.35,88,5.47,257,8.45,0.65,-0.48,0.05,0.79,5.5,0.156,12.72,False,False,False,True,True,True,True,False,False,True,False,True,False,False,False,False,2026-11-11,False,False,5,thin RVOL,near21,6,https://www.tradingview.com/chart/?symbol=NASDAQ:WAY&interval=D,False,False,False
IOT,Samsara Inc.,NYSE,Packaged Software,37.97,38.88,39.19,39.49,38.73,35.94,34.15,33.66,38.73,39.06,38.43,37.14,5.03,5.43,2.06,5171222.0,6831836.5,259404832.0,269777837.0,1.03,-0.08,22235430145.73926,-9.03,239,13.82,108,20.04,214,8.28,-0.36,-3.11,0.52,0.63,40.5,0.143,14.55,False,False,False,True,False,True,True,True,False,True,False,True,False,True,False,False,2026-11-26,False,False,6,,"near21, ADR",6,https://www.tradingview.com/chart/?symbol=NYSE:IOT&interval=D,False,False,False
ARQT,"Arcutis Biotherapeutics, Inc.",NASDAQ,Pharmaceuticals: Major,26.75,26.54,25.19,25.15,25.83,24.97,24.55,25.26,26.34,25.8,27.64,26.73,5.41,4.84,1.3,4763434.6,2919063.566666667,78084950.0,73427584.0,0.61,-0.44,3362260006.5404315,8.74,75,1.33,167,14.32,229,8.13,0.74,6.19,0.76,0.7,1.5,0.229,7.45,True,True,True,True,False,True,True,True,False,True,False,True,False,False,False,False,2026-10-29,False,False,5,thin RVOL,"EMA, near21, ADR",9,https://www.tradingview.com/chart/?symbol=NASDAQ:ARQT&interval=D,False,False,False
WTTR,"Select Water Solutions, Inc.",NYSE,Oil & Gas Production,19.34,20.05,20.18,20.02,20.01,19.42,17.98,16.42,19.93,20.03,20.05,19.28,4.25,4.6,0.89,2251854.6,1616758.9,31268117.0,32364280.0,1.01,-1.78,2493755459.8235874,-1.02,155,-2.08,183,27.24,195,8.05,-0.73,-4.16,0.75,0.87,6.6,0.087,19.41,False,False,False,True,False,True,True,False,True,True,False,True,False,False,False,False,2026-11-03,False,False,5,thin RVOL,"near21, BB",6,https://www.tradingview.com/chart/?symbol=NYSE:WTTR&interval=D,False,False,False
VIAV,Viavi Solutions Inc.,NASDAQ,Information Technology Services,41.82,37.42,36.68,37.2,38.16,43.07,41.43,36.39,38.46,37.74,43.14,41.05,4.99,5.74,2.4,6239049.599999999,4841382.033333326,202466597.0,180091343.0,1.01,2.76,10319077711.4299,8.88,71,-9.57,223,24.5,200,7.94,1.67,14.0,1.88,0.87,32.0,0.271,15.96,False,True,True,True,False,False,True,False,False,False,False,True,False,True,False,False,2026-10-29,False,True,5,large gap,EMA,6,https://www.tradingview.com/chart/?symbol=NASDAQ:VIAV&interval=D,False,False,False
PGY,Pagaya Technologies Ltd.,NASDAQ,Packaged Software,17.37,19.37,20.45,20.84,20.28,17.9,16.07,17.02,18.92,19.85,17.68,16.96,6.69,6.87,1.19,3064848.7999999956,2434980.7666666666,42295616.0,50744188.0,0.97,1.76,1449106928.6717646,-25.16,413,-5.03,200,53.85,128,7.89,-2.09,-15.06,1.82,0.6,34.3,0.332,25.23,False,False,False,True,False,False,True,True,False,True,False,True,False,False,False,False,2026-11-17,False,False,5,thin RVOL,ADR,5,https://www.tradingview.com/chart/?symbol=NASDAQ:PGY&interval=D,False,False,False
WK,Workiva Inc.,NYSE,Information Technology Services,65.15,70.7,72.75,73.71,68.91,59.42,59.12,64.06,70.1,71.3,69.71,64.89,4.54,4.84,3.16,1061555.7,914538.9666666667,59582214.0,67414935.0,1.68,2.23,3545234304.2960844,-15.73,313,30.3,70,8.98,247,7.85,-1.13,-10.45,1.78,1.53,8.2,0.171,20.93,False,False,False,True,False,False,False,False,False,False,True,True,True,True,True,False,2026-11-04,False,True,5,large gap,RVOL,3,https://www.tradingview.com/chart/?symbol=NYSE:WK&interval=D,False,False,False
SEZL,Sezzle Inc.,NASDAQ,Packaged Software,107.97,111.78,115.54,117.32,130.53,134.71,113.97,102.51,111.59,115.95,109.19,106.78,4.68,5.52,5.96,594481.5,467204.06666666677,50444023.0,54810668.0,0.6,0.64,3635891417.9022155,-15.87,317,-37.39,406,76.74,90,7.82,-3.13,-6.55,1.25,0.4,20.0,0.168,29.82,False,False,False,True,False,True,True,True,False,True,False,True,False,False,False,False,2026-11-05,False,False,5,thin RVOL,"near21, ADR",6,https://www.tradingview.com/chart/?symbol=NASDAQ:SEZL&interval=D,False,False,False
SM,SM Energy Company,NYSE,Integrated Oil,33.11,35.08,36.67,36.6,34.68,32.41,30.99,28.14,34.89,35.58,33.54,32.55,4.12,4.44,1.47,4723710.5,3983119.7666666666,131881095.0,145787494.0,0.7,-2.5,7875347910.809836,-10.3,254,26.96,76,6.67,251,7.78,-1.02,-9.72,1.56,0.68,38.0,0.233,25.78,False,False,False,True,False,False,True,True,False,True,False,True,False,False,False,False,2026-10-29,False,True,4,"thin RVOL, large gap",ADR,5,https://www.tradingview.com/chart/?symbol=NYSE:SM&interval=D,False,False,False
BTBT,"Bit Digital, Inc.",NASDAQ,Miscellaneous Commercial Services,1.65,1.7,1.63,1.59,1.52,1.68,1.64,1.74,1.69,1.64,1.75,1.65,6.46,7.45,0.12,26142587.8,31510331.466666665,51992047.0,49980637.0,0.68,2.38,595045279.9107141,4.43,106,-7.3,210,25.95,197,7.69,1.17,1.51,0.06,0.81,0.0,0.352,13.36,False,False,False,False,True,True,True,False,False,True,False,True,False,False,False,False,2026-11-12,False,True,3,"thin RVOL, below 200-MA, large gap",near21,5,https://www.tradingview.com/chart/?symbol=NASDAQ:BTBT&interval=D,False,False,False
AFRM,"Affirm Holdings, Inc.",NASDAQ,Finance/Rental/Leasing,69.3,70.36,70.97,72.78,73.49,73.17,66.47,66.74,70.22,71.38,70.31,67.83,4.56,5.15,3.57,4262777.3,5287314.066666666,366410865.0,384801024.0,0.82,2.53,23383292446.104748,-19.42,358,-16.35,271,58.18,115,7.47,-1.11,-2.35,0.57,0.69,41.2,0.11,10.13,False,False,False,True,True,True,True,False,False,True,False,True,False,True,False,False,2026-11-11,False,True,5,large gap,near21,6,https://www.tradingview.com/chart/?symbol=NASDAQ:AFRM&interval=D,False,False,False
HIMS,"Hims & Hers Health, Inc.",NYSE,Medical/Nursing Services,28.7,28.82,28.43,29.18,29.47,29.71,27.39,27.66,28.85,28.92,29.83,28.3,5.41,5.93,1.7,9999028.2,10523860.766666668,302034804.0,307093273.0,0.65,2.12,6696095142.432244,-8.48,231,-18.23,285,48.63,138,7.3,-0.44,0.96,0.13,0.9,23.8,0.104,8.1,False,False,False,True,True,True,True,False,False,True,False,True,False,False,False,False,2026-11-09,False,True,4,"thin RVOL, large gap",near21,6,https://www.tradingview.com/chart/?symbol=NYSE:HIMS&interval=D,False,False,False
CCC,CCC Intelligent Solutions Holdings Inc.,NASDAQ,Packaged Software,6.58,6.62,6.82,7.02,6.77,5.87,5.81,6.15,6.7,6.78,6.76,6.44,4.35,4.77,0.31,13774644.5,11923721.933333334,78458090.0,83704528.0,0.51,-1.06,3875584992.8096676,-13.36,283,24.15,83,10.96,241,7.25,-0.58,-3.45,0.61,1.04,46.2,0.172,15.34,False,False,False,True,False,True,False,False,False,True,True,True,False,False,False,False,2026-10-29,False,False,5,thin RVOL,near21,4,https://www.tradingview.com/chart/?symbol=NASDAQ:CCC&interval=D,False,False,False
GDDY,GoDaddy Inc.,NYSE,Data Processing Services,94.06,97.98,98.75,98.38,96.26,91.08,88.96,93.84,97.28,97.72,94.62,91.84,5.41,5.48,5.15,3622791.1,2364600.7,222414342.0,232617594.0,0.61,0.1,11912483023.344576,-3.4,176,8.1,131,16.25,221,6.99,-0.42,-4.75,0.68,0.54,43.1,0.145,10.4,False,False,False,True,False,True,True,True,False,True,False,True,False,True,False,False,2026-10-29,False,False,6,,"near21, ADR",6,https://www.tradingview.com/chart/?symbol=NYSE:GDDY&interval=D,False,False,False
FPS,"Forgent Power Solutions, Inc.",NYSE,Electrical Products,37.2,38.02,34.26,33.72,35.0,42.89,39.91,,37.04,35.78,38.64,36.67,6.02,6.44,2.4,12268389.1,8779642.166666666,326602689.0,296017342.0,0.66,1.89,11324754926.482643,17.54,38,-31.39,372,34.05,179,6.73,0.97,8.59,0.62,0.82,21.9,0.466,23.19,False,False,True,False,False,True,True,False,False,True,False,True,False,True,False,False,2026-12-02,False,False,5,below 200-MA,"EMA, near21",5,https://www.tradingview.com/chart/?symbol=NYSE:FPS&interval=D,False,False,False
VOYG,"Voyager Technologies, Inc.",NYSE,Information Technology Services,30.74,34.06,33.85,34.72,34.12,35.34,32.74,31.83,33.12,33.93,34.08,30.46,7.52,8.41,2.58,3872099.1,2069701.2666666666,63622617.0,71865547.0,0.73,2.47,1876033276.7914407,-10.59,258,-4.68,199,35.42,176,6.72,-1.18,-9.18,1.12,1.4,10.8,0.234,11.41,False,False,False,False,False,True,False,False,False,True,True,True,False,False,False,False,2026-11-09,False,True,3,"thin RVOL, below 200-MA, large gap",near21,3,https://www.tradingview.com/chart/?symbol=NYSE:VOYG&interval=D,False,False,False
QUBT,Quantum Computing Inc.,NASDAQ,Information Technology Services,8.46,8.74,8.35,8.37,8.4,9.22,8.82,9.24,8.67,8.54,8.77,8.45,4.5,4.99,0.42,8175782.4,7160356.433333334,60576615.0,59936957.0,0.55,2.28,1914894390.9801636,-0.7,150,-12.69,240,32.19,183,6.26,0.13,1.29,0.18,0.76,2.4,0.227,10.47,False,False,False,False,True,True,True,False,False,True,False,True,False,False,False,False,2026-11-18,False,True,3,"thin RVOL, below 200-MA, large gap",near21,5,https://www.tradingview.com/chart/?symbol=NASDAQ:QUBT&interval=D,False,False,False
CRCL,"Circle Internet Group, Inc.",NYSE,Packaged Software,83.7,88.96,91.34,89.85,80.46,83.93,90.52,86.05,88.98,88.7,87.82,82.99,6.51,7.48,6.26,15150200.9,15795617.966666667,1322093224.0,1419167827.0,0.45,2.24,21352950631.384613,-9.62,249,31.38,68,-4.29,285,5.82,0.54,-8.37,0.75,0.77,11.3,0.246,12.99,False,False,False,False,False,True,True,False,False,True,False,True,False,True,False,False,2026-11-18,False,True,4,"below 200-MA, large gap",near21,4,https://www.tradingview.com/chart/?symbol=NYSE:CRCL&interval=D,False,False,False
AMBA,"Ambarella, Inc.",NASDAQ,Semiconductors,68.73,67.93,66.84,68.47,72.15,73.17,68.09,68.22,68.46,68.6,69.7,67.74,5.39,6.17,4.24,1553823.6,1691270.1333333333,116240996.0,115798447.0,0.58,1.14,3033809028.616773,-3.39,175,-17.82,282,38.65,165,5.82,-0.77,2.82,0.03,0.46,23.3,0.154,9.21,False,False,False,True,True,True,True,True,False,True,False,True,False,False,False,False,2026-12-01,False,False,5,thin RVOL,"near21, ADR",7,https://www.tradingview.com/chart/?symbol=NASDAQ:AMBA&interval=D,False,False,False
GENI,Genius Sports Limited,NYSE,Internet Software/Services,6.17,6.13,6.61,7.01,7.16,6.52,5.95,6.74,6.25,6.56,6.34,6.12,6.58,7.09,0.44,9507801.2,6287671.166666667,38794931.0,44103821.0,0.93,1.63,1712958515.7593493,-22.39,389,0.33,171,39.28,162,5.74,-1.95,-6.67,0.84,0.51,12.6,0.354,19.61,False,False,False,False,False,True,True,True,False,True,False,True,False,False,False,False,2026-11-11,False,False,4,"thin RVOL, below 200-MA","near21, ADR",5,https://www.tradingview.com/chart/?symbol=NYSE:GENI&interval=D,False,False,False
GLXY,Galaxy Digital Inc.,NASDAQ,Investment Banks/Brokers,23.07,24.4,24.57,24.21,23.12,25.89,24.85,24.94,24.28,24.22,24.03,23.01,6.32,7.17,1.65,4962972.4,5394534.033333333,124451900.0,130594476.0,0.71,3.08,9017810878.993107,-6.47,209,-14.32,252,37.9,168,5.7,-0.03,-6.11,0.66,0.62,3.6,0.247,12.02,False,False,False,False,False,True,True,True,False,True,False,True,False,False,False,False,2026-10-27,False,True,3,"thin RVOL, below 200-MA, large gap","near21, ADR",5,https://www.tradingview.com/chart/?symbol=NASDAQ:GLXY&interval=D,False,False,False
FDS,FactSet Research Systems Inc.,NYSE,Financial Publishing/Services,259.97,275.1,281.11,287.65,281.06,259.05,245.61,249.4,273.11,278.35,269.1,252.05,4.43,4.53,11.77,744678.7,871670.5333333333,226608189.0,250738644.0,1.85,-0.52,9245974970.485226,-15.78,315,17.1,99,15.52,224,5.61,-1.66,-7.52,1.46,1.45,67.3,0.211,13.66,False,False,False,True,False,True,False,False,False,True,True,False,True,True,True,False,2026-09-30,True,False,4,"LoD>60% ATR, earnings soon","near21, RVOL",2,https://www.tradingview.com/chart/?symbol=NYSE:FDS&interval=D,False,False,False
WYFI,"WhiteFiber, Inc.",NASDAQ,Data Processing Services,18.53,19.05,18.78,19.44,21.98,26.32,22.69,21.53,19.08,19.53,19.35,18.47,5.89,8.67,1.61,1192148.0,2379422.8666666667,44090706.0,46249635.0,0.64,0.0,719855620.6946363,-2.98,171,-49.01,429,68.45,99,5.49,-1.81,-1.32,0.59,0.55,3.7,0.227,40.71,False,False,False,False,True,True,True,False,False,True,False,True,False,False,False,False,2026-11-12,False,False,4,"thin RVOL, below 200-MA",near21,5,https://www.tradingview.com/chart/?symbol=NASDAQ:WYFI&interval=D,False,False,False
ETSY,"Etsy, Inc.",NYSE,Internet Retail,69.28,71.63,73.76,76.63,78.9,74.81,68.67,65.4,71.3,73.71,69.96,68.68,4.05,4.54,3.15,3594224.4,3146630.3333333335,217998549.0,241125234.0,0.75,0.38,6358639716.396983,-17.21,335,-8.13,215,41.39,153,5.35,-2.68,-6.07,1.32,0.41,19.1,0.216,19.49,False,False,False,True,False,True,True,True,False,True,False,True,False,False,False,False,2026-11-04,False,False,5,thin RVOL,"near21, ADR",6,https://www.tradingview.com/chart/?symbol=NYSE:ETSY&interval=D,False,False,False
WIX,Wix.com Ltd.,NASDAQ,Packaged Software,70.9,77.1,78.42,80.08,72.51,62.46,68.4,73.36,75.66,76.88,71.75,67.5,6.88,7.37,5.22,1169345.7,1392623.0,98736971.0,111520321.0,0.75,-1.36,2967130208.066092,-16.9,331,54.13,31,-21.22,361,5.34,-0.3,-9.59,1.06,0.81,65.2,0.249,22.52,False,False,False,False,False,True,True,False,False,True,False,False,False,False,False,False,2026-11-05,False,False,3,"LoD>60% ATR, thin RVOL, below 200-MA",near21,3,https://www.tradingview.com/chart/?symbol=NASDAQ:WIX&interval=D,False,False,False
RMBS,"Rambus, Inc.",NASDAQ,Semiconductors,103.12,97.55,91.24,90.78,93.26,112.09,109.62,107.73,98.82,95.04,104.87,101.65,4.61,5.1,5.26,3438189.8,2460876.5,253765585.0,223386064.0,0.37,2.4,11184560622.171564,14.73,49,-19.22,289,20.33,212,5.28,2.07,13.02,1.67,0.61,28.0,0.39,20.22,False,True,True,False,False,False,True,True,False,True,False,True,False,True,False,False,2026-11-02,False,True,4,"below 200-MA, large gap","EMA, ADR",6,https://www.tradingview.com/chart/?symbol=NASDAQ:RMBS&interval=D,False,False,False
POET,POET Technologies Inc.,NASDAQ,Electrical Products,7.67,7.77,7.69,7.81,7.89,9.78,8.92,8.33,7.73,7.79,7.92,7.54,4.62,6.21,0.48,7721330.1,8014908.799999968,61474350.0,62604453.0,0.9,4.05,1327355524.5263157,-5.19,196,-22.98,315,43.63,150,5.15,-0.46,-0.28,0.25,0.81,27.3,0.185,27.27,False,False,False,False,True,True,True,False,False,True,False,True,False,False,False,False,2026-11-12,False,True,3,"thin RVOL, below 200-MA, large gap",near21,5,https://www.tradingview.com/chart/?symbol=NASDAQ:POET&interval=D,False,False,False
JHX,James Hardie Industries plc.,NYSE,Construction Materials,25.1,26.21,27.5,28.33,28.24,25.85,24.16,23.83,26.33,27.2,25.84,24.62,4.15,4.09,1.03,19404650.3,11248286.9,282332001.0,318708961.0,0.56,0.04,14571114951.66995,-16.36,325,-2.26,186,33.87,180,5.08,-2.72,-8.72,1.89,1.19,46.7,0.22,17.57,False,False,False,True,False,False,False,False,False,False,True,True,False,True,False,False,2026-11-09,False,False,6,,,3,https://www.tradingview.com/chart/?symbol=NYSE:JHX&interval=D,False,False,False
RELY,"Remitly Global, Inc.",NASDAQ,Miscellaneous Commercial Services,21.47,21.47,22.86,23.9,23.94,22.86,21.23,19.41,21.72,22.57,22.12,21.16,4.69,4.96,1.07,4687888.2,3971535.8,85268874.0,94917720.0,0.68,0.75,4544856458.85153,-16.7,330,-5.04,201,36.4,172,4.89,-2.08,-6.09,0.99,0.9,29.1,0.353,21.1,False,False,False,True,False,True,True,False,False,True,False,True,False,False,False,False,2026-11-04,False,False,5,thin RVOL,near21,5,https://www.tradingview.com/chart/?symbol=NASDAQ:RELY&interval=D,False,False,False
WGS,GeneDx Holdings Corp.,NASDAQ,Medical/Nursing Services,75.79,91.59,89.34,87.85,80.69,68.3,68.6,79.59,87.51,87.73,87.86,74.16,9.06,8.49,6.44,970005.8,654270.1666666667,49587136.0,57480578.0,1.45,-0.4,2260250336.4114976,-14.64,300,9.84,126,19.3,219,4.83,-0.72,-15.17,1.6,2.13,25.3,0.296,30.72,False,False,False,False,False,False,False,False,False,False,True,True,False,False,True,False,2026-11-03,False,False,4,"thin RVOL, below 200-MA",RVOL,2,https://www.tradingview.com/chart/?symbol=NASDAQ:WGS&interval=D,False,False,False
ATI,ATI Inc.,NYSE,Other Metals/Minerals,188.95,186.61,193.52,199.88,202.79,191.94,179.16,165.83,187.8,193.06,189.78,182.42,4.16,4.19,7.92,1733834.7,1848457.8,349266101.0,369475290.0,0.98,1.29,25729395855.333763,-11.88,270,-3.17,192,28.4,190,4.45,-1.63,-2.36,0.51,0.93,82.5,0.185,19.56,False,False,False,True,True,True,True,False,False,True,False,False,False,True,False,False,2026-11-03,False,False,5,LoD>60% ATR,near21,5,https://www.tradingview.com/chart/?symbol=NYSE:ATI&interval=D,False,False,False
AUGO,Aura Minerals Inc.,NASDAQ,Other Metals/Minerals,79.36,85.39,85.32,85.53,76.85,71.54,76.11,72.26,83.69,83.88,80.0,78.22,4.87,5.77,4.58,1171498.8000000012,1086473.6666666653,86222550.0,92926636.0,0.36,0.82,6649513424.930519,-11.04,263,26.07,80,-2.02,276,4.33,0.57,-6.98,0.93,0.39,24.9,0.164,17.46,False,False,False,True,False,True,True,True,False,True,False,True,False,False,False,False,2026-11-05,False,False,5,thin RVOL,"near21, ADR",6,https://www.tradingview.com/chart/?symbol=NASDAQ:AUGO&interval=D,False,False,False
BHVN,Biohaven Ltd.,NYSE,Pharmaceuticals: Major,13.29,13.5,13.91,14.17,14.21,13.32,12.16,12.02,13.49,13.78,13.5,12.93,6.94,7.68,1.02,3117381.7,3479132.7666666666,46237674.0,49294672.0,0.47,-1.13,2007371871.653353,-16.31,323,-11.1,233,39.31,160,3.96,-0.84,-4.45,0.46,0.56,35.3,0.346,16.52,False,False,False,True,False,True,True,True,False,True,False,True,False,False,False,False,2026-11-17,False,False,5,thin RVOL,"near21, ADR",6,https://www.tradingview.com/chart/?symbol=NYSE:BHVN&interval=D,False,False,False
ON,ON Semiconductor Corporation,NASDAQ,Semiconductors,75.95,72.62,72.62,73.22,77.28,93.21,86.33,80.08,74.02,73.93,77.45,75.1,4.43,4.54,3.44,13089909.0,9927017.833333334,753957004.0,726846319.0,0.7,1.94,29568224708.31857,2.08,123,-17.45,278,27.06,196,3.9,-0.38,4.58,0.6,0.68,24.7,0.144,27.1,False,False,True,False,False,True,True,True,False,True,False,True,False,True,False,False,2026-11-02,False,False,5,below 200-MA,"EMA, near21, ADR",6,https://www.tradingview.com/chart/?symbol=NASDAQ:ON&interval=D,False,False,False
ACHC,"Acadia Healthcare Company, Inc.",NASDAQ,Medical/Nursing Services,28.04,28.34,28.19,28.3,29.61,28.24,27.17,23.97,28.2,28.41,28.25,27.4,4.35,4.65,1.3,1685159.0,1566674.7666666666,43929560.0,44335329.0,0.54,0.18,2610531644.4414186,-7.0,213,-5.05,202,23.36,205,3.77,-1.14,-0.54,0.28,0.65,49.1,0.061,20.11,False,False,False,True,True,True,True,True,True,True,False,True,False,False,False,False,2026-11-04,False,False,5,thin RVOL,"near21, ADR, BB",8,https://www.tradingview.com/chart/?symbol=NASDAQ:ACHC&interval=D,False,False,False
MDB,"MongoDB, Inc.",NASDAQ,Packaged Software,337.19,392.04,384.68,399.14,386.74,360.65,327.69,343.85,382.67,389.06,349.0,321.0,6.81,8.25,27.81,3858983.3,2582720.533333333,870867537.0,1030870517.0,3.08,0.14,27162792728.70587,-23.53,404,-2.53,189,37.12,171,3.69,-1.55,-12.35,1.62,1.01,58.2,0.296,19.08,False,False,False,False,False,False,False,False,False,False,True,True,True,True,True,False,2026-12-07,False,False,5,below 200-MA,RVOL,2,https://www.tradingview.com/chart/?symbol=NASDAQ:MDB&interval=D,False,False,False
CRWV,"CoreWeave, Inc.",NASDAQ,Packaged Software,85.93,85.24,86.29,86.86,86.26,93.43,93.9,92.14,86.18,86.52,90.47,85.14,4.9,6.3,5.41,36590971.0,26692573.2,2293692815.0,2318472421.0,0.73,1.42,47393538628.897514,0.89,137,-3.3,193,13.42,231,3.67,-0.06,-0.42,0.11,0.98,14.6,0.224,10.08,False,False,False,False,True,True,True,False,False,True,False,True,False,True,False,False,2026-11-16,False,False,5,below 200-MA,near21,5,https://www.tradingview.com/chart/?symbol=NASDAQ:CRWV&interval=D,False,False,False
CIFR,Cipher Digital Inc.,NASDAQ,Data Processing Services,16.51,17.74,17.06,16.71,18.11,20.47,18.99,18.34,17.37,17.3,17.37,16.44,7.69,9.01,1.49,35571755.9,34906124.13333333,576300109.0,583322058.0,0.81,1.94,6852157278.133215,1.98,126,-29.47,361,37.58,169,3.36,-0.98,-3.24,0.51,0.62,4.7,0.298,20.63,False,False,False,False,False,True,True,True,False,True,False,True,False,False,False,False,2026-11-11,False,False,4,"thin RVOL, below 200-MA","near21, ADR",5,https://www.tradingview.com/chart/?symbol=NASDAQ:CIFR&interval=D,False,False,False
HRI,Herc Holdings Inc.,NYSE,Finance/Rental/Leasing,127.24,136.62,138.92,145.52,152.04,146.54,135.89,141.68,135.66,140.46,137.31,124.88,5.44,6.06,7.71,1184492.9,729081.8666666667,92768377.0,106093806.0,0.76,0.42,4253817004.309186,-18.75,351,-11.02,231,39.62,159,3.28,-2.69,-8.41,1.55,1.61,30.6,0.131,12.69,False,False,False,False,False,False,False,False,False,False,True,True,False,False,False,False,2026-10-15,False,False,4,"thin RVOL, below 200-MA",,2,https://www.tradingview.com/chart/?symbol=NYSE:HRI&interval=D,False,False,False
FIVE,"Five Below, Inc.",NASDAQ,Discount Stores,222.03,229.95,237.63,241.16,233.6,217.1,220.27,214.18,229.52,234.01,227.24,220.63,4.22,4.47,9.92,1200900.0,1232667.4666666666,273689158.0,297271730.0,0.52,-0.55,12223647432.92408,-10.57,257,23.49,84,-3.13,279,3.27,-1.11,-6.56,1.15,0.67,14.1,0.16,10.56,False,False,False,True,False,True,True,True,False,True,False,True,False,True,False,False,2026-12-02,False,False,6,,"near21, ADR",6,https://www.tradingview.com/chart/?symbol=NASDAQ:FIVE&interval=D,False,False,False
SGRY,"Surgery Partners, Inc.",NASDAQ,Hospital/Nursing Management,14.41,14.22,14.18,14.11,14.65,14.75,14.29,14.56,14.34,14.29,14.78,14.25,5.36,5.3,0.76,2851120.3,2626383.5,37846186.0,37065275.0,0.49,-0.27,1886532053.6181078,3.89,111,-14.18,250,19.78,215,3.17,-0.31,1.65,0.16,0.69,21.0,0.15,3.98,False,False,True,False,True,True,True,True,False,True,False,True,False,False,False,True,2026-11-10,False,False,4,"thin RVOL, below 200-MA","EMA, near21, ADR",8,https://www.tradingview.com/chart/?symbol=NASDAQ:SGRY&interval=D,False,False,False
RDW,Redwire Corporation,NYSE,Aerospace & Defense,10.73,11.29,10.95,11.17,11.01,12.57,11.52,11.0,11.19,11.17,11.62,10.65,6.58,6.92,0.74,14688990.6,12437160.733333332,133450735.0,138927231.0,0.96,2.23,2682420710.090179,-3.9,184,-10.58,229,23.62,203,3.05,-0.37,-2.01,0.57,1.31,10.8,0.173,15.07,False,False,False,False,True,True,False,False,False,True,True,True,False,False,False,False,2026-11-11,False,True,3,"thin RVOL, below 200-MA, large gap",near21,4,https://www.tradingview.com/chart/?symbol=NYSE:RDW&interval=D,False,False,False
AUR,"Aurora Innovation, Inc.",NASDAQ,Packaged Software,5.39,6.12,6.19,6.1,6.3,6.5,5.9,5.52,5.96,6.12,5.4,5.19,6.8,6.99,0.38,40772663.3,34603250.833333336,186511522.0,211016391.0,0.86,0.57,10802347499.37807,-5.52,199,-20.56,296,35.09,178,3.0,-2.07,-12.97,1.7,0.56,53.1,0.247,18.18,False,False,False,False,False,False,True,True,False,True,False,True,False,True,False,False,2026-11-04,False,False,5,below 200-MA,ADR,4,https://www.tradingview.com/chart/?symbol=NASDAQ:AUR&interval=D,False,False,False
EPAM,"EPAM Systems, Inc.",NYSE,Information Technology Services,107.14,111.29,114.65,113.18,107.52,99.69,110.06,132.05,110.61,111.67,108.28,105.37,4.16,4.42,4.73,1043014.3,1161144.7,124405043.0,131422228.0,0.61,-0.91,5527029077.047513,-5.02,194,32.6,65,-20.24,352,2.45,-0.08,-6.55,0.92,0.61,37.4,0.168,30.2,False,False,False,False,False,True,True,True,False,True,False,True,False,False,False,False,2026-10-29,False,False,4,"thin RVOL, below 200-MA","near21, ADR",5,https://www.tradingview.com/chart/?symbol=NYSE:EPAM&interval=D,False,False,False
RXO,"RXO, Inc.",NYSE,Packaged Software,20.71,19.95,19.9,20.58,21.61,23.62,21.06,19.46,20.07,20.32,20.87,19.87,4.65,5.15,1.07,1920051.1,1625566.2666666666,33665477.0,33462282.0,0.96,0.3,3415620133.2858567,-8.44,230,-24.94,329,40.69,154,2.44,-0.81,4.07,0.37,0.94,78.8,0.077,20.04,False,False,False,True,False,True,True,False,True,True,False,False,False,False,False,False,2026-11-05,False,False,4,"LoD>60% ATR, thin RVOL","near21, BB",5,https://www.tradingview.com/chart/?symbol=NYSE:RXO&interval=D,False,False,False
NVTS,Navitas Semiconductor Corporation,NASDAQ,Semiconductors,11.73,11.7,11.51,11.83,12.05,16.27,14.61,13.15,11.76,11.8,12.9,11.67,5.21,6.76,0.79,15261231.5,12782108.133333333,149934128.0,151259207.0,2.81,9.16,3062626345.9999995,-5.71,200,-32.39,381,44.46,148,2.12,-0.4,1.94,0.09,1.55,7.6,0.178,40.62,False,False,False,False,True,True,False,False,False,True,True,True,True,True,True,False,2026-11-09,False,True,4,"below 200-MA, large gap","near21, RVOL",4,https://www.tradingview.com/chart/?symbol=NASDAQ:NVTS&interval=D,False,False,False
EXPE,"Expedia Group, Inc.",NASDAQ,Other Consumer Services,266.33,272.81,281.37,296.56,297.87,269.3,259.02,260.32,271.8,281.77,267.01,255.07,4.37,4.67,12.45,2892056.4,2052862.9666666666,546738994.0,608802858.0,0.96,-0.08,31964631704.76441,-16.61,328,1.66,165,20.64,211,1.89,-2.27,-5.34,1.17,0.96,90.4,0.202,14.59,False,False,False,True,False,True,True,False,False,True,False,False,False,True,False,False,2026-10-29,False,False,5,LoD>60% ATR,near21,4,https://www.tradingview.com/chart/?symbol=NASDAQ:EXPE&interval=D,False,False,False
PSKY,Paramount Skydance Corporation,NASDAQ,Cable/Satellite TV,9.99,10.24,10.48,10.52,9.83,9.96,10.16,10.62,10.21,10.3,10.31,9.89,5.4,5.13,0.51,34639853.2,18466696.433333334,184482297.0,194315813.0,0.56,-0.78,11208239127.989302,-7.29,215,0.91,170,10.75,244,1.46,0.31,-4.7,0.58,0.82,19.5,0.153,7.9,False,False,False,False,False,True,True,False,False,True,False,True,False,True,False,False,2026-11-16,False,False,5,below 200-MA,near21,4,https://www.tradingview.com/chart/?symbol=NASDAQ:PSKY&interval=D,False,False,False
COHR,Coherent Corp.,NYSE,Semiconductors,292.21,299.69,291.27,290.31,297.0,330.63,315.01,287.08,294.69,295.01,302.72,285.85,5.76,6.98,20.41,6729125.5,6253657.766666667,1827381336.0,1815491048.0,0.86,2.65,57224142747.56788,0.96,135,-21.05,302,24.34,201,1.42,-0.23,0.32,0.14,0.83,31.2,0.225,14.9,False,False,False,True,True,True,True,False,False,True,False,True,False,True,False,False,2026-11-11,False,True,5,large gap,near21,6,https://www.tradingview.com/chart/?symbol=NYSE:COHR&interval=D,False,False,False
GOLD,"Gold.com, Inc.",NYSE,Investment Banks/Brokers,42.88,44.42,45.24,45.29,44.03,42.74,44.03,44.21,44.17,44.71,43.49,42.31,4.13,4.78,2.05,582851.0,676704.5666666667,29017092.0,30648627.0,0.52,0.63,1250155916.6655774,-7.41,217,3.18,158,8.42,248,1.4,-0.55,-5.22,0.86,0.58,27.8,0.187,5.83,False,False,False,False,False,True,True,True,False,True,False,True,False,False,False,False,2026-11-10,False,False,4,"thin RVOL, below 200-MA","near21, ADR",5,https://www.tradingview.com/chart/?symbol=NYSE:GOLD&interval=D,False,False,False
TTMI,"TTM Technologies, Inc.",NASDAQ,Electronic Components,122.8,122.72,121.36,119.92,124.16,148.9,137.12,124.46,123.6,122.85,128.4,120.12,5.41,6.49,7.97,1922621.1,2087528.4666666666,256348496.0,250336414.0,1.19,3.05,12936841407.755856,-0.01,144,-31.97,376,36.1,173,1.37,-0.17,1.19,0.01,1.04,33.6,0.187,22.43,False,False,False,False,True,True,False,False,False,True,True,True,False,True,False,False,2026-11-04,False,True,4,"below 200-MA, large gap",near21,4,https://www.tradingview.com/chart/?symbol=NASDAQ:TTMI&interval=D,False,False,False
UCTT,"Ultra Clean Holdings, Inc.",NASDAQ,Industrial Machinery,80.46,74.43,72.12,72.66,78.59,88.36,81.25,71.0,75.76,74.75,82.04,79.72,4.12,5.71,4.59,778900.6,823853.1666666666,66287226.0,59863643.0,1.18,3.86,3642989588.410913,8.95,70,-41.3,420,35.14,177,0.93,0.42,11.57,1.34,0.51,16.1,0.27,21.57,False,True,True,True,False,True,True,True,False,True,False,True,False,False,False,False,2026-10-28,False,True,4,"thin RVOL, large gap","EMA, near21, ADR",8,https://www.tradingview.com/chart/?symbol=NASDAQ:UCTT&interval=D,False,False,False
KOS,Kosmos Energy Ltd.,NYSE,Integrated Oil,2.58,2.69,2.8,2.82,2.7,2.66,2.67,2.32,2.69,2.74,2.66,2.5,5.64,6.13,0.16,13772364.5,12842388.966666667,33133364.0,36155606.0,0.83,-2.33,1536357988.0,-9.15,246,23.44,85,-11.95,316,0.78,-0.72,-7.96,0.93,1.01,50.6,0.214,18.67,False,False,False,True,False,True,False,False,False,True,True,True,False,False,False,False,2026-11-09,False,True,4,"thin RVOL, large gap",near21,4,https://www.tradingview.com/chart/?symbol=NYSE:KOS&interval=D,False,False,False
AXGN,"Axogen, Inc.",NASDAQ,Medical Specialties,42.44,44.13,45.08,46.74,45.77,43.96,40.76,38.8,43.89,44.93,43.78,41.76,5.08,5.11,2.17,1147066.5,1180947.3,50119403.0,55197280.0,1.23,0.71,2490019029.651292,-17.67,340,-8.46,218,28.3,191,0.72,-1.42,-5.85,1.09,0.93,31.4,0.195,16.42,False,False,False,True,False,True,True,False,False,True,False,True,False,False,True,False,2026-11-10,False,False,5,thin RVOL,"near21, RVOL",5,https://www.tradingview.com/chart/?symbol=NASDAQ:AXGN&interval=D,False,False,False
TMDX,"TransMedics Group, Inc.",NASDAQ,Medical Specialties,84.07,85.9,85.92,87.77,84.75,77.77,90.02,100.66,85.32,85.93,84.22,81.76,4.8,4.74,3.99,673792.2,695805.1,58496335.0,61070118.0,0.61,-0.21,2915139491.112292,-8.52,232,24.22,82,-13.61,324,0.7,-0.17,-2.15,0.46,0.62,58.1,0.098,27.23,False,False,False,False,True,True,True,True,True,True,False,True,False,False,False,False,2026-11-04,False,False,4,"thin RVOL, below 200-MA","near21, ADR, BB",7,https://www.tradingview.com/chart/?symbol=NASDAQ:TMDX&interval=D,False,False,False
RGTI,"Rigetti Computing, Inc.",NASDAQ,Computer Processing Hardware,15.74,16.04,15.63,15.94,16.12,17.96,17.46,18.48,16.01,15.97,16.42,15.73,5.44,6.1,0.96,17311890.5,16832102.966666665,264937301.0,268275668.0,0.76,2.7,5253519869.903448,-3.14,172,-17.87,283,22.11,208,0.37,-0.38,0.73,0.24,0.72,1.0,0.15,18.1,False,False,False,False,True,True,True,False,False,True,False,True,False,False,False,False,2026-11-16,False,True,3,"thin RVOL, below 200-MA, large gap",near21,5,https://www.tradingview.com/chart/?symbol=NASDAQ:RGTI&interval=D,False,False,False
RYAN,"Ryan Specialty Holdings, Inc.",NYSE,Insurance Brokers/Services,37.85,38.59,39.54,40.72,41.64,38.59,37.54,40.33,38.39,39.43,38.18,37.42,4.14,4.15,1.57,2418693.6,1830141.6,69270860.0,74525196.0,0.47,-1.08,9682589469.071356,-13.37,284,-1.2,179,14.8,227,0.08,-2.19,-4.27,0.97,0.48,27.4,0.18,10.82,False,False,False,False,False,True,True,True,False,True,False,True,False,False,False,False,2026-10-29,False,False,4,"thin RVOL, below 200-MA","near21, ADR",5,https://www.tradingview.com/chart/?symbol=NYSE:RYAN&interval=D,False,False,False
SHLS,"Shoals Technologies Group, Inc.",NASDAQ,Semiconductors,7.77,7.59,7.32,7.3,7.96,9.1,8.33,8.59,7.55,7.52,7.84,7.44,5.5,6.03,0.47,4212734.7,4641133.5,36061607.0,33885689.0,1.14,2.16,1307690681.6603773,3.6,112,-19.65,290,15.97,222,-0.03,-0.39,6.11,0.55,0.86,70.6,0.209,22.85,False,False,True,False,False,True,True,False,False,True,False,False,False,False,False,False,2026-11-10,False,True,2,"LoD>60% ATR, thin RVOL, below 200-MA, large gap","EMA, near21",4,https://www.tradingview.com/chart/?symbol=NASDAQ:SHLS&interval=D,False,False,False
ASO,"Academy Sports and Outdoors, Inc.",NASDAQ,Specialty Stores,47.89,48.85,48.68,47.39,47.8,48.87,51.4,52.54,48.76,48.51,49.07,47.75,4.26,4.08,1.95,1631165.4,2077246.8333333333,99479351.0,98449729.0,0.61,0.37,2949013163.376672,12.15,53,1.61,166,-15.72,331,-0.65,0.05,-1.62,0.31,0.68,7.2,0.283,9.89,False,False,False,False,True,True,True,True,False,True,False,True,False,False,False,False,2026-12-03,False,False,4,"thin RVOL, below 200-MA","near21, ADR",6,https://www.tradingview.com/chart/?symbol=NASDAQ:ASO&interval=D,False,False,False
VRDN,"Viridian Therapeutics, Inc.",NASDAQ,Pharmaceuticals: Major,20.0,21.32,21.92,22.61,21.93,19.71,20.27,23.02,21.11,21.68,20.85,19.73,4.5,4.54,0.91,2125670.3,1502986.4,30052213.0,33989787.0,0.58,0.56,2265278841.5425377,-15.2,307,5.51,149,7.73,249,-0.65,-1.95,-8.77,1.71,1.23,29.2,0.168,16.6,False,False,False,False,False,False,False,False,False,False,True,True,False,False,False,False,2026-11-16,False,False,4,"thin RVOL, below 200-MA",,2,https://www.tradingview.com/chart/?symbol=NASDAQ:VRDN&interval=D,False,False,False
PTEN,"Patterson-UTI Energy, Inc.",NASDAQ,Oil & Gas Production,10.55,11.3,12.02,12.05,11.38,11.1,10.88,9.95,11.26,11.59,10.68,10.46,4.06,4.52,0.48,8595073.6,8087996.2,85328360.0,97461702.0,0.98,-2.58,4023610706.668203,-13.03,281,12.83,111,-1.95,275,-0.71,-1.61,-12.21,1.99,0.45,18.9,0.271,19.62,False,False,False,True,False,False,True,True,False,True,False,True,False,False,False,False,2026-10-28,False,True,4,"thin RVOL, large gap",ADR,5,https://www.tradingview.com/chart/?symbol=NASDAQ:PTEN&interval=D,False,False,False
COCO,"The Vita Coco Company, Inc.",NASDAQ,Food: Specialty/Candy,56.55,57.52,55.99,58.38,61.66,68.54,63.66,61.33,57.35,57.8,57.43,55.8,4.33,4.42,2.5,1470055.7,1283739.0333333334,72595442.0,74939764.0,0.47,-1.14,3245805050.7310095,-8.64,233,-14.08,248,19.76,216,-0.99,-1.87,0.99,0.49,0.65,30.2,0.172,22.19,False,False,False,False,True,True,True,True,False,True,False,True,False,False,False,False,2026-11-04,False,False,4,"thin RVOL, below 200-MA","near21, ADR",6,https://www.tradingview.com/chart/?symbol=NASDAQ:COCO&interval=D,False,False,False
JEF,Jefferies Financial Group Inc.,NYSE,Investment Banks/Brokers,46.52,47.29,50.15,51.02,52.89,53.74,50.38,52.89,47.8,49.47,47.94,45.92,4.03,3.79,1.76,3070245.5000000005,2171713.999999998,101028135.0,110803020.0,1.26,-2.23,10725291938.861872,-12.23,274,-6.98,208,15.41,225,-1.27,-3.17,-7.24,1.57,1.15,34.0,0.261,13.87,False,False,False,False,False,False,False,False,False,False,True,True,False,True,True,False,2027-01-13,False,True,4,"below 200-MA, large gap",RVOL,2,https://www.tradingview.com/chart/?symbol=NYSE:JEF&interval=D,False,False,False
NCNO,"nCino, Inc.",NASDAQ,Packaged Software,17.95,19.94,21.1,21.2,20.19,18.14,17.63,18.81,19.7,20.38,18.73,17.66,4.8,5.12,0.92,2326364.1,2660513.466666667,47756217.0,56413528.0,1.69,0.7,1897964389.502688,-22.96,397,6.72,140,12.05,237,-1.4,-2.17,-14.94,2.33,1.16,31.0,0.286,19.33,False,False,False,False,False,False,False,False,False,False,True,True,True,True,True,False,2026-12-02,False,False,5,below 200-MA,RVOL,2,https://www.tradingview.com/chart/?symbol=NASDAQ:NCNO&interval=D,False,False,False
PBLS,"Parabilis Medicines, Inc.",NASDAQ,Pharmaceuticals: Major,31.91,35.61,37.02,37.81,36.32,,,,34.47,35.92,33.74,31.2,10.26,9.39,2.99,1838430.9,900991.1666666666,28750628.0,34067978.0,0.25,0.83,3941945778.7316546,-18.1,345,17.88,98,-4.32,286,-1.51,-1.29,-13.8,1.19,0.85,23.7,0.348,4.44,False,False,False,False,False,True,True,False,False,True,False,True,False,False,False,True,2026-12-02,False,False,4,"thin RVOL, below 200-MA",near21,5,https://www.tradingview.com/chart/?symbol=NASDAQ:PBLS&interval=D,False,False,False
CECO,CECO Environmental Corp.,NASDAQ,Industrial Machinery,70.6,71.92,72.93,72.66,72.79,79.07,73.6,71.85,72.31,72.65,73.56,70.44,4.64,5.43,3.83,720108.4,690494.7333333333,48748928.0,50170772.0,0.72,1.02,4135029981.585939,-1.6,160,-20.87,300,17.57,220,-1.63,-0.55,-3.19,0.52,0.81,4.2,0.17,10.24,False,False,False,False,False,True,True,False,False,True,False,True,False,False,False,False,2026-11-09,False,False,4,"thin RVOL, below 200-MA",near21,4,https://www.tradingview.com/chart/?symbol=NASDAQ:CECO&interval=D,False,False,False
ACHR,Archer Aviation Inc.,NYSE,Aerospace & Defense,5.06,5.43,5.52,5.7,5.61,5.6,5.72,6.25,5.43,5.53,5.29,5.02,5.22,5.99,0.3,25500713.6,24853614.7,125759290.0,141549620.0,0.73,1.35,3896320303.446153,-13.95,291,5.64,148,1.2,262,-2.37,-1.63,-8.26,1.41,0.89,13.2,0.147,16.28,False,False,False,False,False,True,True,False,False,True,False,True,False,False,False,False,2026-11-05,False,False,4,"thin RVOL, below 200-MA",near21,4,https://www.tradingview.com/chart/?symbol=NYSE:ACHR&interval=D,False,False,False
LAD,"Lithia Motors, Inc.",NYSE,Specialty Stores,289.26,313.1,340.27,349.81,357.86,327.28,307.47,312.73,314.95,331.8,317.24,288.0,4.58,4.59,13.29,382975.7,256464.03333333333,74184786.0,89712658.0,0.93,0.05,6358836331.613093,-22.86,395,0.24,173,15.33,226,-2.43,-4.17,-14.99,2.79,2.2,9.5,0.347,17.42,False,False,False,False,False,False,False,False,False,False,True,True,False,False,False,False,2026-10-28,False,False,4,"thin RVOL, below 200-MA",,2,https://www.tradingview.com/chart/?symbol=NYSE:LAD&interval=D,False,False,False
MDA,MDA Space Ltd.,NYSE,Electronic Production Equipment,29.64,30.79,29.88,30.1,31.07,34.79,33.41,30.98,30.62,30.51,31.49,29.62,4.2,4.73,1.4,1415437.5,1297995.4666666666,38472586.0,39068798.0,1.84,0.71,4805556712.331361,-2.18,163,-27.3,347,21.28,209,-2.73,-0.97,-0.79,0.6,1.33,1.4,0.158,16.57,False,False,False,False,True,True,False,False,False,True,True,True,True,True,True,False,2026-11-06,False,False,5,below 200-MA,"near21, RVOL",4,https://www.tradingview.com/chart/?symbol=NYSE:MDA&interval=D,False,False,False
CNXC,Concentrix Corporation,NASDAQ,Information Technology Services,24.88,28.04,28.96,28.25,26.85,25.94,26.95,30.0,27.57,27.95,26.01,23.93,7.71,8.26,2.05,2661213.6,1752430.7666666666,43600477.0,49506169.0,1.41,0.28,1518136656.0251474,-11.93,272,6.42,144,-3.19,280,-2.9,-0.89,-14.08,1.33,1.01,46.2,0.304,16.31,False,False,False,False,False,True,False,False,False,True,True,True,False,False,True,False,2027-01-19,False,False,4,"thin RVOL, below 200-MA","near21, RVOL",3,https://www.tradingview.com/chart/?symbol=NASDAQ:CNXC&interval=D,False,False,False
GNRC,Generac Holdings Inc.,NYSE,Electrical Products,212.22,202.39,192.69,195.58,200.96,231.03,225.64,211.86,202.14,199.0,212.41,205.25,4.11,4.81,10.21,2128652.4,1337032.4666666666,283745030.0,261496364.0,0.62,1.31,12534548553.185516,6.83,90,-26.33,341,10.76,243,-2.91,1.16,10.13,1.38,0.7,68.3,0.257,18.06,False,True,True,True,False,True,True,False,False,True,False,False,False,True,False,False,2026-11-04,False,False,5,LoD>60% ATR,"EMA, near21",6,https://www.tradingview.com/chart/?symbol=NYSE:GNRC&interval=D,False,False,False
PATH,"UiPath, Inc.",NYSE,Packaged Software,12.32,13.02,14.19,15.09,14.46,12.76,12.16,12.74,13.04,13.84,12.35,11.99,5.19,6.35,0.78,47304059.5,59441881.43333333,732323979.0,896918549.0,0.71,0.49,6420637894.52338,-32.03,439,10.79,120,12.41,234,-2.94,-2.33,-13.2,1.73,0.46,42.2,0.508,18.74,False,False,False,False,False,False,True,True,False,True,False,True,False,False,False,False,2026-12-09,False,False,4,"thin RVOL, below 200-MA",ADR,4,https://www.tradingview.com/chart/?symbol=NYSE:PATH&interval=D,False,False,False
RDDT,"Reddit, Inc.",NYSE,Internet Software/Services,145.36,151.87,153.14,153.39,158.03,165.29,158.93,169.74,150.57,153.03,147.55,141.32,4.73,5.18,7.53,5232145.1,4883250.3,709829264.0,749028742.0,0.95,1.31,27966758570.23539,-4.53,189,-16.94,274,12.1,236,-3.12,-1.55,-5.08,0.97,0.83,53.6,0.138,12.29,False,False,False,False,False,True,True,False,False,True,False,True,False,True,False,False,2026-11-04,False,False,5,below 200-MA,near21,4,https://www.tradingview.com/chart/?symbol=NYSE:RDDT&interval=D,False,False,False
BTDR,Bitdeer Technologies Group,NASDAQ,Data Processing Services,10.9,11.94,11.79,11.39,11.02,13.2,12.07,12.0,11.69,11.62,11.44,10.88,6.95,8.18,0.89,10874824.7,12212646.1,133117842.0,139069472.0,1.5,2.22,2962426411.8495016,-2.24,165,-29.4,360,22.2,207,-3.15,-0.14,-7.56,0.76,0.63,1.7,0.275,19.93,False,False,False,False,False,True,True,True,False,True,False,True,True,True,True,False,2026-11-16,False,True,4,"below 200-MA, large gap","near21, ADR, RVOL",5,https://www.tradingview.com/chart/?symbol=NASDAQ:BTDR&interval=D,False,False,False
CDE,"Coeur Mining, Inc.",NYSE,Precious Metals,17.84,19.19,19.94,20.28,18.79,17.99,18.69,19.27,19.07,19.48,17.93,17.12,4.71,5.65,1.01,40907773.2,36285562.63333333,647334437.0,735810734.0,1.04,0.0,18338362306.793507,-20.18,366,10.74,121,-0.22,267,-3.22,-0.89,-10.53,1.49,0.8,71.4,0.206,10.93,False,False,False,False,False,True,True,False,False,True,False,False,False,True,False,False,2026-11-11,False,False,4,"LoD>60% ATR, below 200-MA",near21,3,https://www.tradingview.com/chart/?symbol=NYSE:CDE&interval=D,False,False,False
ATRO,Astronics Corporation,NASDAQ,Aerospace & Defense,67.46,67.79,70.59,72.93,74.1,73.31,68.95,65.86,68.76,70.6,69.1,65.66,4.59,4.89,3.3,758674.1999999996,633052.5666666664,42705726.0,46165675.0,0.71,0.84,2898363476.1005173,-13.51,286,-16.15,269,19.5,217,-3.39,-1.83,-4.43,0.91,1.04,54.6,0.202,12.22,False,False,False,True,False,True,False,False,False,True,True,True,False,False,False,False,2026-11-11,False,False,5,thin RVOL,near21,4,https://www.tradingview.com/chart/?symbol=NASDAQ:ATRO&interval=D,False,False,False
MNDY,monday.com Ltd.,NASDAQ,Packaged Software,76.05,85.36,88.0,90.08,88.3,83.27,79.06,89.74,83.99,86.77,79.12,73.16,6.2,6.87,5.22,1100211.3,1161683.7666666666,88346050.0,104643312.0,2.56,-2.81,3214946685.540797,-23.19,401,0.94,169,11.67,239,-3.53,-2.02,-13.57,1.8,1.14,55.3,0.268,14.04,False,False,False,False,False,False,False,False,False,False,True,True,True,True,True,False,2026-11-16,False,True,4,"below 200-MA, large gap",RVOL,2,https://www.tradingview.com/chart/?symbol=NASDAQ:MNDY&interval=D,False,False,False
QBTS,D-Wave Quantum Inc.,NASDAQ,Computer Processing Hardware,16.43,17.12,16.96,17.49,18.2,20.7,19.73,20.95,17.03,17.3,17.21,16.36,5.81,6.51,1.07,17352606.3,16177209.166666666,265791547.0,283009490.0,0.84,1.97,6237265737.10727,-6.44,208,-30.37,364,25.42,199,-3.79,-1.5,-3.11,0.77,0.79,6.1,0.109,24.29,False,False,False,False,False,True,True,False,False,True,False,True,False,False,False,False,2026-11-05,False,False,4,"thin RVOL, below 200-MA",near21,4,https://www.tradingview.com/chart/?symbol=NASDAQ:QBTS&interval=D,False,False,False
STRL,"Sterling Infrastructure, Inc.",NASDAQ,Engineering & Construction,504.94,507.76,493.15,497.23,533.39,666.94,596.75,536.34,504.55,505.45,520.28,495.55,4.38,5.37,27.12,540515.3,541761.8333333334,273557220.0,269379695.0,0.67,1.58,15445365897.469217,0.88,138,-38.03,409,25.47,198,-3.89,-0.99,2.39,0.02,0.91,34.6,0.172,34.42,False,False,False,False,True,True,True,False,False,True,False,True,False,True,False,False,2026-11-09,False,False,5,below 200-MA,near21,5,https://www.tradingview.com/chart/?symbol=NASDAQ:STRL&interval=D,False,False,False
CVNA,Carvana Co.,NYSE,Specialty Stores,63.62,64.62,68.3,69.55,68.73,68.46,68.4,72.38,64.93,67.04,64.69,61.95,4.55,5.21,3.31,8629666.2,7976047.4,507436136.0,554712827.0,1.21,3.41,70011508234.29172,-14.57,298,-2.93,191,5.81,255,-3.9,-1.43,-6.85,0.98,0.83,50.4,0.248,12.19,False,False,False,False,False,True,True,False,False,True,False,True,False,True,True,False,2026-10-29,False,True,4,"below 200-MA, large gap","near21, RVOL",4,https://www.tradingview.com/chart/?symbol=NYSE:CVNA&interval=D,False,False,False
HCC,"Warrior Met Coal, Inc.",NYSE,Coal,88.03,90.15,96.02,99.13,94.11,91.36,90.17,90.29,91.2,93.92,92.58,87.01,4.17,4.61,4.06,762034.0,625839.3,55092634.0,62040493.0,0.92,-0.86,4648167619.5462675,-18.87,352,10.27,124,-3.9,284,-4.17,-1.4,-8.32,1.36,1.37,25.1,0.291,6.67,False,False,False,False,False,True,False,False,False,True,True,True,False,False,False,False,2026-11-04,False,False,4,"thin RVOL, below 200-MA",near21,3,https://www.tradingview.com/chart/?symbol=NYSE:HCC&interval=D,False,False,False
HL,Hecla Mining Company,NYSE,Precious Metals,17.15,18.18,19.11,19.53,18.15,17.29,18.01,19.21,18.14,18.62,17.24,16.7,4.64,5.66,0.97,44703213.3,36370823.13333333,623759617.0,710346423.0,0.76,0.06,11520828774.83539,-20.6,370,12.39,115,-4.62,287,-4.28,-0.98,-10.25,1.39,0.56,46.4,0.252,11.24,False,False,False,False,False,True,True,True,False,True,False,True,False,True,False,False,2026-11-11,False,False,5,below 200-MA,"near21, ADR",5,https://www.tradingview.com/chart/?symbol=NYSE:HL&interval=D,False,False,False
AKAM,"Akamai Technologies, Inc.",NASDAQ,Data Processing Services,108.45,111.21,108.83,109.06,112.76,123.52,117.33,111.36,110.81,110.54,111.43,105.75,5.95,6.0,6.51,7679140.6,4623653.033333333,501435171.0,504274094.0,0.82,1.64,15586066458.084232,-2.22,164,-7.51,213,-3.77,283,-4.5,-0.64,-0.35,0.31,0.87,41.5,0.166,13.54,False,False,False,False,True,True,True,False,False,True,False,True,False,True,False,False,2026-11-10,False,False,5,below 200-MA,near21,5,https://www.tradingview.com/chart/?symbol=NASDAQ:AKAM&interval=D,False,False,False
NESR,National Energy Services Reunited Corp,NASDAQ,Oilfield Services/Equipment,26.49,31.61,32.79,33.18,31.92,29.03,26.94,24.88,31.17,32.1,28.92,25.77,5.65,6.17,1.63,2241872.1,1865293.7666666666,49411632.0,61899463.0,2.85,-3.99,2671563097.8738675,-24.77,412,-9.16,220,20.19,213,-4.58,-2.76,-19.22,2.83,1.93,44.1,0.233,29.88,False,False,False,True,False,False,False,False,False,False,True,True,True,True,True,False,2026-11-04,False,True,5,large gap,RVOL,3,https://www.tradingview.com/chart/?symbol=NASDAQ:NESR&interval=D,False,False,False
CDW,CDW Corporation,NASDAQ,Information Technology Services,129.71,142.03,145.71,144.05,142.26,134.02,131.28,131.84,139.55,142.49,132.0,128.77,4.05,4.56,5.91,1548189.0,1656377.9,214848777.0,238600684.0,0.81,-0.81,16216011484.34543,-13.53,287,-7.56,214,7.0,250,-4.69,-1.94,-10.98,1.97,0.55,15.9,0.194,11.12,False,False,False,False,False,False,True,True,False,True,False,True,False,True,False,False,2026-11-04,False,False,5,below 200-MA,ADR,4,https://www.tradingview.com/chart/?symbol=NASDAQ:CDW&interval=D,False,False,False
RKLB,Rocket Lab Corporation,NASDAQ,Aerospace & Defense,69.7,69.77,66.57,67.64,69.66,87.88,82.96,81.25,69.95,68.93,74.25,69.4,5.14,5.61,3.91,21817480.6,18344415.433333334,1278605756.0,1240761227.0,0.9,1.77,41712647925.79443,4.44,105,-31.12,370,12.01,238,-4.89,0.01,4.7,0.2,1.24,7.7,0.243,30.57,False,False,False,False,False,True,False,False,False,True,True,True,False,True,False,False,2026-11-16,False,False,5,below 200-MA,near21,3,https://www.tradingview.com/chart/?symbol=NASDAQ:RKLB&interval=D,False,False,False
SPHR,Sphere Entertainment Co.,NYSE,Media Conglomerates,134.3,141.01,141.48,145.6,148.55,147.02,138.82,128.39,139.95,142.81,141.46,133.89,4.38,4.64,6.24,529722.4,578055.2333333333,77632818.0,84167347.0,0.79,1.24,4823197599.166667,-8.3,228,-21.25,303,14.47,228,-5.02,-2.06,-5.08,1.28,1.21,6.6,0.103,15.01,False,False,False,True,False,True,False,False,False,True,True,True,False,False,False,False,2026-11-10,False,False,5,thin RVOL,near21,4,https://www.tradingview.com/chart/?symbol=NYSE:SPHR&interval=D,False,False,False
EQPT,EquipmentShare.com Inc,NASDAQ,Internet Software/Services,18.5,17.92,18.05,18.19,18.76,19.7,20.84,,17.95,18.12,18.59,17.85,5.74,6.13,1.13,4705642.0,3052826.8,56477296.0,55544148.0,0.78,0.88,4695429672.707304,0.65,140,-6.85,207,-8.91,297,-5.04,-0.23,2.52,0.34,0.65,57.3,0.162,15.79,False,False,False,False,True,True,True,True,False,True,False,True,False,False,False,False,2026-12-02,False,False,4,"thin RVOL, below 200-MA","near21, ADR",6,https://www.tradingview.com/chart/?symbol=NASDAQ:EQPT&interval=D,False,False,False
AAOI,"Applied Optoelectronics, Inc.",NASDAQ,Semiconductors,100.67,101.66,102.41,107.25,111.54,134.91,130.43,107.67,101.49,104.43,103.83,97.43,6.02,8.08,8.14,7362111.4,7557451.933333334,760808686.0,810534201.0,1.03,2.01,8547516000.316463,-8.86,236,-29.88,363,23.37,204,-5.12,-1.21,-1.7,0.45,0.79,39.8,0.173,33.03,False,False,False,False,True,True,True,False,False,True,False,True,False,False,False,False,2026-11-05,False,True,3,"thin RVOL, below 200-MA, large gap",near21,5,https://www.tradingview.com/chart/?symbol=NASDAQ:AAOI&interval=D,False,False,False
AAON,"AAON, Inc.",NASDAQ,Industrial Machinery,85.1,81.06,79.03,78.86,84.71,106.48,100.9,97.77,82.4,81.26,87.42,84.5,4.49,5.05,4.3,1330878.1999999997,1181884.7333333339,100584300.0,93208552.0,0.69,1.77,7017217054.538318,8.84,73,-30.57,366,6.0,254,-5.24,0.09,7.69,0.94,0.68,14.1,0.205,32.26,False,True,True,False,False,True,True,False,False,True,False,True,False,False,False,False,2026-11-09,False,False,4,"thin RVOL, below 200-MA","EMA, near21",6,https://www.tradingview.com/chart/?symbol=NASDAQ:AAON&interval=D,False,False,False
COMP,"Compass, Inc.",NYSE,Real Estate Development,9.01,9.66,10.14,10.63,11.2,10.45,9.64,10.12,9.58,10.11,9.2,8.9,5.49,5.62,0.51,17887522.4,13391630.166666666,120658588.0,142370884.0,0.77,1.1,6916478584.621979,-19.19,354,-26.33,342,29.64,187,-5.29,-3.48,-11.15,1.94,0.59,21.7,0.252,17.25,False,False,False,False,False,False,True,True,False,True,False,True,False,False,False,False,2026-11-11,False,False,4,"thin RVOL, below 200-MA",ADR,4,https://www.tradingview.com/chart/?symbol=NYSE:COMP&interval=D,False,False,False
CF,"CF Industries Holdings, Inc.",NYSE,Chemicals: Agricultural,115.71,122.23,128.79,127.78,125.07,119.89,120.35,111.95,121.04,124.45,117.62,114.03,4.09,4.16,4.82,2652533.700000006,2697963.700000016,312181380.0,344758392.0,0.94,-0.59,17511334132.46195,-8.68,234,6.73,139,-14.13,327,-5.36,-1.8,-10.16,1.69,0.74,34.9,0.254,14.55,False,False,False,True,False,False,True,False,False,False,False,True,False,True,False,False,2026-11-04,False,False,6,,,4,https://www.tradingview.com/chart/?symbol=NYSE:CF&interval=D,False,False,False
BRUN,Boost Run Inc.,NASDAQ,Packaged Software,16.65,16.63,16.58,17.32,18.64,24.19,20.32,18.21,16.6,17.03,17.2,16.2,6.92,9.02,1.5,2259824.3,2197080.066666667,36581383.0,38055990.0,0.58,0.92,1396021567.0566504,-17.57,339,-54.12,437,55.46,122,-5.41,-1.18,0.42,0.25,0.67,30.0,0.261,45.68,False,False,False,False,True,True,True,False,False,True,False,True,False,False,False,False,2026-12-02,False,False,4,"thin RVOL, below 200-MA",near21,5,https://www.tradingview.com/chart/?symbol=NASDAQ:BRUN&interval=D,False,False,False
STEP,StepStone Group Inc.,NASDAQ,Investment Managers,43.15,45.49,47.83,48.51,47.57,47.16,47.72,52.17,45.31,46.81,43.43,42.66,4.52,4.64,2.0,1066755.5,1008247.1666666666,43505865.0,48913767.0,0.62,0.37,5207198423.905127,-14.33,292,3.23,157,-5.56,289,-5.55,-2.0,-9.79,1.68,0.39,24.7,0.228,15.47,False,False,False,False,False,False,True,True,False,True,False,True,False,False,False,False,2026-11-05,False,False,4,"thin RVOL, below 200-MA",ADR,4,https://www.tradingview.com/chart/?symbol=NASDAQ:STEP&interval=D,False,False,False
MOS,Mosaic Company (The),NYSE,Chemicals: Agricultural,22.42,23.92,24.75,24.33,23.61,22.86,23.77,24.55,23.65,24.04,22.59,22.08,4.38,4.59,1.03,7929953.8,8263478.133333334,185267180.0,201072459.0,0.62,0.0,7127220706.268765,-6.39,206,6.26,145,-16.81,336,-5.65,-1.1,-9.4,1.47,0.49,32.7,0.185,8.41,False,False,False,False,False,True,True,True,False,True,False,True,False,False,False,False,2026-11-10,False,False,4,"thin RVOL, below 200-MA","near21, ADR",5,https://www.tradingview.com/chart/?symbol=NYSE:MOS&interval=D,False,False,False
PCOR,"Procore Technologies, Inc.",NYSE,Packaged Software,49.54,50.6,53.53,56.45,55.05,50.2,52.12,55.19,50.87,52.94,49.94,48.0,4.22,4.64,2.3,2716488.3,2773169.6333333333,137382824.0,156533409.0,1.46,-0.41,7527867632.057073,-21.98,382,18.18,95,-13.32,321,-5.71,-2.16,-7.45,1.39,0.84,67.0,0.274,10.07,False,False,False,False,False,True,True,False,False,True,False,False,False,False,True,False,2026-11-04,False,False,3,"LoD>60% ATR, thin RVOL, below 200-MA","near21, RVOL",3,https://www.tradingview.com/chart/?symbol=NYSE:PCOR&interval=D,False,False,False
PTRN,Pattern Group Inc. - Series A,NASDAQ,Advertising/Marketing Services,16.89,18.73,19.36,19.91,21.14,21.44,18.42,16.96,18.33,19.28,17.12,16.71,5.63,6.04,1.02,2112381.0,1590351.4333333333,26861036.0,31656475.0,0.64,1.13,2996270728.4991055,-22.59,391,-33.06,384,38.33,166,-5.77,-3.33,-12.74,2.05,0.4,17.6,0.242,26.53,False,False,False,False,False,False,True,True,False,True,False,True,False,False,False,False,2026-11-11,False,False,4,"thin RVOL, below 200-MA",ADR,4,https://www.tradingview.com/chart/?symbol=NASDAQ:PTRN&interval=D,False,False,False
BSP,Bending Spoons S.p.A.,NASDAQ,Packaged Software,32.76,35.78,37.81,39.16,39.16,,,,35.27,37.17,33.69,32.03,7.25,8.04,2.63,3000312.6,1882539.4666666666,61662580.0,73719304.0,0.84,0.39,20806609766.30542,-29.19,425,5.66,147,5.66,256,-5.95,-2.04,-13.37,1.48,0.63,27.5,0.299,10.32,False,False,False,False,False,True,True,True,False,True,False,True,False,True,False,False,2026-12-02,False,False,5,below 200-MA,"near21, ADR",5,https://www.tradingview.com/chart/?symbol=NASDAQ:BSP&interval=D,False,False,False
ORCL,Oracle Corporation,NYSE,Packaged Software,137.79,143.07,147.16,146.87,142.7,159.95,159.29,163.67,141.65,144.47,143.67,132.53,4.73,5.28,7.28,33982760.4,30183423.133333333,4158973874.0,4433180212.0,1.4,0.14,416640614190.2389,-10.29,253,-4.64,198,-3.49,281,-6.14,-0.65,-6.36,0.88,1.53,72.3,0.216,15.22,False,False,False,False,False,True,False,False,False,True,True,False,False,True,True,False,2026-12-14,False,False,4,"LoD>60% ATR, below 200-MA","near21, RVOL",2,https://www.tradingview.com/chart/?symbol=NYSE:ORCL&interval=D,False,False,False
EXK,Endeavour Silver Corporation,NYSE,Precious Metals,8.74,9.61,10.12,10.34,9.74,9.3,9.55,9.95,9.5,9.83,9.0,8.54,5.56,6.76,0.59,8398796.8,8870033.033333333,77524089.0,91689531.0,1.38,0.33,2588302677.6333594,-23.73,406,6.2,146,-0.91,272,-6.15,-1.52,-13.62,1.65,0.77,33.0,0.312,9.41,False,False,False,False,False,False,True,False,False,False,False,True,False,False,True,False,2026-11-10,False,False,4,"thin RVOL, below 200-MA",RVOL,3,https://www.tradingview.com/chart/?symbol=NYSE:EXK&interval=D,False,False,False
FIG,FIGMA INC,NYSE,Packaged Software,20.72,21.81,22.91,24.47,24.34,22.79,22.75,24.79,21.68,22.81,20.82,19.86,5.25,6.44,1.33,13434907.5,14267117.4,295614673.0,349130630.0,0.85,-0.1,11043959262.960987,-31.35,434,11.1,119,1.27,261,-6.33,-2.31,-9.57,1.42,0.72,64.5,0.298,14.37,False,False,False,False,False,True,True,False,False,True,False,False,False,True,False,False,2026-11-11,False,False,4,"LoD>60% ATR, below 200-MA",near21,3,https://www.tradingview.com/chart/?symbol=NYSE:FIG&interval=D,False,False,False
GWRE,"Guidewire Software, Inc.",NYSE,Information Technology Services,142.52,147.3,155.35,167.33,164.17,148.44,147.6,151.96,148.44,154.87,145.93,139.05,4.2,5.63,8.03,1208251.3,1478653.9,210737754.0,247421678.0,1.16,-0.54,11685594475.71456,-28.65,424,13.09,110,-3.64,282,-6.4,-2.34,-8.26,1.42,0.86,43.3,0.49,11.84,False,False,False,False,False,True,True,False,False,True,False,True,False,True,False,False,2026-12-03,False,False,5,below 200-MA,near21,4,https://www.tradingview.com/chart/?symbol=NYSE:GWRE&interval=D,False,False,False
VG,"Venture Global, Inc.",NYSE,Oil & Gas Pipelines,12.54,13.42,14.24,14.25,13.96,13.18,13.2,11.95,13.36,13.8,12.8,12.34,5.14,5.46,0.68,15158959.6,14337101.9,179787258.0,204246354.0,0.66,-2.56,31351165316.22498,-13.81,290,13.28,109,-20.38,354,-6.97,-1.86,-11.95,1.67,0.69,29.9,0.283,18.27,False,False,False,True,False,False,True,True,False,True,False,True,False,True,False,False,2026-11-16,False,True,5,large gap,ADR,5,https://www.tradingview.com/chart/?symbol=NYSE:VG&interval=D,False,False,False
HLNE,Hamilton Lane Incorporated,NASDAQ,Investment Managers,85.87,86.99,93.18,97.27,96.18,89.63,92.93,103.83,87.95,91.73,86.73,84.59,4.14,4.1,3.52,745693.6,589364.8666666667,50608761.0,57327128.0,1.14,-0.02,4738788869.813207,-19.87,363,8.33,130,-9.39,302,-6.98,-2.62,-7.85,1.56,0.61,36.4,0.292,19.6,False,False,False,False,False,False,True,True,False,True,False,True,False,False,False,False,2026-11-10,False,False,4,"thin RVOL, below 200-MA",ADR,4,https://www.tradingview.com/chart/?symbol=NASDAQ:HLNE&interval=D,False,False,False
VAL,Valaris Limited,NYSE,Contract Drilling,78.45,81.83,84.24,84.93,82.97,85.11,88.51,81.88,81.61,82.97,79.69,77.17,4.08,4.07,3.2,1204880.4,1159727.2,90980599.0,98499110.0,0.37,-2.02,5447239189.860588,-8.77,235,8.34,129,-20.84,358,-7.09,-1.34,-6.87,1.34,0.79,40.1,0.163,8.52,False,False,False,False,False,True,True,False,False,True,False,True,False,False,False,False,2026-11-03,False,True,3,"thin RVOL, below 200-MA, large gap",near21,4,https://www.tradingview.com/chart/?symbol=NYSE:VAL&interval=D,False,False,False
TNDM,"Tandem Diabetes Care, Inc.",NASDAQ,Medical Specialties,16.57,16.71,17.84,19.29,19.56,17.76,18.96,19.52,16.75,17.75,16.64,15.87,6.91,6.89,1.14,2620187.5,1903479.5,31540655.0,36725733.0,0.71,-1.1,1152919144.7764919,-22.57,390,9.74,127,-9.21,301,-7.35,-2.22,-7.1,0.97,0.68,61.3,0.385,17.25,False,False,False,False,False,True,True,True,False,True,False,False,False,False,False,False,2026-11-04,False,False,3,"LoD>60% ATR, thin RVOL, below 200-MA","near21, ADR",4,https://www.tradingview.com/chart/?symbol=NASDAQ:TNDM&interval=D,False,False,False
AG,First Majestic Silver Corp.,NYSE,Precious Metals,18.08,19.01,19.63,20.01,18.91,18.74,19.94,20.15,18.92,19.29,18.11,17.6,4.5,5.56,1.0,10095074.2,9793849.433333334,177072798.0,196007573.0,1.47,0.5,8911747394.320753,-18.37,347,8.07,132,-11.8,315,-7.37,-0.79,-7.91,1.13,0.51,47.8,0.214,7.81,False,False,False,False,False,True,True,True,False,True,False,True,False,False,True,False,2026-11-11,False,False,4,"thin RVOL, below 200-MA","near21, ADR, RVOL",5,https://www.tradingview.com/chart/?symbol=NYSE:AG&interval=D,False,False,False
ASND,Ascendis Pharma A/S,NASDAQ,Pharmaceuticals: Major,228.07,233.62,248.29,249.93,250.23,246.4,241.28,235.37,234.57,242.13,229.89,223.7,4.21,4.09,9.33,958304.6,738532.3666666667,168437077.0,184579056.0,0.63,-1.14,14226287527.658985,-8.08,226,-14.74,257,0.66,264,-7.39,-2.16,-8.14,1.42,0.66,46.8,0.268,7.29,False,False,False,False,False,True,True,True,False,True,False,True,False,True,False,False,2026-11-11,False,False,5,below 200-MA,"near21, ADR",5,https://www.tradingview.com/chart/?symbol=NASDAQ:ASND&interval=D,False,False,False
PEGA,Pegasystems Inc.,NASDAQ,Information Technology Services,32.97,34.7,35.76,35.32,33.47,33.16,35.97,39.92,34.45,34.86,33.23,32.33,4.05,4.37,1.44,2071074.1,2135845.6666666665,70418832.0,75443409.0,0.64,-0.72,5420430722.775203,-8.01,225,6.46,143,-20.75,357,-7.43,-0.34,-7.8,1.24,0.62,44.4,0.172,20.51,False,False,False,False,False,True,True,True,False,True,False,True,False,False,False,False,2026-10-28,False,False,4,"thin RVOL, below 200-MA","near21, ADR",5,https://www.tradingview.com/chart/?symbol=NASDAQ:PEGA&interval=D,False,False,False
RIVN,"Rivian Automotive, Inc.",NASDAQ,Motor Vehicles,14.97,15.17,15.51,15.74,15.88,15.92,15.84,16.21,15.22,15.47,15.34,14.7,4.33,4.48,0.67,25056716.4,21841381.5,326965481.0,343783345.0,1.19,1.01,21674473426.945236,-9.33,248,-13.37,245,0.2,265,-7.5,-1.27,-3.45,0.71,0.95,40.2,0.103,6.97,False,False,False,False,False,True,True,False,False,True,False,True,False,True,False,False,2026-11-10,False,False,5,below 200-MA,near21,4,https://www.tradingview.com/chart/?symbol=NASDAQ:RIVN&interval=D,False,False,False
APLD,Applied Digital Corporation,NASDAQ,Data Processing Services,25.41,26.61,26.16,26.55,27.54,33.8,32.22,32.15,26.22,26.55,25.67,24.43,5.5,6.71,1.7,17010956.7,15601432.433333341,396432398.0,414285637.0,0.95,1.77,7599987909.484303,-5.19,195,-29.21,358,11.55,240,-7.62,-1.15,-2.87,0.64,0.73,57.5,0.224,30.07,False,False,False,False,True,True,True,False,False,True,False,True,False,False,False,False,2026-10-07,False,False,4,"thin RVOL, below 200-MA",near21,5,https://www.tradingview.com/chart/?symbol=NASDAQ:APLD&interval=D,False,False,False
INSM,Insmed Incorporated,NASDAQ,Pharmaceuticals: Major,115.63,119.94,122.81,123.34,119.59,112.66,123.77,134.36,119.62,121.14,118.5,114.49,4.12,4.21,4.87,2092957.7,1950812.9333333333,225572499.0,240606114.0,0.74,-0.52,25251452480.431885,-3.73,181,7.38,135,-28.41,389,-8.25,-0.79,-5.84,1.08,0.82,23.4,0.127,18.77,False,False,False,False,False,True,True,False,False,True,False,True,False,True,False,False,2026-10-22,False,False,5,below 200-MA,near21,4,https://www.tradingview.com/chart/?symbol=NASDAQ:INSM&interval=D,False,False,False
RIG,Transocean Ltd (Switzerland),NYSE,Contract Drilling,5.21,5.46,5.64,5.7,5.57,5.71,5.95,5.66,5.44,5.55,5.29,5.14,4.2,4.2,0.22,45157259.5,41769994.96666667,217621674.0,237977585.0,0.84,-2.08,5818945693.001893,-9.15,245,6.98,137,-22.7,366,-8.29,-1.52,-7.67,1.44,0.71,34.3,0.18,9.48,False,False,False,False,False,True,True,True,False,True,False,True,False,False,False,False,2026-11-04,False,True,3,"thin RVOL, below 200-MA, large gap","near21, ADR",5,https://www.tradingview.com/chart/?symbol=NYSE:RIG&interval=D,False,False,False
VKTX,"Viking Therapeutics, Inc.",NASDAQ,Pharmaceuticals: Major,31.81,33.76,33.28,33.46,33.7,33.5,33.48,33.25,34.03,33.7,33.65,31.42,7.38,8.77,2.79,12869930.5,5521693.7,175645077.0,184755871.0,0.65,0.24,3710729847.8558884,-5.75,201,-18.32,286,-0.9,271,-8.32,-0.64,-4.42,0.64,0.8,14.0,0.404,1.6,False,False,False,False,False,True,True,False,False,True,False,True,False,False,False,True,2026-10-28,False,False,4,"thin RVOL, below 200-MA",near21,5,https://www.tradingview.com/chart/?symbol=NASDAQ:VKTX&interval=D,False,False,False
SRPT,"Sarepta Therapeutics, Inc.",NASDAQ,Pharmaceuticals: Major,18.64,19.49,20.53,20.21,18.75,18.11,18.66,19.17,19.38,19.73,18.74,18.38,5.89,6.53,1.22,2751556.8,3021093.8666666667,56313190.0,61055300.0,0.48,-0.66,1968887606.2,-13.26,282,2.25,161,-15.0,328,-8.67,-0.09,-9.19,0.85,0.3,21.4,0.27,12.94,False,False,False,False,False,True,True,True,False,True,False,True,False,False,False,False,2026-11-04,False,False,4,"thin RVOL, below 200-MA","near21, ADR",5,https://www.tradingview.com/chart/?symbol=NASDAQ:SRPT&interval=D,False,False,False
SYM,Symbotic Inc.,NASDAQ,Industrial Machinery,41.51,43.34,42.48,41.9,42.05,43.67,47.43,50.72,42.84,42.58,42.56,41.3,4.11,4.31,1.79,1829275.5,1651043.2666666666,68534806.0,69178988.0,0.58,1.23,25105318964.309998,0.9,136,-7.5,212,-20.17,351,-8.92,-0.3,-2.27,0.58,0.7,11.7,0.149,20.88,False,False,False,False,True,True,True,True,False,True,False,True,False,True,False,False,2026-11-23,False,False,5,below 200-MA,"near21, ADR",6,https://www.tradingview.com/chart/?symbol=NASDAQ:SYM&interval=D,False,False,False
MBLY,Mobileye Global Inc.,NASDAQ,Packaged Software,7.56,7.82,8.06,8.29,8.36,8.92,8.58,8.96,7.84,8.04,7.86,7.52,4.46,4.67,0.35,6967122.2,4750734.7,35939308.0,39367755.0,0.7,0.19,6431669150.327775,-12.54,278,-20.7,298,6.1,253,-9.05,-2.03,-6.11,1.27,0.95,12.7,0.148,15.08,False,False,False,False,False,True,True,False,False,True,False,True,False,False,False,False,2026-10-22,False,False,4,"thin RVOL, below 200-MA",near21,4,https://www.tradingview.com/chart/?symbol=NASDAQ:MBLY&interval=D,False,False,False
CPRI,Capri Holdings Limited,NYSE,Apparel/Footwear Retail,14.66,14.91,14.11,13.96,14.67,16.61,17.44,18.99,14.73,14.5,14.9,14.25,4.99,4.86,0.71,6677471.6,5316653.266666667,77942137.0,74245291.0,0.42,0.0,1666132729.5740366,10.14,62,-20.71,299,-16.8,335,-9.12,-0.01,3.9,0.23,0.91,57.5,0.259,33.27,False,False,False,False,False,True,True,False,False,True,False,True,False,False,False,False,2026-11-05,False,False,4,"thin RVOL, below 200-MA",near21,4,https://www.tradingview.com/chart/?symbol=NYSE:CPRI&interval=D,False,False,False
KD,"Kyndryl Holdings, Inc.",NYSE,Data Processing Services,11.29,12.01,12.56,12.64,12.89,12.34,12.6,15.12,11.92,12.34,11.48,10.96,4.89,5.12,0.58,4080665.6,3702861.2666666666,41805304.0,46797995.0,1.0,0.58,2459168143.5369544,-14.79,304,-1.66,181,-11.45,313,-9.3,-2.42,-10.12,1.66,0.9,58.0,0.222,27.58,False,False,False,False,False,False,True,False,False,False,False,True,False,False,False,False,2026-11-10,False,False,4,"thin RVOL, below 200-MA",,3,https://www.tradingview.com/chart/?symbol=NYSE:KD&interval=D,False,False,False
GLOB,Globant S.A.,NYSE,Information Technology Services,33.94,35.4,37.02,37.88,37.18,36.22,39.44,45.31,35.3,36.42,34.12,33.0,4.51,5.2,1.76,904294.1,1066659.3666666667,36202419.0,40402212.0,0.74,-0.56,1465514102.2746375,-15.7,312,14.01,106,-26.84,381,-9.51,-1.68,-8.32,1.31,0.63,53.3,0.237,29.19,False,False,False,False,False,True,True,True,False,True,False,True,False,False,False,False,2026-11-12,False,False,4,"thin RVOL, below 200-MA","near21, ADR",5,https://www.tradingview.com/chart/?symbol=NYSE:GLOB&interval=D,False,False,False
CORZ,"Core Scientific, Inc.",NASDAQ,Packaged Software,16.31,17.56,17.47,17.54,19.05,22.17,20.72,19.79,17.33,17.66,17.15,16.23,5.79,6.69,1.09,11764309.7,11312547.233333332,184507645.0,198448474.0,1.19,1.51,5241062454.173728,-6.1,205,-34.29,390,10.88,242,-9.84,-2.15,-6.63,1.14,0.84,7.3,0.189,28.85,False,False,False,False,False,True,True,False,False,True,False,True,False,False,False,False,2026-11-11,False,False,4,"thin RVOL, below 200-MA",near21,4,https://www.tradingview.com/chart/?symbol=NASDAQ:CORZ&interval=D,False,False,False
DPC,DPC Holdings PLC,NYSE,Electrical Products,41.46,40.88,41.21,42.53,45.37,,,,41.15,41.95,42.39,39.84,5.61,6.49,2.69,1131173.0,1158336.6,48024635.0,49260967.0,1.32,1.63,6193834775.080909,-9.1,242,-15.41,263,-5.77,290,-10.09,-1.33,0.6,0.18,0.95,60.2,0.119,10.83,False,False,False,False,True,True,True,False,False,True,False,False,False,False,True,False,2026-12-02,False,False,3,"LoD>60% ATR, thin RVOL, below 200-MA","near21, RVOL",4,https://www.tradingview.com/chart/?symbol=NYSE:DPC&interval=D,False,False,False
CE,Celanese Corporation,NYSE,Chemicals: Specialty,44.84,46.48,45.91,45.76,45.41,48.39,52.47,51.24,46.24,46.03,45.64,44.4,4.05,4.28,1.92,2206095.8,1753680.4666666666,78635032.0,80247249.0,0.69,-0.61,4921141909.295296,-0.95,154,-0.33,176,-29.21,392,-10.16,-0.29,-2.34,0.61,0.65,22.9,0.109,15.75,False,False,False,False,True,True,True,True,False,True,False,True,False,False,False,False,2026-11-09,False,False,4,"thin RVOL, below 200-MA","near21, ADR",6,https://www.tradingview.com/chart/?symbol=NYSE:CE&interval=D,False,False,False
BRZE,"Braze, Inc.",NASDAQ,Internet Software/Services,23.15,24.64,26.53,28.26,27.3,25.08,23.79,24.4,24.7,26.02,23.34,22.31,4.98,6.42,1.49,1898452.9,2878247.6666666665,66631433.0,81341198.0,0.95,-0.09,2629479490.45533,-32.03,440,2.25,160,-1.09,273,-10.29,-2.37,-12.74,1.72,0.69,56.5,0.516,15.17,False,False,False,False,False,False,True,False,False,False,False,True,False,False,False,False,2026-12-15,False,False,4,"thin RVOL, below 200-MA",,3,https://www.tradingview.com/chart/?symbol=NASDAQ:BRZE&interval=D,False,False,False
RH,RH,NYSE,Specialty Stores,122.21,125.2,132.38,139.16,155.23,153.37,147.54,160.54,125.99,133.27,125.0,121.74,5.36,5.58,6.82,755442.0,819856.7666666667,100194695.0,114094547.0,0.68,1.42,2313821380.6905313,-16.44,327,-25.26,334,10.1,245,-10.54,-3.81,-7.68,1.49,0.48,6.9,0.273,28.92,False,False,False,False,False,True,True,True,False,True,False,True,False,False,False,False,2026-12-03,False,False,4,"thin RVOL, below 200-MA","near21, ADR",5,https://www.tradingview.com/chart/?symbol=NYSE:RH&interval=D,False,False,False
AEIS,"Advanced Energy Industries, Inc.",NASDAQ,Electronic Production Equipment,283.3,270.33,271.69,276.37,290.33,308.91,320.93,304.11,275.0,276.27,286.31,278.0,4.03,4.85,13.74,554203.8,529367.7666666667,149969888.0,146298899.0,0.57,2.44,11346289996.03045,-0.87,153,-20.68,297,-10.19,307,-10.58,-0.5,4.27,0.52,0.6,38.6,0.174,17.86,False,False,False,False,False,True,True,True,False,True,False,True,False,True,False,False,2026-11-03,False,True,4,"below 200-MA, large gap","near21, ADR",5,https://www.tradingview.com/chart/?symbol=NASDAQ:AEIS&interval=D,False,False,False
ONDS,Ondas Inc,NASDAQ,Telecommunications Equipment,7.48,7.49,7.43,7.76,8.04,8.6,9.07,9.46,7.53,7.61,7.92,7.47,4.86,5.82,0.44,67307766.6,63406812.6,474282958.0,491814942.0,0.71,3.06,4355623898.942709,-12.62,279,-7.31,211,-12.16,318,-10.69,-1.19,0.65,0.3,1.02,2.3,0.104,27.13,False,False,False,False,True,True,False,False,False,True,True,True,False,False,False,False,2026-11-16,False,True,3,"thin RVOL, below 200-MA, large gap",near21,4,https://www.tradingview.com/chart/?symbol=NASDAQ:ONDS&interval=D,False,False,False
ALGM,"Allegro MicroSystems, Inc.",NASDAQ,Semiconductors,36.6,35.18,35.29,35.92,39.24,45.24,42.42,40.12,35.76,36.12,38.0,36.21,4.05,4.93,1.8,2670735.3,2325808.2,85124580.0,83539154.0,0.91,2.49,6822314917.04927,-2.43,166,-45.25,424,15.53,223,-10.71,-1.37,3.7,0.27,0.99,21.6,0.136,27.48,False,False,False,False,False,True,True,False,False,True,False,True,False,False,False,False,2026-10-29,False,True,3,"thin RVOL, below 200-MA, large gap",near21,4,https://www.tradingview.com/chart/?symbol=NASDAQ:ALGM&interval=D,False,False,False
WULF,TeraWulf Inc.,NASDAQ,Data Processing Services,15.09,16.22,16.11,16.01,16.71,20.36,19.45,18.05,15.93,16.16,15.56,14.93,6.02,7.18,1.08,27212659.6,29187762.333333332,440443334.0,467227970.0,0.76,2.22,7529437459.444445,-6.59,210,-36.56,400,9.95,246,-11.07,-1.35,-6.35,0.92,0.59,14.8,0.239,28.13,False,False,False,False,False,True,True,True,False,True,False,True,False,False,False,False,2026-11-16,False,True,3,"thin RVOL, below 200-MA, large gap","near21, ADR",5,https://www.tradingview.com/chart/?symbol=NASDAQ:WULF&interval=D,False,False,False
PRM,"Perimeter Solutions, SA",NYSE,Chemicals: Major Diversified,26.92,29.79,30.56,30.74,32.09,32.81,30.37,29.67,29.17,30.23,28.08,26.92,4.49,5.03,1.36,1322454.0,1139489.1333333333,30675047.0,35025997.0,1.03,0.68,4406451758.365854,-16.37,326,-23.89,322,6.61,252,-11.22,-3.2,-11.9,2.17,0.86,0.4,0.211,11.68,False,False,False,False,False,False,True,False,False,False,False,True,False,False,False,False,2026-10-30,False,False,4,"thin RVOL, below 200-MA",,3,https://www.tradingview.com/chart/?symbol=NYSE:PRM&interval=D,False,False,False
FLY,Firefly Aerospace Inc.,NASDAQ,Aerospace & Defense,22.86,22.55,21.93,22.34,22.55,28.38,28.82,27.82,22.81,22.53,25.17,22.61,7.04,7.37,1.68,3693394.1,2770056.5,63323492.0,61883062.0,0.83,2.36,3826870345.9336376,4.03,108,-22.27,307,-17.05,339,-11.77,0.18,4.26,0.2,1.52,14.8,0.214,30.17,False,True,True,False,False,True,False,False,False,True,True,True,False,False,False,False,2026-11-18,False,True,3,"thin RVOL, below 200-MA, large gap","EMA, near21",5,https://www.tradingview.com/chart/?symbol=NASDAQ:FLY&interval=D,False,False,False
FIGR,"Figure Technology Solutions, Inc.",NASDAQ,Finance/Rental/Leasing,29.3,33.27,34.43,35.46,32.82,32.56,32.96,36.67,32.64,33.7,30.34,28.5,8.0,8.44,2.47,5313767.2,4638604.366666666,135911108.0,164470222.0,0.9,3.32,6574271534.957382,-21.85,380,-4.31,196,-9.43,303,-11.86,-1.27,-14.89,1.55,0.74,32.4,0.28,14.04,False,False,False,False,False,False,True,False,False,False,False,True,False,False,False,False,2026-11-12,False,True,3,"thin RVOL, below 200-MA, large gap",,3,https://www.tradingview.com/chart/?symbol=NASDAQ:FIGR&interval=D,False,False,False
HUBS,"HubSpot, Inc.",NYSE,Packaged Software,197.67,217.57,229.36,234.39,230.22,215.37,224.79,248.82,216.18,224.27,205.0,194.27,6.58,7.28,14.4,2330639.2,1611202.7666666666,318486451.0,377650354.0,0.64,-0.75,9857051476.2641,-22.65,392,4.41,153,-17.64,341,-11.96,-1.94,-13.82,1.63,0.75,23.6,0.279,16.92,False,False,False,False,False,False,True,False,False,False,False,True,False,False,False,False,2026-11-11,False,False,4,"thin RVOL, below 200-MA",,3,https://www.tradingview.com/chart/?symbol=NYSE:HUBS&interval=D,False,False,False
GEN,Gen Digital Inc.,NASDAQ,Packaged Software,20.85,25.89,28.2,28.56,28.2,26.57,24.43,24.68,24.78,26.84,21.83,20.34,6.24,6.11,1.27,16269305.1,9202050.3,191862749.0,262835095.0,1.58,1.68,12480539931.999998,-31.64,436,-17.03,275,12.22,235,-12.15,-4.27,-26.07,3.65,1.17,40.1,0.502,18.11,False,False,False,False,False,False,False,False,False,False,True,True,True,True,True,False,2026-11-10,False,False,5,below 200-MA,RVOL,2,https://www.tradingview.com/chart/?symbol=NASDAQ:GEN&interval=D,False,False,False
BTU,Peabody Energy Corporation,NYSE,Coal,24.37,25.87,27.19,27.37,25.76,25.35,27.4,28.91,25.84,26.42,25.4,24.13,4.81,5.03,1.23,2896732.4,2442534.3666666667,59524563.0,66846466.0,0.75,-0.2,2970702992.2481112,-18.0,343,6.51,142,-27.51,386,-13.0,-1.07,-10.37,1.54,1.04,19.6,0.239,14.63,False,False,False,False,False,False,False,False,False,False,True,True,False,False,False,False,2026-10-29,False,False,4,"thin RVOL, below 200-MA",,2,https://www.tradingview.com/chart/?symbol=NYSE:BTU&interval=D,False,False,False
CRML,Critical Metals Corp.,NASDAQ,Precious Metals,7.38,7.67,7.3,7.21,6.85,8.44,8.9,9.61,7.61,7.41,7.8,7.34,7.45,9.26,0.68,14963290.9,10109714.366666667,74609692.0,72880931.0,0.3,1.05,1084813843.6470587,-7.63,221,-27.5,350,-4.65,288,-13.26,0.83,1.16,0.04,0.66,5.5,0.408,37.41,False,False,False,False,True,True,True,False,False,True,False,True,False,False,False,False,2027-03-03,False,False,4,"thin RVOL, below 200-MA",near21,5,https://www.tradingview.com/chart/?symbol=NASDAQ:CRML&interval=D,False,False,False
AVAV,"AeroVironment, Inc.",NASDAQ,Aerospace & Defense,143.24,155.38,151.45,152.9,158.79,162.93,176.05,202.75,152.11,153.71,149.24,142.42,6.33,6.14,8.79,1432946.0,1940731.0,277990308.0,296735506.0,1.13,1.2,7279557085.512193,-5.86,203,-15.74,265,-18.9,346,-13.5,-1.6,-5.42,1.11,0.78,9.3,0.173,35.81,False,False,False,False,False,True,True,False,False,True,False,True,False,False,False,False,2026-12-08,False,False,4,"thin RVOL, below 200-MA",near21,4,https://www.tradingview.com/chart/?symbol=NASDAQ:AVAV&interval=D,False,False,False
NG,Novagold Resources Inc.,AMEX,Precious Metals,6.57,7.16,7.49,7.93,7.43,7.36,8.16,8.64,7.12,7.4,6.7,6.46,5.73,6.68,0.44,6135195.7,5754115.733333333,37804540.0,45632056.0,0.76,0.75,2882788844.3187966,-28.59,423,10.42,123,-24.31,370,-14.16,-1.73,-12.25,1.68,0.55,25.1,0.259,22.56,False,False,False,False,False,False,True,True,False,True,False,True,False,False,False,False,2026-10-08,False,False,4,"thin RVOL, below 200-MA",ADR,4,https://www.tradingview.com/chart/?symbol=AMEX:NG&interval=D,False,False,False
ALGT,Allegiant Travel Company,NASDAQ,Airlines,77.03,78.48,77.48,78.32,85.19,89.96,87.78,89.27,77.98,79.01,77.9,75.33,4.32,4.76,3.67,504943.9,525990.3333333334,40517035.0,41194949.0,0.91,1.58,2105827367.0192032,-4.77,192,-35.74,398,-2.21,277,-14.24,-2.01,-0.59,0.53,0.7,46.3,0.102,16.19,False,False,False,False,True,True,True,False,False,True,False,True,False,False,False,False,2026-11-04,False,False,4,"thin RVOL, below 200-MA",near21,5,https://www.tradingview.com/chart/?symbol=NASDAQ:ALGT&interval=D,False,False,False
MP,MP Materials Corp.,NYSE,Other Metals/Minerals,45.43,48.56,50.68,52.96,50.94,54.62,55.96,56.87,48.56,50.25,46.88,44.75,4.55,5.75,2.61,5354913.7,5247676.033333333,238401922.0,277937913.0,1.35,0.93,8091155504.128309,-22.99,398,-17.62,279,-2.24,278,-14.28,-1.88,-10.37,1.67,0.81,25.9,0.222,18.29,False,False,False,False,False,False,True,False,False,False,False,True,False,False,True,False,2026-10-29,False,False,4,"thin RVOL, below 200-MA",RVOL,3,https://www.tradingview.com/chart/?symbol=NYSE:MP&interval=D,False,False,False
LAZ,"Lazard, Inc.",NYSE,Investment Banks/Brokers,35.8,36.27,39.27,40.74,41.79,43.16,43.78,45.81,36.93,38.66,36.39,35.55,4.66,4.68,1.67,2560288.2,1648107.5,59002248.0,67151591.0,0.66,0.34,3488730464.716401,-16.94,333,-14.84,258,-11.14,311,-14.31,-3.06,-8.84,1.58,0.5,14.9,0.336,26.63,False,False,False,False,False,False,True,True,False,True,False,True,False,False,False,False,2026-10-22,False,False,4,"thin RVOL, below 200-MA",ADR,4,https://www.tradingview.com/chart/?symbol=NYSE:LAZ&interval=D,False,False,False
MIR,"Mirion Technologies, Inc.",NYSE,Aerospace & Defense,14.34,15.69,15.9,15.59,15.65,16.61,17.65,19.29,15.42,15.62,14.75,14.18,4.58,4.81,0.69,4053772.5,3664449.8666666667,52548211.0,57125109.0,0.97,1.81,3571199944.4696865,-3.5,179,-19.84,291,-19.89,350,-14.41,-1.75,-9.83,1.71,0.83,23.9,0.176,25.38,False,False,False,False,False,False,True,False,False,False,False,True,False,False,False,False,2026-11-03,False,False,4,"thin RVOL, below 200-MA",,3,https://www.tradingview.com/chart/?symbol=NYSE:MIR&interval=D,False,False,False
MOD,Modine Manufacturing Company,NYSE,Industrial Machinery,183.72,189.52,187.24,187.84,196.67,231.08,229.72,213.22,188.15,189.27,186.77,177.38,5.36,6.22,11.43,1495978.2,1348987.8,247836039.0,253391170.0,1.31,1.99,9757865830.720064,-1.28,157,-28.22,354,-13.89,326,-14.47,-1.06,-1.88,0.47,0.82,55.5,0.15,23.86,False,False,False,False,True,True,True,False,False,True,False,True,False,False,True,False,2026-11-03,False,False,4,"thin RVOL, below 200-MA","near21, RVOL",5,https://www.tradingview.com/chart/?symbol=NYSE:MOD&interval=D,False,False,False
NN,NextNav Inc.,NASDAQ,Packaged Software,13.89,14.61,14.93,15.49,15.32,17.22,17.32,16.96,14.56,14.97,14.44,13.56,6.25,6.81,0.95,2437220.6,2309618.933333333,32080607.0,35782926.0,1.09,0.98,2344769556.844804,-10.39,256,-22.49,312,-10.56,309,-14.48,-1.37,-6.99,1.06,0.94,35.4,0.139,19.54,False,False,False,False,False,True,True,False,False,True,False,True,False,False,False,False,2026-11-05,False,False,4,"thin RVOL, below 200-MA",near21,4,https://www.tradingview.com/chart/?symbol=NASDAQ:NN&interval=D,False,False,False
POWI,"Power Integrations, Inc.",NASDAQ,Semiconductors,51.08,50.51,50.26,51.68,56.38,66.42,62.78,57.64,50.95,51.65,53.16,50.72,4.19,4.92,2.51,813098.3,809644.0666666667,41356619.0,41843215.0,1.37,2.55,2854008102.9089503,-7.13,214,-36.95,404,0.2,266,-14.63,-1.91,1.64,0.23,0.97,14.5,0.098,31.64,False,False,False,False,True,True,True,False,True,True,False,True,False,False,True,False,2026-11-11,False,True,3,"thin RVOL, below 200-MA, large gap","near21, BB, RVOL",6,https://www.tradingview.com/chart/?symbol=NASDAQ:POWI&interval=D,False,False,False
MIRM,"Mirum Pharmaceuticals, Inc.",NASDAQ,Pharmaceuticals: Major,87.54,91.53,95.12,96.25,100.07,103.97,100.61,97.97,90.98,94.01,90.31,86.51,4.68,4.57,4.0,927711.5,647294.6666666666,56664175.0,62299091.0,0.7,1.23,5684165184.099591,-11.96,273,-25.77,339,-6.51,293,-14.75,-2.74,-7.96,1.5,0.95,25.7,0.195,14.22,False,False,False,False,False,False,True,False,False,False,False,True,False,False,False,False,2026-11-17,False,False,4,"thin RVOL, below 200-MA",,3,https://www.tradingview.com/chart/?symbol=NASDAQ:MIRM&interval=D,False,False,False
KVYO,"Klaviyo, Inc. Series A",NYSE,Packaged Software,15.25,15.86,16.9,17.48,17.62,16.52,17.39,19.41,15.99,16.63,15.5,14.93,5.19,6.37,0.97,7398744.7,6267153.5,95574091.0,109524775.0,1.04,-0.71,4342093219.366882,-21.97,381,-1.87,182,-20.57,356,-14.8,-2.11,-9.74,1.3,0.59,32.9,0.36,23.29,False,False,False,False,False,True,True,True,False,True,False,True,False,False,False,False,2026-11-11,False,False,4,"thin RVOL, below 200-MA","near21, ADR",5,https://www.tradingview.com/chart/?symbol=NYSE:KVYO&interval=D,False,False,False
TTAN,"ServiceTitan, Inc.",NASDAQ,Packaged Software,63.52,58.92,66.24,75.89,78.54,73.9,71.37,75.69,61.28,66.57,64.55,59.13,5.52,7.33,4.66,3454161.1,3315448.5,210597289.0,251603308.0,0.83,0.21,6127640766.301735,-36.57,442,-11.73,237,3.3,259,-15.0,-2.61,-4.11,0.62,1.16,94.2,0.854,30.89,False,False,False,False,False,True,False,False,False,True,True,False,False,False,False,False,2027-01-19,False,False,3,"LoD>60% ATR, thin RVOL, below 200-MA",near21,2,https://www.tradingview.com/chart/?symbol=NASDAQ:TTAN&interval=D,False,False,False
RBLX,Roblox Corporation,NYSE,Packaged Software,41.18,47.12,45.96,43.53,42.84,45.51,49.69,56.11,45.75,45.33,42.25,40.77,5.56,6.13,2.52,13367649.0,11287450.766666668,464817223.0,491338969.0,1.49,0.1,29418001388.833733,6.96,86,-25.75,338,-26.95,383,-15.24,-0.63,-10.39,1.49,0.59,16.2,0.3,32.23,False,False,False,False,False,True,True,True,False,True,False,True,False,True,True,False,2026-11-11,False,False,5,below 200-MA,"near21, ADR, RVOL",5,https://www.tradingview.com/chart/?symbol=NYSE:RBLX&interval=D,False,False,False
CIEN,Ciena Corporation,NYSE,Telecommunications Equipment,354.92,353.84,345.44,360.89,375.79,435.89,433.54,389.1,352.77,356.56,356.21,344.8,5.41,6.14,21.81,2683640.4,2448915.966666667,869169255.0,883793365.0,0.81,1.73,50330684787.812904,-11.36,265,-23.87,321,-11.49,314,-15.57,-0.9,2.75,0.07,0.52,46.4,0.167,25.49,False,False,False,False,True,True,True,True,False,True,False,True,False,True,False,False,2026-12-10,False,False,5,below 200-MA,"near21, ADR",6,https://www.tradingview.com/chart/?symbol=NYSE:CIEN&interval=D,False,False,False
PRAX,"Praxis Precision Medicines, Inc.",NASDAQ,Pharmaceuticals: Major,281.0,292.93,318.08,334.48,334.63,323.23,321.54,316.37,294.69,311.86,289.15,278.39,5.21,5.55,15.6,583504.2,398378.9000000004,111944471.0,133250040.0,0.61,-0.83,7845516637.64047,-22.67,393,-15.08,260,-9.05,299,-15.6,-2.89,-11.66,1.78,0.69,16.7,0.353,14.84,False,False,False,False,False,False,True,True,False,True,False,True,False,False,False,False,2026-11-11,False,False,4,"thin RVOL, below 200-MA",ADR,4,https://www.tradingview.com/chart/?symbol=NASDAQ:PRAX&interval=D,False,False,False
MIAX,"Miami International Holdings, Inc.",NYSE,Investment Banks/Brokers,33.87,36.33,39.14,40.36,41.9,43.02,42.76,42.78,36.31,38.39,35.24,33.52,4.58,4.8,1.63,1977324.4,1529479.8666666667,51803483.0,61733376.0,0.74,0.56,3360950432.1781187,-23.11,399,-10.21,225,-13.55,323,-15.62,-3.99,-13.46,2.45,1.06,21.5,0.321,19.76,False,False,False,False,False,False,False,False,False,False,True,True,False,False,False,False,2026-11-11,False,False,4,"thin RVOL, below 200-MA",,2,https://www.tradingview.com/chart/?symbol=NYSE:MIAX&interval=D,False,False,False
NYT,New York Times Company (The),NYSE,Publishing: Newspapers,62.32,66.38,67.18,67.12,68.21,71.33,74.54,73.72,65.23,66.51,64.38,61.74,4.08,3.84,2.39,4680532.3,2844319.6666666665,177258002.0,190920217.0,0.7,-0.08,10051192256.336605,-9.09,241,-11.49,236,-26.89,382,-15.82,-2.25,-7.23,1.64,1.1,24.3,0.179,13.09,False,False,False,False,False,False,False,False,False,False,True,True,False,True,False,False,2026-11-11,False,False,5,below 200-MA,,2,https://www.tradingview.com/chart/?symbol=NYSE:NYT&interval=D,False,False,False
AIR,AAR Corp.,NYSE,Aerospace & Defense,106.75,115.41,119.8,125.28,131.72,127.94,122.88,117.07,115.96,120.54,118.0,103.48,5.17,5.49,5.87,729743.0,469990.1666666667,50171450.0,58878645.0,4.74,1.23,4297630889.327917,-21.5,376,-25.37,335,-0.75,269,-15.87,-3.45,-10.89,2.08,2.48,55.7,0.193,15.28,False,False,False,False,False,False,False,False,False,False,True,True,True,True,True,False,2027-01-06,False,False,5,below 200-MA,RVOL,2,https://www.tradingview.com/chart/?symbol=NYSE:AIR&interval=D,False,False,False
CBRS,Cerebras Systems Inc.,NASDAQ,Packaged Software,194.95,201.4,195.8,195.31,203.55,,,,199.86,198.98,214.0,194.21,5.09,7.07,13.78,6142385.5,6533220.533333333,1273651343.0,1275991325.0,1.7,2.09,43639272621.70733,6.05,96,-9.53,222,-44.3,427,-15.93,-0.6,-0.44,0.29,1.44,5.4,0.209,3.97,False,False,False,False,True,True,False,False,False,True,True,True,True,True,True,True,2026-12-02,False,True,4,"below 200-MA, large gap","near21, RVOL",5,https://www.tradingview.com/chart/?symbol=NASDAQ:CBRS&interval=D,False,False,False
AESI,Atlas Energy Solutions Inc.,NYSE,Oilfield Services/Equipment,11.65,12.47,13.02,12.89,12.43,14.6,14.2,13.35,12.34,12.65,12.44,11.6,6.43,7.47,0.87,4270472.1,3444913.3333333335,40133240.0,44398043.0,1.03,0.57,1456290286.2682924,-9.9,251,-29.39,359,-9.2,300,-16.16,-0.84,-10.54,1.05,0.97,6.3,0.283,18.61,False,False,False,False,False,True,True,False,False,True,False,True,False,False,False,False,2026-11-02,False,False,4,"thin RVOL, below 200-MA",near21,4,https://www.tradingview.com/chart/?symbol=NYSE:AESI&interval=D,False,False,False
LGN,Legence Corp.,NASDAQ,Engineering & Construction,53.7,53.82,53.75,55.24,59.49,71.05,68.64,63.23,53.65,54.82,55.45,53.3,4.19,5.26,2.82,893946.2,865871.8666666667,46497319.0,47829174.0,1.33,0.62,5803653079.136867,-6.43,207,-35.99,399,-6.17,292,-16.2,-1.85,-0.09,0.39,0.76,14.2,0.112,32.22,False,False,False,False,True,True,True,False,False,True,False,True,False,False,True,False,2026-11-13,False,False,4,"thin RVOL, below 200-MA","near21, RVOL",5,https://www.tradingview.com/chart/?symbol=NASDAQ:LGN&interval=D,False,False,False
PENN,"PENN Entertainment, Inc.",NASDAQ,Casinos/Gaming,14.61,16.02,16.63,17.06,18.25,18.91,17.71,16.73,15.83,16.57,15.33,14.39,4.23,4.4,0.64,3391757.6,2834998.8666666667,41419333.0,48357993.0,1.67,0.59,1958712840.978346,-16.08,320,-32.14,377,-0.81,270,-16.35,-4.54,-12.13,2.69,1.46,34.2,0.227,19.78,False,False,False,False,False,False,False,False,False,False,True,True,True,True,True,False,2026-10-29,False,False,5,below 200-MA,RVOL,2,https://www.tradingview.com/chart/?symbol=NASDAQ:PENN&interval=D,False,False,False
FSLR,"First Solar, Inc.",NASDAQ,Semiconductors,176.93,188.05,196.83,201.5,209.49,229.36,218.65,225.54,186.16,194.9,177.05,172.0,5.3,5.44,9.63,2872309.6,2198707.533333333,389017324.0,443030040.0,0.87,0.72,19014629653.891197,-15.59,309,-23.73,319,-10.08,305,-16.47,-2.86,-10.11,1.69,0.52,51.2,0.247,23.34,False,False,False,False,False,False,True,True,False,True,False,True,False,True,False,False,2026-10-29,False,False,5,below 200-MA,ADR,4,https://www.tradingview.com/chart/?symbol=NASDAQ:FSLR&interval=D,False,False,False
SHAK,"Shake Shack, Inc.",NYSE,Restaurants,57.88,56.93,61.05,64.89,65.43,62.23,73.09,77.32,58.17,60.78,58.36,56.76,4.31,4.63,2.68,1618771.7,1258863.2,72863002.0,81691410.0,1.46,1.22,2477202593.063282,-18.04,344,2.3,159,-34.75,405,-16.83,-2.49,-5.2,1.03,0.6,41.8,0.319,35.22,False,False,False,False,False,True,True,True,False,True,False,True,False,False,True,False,2026-10-29,False,False,4,"thin RVOL, below 200-MA","near21, ADR, RVOL",5,https://www.tradingview.com/chart/?symbol=NYSE:SHAK&interval=D,False,False,False
FOUR,"Shift4 Payments, Inc.",NYSE,Miscellaneous Commercial Services,37.08,39.0,41.23,42.89,45.2,44.65,45.04,49.38,39.01,40.94,37.23,36.23,5.5,6.32,2.34,1994245.3,2022773.4666666666,75004440.0,86756754.0,0.79,-0.43,2927840912.545503,-15.11,306,-23.51,317,-12.07,317,-16.9,-2.84,-10.07,1.49,0.43,36.3,0.266,27.99,False,False,False,False,False,True,True,True,False,True,False,True,False,False,False,False,2026-11-11,False,False,4,"thin RVOL, below 200-MA","near21, ADR",5,https://www.tradingview.com/chart/?symbol=NYSE:FOUR&interval=D,False,False,False
EYE,"National Vision Holdings, Inc.",NASDAQ,Specialty Stores,16.38,16.5,16.7,17.2,18.78,18.52,20.92,22.56,16.51,16.96,16.58,16.12,4.57,4.73,0.78,2630545.0,2304415.3333333335,37746323.0,39634023.0,0.62,0.5,1295155415.4677417,-8.44,229,-13.83,246,-28.66,390,-16.98,-2.7,-1.94,0.72,0.59,33.5,0.094,36.95,False,False,False,False,True,True,True,True,True,True,False,True,False,False,False,False,2026-11-11,False,False,4,"thin RVOL, below 200-MA","near21, ADR, BB",7,https://www.tradingview.com/chart/?symbol=NASDAQ:EYE&interval=D,False,False,False
RRR,"Red Rock Resorts, Inc.",NASDAQ,Hotels/Resorts/Cruise lines,48.85,50.86,53.31,55.42,58.71,59.23,58.42,59.5,51.14,53.3,51.62,48.38,4.02,4.02,1.97,1418299.5,1018946.0333333333,49775514.0,56474744.0,0.77,0.08,5130040975.90783,-16.94,332,-24.85,328,-10.02,304,-17.27,-4.17,-8.36,2.07,1.65,23.9,0.206,17.68,False,False,False,False,False,False,False,False,False,False,True,True,False,False,False,False,2026-11-03,False,False,4,"thin RVOL, below 200-MA",,2,https://www.tradingview.com/chart/?symbol=NASDAQ:RRR&interval=D,False,False,False
DKNG,DraftKings Inc.,NASDAQ,Movies/Entertainment,19.59,21.76,22.95,23.66,23.8,24.78,24.36,25.97,21.69,22.65,21.33,19.55,6.16,6.17,1.21,17753272.6,12010205.5,235279926.0,284157459.0,1.59,0.47,9725535182.047258,-19.32,355,-22.46,311,-10.26,308,-17.35,-2.86,-14.63,2.19,1.47,3.3,0.256,21.46,False,False,False,False,False,False,False,False,False,False,True,True,True,True,True,False,2026-10-30,False,False,5,below 200-MA,RVOL,2,https://www.tradingview.com/chart/?symbol=NASDAQ:DKNG&interval=D,False,False,False
NKTR,Nektar Therapeutics,NASDAQ,Pharmaceuticals: Major,59.24,62.44,67.19,69.43,70.61,68.66,71.65,65.45,62.07,65.57,60.75,57.69,6.08,6.08,3.6,1961310.4999999995,1086065.1,64338497.0,75405138.0,0.95,-0.43,2022631011.0496693,-19.96,364,-14.65,255,-19.46,348,-18.02,-2.65,-11.83,1.59,0.85,43.0,0.356,15.55,False,False,False,False,False,False,True,False,False,False,False,True,False,False,False,False,2026-11-05,False,False,4,"thin RVOL, below 200-MA",,3,https://www.tradingview.com/chart/?symbol=NASDAQ:NKTR&interval=D,False,False,False
LPTH,"LightPath Technologies, Inc.",NASDAQ,Electronic Components,10.02,9.95,9.8,10.87,11.37,12.65,12.48,12.07,9.96,10.29,10.18,9.88,5.28,7.37,0.74,2647665.3,3262406.966666667,32689318.0,35464539.0,0.61,2.54,701763191.8718209,-20.79,372,-36.78,403,3.19,260,-18.13,-1.62,2.28,0.35,0.41,19.0,0.16,28.48,False,False,False,False,True,True,True,True,False,True,False,True,False,False,False,False,2026-11-05,False,True,3,"thin RVOL, below 200-MA, large gap","near21, ADR",6,https://www.tradingview.com/chart/?symbol=NASDAQ:LPTH&interval=D,False,False,False
LUMN,"Lumen Technologies, Inc.",NYSE,Major Telecommunications,5.54,6.12,6.45,6.31,6.35,7.38,7.43,7.59,6.01,6.23,5.62,5.46,5.47,5.79,0.32,13209018.1,12361867.733333332,68484747.0,78036350.0,0.74,0.54,5714207924.737793,-9.99,252,-26.62,344,-17.93,342,-18.18,-2.21,-14.17,1.92,0.5,24.9,0.284,26.7,False,False,False,False,False,False,True,True,False,True,False,True,False,False,False,False,2026-11-04,False,False,4,"thin RVOL, below 200-MA",ADR,4,https://www.tradingview.com/chart/?symbol=NYSE:LUMN&interval=D,False,False,False
KGS,"Kodiak Gas Services, Inc.",NYSE,Oilfield Services/Equipment,51.75,54.98,58.2,58.8,59.59,64.79,63.24,57.74,54.65,56.91,53.48,51.15,4.49,4.86,2.52,2247786.8,1910410.0666666667,98863721.0,112339754.0,0.99,-0.51,5232133902.342565,-13.78,289,-30.92,369,-10.17,306,-18.29,-2.71,-11.08,1.86,0.93,23.8,0.282,18.94,False,False,False,False,False,False,True,False,False,False,False,True,False,False,False,False,2026-11-11,False,False,4,"thin RVOL, below 200-MA",,3,https://www.tradingview.com/chart/?symbol=NYSE:KGS&interval=D,False,False,False
VSEC,VSE Corporation,NASDAQ,Engineering & Construction,171.59,178.43,187.18,198.22,204.25,200.05,198.96,198.68,179.79,187.97,180.0,170.82,4.4,5.21,8.94,439066.9,349293.3333333333,59935243.0,69236925.0,0.64,1.16,4815668363.917835,-22.36,388,-24.97,331,-8.02,296,-18.45,-3.07,-8.33,1.67,1.03,8.6,0.231,15.05,False,False,False,False,False,False,False,False,False,False,True,True,False,False,False,False,2026-10-28,False,False,4,"thin RVOL, below 200-MA",,2,https://www.tradingview.com/chart/?symbol=NASDAQ:VSEC&interval=D,False,False,False
BKV,BKV Corporation,NYSE,Integrated Oil,21.64,22.61,23.85,24.19,24.53,25.56,26.77,27.11,22.68,23.44,21.91,21.34,4.25,4.63,1.0,1691625.1,2076549.2,44936525.0,50228956.0,0.9,-1.74,2368234558.1972604,-12.39,275,-20.56,295,-22.71,367,-18.55,-2.54,-9.25,1.66,0.57,29.9,0.245,20.79,False,False,False,False,False,False,True,True,False,True,False,True,False,False,False,False,2026-11-17,False,False,4,"thin RVOL, below 200-MA",ADR,4,https://www.tradingview.com/chart/?symbol=NYSE:BKV&interval=D,False,False,False
XRAY,DENTSPLY SIRONA Inc.,NASDAQ,Medical Specialties,8.98,9.54,10.16,10.44,11.4,11.14,11.45,11.65,9.58,10.07,9.29,8.91,4.28,4.85,0.44,5733245.9,4260622.6,38260391.0,44468828.0,0.8,-0.75,1790197807.1767244,-19.57,361,-15.36,262,-20.88,359,-18.6,-4.38,-11.59,2.23,0.87,16.1,0.291,23.49,False,False,False,False,False,False,True,False,False,False,False,True,False,False,False,False,2026-10-29,False,False,4,"thin RVOL, below 200-MA",,3,https://www.tradingview.com/chart/?symbol=NASDAQ:XRAY&interval=D,False,False,False
PLUG,"Plug Power, Inc.",NASDAQ,Electronic Production Equipment,1.91,2.02,2.07,2.12,2.13,2.58,2.58,2.47,2.0,2.06,1.94,1.88,4.6,5.72,0.11,48997090.7,50841028.36666667,97106364.0,107613510.0,1.1,2.69,2668642834.0537634,-15.67,310,-28.2,353,-12.79,320,-18.88,-1.8,-7.71,1.26,0.55,27.5,0.173,29.52,False,False,False,False,False,True,True,True,False,True,False,True,False,False,False,False,2026-11-10,False,True,3,"thin RVOL, below 200-MA, large gap","near21, ADR",5,https://www.tradingview.com/chart/?symbol=NASDAQ:PLUG&interval=D,False,False,False
AN,"AutoNation, Inc.",NYSE,Specialty Stores,156.8,169.0,187.9,191.45,199.32,195.7,195.96,199.39,170.36,181.56,163.29,155.43,5.31,4.71,7.38,792832.7,537918.5666666667,84345631.0,102986482.0,0.83,0.61,5183934443.807635,-21.57,377,-14.88,259,-20.28,353,-18.91,-4.53,-16.55,2.9,1.07,18.6,0.431,19.38,False,False,False,False,False,False,False,False,False,False,True,True,False,False,False,False,2026-10-22,False,False,4,"thin RVOL, below 200-MA",,2,https://www.tradingview.com/chart/?symbol=NYSE:AN&interval=D,False,False,False
ENOV,Enovis Corporation,NYSE,Medical Specialties,18.46,18.25,18.7,20.96,23.55,23.65,23.7,23.93,18.48,19.55,18.63,17.88,5.08,5.84,1.08,1825558.1999999997,1711194.0,31588641.0,35867197.0,0.79,-0.88,1064578791.0925109,-26.75,420,-12.14,238,-18.86,344,-19.25,-3.7,-1.3,0.96,0.7,53.8,0.163,30.75,False,False,False,False,True,True,True,False,False,True,False,True,False,False,False,False,2026-11-11,False,False,4,"thin RVOL, below 200-MA",near21,5,https://www.tradingview.com/chart/?symbol=NYSE:ENOV&interval=D,False,False,False
AXON,"Axon Enterprise, Inc.",NASDAQ,Aerospace & Defense,419.58,445.11,470.8,517.35,534.52,502.61,485.42,499.16,445.85,475.65,427.76,415.37,4.72,5.63,23.63,1144100.7,951086.0666666667,399056692.0,492044060.0,0.73,0.0,34085593116.55261,-31.3,433,-27.72,352,1.1,263,-19.31,-3.82,-10.88,2.09,0.52,17.8,0.281,21.31,False,False,False,False,False,False,True,True,False,True,False,True,False,True,False,False,2026-11-10,False,False,5,below 200-MA,ADR,4,https://www.tradingview.com/chart/?symbol=NASDAQ:AXON&interval=D,False,False,False
MWH,"SOLV Energy, Inc.",NASDAQ,Engineering & Construction,24.23,25.53,25.32,26.28,27.29,31.12,31.48,,25.16,25.77,24.56,23.64,4.95,5.52,1.34,1225414.2,1563999.1333333333,37895699.0,41103983.0,1.4,1.18,4903948951.378833,-13.46,285,-27.59,351,-16.96,337,-19.34,-2.03,-4.31,1.09,0.69,44.1,0.126,25.4,False,False,False,False,False,True,True,False,False,True,False,True,False,False,True,False,2026-12-02,False,False,4,"thin RVOL, below 200-MA","near21, RVOL",4,https://www.tradingview.com/chart/?symbol=NASDAQ:MWH&interval=D,False,False,False
FDXF,"FedEx Freight Holding Company, Inc.",NYSE,Trucking,112.06,117.14,122.24,126.25,134.16,,,,116.98,122.16,114.23,111.3,4.01,4.41,4.94,2149972.5,1526818.4333333333,171095274.0,192767443.0,0.51,-0.61,16755003526.77578,-15.76,314,-25.79,340,-16.99,338,-19.51,-3.74,-8.33,1.88,0.59,15.4,0.193,15.19,False,False,False,False,False,False,True,True,False,True,False,True,False,True,False,False,2026-12-02,False,False,5,below 200-MA,ADR,4,https://www.tradingview.com/chart/?symbol=NYSE:FDXF&interval=D,False,False,False
GIL,"Gildan Activewear, Inc.",NYSE,Apparel/Footwear,42.79,44.58,47.37,49.78,51.8,53.71,55.67,58.25,44.41,46.98,43.08,41.75,4.37,4.59,1.96,2365691.0,1446542.1666666667,61897539.0,72007423.0,0.76,-0.73,7924358968.30139,-19.84,362,-16.91,273,-21.97,363,-19.57,-3.79,-9.66,1.94,0.68,53.0,0.31,31.93,False,False,False,False,False,False,True,True,False,True,False,True,False,False,False,False,2026-10-29,False,False,4,"thin RVOL, below 200-MA",ADR,4,https://www.tradingview.com/chart/?symbol=NYSE:GIL&interval=D,False,False,False
ALM,Almonty Industries Inc.,NASDAQ,Other Metals/Minerals,13.19,13.66,15.28,16.12,15.06,16.28,17.2,15.6,13.87,14.71,13.75,12.74,7.7,8.93,1.18,6556159.2,6519227.766666667,85988614.0,105119288.0,1.02,4.09,3805061016.1158204,-30.16,430,-21.3,304,-7.31,294,-19.59,-1.39,-13.67,1.16,0.86,38.2,0.526,26.86,False,False,False,False,False,True,True,False,False,True,False,True,False,False,False,False,2026-11-17,False,True,3,"thin RVOL, below 200-MA, large gap",near21,4,https://www.tradingview.com/chart/?symbol=NASDAQ:ALM&interval=D,False,False,False
ACAD,ACADIA Pharmaceuticals Inc.,NASDAQ,Pharmaceuticals: Major,20.22,24.41,26.15,27.31,27.25,25.1,24.08,24.5,23.51,25.37,20.6,20.06,4.82,5.17,1.05,2848891.1,1887798.1666666667,38171279.0,51563004.0,0.93,0.37,3484017558.654651,-31.48,435,-19.89,292,-7.46,295,-19.61,-4.99,-22.67,3.93,0.52,15.3,0.421,15.71,False,False,False,False,False,False,True,True,False,True,False,True,False,False,False,False,2026-11-11,False,False,4,"thin RVOL, below 200-MA",ADR,4,https://www.tradingview.com/chart/?symbol=NASDAQ:ACAD&interval=D,False,False,False
BOOT,"Boot Barn Holdings, Inc.",NYSE,Apparel/Footwear Retail,121.89,124.4,134.75,143.01,149.0,155.29,158.39,166.45,127.04,134.16,126.25,119.21,4.51,4.85,5.92,768563.9,671143.5,81805681.0,95980456.0,0.75,-1.31,3691419674.733672,-22.12,385,-24.95,330,-12.19,319,-19.75,-3.75,-9.54,1.88,1.19,45.3,0.343,34.5,False,False,False,False,False,False,False,False,False,False,True,True,False,False,False,False,2026-11-04,False,False,4,"thin RVOL, below 200-MA",,2,https://www.tradingview.com/chart/?symbol=NYSE:BOOT&interval=D,False,False,False
ASTS,"AST SpaceMobile, Inc.",NASDAQ,Specialty Telecommunications,59.4,60.93,60.95,61.64,62.9,74.09,77.89,81.37,60.84,61.43,65.47,58.58,6.21,7.02,4.17,10673047.8,9730715.066666666,578004475.0,599765597.0,1.67,6.72,23116549240.97705,-2.7,167,-31.65,374,-25.0,375,-19.79,-0.79,-2.55,0.47,1.65,19.7,0.142,34.4,False,False,False,False,True,True,False,False,False,True,True,True,True,True,True,False,2026-11-16,False,True,4,"below 200-MA, large gap","near21, RVOL",4,https://www.tradingview.com/chart/?symbol=NASDAQ:ASTS&interval=D,False,False,False
RKT,"Rocket Companies, Inc.",NYSE,Finance/Rental/Leasing,11.69,12.25,12.88,13.26,13.46,13.79,14.25,15.67,12.25,12.74,12.06,11.62,4.62,5.21,0.61,45787545.4,30418936.466666665,355597367.0,403476773.0,0.78,2.58,33101900075.79553,-17.85,342,-25.4,336,-16.14,334,-19.8,-2.53,-9.24,1.58,0.73,11.5,0.231,29.28,False,False,False,False,False,False,True,False,False,False,False,True,False,True,False,False,2026-10-29,False,True,4,"below 200-MA, large gap",,3,https://www.tradingview.com/chart/?symbol=NYSE:RKT&interval=D,False,False,False
ERAS,"Erasca, Inc.",NASDAQ,Pharmaceuticals: Major,14.21,14.71,15.45,16.33,17.2,15.83,15.73,13.81,14.74,15.5,14.43,13.82,7.15,7.3,1.04,5195019.3,4360548.9,61963400.0,71191048.0,0.6,-0.21,4970118400.140127,-26.18,419,-19.9,293,-13.41,322,-19.83,-2.38,-8.02,1.14,0.59,37.6,0.222,23.8,False,False,False,True,False,True,True,True,False,True,False,True,False,False,False,False,2026-11-11,False,False,5,thin RVOL,"near21, ADR",6,https://www.tradingview.com/chart/?symbol=NASDAQ:ERAS&interval=D,False,False,False
CHWY,"Chewy, Inc.",NYSE,Internet Retail,18.26,19.46,20.91,21.84,22.11,21.31,22.84,24.72,19.34,20.45,18.96,18.22,4.86,5.31,0.97,10998152.8,9503935.933333334,173541870.0,207550121.0,0.8,0.7,7339191814.108546,-20.26,367,-8.52,219,-30.75,397,-19.84,-3.28,-12.67,2.02,0.77,4.1,0.37,28.81,False,False,False,False,False,False,True,False,False,False,False,True,False,False,False,False,2026-12-03,False,False,4,"thin RVOL, below 200-MA",,3,https://www.tradingview.com/chart/?symbol=NYSE:CHWY&interval=D,False,False,False
INTU,Intuit Inc.,NASDAQ,Packaged Software,268.03,290.81,310.43,326.3,323.7,315.81,349.29,399.53,288.43,304.86,270.61,262.5,4.02,4.88,13.07,4100791.2,4030195.8666666667,1080213398.0,1315044851.0,0.92,0.0,71627261428.66331,-22.94,396,-0.78,177,-37.8,417,-20.51,-3.53,-13.66,2.48,0.62,42.3,0.317,40.56,False,False,False,False,False,False,True,False,False,False,False,True,False,True,False,False,2026-12-01,False,False,5,below 200-MA,,3,https://www.tradingview.com/chart/?symbol=NASDAQ:INTU&interval=D,False,False,False
USAR,"USA Rare Earth, Inc.",NASDAQ,Metal Fabrication,14.08,15.47,16.13,16.91,16.82,19.67,19.62,19.35,15.36,16.06,14.59,13.96,5.14,7.05,0.99,13809472.9,13145005.433333334,185015951.0,222255752.0,0.92,1.21,5279202689.014915,-27.63,421,-33.2,387,-0.71,268,-20.51,-2.32,-12.74,1.75,0.64,12.1,0.277,29.83,False,False,False,False,False,False,True,False,False,False,False,True,False,False,False,False,2026-11-05,False,False,4,"thin RVOL, below 200-MA",,3,https://www.tradingview.com/chart/?symbol=NASDAQ:USAR&interval=D,False,False,False
IBP,"Installed Building Products, Inc.",NYSE,Engineering & Construction,193.94,200.0,209.52,221.24,226.67,220.98,243.58,256.62,201.05,209.4,201.05,191.9,4.47,4.92,9.54,451364.7,390010.56666666665,75638649.0,86286458.0,0.61,2.48,5154765657.670763,-19.97,365,-14.53,254,-27.09,384,-20.53,-2.93,-7.44,1.5,0.96,21.4,0.292,29.2,False,False,False,False,False,False,True,False,False,False,False,True,False,False,False,False,2026-11-11,False,True,3,"thin RVOL, below 200-MA, large gap",,3,https://www.tradingview.com/chart/?symbol=NYSE:IBP&interval=D,False,False,False
BBWI,"Bath & Body Works, Inc.",NYSE,Specialty Stores,15.99,16.79,17.54,18.08,18.78,19.21,19.35,19.96,16.78,17.43,16.27,15.8,4.01,5.02,0.8,6875248.2,7063577.4,112946603.0,127688289.0,0.69,0.49,3224308604.7757874,-14.72,301,-31.14,371,-15.75,332,-20.54,-2.96,-8.82,1.64,0.59,23.7,0.224,19.84,False,False,False,False,False,False,True,True,False,True,False,True,False,False,False,False,2026-11-18,False,False,4,"thin RVOL, below 200-MA",ADR,4,https://www.tradingview.com/chart/?symbol=NYSE:BBWI&interval=D,False,False,False
OKLO,Oklo Inc.,NYSE,Industrial Machinery,37.11,38.33,38.83,39.78,41.08,49.68,53.34,60.28,38.2,39.08,38.2,36.83,5.42,6.38,2.37,9439346.9,9800707.366666667,363704250.0,389888474.0,0.8,2.28,6903115269.0,-11.64,269,-30.8,368,-19.24,347,-20.56,-1.51,-4.43,0.79,0.58,11.8,0.215,59.14,False,False,False,False,False,True,True,True,False,True,False,True,False,False,False,False,2026-11-18,False,True,3,"thin RVOL, below 200-MA, large gap","near21, ADR",5,https://www.tradingview.com/chart/?symbol=NYSE:OKLO&interval=D,False,False,False
EROC,"ERock, Inc.",NYSE,Electrical Products,12.14,12.56,12.28,12.62,12.33,,,,12.35,12.44,12.68,11.9,7.59,9.03,1.1,2789321.8,2542191.8666666667,30862209.0,32088393.0,0.7,4.8,2663516993.2727275,-7.33,216,-15.1,261,-39.6,418,-20.68,-0.17,-1.12,0.27,0.71,21.9,0.235,2.34,False,False,False,False,True,True,True,False,False,True,False,True,False,False,False,True,2026-12-02,False,True,3,"thin RVOL, below 200-MA, large gap",near21,6,https://www.tradingview.com/chart/?symbol=NYSE:EROC&interval=D,False,False,False
TPL,Texas Pacific Land Corporation,NYSE,Investment Trusts/Mutual Funds,328.7,345.24,357.33,362.08,370.72,381.9,413.33,396.28,344.81,353.87,341.07,328.46,4.17,4.38,14.4,489866.3999999996,390330.79999999993,128301734.0,141331366.0,0.55,-1.19,22671976262.293655,-11.35,264,-24.26,324,-26.81,380,-20.81,-2.59,-8.01,1.62,0.88,1.7,0.164,20.72,False,False,False,False,False,False,True,False,False,False,False,True,False,True,False,False,2026-11-04,False,False,5,below 200-MA,,3,https://www.tradingview.com/chart/?symbol=NYSE:TPL&interval=D,False,False,False
BBAI,"BigBear.ai, Inc.",NYSE,Packaged Software,2.65,2.79,2.84,2.93,2.96,3.44,3.56,4.02,2.78,2.85,2.71,2.64,4.24,4.83,0.13,13880988.6,15669956.5,41525385.0,45970429.0,0.64,1.5,1270660483.7781956,-15.87,319,-27.2,346,-19.82,349,-20.96,-2.19,-6.77,1.48,0.55,7.8,0.122,46.48,False,False,False,False,False,True,True,True,False,True,False,True,False,False,False,False,2026-11-11,False,False,4,"thin RVOL, below 200-MA","near21, ADR",5,https://www.tradingview.com/chart/?symbol=NYSE:BBAI&interval=D,False,False,False
NNE,Nano Nuclear Energy Inc.,NASDAQ,Electrical Products,15.79,16.57,16.96,17.5,17.59,20.58,21.53,23.7,16.6,17.0,16.6,15.76,5.52,6.7,1.06,2203384.4,1801005.5333333334,28437877.0,31524201.0,0.81,2.38,847893670.2704207,-17.74,341,-25.52,337,-20.53,355,-21.26,-1.53,-6.88,1.06,0.79,2.8,0.219,45.15,False,False,False,False,False,True,True,False,False,True,False,True,False,False,False,False,2026-12-17,False,True,3,"thin RVOL, below 200-MA, large gap",near21,4,https://www.tradingview.com/chart/?symbol=NASDAQ:NNE&interval=D,False,False,False
ZG,"Zillow Group, Inc.",NASDAQ,Internet Software/Services,28.01,29.93,31.92,33.48,33.63,34.14,37.36,43.45,29.9,31.48,28.43,27.73,4.54,5.17,1.45,1160029.0,940557.0333333333,26345003.0,31486871.0,1.37,0.04,6169129494.8952055,-23.13,400,-11.08,232,-29.73,394,-21.31,-3.23,-12.26,2.13,0.48,19.3,0.298,48.25,False,False,False,False,False,False,True,True,False,True,False,True,False,False,True,False,2026-11-04,False,False,4,"thin RVOL, below 200-MA","ADR, RVOL",4,https://www.tradingview.com/chart/?symbol=NASDAQ:ZG&interval=D,False,False,False
APP,Applovin Corporation,NASDAQ,Packaged Software,305.66,316.75,317.68,314.86,338.72,421.5,428.94,462.33,314.38,319.12,313.38,304.84,4.9,5.14,15.72,5016992.4,4723015.5,1443636918.0,1487107552.0,0.7,0.25,102289419329.98929,-3.35,174,-42.65,422,-18.87,345,-21.62,-1.9,-3.78,0.82,0.54,5.2,0.111,47.63,False,False,False,False,False,True,True,True,False,True,False,True,False,True,False,False,2026-11-11,False,False,5,below 200-MA,"near21, ADR",5,https://www.tradingview.com/chart/?symbol=NASDAQ:APP&interval=D,False,False,False
SMR,NuScale Power Corporation,NYSE,Electrical Products,7.76,8.45,9.02,9.11,9.06,9.82,10.43,12.11,8.44,8.78,8.16,7.75,7.2,8.1,0.63,38847824.7,37787059.0,293227578.0,344277895.0,0.75,2.65,3334652559.7977247,-19.33,356,-23.85,320,-21.77,362,-21.65,-1.78,-14.02,1.43,0.65,1.6,0.398,47.17,False,False,False,False,False,True,True,True,False,True,False,True,False,False,False,False,2026-11-05,False,True,3,"thin RVOL, below 200-MA, large gap","near21, ADR",5,https://www.tradingview.com/chart/?symbol=NYSE:SMR&interval=D,False,False,False
ENPH,"Enphase Energy, Inc.",NASDAQ,Electrical Products,31.83,33.64,35.12,36.07,37.34,44.15,42.11,41.22,33.36,34.89,32.01,30.54,5.26,5.57,1.77,5175054.4,4437440.1,141243718.0,160057725.0,1.16,1.08,4206163808.406987,-18.61,348,-32.95,383,-13.61,325,-21.72,-2.65,-9.36,1.58,0.83,72.8,0.223,33.01,False,False,False,False,False,False,True,False,False,False,False,False,False,False,False,False,2026-10-27,False,False,3,"LoD>60% ATR, thin RVOL, below 200-MA",,2,https://www.tradingview.com/chart/?symbol=NASDAQ:ENPH&interval=D,False,False,False
WING,Wingstop Inc.,NASDAQ,Restaurants,108.62,102.38,106.46,108.98,115.87,132.42,151.53,178.59,103.66,106.7,109.2,103.0,5.5,5.65,6.14,1438559.0,1251678.7333333334,135957344.0,136405445.0,1.23,1.43,2959085443.829863,-1.42,158,-38.33,410,-25.73,376,-21.83,-1.11,2.03,0.32,1.01,91.5,0.209,70.16,False,False,False,False,True,True,False,False,False,True,True,False,False,False,True,False,2026-11-04,False,False,3,"LoD>60% ATR, thin RVOL, below 200-MA","near21, RVOL",3,https://www.tradingview.com/chart/?symbol=NASDAQ:WING&interval=D,False,False,False
UPST,"Upstart Holdings, Inc.",NASDAQ,Finance/Rental/Leasing,23.14,24.52,25.62,27.01,27.81,29.54,29.32,32.63,24.45,25.64,23.68,22.9,4.2,5.23,1.21,4755871.9,4366880.233333333,101049609.0,117955258.0,0.87,1.13,2251824028.745983,-24.4,411,-35.12,393,-6.16,291,-21.9,-3.21,-9.66,1.87,0.64,19.4,0.239,35.04,False,False,False,False,False,False,True,False,False,False,False,True,False,False,False,False,2026-11-10,False,False,4,"thin RVOL, below 200-MA",,3,https://www.tradingview.com/chart/?symbol=NASDAQ:UPST&interval=D,False,False,False
NAMS,NewAmsterdam Pharma Company N.V.,NASDAQ,Pharmaceuticals: Major,23.81,22.69,23.26,24.54,26.1,29.83,30.41,31.34,23.08,23.69,24.54,23.26,5.56,5.77,1.37,2038217.6,1566136.2333333334,37289704.0,38438204.0,0.51,-0.25,2846180018.103902,-10.69,259,-30.64,367,-24.77,373,-22.03,-1.52,2.35,0.09,0.93,40.1,0.247,36.35,False,False,False,False,True,True,True,False,False,True,False,True,False,False,False,False,2026-11-11,False,False,4,"thin RVOL, below 200-MA",near21,5,https://www.tradingview.com/chart/?symbol=NASDAQ:NAMS&interval=D,False,False,False
LBRT,Liberty Energy Inc.,NYSE,Oilfield Services/Equipment,18.44,18.74,19.64,19.54,19.78,24.11,25.92,24.86,18.87,19.32,18.92,18.36,5.06,5.28,0.97,3925961.3,3603242.7333333334,66443796.0,70404961.0,0.75,-1.48,3009249933.682322,-3.86,183,-28.78,357,-33.81,401,-22.15,-1.29,-6.11,0.86,0.58,8.7,0.222,38.93,False,False,False,False,False,True,True,True,False,True,False,True,False,False,False,False,2026-10-21,False,False,4,"thin RVOL, below 200-MA","near21, ADR",5,https://www.tradingview.com/chart/?symbol=NYSE:LBRT&interval=D,False,False,False
CRK,"Comstock Resources, Inc.",NYSE,Oil & Gas Production,12.51,13.08,14.06,14.09,13.83,13.8,15.58,17.14,13.24,13.63,12.9,12.35,5.39,5.38,0.67,2841556.8,2775943.6333333333,34727055.0,39115822.0,1.25,-1.5,3673193271.255319,-14.49,294,-16.32,270,-36.08,409,-22.3,-1.77,-11.02,1.53,0.82,23.8,0.305,32.45,False,False,False,False,False,False,True,False,False,False,False,True,False,False,True,False,2026-11-03,False,False,4,"thin RVOL, below 200-MA",RVOL,3,https://www.tradingview.com/chart/?symbol=NYSE:CRK&interval=D,False,False,False
MAIR,Madison Air Solutions Corporation,NYSE,Industrial Machinery,24.89,24.5,24.85,25.53,28.13,33.59,,,24.79,25.35,25.28,24.64,4.12,4.87,1.21,2347341.4,2912437.2,72490562.0,74368113.0,1.27,1.24,12487875217.951542,-9.03,238,-35.72,397,-22.22,364,-22.32,-2.37,0.18,0.38,0.52,20.2,0.127,36.5,False,False,False,False,True,True,True,True,False,True,False,True,False,True,True,False,2026-12-02,False,False,5,below 200-MA,"near21, ADR, RVOL",6,https://www.tradingview.com/chart/?symbol=NYSE:MAIR&interval=D,False,False,False
LUNR,"Intuitive Machines, Inc.",NASDAQ,Aerospace & Defense,14.55,15.08,14.86,15.59,15.26,20.89,21.12,20.18,15.1,15.21,15.54,14.54,6.37,7.15,1.04,8560137.3,7133726.8,103795725.0,111198155.0,0.78,1.18,3330845082.572369,-9.06,240,-33.46,388,-24.65,371,-22.39,-0.65,-2.11,0.61,0.97,1.0,0.182,42.99,False,False,False,False,True,True,True,False,False,True,False,True,False,False,False,False,2026-11-18,False,False,4,"thin RVOL, below 200-MA",near21,5,https://www.tradingview.com/chart/?symbol=NASDAQ:LUNR&interval=D,False,False,False
LEU,Centrus Energy Corp.,NYSE,Other Metals/Minerals,138.18,147.1,156.44,165.02,171.01,172.63,181.42,202.16,147.85,155.62,143.13,137.24,5.59,6.91,9.55,750635.7,706586.7999999988,97636164.0,116601660.0,0.73,1.97,2826210323.6948066,-28.56,422,-17.69,281,-21.12,360,-22.46,-2.78,-11.67,1.62,0.62,9.8,0.363,39.84,False,False,False,False,False,False,True,False,False,False,False,True,False,False,False,False,2026-11-11,False,False,4,"thin RVOL, below 200-MA",,3,https://www.tradingview.com/chart/?symbol=NYSE:LEU&interval=D,False,False,False
GT,The Goodyear Tire & Rubber Company,NASDAQ,Automotive Aftermarket,5.0,5.14,5.45,5.67,6.11,6.19,6.47,7.15,5.19,5.43,5.12,4.95,4.3,4.88,0.24,10294460.1,8898484.1,44492420.0,50432159.0,0.62,0.4,1439493708.167331,-18.7,350,-24.7,326,-24.24,369,-22.55,-3.73,-8.31,1.63,0.68,20.5,0.304,40.24,False,False,False,False,False,False,True,False,False,False,False,True,False,False,False,False,2026-11-09,False,False,4,"thin RVOL, below 200-MA",,3,https://www.tradingview.com/chart/?symbol=NASDAQ:GT&interval=D,False,False,False
KTOS,"Kratos Defense & Security Solutions, Inc.",NASDAQ,Aerospace & Defense,43.05,46.42,47.05,49.74,51.5,52.83,60.71,69.45,45.95,47.74,44.84,42.98,4.92,5.52,2.38,4344184.4,3588366.8666666667,154479194.0,178491349.0,1.19,1.25,8081403146.017698,-19.55,359,-14.4,253,-34.05,404,-22.67,-2.97,-8.51,1.78,0.78,2.7,0.121,53.5,False,False,False,False,False,False,True,False,False,False,False,True,False,False,False,False,2026-10-29,False,False,4,"thin RVOL, below 200-MA",,3,https://www.tradingview.com/chart/?symbol=NASDAQ:KTOS&interval=D,False,False,False
RSI,"Rush Street Interactive, Inc.",NYSE,Casinos/Gaming,19.66,21.64,24.03,24.65,25.92,27.57,25.83,23.99,21.39,23.16,20.38,19.38,6.22,6.15,1.21,4891727.9,3102637.966666667,60997862.0,76480026.0,0.76,0.31,4556663956.917646,-25.67,417,-34.36,391,-8.98,298,-23.0,-3.93,-18.19,2.46,0.83,23.2,0.48,30.16,False,False,False,False,False,False,True,False,False,False,False,True,False,False,False,False,2026-11-04,False,False,4,"thin RVOL, below 200-MA",,3,https://www.tradingview.com/chart/?symbol=NYSE:RSI&interval=D,False,False,False
Z,"Zillow Group, Inc.",NASDAQ,Internet Software/Services,27.34,29.28,31.24,32.72,33.05,33.78,37.12,43.43,29.21,30.8,27.66,27.02,4.49,5.14,1.41,5169470.7,3790858.3333333335,103642067.0,124039412.0,1.45,0.22,6177369508.534986,-23.31,403,-14.67,256,-31.27,398,-23.08,-3.36,-12.47,2.18,0.46,22.8,0.301,51.76,False,False,False,False,False,False,True,True,False,True,False,True,False,False,True,False,2026-11-04,False,False,4,"thin RVOL, below 200-MA","ADR, RVOL",4,https://www.tradingview.com/chart/?symbol=NASDAQ:Z&interval=D,False,False,False
HUBG,"Hub Group, Inc.",NASDAQ,Air Freight/Couriers,30.25,31.52,33.71,35.78,39.83,41.82,41.01,41.98,31.62,33.83,30.67,29.96,4.62,4.92,1.49,1348892.3,1272653.6333333333,38497772.0,45538941.0,0.89,-0.86,1849893594.2174058,-24.22,408,-31.7,375,-15.6,330,-23.84,-4.89,-10.25,2.15,0.48,19.5,0.293,34.57,False,False,False,False,False,False,True,True,False,True,False,True,False,False,False,False,2026-10-22,False,False,4,"thin RVOL, below 200-MA",ADR,4,https://www.tradingview.com/chart/?symbol=NASDAQ:HUBG&interval=D,False,False,False
DNN,Denison Mines Corp,AMEX,Other Metals/Minerals,2.59,2.77,2.98,3.13,3.1,3.17,3.37,3.39,2.76,2.92,2.63,2.55,5.03,5.61,0.15,23743077.0,25843708.533333335,66935205.0,80942495.0,1.03,1.55,2344509820.0081964,-29.43,426,-15.91,267,-26.21,379,-23.85,-2.93,-13.1,2.03,0.55,27.5,0.364,23.99,False,False,False,False,False,False,True,True,False,True,False,True,False,False,False,False,2026-11-03,False,False,4,"thin RVOL, below 200-MA",ADR,4,https://www.tradingview.com/chart/?symbol=AMEX:DNN&interval=D,False,False,False
CELC,Celcuity Inc.,NASDAQ,Medical Specialties,77.38,81.21,85.53,87.68,88.13,98.31,104.54,104.84,81.16,84.16,80.52,77.25,4.51,5.0,3.87,862248.9,819752.8,63432472.0,71880024.0,1.49,0.0,3786350985.5409346,-15.8,316,-26.85,345,-29.14,391,-23.93,-2.44,-9.53,1.61,0.85,3.4,0.279,30.53,False,False,False,False,False,False,True,False,False,False,False,True,False,False,True,False,2026-11-18,False,False,4,"thin RVOL, below 200-MA",RVOL,3,https://www.tradingview.com/chart/?symbol=NASDAQ:CELC&interval=D,False,False,False
AAP,Advance Auto Parts Inc.,NYSE,Specialty Stores,39.73,41.39,42.44,43.56,48.73,52.67,53.1,51.61,41.38,42.97,40.6,39.4,4.07,4.9,1.95,1891943.5,2382829.0,94669796.0,103804768.0,1.07,0.5,2399692087.9114904,-9.13,243,-37.09,405,-26.15,378,-24.12,-3.77,-6.38,1.54,0.62,16.9,0.13,29.5,False,False,False,False,False,False,True,True,False,True,False,True,False,False,False,False,2026-11-18,False,False,4,"thin RVOL, below 200-MA",ADR,4,https://www.tradingview.com/chart/?symbol=NYSE:AAP&interval=D,False,False,False
TRIP,"TripAdvisor, Inc.",NASDAQ,Other Consumer Services,8.4,8.58,8.88,9.25,10.66,11.39,11.1,11.65,8.58,9.01,8.42,8.21,4.34,4.88,0.41,4599769.3,3997385.6666666665,33578040.0,36978482.0,0.7,0.12,984474444.6135553,-14.72,302,-39.52,417,-18.13,343,-24.12,-4.34,-5.37,1.39,0.5,45.2,0.177,36.58,False,False,False,False,False,True,True,True,False,True,False,True,False,False,False,False,2026-11-09,False,False,4,"thin RVOL, below 200-MA","near21, ADR",5,https://www.tradingview.com/chart/?symbol=NASDAQ:TRIP&interval=D,False,False,False
LMND,"Lemonade, Inc.",NYSE,Multi-Line Insurance,44.6,46.29,48.72,50.03,51.98,56.03,57.38,62.26,46.18,48.2,44.96,43.92,4.12,4.78,2.13,1258277.1,1026042.2,45761482.0,51331865.0,0.92,0.89,3451888975.5226603,-17.25,336,-32.22,379,-23.5,368,-24.32,-2.97,-8.46,1.56,0.49,31.9,0.251,35.82,False,False,False,False,False,False,True,True,False,True,False,True,False,False,False,False,2026-11-10,False,False,4,"thin RVOL, below 200-MA",ADR,4,https://www.tradingview.com/chart/?symbol=NYSE:LMND&interval=D,False,False,False
JOBY,"Joby Aviation, Inc.",NYSE,Aerospace & Defense,5.99,6.22,6.39,6.69,7.11,8.36,8.63,9.71,6.24,6.47,6.25,5.95,4.11,4.95,0.3,22926445.7,24829225.933333334,148727063.0,166124074.0,1.04,1.96,5953308089.319149,-16.22,322,-32.2,378,-24.84,374,-24.42,-3.18,-6.2,1.5,1.01,13.5,0.165,58.25,False,False,False,False,False,False,False,False,False,False,True,True,False,False,False,False,2026-11-11,False,False,4,"thin RVOL, below 200-MA",,2,https://www.tradingview.com/chart/?symbol=NYSE:JOBY&interval=D,False,False,False
UEC,Uranium Energy Corp.,AMEX,Other Metals/Minerals,9.29,9.78,10.47,11.1,10.81,11.44,12.33,13.09,9.79,10.32,9.94,8.98,5.63,6.48,0.6,10142024.1,9203007.433333334,85495939.0,102177924.0,1.83,7.6,4597364387.201954,-31.74,437,-13.9,247,-27.76,387,-24.47,-2.17,-11.27,1.54,1.59,51.5,0.328,35.64,False,False,False,False,False,False,False,False,False,False,True,True,True,True,True,False,2026-12-16,False,True,4,"below 200-MA, large gap",RVOL,2,https://www.tradingview.com/chart/?symbol=AMEX:UEC&interval=D,False,False,False
UAA,"Under Armour, Inc.",NYSE,Apparel/Footwear,4.27,4.64,4.85,4.96,5.55,5.78,5.97,5.97,4.57,4.83,4.34,4.22,4.23,4.71,0.2,10890562.2,8633808.2,36866361.0,42809299.0,0.79,0.0,1825928405.0654204,-16.11,321,-33.12,385,-24.69,372,-24.64,-4.89,-11.88,2.45,0.59,24.9,0.238,31.2,False,False,False,False,False,False,True,True,False,True,False,True,False,False,False,False,2026-11-05,False,False,4,"thin RVOL, below 200-MA",ADR,4,https://www.tradingview.com/chart/?symbol=NYSE:UAA&interval=D,False,False,False
NXT,Nextpower Inc.,NASDAQ,Electronic Equipment/Instruments,79.31,80.86,81.83,83.59,90.17,106.81,109.46,107.88,80.83,82.91,80.57,78.43,4.42,4.93,3.91,2254237.9,2119296.7333333334,168081424.0,177159785.0,0.78,1.38,12033668028.139137,-11.43,267,-32.28,380,-30.45,396,-24.72,-2.44,-3.08,0.88,0.55,22.5,0.092,36.07,False,False,False,False,False,True,True,True,True,True,False,True,False,True,False,False,2026-10-22,False,False,5,below 200-MA,"near21, ADR, BB",6,https://www.tradingview.com/chart/?symbol=NASDAQ:NXT&interval=D,False,False,False
AMPX,"Amprius Technologies, Inc.",NYSE,Electrical Products,9.53,9.6,9.61,9.82,10.18,12.87,14.49,13.46,9.63,9.76,9.73,9.32,5.64,6.48,0.62,5916191.8,4850134.333333333,46221780.0,47617002.0,1.2,-0.42,1392148434.673958,-9.67,250,-29.56,362,-36.47,411,-25.23,-0.98,-0.8,0.37,0.65,33.2,0.12,51.29,False,False,False,False,True,True,True,False,False,True,False,True,False,False,True,False,2026-11-05,False,False,4,"thin RVOL, below 200-MA","near21, RVOL",5,https://www.tradingview.com/chart/?symbol=NYSE:AMPX&interval=D,False,False,False
ESAB,ESAB Corporation,NYSE,Industrial Machinery,67.6,67.55,69.77,72.87,78.73,85.7,91.46,98.79,68.47,70.76,68.69,67.06,4.1,4.51,3.05,1084390.7,920319.1666666666,62213576.0,67062737.0,0.79,1.2,4202543856.98736,-14.73,303,-31.5,373,-30.06,395,-25.43,-3.13,-3.12,0.99,0.54,17.9,0.187,46.21,False,False,False,False,False,True,True,True,False,True,False,True,False,False,False,False,2026-11-04,False,False,4,"thin RVOL, below 200-MA","near21, ADR",5,https://www.tradingview.com/chart/?symbol=NYSE:ESAB&interval=D,False,False,False
FLUT,Flutter Entertainment plc,NYSE,Casinos/Gaming,74.45,85.72,92.92,95.08,97.27,99.98,102.51,122.67,84.6,90.17,78.21,74.38,5.88,6.08,4.53,3632928.9,2750875.933333333,204802713.0,261548699.0,1.16,0.34,12919986148.505156,-22.29,386,-28.52,355,-25.77,377,-25.52,-3.86,-19.88,2.87,0.85,1.7,0.373,49.64,False,False,False,False,False,False,True,False,False,False,False,True,False,True,False,False,2026-11-18,False,False,5,below 200-MA,,3,https://www.tradingview.com/chart/?symbol=NYSE:FLUT&interval=D,False,False,False
QNT,Quantinuum Inc.,NASDAQ,Computer Processing Hardware,48.73,50.75,49.82,51.22,53.65,,,,49.93,50.88,50.13,48.46,6.32,7.04,3.43,2312604.7,1715239.1333333333,83583603.0,87853977.0,0.81,1.86,12831005873.154957,-9.25,247,-39.19,416,-28.34,388,-25.59,-1.3,-2.18,0.6,0.49,7.9,0.128,7.87,False,False,False,False,True,True,True,True,False,True,False,True,False,True,False,False,2026-12-02,False,False,5,below 200-MA,"near21, ADR",6,https://www.tradingview.com/chart/?symbol=NASDAQ:QNT&interval=D,False,False,False
ALKT,"Alkami Technology, Inc.",NASDAQ,Packaged Software,13.37,16.28,17.93,18.69,18.71,17.78,17.43,18.17,15.67,17.2,13.63,13.2,6.94,7.13,0.95,2660922.0,1848806.0666666667,24718537.0,34560964.0,0.65,-0.6,1429814288.3764002,-34.17,441,-28.77,356,-15.16,329,-26.03,-4.0,-25.43,3.13,0.45,17.3,0.54,18.16,False,False,False,False,False,False,True,True,False,True,False,True,False,False,False,False,2026-10-29,False,False,4,"thin RVOL, below 200-MA",ADR,4,https://www.tradingview.com/chart/?symbol=NASDAQ:ALKT&interval=D,False,False,False
FTAI,FTAI Aviation Ltd.,NASDAQ,Aerospace & Defense,168.93,182.98,185.04,190.51,200.89,223.61,233.23,235.68,178.91,185.71,174.85,168.9,4.1,5.41,9.14,1375113.7000000016,1332668.9666666684,225127769.0,253892540.0,0.63,1.8,17350309733.750095,-15.32,308,-36.66,402,-29.49,393,-27.15,-2.94,-8.71,1.67,0.65,0.3,0.199,31.2,False,False,False,False,False,False,True,False,False,False,False,True,False,True,False,False,2026-11-03,False,False,5,below 200-MA,,3,https://www.tradingview.com/chart/?symbol=NASDAQ:FTAI&interval=D,False,False,False
CENX,Century Aluminum Company,NASDAQ,Aluminum,36.2,38.7,42.03,42.91,44.4,49.57,52.33,50.43,38.89,40.99,37.5,35.79,4.49,5.4,1.96,1819855.1,1814898.6,65699329.0,77874577.0,1.51,0.19,3583557380.6310167,-21.75,379,-18.62,288,-41.16,423,-27.17,-3.42,-13.87,2.16,0.87,21.0,0.375,37.65,False,False,False,False,False,False,True,False,False,False,False,True,True,True,True,False,2026-11-09,False,False,5,below 200-MA,RVOL,3,https://www.tradingview.com/chart/?symbol=NASDAQ:CENX&interval=D,False,False,False
HYMC,Hycroft Mining Holding Corporation,NASDAQ,Precious Metals,19.38,20.88,21.46,22.83,22.95,25.56,30.05,30.71,20.81,21.64,19.76,18.62,6.49,8.22,1.59,2454657.0999999996,2169471.866666662,42044365.0,49536636.0,0.93,0.61,1805860969.2765303,-25.46,415,-16.72,272,-40.31,419,-27.5,-1.89,-9.69,1.27,0.72,47.7,0.213,50.75,False,False,False,False,False,True,True,False,False,True,False,True,False,False,False,False,2026-11-03,False,False,4,"thin RVOL, below 200-MA",near21,4,https://www.tradingview.com/chart/?symbol=NASDAQ:HYMC&interval=D,False,False,False
QS,QuantumScape Corporation,NASDAQ,Electrical Products,4.59,4.93,5.13,5.34,5.47,6.52,6.62,7.43,4.9,5.12,4.72,4.55,4.61,5.52,0.25,12476243.7,13573727.566666666,62303410.0,72540262.0,0.95,1.86,2841731022.3750005,-22.07,383,-38.47,411,-22.6,365,-27.71,-2.92,-10.55,1.88,0.69,15.8,0.212,54.65,False,False,False,False,False,False,True,False,False,False,False,True,False,False,False,False,2026-10-28,False,False,4,"thin RVOL, below 200-MA",,3,https://www.tradingview.com/chart/?symbol=NASDAQ:QS&interval=D,False,False,False
SEDG,"SolarEdge Technologies, Inc.",NASDAQ,Electrical Products,31.52,33.8,34.31,33.35,35.53,46.43,45.19,42.16,33.21,33.92,32.03,30.74,8.16,7.67,2.42,2508014.9,3091962.6,97458661.0,103115922.0,1.11,1.49,1939291536.5328257,-4.19,185,-45.18,423,-37.7,415,-29.02,-1.47,-8.13,0.92,0.53,32.0,0.184,40.04,False,False,False,False,False,True,True,True,False,True,False,True,False,False,False,False,2026-11-11,False,False,4,"thin RVOL, below 200-MA","near21, ADR",5,https://www.tradingview.com/chart/?symbol=NASDAQ:SEDG&interval=D,False,False,False
PLNT,"Planet Fitness, Inc.",NYSE,Other Consumer Services,40.74,44.47,47.58,49.42,50.86,51.18,58.59,68.81,43.8,46.57,40.97,40.25,5.2,5.07,2.07,3640519.1,2302026.566666667,93784562.0,113769222.0,0.7,0.27,3077213293.362963,-21.29,375,-22.64,314,-43.45,426,-29.12,-3.92,-14.38,2.47,0.35,23.7,0.353,59.73,False,False,False,False,False,False,True,True,False,True,False,True,False,False,False,False,2026-11-10,False,False,4,"thin RVOL, below 200-MA",ADR,4,https://www.tradingview.com/chart/?symbol=NYSE:PLNT&interval=D,False,False,False
WHR,Whirlpool Corporation,NYSE,Electronics/Appliances,30.67,32.33,34.53,36.45,37.96,39.15,45.02,54.1,32.57,34.38,31.88,30.51,4.45,5.26,1.61,2923756.4,2621279.533333333,80394643.0,95540396.0,0.78,1.11,1999664928.9251595,-22.77,394,-22.3,308,-42.46,424,-29.17,-3.65,-11.17,2.05,0.85,9.9,0.311,70.98,False,False,False,False,False,False,True,False,False,False,False,True,False,False,False,False,2026-10-15,False,False,4,"thin RVOL, below 200-MA",,3,https://www.tradingview.com/chart/?symbol=NYSE:WHR&interval=D,False,False,False
EOSE,"Eos Energy Enterprises, Inc.",NASDAQ,Electrical Products,3.11,3.62,3.72,3.65,3.73,5.19,5.5,7.56,3.47,3.63,3.26,3.07,8.49,9.86,0.31,29450226.4,27191679.1,84566122.0,99163522.0,0.79,3.26,1132561693.8892508,-7.72,224,-46.01,425,-33.97,402,-29.23,-1.69,-16.49,1.46,0.6,13.0,0.422,126.63,False,False,False,False,False,True,True,True,False,True,False,True,False,False,False,False,2026-11-11,False,True,3,"thin RVOL, below 200-MA, large gap","near21, ADR",5,https://www.tradingview.com/chart/?symbol=NASDAQ:EOSE&interval=D,False,False,False
CAR,"Avis Budget Group, Inc.",NASDAQ,Finance/Rental/Leasing,106.79,110.41,120.6,128.1,135.93,150.74,167.82,156.4,110.94,119.07,110.25,103.86,5.33,5.51,5.89,498515.9,388935.4666666667,41534418.0,49820818.0,0.64,0.23,3772437094.38721,-23.29,402,-27.34,348,-37.18,413,-29.27,-3.89,-11.45,1.87,1.09,49.8,0.409,53.76,False,False,False,False,False,False,False,False,False,False,True,True,False,False,False,False,2026-11-02,False,False,4,"thin RVOL, below 200-MA",,2,https://www.tradingview.com/chart/?symbol=NASDAQ:CAR&interval=D,False,False,False
QXO,"QXO, Inc.",NYSE,Wholesale Distributors,11.62,12.0,12.35,12.79,13.47,14.97,16.99,18.58,12.13,12.47,12.24,11.55,4.5,5.17,0.6,22117909.7,16840244.1,195683636.0,215358655.0,0.98,0.41,12055642083.564358,-17.47,337,-32.75,382,-37.69,414,-29.31,-2.66,-5.91,1.32,1.14,11.7,0.211,56.66,False,False,False,False,False,True,False,False,False,True,True,True,False,True,False,False,2026-11-17,False,False,5,below 200-MA,near21,3,https://www.tradingview.com/chart/?symbol=NYSE:QXO&interval=D,False,False,False
FMC,FMC Corporation,NYSE,Chemicals: Agricultural,9.09,9.93,11.06,11.04,10.93,11.49,12.8,13.29,9.94,10.49,9.4,9.07,5.95,6.22,0.57,4360290.7,3392675.533333333,30839421.0,37450614.0,0.72,0.11,1413913193.2964168,-16.68,329,-24.75,327,-46.81,433,-29.41,-2.7,-17.84,2.15,0.57,3.5,0.475,36.91,False,False,False,False,False,False,True,True,False,True,False,True,False,False,False,False,2026-10-29,False,False,4,"thin RVOL, below 200-MA",ADR,4,https://www.tradingview.com/chart/?symbol=NYSE:FMC&interval=D,False,False,False
FRMI,Fermi Inc.,NASDAQ,Real Estate Development,4.28,4.73,4.93,5.16,5.68,6.33,6.46,7.13,4.67,4.97,4.42,4.2,6.45,8.27,0.35,18194102.6,16568808.666666666,70914501.0,85428777.0,0.83,0.94,2741200388.6103287,-20.89,373,-51.91,433,-15.91,333,-29.57,-2.98,-13.21,1.67,0.61,21.2,0.314,56.07,False,False,False,False,False,False,True,False,False,False,False,True,False,False,False,False,2026-11-17,False,False,4,"thin RVOL, below 200-MA",,3,https://www.tradingview.com/chart/?symbol=NASDAQ:FRMI&interval=D,False,False,False
STUB,"StubHub Holdings, Inc.",NYSE,Internet Software/Services,5.31,5.62,5.89,6.16,7.11,8.76,8.3,9.39,5.58,5.97,5.44,5.22,4.78,5.98,0.32,8194439.1,6613682.466666667,35118654.0,40751307.0,1.12,-0.19,2028897791.7962263,-19.18,353,-58.74,440,-11.35,312,-29.76,-4.24,-9.79,1.85,0.71,29.9,0.25,70.97,False,False,False,False,False,False,True,False,False,False,False,True,False,False,False,False,2026-11-12,False,False,4,"thin RVOL, below 200-MA",,3,https://www.tradingview.com/chart/?symbol=NYSE:STUB&interval=D,False,False,False
TTD,"The Trade Desk, Inc.",NASDAQ,Packaged Software,12.05,13.2,13.8,13.66,14.85,17.42,19.55,22.97,13.0,13.56,12.55,11.85,4.59,5.18,0.62,34135445.39999999,22886151.43333334,275778125.0,312609571.0,0.67,0.65,5662061010.287683,-10.3,255,-35.37,395,-44.57,429,-30.08,-3.64,-12.7,2.14,1.12,32.0,0.26,81.04,False,False,False,False,False,False,False,False,False,False,True,True,False,False,False,False,2026-11-05,False,False,4,"thin RVOL, below 200-MA",,2,https://www.tradingview.com/chart/?symbol=NASDAQ:TTD&interval=D,False,False,False
UUUU,Energy Fuels Inc,AMEX,Other Metals/Minerals,10.99,11.61,12.67,13.44,13.21,14.63,16.37,17.19,11.69,12.43,11.29,10.85,4.59,6.05,0.66,7270592.4,6817405.433333334,74923286.0,91605477.0,0.73,1.81,2909861348.874887,-30.66,432,-24.42,325,-35.35,408,-30.14,-2.78,-13.27,1.91,0.66,21.1,0.406,50.69,False,False,False,False,False,False,True,False,False,False,False,True,False,False,False,False,2026-10-30,False,False,4,"thin RVOL, below 200-MA",,3,https://www.tradingview.com/chart/?symbol=AMEX:UUUU&interval=D,False,False,False
FTFT,Future FinTech Group Inc.,NASDAQ,Finance/Rental/Leasing,3.77,4.85,3.87,3.47,3.65,8.82,13.34,20.55,4.34,4.12,4.18,3.77,39.84,30.77,1.16,2849692.5,11040006.358333332,41620824.0,38256492.0,0.03,-1.91,30452144.408114556,57.08,8,-67.0,447,-80.84,449,-30.25,0.11,-2.64,0.28,0.35,0.0,1.975,448.41,False,False,False,False,True,True,True,True,False,True,False,True,False,False,False,False,,False,False,4,"thin RVOL, below 200-MA","near21, ADR",6,https://www.tradingview.com/chart/?symbol=NASDAQ:FTFT&interval=D,True,False,False
KNF,Knife Riv Holding Co.,NYSE,Construction Materials,52.68,54.12,56.77,59.62,64.71,72.62,76.72,76.86,54.45,57.13,54.79,52.08,4.06,4.62,2.44,1271449.0,1016158.3666666667,53531223.0,60582684.0,0.88,0.77,2990296910.9162455,-21.27,374,-36.58,401,-33.98,403,-30.61,-4.02,-7.21,1.68,1.11,24.8,0.229,43.16,False,False,False,False,False,False,False,False,False,False,True,True,False,False,False,False,2026-11-09,False,False,4,"thin RVOL, below 200-MA",,2,https://www.tradingview.com/chart/?symbol=NYSE:KNF&interval=D,False,False,False
PUMP,ProPetro Holding Corp.,NYSE,Oilfield Services/Equipment,8.88,9.84,10.59,10.81,11.11,13.05,13.51,12.75,9.79,10.34,9.24,8.85,5.96,6.22,0.55,4404381.1,3563766.3333333335,31646245.0,38530254.0,0.83,-1.08,1090676375.2258065,-20.5,369,-37.77,407,-35.14,407,-31.14,-3.23,-16.16,2.27,0.72,6.3,0.343,41.25,False,False,False,False,False,False,True,True,False,True,False,True,False,False,False,False,2026-11-04,False,False,4,"thin RVOL, below 200-MA",ADR,4,https://www.tradingview.com/chart/?symbol=NYSE:PUMP&interval=D,False,False,False
TE,T1 Energy Inc.,NYSE,Electrical Products,3.77,4.03,4.29,4.38,4.66,6.45,6.26,6.51,4.0,4.25,3.8,3.52,6.44,9.1,0.34,20429137.9,19949271.633333333,75208754.0,87457607.0,1.03,2.8,1110176505.322129,-23.84,407,-59.11,441,-10.87,310,-31.27,-2.11,-12.18,1.24,0.82,72.8,0.346,65.56,False,False,False,False,False,True,True,False,False,True,False,False,False,False,False,False,2026-11-11,False,True,2,"LoD>60% ATR, thin RVOL, below 200-MA, large gap",near21,3,https://www.tradingview.com/chart/?symbol=NYSE:TE&interval=D,False,False,False
CHTR,"Charter Communications, Inc.",NASDAQ,Cable/Satellite TV,110.67,120.63,133.27,139.26,141.3,139.93,164.61,176.37,120.3,129.36,113.78,109.96,5.07,5.79,6.41,3451608.0,3172774.966666667,351131006.0,441839584.0,0.84,-0.89,19379997868.67612,-25.73,418,-23.19,316,-48.87,435,-32.6,-3.74,-16.96,2.49,0.6,11.1,0.443,50.37,False,False,False,False,False,False,True,True,False,True,False,True,False,True,False,False,2026-10-30,False,False,5,below 200-MA,ADR,4,https://www.tradingview.com/chart/?symbol=NASDAQ:CHTR&interval=D,False,False,False
RUN,Sunrun Inc.,NASDAQ,Semiconductors,7.72,8.27,8.49,8.7,9.27,11.4,11.91,13.7,8.17,8.51,7.8,7.49,4.94,6.01,0.46,8338540.7,7498723.033333333,57890142.0,65252638.0,1.05,1.56,1859338741.3611474,-14.51,295,-41.07,419,-43.36,425,-32.98,-2.77,-9.08,1.54,0.66,49.5,0.197,70.24,False,False,False,False,False,False,True,False,False,False,False,True,False,False,False,False,2026-11-04,False,False,4,"thin RVOL, below 200-MA",,3,https://www.tradingview.com/chart/?symbol=NASDAQ:RUN&interval=D,False,False,False
XE,"X-Energy, Inc.",NASDAQ,Industrial Machinery,14.29,15.53,16.26,17.02,17.56,19.96,,,15.43,16.2,14.86,14.11,7.27,8.92,1.27,7057595.4,6646373.0,94976670.0,113105760.0,1.03,2.36,5806971459.076923,-21.7,378,-22.17,306,-55.37,438,-33.08,-2.09,-12.13,1.32,0.59,14.1,0.339,30.99,False,False,False,False,False,True,True,True,False,True,False,True,False,False,False,False,2026-12-02,False,True,3,"thin RVOL, below 200-MA, large gap","near21, ADR",5,https://www.tradingview.com/chart/?symbol=NASDAQ:XE&interval=D,False,False,False
MTZ,"MasTec, Inc.",NYSE,Engineering & Construction,210.23,214.9,225.07,235.82,260.86,321.24,327.06,305.43,215.89,227.35,212.44,206.0,4.87,5.64,11.85,1745401.4,1502284.5,315825270.0,354266728.0,0.8,1.36,16882508684.126465,-15.68,311,-48.78,428,-35.03,406,-33.16,-3.44,-6.59,1.34,0.54,35.7,0.215,53.35,False,False,False,False,False,True,True,True,False,True,False,True,False,True,False,False,2026-10-29,False,False,5,below 200-MA,"near21, ADR",5,https://www.tradingview.com/chart/?symbol=NYSE:MTZ&interval=D,False,False,False
AGX,"Argan, Inc.",NYSE,Engineering & Construction,378.39,375.13,391.32,420.1,483.13,580.46,569.18,515.75,376.53,401.62,386.4,364.51,4.19,5.92,22.42,454304.8,416442.4,157577640.0,174947591.0,0.94,3.6,5308751568.363166,-16.34,324,-51.56,432,-31.77,399,-33.22,-3.66,-3.31,0.98,0.98,61.9,0.21,54.26,False,False,False,False,False,True,True,False,False,True,False,False,False,False,False,False,2026-12-09,False,True,2,"LoD>60% ATR, thin RVOL, below 200-MA, large gap",near21,3,https://www.tradingview.com/chart/?symbol=NYSE:AGX&interval=D,False,False,False
IONS,"Ionis Pharmaceuticals, Inc.",NASDAQ,Pharmaceuticals: Major,45.89,45.04,50.45,54.03,54.53,63.86,67.5,70.93,46.36,49.56,46.46,45.39,4.96,4.9,2.25,5197986.2,3880628.6666666665,178082050.0,209660019.0,0.71,-0.09,7626198677.019311,-24.3,409,-42.01,421,-37.77,416,-34.69,-3.23,-9.05,1.51,0.48,22.2,0.485,56.41,False,False,False,False,False,False,True,True,False,True,False,True,False,False,False,False,2026-11-04,False,False,4,"thin RVOL, below 200-MA",ADR,4,https://www.tradingview.com/chart/?symbol=NASDAQ:IONS&interval=D,False,False,False
HTZ,"Hertz Global Holdings, Inc",NASDAQ,Finance/Rental/Leasing,1.68,1.79,1.96,2.03,2.0,3.08,3.8,4.16,1.79,1.91,1.73,1.68,5.07,7.42,0.12,11533242.8,14914019.633333333,25055553.0,30210832.0,0.85,0.59,598838398.7218934,-17.57,338,-25.0,333,-66.73,445,-36.43,-2.15,-14.35,1.59,0.4,0.0,0.418,141.39,False,False,False,False,False,False,True,True,False,True,False,True,False,False,False,False,2026-10-22,False,False,4,"thin RVOL, below 200-MA",ADR,4,https://www.tradingview.com/chart/?symbol=NASDAQ:HTZ&interval=D,False,False,False
XENE,Xenon Pharmaceuticals Inc.,NASDAQ,Pharmaceuticals: Major,37.25,41.75,50.41,54.04,58.11,57.78,56.74,53.18,41.71,47.92,37.43,36.2,5.34,6.79,2.53,4089201.6,1780096.0666666667,66308578.0,96192831.0,0.71,-1.14,3607306182.2440085,-39.24,444,-37.86,408,-33.48,400,-36.86,-5.29,-26.11,3.28,0.49,41.5,0.815,43.94,False,False,False,False,False,False,True,True,False,True,False,True,False,False,False,False,2026-11-11,False,False,4,"thin RVOL, below 200-MA",ADR,4,https://www.tradingview.com/chart/?symbol=NASDAQ:XENE&interval=D,False,False,False
INIO,INNIO N.V.,NASDAQ,Electrical Products,18.38,19.53,19.68,20.74,23.11,,,,19.23,20.18,18.92,18.07,6.88,8.06,1.48,7391267.7,5028352.233333333,92421114.0,104266236.0,0.85,0.39,13784999884.618942,-18.24,346,-53.49,435,-40.71,420,-37.48,-2.54,-6.62,1.11,0.57,20.9,0.234,19.48,False,False,False,False,False,True,True,True,False,True,False,True,False,True,False,False,2026-12-02,False,False,5,below 200-MA,"near21, ADR",5,https://www.tradingview.com/chart/?symbol=NASDAQ:INIO&interval=D,False,False,False
RCAT,"Red Cat Holdings, Inc.",NASDAQ,Packaged Software,6.45,6.78,7.5,8.08,8.36,9.43,10.75,10.97,6.89,7.44,6.64,6.42,6.15,7.22,0.47,11608240.9,7932718.433333334,51166034.0,64124129.0,0.46,1.54,985007593.2230769,-29.51,427,-38.92,415,-44.97,430,-37.8,-3.16,-13.97,1.84,0.48,6.4,0.403,64.95,False,False,False,False,False,False,True,True,False,True,False,True,False,False,False,False,2026-11-12,False,False,4,"thin RVOL, below 200-MA",ADR,4,https://www.tradingview.com/chart/?symbol=NASDAQ:RCAT&interval=D,False,False,False
LCID,"Lucid Group, Inc.",NASDAQ,Motor Vehicles,4.07,4.14,4.27,4.62,5.56,5.7,6.73,7.77,4.15,4.43,4.08,3.85,5.48,7.68,0.31,11436707.39999998,11780690.666666681,47947411.0,54416974.0,0.87,1.41,1603865714.0,-19.57,360,-38.7,413,-56.63,440,-38.3,-3.5,-4.8,1.05,0.74,70.4,0.215,89.33,False,False,False,False,False,True,True,False,False,True,False,False,False,False,False,False,2026-11-10,False,False,3,"LoD>60% ATR, thin RVOL, below 200-MA",near21,3,https://www.tradingview.com/chart/?symbol=NASDAQ:LCID&interval=D,False,False,False
BRBR,"BellRing Brands, Inc.",NYSE,Beverages: Non-Alcoholic,7.75,8.46,9.12,9.61,10.66,10.5,12.49,15.49,8.37,9.04,7.76,7.49,5.17,6.34,0.49,3692622.3,3136373.5,24306895.0,30145777.0,0.84,-1.55,901156009.9483205,-25.55,416,-40.11,418,-50.06,436,-38.57,-4.3,-15.06,2.25,0.56,52.9,0.388,90.68,False,False,False,False,False,False,True,True,False,True,False,True,False,False,False,False,2026-11-23,False,False,4,"thin RVOL, below 200-MA",ADR,4,https://www.tradingview.com/chart/?symbol=NYSE:BRBR&interval=D,False,False,False
SOC,Sable Offshore Corp.,NYSE,Integrated Oil,3.4,4.11,4.49,4.56,4.54,7.25,9.58,9.45,4.03,4.32,3.67,3.38,10.06,10.54,0.36,8896236.9,8822090.833333334,29995109.0,40243438.0,1.49,0.84,652356570.4761904,-25.27,414,-12.37,239,-78.36,448,-38.67,-2.39,-24.21,2.02,0.81,5.6,0.42,160.84,False,False,False,False,False,False,True,False,False,False,False,True,False,False,True,False,2026-11-12,False,False,4,"thin RVOL, below 200-MA",RVOL,3,https://www.tradingview.com/chart/?symbol=NYSE:SOC&interval=D,False,False,False
PL,Planet Labs PBC,NYSE,Packaged Software,16.38,16.8,17.2,18.66,20.17,27.41,28.89,27.36,16.93,17.74,17.22,16.1,5.13,6.5,1.06,10523916.8,10403426.466666667,170408126.0,194131406.0,1.01,1.67,5959830124.744186,-22.3,387,-49.91,430,-44.36,428,-38.86,-2.89,-4.8,1.18,1.05,26.3,0.242,73.79,False,False,False,False,False,True,False,False,False,True,True,True,False,False,False,False,2026-12-14,False,False,4,"thin RVOL, below 200-MA",near21,3,https://www.tradingview.com/chart/?symbol=NYSE:PL&interval=D,False,False,False
UTI,Universal Technical Institute Inc,NYSE,Miscellaneous Commercial Services,18.63,20.28,20.65,21.28,26.48,33.89,34.75,32.99,20.0,21.22,19.18,18.02,5.59,7.16,1.33,2248797.5,1882663.1333333333,35074014.0,40059306.0,0.97,-0.7,1026424098.4872768,-14.46,293,-56.08,438,-48.82,434,-39.79,-4.14,-9.79,1.71,0.87,45.7,0.166,77.66,False,False,False,False,False,False,True,False,False,False,False,True,False,False,False,False,2026-11-25,False,False,4,"thin RVOL, below 200-MA",,3,https://www.tradingview.com/chart/?symbol=NYSE:UTI&interval=D,False,False,False
RARE,Ultragenyx Pharmaceutical Inc.,NASDAQ,Pharmaceuticals: Major,15.32,14.6,15.65,19.06,21.96,24.58,23.96,24.4,14.99,16.67,15.5,14.11,5.45,8.08,1.24,6853347.1,5593906.666666667,85698650.0,106596553.0,0.86,0.31,1510381546.1290772,-42.28,446,-53.76,436,-27.22,385,-41.08,-3.74,-2.14,1.0,1.12,97.7,0.912,65.14,False,False,False,False,True,True,False,False,False,True,True,False,False,False,False,False,2026-11-04,False,False,3,"LoD>60% ATR, thin RVOL, below 200-MA",near21,3,https://www.tradingview.com/chart/?symbol=NASDAQ:RARE&interval=D,False,False,False
KRMN,Karman Holdings Inc.,NYSE,Aerospace & Defense,32.86,34.68,36.28,41.15,46.2,50.03,62.4,69.33,34.82,37.73,34.53,32.49,7.05,7.97,2.62,4908806.9,3537021.4,116226523.0,145540178.0,0.54,0.95,4355057640.5481,-29.65,428,-35.28,394,-58.95,441,-41.29,-3.62,-9.43,1.62,0.78,14.1,0.286,105.43,False,False,False,False,False,False,True,False,False,False,False,True,False,False,False,False,2026-11-05,False,False,4,"thin RVOL, below 200-MA",,3,https://www.tradingview.com/chart/?symbol=NYSE:KRMN&interval=D,False,False,False
OPEN,Opendoor Technologies Inc,NASDAQ,Real Estate Development,2.37,2.56,2.76,2.98,3.3,3.98,4.33,4.7,2.58,2.78,2.45,2.35,5.56,6.71,0.16,31407575.7,30436570.1,72134671.0,90690833.0,0.81,0.41,2301485885.5432096,-29.67,429,-48.59,427,-45.89,432,-41.38,-4.21,-14.04,2.21,0.62,12.6,0.347,90.26,False,False,False,False,False,False,True,False,False,False,False,True,False,False,False,False,2026-11-05,False,False,4,"thin RVOL, below 200-MA",,3,https://www.tradingview.com/chart/?symbol=NASDAQ:OPEN&interval=D,False,False,False
FRVO,Fervo Energy Company,NASDAQ,Alternative Power Generation,13.75,15.83,16.45,16.41,18.93,,,,15.48,16.32,14.16,13.44,8.86,11.3,1.55,7513843.8,7220032.5,99275447.0,118445837.0,1.49,-0.82,4052993802.109181,-12.42,276,-52.73,434,-61.81,444,-42.32,-2.42,-16.4,1.4,0.46,20.0,0.362,22.55,False,False,False,False,False,True,True,True,False,True,False,True,False,False,True,False,2026-12-02,False,False,4,"thin RVOL, below 200-MA","near21, ADR, RVOL",5,https://www.tradingview.com/chart/?symbol=NASDAQ:FRVO&interval=D,False,False,False
FLNC,"Fluence Energy, Inc.",NASDAQ,Electrical Products,7.82,7.69,8.9,9.69,11.26,15.91,15.42,17.17,7.97,8.9,7.93,7.59,5.59,8.43,0.66,11798249.2,7805649.266666667,61040177.0,75654955.0,0.63,3.33,1443543617.5706668,-30.61,431,-59.96,443,-36.6,412,-42.39,-3.62,-12.1,1.44,0.52,34.9,0.587,121.27,False,False,False,False,False,True,True,False,False,True,False,True,False,False,False,False,2026-11-30,False,True,3,"thin RVOL, below 200-MA, large gap",near21,4,https://www.tradingview.com/chart/?symbol=NASDAQ:FLNC&interval=D,False,False,False
YSS,York Space Systems Inc.,NYSE,Aerospace & Defense,8.83,9.22,8.75,8.98,11.04,19.1,21.98,,9.14,9.29,9.4,8.8,7.57,8.95,0.79,4881699.0,3617957.7666666666,31946567.0,32503733.0,0.33,0.22,1212867697.845733,-3.81,182,-64.88,446,-61.27,443,-43.32,-2.24,0.95,0.56,0.75,3.2,0.331,149.81,False,False,False,False,True,True,True,False,False,True,False,True,False,False,False,False,2026-12-02,False,False,4,"thin RVOL, below 200-MA",near21,5,https://www.tradingview.com/chart/?symbol=NYSE:YSS&interval=D,False,False,False
FICO,Fair Isaac Corporation,NYSE,Financial Publishing/Services,617.87,880.43,945.43,1012.19,1063.22,1129.55,1129.92,1236.47,854.32,932.38,685.0,595.19,5.97,9.45,58.39,880935.1,531970.9666666667,328688901.0,538457821.0,11.75,-20.55,13344531136.32587,-46.78,447,-48.53,426,-41.16,422,-45.49,-4.43,-34.65,3.57,1.54,38.8,0.452,57.62,False,False,False,False,False,False,False,False,False,False,True,True,True,True,True,False,2026-11-11,False,True,4,"below 200-MA, large gap",RVOL,2,https://www.tradingview.com/chart/?symbol=NYSE:FICO&interval=D,False,False,False
BW,"Babcock & Wilcox Enterprises, Inc.",NYSE,Electronic Equipment/Instruments,5.81,6.68,6.96,7.32,8.24,12.0,12.86,11.62,6.51,7.03,5.95,5.72,7.41,9.9,0.58,5189166.6,4768622.6,27705697.0,34901549.0,0.82,2.78,865486983.4434782,-23.55,405,-57.47,439,-59.26,442,-46.76,-2.98,-16.51,1.75,0.4,15.7,0.328,106.39,False,False,False,False,False,False,True,True,False,True,False,True,False,False,False,False,2026-11-11,False,True,3,"thin RVOL, below 200-MA, large gap",ADR,4,https://www.tradingview.com/chart/?symbol=NYSE:BW&interval=D,False,False,False
CAPR,"Capricor Therapeutics, Inc.",NASDAQ,Pharmaceuticals: Major,8.57,8.82,8.92,8.69,8.62,17.68,22.22,23.07,8.72,8.79,8.97,8.5,6.67,9.59,0.82,2649034.4,5508650.533333333,47209135.0,47865583.0,0.92,0.4,498251133.57520086,-11.92,271,-64.48,445,-70.54,447,-48.98,-0.06,-3.97,0.26,0.57,8.5,0.216,168.62,False,False,False,False,False,True,True,False,False,True,False,True,False,False,False,False,2026-11-17,False,False,4,"thin RVOL, below 200-MA",near21,4,https://www.tradingview.com/chart/?symbol=NASDAQ:CAPR&interval=D,False,False,False
XNDU,Xanadu Quantum Technologies Limited,NASDAQ,Computer Processing Hardware,4.77,6.07,7.62,8.57,9.46,11.32,12.52,12.09,5.96,7.26,5.07,4.76,9.32,12.4,0.59,10110050.9,4425547.866666666,21109863.0,37944647.0,1.08,5.66,1451956040.9999998,-53.82,448,-59.92,442,-36.4,410,-50.05,-4.0,-37.38,2.76,0.52,1.7,0.969,135.19,False,False,False,False,False,False,True,True,False,True,False,True,False,False,False,False,2026-12-02,False,True,3,"thin RVOL, below 200-MA, large gap",ADR,4,https://www.tradingview.com/chart/?symbol=NASDAQ:XNDU&interval=D,False,False,False
BENF,Beneficient,NASDAQ,Investment Managers,1.41,1.17,1.37,1.66,2.19,2.84,3.1,3.61,1.35,1.48,1.53,1.35,39.3,37.92,0.53,58911570.9,20184857.166666668,28460649.0,33560218.0,0.03,-4.93,21792567.78169014,-37.47,443,-61.16,444,-56.07,439,-51.57,-0.94,3.07,0.13,0.34,11.2,1.942,172.46,False,False,False,False,False,True,True,True,False,True,False,True,False,False,False,False,2026-11-12,False,True,3,"thin RVOL, below 200-MA, large gap","near21, ADR",5,https://www.tradingview.com/chart/?symbol=NASDAQ:BENF&interval=D,False,False,False
ALHC,"Alignment Healthcare, Inc.",NASDAQ,Managed Health Care,7.91,8.17,10.55,11.49,13.32,16.23,17.26,18.19,8.66,10.12,7.99,7.75,10.13,9.44,0.75,15495682.1,8825496.1,69809674.0,101403479.0,0.4,0.0,1640812002.0870113,-41.94,445,-67.04,448,-54.98,437,-54.66,-4.3,-25.06,2.31,0.32,21.4,0.943,126.77,False,False,False,False,False,False,True,True,False,True,False,True,False,False,False,False,2026-10-29,False,False,4,"thin RVOL, below 200-MA",ADR,4,https://www.tradingview.com/chart/?symbol=NASDAQ:ALHC&interval=D,False,False,False
ALMS,Alumis Inc.,NASDAQ,Pharmaceuticals: Major,7.29,7.58,8.76,13.64,19.03,21.56,22.76,22.19,7.96,10.57,7.41,7.13,7.19,13.9,1.01,3060484.3,3756031.6666666665,27381471.0,51218500.0,0.51,0.0,973179620.0824023,-68.07,449,-73.59,449,-66.8,446,-69.49,-4.44,-16.77,2.23,0.28,15.8,0.617,208.23,False,False,False,False,False,False,True,True,False,True,False,True,False,False,False,False,2026-11-12,False,False,4,"thin RVOL, below 200-MA",ADR,4,https://www.tradingview.com/chart/?symbol=NASDAQ:ALMS&interval=D,False,False,False
