name,description,exchange,industry,close,SMA10,SMA20,SMA30,SMA50,SMA100,SMA150,SMA200,EMA10,EMA21,high,low,ADRP,ATRP,atr_abs,average_volume_10d_calc,average_volume_30d_calc,dollar_volume_30d,average_dollar_volume_30d,rvol,gap_pct,market_cap_basic,Perf.1M,perf_1m_rank,Perf.3M,perf_3m_rank,Perf.6M,perf_6m_rank,momentum_score,atr_extension_from_50d,sma20_distance_pct,ema21_atr_dist,day_range_atr,lod_atr_pct,bb_width,ma_spread_pct,above_all_mas,ma_aligned,ema_aligned,above_sma200,near_sma20,near_ema,range_tight,adr_tight,bb_tight,plan_tight,wide_day,lod_ok,rvol_ok,rvol_pass,rvol_expand,ma_coiled,earnings_date,earnings_soon,large_gap,hard_rule_passes,hard_rule_fails,tightness_flags,focus_score,tradingview_url,is_top_1m,is_top_3m,is_top_6m
QMCO,Quantum Corporation,NASDAQ,Computer Peripherals,34.5,30.13,27.06,25.74,21.79,16.52,13.11,11.5,30.53,27.77,35.17,29.85,8.27,7.79,2.69,2581023.9,1548846.7333333334,53435212.0,39859571.0,1.52,-5.6,1359645004.328054,43.45,15,211.65,3,617.26,1,290.79,7.49,27.49,3.11,1.98,173.1,0.557,53.99,True,True,True,True,False,False,False,False,False,False,True,False,True,True,True,False,2026-11-13,False,True,3,"LoD>60% ATR, >4x 50-MA, large gap","EMA, RVOL",5,https://www.tradingview.com/chart/?symbol=NASDAQ:QMCO&interval=D,True,True,True
CYPH,Cypherpunk Technologies Inc.,NASDAQ,Financial Conglomerates,3.03,3.48,3.03,2.6,1.85,1.34,1.16,1.1,3.23,2.93,3.42,3.0,17.29,15.4,0.47,19902014.6,17781515.666666668,53877992.0,46285285.0,0.72,9.93,326526084.2671233,78.24,6,321.42,1,311.74,3,237.13,4.17,-0.06,0.22,0.89,5.4,0.789,78.45,False,False,False,True,True,True,True,False,False,True,False,True,False,False,False,False,2026-11-16,False,True,3,">4x 50-MA, thin RVOL, large gap",near21,6,https://www.tradingview.com/chart/?symbol=NASDAQ:CYPH&interval=D,True,True,True
MXL,"MaxLinear, Inc",NASDAQ,Semiconductors,105.93,90.8,80.51,74.37,72.65,81.49,65.37,53.61,90.49,83.3,106.54,93.7,6.14,6.6,6.99,3380740.2,2724088.6666666665,288562712.0,202590474.0,1.41,2.53,9607129257.007164,84.9,4,-6.58,192,524.22,2,200.85,6.94,31.58,4.12,1.84,174.9,0.582,35.1,True,True,True,True,False,False,False,False,False,False,True,False,False,False,True,False,2026-10-28,False,True,2,"LoD>60% ATR, >4x 50-MA, thin RVOL, large gap","EMA, RVOL",5,https://www.tradingview.com/chart/?symbol=NASDAQ:MXL&interval=D,True,False,True
CDNA,"CareDx, Inc.",NASDAQ,Medical Specialties,67.15,61.72,56.77,54.46,50.25,38.27,31.8,28.76,62.33,58.03,69.8,65.88,4.62,4.37,2.93,1664025.4,1298693.2666666666,87207253.0,70731597.0,0.97,0.15,3473953211.031255,35.52,22,125.18,6,286.81,5,149.17,7.7,18.29,3.6,1.34,43.3,0.426,49.08,True,True,True,True,False,False,False,False,False,False,True,True,False,False,False,False,2026-11-10,False,False,4,">4x 50-MA, thin RVOL",EMA,6,https://www.tradingview.com/chart/?symbol=NASDAQ:CDNA&interval=D,False,True,True
USDE,StablecoinX Inc.,NASDAQ,Packaged Software,14.15,14.71,11.07,9.85,6.82,6.97,8.68,9.77,14.02,11.79,15.32,14.08,12.73,12.65,1.79,5089307.7,9146445.5,129422204.0,90094013.0,0.44,-1.55,384697881.9277885,75.34,7,264.69,2,41.5,148,127.18,8.51,27.79,1.59,0.69,3.9,1.39,55.79,False,False,True,True,False,False,True,True,False,True,False,True,False,False,False,False,,False,False,4,">4x 50-MA, thin RVOL","EMA, ADR",6,https://www.tradingview.com/chart/?symbol=NASDAQ:USDE&interval=D,True,True,False
ASST,"Strive, Inc.",NASDAQ,Financial Conglomerates,30.03,29.59,28.69,26.63,20.99,17.73,15.85,15.52,29.35,27.68,32.08,29.14,5.9,6.28,1.89,7600601.9,10155389.0,304966332.0,270424469.0,1.41,3.85,2930842360.1448026,30.17,33,134.06,4,212.81,9,125.68,6.86,4.67,1.35,1.56,47.2,0.166,46.85,True,True,True,True,False,True,False,False,False,True,True,True,False,False,True,False,2026-11-13,False,True,3,">4x 50-MA, thin RVOL, large gap","EMA, near21, RVOL",7,https://www.tradingview.com/chart/?symbol=NASDAQ:ASST&interval=D,False,True,True
GRAL,"GRAIL, Inc.",NASDAQ,Medical Specialties,143.26,123.45,100.62,93.69,84.07,74.98,67.04,73.6,124.14,108.1,143.5,134.45,6.79,6.13,8.79,2045519.2,1194112.3333333333,171068533.0,111878375.0,0.41,2.23,6398884430.989438,79.07,5,107.65,7,183.29,17,123.34,11.48,42.38,5.3,1.03,100.3,1.043,39.37,True,True,True,True,False,False,False,False,False,False,True,False,False,False,False,False,2026-11-18,False,True,2,"LoD>60% ATR, >4x 50-MA, thin RVOL, large gap",EMA,5,https://www.tradingview.com/chart/?symbol=NASDAQ:GRAL&interval=D,True,True,True
SDGR,"Schrodinger, Inc.",NASDAQ,Packaged Software,30.31,30.01,26.22,24.15,21.31,18.11,16.12,15.96,29.31,26.86,31.14,29.28,7.78,5.96,1.81,2801750.3,2138956.066666667,64831758.0,51650798.0,1.01,0.92,2267358477.3312545,46.64,13,82.26,12,169.9,24,99.6,7.09,15.59,2.15,1.03,57.0,0.722,46.35,True,True,True,True,False,False,False,False,False,False,True,True,False,False,False,False,2026-11-11,False,False,4,">4x 50-MA, thin RVOL",EMA,6,https://www.tradingview.com/chart/?symbol=NASDAQ:SDGR&interval=D,True,True,False
TEAM,Atlassian Corporation,NASDAQ,Packaged Software,187.89,187.13,186.59,184.94,163.62,126.31,108.68,112.36,185.99,183.53,191.83,186.64,4.22,4.85,9.12,2728628.6,3401022.2333333334,639018067.0,628986752.0,0.51,0.56,47562253853.24206,0.17,190,126.98,5,169.92,23,99.02,3.06,0.7,0.49,0.57,13.7,0.14,41.76,True,True,True,True,True,True,True,True,False,True,False,True,False,True,False,False,2026-10-29,False,False,6,,"EMA, near21, ADR",10,https://www.tradingview.com/chart/?symbol=NASDAQ:TEAM&interval=D,False,True,False
DELL,Dell Technologies Inc.,NYSE,Computer Processing Hardware,562.52,549.82,548.15,519.05,488.96,434.07,350.34,293.15,548.08,536.04,568.0,548.01,4.4,5.15,28.96,7215792.099999999,9216569.0,5184504394.0,4783893934.0,0.7,2.31,357657386757.29083,21.74,56,35.2,60,236.86,8,97.93,2.92,2.62,0.96,0.69,50.1,0.137,45.63,True,True,True,True,True,True,True,False,False,True,False,True,False,True,False,False,2026-12-01,False,True,5,large gap,"EMA, near21",9,https://www.tradingview.com/chart/?symbol=NYSE:DELL&interval=D,False,False,True
HPE,Hewlett Packard Enterprise Company,NYSE,Computer Processing Hardware,69.33,63.35,60.37,57.94,55.73,49.98,41.69,36.9,63.48,60.79,70.29,66.0,4.75,5.43,3.76,19489367.9,24133239.13333336,1673157469.0,1398239653.0,1.51,3.56,92033131763.77841,33.35,25,59.38,24,194.02,13,95.58,4.5,14.83,2.59,1.14,88.5,0.265,38.15,True,True,True,True,False,False,False,False,False,False,True,False,True,True,True,False,2026-12-03,False,True,3,"LoD>60% ATR, >4x 50-MA, large gap","EMA, RVOL",5,https://www.tradingview.com/chart/?symbol=NYSE:HPE&interval=D,False,False,True
APPS,"Digital Turbine, Inc.",NASDAQ,Packaged Software,11.17,11.45,11.33,11.13,11.11,9.89,7.76,7.03,11.32,11.28,11.96,11.16,7.66,7.58,0.85,3383695.9,2857718.3,31920713.0,31809262.0,0.81,1.73,1351751541.9965367,12.26,95,-16.27,246,290.56,4,95.52,0.08,-1.46,0.12,0.95,1.2,0.151,39.57,False,False,False,True,True,True,True,False,False,True,False,True,False,False,False,False,2026-11-11,False,False,5,thin RVOL,near21,6,https://www.tradingview.com/chart/?symbol=NASDAQ:APPS&interval=D,False,False,True
BAND,Bandwidth Inc.,NASDAQ,Packaged Software,63.74,60.57,54.95,52.71,51.32,56.69,45.36,37.55,60.02,56.75,67.14,62.02,6.72,6.96,4.44,991551.6,890687.1,56772396.0,46945593.0,0.87,1.7,2051203333.4903908,27.48,42,-1.21,164,259.71,6,95.33,3.48,15.99,1.77,1.15,38.8,0.467,36.11,True,True,True,True,False,False,False,False,False,False,True,True,False,False,False,False,2026-10-29,False,False,5,thin RVOL,EMA,6,https://www.tradingview.com/chart/?symbol=NASDAQ:BAND&interval=D,False,False,True
LIFE,Ethos Technologies Inc.,NASDAQ,Packaged Software,34.12,34.45,36.79,36.94,33.38,26.06,22.34,,34.55,35.27,34.79,31.94,8.43,7.92,2.7,1657494.6,1623679.6333333333,55399949.0,59984138.0,0.78,0.21,2175450431.995087,-4.32,219,74.88,16,212.74,10,94.44,0.28,-7.26,0.41,1.06,80.7,0.299,42.35,False,False,False,False,False,True,False,False,False,True,True,False,False,False,False,False,2026-12-02,False,False,3,"LoD>60% ATR, thin RVOL, below 200-MA",near21,2,https://www.tradingview.com/chart/?symbol=NASDAQ:LIFE&interval=D,False,True,True
P,"Everpure, Inc.",NYSE,Computer Peripherals,140.14,124.66,111.65,107.46,102.05,89.18,81.43,78.61,125.6,116.18,140.83,134.0,4.51,4.65,6.52,5703211.3,6350313.666666667,889932957.0,682385656.0,0.39,0.46,46698470533.99149,49.42,12,81.01,13,137.53,36,89.32,8.02,25.51,4.43,1.05,94.2,0.535,32.86,True,True,True,True,False,False,False,False,False,False,True,False,False,True,False,False,2026-12-02,False,False,4,"LoD>60% ATR, >4x 50-MA",EMA,5,https://www.tradingview.com/chart/?symbol=NYSE:P&interval=D,True,True,False
AEHR,Aehr Test Systems,NASDAQ,Electronic Production Equipment,107.21,100.44,94.94,92.24,96.19,94.88,83.82,69.62,99.93,97.09,109.48,103.5,6.49,7.92,8.5,2114721.4,2535764.8333333335,271859348.0,233905710.0,1.05,2.95,3501429862.7138777,37.34,19,27.15,76,195.91,12,86.8,1.45,12.93,1.32,0.7,43.7,0.289,28.75,True,True,True,True,False,True,True,False,False,True,False,True,False,False,False,False,2026-10-06,True,True,3,"thin RVOL, earnings soon, large gap","EMA, near21",7,https://www.tradingview.com/chart/?symbol=NASDAQ:AEHR&interval=D,True,False,True
ALAB,"Astera Labs, Inc.",NASDAQ,Semiconductors,350.33,356.17,320.64,309.19,308.66,328.48,269.06,241.08,346.06,330.31,363.78,342.2,5.68,6.26,21.92,3961481.6,3739366.7,1310012336.0,1156164818.0,0.96,-2.36,60777039972.99424,27.47,43,-19.1,270,244.54,7,84.3,2.16,9.26,0.97,0.98,37.1,0.476,32.85,False,False,True,True,False,True,True,False,False,True,False,True,False,True,False,False,2026-11-10,False,True,5,large gap,"EMA, near21",6,https://www.tradingview.com/chart/?symbol=NASDAQ:ALAB&interval=D,False,False,True
OKTA,"Okta, Inc.",NASDAQ,Packaged Software,211.49,203.54,191.07,178.82,164.75,142.78,120.66,112.14,202.85,191.39,216.59,210.38,4.42,4.48,9.47,3871894.0,4327004.933333334,915118273.0,773770167.0,0.49,0.41,36972842376.440674,27.01,45,50.7,33,170.15,22,82.62,6.33,10.69,2.34,0.66,11.7,0.312,43.22,True,True,True,True,False,False,True,True,False,True,False,True,False,True,False,False,2026-12-08,False,False,5,>4x 50-MA,"EMA, ADR",8,https://www.tradingview.com/chart/?symbol=NASDAQ:OKTA&interval=D,False,False,False
CRWD,"CrowdStrike Holdings, Inc.",NASDAQ,Packaged Software,270.04,259.66,242.28,230.46,219.8,198.39,168.02,153.54,258.28,245.5,273.54,267.67,4.08,4.24,11.44,8922617.4,11446990.366666667,3091145279.0,2638027612.0,0.57,1.28,276503353489.4252,26.06,47,41.19,48,176.13,19,81.13,5.39,11.46,2.36,0.51,20.7,0.35,39.3,True,True,True,True,False,False,True,True,False,True,False,True,False,True,False,False,2026-12-01,False,False,5,>4x 50-MA,"EMA, ADR",8,https://www.tradingview.com/chart/?symbol=NASDAQ:CRWD&interval=D,False,False,True
SMTC,Semtech Corporation,NASDAQ,Semiconductors,194.88,179.25,171.1,158.11,145.96,147.24,128.98,116.89,179.87,169.89,201.99,190.69,5.38,5.98,11.66,3354931.1,3635971.466666667,708578119.0,574901022.0,1.42,2.84,18187296966.806797,46.53,14,32.48,66,158.12,28,79.04,5.6,13.9,2.46,0.97,35.9,0.296,32.0,True,True,True,True,False,False,True,False,False,False,False,True,False,True,True,False,2026-12-02,False,True,4,">4x 50-MA, large gap","EMA, RVOL",7,https://www.tradingview.com/chart/?symbol=NASDAQ:SMTC&interval=D,True,False,False
PENG,"Penguin Solutions, Inc.",NASDAQ,Semiconductors,61.36,55.65,52.93,51.96,53.27,57.65,46.42,39.73,55.56,54.13,62.32,56.84,4.32,5.51,3.38,1648981.7,1471459.3666666667,90288747.0,76463896.0,2.34,3.84,3144251963.7439075,27.97,41,-11.47,213,211.63,11,76.04,2.75,15.93,2.42,1.62,133.6,0.262,29.21,True,True,True,True,False,False,False,False,False,False,True,False,True,True,True,False,2026-10-06,True,True,3,"LoD>60% ATR, earnings soon, large gap","EMA, RVOL",4,https://www.tradingview.com/chart/?symbol=NASDAQ:PENG&interval=D,False,False,True
AMC,"AMC Entertainment Holdings, Inc.",NYSE,Movies/Entertainment,2.77,2.95,2.75,2.71,2.65,2.29,1.97,1.84,2.88,2.8,2.88,2.71,7.6,7.5,0.21,33970986.900000036,27685289.466666672,76688252.0,74990221.0,0.49,1.45,2472514773.112319,7.78,124,42.78,47,171.57,21,74.04,0.58,0.56,0.13,0.83,27.7,0.339,39.85,False,False,False,True,True,True,True,False,False,True,False,True,False,False,False,False,2026-11-11,False,False,5,thin RVOL,near21,6,https://www.tradingview.com/chart/?symbol=NYSE:AMC&interval=D,False,False,True
RBRK,"Rubrik, Inc.",NYSE,Information Technology Services,118.58,114.01,105.65,102.03,96.18,85.25,74.41,71.86,112.87,107.55,118.82,115.6,4.18,4.38,5.19,2723507.5,3512727.966666667,416539282.0,358386071.0,1.08,1.39,24582159838.591503,33.24,26,45.69,41,141.65,32,73.53,5.32,12.24,2.34,0.62,57.4,0.384,35.54,True,True,True,True,False,False,True,True,False,True,False,True,False,True,False,False,2026-12-03,False,False,5,>4x 50-MA,"EMA, ADR",8,https://www.tradingview.com/chart/?symbol=NYSE:RBRK&interval=D,False,False,False
CORT,Corcept Therapeutics Incorporated,NASDAQ,Pharmaceuticals: Major,116.23,115.47,114.16,115.1,113.0,95.67,77.52,69.92,115.06,114.49,117.32,113.9,4.63,4.39,5.1,962078.0,1459902.5,169684468.0,168029425.0,0.37,0.31,12564276770.030169,2.51,171,28.72,71,183.83,16,71.69,0.65,1.81,0.35,0.67,45.7,0.075,39.18,True,True,True,True,True,True,True,True,True,True,False,True,False,True,False,False,2026-11-04,False,False,6,,"EMA, near21, ADR, BB",11,https://www.tradingview.com/chart/?symbol=NASDAQ:CORT&interval=D,False,False,True
RNG,"RingCentral, Inc.",NYSE,Packaged Software,78.28,77.41,74.51,72.77,67.93,54.1,49.22,44.18,76.44,74.3,79.79,77.12,4.31,4.22,3.3,1645102.7,1529841.6333333333,119756003.0,111331675.0,0.7,0.46,6536862288.16805,11.07,106,94.34,8,107.04,55,70.81,3.61,5.06,1.27,0.81,35.1,0.187,42.44,True,True,True,True,False,True,True,False,False,True,False,True,False,False,False,False,2026-11-09,False,False,5,thin RVOL,"EMA, near21",8,https://www.tradingview.com/chart/?symbol=NYSE:RNG&interval=D,False,True,False
TWLO,Twilio Inc.,NYSE,Packaged Software,294.58,288.28,261.52,251.38,237.18,219.55,192.81,176.11,284.26,268.0,305.66,292.06,5.31,4.78,14.09,3488020.8,2338932.466666667,689002726.0,587953827.0,1.04,0.07,45240188375.65446,30.29,31,40.85,50,130.14,40,67.09,5.06,12.64,2.07,0.96,17.9,0.431,38.08,True,True,True,True,False,False,True,False,False,False,False,True,False,True,False,False,2026-10-29,False,False,5,>4x 50-MA,EMA,7,https://www.tradingview.com/chart/?symbol=NYSE:TWLO&interval=D,False,False,False
ILMN,"Illumina, Inc.",NASDAQ,Medical Specialties,273.04,264.19,241.41,233.98,218.89,193.94,171.9,162.7,262.34,247.37,274.97,265.39,4.74,4.1,11.2,2958117.8,3398414.933333334,927903213.0,795175853.0,0.48,0.07,41229040189.068794,30.88,30,46.2,39,119.41,45,65.5,6.03,13.1,2.53,0.86,68.3,0.436,37.17,True,True,True,True,False,False,True,True,False,True,False,False,False,True,False,False,2026-10-29,False,False,4,"LoD>60% ATR, >4x 50-MA","EMA, ADR",7,https://www.tradingview.com/chart/?symbol=NASDAQ:ILMN&interval=D,False,False,False
ATRC,"AtriCure, Inc.",NASDAQ,Medical Specialties,55.14,57.76,56.49,54.17,49.11,39.44,35.95,36.34,56.61,55.37,55.25,52.0,4.49,4.36,2.4,1275133.3,1353431.9666666666,74628239.0,73312477.0,0.82,-2.02,2804767506.2485533,10.81,109,82.64,10,98.06,65,63.84,2.82,-2.39,0.1,1.35,130.7,0.181,39.56,False,False,False,True,True,True,False,False,False,True,True,False,False,False,False,False,2026-11-04,False,True,3,"LoD>60% ATR, thin RVOL, large gap",near21,4,https://www.tradingview.com/chart/?symbol=NASDAQ:ATRC&interval=D,False,True,False
NTSK,"Netskope, Inc.",NASDAQ,Packaged Software,17.75,17.99,16.95,16.09,15.24,13.19,12.08,12.79,17.62,16.98,18.5,17.68,4.84,5.33,0.95,6031011.5,6727605.966666667,119415006.0,108215785.0,0.67,0.39,7252432248.767507,27.33,44,50.68,34,112.07,52,63.36,3.09,4.74,0.86,0.87,7.9,0.351,33.31,False,False,True,True,False,True,True,False,False,True,False,True,False,False,False,False,2026-12-11,False,False,5,thin RVOL,"EMA, near21",6,https://www.tradingview.com/chart/?symbol=NASDAQ:NTSK&interval=D,False,False,False
GLND,Greenland Energy Company,NASDAQ,Financial Conglomerates,3.73,4.17,2.7,2.27,2.09,2.35,4.04,5.63,3.93,3.15,4.34,3.64,22.2,19.18,0.72,66194403.7,23490603.233333334,87619950.0,53304094.0,0.11,-3.41,163113627.34999996,168.35,1,77.62,15,-57.37,411,62.86,4.08,38.17,0.96,0.98,12.6,2.437,94.93,False,False,False,False,False,True,True,False,False,True,False,True,False,False,False,False,2026-12-02,False,True,2,">4x 50-MA, thin RVOL, below 200-MA, large gap",near21,4,https://www.tradingview.com/chart/?symbol=NASDAQ:GLND&interval=D,True,True,False
PURR,Hyperliquid Strategies Inc,NASDAQ,Financial Conglomerates,11.89,12.86,12.44,12.18,10.07,9.13,7.99,6.97,12.41,12.15,12.85,11.7,8.02,8.74,1.04,20813225.9,25910579.533333335,308076791.0,315698819.0,0.68,4.07,2828860188.3981714,5.88,134,40.21,53,140.69,33,62.26,2.06,-4.4,0.24,1.1,17.8,0.31,49.5,False,False,False,True,False,True,False,False,False,True,True,True,False,False,False,False,2026-12-02,False,True,4,"thin RVOL, large gap",near21,4,https://www.tradingview.com/chart/?symbol=NASDAQ:PURR&interval=D,False,False,False
CVI,CVR Energy Inc.,NYSE,Oil Refining/Marketing,54.83,52.14,50.98,47.6,42.31,36.97,35.06,32.32,52.19,49.88,56.24,52.84,5.09,4.88,2.67,1071547.7,1164869.3666666667,63869787.0,55443899.0,0.66,0.86,5512092942.236387,28.77,38,91.05,9,66.91,95,62.24,6.07,7.54,2.04,1.27,74.4,0.212,36.14,True,True,True,True,False,False,False,False,False,False,True,False,False,False,False,False,2026-11-02,False,False,3,"LoD>60% ATR, >4x 50-MA, thin RVOL",EMA,5,https://www.tradingview.com/chart/?symbol=NYSE:CVI&interval=D,False,True,False
INTC,Intel Corporation,NASDAQ,Semiconductors,119.33,121.02,111.64,104.25,100.87,108.35,93.5,81.18,117.64,112.28,126.0,118.96,4.71,5.15,6.14,109761441.4,101865134.86666666,12155566544.0,10619474265.0,0.81,3.34,630790965585.9375,34.31,23,-7.44,198,159.08,27,61.98,3.55,6.89,1.22,1.15,6.0,0.365,33.38,False,False,True,True,False,True,False,False,False,True,True,True,False,True,False,False,2026-10-22,False,True,5,large gap,"EMA, near21",5,https://www.tradingview.com/chart/?symbol=NASDAQ:INTC&interval=D,False,False,False
FIVN,"Five9, Inc.",NASDAQ,Packaged Software,34.36,35.86,34.01,33.83,32.36,27.51,23.95,22.6,34.9,34.31,36.47,34.08,6.48,5.82,2.0,2718210.6,2129089.1333333333,73155503.0,72024601.0,0.7,0.87,2567500615.2648954,0.97,183,49.0,37,131.07,39,60.35,1.06,1.04,0.03,1.19,13.9,0.28,38.59,False,False,False,True,True,True,False,False,False,True,True,True,False,False,False,False,2026-11-09,False,False,5,thin RVOL,near21,5,https://www.tradingview.com/chart/?symbol=NASDAQ:FIVN&interval=D,False,False,False
AXTI,AXT Inc,NASDAQ,Electronic Production Equipment,85.87,78.25,71.44,68.44,68.23,77.08,73.27,60.33,77.58,73.49,87.55,80.71,7.1,8.26,7.09,8048354.6,8360921.7,717952346.0,572190824.0,0.82,1.45,5630771518.453611,52.33,10,35.19,61,92.88,68,60.13,3.13,20.19,2.04,0.96,72.7,0.443,20.87,True,True,True,True,False,False,True,False,False,False,False,False,False,False,False,False,2026-10-29,False,False,4,"LoD>60% ATR, thin RVOL",EMA,6,https://www.tradingview.com/chart/?symbol=NASDAQ:AXTI&interval=D,True,False,False
NBIS,Nebius Group N.V.,NASDAQ,Packaged Software,242.81,235.65,229.51,223.48,218.85,222.8,192.36,167.74,234.15,229.48,248.34,235.34,5.95,6.62,16.07,14448620.7,14848692.633333333,3605411058.0,3318418002.0,0.8,1.5,66009168049.876564,24.1,52,4.21,135,151.85,31,60.05,1.65,5.79,0.88,0.81,46.5,0.188,27.97,True,True,True,True,False,True,True,False,False,True,False,True,False,True,False,False,2026-10-22,False,False,6,,"EMA, near21",8,https://www.tradingview.com/chart/?symbol=NASDAQ:NBIS&interval=D,False,False,False
GPRO,"GoPro, Inc.",NASDAQ,Electronics/Appliances,1.35,1.31,1.35,1.19,0.99,0.93,0.95,1.02,1.31,1.26,1.37,1.32,5.77,8.8,0.12,10983121.0,65514306.2,88444313.0,78227357.0,0.63,0.38,252642694.7368421,10.66,110,82.43,11,86.84,73,59.98,4.18,0.02,0.84,0.42,25.3,0.279,31.25,True,True,True,True,True,True,True,True,False,True,False,True,False,False,False,False,2026-11-05,False,False,4,">4x 50-MA, thin RVOL","EMA, near21, ADR",10,https://www.tradingview.com/chart/?symbol=NASDAQ:GPRO&interval=D,False,True,False
ZETA,Zeta Global Holdings Corp.,NYSE,Packaged Software,32.63,30.46,30.57,30.38,28.44,24.37,21.98,21.27,30.89,30.37,32.8,32.0,4.32,4.42,1.44,5933917.1,6374688.0,208006069.0,193684270.0,0.98,0.74,8190573953.306174,5.46,139,56.91,26,114.39,50,58.92,3.33,6.73,1.69,0.55,43.7,0.126,28.52,True,True,True,True,False,False,True,True,False,True,False,True,False,False,False,False,2026-11-10,False,False,5,thin RVOL,"EMA, ADR",8,https://www.tradingview.com/chart/?symbol=NYSE:ZETA&interval=D,False,False,False
BB,BlackBerry Limited,NYSE,Packaged Software,9.3,8.75,8.26,8.15,8.33,8.8,7.26,6.38,8.76,8.49,9.37,9.12,5.78,5.38,0.5,26472830.4,15190542.633333342,141272046.0,123818113.0,0.66,1.85,5459399594.896393,18.62,66,-27.65,329,182.67,18,57.88,2.17,12.62,1.76,0.5,36.0,0.268,26.03,True,True,True,True,False,False,True,True,False,True,False,True,False,False,False,False,2026-12-17,False,False,5,thin RVOL,"EMA, ADR",8,https://www.tradingview.com/chart/?symbol=NYSE:BB&interval=D,False,False,True
PLSE,"Pulse Biosciences, Inc",NASDAQ,Medical Specialties,47.9,51.23,51.92,51.36,46.89,36.7,31.41,27.73,50.66,50.66,50.71,47.75,6.8,7.17,3.44,510194.2,614095.1333333333,29415157.0,31542587.0,0.95,0.6,3482451310.1384706,-8.13,247,66.15,20,114.89,49,57.64,0.3,-7.74,0.76,0.86,4.3,0.15,50.5,False,False,False,True,False,True,True,False,False,True,False,True,False,False,False,False,2026-11-16,False,False,5,thin RVOL,near21,5,https://www.tradingview.com/chart/?symbol=NASDAQ:PLSE&interval=D,False,True,False
XMTR,"Xometry, Inc.",NASDAQ,Information Technology Services,102.53,102.46,96.22,94.26,91.9,91.46,76.33,72.4,101.25,97.97,107.0,100.55,5.31,5.06,5.19,921613.5,748119.8666666667,76704730.0,70518901.0,0.66,0.58,5877386209.427612,12.02,99,5.46,128,154.8,29,57.43,2.29,6.56,0.92,1.24,38.2,0.299,29.32,True,True,True,True,False,True,False,False,False,True,True,True,False,False,False,False,2026-11-05,False,False,5,thin RVOL,"EMA, near21",7,https://www.tradingview.com/chart/?symbol=NASDAQ:XMTR&interval=D,False,False,False
FCEL,"FuelCell Energy, Inc.",NASDAQ,Electronic Equipment/Instruments,18.47,17.04,16.65,17.0,18.55,20.23,16.38,14.32,17.01,17.12,18.54,17.2,5.42,7.84,1.45,4929633.499999999,6396526.566666661,118143846.0,108762273.0,1.54,4.1,1476753920.176222,20.72,61,-41.5,387,192.71,14,57.31,-0.06,10.93,1.01,0.93,87.8,0.249,32.02,False,False,False,True,False,True,True,False,False,True,False,False,True,True,True,False,2026-12-17,False,True,4,"LoD>60% ATR, large gap","near21, RVOL",4,https://www.tradingview.com/chart/?symbol=NASDAQ:FCEL&interval=D,False,False,True
VICR,Vicor Corporation,NASDAQ,Electronic Components,308.9,281.56,237.45,221.56,219.61,256.56,239.62,216.43,279.0,252.76,313.56,301.67,5.28,5.92,18.28,1067740.7,856324.3333333334,264518587.0,189728361.0,0.89,0.57,14242369716.122038,75.01,8,-11.62,214,108.39,54,57.26,6.87,30.09,3.75,0.65,39.5,0.809,21.08,True,True,True,True,False,False,True,True,False,True,False,True,False,True,False,False,2026-10-27,False,False,5,>4x 50-MA,"EMA, ADR",8,https://www.tradingview.com/chart/?symbol=NASDAQ:VICR&interval=D,True,False,False
OSCR,"Oscar Health, Inc.",NYSE,Managed Health Care,30.94,30.21,31.36,31.2,30.76,28.98,24.32,21.93,30.5,30.81,31.17,29.69,5.38,5.33,1.65,5399882.8,5161913.666666667,159709609.0,161056868.0,0.66,-0.27,8461130570.26087,3.13,164,-4.03,183,171.64,20,56.91,0.11,-1.33,0.08,0.9,75.8,0.168,30.48,False,False,False,True,True,True,True,False,False,True,False,False,False,False,False,False,2026-11-10,False,False,4,"LoD>60% ATR, thin RVOL",near21,5,https://www.tradingview.com/chart/?symbol=NYSE:OSCR&interval=D,False,False,True
SMCI,"Super Micro Computer, Inc.",NASDAQ,Computer Processing Hardware,43.69,41.84,40.17,39.2,36.52,34.65,32.35,32.0,41.55,40.2,44.58,42.28,4.67,5.24,2.29,36123688.3,37228155.6,1626498118.0,1459368518.0,1.22,2.04,28702816768.918415,16.04,76,55.76,28,98.77,63,56.86,3.75,8.77,1.66,1.01,61.6,0.211,22.52,True,True,True,True,False,False,False,False,False,False,True,False,False,True,True,False,2026-11-03,False,True,4,"LoD>60% ATR, large gap","EMA, RVOL",5,https://www.tradingview.com/chart/?symbol=NASDAQ:SMCI&interval=D,False,False,False
NEO,"NeoGenomics, Inc.",NASDAQ,Medical/Nursing Services,18.47,18.82,18.59,18.21,17.2,14.54,12.48,12.32,18.63,18.41,18.69,17.94,4.57,4.64,0.86,2455689.7,2031210.6333333333,37516460.0,36982929.0,0.86,1.18,2372941345.428009,6.15,131,23.13,82,140.49,34,56.59,1.59,-0.63,0.07,0.88,61.9,0.175,35.16,False,False,False,True,True,True,True,False,False,True,False,False,False,False,False,False,2026-11-10,False,False,4,"LoD>60% ATR, thin RVOL",near21,5,https://www.tradingview.com/chart/?symbol=NASDAQ:NEO&interval=D,False,False,False
ECO,Okeanis Eco Tankers Corp.,NYSE,Marine Shipping,87.28,80.76,79.41,75.06,69.45,61.11,57.66,53.18,81.8,78.47,87.71,84.12,4.0,3.91,3.41,816740.4,708912.5666666667,61873889.0,53212159.0,1.07,-1.15,3347079908.799627,28.86,37,67.98,18,72.87,87,56.57,6.57,9.91,2.87,1.05,92.7,0.254,31.6,True,True,True,True,False,False,False,False,False,False,True,False,False,False,False,False,2026-11-11,False,False,3,"LoD>60% ATR, >4x 50-MA, thin RVOL",EMA,5,https://www.tradingview.com/chart/?symbol=NYSE:ECO&interval=D,False,True,False
DDOG,"Datadog, Inc.",NASDAQ,Packaged Software,277.22,263.39,244.11,238.64,244.66,241.67,204.12,184.83,263.63,252.31,282.0,274.58,4.03,4.27,11.85,3171319.1,3505470.533333333,971786541.0,836530882.0,0.6,1.39,99542780223.91667,26.32,46,5.91,126,136.37,37,56.2,3.11,13.56,2.31,0.63,22.3,0.355,28.34,True,True,True,True,False,False,True,True,False,True,False,True,False,True,False,False,2026-11-05,False,False,6,,"EMA, ADR",8,https://www.tradingview.com/chart/?symbol=NASDAQ:DDOG&interval=D,False,False,False
BE,Bloom Energy Corporation,NYSE,Electronic Production Equipment,289.15,277.78,272.21,252.89,236.16,253.97,232.48,207.42,277.42,266.94,297.59,283.1,6.42,7.24,20.92,14774337.8,15870030.2,4588819232.0,4013371937.0,0.62,2.31,85162577325.33125,37.69,18,-2.93,176,131.62,38,55.46,3.1,6.22,1.15,0.69,28.9,0.156,24.33,True,True,True,True,False,True,True,False,False,True,False,True,False,True,False,False,2026-10-29,False,True,5,large gap,"EMA, near21",8,https://www.tradingview.com/chart/?symbol=NYSE:BE&interval=D,True,False,False
QLYS,"Qualys, Inc.",NASDAQ,Packaged Software,193.0,182.43,177.13,177.99,174.34,148.28,128.94,127.75,183.02,179.83,195.4,188.87,4.42,4.71,9.09,556442.3,690723.8333333334,133309700.0,122942165.0,0.72,0.77,6676834974.257057,10.12,112,34.55,62,121.56,43,55.41,2.27,8.96,1.56,0.72,45.4,0.217,28.33,True,True,True,True,False,False,True,False,False,False,False,True,False,False,False,False,2026-11-04,False,False,5,thin RVOL,EMA,7,https://www.tradingview.com/chart/?symbol=NASDAQ:QLYS&interval=D,False,False,False
SLS,"SELLAS Life Sciences Group, Inc.",NASDAQ,Pharmaceuticals: Major,11.74,11.7,12.07,12.73,12.31,11.18,9.11,7.78,11.77,12.05,12.0,11.38,6.25,7.82,0.92,5032571.5,7015651.033333333,82363743.0,89315084.0,0.63,1.5,2370842610.220653,-11.53,285,-11.06,212,188.45,15,55.29,-0.59,-2.77,0.33,0.68,39.2,0.3,38.58,False,False,False,True,True,True,True,False,False,True,False,True,False,False,False,False,2026-11-18,False,False,5,thin RVOL,near21,6,https://www.tradingview.com/chart/?symbol=NASDAQ:SLS&interval=D,False,False,True
SNDK,Sandisk Corporation,NASDAQ,Computer Peripherals,1719.99,1769.19,1713.45,1650.68,1539.67,1635.28,1375.47,1145.85,1738.43,1698.17,1774.23,1713.47,5.05,5.83,100.31,8275126.4,9922757.433333334,17067043558.0,16379259203.0,0.89,-0.82,251839218473.17554,12.3,93,-15.84,240,167.87,25,54.78,2.01,0.38,0.22,0.61,6.5,0.221,36.24,False,False,False,True,True,True,True,True,False,True,False,True,False,True,False,False,2026-10-29,False,False,6,,"near21, ADR",7,https://www.tradingview.com/chart/?symbol=NASDAQ:SNDK&interval=D,False,False,False
AMBQ,"Ambiq Micro, Inc.",NYSE,Semiconductors,68.18,68.86,65.09,62.73,63.29,71.58,58.09,51.32,67.48,65.82,72.26,67.9,5.53,5.8,3.95,493599.1,530302.3333333334,36156013.0,33268340.0,0.57,4.5,1648901699.5806217,21.58,58,-22.35,293,163.96,26,54.4,1.33,4.75,0.62,1.1,7.1,0.263,29.71,False,False,True,True,False,True,False,False,False,True,True,True,False,False,False,False,2026-11-05,False,True,4,"thin RVOL, large gap","EMA, near21",5,https://www.tradingview.com/chart/?symbol=NYSE:AMBQ&interval=D,False,False,False
HTFL,"Heartflow, Inc.",NASDAQ,Packaged Software,49.32,49.34,48.93,49.13,42.07,35.72,32.8,31.84,49.28,48.35,50.0,47.33,4.47,4.73,2.34,1488861.1,1932745.2,95322993.0,94951262.0,0.83,0.18,4288552946.5933347,-2.53,206,59.46,23,105.24,56,54.06,3.64,0.79,0.42,1.14,85.2,0.105,35.49,False,False,True,True,True,True,False,False,False,True,True,False,False,False,False,False,2026-11-18,False,False,4,"LoD>60% ATR, thin RVOL","EMA, near21",5,https://www.tradingview.com/chart/?symbol=NASDAQ:HTFL&interval=D,False,False,False
OUST,"Ouster, Inc.",NASDAQ,Semiconductors,44.39,40.93,38.02,37.2,38.92,40.26,34.46,31.42,40.61,39.25,44.44,41.25,5.46,6.06,2.69,2622271.5,2178210.1666666665,96690749.0,81035953.0,1.19,4.5,3201066476.304625,34.11,24,-24.09,306,152.02,30,54.01,2.32,16.77,2.16,1.18,116.6,0.349,21.43,True,True,True,True,False,False,False,False,False,False,True,False,False,False,False,False,2026-11-05,False,True,3,"LoD>60% ATR, thin RVOL, large gap",EMA,5,https://www.tradingview.com/chart/?symbol=NASDAQ:OUST&interval=D,False,False,False
ETON,"Eton Pharmaceuticals, Inc.",NASDAQ,Pharmaceuticals: Major,55.36,56.24,56.77,58.47,54.61,44.4,37.44,32.11,55.78,56.35,56.0,52.0,6.5,6.53,3.62,748498.7,589517.0333333333,32635663.0,34470731.0,0.98,0.85,1582362373.5159676,-9.47,258,49.86,36,121.44,44,53.95,0.21,-2.49,0.27,1.11,92.9,0.155,44.55,False,False,False,True,True,True,False,False,False,True,True,False,False,False,False,False,2026-11-05,False,False,4,"LoD>60% ATR, thin RVOL",near21,4,https://www.tradingview.com/chart/?symbol=NASDAQ:ETON&interval=D,False,False,False
U,Unity Software Inc.,NYSE,Packaged Software,43.61,42.11,42.3,42.7,41.33,34.94,30.85,31.92,42.16,42.15,45.38,43.43,4.73,4.78,2.08,12250277.6,9880322.133333333,430880848.0,421906222.0,0.64,2.04,19192278428.0,7.89,123,45.85,40,101.62,59,51.79,1.16,3.11,0.72,0.94,8.6,0.116,26.24,True,True,True,True,False,True,True,False,False,True,False,True,False,True,False,False,2026-11-11,False,True,5,large gap,"EMA, near21",8,https://www.tradingview.com/chart/?symbol=NYSE:U&interval=D,False,False,False
S,"SentinelOne, Inc.",NYSE,Packaged Software,25.06,23.77,22.55,22.01,21.51,19.28,17.53,16.69,23.7,22.9,25.75,24.92,4.42,4.49,1.13,8235533.2,9062861.833333334,227115318.0,199446400.0,1.35,1.01,8722111307.405754,21.89,55,42.79,46,90.14,70,51.61,3.67,11.15,2.1,0.74,12.4,0.318,28.25,True,True,True,True,False,False,True,True,False,True,False,True,False,False,True,False,2026-12-08,False,False,5,thin RVOL,"EMA, ADR, RVOL",8,https://www.tradingview.com/chart/?symbol=NYSE:S&interval=D,False,False,False
BFLY,"Butterfly Network, Inc.",NYSE,Medical Specialties,8.95,9.08,8.29,8.34,8.37,7.25,6.29,5.67,8.83,8.59,8.95,8.64,7.49,6.98,0.62,6601608.9,5240713.0,46904381.0,43698812.0,0.67,2.93,2428002310.2168813,8.09,121,12.02,104,128.32,41,49.47,0.99,7.92,0.6,0.49,48.8,0.42,38.07,False,False,True,True,False,True,True,True,False,True,False,True,False,False,False,False,2026-10-29,False,True,4,"thin RVOL, large gap","EMA, near21, ADR",7,https://www.tradingview.com/chart/?symbol=NYSE:BFLY&interval=D,False,False,False
DINO,HF Sinclair Corporation,NYSE,Oil Refining/Marketing,113.36,107.99,109.15,105.99,99.37,86.42,77.92,71.12,109.27,107.3,114.2,109.0,4.63,4.14,4.7,2889536.1,2665303.533333333,302138809.0,282497298.0,0.75,-1.44,20153576009.861225,9.75,113,55.95,27,80.57,80,48.76,3.4,3.86,1.36,1.11,92.8,0.128,33.55,True,True,True,True,False,True,False,False,False,True,True,False,False,True,False,False,2026-10-28,False,False,5,LoD>60% ATR,"EMA, near21",6,https://www.tradingview.com/chart/?symbol=NYSE:DINO&interval=D,False,False,False
MGNI,"Magnite, Inc.",NASDAQ,Packaged Software,24.73,24.67,24.38,24.16,23.38,20.13,17.69,16.87,24.73,24.4,25.9,24.6,4.26,4.48,1.11,2169437.3,2238002.2666666647,55345796.0,54073119.0,0.65,0.75,3546879645.5550313,7.9,122,21.46,84,116.82,47,48.73,1.29,1.44,0.31,1.18,12.2,0.125,31.54,True,True,False,True,True,True,False,False,False,True,True,True,False,False,False,False,2026-11-11,False,False,5,thin RVOL,near21,7,https://www.tradingview.com/chart/?symbol=NASDAQ:MGNI&interval=D,False,False,False
SBET,"Sharplink, Inc.",NASDAQ,Advertising/Marketing Services,9.35,9.68,9.16,8.9,7.89,6.82,6.96,7.39,9.42,9.09,10.23,9.23,6.01,6.3,0.59,8309113.2,9036365.400000026,84490016.0,80417628.0,0.92,4.59,2031040664.8799584,16.73,73,74.77,17,52.16,122,47.88,2.94,2.08,0.46,1.69,20.4,0.272,30.59,False,False,False,True,True,True,False,False,False,True,True,True,False,False,False,False,2026-11-12,False,True,4,"thin RVOL, large gap",near21,5,https://www.tradingview.com/chart/?symbol=NASDAQ:SBET&interval=D,False,True,False
SITM,SiTime Corporation,NASDAQ,Semiconductors,709.44,653.49,622.21,608.34,610.35,645.74,579.98,528.87,655.39,634.01,724.33,698.11,4.54,5.52,39.19,446911.6,420966.6666666667,298650592.0,256092335.0,0.82,3.27,21333595190.10827,28.35,39,0.9,153,114.01,51,47.75,2.94,14.02,2.15,0.67,28.9,0.265,17.57,True,True,True,True,False,False,True,False,False,False,False,True,False,True,False,False,2026-11-04,False,True,5,large gap,EMA,7,https://www.tradingview.com/chart/?symbol=NASDAQ:SITM&interval=D,False,False,False
PBF,PBF Energy Inc.,NYSE,Oil Refining/Marketing,80.78,74.97,75.4,74.2,71.68,58.96,53.8,48.25,76.77,75.11,83.36,77.17,5.97,5.78,4.67,3581855.1,3605969.533333333,291290219.0,267565343.0,0.97,-1.21,9575405970.910372,6.44,128,67.87,19,68.29,93,47.54,2.2,7.13,1.31,1.33,77.4,0.164,33.61,True,True,True,True,False,True,False,False,False,True,True,False,False,False,False,False,2026-10-29,False,False,4,"LoD>60% ATR, thin RVOL","EMA, near21",6,https://www.tradingview.com/chart/?symbol=NYSE:PBF&interval=D,False,True,False
MPC,Marathon Petroleum Corporation,NYSE,Oil Refining/Marketing,422.33,398.43,401.34,391.02,365.45,316.36,288.39,261.72,403.83,395.78,424.67,405.57,4.07,3.68,15.53,2787285.1,2818531.466666667,1190350394.0,1102101235.0,0.61,-1.02,118600709685.9624,11.03,108,58.18,25,72.38,89,47.2,4.23,5.23,1.82,1.23,107.9,0.123,33.06,True,True,True,True,False,False,False,False,False,False,True,False,False,True,False,False,2026-11-03,False,False,4,"LoD>60% ATR, >4x 50-MA",EMA,5,https://www.tradingview.com/chart/?symbol=NYSE:MPC&interval=D,False,False,False
WOLF,"Wolfspeed, Inc.",NYSE,Semiconductors,35.28,28.7,27.18,26.88,27.12,37.99,33.26,29.5,29.25,28.08,36.49,31.62,5.68,6.92,2.44,2922590.400000115,2681194.8000000217,94592553.0,72063366.0,2.87,3.79,1867390467.8344562,35.74,20,-21.07,284,126.44,42,47.04,4.35,29.81,3.7,1.99,149.8,0.393,30.81,False,True,True,True,False,False,False,False,False,False,True,False,True,True,True,False,2026-10-28,False,True,3,"LoD>60% ATR, >4x 50-MA, large gap","EMA, RVOL",4,https://www.tradingview.com/chart/?symbol=NYSE:WOLF&interval=D,True,False,False
NET,"Cloudflare, Inc.",NYSE,Information Technology Services,349.07,351.84,332.67,318.17,307.73,274.05,251.67,235.21,346.38,334.25,354.58,344.51,4.63,4.59,16.02,2964978.2,3073213.7,1072766706.0,977816696.0,0.9,0.23,124296745910.18271,22.88,53,44.24,44,73.24,86,46.79,2.93,4.93,0.97,0.63,28.5,0.278,33.41,False,False,True,True,False,True,True,True,False,True,False,True,False,True,False,False,2026-10-29,False,False,6,,"EMA, near21, ADR",7,https://www.tradingview.com/chart/?symbol=NYSE:NET&interval=D,False,False,False
CRDO,Credo Technology Group Holding Ltd,NASDAQ,Information Technology Services,218.64,198.93,181.24,192.21,208.06,219.66,191.92,177.37,198.47,194.96,231.59,211.91,5.19,6.52,14.26,8702269.9,8455974.166666666,1848814192.0,1625308701.0,1.19,2.3,41093807333.77247,15.91,77,-15.92,242,140.03,35,46.67,0.78,20.63,1.86,1.38,47.2,0.437,19.34,False,True,True,True,False,False,False,False,False,False,True,True,False,True,False,False,2026-12-02,False,True,5,large gap,EMA,5,https://www.tradingview.com/chart/?symbol=NASDAQ:CRDO&interval=D,False,False,False
AMLX,"Amylyx Pharmaceuticals, Inc.",NASDAQ,Pharmaceuticals: Major,27.79,29.97,31.48,32.96,29.33,22.51,20.14,18.52,29.72,30.67,28.81,27.64,5.06,5.79,1.61,1270103.8,1767021.9666666666,49105540.0,58244873.0,0.66,1.5,3488007546.6773505,-18.26,351,53.37,30,98.5,64,44.53,-0.91,-11.72,1.62,0.73,9.3,0.25,46.65,False,False,False,True,False,False,True,False,False,False,False,True,False,False,False,False,2026-11-05,False,False,5,thin RVOL,,4,https://www.tradingview.com/chart/?symbol=NASDAQ:AMLX&interval=D,False,False,False
BMNR,"BitMine Immersion Technologies, Inc.",NYSE,Financial Conglomerates,26.27,27.31,25.91,25.42,22.52,19.65,20.18,21.67,26.59,25.75,28.2,25.92,5.5,6.27,1.65,34846150.5,43253884.333333336,1136279541.0,1099542576.0,0.98,3.11,15846756715.231947,13.77,82,80.36,14,39.33,154,44.49,2.65,1.37,0.32,1.38,21.3,0.253,29.14,False,False,False,True,True,True,False,False,False,True,True,True,False,True,False,False,2026-11-20,False,True,5,large gap,near21,5,https://www.tradingview.com/chart/?symbol=NYSE:BMNR&interval=D,False,True,False
SECZ,Securitize Corp.,NYSE,Packaged Software,12.99,14.71,11.56,9.89,8.64,9.82,10.27,10.59,13.74,12.04,14.63,12.51,12.64,10.64,1.38,5871782.8,3851969.7,50037086.0,38080572.0,0.56,2.33,2120821226.4999998,106.19,2,4.34,133,18.63,203,43.05,4.73,12.33,0.74,1.53,34.7,1.159,46.73,False,False,False,True,False,True,False,False,False,True,True,True,False,False,False,False,2026-11-13,False,True,3,">4x 50-MA, thin RVOL, large gap",near21,4,https://www.tradingview.com/chart/?symbol=NYSE:SECZ&interval=D,True,False,False
VLO,Valero Energy Corporation,NYSE,Oil Refining/Marketing,406.3,389.59,391.17,378.78,355.08,309.48,285.51,260.29,394.06,385.52,410.41,389.61,4.44,3.9,15.85,3998831.0999999763,3428265.4666666705,1392904259.0,1298551537.0,0.55,-1.14,116984924436.02017,12.89,90,50.54,35,63.44,101,42.29,3.7,3.87,1.38,1.31,105.3,0.121,32.21,True,True,True,True,False,True,False,False,False,True,True,False,False,True,False,False,2026-10-22,False,False,5,LoD>60% ATR,"EMA, near21",6,https://www.tradingview.com/chart/?symbol=NYSE:VLO&interval=D,False,False,False
MSTR,Strategy Inc,NASDAQ,Internet Software/Services,160.01,160.37,147.7,141.22,123.61,123.02,131.59,135.99,155.73,147.61,170.17,155.89,5.33,5.83,9.33,21953883.1,25800154.833333332,4128282775.0,3643446265.0,1.11,3.36,61479923895.97482,29.72,34,60.25,21,33.56,166,41.18,5.05,8.33,1.44,1.53,44.2,0.384,23.34,False,False,True,True,False,True,False,False,False,True,True,True,False,True,False,False,2026-11-04,False,True,4,">4x 50-MA, large gap","EMA, near21",5,https://www.tradingview.com/chart/?symbol=NASDAQ:MSTR&interval=D,False,True,False
MAN,ManpowerGroup,NYSE,Personnel Services,54.16,56.56,57.23,58.74,57.61,46.41,40.56,38.07,56.38,57.11,57.33,53.78,4.16,4.54,2.46,924038.7,820557.4333333333,44441391.0,48196535.0,1.21,1.87,2518741586.8997865,-10.67,272,43.74,45,88.06,71,40.37,-1.32,-5.37,1.14,1.45,15.7,0.1,36.08,False,False,False,True,False,True,False,False,True,True,True,True,False,False,True,False,2026-10-15,False,False,5,thin RVOL,"near21, BB, RVOL",5,https://www.tradingview.com/chart/?symbol=NYSE:MAN&interval=D,False,False,False
TENB,"Tenable Holdings, Inc.",NASDAQ,Packaged Software,36.85,35.65,35.07,35.12,35.14,32.86,28.43,26.9,35.72,35.46,37.24,36.15,5.61,5.65,2.08,2789359.2,4978758.133333334,183467237.0,174873901.0,0.65,1.05,4058658483.6305733,5.02,147,-2.74,175,116.38,48,39.55,0.86,5.09,0.69,0.52,33.7,0.203,23.75,True,True,True,True,False,True,True,True,False,True,False,True,False,False,False,False,2026-11-04,False,False,5,thin RVOL,"EMA, near21, ADR",9,https://www.tradingview.com/chart/?symbol=NASDAQ:TENB&interval=D,False,False,False
TEM,"Tempus AI, Inc.",NASDAQ,Packaged Software,76.63,80.18,73.45,71.05,62.57,56.93,54.72,56.45,78.47,74.44,80.31,75.8,6.88,6.53,5.0,6630997.1,7338493.0,562348719.0,521434174.0,0.81,1.12,13826716038.44405,21.35,59,25.42,80,71.85,90,39.54,3.44,4.34,0.45,0.9,16.6,0.476,33.22,False,False,False,True,False,True,True,False,False,True,False,True,False,True,False,False,2026-11-10,False,False,6,,near21,5,https://www.tradingview.com/chart/?symbol=NASDAQ:TEM&interval=D,False,False,False
LITE,Lumentum Holdings Inc.,NASDAQ,Electrical Products,1085.42,970.51,941.73,923.63,879.03,868.93,844.37,745.43,982.85,947.71,1091.61,1037.24,5.42,6.1,66.23,4665128.8,4468624.933333334,4850334875.0,4127341897.0,0.92,0.72,97362173414.62173,25.09,50,39.59,54,53.18,120,39.29,3.85,15.26,2.38,0.82,72.7,0.245,20.74,True,True,True,True,False,False,True,False,False,False,False,False,False,True,False,False,2026-11-10,False,False,5,LoD>60% ATR,EMA,6,https://www.tradingview.com/chart/?symbol=NASDAQ:LITE&interval=D,False,False,False
AYA,Aya Gold & Silver Inc.,NASDAQ,Precious Metals,27.12,27.83,28.01,27.96,26.42,22.78,20.76,19.76,27.48,27.58,27.68,26.56,4.45,5.44,1.48,1028848.9,1288437.0666666667,34942413.0,36019117.0,0.68,2.08,3906261039.0783696,-0.48,194,38.37,55,79.01,81,38.97,0.49,-3.18,0.3,0.76,37.7,0.155,30.42,False,False,False,True,False,True,True,False,False,True,False,True,False,False,False,False,2026-11-17,False,True,4,"thin RVOL, large gap",near21,5,https://www.tradingview.com/chart/?symbol=NASDAQ:AYA&interval=D,False,False,False
SWKS,"Skyworks Solutions, Inc.",NASDAQ,Semiconductors,85.03,87.66,85.49,79.56,74.23,71.77,67.39,65.79,86.14,83.64,86.54,82.08,5.55,5.25,4.46,4901170.6,7154519.6,608348802.0,569239813.0,1.4,0.91,12794700903.846561,28.08,40,28.35,74,60.46,108,38.96,2.77,-0.54,0.32,1.0,66.1,0.241,25.72,False,False,False,True,True,True,True,False,False,True,False,False,False,True,True,False,2026-10-29,False,False,5,LoD>60% ATR,"near21, RVOL",5,https://www.tradingview.com/chart/?symbol=NASDAQ:SWKS&interval=D,False,False,False
HPQ,HP Inc.,NYSE,Information Technology Services,32.12,31.72,32.56,31.83,30.58,27.23,24.66,23.63,31.9,31.85,32.85,32.07,4.12,4.27,1.37,13501494.499999994,16511984.766666768,530364951.0,525598491.0,0.64,-0.03,28965528796.247585,1.55,179,45.6,42,69.05,92,38.73,1.18,-1.35,0.2,0.57,3.6,0.158,27.81,False,False,True,True,True,True,True,True,False,True,False,True,False,True,False,False,2026-12-01,False,False,6,,"EMA, near21, ADR",8,https://www.tradingview.com/chart/?symbol=NYSE:HPQ&interval=D,False,False,False
GH,"Guardant Health, Inc.",NASDAQ,Medical Specialties,177.8,176.7,172.47,169.89,165.33,150.63,130.0,123.93,176.19,173.15,179.17,172.0,4.06,4.15,7.38,1860564.2,1821159.6666666667,323802189.0,309398030.0,0.82,-0.82,23860078491.328182,8.55,120,3.4,141,102.81,58,38.25,1.82,3.09,0.65,0.97,78.6,0.176,29.68,True,True,True,True,False,True,True,False,False,True,False,False,False,True,False,False,2026-10-29,False,False,5,LoD>60% ATR,"EMA, near21",7,https://www.tradingview.com/chart/?symbol=NASDAQ:GH&interval=D,False,False,False
CLMT,"Calumet, Inc",NASDAQ,Oil Refining/Marketing,55.28,54.36,55.49,53.41,49.89,42.92,39.16,35.09,54.34,53.93,56.34,52.32,4.58,4.48,2.47,1691029.2,1431773.7333333334,79148452.0,76469126.0,0.84,-0.54,4859014348.271035,4.38,156,51.54,31,58.53,112,38.15,2.41,-0.38,0.56,1.62,119.6,0.152,36.91,False,False,True,True,True,True,False,False,False,True,True,False,False,False,False,False,2026-11-06,False,False,4,"LoD>60% ATR, thin RVOL","EMA, near21",5,https://www.tradingview.com/chart/?symbol=NASDAQ:CLMT&interval=D,False,False,False
MANE,"Veradermics, Incorporated",NYSE,Pharmaceuticals: Major,116.76,116.7,109.48,106.26,107.4,107.16,95.16,,115.34,111.64,120.85,115.48,5.4,5.25,6.13,773859.8,695263.1666666666,81178927.0,73880982.0,0.66,2.59,4878248743.188535,19.39,63,-8.81,203,103.03,57,37.87,1.66,6.65,0.87,0.88,21.0,0.283,18.45,False,True,True,False,False,True,True,False,False,True,False,True,False,False,False,False,2026-12-02,False,True,3,"thin RVOL, below 200-MA, large gap","EMA, near21",6,https://www.tradingview.com/chart/?symbol=NYSE:MANE&interval=D,False,False,False
SG,"Sweetgreen, Inc.",NYSE,Restaurants,9.1,8.3,7.61,7.35,6.82,7.52,7.01,6.9,8.34,7.8,9.19,8.68,4.84,5.1,0.46,5844100.7,5127741.966666667,46662452.0,37683776.0,1.12,0.35,1083276017.6612904,41.41,16,-1.19,163,73.33,85,37.85,6.56,19.64,3.27,1.11,91.6,0.42,16.24,True,True,True,True,False,False,False,False,False,False,True,False,False,False,False,False,2026-11-05,False,False,3,"LoD>60% ATR, >4x 50-MA, thin RVOL",EMA,5,https://www.tradingview.com/chart/?symbol=NYSE:SG&interval=D,True,False,False
INOD,Innodata Inc.,NASDAQ,Data Processing Services,70.07,68.55,61.87,60.26,61.07,73.75,64.09,61.38,67.16,64.18,75.08,69.75,7.21,6.53,4.57,2291724.0,1411450.1,98900309.0,85060805.0,0.58,1.67,2409192394.237717,30.29,32,-2.99,177,85.81,74,37.7,2.26,13.26,1.41,1.17,7.0,0.461,18.09,False,True,True,True,False,True,False,False,False,True,True,True,False,False,False,False,2026-11-05,False,False,5,thin RVOL,"EMA, near21",6,https://www.tradingview.com/chart/?symbol=NASDAQ:INOD&interval=D,False,False,False
STX,Seagate Technology Holdings PLC,NASDAQ,Computer Peripherals,848.99,909.56,872.51,856.4,854.72,870.66,748.67,650.71,895.78,879.78,852.29,791.75,5.34,6.57,55.78,4372740.4,3864800.533333333,3281177005.0,3309814533.0,3.65,-13.01,193054402079.50357,5.35,140,-5.75,189,111.72,53,37.11,-0.1,-2.7,0.53,1.09,102.6,0.233,30.49,False,False,False,True,True,True,False,False,False,True,True,False,True,True,True,False,2026-10-28,False,True,4,"LoD>60% ATR, large gap","near21, RVOL",4,https://www.tradingview.com/chart/?symbol=NASDAQ:STX&interval=D,False,False,False
ACMR,"ACM Research, Inc.",NASDAQ,Industrial Machinery,83.38,78.22,74.18,74.55,76.54,83.17,71.66,67.03,78.32,76.41,86.2,82.63,5.07,5.87,4.9,1388093.5,1026938.3666666684,85626121.0,76553292.0,0.89,3.0,5807349987.739411,18.24,68,-28.52,335,119.25,46,36.32,1.52,12.4,1.55,0.73,15.3,0.3,19.35,True,True,True,True,False,False,True,False,False,False,False,True,False,False,False,False,2026-10-28,False,True,4,"thin RVOL, large gap",EMA,7,https://www.tradingview.com/chart/?symbol=NASDAQ:ACMR&interval=D,False,False,False
FROG,JFrog Ltd.,NASDAQ,Packaged Software,95.5,92.7,91.58,92.44,89.74,85.89,72.68,68.4,93.54,92.51,100.0,94.6,5.08,5.45,5.2,1646172.5,1830199.6,174784062.0,169181821.0,0.67,0.35,11775275169.684395,3.53,163,4.13,136,100.76,60,36.14,1.18,4.28,0.59,1.04,17.3,0.142,25.44,True,True,True,True,False,True,False,False,False,True,True,True,False,True,False,False,2026-11-04,False,False,6,,"EMA, near21",7,https://www.tradingview.com/chart/?symbol=NASDAQ:FROG&interval=D,False,False,False
SYRE,"Spyre Therapeutics, Inc.",NASDAQ,Pharmaceuticals: Major,93.19,88.76,89.47,91.32,95.98,90.21,78.71,67.63,89.32,90.4,95.27,90.48,4.47,5.23,4.87,1297315.2999999993,1323960.8666666665,123379913.0,120907637.0,0.82,1.37,8216913382.6775255,5.84,135,4.58,132,97.56,66,35.99,-0.56,4.15,0.59,0.98,55.6,0.106,30.42,False,False,False,True,False,True,True,False,False,True,False,True,False,False,False,False,2026-11-05,False,False,5,thin RVOL,near21,5,https://www.tradingview.com/chart/?symbol=NASDAQ:SYRE&interval=D,False,False,False
NUAI,"New Era Energy & Digital, Inc.",NASDAQ,Engineering & Construction,6.29,6.87,6.36,5.89,5.56,5.31,5.06,5.0,6.56,6.3,6.67,6.17,9.09,9.53,0.6,10725942.3,7657534.766666667,48165894.0,45100327.0,0.59,2.83,670258197.4505495,32.0,29,17.35,95,53.41,119,34.26,1.38,-1.11,0.01,0.83,20.0,0.4,29.7,False,False,False,True,True,True,True,False,False,True,False,True,False,False,False,False,2026-12-02,False,True,4,"thin RVOL, large gap",near21,6,https://www.tradingview.com/chart/?symbol=NASDAQ:NUAI&interval=D,False,False,False
CBRL,"Cracker Barrel Old Country Store, Inc.",NASDAQ,Restaurants,55.76,50.78,49.65,51.82,53.8,48.32,41.97,39.06,51.68,51.26,55.86,51.7,5.07,4.8,2.68,1393819.7,1043030.2333333333,58159366.0,54049131.0,0.75,-0.04,1246371545.7463264,2.41,172,1.01,152,99.14,62,34.19,0.76,12.3,1.83,1.55,151.6,0.304,26.43,True,True,True,True,False,False,False,False,False,False,True,False,False,False,False,False,2026-11-27,False,False,4,"LoD>60% ATR, thin RVOL",EMA,5,https://www.tradingview.com/chart/?symbol=NASDAQ:CBRL&interval=D,False,False,False
DK,"Delek US Holdings, Inc.",NYSE,Oil Refining/Marketing,74.19,71.08,73.8,72.94,69.59,59.73,54.2,48.44,72.19,72.21,75.54,72.02,5.42,5.62,4.17,2674367.0,2544818.3,188800070.0,185608868.0,0.47,-1.44,4542814759.364407,1.27,180,38.13,56,61.85,105,33.75,1.17,0.52,0.49,0.84,52.0,0.21,34.18,True,True,False,True,True,True,True,False,False,True,False,True,False,False,False,False,2026-11-11,False,False,5,thin RVOL,near21,8,https://www.tradingview.com/chart/?symbol=NYSE:DK&interval=D,False,False,False
APPN,Appian Corporation,NASDAQ,Packaged Software,36.68,36.72,36.63,37.87,35.41,29.26,27.37,28.01,36.63,36.75,38.6,36.42,4.99,5.59,2.05,735845.2,893133.2333333333,32760127.0,33820276.0,0.65,1.62,2627325918.7227955,-9.03,254,54.12,29,55.62,114,33.57,0.64,0.14,0.04,1.06,12.7,0.165,25.49,False,False,False,True,True,True,False,False,False,True,True,True,False,False,False,False,2026-10-29,False,False,5,thin RVOL,near21,5,https://www.tradingview.com/chart/?symbol=NASDAQ:APPN&interval=D,False,False,False
HUT,Hut 8 Corp.,NASDAQ,Data Processing Services,89.63,95.85,94.72,90.56,91.9,101.65,88.96,80.25,92.33,92.75,93.0,88.1,7.32,8.12,7.28,4058699.4000000097,4633244.366666664,415277693.0,419599737.0,1.07,4.27,11047746202.4846,16.84,72,-16.11,244,99.62,61,33.45,-0.3,-5.38,0.41,0.67,21.0,0.248,23.88,False,False,False,True,False,True,True,True,False,True,False,True,False,True,False,False,2026-11-18,False,True,5,large gap,"near21, ADR",6,https://www.tradingview.com/chart/?symbol=NASDAQ:HUT&interval=D,False,False,False
INSP,"Inspire Medical Systems, Inc.",NYSE,Medical Specialties,69.97,70.87,70.63,67.71,63.2,54.07,54.41,61.32,70.64,69.29,71.74,68.44,5.26,5.1,3.57,921634.6,794893.0666666667,55618668.0,53824064.0,0.72,1.36,2022858945.1756144,14.26,80,51.35,32,32.97,168,32.86,2.1,-0.94,0.19,0.92,42.9,0.21,24.0,False,False,False,True,True,True,True,False,False,True,False,True,False,False,False,False,2026-11-09,False,False,5,thin RVOL,near21,6,https://www.tradingview.com/chart/?symbol=NYSE:INSP&interval=D,False,False,False
SANM,Sanmina Corporation,NASDAQ,Electronic Production Equipment,229.04,220.25,210.54,204.65,201.99,219.6,199.49,188.47,218.74,212.48,229.4,223.62,4.31,4.71,10.78,669844.6,606299.2,138866769.0,124081759.0,0.94,2.97,12275938535.092089,21.98,54,-7.04,196,82.95,78,32.63,2.84,8.79,1.66,0.54,50.3,0.217,13.87,True,True,True,True,False,False,True,True,False,True,False,True,False,True,False,False,2026-11-09,False,True,5,large gap,"EMA, ADR",8,https://www.tradingview.com/chart/?symbol=NASDAQ:SANM&interval=D,False,False,False
BRKR,Bruker Corporation,NASDAQ,Medical Specialties,63.24,62.84,60.01,59.31,58.9,57.12,50.52,49.3,62.53,61.02,64.36,62.25,4.93,4.66,2.94,2196425.4,2231900.6666666665,141145398.0,132382956.0,0.99,0.5,9635202801.768162,12.87,91,3.0,144,81.31,79,32.39,1.58,5.39,0.78,0.72,33.6,0.262,21.41,True,True,True,True,False,True,True,True,False,True,False,True,False,False,False,False,2026-10-29,False,False,5,thin RVOL,"EMA, near21, ADR",9,https://www.tradingview.com/chart/?symbol=NASDAQ:BRKR&interval=D,False,False,False
AMRX,"Amneal Pharmaceuticals, Inc.",NASDAQ,Pharmaceuticals: Major,20.3,19.98,18.72,18.42,18.32,16.81,15.46,15.01,19.77,19.13,20.54,20.0,4.89,3.87,0.79,3324759.0,2485534.2333333334,50456345.0,45780641.0,0.76,0.6,6482884321.718984,13.41,85,18.99,93,63.84,100,32.08,2.8,8.46,1.58,0.69,38.8,0.291,24.48,True,True,True,True,False,False,True,True,False,True,False,True,False,False,False,False,2026-10-29,False,False,5,thin RVOL,"EMA, ADR",8,https://www.tradingview.com/chart/?symbol=NASDAQ:AMRX&interval=D,False,False,False
SAIL,"SailPoint, Inc.",NASDAQ,Packaged Software,20.43,20.85,19.89,19.61,18.89,16.96,15.56,16.06,20.52,20.08,20.84,19.77,5.49,5.68,1.16,6016392.4,5004608.833333333,102244158.0,98158729.0,1.16,0.63,11663724376.150146,6.8,127,33.44,65,55.01,115,31.75,1.44,2.72,0.31,0.92,56.8,0.268,25.86,False,False,False,True,True,True,True,False,False,True,False,True,False,True,False,False,2026-12-15,False,False,6,,near21,6,https://www.tradingview.com/chart/?symbol=NASDAQ:SAIL&interval=D,False,False,False
SEI,"Solaris Energy Infrastructure, Inc.",NYSE,Oilfield Services/Equipment,74.93,69.82,67.13,62.11,59.81,65.94,64.76,61.32,69.98,66.8,75.46,72.19,4.63,5.47,4.1,2257957.9,2600714.933333333,194871570.0,161526070.0,1.16,1.13,6006818693.291959,51.59,11,3.12,143,40.34,150,31.69,4.62,11.62,2.23,0.8,66.9,0.26,13.36,True,True,True,True,False,False,True,False,False,False,False,False,False,False,False,False,2026-11-02,False,False,3,"LoD>60% ATR, >4x 50-MA, thin RVOL",EMA,6,https://www.tradingview.com/chart/?symbol=NYSE:SEI&interval=D,True,False,False
RGEN,Repligen Corporation,NASDAQ,Pharmaceuticals: Major,181.7,187.21,178.7,178.35,169.67,149.72,139.9,143.51,184.71,180.8,186.52,178.0,4.13,4.19,7.62,1290017.0,1077822.7333333334,195840391.0,192229325.0,1.14,1.18,10254351789.431248,5.78,136,29.88,70,59.11,110,31.59,1.69,1.68,0.12,1.12,48.6,0.224,26.04,False,False,False,True,True,True,False,False,False,True,True,True,False,True,False,False,2026-11-03,False,False,6,,near21,5,https://www.tradingview.com/chart/?symbol=NASDAQ:RGEN&interval=D,False,False,False
GCT,GigaCloud Technology Inc,NASDAQ,Wholesale Distributors,53.75,52.82,52.54,51.9,50.09,42.57,43.09,42.2,52.7,52.16,54.18,52.92,4.68,4.72,2.54,667425.8,605919.1666666666,32568155.0,31448316.0,0.58,1.37,1919425209.4143636,13.16,89,59.97,22,21.11,194,31.41,1.55,2.3,0.64,0.5,32.7,0.066,19.76,True,True,True,True,True,True,True,True,True,True,False,True,False,False,False,False,2026-11-26,False,False,5,thin RVOL,"EMA, near21, ADR, BB",11,https://www.tradingview.com/chart/?symbol=NASDAQ:GCT&interval=D,False,False,False
BETA,"Beta Technologies, Inc.",NYSE,Aerospace & Defense,22.17,22.8,21.84,21.74,21.95,19.52,18.61,19.97,22.32,22.13,22.38,21.14,6.85,6.94,1.54,2588868.0,3302466.7333333334,73215687.0,71803333.0,0.44,2.72,5186473172.872987,13.63,84,26.25,77,53.64,118,31.18,0.14,1.52,0.03,0.8,66.9,0.223,18.92,False,False,False,True,True,True,True,False,False,True,False,False,False,False,False,False,2026-12-03,False,True,3,"LoD>60% ATR, thin RVOL, large gap",near21,5,https://www.tradingview.com/chart/?symbol=NYSE:BETA&interval=D,False,False,False
DOCN,"DigitalOcean Holdings, Inc.",NYSE,Packaged Software,140.07,139.93,132.5,125.72,124.74,138.43,121.99,105.41,136.81,132.72,149.78,139.21,6.19,6.49,9.09,2183736.2,2519970.1333333333,352972217.0,316804765.0,0.66,1.48,16469367096.590343,29.68,35,-1.03,162,63.37,102,30.67,1.89,5.71,0.85,1.16,9.5,0.277,24.64,True,True,True,True,False,True,False,False,False,True,True,True,False,True,False,False,2026-11-09,False,False,6,,"EMA, near21",7,https://www.tradingview.com/chart/?symbol=NYSE:DOCN&interval=D,False,False,False
ERO,Ero Copper Corp.,NYSE,Other Metals/Minerals,37.91,36.84,35.79,36.47,34.37,30.96,29.83,30.06,36.62,36.07,38.23,36.67,4.29,5.13,1.94,1323958.3,1511325.9,57294365.0,55117552.0,0.8,3.13,3954112900.1332016,6.43,129,41.19,49,43.54,141,30.39,2.01,5.92,1.0,0.8,63.8,0.206,18.47,True,True,True,True,False,True,True,False,False,True,False,False,False,False,False,False,2026-11-10,False,True,3,"LoD>60% ATR, thin RVOL, large gap","EMA, near21",7,https://www.tradingview.com/chart/?symbol=NYSE:ERO&interval=D,False,False,False
ZS,"Zscaler, Inc.",NASDAQ,Packaged Software,196.6,203.2,191.49,187.17,179.09,161.24,155.07,166.42,198.57,193.47,202.0,195.11,4.46,4.79,9.42,2808149.9,3341349.1333333333,656909240.0,625409784.0,0.57,1.21,32056554365.17255,11.21,105,35.49,59,44.16,140,30.29,2.04,2.67,0.34,0.73,15.8,0.346,24.48,False,False,False,True,True,True,True,False,False,True,False,True,False,True,False,False,2026-12-01,False,False,6,,near21,6,https://www.tradingview.com/chart/?symbol=NASDAQ:ZS&interval=D,False,False,False
IBRX,"ImmunityBio, Inc.",NASDAQ,Pharmaceuticals: Major,10.28,8.98,8.56,8.38,8.0,7.89,7.9,7.21,9.08,8.69,10.55,9.39,6.25,5.9,0.61,15172780.7,11329584.033333333,116524772.0,94958909.0,2.25,1.19,10900416069.533943,29.45,36,11.43,105,49.27,129,30.05,4.85,20.13,3.11,1.91,147.6,0.281,17.26,True,True,True,True,False,False,False,False,False,False,True,False,True,True,True,False,2026-11-05,False,False,4,"LoD>60% ATR, >4x 50-MA","EMA, RVOL",5,https://www.tradingview.com/chart/?symbol=NASDAQ:IBRX&interval=D,False,False,False
GEO,Geo Group Inc (The) REIT,NYSE,Miscellaneous Commercial Services,31.36,30.76,31.17,31.39,31.21,29.23,25.29,22.99,30.96,31.07,31.92,30.91,4.46,4.16,1.3,2732738.3,2345359.1666666665,73550463.0,73628642.0,0.97,0.78,4127590249.613511,2.82,167,2.72,145,83.61,77,29.71,0.11,0.62,0.22,0.78,34.5,0.083,26.23,True,True,False,True,True,True,True,True,True,True,False,True,False,False,False,False,2026-11-05,False,False,5,thin RVOL,"near21, ADR, BB",10,https://www.tradingview.com/chart/?symbol=NYSE:GEO&interval=D,False,False,False
CXW,"CoreCivic, Inc.",NYSE,Miscellaneous Commercial Services,33.43,32.52,33.7,33.63,32.88,29.8,26.43,24.55,32.92,33.18,34.15,32.62,5.54,5.01,1.67,2270453.8,2019620.6333333333,67515918.0,67909744.0,0.68,0.62,3306009663.84272,1.7,178,7.6,120,77.07,83,28.79,0.33,-0.8,0.15,0.91,48.4,0.159,27.38,False,False,False,True,True,True,True,False,False,True,False,True,False,False,False,False,2026-11-09,False,False,5,thin RVOL,near21,6,https://www.tradingview.com/chart/?symbol=NYSE:CXW&interval=D,False,False,False
UMAC,"Unusual Machines, Inc.",AMEX,Electronic Equipment/Instruments,22.37,23.65,23.59,23.89,24.36,22.8,20.26,18.65,23.4,23.7,23.36,21.78,7.31,8.46,1.89,2634725.4,2857104.433333333,63913426.0,68254320.0,1.25,2.07,1117527047.765381,-1.02,196,-1.37,165,87.35,72,28.32,-0.96,-5.17,0.66,0.83,31.2,0.169,25.49,False,False,False,True,False,True,True,False,False,True,False,True,False,False,True,False,2026-11-12,False,True,4,"thin RVOL, large gap","near21, RVOL",5,https://www.tradingview.com/chart/?symbol=AMEX:UMAC&interval=D,False,False,False
CLS,"Celestica, Inc.",NYSE,Electronic Components,387.32,364.62,345.66,330.47,330.2,347.18,341.31,330.7,363.18,349.06,391.5,380.05,4.46,5.13,19.89,2448343.2,2213325.066666667,857265065.0,731439748.0,1.0,2.99,48845359563.95736,32.99,28,9.41,115,40.84,149,27.75,3.37,12.05,2.13,0.58,36.6,0.25,8.89,True,True,True,True,False,False,True,True,False,True,False,True,False,True,False,False,2026-10-26,False,True,5,large gap,"EMA, ADR",8,https://www.tradingview.com/chart/?symbol=NYSE:CLS&interval=D,False,False,False
MRX,Marex Group Limited,NASDAQ,Internet Software/Services,72.75,72.08,72.89,72.7,70.06,65.27,58.65,53.98,71.9,72.0,74.22,70.84,4.42,4.41,3.21,741458.6,758234.1666666666,55161536.0,55124382.0,0.59,0.75,5232970728.730975,0.23,188,11.12,106,71.06,91,27.47,0.87,-0.2,0.24,1.05,59.4,0.128,26.0,False,False,False,True,True,True,False,False,False,True,True,True,False,False,False,False,2026-11-05,False,False,5,thin RVOL,near21,5,https://www.tradingview.com/chart/?symbol=NASDAQ:MRX&interval=D,False,False,False
PARR,"Par Pacific Holdings, Inc. Common Stock",NYSE,Oil Refining/Marketing,84.0,80.04,81.81,80.57,79.56,70.11,66.67,59.61,81.53,80.93,87.0,82.09,5.2,5.34,4.49,959548.6000000015,937225.8333333337,78726970.0,75514785.0,0.75,-1.05,4208368745.29637,5.34,141,45.03,43,29.71,181,26.69,1.05,2.67,0.71,1.09,42.5,0.147,26.43,True,True,True,True,True,True,False,False,False,True,True,True,False,False,False,False,2026-11-09,False,False,5,thin RVOL,"EMA, near21",8,https://www.tradingview.com/chart/?symbol=NYSE:PARR&interval=D,False,False,False
KEEL,Keel Infrastructure Corp.,NASDAQ,Data Processing Services,3.62,3.77,3.67,3.54,3.6,4.38,3.78,3.45,3.65,3.64,3.75,3.53,6.38,7.53,0.27,24527058.7,32062341.1,116065675.0,113522062.0,0.86,4.07,2235614953.4825583,19.47,62,-33.21,363,92.55,69,26.27,0.07,-1.32,0.08,0.81,33.0,0.263,25.64,False,False,False,True,True,True,True,False,False,True,False,True,False,False,False,False,2026-11-16,False,True,4,"thin RVOL, large gap",near21,6,https://www.tradingview.com/chart/?symbol=NASDAQ:KEEL&interval=D,False,False,False
VIAV,Viavi Solutions Inc.,NASDAQ,Information Technology Services,47.1,40.34,38.23,37.7,38.3,42.83,41.72,36.79,41.39,39.49,48.42,45.7,4.85,5.56,2.62,6462990.3999999985,5108278.766666659,240599930.0,192595732.0,1.51,2.52,11621916778.010273,35.54,21,1.51,148,40.22,152,25.76,4.13,23.21,3.47,1.04,53.4,0.377,12.84,True,True,True,True,False,False,False,False,False,False,True,True,True,True,True,False,2026-10-29,False,True,4,">4x 50-MA, large gap","EMA, RVOL",6,https://www.tradingview.com/chart/?symbol=NASDAQ:VIAV&interval=D,True,False,False
HOOD,"Robinhood Markets, Inc.",NASDAQ,Investment Banks/Brokers,112.74,117.95,115.95,113.51,105.4,100.19,92.32,94.33,115.15,114.07,119.38,112.44,5.21,5.55,6.26,20318803.8,23230876.566666666,2619049024.0,2637037466.0,1.38,2.19,101362538543.5865,8.7,119,-0.02,157,67.77,94,25.48,1.25,-2.77,0.21,1.11,4.8,0.177,22.74,False,False,False,True,True,True,False,False,False,True,True,True,False,True,True,False,2026-11-04,False,True,5,large gap,"near21, RVOL",5,https://www.tradingview.com/chart/?symbol=NASDAQ:HOOD&interval=D,False,False,False
TVTX,"Travere Therapeutics, Inc.",NASDAQ,Pharmaceuticals: Major,56.93,59.72,62.39,63.73,62.25,56.87,49.23,45.0,59.67,61.35,57.53,56.34,4.1,4.21,2.4,1785746.3,1511595.6333333333,86055139.0,96328447.0,0.94,0.63,5366283020.028496,-14.22,318,0.26,155,85.5,76,23.85,-2.03,-8.75,1.71,0.5,24.6,0.202,30.55,False,False,False,True,False,False,True,True,False,True,False,True,False,False,False,False,2026-10-22,False,False,5,thin RVOL,ADR,5,https://www.tradingview.com/chart/?symbol=NASDAQ:TVTX&interval=D,False,False,False
TGB,Trekor Metals Limited,AMEX,Other Metals/Minerals,8.95,8.85,8.59,8.74,8.41,7.75,7.51,7.41,8.74,8.67,8.98,8.47,4.72,5.53,0.49,5922511.1,5608457.066666666,50195691.0,48995481.0,0.81,2.53,3275908767.5946164,4.56,155,24.48,81,40.28,151,23.11,1.16,4.22,0.59,1.03,97.0,0.196,16.16,True,True,True,True,False,True,False,False,False,True,True,False,False,False,False,False,2026-11-04,False,True,3,"LoD>60% ATR, thin RVOL, large gap","EMA, near21",6,https://www.tradingview.com/chart/?symbol=AMEX:TGB&interval=D,False,False,False
DFTX,"Definium Therapeutics, Inc.",NASDAQ,Pharmaceuticals: Major,37.4,37.98,38.16,39.33,41.13,36.9,31.35,27.41,37.91,38.62,38.14,36.86,5.08,5.38,2.01,2255881.6999999983,2161786.533333331,80850816.0,85019461.0,0.66,0.27,5025324048.367021,-2.86,210,-13.76,225,85.61,75,23.0,-1.69,-1.99,0.59,0.64,26.8,0.107,36.68,False,False,False,True,True,True,True,True,False,True,False,True,False,False,False,False,2026-11-05,False,False,5,thin RVOL,"near21, ADR",7,https://www.tradingview.com/chart/?symbol=NASDAQ:DFTX&interval=D,False,False,False
CHYM,"Chime Financial, Inc.",NASDAQ,Packaged Software,27.25,27.28,29.95,30.97,29.69,24.34,23.19,23.5,27.71,28.98,27.72,26.91,4.42,4.66,1.27,5728109.1,7113352.833333333,193838865.0,220296981.0,0.54,0.61,10316443586.729372,-14.55,320,31.8,67,51.3,124,22.85,-1.76,-9.01,1.28,0.64,26.8,0.392,24.8,False,False,False,True,False,True,True,True,False,True,False,True,False,True,False,False,2026-11-11,False,False,6,,"near21, ADR",6,https://www.tradingview.com/chart/?symbol=NASDAQ:CHYM&interval=D,False,False,False
FPS,"Forgent Power Solutions, Inc.",NYSE,Electrical Products,40.35,38.3,35.55,34.09,34.94,42.81,39.99,,37.73,36.45,40.56,38.83,5.49,5.95,2.4,8749774.6,9176162.366666667,370258151.0,312787847.0,0.88,6.0,12283706499.80043,39.04,17,-16.63,251,45.41,138,22.61,2.6,13.5,1.8,0.72,63.4,0.421,19.48,False,True,True,False,False,False,True,False,False,False,False,False,False,True,False,False,2026-12-02,False,True,3,"LoD>60% ATR, below 200-MA, large gap",EMA,4,https://www.tradingview.com/chart/?symbol=NYSE:FPS&interval=D,True,False,False
NEOG,Neogen Corporation,NASDAQ,Medical Specialties,12.15,13.22,12.7,12.36,11.9,10.56,10.19,9.99,12.81,12.65,12.5,12.13,4.81,4.38,0.53,5687493.2,3506157.3,42599811.0,43350713.0,0.47,1.31,2649987884.117647,3.76,161,30.36,69,32.93,169,22.35,0.48,-4.33,0.9,0.69,3.8,0.239,26.58,False,False,False,True,False,True,True,True,False,True,False,True,False,False,False,False,2026-10-06,True,False,4,"thin RVOL, earnings soon","near21, ADR",5,https://www.tradingview.com/chart/?symbol=NASDAQ:NEOG&interval=D,False,False,False
PRGO,Perrigo Company plc,NYSE,Pharmaceuticals: Major,14.26,14.55,14.22,14.29,13.36,11.99,11.61,12.29,14.44,14.23,14.8,14.12,4.55,4.58,0.65,3034268.9,2803221.3333333335,39973936.0,40071115.0,0.62,1.14,1978849663.6704705,-1.31,198,35.94,58,31.31,175,21.98,1.48,0.28,0.04,1.04,21.4,0.167,20.61,False,False,False,True,True,True,False,False,False,True,True,True,False,False,False,False,2026-11-11,False,False,5,thin RVOL,near21,5,https://www.tradingview.com/chart/?symbol=NYSE:PRGO&interval=D,False,False,False
IONQ,"IonQ, Inc.",NYSE,Computer Processing Hardware,43.77,43.44,40.85,40.68,40.6,46.75,43.68,43.46,43.11,41.95,45.34,43.15,5.78,6.16,2.7,29117935.5,22441720.833333332,982274121.0,912891801.0,0.65,2.66,17732894965.349625,16.97,71,-14.36,232,63.32,103,21.98,1.27,7.16,0.7,0.81,23.0,0.293,14.04,False,True,True,True,False,True,True,False,False,True,False,True,False,True,False,False,2026-11-11,False,True,5,large gap,"EMA, near21",7,https://www.tradingview.com/chart/?symbol=NYSE:IONQ&interval=D,False,False,False
RUM,RUM Group Inc.,NASDAQ,Internet Software/Services,7.58,8.18,8.17,8.5,7.81,7.49,6.96,6.76,7.98,8.13,8.06,7.48,7.11,7.97,0.6,4472760.6,5618023.566666666,42556529.0,47765373.0,0.87,3.01,3755762045.8802357,-10.99,277,19.2,90,57.16,113,21.79,-0.37,-7.23,0.86,0.95,15.7,0.286,18.69,False,False,False,True,False,True,True,False,False,True,False,True,False,False,False,False,2026-11-16,False,True,4,"thin RVOL, large gap",near21,5,https://www.tradingview.com/chart/?symbol=NASDAQ:RUM&interval=D,False,False,False
CLSK,"CleanSpark, Inc.",NASDAQ,Data Processing Services,12.74,13.74,13.49,12.99,12.94,14.12,13.01,12.57,13.28,13.28,13.48,12.37,6.45,7.08,0.9,16701831.5,17436559.9,222141773.0,226570659.0,1.04,3.27,3271849689.1533546,16.99,70,-6.67,193,54.99,116,21.77,-0.21,-5.55,0.57,1.23,41.0,0.225,12.16,False,False,False,True,False,True,False,False,False,True,True,True,False,False,False,False,2026-12-16,False,True,4,"thin RVOL, large gap",near21,4,https://www.tradingview.com/chart/?symbol=NASDAQ:CLSK&interval=D,False,False,False
DUOL,"Duolingo, Inc.",NASDAQ,Packaged Software,144.27,144.45,145.78,146.97,142.46,131.06,120.87,127.38,144.31,144.88,147.57,143.48,4.2,4.82,6.96,1019173.5,1091801.0333333334,157514135.0,160466365.0,0.72,-0.39,6749818357.916628,-7.66,242,20.24,87,50.98,125,21.18,0.26,-1.04,0.09,0.59,11.4,0.126,17.27,False,False,False,True,True,True,True,True,False,True,False,True,False,False,False,False,2026-11-11,False,False,5,thin RVOL,"near21, ADR",7,https://www.tradingview.com/chart/?symbol=NASDAQ:DUOL&interval=D,False,False,False
COHR,Coherent Corp.,NYSE,Semiconductors,337.04,303.76,298.22,292.31,297.03,329.73,316.13,289.02,305.2,300.29,338.36,315.43,5.37,6.37,21.48,6844550.6,6366512.2,2145769272.0,1861010036.0,1.24,-0.82,66003300316.71343,25.7,48,-5.87,190,43.42,142,21.08,2.11,13.02,1.92,1.07,100.6,0.226,12.08,True,True,True,True,False,False,False,False,False,False,True,False,False,True,True,False,2026-11-11,False,False,5,LoD>60% ATR,"EMA, RVOL",5,https://www.tradingview.com/chart/?symbol=NYSE:COHR&interval=D,False,False,False
VSAT,"ViaSat, Inc.",NASDAQ,Telecommunications Equipment,72.0,72.53,73.09,72.27,75.1,73.49,67.23,60.85,71.87,72.62,73.41,70.04,5.02,5.46,3.93,1489077.8,1615317.8,116302882.0,116735518.0,1.13,1.51,9918418363.496801,8.86,117,-13.29,222,66.9,96,20.82,-0.75,-1.49,0.16,0.86,49.8,0.124,19.78,False,False,False,True,True,True,True,False,False,True,False,True,False,False,False,False,2026-11-11,False,False,5,thin RVOL,near21,6,https://www.tradingview.com/chart/?symbol=NASDAQ:VSAT&interval=D,False,False,False
TGTX,"TG Therapeutics, Inc.",NASDAQ,Pharmaceuticals: Major,54.29,56.23,55.71,55.62,53.71,51.0,45.12,41.32,55.55,55.44,54.98,53.14,4.27,4.18,2.27,1752705.0,1940919.5666666667,105372523.0,107951035.0,0.78,1.03,8310118342.789256,-3.36,216,1.44,150,63.92,99,20.66,0.26,-2.55,0.5,0.81,50.4,0.099,27.47,False,False,False,True,True,True,True,False,True,True,False,True,False,False,False,False,2026-11-09,False,False,5,thin RVOL,"near21, BB",7,https://www.tradingview.com/chart/?symbol=NASDAQ:TGTX&interval=D,False,False,False
GKOS,Glaukos Corporation,NYSE,Medical Specialties,163.75,159.24,165.19,170.47,171.99,153.97,141.41,135.03,161.78,164.89,168.08,163.01,4.05,4.08,6.68,913730.4,763140.9666666667,124964333.0,130095948.0,0.75,2.7,9658619462.676964,-7.42,239,19.03,92,49.15,130,20.25,-1.17,-0.87,0.17,0.76,11.1,0.201,22.57,False,False,False,True,True,True,True,False,False,True,False,True,False,False,False,False,2026-11-04,False,True,4,"thin RVOL, large gap",near21,6,https://www.tradingview.com/chart/?symbol=NYSE:GKOS&interval=D,False,False,False
HIVE,HIVE Digital Technologies Ltd,NASDAQ,Information Technology Services,2.98,3.17,3.12,3.04,2.95,3.32,2.97,2.9,3.07,3.07,3.1,2.9,5.7,6.47,0.19,10741712.599999994,14359684.266666662,42720061.0,43667800.0,0.77,3.77,815975067.6201923,13.33,86,-17.13,255,64.36,98,20.19,0.12,-4.69,0.5,1.04,39.0,0.246,14.12,False,False,False,True,False,True,False,False,False,True,True,True,False,False,False,False,2026-11-16,False,True,4,"thin RVOL, large gap",near21,4,https://www.tradingview.com/chart/?symbol=NASDAQ:HIVE&interval=D,False,False,False
QCOM,QUALCOMM Incorporated,NASDAQ,Semiconductors,184.87,190.85,185.29,178.47,171.45,187.67,172.98,169.26,186.76,183.79,188.95,183.36,4.62,4.52,8.35,12177174.8,13417214.066666666,2480440365.0,2394525470.0,0.61,2.54,194156734733.3664,11.34,104,1.48,149,47.62,132,20.15,1.73,-0.23,0.13,0.67,18.1,0.183,11.68,False,False,False,True,True,True,True,True,False,True,False,True,False,True,False,False,2026-11-11,False,True,5,large gap,"near21, ADR",7,https://www.tradingview.com/chart/?symbol=NASDAQ:QCOM&interval=D,False,False,False
RIOT,"Riot Platforms, Inc.",NASDAQ,Information Technology Services,19.73,22.28,21.9,21.2,20.92,22.8,20.67,19.34,21.27,21.46,21.09,19.35,6.97,7.7,1.52,17062453.8,16159656.133333333,318830016.0,342654735.0,0.93,3.09,7403859149.400816,11.78,102,-17.46,256,65.6,97,19.97,-0.74,-9.9,1.05,1.15,25.0,0.295,17.52,False,False,False,True,False,True,False,False,False,True,True,True,False,False,False,False,2026-11-10,False,True,4,"thin RVOL, large gap",near21,4,https://www.tradingview.com/chart/?symbol=NASDAQ:RIOT&interval=D,False,False,False
RXO,"RXO, Inc.",NYSE,Packaged Software,23.38,20.52,20.17,20.54,21.2,23.61,21.18,19.56,20.91,20.69,24.03,21.54,4.79,5.08,1.19,1853222.5,1736302.8666666667,40594761.0,35667133.0,1.91,2.01,3855973081.6151686,15.74,78,-16.38,248,58.83,111,19.4,2.03,15.94,2.55,2.09,154.4,0.177,17.33,False,True,True,True,False,False,False,False,False,False,True,False,True,True,True,False,2026-11-05,False,True,4,"LoD>60% ATR, large gap","EMA, RVOL",4,https://www.tradingview.com/chart/?symbol=NYSE:RXO&interval=D,False,False,False
SHAZ,"SharonAI Holdings, Inc.",NASDAQ,Data Processing Services,50.81,55.43,55.45,55.84,56.92,63.93,53.15,,53.85,55.35,53.6,50.42,7.85,9.44,4.8,1327677.4,1449994.2,73674205.0,80974201.0,0.84,4.03,1819176025.6012032,-3.22,215,-35.77,370,96.41,67,19.14,-1.14,-8.37,0.87,0.66,8.1,0.245,21.21,False,False,False,False,False,True,True,False,False,True,False,True,False,False,False,False,2026-11-04,False,True,3,"thin RVOL, below 200-MA, large gap",near21,4,https://www.tradingview.com/chart/?symbol=NASDAQ:SHAZ&interval=D,False,False,False
IOT,Samsara Inc.,NYSE,Packaged Software,41.12,38.79,39.42,39.54,39.09,36.24,34.38,33.64,39.28,39.26,41.29,40.3,4.09,4.78,1.97,4984426.8,6873140.333333333,282623531.0,271759387.0,1.11,0.92,24080086941.346653,5.67,138,20.91,85,30.0,180,18.86,1.08,4.31,0.99,0.5,41.7,0.139,14.07,True,True,True,True,False,True,True,True,False,True,False,True,False,True,False,False,2026-11-26,False,False,6,,"EMA, near21, ADR",9,https://www.tradingview.com/chart/?symbol=NYSE:IOT&interval=D,False,False,False
ORKA,"Oruka Therapeutics, Inc.",NASDAQ,Pharmaceuticals: Major,84.52,86.54,90.1,92.29,95.76,85.0,74.55,63.92,86.21,89.44,86.0,83.33,5.19,5.46,4.61,1135249.6,940755.0,79512613.0,86824474.0,0.46,1.67,5596043206.705825,-9.17,255,-6.96,195,72.38,88,18.75,-2.15,-6.2,1.01,0.58,25.8,0.215,37.67,False,False,False,True,False,True,True,True,False,True,False,True,False,False,False,False,2026-11-18,False,False,5,thin RVOL,"near21, ADR",6,https://www.tradingview.com/chart/?symbol=NASDAQ:ORKA&interval=D,False,False,False
AI,"C3.ai, Inc.",NYSE,Packaged Software,11.01,10.78,10.7,10.58,10.23,9.9,9.56,10.26,10.8,10.67,11.38,10.97,4.18,4.54,0.5,4218372.8,5191399.933333334,57157313.0,54907707.0,1.19,0.66,1731651221.3384337,6.89,126,16.35,100,32.17,173,18.47,1.68,2.92,0.71,0.82,8.0,0.092,11.08,True,True,True,True,True,True,True,False,True,True,False,True,False,False,False,False,2026-12-09,False,False,5,thin RVOL,"EMA, near21, BB",10,https://www.tradingview.com/chart/?symbol=NYSE:AI&interval=D,False,False,False
CLF,Cleveland-Cliffs Inc.,NYSE,Steel,11.32,11.82,11.99,11.89,11.91,11.58,10.86,11.38,11.64,11.8,11.89,11.26,4.96,5.35,0.61,16725089.1,14158880.7,160278530.0,168334933.0,0.85,1.66,6458513392.153443,-2.75,209,17.31,96,39.93,153,18.16,-0.92,-5.59,0.77,1.03,9.1,0.183,9.95,False,False,False,False,False,True,False,False,False,True,True,True,False,False,False,False,2026-10-26,False,False,4,"thin RVOL, below 200-MA",near21,3,https://www.tradingview.com/chart/?symbol=NYSE:CLF&interval=D,False,False,False
RMBS,"Rambus, Inc.",NASDAQ,Semiconductors,111.97,104.66,94.87,92.42,93.52,111.45,109.78,107.89,103.44,98.47,113.28,110.2,4.56,4.67,5.22,2423878.4,2371308.2333333334,265515383.0,219153145.0,0.38,3.43,12144445596.207102,33.22,27,-9.85,207,30.65,179,18.01,4.23,18.03,2.94,0.59,33.8,0.434,16.01,True,True,True,True,False,False,True,True,False,True,False,True,False,True,False,False,2026-11-02,False,True,4,">4x 50-MA, large gap","EMA, ADR",8,https://www.tradingview.com/chart/?symbol=NASDAQ:RMBS&interval=D,False,False,False
MMED,"MiniMed Group, Inc.",NASDAQ,Medical Specialties,19.7,20.26,21.35,21.19,20.33,17.18,,,20.27,20.68,19.98,19.29,4.04,4.49,0.88,3367757.8,2721295.533333333,53609522.0,57671056.0,1.47,-0.36,5542594026.056122,-13.52,312,28.42,72,38.05,159,17.65,-0.69,-7.75,1.05,0.78,46.4,0.229,21.2,False,False,False,False,False,True,True,False,False,True,False,True,False,False,True,False,2026-12-30,False,False,4,"thin RVOL, below 200-MA","near21, RVOL",4,https://www.tradingview.com/chart/?symbol=NASDAQ:MMED&interval=D,False,False,False
KSS,Kohl's Corporation,NYSE,Department Stores,18.81,18.06,17.67,17.83,18.31,17.16,16.07,16.9,18.17,17.96,19.3,18.76,4.56,4.89,0.92,3987202.0,4506295.466666667,84763418.0,80326219.0,0.84,1.27,2132610881.337209,3.98,160,-0.74,161,49.52,127,17.59,0.56,6.45,0.97,0.59,5.4,0.202,11.89,True,True,True,True,False,True,True,True,False,True,False,True,False,False,False,False,2026-11-12,False,False,5,thin RVOL,"EMA, near21, ADR",9,https://www.tradingview.com/chart/?symbol=NYSE:KSS&interval=D,False,False,False
TSEM,Tower Semiconductor Ltd.,NASDAQ,Semiconductors,240.86,231.87,221.42,218.03,224.35,239.82,220.1,196.69,230.66,225.75,249.49,240.54,4.47,5.59,13.46,1724268.2,1755512.6333333333,422832773.0,382754712.0,0.81,1.94,27175016245.213676,18.7,65,-0.61,160,34.56,165,17.55,1.32,8.78,1.2,0.66,2.4,0.251,17.91,True,True,True,True,False,True,True,False,False,True,False,True,False,True,False,False,2026-11-16,False,False,6,,"EMA, near21",8,https://www.tradingview.com/chart/?symbol=NASDAQ:TSEM&interval=D,False,False,False
IT,"Gartner, Inc.",NYSE,Internet Software/Services,184.8,184.35,184.01,187.77,182.25,163.72,161.12,173.09,186.07,185.36,192.74,184.6,4.15,4.71,8.7,873751.0,1074659.6666666667,198597106.0,201783472.0,0.59,-0.03,11669930833.04564,-2.26,204,36.16,57,18.67,202,17.53,0.3,0.43,0.06,0.94,2.3,0.162,12.57,True,True,False,True,True,True,True,False,False,True,False,True,False,True,False,False,2026-11-03,False,False,6,,near21,8,https://www.tradingview.com/chart/?symbol=NYSE:IT&interval=D,False,False,False
WK,Workiva Inc.,NYSE,Information Technology Services,71.23,69.54,71.57,73.26,69.91,60.0,59.28,63.8,69.81,70.8,73.46,70.05,4.37,4.48,3.19,1282667.9,1025376.0,73037532.0,75114602.0,2.84,5.0,3876086269.9754424,-6.91,234,40.24,51,19.15,200,17.49,0.42,-0.47,0.14,1.07,37.0,0.157,17.25,False,False,False,True,True,True,False,False,False,True,True,True,True,True,True,False,2026-11-04,False,True,5,large gap,"near21, RVOL",5,https://www.tradingview.com/chart/?symbol=NYSE:WK&interval=D,False,False,False
W,Wayfair Inc.,NYSE,Specialty Stores,101.25,101.34,101.28,101.08,100.42,89.88,84.54,88.25,101.19,101.06,106.0,99.24,4.57,4.86,4.92,2404053.9,2306827.3666666667,233566271.0,233164883.0,0.9,2.09,13868026546.389463,6.19,130,5.16,129,39.32,155,16.89,0.17,-0.03,0.04,1.38,40.9,0.104,16.59,False,False,True,True,True,True,False,False,False,True,True,True,False,True,False,False,2026-11-04,False,True,5,large gap,"EMA, near21",6,https://www.tradingview.com/chart/?symbol=NYSE:W&interval=D,False,False,False
FSLY,"Fastly, Inc.",NASDAQ,Information Technology Services,25.81,26.31,24.74,24.06,24.29,21.39,22.81,19.96,25.69,25.08,27.26,25.73,10.08,8.97,2.31,10490063.6,6846174.566666666,176699766.0,164723524.0,0.33,1.33,4111532983.373626,25.54,49,40.23,52,-16.2,314,16.52,0.7,4.31,0.32,0.66,3.5,0.33,24.58,False,False,True,True,False,True,True,True,False,True,False,True,False,False,False,False,2026-11-04,False,False,5,thin RVOL,"EMA, near21, ADR",7,https://www.tradingview.com/chart/?symbol=NASDAQ:FSLY&interval=D,False,False,False
HRI,Herc Holdings Inc.,NYSE,Finance/Rental/Leasing,138.37,134.45,137.78,142.13,150.69,146.47,135.66,141.35,134.27,138.38,139.35,132.46,5.42,5.7,7.88,657288.3,760854.2,105279396.0,108141729.0,0.45,1.43,4625909214.962838,-1.42,200,-1.99,168,51.84,123,16.14,-1.44,0.43,0.0,0.87,75.0,0.163,11.74,False,False,False,False,True,True,True,False,False,True,False,False,False,False,False,False,2026-10-15,False,False,3,"LoD>60% ATR, thin RVOL, below 200-MA",near21,4,https://www.tradingview.com/chart/?symbol=NYSE:HRI&interval=D,False,False,False
TH,Target Hospitality Corp.,NASDAQ,Hotels/Resorts/Cruise lines,18.84,20.33,19.93,19.32,18.07,18.06,16.09,13.97,19.89,19.64,19.45,18.65,4.81,5.55,1.05,2527372.1,2342022.6333333333,44123706.0,45243974.0,4.23,-6.45,1876905204.6503906,4.78,151,-4.66,185,48.11,131,16.08,0.77,-5.49,0.74,0.77,18.2,0.195,33.76,False,False,False,True,False,True,True,False,False,True,False,True,True,True,True,False,2026-11-11,False,True,5,large gap,"near21, RVOL",5,https://www.tradingview.com/chart/?symbol=NASDAQ:TH&interval=D,False,False,False
AFRM,"Affirm Holdings, Inc.",NASDAQ,Finance/Rental/Leasing,70.77,70.09,70.57,72.26,73.3,73.3,66.91,66.78,70.23,71.08,72.6,70.32,4.31,4.73,3.35,4048034.1,5283924.9,373943365.0,381822578.0,0.6,2.23,23879302108.180317,2.02,175,-16.3,247,61.54,106,15.75,-0.73,0.28,0.09,0.68,13.4,0.094,9.21,False,False,False,True,True,True,True,True,True,True,False,True,False,True,False,False,2026-11-11,False,True,5,large gap,"near21, ADR, BB",8,https://www.tradingview.com/chart/?symbol=NASDAQ:AFRM&interval=D,False,False,False
NAVN,"Navan, Inc.",NASDAQ,Packaged Software,21.43,20.56,21.85,24.14,25.61,23.93,20.3,18.59,21.09,22.26,22.02,21.12,4.58,5.63,1.21,3581349.9,4185030.566666667,89685205.0,101025243.0,0.6,2.0,5585418578.608837,-22.33,386,-9.23,205,78.14,82,15.53,-2.9,-1.92,0.67,0.75,25.7,0.414,32.74,False,False,False,True,True,True,True,False,False,True,False,True,False,False,False,False,2026-12-15,False,False,5,thin RVOL,near21,6,https://www.tradingview.com/chart/?symbol=NASDAQ:NAVN&interval=D,False,False,False
INFQ,"Infleqtion, Inc.",NYSE,Computer Processing Hardware,13.15,13.86,13.48,13.41,12.56,12.9,12.57,13.23,13.6,13.45,13.72,13.05,6.15,6.46,0.85,7459563.0,8266988.3,108710896.0,110882358.0,0.92,1.27,2963445004.738024,4.61,153,-3.94,181,45.63,135,15.43,0.73,-2.47,0.35,0.78,11.8,0.163,9.91,False,False,False,False,True,True,True,False,False,True,False,True,False,False,False,False,2026-12-02,False,False,4,"thin RVOL, below 200-MA",near21,5,https://www.tradingview.com/chart/?symbol=NYSE:INFQ&interval=D,False,False,False
ASAN,"Asana, Inc.",NYSE,Packaged Software,8.62,8.91,9.04,9.31,9.09,8.12,7.6,8.4,8.86,9.03,9.1,8.49,6.94,7.23,0.62,7647607.1,7665846.766666667,66079599.0,71361368.0,0.47,0.78,1973722503.3213887,-11.59,288,19.06,91,38.03,160,15.17,-0.72,-4.6,0.63,0.98,20.9,0.225,17.26,False,False,False,True,False,True,True,False,False,True,False,True,False,False,False,False,2026-12-08,False,False,5,thin RVOL,near21,5,https://www.tradingview.com/chart/?symbol=NYSE:ASAN&interval=D,False,False,False
EAT,"Brinker International, Inc.",NYSE,Restaurants,202.0,202.32,207.15,217.28,219.3,189.3,174.51,169.89,201.87,207.62,202.22,192.17,4.57,4.49,9.08,1163103.5,1306425.2,263897890.0,283857890.0,0.5,-0.02,8460014583.615499,-13.67,315,16.58,98,41.73,145,14.88,-1.76,-2.48,0.6,1.11,108.3,0.177,24.46,False,False,False,True,True,True,False,False,False,True,True,False,False,False,False,False,2026-11-04,False,False,4,"LoD>60% ATR, thin RVOL",near21,4,https://www.tradingview.com/chart/?symbol=NYSE:EAT&interval=D,False,False,False
IREN,IREN Limited,NASDAQ,Data Processing Services,41.76,43.95,44.07,42.54,41.39,46.35,45.41,45.57,42.73,42.99,43.91,40.95,5.93,6.54,2.73,34395186.4,38986363.333333336,1628070533.0,1658375933.0,1.2,3.0,16434124406.64797,16.66,74,-1.8,167,29.09,182,14.65,0.13,-5.25,0.44,1.08,29.6,0.213,11.86,False,False,False,False,False,True,False,False,False,True,True,True,False,True,False,False,2026-12-01,False,True,4,"below 200-MA, large gap",near21,3,https://www.tradingview.com/chart/?symbol=NASDAQ:IREN&interval=D,False,False,False
NVTS,Navitas Semiconductor Corporation,NASDAQ,Semiconductors,12.4,12.01,11.65,11.74,12.03,16.07,14.66,13.21,11.91,11.87,13.2,12.23,5.7,6.75,0.84,16852467.1,13649097.466666667,169248809.0,160226755.0,1.5,3.38,3237559063.39934,14.18,81,-24.48,310,52.71,121,14.14,0.46,6.43,0.67,1.15,20.3,0.179,35.61,False,True,True,False,False,True,False,False,False,True,True,True,False,False,True,False,2026-11-09,False,True,3,"thin RVOL, below 200-MA, large gap","EMA, near21, RVOL",5,https://www.tradingview.com/chart/?symbol=NASDAQ:NVTS&interval=D,False,False,False
BULL,Webull Corporation,NASDAQ,Packaged Software,7.34,7.4,8.13,8.47,8.13,7.49,6.97,7.07,7.43,7.84,7.61,7.24,5.29,6.03,0.44,10815647.4,15192774.966666667,111514968.0,128723318.0,1.05,3.06,3888470816.071124,-19.25,358,0.55,154,60.96,107,14.09,-1.61,-9.72,1.06,0.83,22.6,0.461,15.83,False,False,False,True,False,True,True,False,False,True,False,True,False,False,False,False,2026-11-19,False,True,4,"thin RVOL, large gap",near21,5,https://www.tradingview.com/chart/?symbol=NASDAQ:BULL&interval=D,False,False,False
SM,SM Energy Company,NYSE,Integrated Oil,35.24,34.27,36.18,36.43,34.78,32.56,31.24,28.36,34.84,35.37,35.35,34.13,4.14,4.22,1.49,3555094.5,3891131.433333333,137123472.0,141747433.0,0.49,-2.37,8381977576.363948,-6.03,230,34.2,64,13.53,218,13.9,0.31,-2.6,0.09,0.82,74.6,0.24,22.18,False,False,False,True,True,True,True,False,False,True,False,False,False,False,False,False,2026-10-29,False,True,3,"LoD>60% ATR, thin RVOL, large gap",near21,5,https://www.tradingview.com/chart/?symbol=NYSE:SM&interval=D,False,False,False
PGY,Pagaya Technologies Ltd.,NASDAQ,Packaged Software,17.98,18.38,19.8,20.56,20.32,17.98,16.18,16.94,18.34,19.29,18.28,17.53,5.6,6.12,1.1,2919625.7999999956,2400458.733333333,43160248.0,49361433.0,0.84,2.24,1499996740.7305048,-13.89,317,-3.95,182,59.26,109,13.8,-1.88,-9.17,1.11,0.69,40.9,0.366,23.03,False,False,False,True,False,True,True,False,False,True,False,True,False,False,False,False,2026-11-17,False,True,4,"thin RVOL, large gap",near21,5,https://www.tradingview.com/chart/?symbol=NASDAQ:PGY&interval=D,False,False,False
SNAP,Snap Inc.,NYSE,Packaged Software,5.58,5.47,5.53,5.52,5.35,5.23,5.23,5.63,5.49,5.49,5.79,5.47,4.55,4.96,0.28,31293676.7,34724162.93333333,193760829.0,191781552.0,0.95,1.24,9436883745.727434,5.28,144,17.72,94,17.72,209,13.58,0.85,0.88,0.34,1.16,39.7,0.126,7.16,False,True,True,False,True,True,False,False,False,True,True,True,False,False,False,False,2026-11-03,False,False,4,"thin RVOL, below 200-MA","EMA, near21",6,https://www.tradingview.com/chart/?symbol=NYSE:SNAP&interval=D,False,False,False
AAOI,"Applied Optoelectronics, Inc.",NASDAQ,Semiconductors,115.59,103.88,103.18,105.23,111.15,133.22,131.27,108.79,104.65,105.29,117.7,106.32,6.04,7.36,8.51,7698153.4,7280258.5,841525080.0,766116162.0,1.46,2.73,9814317818.97708,13.22,87,-14.91,236,41.65,146,13.32,0.54,12.03,1.33,1.34,109.0,0.209,25.99,False,True,False,True,False,True,False,False,False,True,True,False,False,False,True,False,2026-11-05,False,True,3,"LoD>60% ATR, thin RVOL, large gap","near21, RVOL",4,https://www.tradingview.com/chart/?symbol=NASDAQ:AAOI&interval=D,False,False,False
MDB,"MongoDB, Inc.",NASDAQ,Packaged Software,357.96,382.54,377.89,391.23,389.67,362.36,328.21,342.87,369.43,380.11,360.83,336.36,6.55,7.53,26.97,4592800.0,2850141.1666666665,1020236532.0,1115072129.0,0.61,0.44,28835949469.054558,-5.61,224,-0.15,158,45.57,136,13.27,-1.08,-5.27,0.77,0.91,80.1,0.298,17.17,False,False,False,True,False,True,True,False,False,True,False,False,False,True,False,False,2026-12-07,False,False,5,LoD>60% ATR,near21,4,https://www.tradingview.com/chart/?symbol=NASDAQ:MDB&interval=D,False,False,False
MARA,"MARA Holdings, Inc.",NASDAQ,Data Processing Services,11.23,12.36,12.04,11.73,11.25,12.26,11.5,10.97,11.88,11.86,12.24,11.05,7.18,7.61,0.86,37847957.9,46871615.03333333,526368237.0,549694677.0,1.0,3.84,4338141338.35504,12.19,97,-17.61,258,44.31,139,12.96,-0.02,-6.7,0.69,1.39,21.1,0.27,12.36,False,False,False,True,False,True,False,False,False,True,True,True,False,False,False,False,2026-11-11,False,True,4,"thin RVOL, large gap",near21,4,https://www.tradingview.com/chart/?symbol=NASDAQ:MARA&interval=D,False,False,False
BLSH,Bullish,NYSE,Packaged Software,34.23,37.38,36.35,35.19,30.78,29.61,32.62,33.44,36.0,35.43,37.61,33.95,7.32,7.08,2.42,1151110.3,1493415.1666666667,51119601.0,52549795.0,0.58,3.51,5144844452.601609,5.13,145,31.65,68,0.65,246,12.48,1.58,-5.84,0.48,1.51,11.6,0.257,22.71,False,False,False,True,False,True,False,False,False,True,True,True,False,False,False,False,2026-11-25,False,True,4,"thin RVOL, large gap",near21,4,https://www.tradingview.com/chart/?symbol=NYSE:BLSH&interval=D,False,False,False
WTTR,"Select Water Solutions, Inc.",NYSE,Oil & Gas Production,19.95,19.88,20.17,19.96,19.95,19.51,18.1,16.56,19.93,20.01,20.47,19.86,4.25,4.32,0.86,2142711.7,1695020.9,33815667.0,33833182.0,1.01,0.0,2572410670.7388916,0.96,184,4.61,131,31.25,176,12.28,-0.0,-1.08,0.06,0.71,10.4,0.087,18.09,False,False,False,True,True,True,True,True,True,True,False,True,False,False,False,False,2026-11-03,False,False,5,thin RVOL,"near21, ADR, BB",8,https://www.tradingview.com/chart/?symbol=NYSE:WTTR&interval=D,False,False,False
ARXS,"Arxis, Inc.",NASDAQ,Aerospace & Defense,50.03,49.94,50.66,51.34,52.35,46.84,,,49.72,50.52,50.41,48.33,4.74,4.85,2.43,1413709.7,951362.6,47596671.0,48844859.0,1.37,4.1,21554241917.801765,-2.72,208,7.59,121,31.66,174,12.18,-0.91,-1.24,0.2,0.86,70.0,0.126,10.99,False,False,False,False,True,True,True,False,False,True,False,False,False,True,True,False,2026-12-02,False,True,3,"LoD>60% ATR, below 200-MA, large gap","near21, RVOL",4,https://www.tradingview.com/chart/?symbol=NASDAQ:ARXS&interval=D,False,False,False
BTBT,"Bit Digital, Inc.",NASDAQ,Miscellaneous Commercial Services,1.63,1.72,1.65,1.6,1.52,1.67,1.64,1.73,1.66,1.64,1.76,1.6,6.65,7.46,0.12,23483688.4,28973190.833333332,47226301.0,46376421.0,0.81,4.63,587832630.154321,21.64,57,-10.44,209,24.43,186,11.88,0.95,-1.3,0.07,1.27,24.7,0.275,12.64,False,False,False,False,True,True,False,False,False,True,True,True,False,False,False,False,2026-11-12,False,True,3,"thin RVOL, below 200-MA, large gap",near21,4,https://www.tradingview.com/chart/?symbol=NASDAQ:BTBT&interval=D,False,False,False
TTMI,"TTM Technologies, Inc.",NASDAQ,Electronic Components,131.87,126.17,123.1,120.74,123.06,147.97,137.52,125.23,125.44,123.97,134.57,127.32,5.12,5.88,7.75,1967178.8,1983193.4,261523714.0,239460026.0,0.77,1.84,13892355397.249249,15.45,79,-26.02,318,46.15,133,11.86,1.22,7.12,1.08,0.93,58.7,0.18,18.89,False,True,True,True,False,True,True,False,False,True,False,True,False,True,False,False,2026-11-04,False,False,6,,"EMA, near21",7,https://www.tradingview.com/chart/?symbol=NASDAQ:TTMI&interval=D,False,False,False
POET,POET Technologies Inc.,NASDAQ,Electrical Products,7.79,7.79,7.75,7.74,7.88,9.67,8.95,8.35,7.7,7.75,8.2,7.66,4.69,6.03,0.47,8104367.0,7907755.199999968,61601413.0,61166486.0,1.06,2.09,1348122499.0759163,9.26,116,-19.69,273,45.88,134,11.82,-0.19,0.5,0.08,1.15,27.7,0.158,24.61,False,False,False,False,True,True,False,False,False,True,True,True,False,False,False,False,2026-11-12,False,True,3,"thin RVOL, below 200-MA, large gap",near21,4,https://www.tradingview.com/chart/?symbol=NASDAQ:POET&interval=D,False,False,False
PAY,"Paymentus Holdings, Inc.",NYSE,Miscellaneous Commercial Services,30.83,31.01,33.54,34.83,36.07,30.28,28.88,28.63,31.45,33.01,31.52,30.28,4.77,4.96,1.53,1408541.8,1196928.2,36901296.0,41684620.0,0.82,-0.91,3882719239.889971,-11.51,284,20.29,86,25.94,184,11.57,-2.93,-8.07,1.33,0.81,36.0,0.326,24.14,False,False,False,True,False,True,True,False,False,True,False,True,False,False,False,False,2026-11-09,False,False,5,thin RVOL,near21,5,https://www.tradingview.com/chart/?symbol=NYSE:PAY&interval=D,False,False,False
KMX,CarMax Inc,NYSE,Specialty Stores,54.92,56.74,58.47,59.78,59.29,53.98,49.72,48.19,56.8,57.94,56.38,54.15,5.06,4.73,2.6,4795785.3,2738841.7333333334,150417188.0,163737088.0,0.59,0.68,7795499043.738773,-9.69,262,5.76,127,38.56,156,11.55,-1.56,-6.07,1.1,0.86,29.7,0.155,20.21,False,False,False,True,False,True,True,False,False,True,False,True,False,False,False,False,2026-12-17,False,False,5,thin RVOL,near21,5,https://www.tradingview.com/chart/?symbol=NYSE:KMX&interval=D,False,False,False
WRBY,Warby Parker Inc.,NYSE,Specialty Stores,27.03,25.69,25.0,25.04,25.64,26.06,25.22,25.21,26.16,25.56,28.14,26.84,6.21,6.08,1.64,4232492.2,3037976.7333333334,82116511.0,76082077.0,0.65,0.51,3341125499.5645695,12.16,98,-8.56,201,31.02,177,11.54,0.89,8.14,0.95,0.79,11.9,0.253,3.95,True,True,True,True,False,True,True,False,False,True,False,True,False,False,False,True,2026-11-05,False,False,5,thin RVOL,"EMA, near21",9,https://www.tradingview.com/chart/?symbol=NYSE:WRBY&interval=D,False,False,False
CRWV,"CoreWeave, Inc.",NASDAQ,Packaged Software,89.62,87.31,87.19,86.58,86.7,92.5,93.84,92.28,87.27,87.01,92.8,88.55,4.8,5.76,5.16,26760608.6,26159982.2,2344457605.0,2264809179.0,0.76,2.69,49428708629.869484,11.9,100,3.88,137,18.29,207,11.36,0.59,2.78,0.52,0.82,20.7,0.209,7.96,False,True,True,False,True,True,True,False,False,True,False,True,False,True,False,False,2026-11-16,False,True,4,"below 200-MA, large gap","EMA, near21",7,https://www.tradingview.com/chart/?symbol=NASDAQ:CRWV&interval=D,False,False,False
BLLN,"BillionToOne, Inc.",NASDAQ,Medical/Nursing Services,105.9,114.03,108.03,103.85,107.58,107.17,97.78,95.19,110.91,108.84,109.38,102.91,6.95,6.57,6.96,621486.8,624397.7,66123716.0,64845887.0,0.54,0.6,4997107244.214259,13.64,83,-14.26,229,32.47,172,10.62,-0.24,-1.97,0.41,0.93,42.9,0.315,17.79,False,False,False,True,True,True,True,False,False,True,False,True,False,False,False,False,2026-12-15,False,False,5,thin RVOL,near21,6,https://www.tradingview.com/chart/?symbol=NASDAQ:BLLN&interval=D,False,False,False
SHLS,"Shoals Technologies Group, Inc.",NASDAQ,Semiconductors,8.3,7.83,7.53,7.35,7.83,9.08,8.36,8.58,7.84,7.69,8.53,8.12,5.1,5.57,0.46,3856390.3,4529175.766666667,37592159.0,33298500.0,0.93,1.97,1396889665.1414514,24.62,51,-16.92,254,23.88,187,10.53,1.07,10.27,1.44,0.89,38.9,0.221,18.76,False,True,True,False,False,True,True,False,False,True,False,True,False,False,False,False,2026-11-10,False,False,4,"thin RVOL, below 200-MA","EMA, near21",6,https://www.tradingview.com/chart/?symbol=NASDAQ:SHLS&interval=D,False,False,False
SEZL,Sezzle Inc.,NASDAQ,Packaged Software,107.41,109.6,113.85,116.37,126.78,134.99,114.67,103.08,110.12,114.06,114.27,106.53,4.9,5.5,5.91,603100.0,460187.9000000002,49428782.0,53551836.0,1.11,2.12,3617033186.179829,-5.7,226,-38.95,378,75.82,84,10.39,-2.78,-5.66,1.06,1.31,14.9,0.172,29.7,False,False,False,True,False,True,False,False,False,True,True,True,False,False,False,False,2026-11-05,False,True,4,"thin RVOL, large gap",near21,4,https://www.tradingview.com/chart/?symbol=NASDAQ:SEZL&interval=D,False,False,False
HIMS,"Hims & Hers Health, Inc.",NYSE,Medical/Nursing Services,29.0,29.24,28.59,29.11,29.29,29.77,27.67,27.54,29.06,29.03,30.61,28.55,5.64,5.98,1.74,10753779.7,10046029.033333333,291334842.0,292396372.0,0.94,2.66,6766088830.614334,2.36,173,-22.94,297,50.18,126,9.87,-0.17,1.45,0.01,1.19,25.9,0.113,7.67,False,False,False,True,True,True,False,False,False,True,True,True,False,False,False,False,2026-11-09,False,True,4,"thin RVOL, large gap",near21,5,https://www.tradingview.com/chart/?symbol=NYSE:HIMS&interval=D,False,False,False
AUGO,Aura Minerals Inc.,NASDAQ,Other Metals/Minerals,81.95,83.05,84.7,85.25,78.32,71.49,75.98,72.77,82.04,82.9,82.98,80.14,4.54,5.26,4.31,974207.2000000014,1011830.7666666654,82919531.0,86257392.0,0.8,2.38,6866527294.048827,-1.27,197,28.35,73,1.17,244,9.42,0.88,-3.25,0.22,0.66,42.0,0.179,16.13,False,False,False,True,False,True,True,False,False,True,False,True,False,False,False,False,2026-11-05,False,True,4,"thin RVOL, large gap",near21,5,https://www.tradingview.com/chart/?symbol=NASDAQ:AUGO&interval=D,False,False,False
GDDY,GoDaddy Inc.,NYSE,Data Processing Services,97.21,97.48,97.93,98.34,96.66,91.29,89.21,93.42,97.01,97.45,97.4,95.62,5.0,4.78,4.65,3181478.4,2388863.1666666665,232221388.0,234914434.0,0.48,-0.1,12311423837.177149,-3.15,214,11.06,108,20.15,197,9.35,0.12,-0.73,0.05,0.38,34.2,0.136,8.97,False,False,False,True,True,True,True,True,False,True,False,True,False,True,False,False,2026-10-29,False,False,6,,"near21, ADR",7,https://www.tradingview.com/chart/?symbol=NYSE:GDDY&interval=D,False,False,False
WLTH,Wealthfront Corporation,NASDAQ,Packaged Software,10.03,10.11,10.15,9.84,9.66,9.79,9.75,9.9,10.15,10.02,10.84,10.0,5.04,4.98,0.5,2528707.6,3074866.6333333333,30840912.0,30266937.0,0.45,1.25,1566449649.8688524,13.21,88,6.14,125,8.67,231,9.34,0.77,-1.14,0.01,1.68,6.0,0.145,4.83,False,False,False,True,True,True,False,False,False,True,True,True,False,False,False,True,2027-01-12,False,False,5,thin RVOL,near21,6,https://www.tradingview.com/chart/?symbol=NASDAQ:WLTH&interval=D,False,False,False
VCYT,"Veracyte, Inc.",NASDAQ,Medical Specialties,45.81,45.0,43.1,43.29,44.95,48.22,43.35,42.51,44.75,44.14,46.09,44.41,5.73,5.26,2.41,1601971.7,1424673.7333333334,65264304.0,61681012.0,0.59,1.7,3682699309.4745417,5.29,143,-23.55,302,45.52,137,9.09,0.37,6.29,0.72,0.7,58.1,0.234,12.46,False,True,True,True,False,True,True,True,False,True,False,True,False,False,False,False,2026-11-10,False,False,5,thin RVOL,"EMA, near21, ADR",8,https://www.tradingview.com/chart/?symbol=NASDAQ:VCYT&interval=D,False,False,False
AUR,"Aurora Innovation, Inc.",NASDAQ,Packaged Software,5.67,5.88,6.15,6.04,6.26,6.45,5.92,5.54,5.79,5.98,5.68,5.49,6.32,6.15,0.35,35643905.5,32237588.966666665,182787129.0,194725783.0,0.38,2.54,11363508450.684782,4.04,159,-19.69,272,42.11,143,8.82,-1.53,-7.78,0.85,0.55,51.7,0.266,16.13,False,False,False,True,False,True,True,True,False,True,False,True,False,True,False,False,2026-11-04,False,True,5,large gap,"near21, ADR",6,https://www.tradingview.com/chart/?symbol=NASDAQ:AUR&interval=D,False,False,False
GLXY,Galaxy Digital Inc.,NASDAQ,Investment Banks/Brokers,23.06,24.36,24.31,24.31,23.0,25.67,24.88,24.88,23.68,23.91,24.55,22.88,6.46,7.12,1.64,4865056.3,5196584.066666666,119833229.0,126325494.0,0.98,3.56,9013902523.788012,0.22,189,-12.55,216,37.84,161,8.5,0.03,-5.16,0.5,1.02,11.0,0.254,11.55,False,False,False,False,False,True,False,False,False,True,True,True,False,False,False,False,2026-10-27,False,True,3,"thin RVOL, below 200-MA, large gap",near21,3,https://www.tradingview.com/chart/?symbol=NASDAQ:GLXY&interval=D,False,False,False
COIN,"Coinbase Global, Inc.",NASDAQ,Investment Banks/Brokers,183.0,193.51,185.86,185.14,172.84,170.95,177.65,185.41,188.8,185.88,200.35,180.81,5.94,6.31,11.55,8237757.5,10104395.366666667,1849104352.0,1870687341.0,1.41,2.83,48282171000.00001,4.99,148,10.78,109,9.17,228,8.32,0.93,-1.54,0.25,1.69,19.0,0.231,12.32,False,False,False,False,True,True,False,False,False,True,True,True,False,True,True,False,2026-10-29,False,True,4,"below 200-MA, large gap","near21, RVOL",4,https://www.tradingview.com/chart/?symbol=NASDAQ:COIN&interval=D,False,False,False
HHH,Howard Hughes Holdings Inc.,NYSE,Real Estate Development,71.04,69.4,65.77,65.5,65.86,66.72,66.0,69.6,69.72,67.55,73.77,70.58,4.17,3.62,2.57,1047923.3,747341.8333333333,53091164.0,48950890.0,0.59,0.78,4242470261.342215,12.23,96,-2.36,170,14.4,214,8.09,2.17,8.01,1.43,1.24,17.9,0.284,5.39,True,True,True,True,False,True,False,False,False,True,True,True,False,False,False,False,2026-11-09,False,False,5,thin RVOL,"EMA, near21",7,https://www.tradingview.com/chart/?symbol=NYSE:HHH&interval=D,False,False,False
RDW,Redwire Corporation,NYSE,Aerospace & Defense,10.88,11.17,11.0,11.0,11.09,12.56,11.55,11.05,10.95,11.04,11.36,10.58,6.49,6.85,0.75,13249574.3,12312755.266666668,133962777.0,135395161.0,1.03,2.46,2719919570.3462634,6.04,132,-8.72,202,25.35,185,7.55,-0.28,-1.06,0.21,1.04,39.6,0.155,14.38,False,False,False,False,True,True,False,False,False,True,True,True,False,False,False,False,2026-11-11,False,True,3,"thin RVOL, below 200-MA, large gap",near21,4,https://www.tradingview.com/chart/?symbol=NYSE:RDW&interval=D,False,False,False
MAT,"Mattel, Inc.",NASDAQ,Recreational Products,15.27,13.53,13.64,14.04,14.35,14.31,14.56,15.89,13.86,13.84,15.37,14.61,4.85,4.83,0.74,9720185.5,5822451.0,88908827.0,81732656.0,2.19,0.63,4362639175.645613,4.59,154,10.33,111,6.41,235,7.11,1.33,11.96,2.15,1.03,89.5,0.196,15.42,False,True,True,False,False,False,False,False,False,False,True,False,True,True,True,False,2026-10-27,False,False,4,"LoD>60% ATR, below 200-MA","EMA, RVOL",3,https://www.tradingview.com/chart/?symbol=NASDAQ:MAT&interval=D,False,False,False
VOYG,"Voyager Technologies, Inc.",NYSE,Information Technology Services,30.93,32.41,33.46,33.79,34.35,35.39,32.8,31.89,31.89,33.05,31.47,29.54,7.45,7.97,2.46,3630273.8,2094257.4333333333,64775382.0,70769147.0,0.38,1.47,1887628771.4062185,-6.58,232,-8.49,200,36.26,162,7.06,-1.25,-7.56,0.81,0.78,56.4,0.28,11.32,False,False,False,False,False,True,True,False,False,True,False,True,False,False,False,False,2026-11-09,False,False,4,"thin RVOL, below 200-MA",near21,4,https://www.tradingview.com/chart/?symbol=NYSE:VOYG&interval=D,False,False,False
CCC,CCC Intelligent Solutions Holdings Inc.,NASDAQ,Packaged Software,6.56,6.65,6.73,6.95,6.81,5.92,5.82,6.14,6.66,6.74,6.64,6.44,4.25,4.6,0.3,10967379.4,10687924.933333334,70112788.0,74249015.0,0.52,0.15,3863805099.2145014,-10.63,271,19.27,89,10.62,226,6.42,-0.81,-2.45,0.57,0.66,38.1,0.147,15.18,False,False,False,True,True,True,True,True,False,True,False,True,False,False,False,False,2026-10-29,False,False,5,thin RVOL,"near21, ADR",7,https://www.tradingview.com/chart/?symbol=NASDAQ:CCC&interval=D,False,False,False
ICHR,Ichor Holdings,NASDAQ,Industrial Machinery,62.92,59.28,57.0,56.57,61.9,72.84,67.08,58.15,59.66,58.77,65.93,62.22,4.11,5.37,3.38,709174.3,676524.5,42566922.0,38272795.0,0.97,4.05,2356620213.6338034,21.33,60,-44.42,393,41.52,147,6.14,0.31,10.38,1.32,1.1,20.9,0.238,25.17,False,True,True,True,False,True,False,False,False,True,True,True,False,False,False,False,2026-11-09,False,True,4,"thin RVOL, large gap","EMA, near21",6,https://www.tradingview.com/chart/?symbol=NASDAQ:ICHR&interval=D,False,False,False
QUBT,Quantum Computing Inc.,NASDAQ,Information Technology Services,8.18,8.73,8.42,8.37,8.43,9.17,8.81,9.18,8.51,8.49,8.76,8.11,4.78,5.2,0.43,7639857.3,6998453.966666667,57247353.0,58567728.0,0.91,4.11,1851517413.8569727,4.74,152,-14.3,230,27.81,183,6.08,-0.56,-2.83,0.69,1.53,16.5,0.208,9.37,False,False,False,False,True,True,False,False,False,True,True,True,False,False,False,False,2026-11-18,False,True,3,"thin RVOL, below 200-MA, large gap",near21,4,https://www.tradingview.com/chart/?symbol=NASDAQ:QUBT&interval=D,False,False,False
JHX,James Hardie Industries plc.,NYSE,Construction Materials,24.99,25.9,26.94,27.87,28.24,25.99,24.17,23.9,25.8,26.69,25.64,24.95,4.11,3.88,0.97,11104807.6,11473220.933333334,286715791.0,319720423.0,0.36,1.19,14507258263.691666,-12.44,299,-2.59,173,33.28,167,6.08,-2.96,-7.24,1.64,0.71,4.1,0.233,17.37,False,False,False,True,False,False,True,True,False,True,False,True,False,True,False,False,2026-11-09,False,False,6,,ADR,5,https://www.tradingview.com/chart/?symbol=NYSE:JHX&interval=D,False,False,False
RELY,"Remitly Global, Inc.",NASDAQ,Miscellaneous Commercial Services,21.77,21.35,22.12,23.55,23.84,22.79,21.33,19.51,21.65,22.32,22.48,21.74,4.02,4.55,0.99,3896989.2,3995982.1,86992530.0,94087397.0,0.94,1.49,4608361703.635941,-15.24,327,-5.06,187,38.31,158,6.0,-1.91,-1.58,0.54,0.75,3.5,0.242,19.86,False,False,False,True,True,True,True,False,False,True,False,True,False,False,False,False,2026-11-04,False,False,5,thin RVOL,near21,6,https://www.tradingview.com/chart/?symbol=NASDAQ:RELY&interval=D,False,False,False
FIGS,"FIGS, Inc.",NYSE,Apparel/Footwear,13.52,13.31,13.35,13.94,13.36,12.29,13.22,12.77,13.54,13.53,14.1,13.5,4.68,4.94,0.67,2614786.0,2622319.033333333,35453753.0,36550757.0,0.84,0.0,2246216017.721591,-11.46,283,34.53,63,-5.12,264,5.98,0.25,1.26,0.02,0.89,2.2,0.17,7.87,True,True,False,True,True,True,True,False,False,True,False,True,False,False,False,False,2026-11-05,False,False,5,thin RVOL,near21,8,https://www.tradingview.com/chart/?symbol=NYSE:FIGS&interval=D,False,False,False
STRL,"Sterling Infrastructure, Inc.",NASDAQ,Engineering & Construction,533.42,510.08,500.98,494.58,521.37,657.0,598.17,539.12,508.33,506.94,537.01,513.87,4.06,4.96,26.44,432422.0,530765.6666666666,283121022.0,262507853.0,1.28,2.29,16316527190.07701,17.15,69,-32.06,356,32.55,171,5.88,0.47,6.48,1.05,0.88,73.9,0.136,29.25,False,True,True,False,False,True,True,False,False,True,False,False,False,True,True,False,2026-11-09,False,True,3,"LoD>60% ATR, below 200-MA, large gap","EMA, near21, RVOL",5,https://www.tradingview.com/chart/?symbol=NASDAQ:STRL&interval=D,False,False,False
AMBA,"Ambarella, Inc.",NASDAQ,Semiconductors,68.65,69.19,67.35,68.02,72.11,72.95,68.13,68.12,68.9,68.81,71.5,68.36,5.31,5.77,3.96,1408763.6,1693553.7,116262462.0,115198345.0,0.96,1.7,3030277868.8108115,1.21,181,-22.08,289,38.49,157,5.87,-0.83,1.93,0.04,0.79,7.2,0.155,8.16,False,False,False,True,True,True,True,False,False,True,False,True,False,False,False,False,2026-12-01,False,False,5,thin RVOL,near21,6,https://www.tradingview.com/chart/?symbol=NASDAQ:AMBA&interval=D,False,False,False
WYFI,"WhiteFiber, Inc.",NASDAQ,Data Processing Services,17.93,18.98,18.77,18.9,21.4,26.17,22.68,21.54,18.5,19.1,19.22,17.75,6.71,8.85,1.59,1234434.0,1732682.8,31067003.0,32743662.0,1.21,2.97,696546734.5686499,4.34,157,-50.07,399,63.0,104,5.76,-1.83,-4.47,0.69,0.92,11.3,0.224,41.27,False,False,False,False,False,True,True,False,False,True,False,True,False,False,True,False,2026-11-12,False,True,3,"thin RVOL, below 200-MA, large gap","near21, RVOL",4,https://www.tradingview.com/chart/?symbol=NASDAQ:WYFI&interval=D,False,False,False
GENI,Genius Sports Limited,NYSE,Internet Software/Services,6.02,5.99,6.37,6.82,7.12,6.55,5.94,6.67,6.06,6.38,6.14,5.71,7.14,7.27,0.44,8956014.0,6685939.7,40249357.0,45613709.0,0.8,1.58,1671314390.5598593,-16.16,334,-5.35,188,35.89,163,4.8,-2.13,-5.51,0.77,0.98,70.9,0.334,19.55,False,False,False,False,False,True,True,False,False,True,False,False,False,False,False,False,2026-11-11,False,False,3,"LoD>60% ATR, thin RVOL, below 200-MA",near21,3,https://www.tradingview.com/chart/?symbol=NYSE:GENI&interval=D,False,False,False
CECO,CECO Environmental Corp.,NASDAQ,Industrial Machinery,73.66,72.46,72.89,72.34,72.22,78.78,73.78,72.01,72.17,72.45,75.23,73.55,4.25,5.06,3.73,610596.6,677015.4333333333,49868957.0,48974732.0,1.16,2.52,4314253698.195631,4.32,158,-13.9,228,22.66,190,4.36,0.39,1.06,0.33,0.45,2.9,0.171,9.19,False,True,False,True,True,True,True,True,False,True,False,True,False,False,False,False,2026-11-09,False,True,4,"thin RVOL, large gap","near21, ADR",8,https://www.tradingview.com/chart/?symbol=NASDAQ:CECO&interval=D,False,False,False
CRCL,"Circle Internet Group, Inc.",NYSE,Packaged Software,81.25,87.86,89.59,90.26,81.4,82.81,90.47,86.05,85.84,87.05,88.4,80.14,6.85,7.54,6.13,11334236.9,15062994.433333334,1223868298.0,1359545710.0,1.11,3.46,20727924178.47666,-7.41,238,27.33,75,-7.09,272,4.28,-0.02,-9.31,0.88,1.35,18.1,0.26,11.16,False,False,False,False,False,True,False,False,False,True,True,True,False,True,False,False,2026-11-18,False,True,4,"below 200-MA, large gap",near21,3,https://www.tradingview.com/chart/?symbol=NYSE:CRCL&interval=D,False,False,False
FDS,FactSet Research Systems Inc.,NYSE,Financial Publishing/Services,266.0,272.55,275.57,285.32,282.61,260.52,246.78,249.09,272.1,276.53,275.44,264.47,4.16,4.6,12.24,843190.2,908843.8666666667,241752469.0,259310726.0,0.63,-0.78,9460434239.436619,-11.77,291,6.4,124,18.2,208,4.27,-1.28,-3.47,0.83,0.9,12.5,0.143,13.47,False,False,False,True,False,True,True,False,False,True,False,True,False,False,False,False,2026-12-17,False,False,5,thin RVOL,near21,5,https://www.tradingview.com/chart/?symbol=NYSE:FDS&interval=D,False,False,False
GNRC,Generac Holdings Inc.,NYSE,Electrical Products,216.8,206.58,197.02,195.66,200.8,229.27,225.21,212.59,206.25,201.95,218.59,211.02,4.32,4.58,9.93,1144456.8,1350556.8333333333,292800721.0,264255802.0,0.83,1.85,12805061187.406092,19.32,64,-19.77,274,13.15,219,4.23,1.74,10.04,1.61,0.76,58.3,0.263,14.88,False,True,True,True,False,False,True,False,False,False,False,True,False,True,False,False,2026-11-04,False,False,6,,EMA,6,https://www.tradingview.com/chart/?symbol=NYSE:GNRC&interval=D,False,False,False
WDC,Western Digital Corporation,NASDAQ,Computer Peripherals,415.29,453.26,449.44,450.54,466.16,512.2,454.89,400.02,447.23,451.28,427.71,396.57,5.51,6.98,28.98,8567549.900000002,6998052.1,2906221057.0,3152904726.0,3.32,-8.51,149729039568.01953,-6.66,233,-30.26,348,49.29,128,4.12,-1.56,-7.6,1.14,1.07,64.6,0.181,27.01,False,False,False,True,False,True,False,False,False,True,True,False,True,True,True,False,2026-10-22,False,True,4,"LoD>60% ATR, large gap","near21, RVOL",3,https://www.tradingview.com/chart/?symbol=NASDAQ:WDC&interval=D,False,False,False
IDYA,"IDEAYA Biosciences, Inc.",NASDAQ,Pharmaceuticals: Major,37.36,37.91,38.08,38.92,38.0,35.3,34.1,34.07,37.87,38.11,38.54,37.0,4.03,4.02,1.5,949290.9,827444.8333333334,30913339.0,32201395.0,0.51,1.88,3604847353.4154983,-7.06,235,2.55,146,16.68,210,4.06,-0.42,-1.9,0.49,1.03,24.0,0.086,10.73,False,False,False,True,True,True,False,False,True,True,True,True,False,False,False,False,2026-11-10,False,False,5,thin RVOL,"near21, BB",6,https://www.tradingview.com/chart/?symbol=NASDAQ:IDYA&interval=D,False,False,False
ACHC,"Acadia Healthcare Company, Inc.",NASDAQ,Medical/Nursing Services,28.06,28.06,28.1,28.32,29.17,28.32,27.28,24.17,27.9,28.19,28.32,26.76,4.13,4.57,1.28,1537932.8,1452469.8,40756303.0,41137334.0,0.87,1.26,2612393693.837356,-0.46,193,-10.92,211,23.45,189,4.02,-0.83,-0.14,0.1,1.22,101.3,0.074,17.83,False,False,False,True,True,True,False,False,True,True,True,False,False,False,False,False,2026-11-04,False,False,4,"LoD>60% ATR, thin RVOL","near21, BB",5,https://www.tradingview.com/chart/?symbol=NASDAQ:ACHC&interval=D,False,False,False
WIX,Wix.com Ltd.,NASDAQ,Packaged Software,72.62,75.04,76.52,79.43,73.9,62.24,68.47,72.94,74.33,75.85,74.03,71.04,6.32,6.58,4.78,1080771.9,1263248.9666666666,91737140.0,100345761.0,0.63,0.86,3039111367.192639,-17.32,344,48.2,38,-19.31,322,3.86,-0.26,-5.09,0.65,0.63,33.1,0.212,19.66,False,False,False,False,False,True,True,True,False,True,False,True,False,False,False,False,2026-11-05,False,False,4,"thin RVOL, below 200-MA","near21, ADR",5,https://www.tradingview.com/chart/?symbol=NASDAQ:WIX&interval=D,False,False,False
WAY,Waystar Holding Corp.,NASDAQ,Packaged Software,24.81,25.18,25.09,25.19,24.62,22.44,22.95,24.38,25.18,25.13,25.57,24.63,4.36,4.44,1.1,1693033.1,2209636.7,54821087.0,55664431.0,0.93,-0.32,4757278579.128993,-3.87,218,10.32,112,4.38,240,3.61,0.17,-1.11,0.29,0.85,16.3,0.151,11.01,False,False,False,True,True,True,True,False,False,True,False,True,False,False,False,False,2026-11-11,False,False,5,thin RVOL,near21,6,https://www.tradingview.com/chart/?symbol=NASDAQ:WAY&interval=D,False,False,False
RKLB,Rocket Lab Corporation,NASDAQ,Aerospace & Defense,73.92,71.57,67.8,67.17,69.76,87.01,82.98,81.41,70.71,69.57,76.09,71.45,5.21,5.48,4.05,21874841.5,19146572.733333334,1415314656.0,1286151877.0,1.2,2.31,44238146202.386604,18.56,67,-26.8,324,18.79,201,3.52,1.09,9.03,1.14,1.14,60.9,0.243,25.98,False,True,True,False,False,True,False,False,False,True,True,False,False,True,False,False,2026-11-16,False,True,3,"LoD>60% ATR, below 200-MA, large gap","EMA, near21",4,https://www.tradingview.com/chart/?symbol=NASDAQ:RKLB&interval=D,False,False,False
ARQT,"Arcutis Biotherapeutics, Inc.",NASDAQ,Pharmaceuticals: Major,25.16,26.43,25.47,25.11,25.69,25.1,24.51,25.21,25.98,25.75,25.78,25.01,5.97,4.9,1.23,2328572.3,2903082.8333333335,73041564.0,72883346.0,0.44,1.38,3162409908.1945434,5.05,146,-2.71,174,7.52,234,3.29,-0.42,-1.22,0.46,0.62,12.2,0.208,7.63,False,False,False,False,True,True,True,True,False,True,False,True,False,False,False,False,2026-10-29,False,False,4,"thin RVOL, below 200-MA","near21, ADR",6,https://www.tradingview.com/chart/?symbol=NASDAQ:ARQT&interval=D,False,False,False
CIFR,Cipher Digital Inc.,NASDAQ,Data Processing Services,15.71,17.24,17.05,16.64,17.58,20.32,18.97,18.32,16.6,16.89,16.42,15.35,7.76,8.91,1.4,30924712.7,33740669.333333336,530065915.0,561371633.0,0.94,2.85,6520132803.0530405,9.63,114,-31.19,350,30.92,178,3.12,-1.2,-7.88,0.79,0.76,25.7,0.28,20.81,False,False,False,False,False,True,True,False,False,True,False,True,False,False,False,False,2026-11-11,False,True,3,"thin RVOL, below 200-MA, large gap",near21,4,https://www.tradingview.com/chart/?symbol=NASDAQ:CIFR&interval=D,False,False,False
NCNO,"nCino, Inc.",NASDAQ,Packaged Software,18.68,19.14,20.47,21.03,20.31,18.18,17.69,18.71,19.27,19.97,19.53,18.58,4.77,5.04,0.94,2262313.3,2646105.1333333333,49429244.0,55659057.0,0.77,0.62,1975151797.9927645,-15.86,329,8.48,119,16.6,211,3.08,-1.59,-8.73,1.28,1.01,10.6,0.29,14.89,False,False,False,False,False,True,False,False,False,True,True,True,False,False,False,False,2026-12-02,False,False,4,"thin RVOL, below 200-MA",near21,3,https://www.tradingview.com/chart/?symbol=NASDAQ:NCNO&interval=D,False,False,False
PATH,"UiPath, Inc.",NYSE,Packaged Software,13.12,12.87,13.44,14.82,14.59,12.83,12.21,12.68,13.07,13.65,13.42,13.02,4.37,5.62,0.74,42950789.3,55164940.233333334,723764016.0,817673132.0,0.44,0.71,6837562511.15916,-27.87,402,15.49,101,19.71,199,2.44,-1.8,-2.38,0.7,0.54,13.6,0.222,18.16,False,False,False,True,True,True,True,True,False,True,False,True,False,False,False,False,2026-12-09,False,False,5,thin RVOL,"near21, ADR",7,https://www.tradingview.com/chart/?symbol=NYSE:PATH&interval=D,False,False,False
EXPE,"Expedia Group, Inc.",NASDAQ,Other Consumer Services,265.0,266.83,275.15,290.54,298.02,270.17,260.05,260.08,268.18,277.29,269.05,261.27,4.06,4.32,11.44,2723532.4,2123515.7666666666,562731678.0,616956007.0,0.49,1.05,31805006881.771805,-13.59,314,-0.21,159,20.03,198,2.08,-2.57,-3.69,1.03,0.68,32.6,0.163,14.33,False,False,False,True,False,True,True,True,False,True,False,True,False,True,False,False,2026-10-29,False,False,6,,"near21, ADR",6,https://www.tradingview.com/chart/?symbol=NASDAQ:EXPE&interval=D,False,False,False
FIVE,"Five Below, Inc.",NASDAQ,Discount Stores,221.19,225.28,234.32,239.33,234.64,217.19,220.21,214.76,225.55,230.7,224.39,220.01,4.05,4.11,9.09,1004233.9,1229988.8333333333,272061230.0,294371997.0,0.54,0.71,12177401941.694578,-9.71,263,19.35,88,-3.49,258,2.05,-1.39,-5.6,1.0,0.48,13.0,0.186,8.99,False,False,False,True,False,True,True,True,False,True,False,True,False,True,False,False,2026-12-02,False,False,6,,"near21, ADR",6,https://www.tradingview.com/chart/?symbol=NASDAQ:FIVE&interval=D,False,False,False
WGS,GeneDx Holdings Corp.,NASDAQ,Medical/Nursing Services,73.09,82.88,87.21,87.11,81.26,69.26,68.44,78.38,80.58,83.85,74.86,70.48,9.21,8.23,6.01,966577.8,682783.1333333334,49904619.0,59480539.0,0.62,0.24,2179729440.9778748,-12.93,304,1.12,151,15.05,213,1.08,-1.22,-16.19,1.56,0.73,43.4,0.416,25.68,False,False,False,False,False,False,True,True,False,True,False,True,False,False,False,False,2026-11-03,False,False,4,"thin RVOL, below 200-MA",ADR,4,https://www.tradingview.com/chart/?symbol=NASDAQ:WGS&interval=D,False,False,False
BRUN,Boost Run Inc.,NASDAQ,Packaged Software,16.51,16.6,16.51,17.0,18.14,24.09,20.43,18.28,16.46,16.85,17.46,16.1,7.36,9.04,1.49,1531496.4,2153387.033333333,35552420.0,36607580.0,0.72,3.34,1384283297.142228,-0.24,192,-50.7,401,54.15,117,1.07,-1.0,-0.0,0.22,0.91,27.5,0.263,45.91,False,False,False,False,True,True,True,False,False,True,False,True,False,False,False,False,2026-12-02,False,True,3,"thin RVOL, below 200-MA, large gap",near21,5,https://www.tradingview.com/chart/?symbol=NASDAQ:BRUN&interval=D,False,False,False
RGTI,"Rigetti Computing, Inc.",NASDAQ,Computer Processing Hardware,15.25,16.05,15.7,15.8,16.14,17.85,17.41,18.33,15.78,15.86,16.1,15.15,5.57,6.03,0.92,16121144.1,16412761.066666666,250294606.0,259313418.0,0.82,2.78,5089973213.924457,2.9,166,-18.58,264,18.31,206,0.88,-0.92,-2.9,0.64,1.04,10.9,0.136,17.19,False,False,False,False,True,True,False,False,False,True,True,True,False,False,False,False,2026-11-16,False,True,3,"thin RVOL, below 200-MA, large gap",near21,4,https://www.tradingview.com/chart/?symbol=NASDAQ:RGTI&interval=D,False,False,False
ATRO,Astronics Corporation,NASDAQ,Aerospace & Defense,68.19,68.49,69.74,71.6,73.96,73.45,68.98,66.2,68.43,69.96,70.0,68.07,4.32,4.5,3.07,496224.1999999996,611411.5333333331,41692152.0,43775130.0,0.58,2.34,2933957836.493419,-8.2,248,-10.01,208,20.8,195,0.86,-1.73,-2.22,0.56,0.63,3.9,0.195,11.38,False,False,False,True,True,True,True,True,False,True,False,True,False,False,False,False,2026-11-11,False,True,4,"thin RVOL, large gap","near21, ADR",7,https://www.tradingview.com/chart/?symbol=NASDAQ:ATRO&interval=D,False,False,False
MDA,MDA Space Ltd.,NYSE,Electronic Production Equipment,29.89,30.69,30.03,29.79,30.96,34.61,33.42,31.15,30.12,30.26,30.42,29.16,4.17,4.6,1.38,1374625.7,1305327.2333333334,39016231.0,38889179.0,0.63,1.21,4846089742.019684,4.88,150,-25.26,315,22.3,191,0.64,-0.75,-0.46,0.27,0.91,53.1,0.139,15.33,False,False,False,False,True,True,True,False,False,True,False,True,False,False,False,False,2026-11-06,False,False,4,"thin RVOL, below 200-MA",near21,5,https://www.tradingview.com/chart/?symbol=NYSE:MDA&interval=D,False,False,False
MNDY,monday.com Ltd.,NASDAQ,Packaged Software,78.8,82.17,85.46,88.99,88.68,83.39,79.16,88.58,81.83,84.88,80.59,77.71,5.55,6.41,5.05,1170856.0,1195711.2666666666,94222048.0,106401961.0,0.75,0.17,3331200280.0049806,-18.17,350,4.29,134,15.71,212,0.61,-1.74,-7.79,1.12,0.57,21.6,0.257,12.09,False,False,False,False,False,True,True,True,False,True,False,True,False,False,False,False,2026-11-16,False,False,4,"thin RVOL, below 200-MA","near21, ADR",5,https://www.tradingview.com/chart/?symbol=NASDAQ:MNDY&interval=D,False,False,False
BTDR,Bitdeer Technologies Group,NASDAQ,Data Processing Services,11.02,11.63,11.75,11.49,10.93,13.11,12.12,12.0,11.27,11.4,11.82,10.85,7.2,8.1,0.89,10266667.3,11072465.6,122018571.0,127226321.0,1.04,5.92,2995040449.8928566,5.96,133,-28.95,342,23.54,188,0.19,0.1,-6.2,0.41,1.09,19.0,0.28,19.82,False,False,False,False,False,True,False,False,False,True,True,True,False,False,False,False,2026-11-16,False,True,3,"thin RVOL, below 200-MA, large gap",near21,3,https://www.tradingview.com/chart/?symbol=NASDAQ:BTDR&interval=D,False,False,False
LPTH,"LightPath Technologies, Inc.",NASDAQ,Electronic Components,11.04,10.23,9.97,10.59,11.27,12.61,12.47,12.11,10.33,10.4,11.16,10.64,4.65,6.53,0.72,2287861.8,3245197.466666667,35826980.0,34381785.0,0.98,2.49,773200196.4387097,16.09,75,-29.86,347,13.7,217,-0.02,-0.32,10.68,0.94,0.72,55.5,0.203,23.86,False,False,False,False,False,True,True,False,False,True,False,True,False,False,False,False,2026-11-05,False,True,3,"thin RVOL, below 200-MA, large gap",near21,4,https://www.tradingview.com/chart/?symbol=NASDAQ:LPTH&interval=D,False,False,False
STEP,StepStone Group Inc.,NASDAQ,Investment Managers,45.27,44.66,46.95,48.05,47.75,46.83,47.7,51.87,44.98,46.24,46.89,45.01,4.2,4.4,1.99,1064615.5,1071938.7,48526665.0,51509870.0,1.04,1.57,5463032780.326998,-8.47,251,9.08,116,-0.92,250,-0.1,-1.18,-3.58,0.48,0.94,13.0,0.232,15.92,False,False,False,False,False,True,True,False,False,True,False,True,False,False,False,False,2026-11-05,False,False,4,"thin RVOL, below 200-MA",near21,4,https://www.tradingview.com/chart/?symbol=NASDAQ:STEP&interval=D,False,False,False
ARIS,Aris Mining Corporation,NYSE,Precious Metals,17.5,18.28,18.79,19.33,18.12,17.11,17.75,17.93,18.07,18.48,17.92,17.39,4.09,5.03,0.88,1845173.0,1560231.7333333327,27304055.0,30157199.0,0.82,1.15,3611999915.311102,-9.98,266,14.75,103,-5.61,265,-0.28,-0.68,-6.85,1.05,0.61,12.5,0.192,9.59,False,False,False,False,False,True,True,True,False,True,False,True,False,False,False,False,2026-11-17,False,False,4,"thin RVOL, below 200-MA","near21, ADR",5,https://www.tradingview.com/chart/?symbol=NYSE:ARIS&interval=D,False,False,False
EPAM,"EPAM Systems, Inc.",NYSE,Information Technology Services,108.29,109.56,113.52,113.74,108.9,99.99,109.53,130.54,110.47,111.34,114.66,107.81,4.38,5.01,5.43,1023289.4,1128058.6333333333,122157469.0,128302381.0,1.0,-0.21,5586353871.958023,-7.08,236,25.63,78,-19.38,323,-0.28,-0.11,-4.61,0.55,1.26,8.8,0.173,28.21,False,False,False,False,False,True,False,False,False,True,True,True,False,False,False,False,2026-10-29,False,False,4,"thin RVOL, below 200-MA",near21,3,https://www.tradingview.com/chart/?symbol=NYSE:EPAM&interval=D,False,False,False
JBL,Jabil Inc.,NYSE,Industrial Machinery,304.41,307.77,306.02,306.05,316.86,334.68,320.98,301.66,305.43,307.59,308.84,301.36,4.36,4.62,14.06,1796801.5,1285476.6666666667,391311952.0,393415849.0,0.68,1.3,31898237906.363556,1.71,177,-18.22,260,14.26,215,-0.75,-0.85,-0.52,0.22,0.53,21.7,0.114,10.85,False,False,False,True,True,True,True,True,False,True,False,True,False,True,False,False,2026-12-10,False,False,6,,"near21, ADR",7,https://www.tradingview.com/chart/?symbol=NYSE:JBL&interval=D,False,False,False
KOS,Kosmos Energy Ltd.,NYSE,Integrated Oil,2.51,2.61,2.75,2.78,2.69,2.65,2.67,2.34,2.62,2.69,2.56,2.46,5.44,6.17,0.15,13843662.6,12473822.5,31309294.0,34722964.0,0.84,-1.55,1494673856.5426354,-13.45,309,25.5,79,-14.33,307,-0.76,-1.11,-8.71,1.08,0.65,29.1,0.243,16.14,False,False,False,True,False,True,True,True,False,True,False,True,False,False,False,False,2026-11-09,False,False,5,thin RVOL,"near21, ADR",6,https://www.tradingview.com/chart/?symbol=NYSE:KOS&interval=D,False,False,False
AKAM,"Akamai Technologies, Inc.",NASDAQ,Data Processing Services,108.92,111.82,109.04,108.53,111.87,122.57,117.49,111.68,109.35,109.78,113.13,108.5,6.03,5.84,6.36,8352374.6,4874166.133333334,530894175.0,529007873.0,0.61,1.7,15653613616.213223,2.75,168,-2.56,171,-3.35,257,-1.05,-0.45,-0.11,0.13,0.73,6.6,0.162,12.42,False,False,False,False,True,True,True,True,False,True,False,True,False,True,False,False,2026-11-10,False,False,5,below 200-MA,"near21, ADR",6,https://www.tradingview.com/chart/?symbol=NASDAQ:AKAM&interval=D,False,False,False
BRZE,"Braze, Inc.",NASDAQ,Internet Software/Services,25.42,24.83,25.39,27.78,27.46,25.19,23.92,24.28,25.02,25.87,26.22,25.29,4.81,5.97,1.52,1988620.4,2771876.966666667,70461112.0,77012906.0,0.72,0.66,2887316088.2074075,-22.95,388,11.1,107,8.61,232,-1.08,-1.25,0.12,0.29,0.62,8.6,0.328,13.92,False,False,False,True,True,True,True,False,False,True,False,True,False,False,False,False,2026-12-15,False,False,5,thin RVOL,near21,6,https://www.tradingview.com/chart/?symbol=NASDAQ:BRZE&interval=D,False,False,False
BHVN,Biohaven Ltd.,NYSE,Pharmaceuticals: Major,12.87,13.48,13.51,14.11,14.1,13.43,12.19,12.04,13.31,13.61,13.51,12.63,6.8,7.33,0.94,2132998.7,3370083.3,43372972.0,47541765.0,0.67,2.05,1943933467.0136986,-19.41,361,-19.01,269,34.91,164,-1.17,-1.19,-4.76,0.74,0.93,25.4,0.277,15.99,False,False,False,True,False,True,True,False,False,True,False,True,False,False,False,False,2026-11-17,False,True,4,"thin RVOL, large gap",near21,5,https://www.tradingview.com/chart/?symbol=NYSE:BHVN&interval=D,False,False,False
COCO,"The Vita Coco Company, Inc.",NASDAQ,Food: Specialty/Candy,55.97,57.7,55.96,57.51,60.67,68.12,63.66,61.36,57.04,57.53,57.76,55.54,4.12,4.32,2.42,966181.1,1295589.3,72514133.0,74506749.0,0.59,1.32,3212514657.136292,-3.57,217,-18.75,266,18.53,204,-1.26,-1.79,0.01,0.63,0.92,18.0,0.168,21.72,False,False,False,False,True,True,True,False,False,True,False,True,False,False,False,False,2026-11-04,False,False,4,"thin RVOL, below 200-MA",near21,5,https://www.tradingview.com/chart/?symbol=NASDAQ:COCO&interval=D,False,False,False
TMDX,"TransMedics Group, Inc.",NASDAQ,Medical Specialties,79.8,84.02,85.33,86.65,85.25,78.14,88.88,99.98,83.1,84.58,80.85,77.14,4.58,5.11,4.07,681159.9,715794.7,57116838.0,62022298.0,1.74,1.49,2766903109.2295265,-2.96,212,17.04,97,-18.0,318,-1.31,-1.25,-6.49,1.11,0.91,65.2,0.133,27.38,False,False,False,False,False,True,True,False,False,True,False,False,True,True,True,False,2026-11-04,False,False,4,"LoD>60% ATR, below 200-MA","near21, RVOL",3,https://www.tradingview.com/chart/?symbol=NASDAQ:TMDX&interval=D,False,False,False
PCOR,"Procore Technologies, Inc.",NYSE,Packaged Software,50.95,50.53,52.22,55.39,55.59,50.17,52.06,54.84,51.11,52.56,52.48,50.65,4.16,4.39,2.24,2672334.0,2720813.966666667,138625472.0,150697723.0,0.53,1.24,7742124423.680799,-14.88,324,21.54,83,-10.85,294,-1.4,-1.9,-2.43,0.7,0.82,13.4,0.184,10.63,False,False,False,False,True,True,True,False,False,True,False,True,False,False,False,False,2026-11-04,False,False,4,"thin RVOL, below 200-MA",near21,5,https://www.tradingview.com/chart/?symbol=NYSE:PCOR&interval=D,False,False,False
COMP,"Compass, Inc.",NYSE,Real Estate Development,9.22,9.3,9.9,10.3,11.07,10.46,9.63,10.09,9.36,9.86,9.6,9.17,5.31,5.49,0.51,18617041.6,14499638.166666666,133686664.0,149413938.0,1.3,2.19,7077683582.013158,-11.0,278,-26.18,320,32.66,170,-1.51,-3.05,-6.89,1.18,0.86,9.9,0.277,19.28,False,False,False,False,False,True,True,False,False,True,False,True,False,False,True,False,2026-11-11,False,True,3,"thin RVOL, below 200-MA, large gap","near21, RVOL",4,https://www.tradingview.com/chart/?symbol=NYSE:COMP&interval=D,False,False,False
PTRN,Pattern Group Inc. - Series A,NASDAQ,Advertising/Marketing Services,17.33,18.05,18.9,19.59,20.69,21.47,18.55,17.03,17.87,18.79,17.75,17.17,5.53,5.62,0.97,1763364.1,1604597.4666666666,27807674.0,31430855.0,0.51,1.09,3074326178.905173,-13.48,310,-34.55,367,41.93,144,-2.03,-2.89,-8.3,1.38,0.6,16.4,0.271,25.6,False,False,False,True,False,True,True,True,False,True,False,True,False,False,False,False,2026-11-11,False,False,5,thin RVOL,"near21, ADR",6,https://www.tradingview.com/chart/?symbol=NASDAQ:PTRN&interval=D,False,False,False
FIG,FIGMA INC,NYSE,Packaged Software,21.36,21.3,22.2,23.93,24.35,22.82,22.57,24.56,21.53,22.44,21.75,21.01,4.79,5.85,1.25,11018815.4,13821589.433333334,295229150.0,330782886.0,0.58,0.83,11385085257.023643,-20.24,367,9.59,114,4.4,239,-2.08,-2.1,-3.79,0.82,0.59,28.0,0.199,15.25,False,False,False,False,False,True,True,True,False,True,False,True,False,True,False,False,2026-11-11,False,False,5,below 200-MA,"near21, ADR",5,https://www.tradingview.com/chart/?symbol=NYSE:FIG&interval=D,False,False,False
CIEN,Ciena Corporation,NYSE,Telecommunications Equipment,391.34,362.72,349.95,358.39,373.96,430.43,434.07,391.32,363.59,361.23,395.96,377.03,5.2,5.63,22.02,2200038.6,2498166.433333333,977632452.0,895306210.0,1.04,1.55,55495353336.97087,9.54,115,-13.83,227,-2.4,254,-2.23,0.83,11.83,1.48,0.86,65.0,0.197,21.49,False,True,True,True,False,True,True,False,False,True,False,False,False,True,False,False,2026-12-10,False,False,5,LoD>60% ATR,"EMA, near21",6,https://www.tradingview.com/chart/?symbol=NYSE:CIEN&interval=D,False,False,False
RDDT,"Reddit, Inc.",NYSE,Internet Software/Services,147.86,149.72,152.19,152.71,156.32,164.9,158.88,168.55,148.93,151.48,151.5,144.8,4.52,5.15,7.61,4190939.2,4512161.233333333,667168160.0,689034093.0,0.59,0.16,28447749281.471813,2.67,169,-23.79,303,14.03,216,-2.36,-1.05,-2.85,0.46,0.88,40.2,0.143,12.73,False,False,False,False,True,True,True,False,False,True,False,True,False,True,False,False,2026-11-04,False,False,5,below 200-MA,near21,5,https://www.tradingview.com/chart/?symbol=NYSE:RDDT&interval=D,False,False,False
VRDN,"Viridian Therapeutics, Inc.",NASDAQ,Pharmaceuticals: Major,19.4,20.58,21.43,22.14,21.96,19.79,20.08,22.83,20.42,21.17,19.55,18.92,4.58,4.77,0.92,1923049.1,1549419.8666666667,30058745.0,34303898.0,0.66,0.9,2197869949.836756,-16.05,331,3.8,138,4.53,238,-2.58,-2.45,-9.46,1.75,0.68,51.9,0.211,15.68,False,False,False,False,False,False,True,True,False,True,False,True,False,False,False,False,2026-11-16,False,False,4,"thin RVOL, below 200-MA",ADR,4,https://www.tradingview.com/chart/?symbol=NASDAQ:VRDN&interval=D,False,False,False
HUBS,"HubSpot, Inc.",NYSE,Packaged Software,214.53,213.05,223.62,232.03,230.69,215.42,223.84,246.36,214.7,221.37,219.37,209.5,5.84,6.46,13.85,1524698.9,1591285.7333333334,341378528.0,369227090.0,0.54,0.3,10697795627.518234,-13.53,313,14.86,102,-10.61,293,-3.1,-1.08,-4.06,0.48,0.71,36.3,0.254,15.53,False,False,False,False,False,True,True,False,False,True,False,True,False,True,False,False,2026-11-11,False,False,5,below 200-MA,near21,4,https://www.tradingview.com/chart/?symbol=NYSE:HUBS&interval=D,False,False,False
HL,Hecla Mining Company,NYSE,Precious Metals,17.2,17.72,18.62,19.26,18.25,17.22,17.86,19.18,17.66,18.24,17.4,16.92,4.2,5.04,0.87,39032703.2,34413208.2,591907181.0,662844274.0,0.82,1.41,11554417040.517649,-12.16,296,6.5,122,-4.34,261,-3.33,-1.15,-7.61,1.13,0.55,32.3,0.261,11.39,False,False,False,False,False,True,True,True,False,True,False,True,False,True,False,False,2026-11-11,False,False,5,below 200-MA,"near21, ADR",5,https://www.tradingview.com/chart/?symbol=NYSE:HL&interval=D,False,False,False
EQPT,EquipmentShare.com Inc,NASDAQ,Internet Software/Services,18.5,17.86,18.07,18.06,18.74,19.58,20.61,,17.91,18.05,18.74,17.42,6.2,6.47,1.2,3916624.7,3069244.8666666667,56781030.0,55419308.0,0.73,2.0,4695429785.755148,4.93,149,-6.33,191,-8.91,280,-3.44,-0.2,2.36,0.39,1.1,90.2,0.158,14.87,False,False,False,False,True,True,False,False,False,True,True,False,False,False,False,False,2026-12-02,False,True,2,"LoD>60% ATR, thin RVOL, below 200-MA, large gap",near21,3,https://www.tradingview.com/chart/?symbol=NASDAQ:EQPT&interval=D,False,False,False
UCTT,"Ultra Clean Holdings, Inc.",NASDAQ,Industrial Machinery,72.69,77.2,73.85,72.75,77.09,88.16,81.55,71.76,76.28,75.36,81.08,71.39,5.2,6.63,4.82,1005439.7,876794.4333333333,63734187.0,63785041.0,2.02,3.0,3291187076.6574264,11.64,103,-44.19,392,22.09,193,-3.49,-0.86,-1.57,0.53,2.01,27.0,0.248,22.55,False,False,False,True,True,True,False,False,False,True,True,True,True,True,True,False,2026-10-28,False,True,5,large gap,"near21, RVOL",5,https://www.tradingview.com/chart/?symbol=NASDAQ:UCTT&interval=D,False,False,False
VG,"Venture Global, Inc.",NYSE,Oil & Gas Pipelines,13.13,12.97,13.95,14.12,13.85,13.22,13.26,12.05,13.14,13.57,13.34,12.51,4.35,5.07,0.67,14071700.9,13881808.6,182268147.0,196029647.0,0.74,-1.57,32826220446.35239,-10.98,276,16.5,99,-16.63,315,-3.7,-1.03,-5.9,0.63,1.25,93.1,0.311,14.48,False,False,False,True,False,True,False,False,False,True,True,False,False,True,False,False,2026-11-16,False,False,5,LoD>60% ATR,near21,3,https://www.tradingview.com/chart/?symbol=NYSE:VG&interval=D,False,False,False
APLD,Applied Digital Corporation,NASDAQ,Data Processing Services,25.38,26.11,26.1,26.17,27.22,33.27,32.15,32.11,25.53,26.08,26.85,24.82,5.84,6.76,1.72,16238883.1,15915102.53333334,403925302.0,416524758.0,1.65,3.95,7591014817.301326,5.73,137,-28.53,336,11.41,224,-3.8,-1.0,-2.76,0.4,1.18,32.6,0.231,28.23,False,False,False,False,True,True,False,False,False,True,True,True,True,True,True,False,2026-10-07,True,True,3,"earnings soon, below 200-MA, large gap","near21, RVOL",3,https://www.tradingview.com/chart/?symbol=NASDAQ:APLD&interval=D,False,False,False
PSKY,Paramount Skydance Corporation,NASDAQ,Cable/Satellite TV,9.5,9.96,10.31,10.45,9.9,9.92,10.12,10.56,9.97,10.15,9.67,8.97,6.42,5.83,0.55,33521842.5,21271785.566666666,202081963.0,222307886.0,0.99,0.11,10658486107.976444,-9.95,265,-7.14,197,5.32,237,-3.92,-0.69,-7.89,1.1,1.26,95.8,0.182,6.93,False,False,False,False,False,True,False,False,False,True,True,False,False,True,False,False,2026-11-16,False,False,4,"LoD>60% ATR, below 200-MA",near21,2,https://www.tradingview.com/chart/?symbol=NASDAQ:PSKY&interval=D,False,False,False
CVNA,Carvana Co.,NYSE,Specialty Stores,63.77,63.92,66.77,68.96,68.75,68.02,68.3,71.95,64.15,66.07,66.02,63.21,4.7,5.17,3.3,8426916.6,7542794.533333333,481004007.0,520153625.0,0.99,2.05,70176577409.10928,-11.36,282,-6.84,194,6.06,236,-4.05,-1.4,-4.5,0.67,0.85,17.0,0.239,12.59,False,False,False,False,False,True,True,False,False,True,False,True,False,True,False,False,2026-10-28,False,True,4,"below 200-MA, large gap",near21,4,https://www.tradingview.com/chart/?symbol=NYSE:CVNA&interval=D,False,False,False
CDE,"Coeur Mining, Inc.",NYSE,Precious Metals,17.66,18.6,19.42,20.02,18.92,17.95,18.52,19.27,18.41,19.01,18.16,17.52,4.53,5.2,0.92,35918747.0,35466637.3,626340815.0,710065723.0,0.73,3.08,18153332582.733482,-14.56,321,2.38,147,-1.23,251,-4.47,-1.28,-9.05,1.37,0.69,14.7,0.239,8.29,False,False,False,False,False,True,True,False,False,True,False,True,False,True,False,False,2026-11-11,False,True,4,"below 200-MA, large gap",near21,4,https://www.tradingview.com/chart/?symbol=NYSE:CDE&interval=D,False,False,False
AAON,"AAON, Inc.",NASDAQ,Industrial Machinery,83.27,83.02,80.05,79.01,83.27,104.86,100.56,97.82,82.59,81.64,85.5,82.38,4.57,4.87,4.05,1246337.6999999997,1161458.9000000006,96714683.0,91768803.0,0.53,2.84,6865914817.148396,11.04,107,-28.47,334,3.71,242,-4.57,0.0,4.03,0.41,0.77,22.0,0.198,29.8,False,True,True,False,False,True,True,False,False,True,False,True,False,False,False,False,2026-11-09,False,True,3,"thin RVOL, below 200-MA, large gap","EMA, near21",6,https://www.tradingview.com/chart/?symbol=NASDAQ:AAON&interval=D,False,False,False
WULF,TeraWulf Inc.,NASDAQ,Data Processing Services,15.49,15.86,16.09,15.93,16.43,20.1,19.4,18.07,15.56,15.89,16.24,15.15,5.81,6.89,1.07,25339521.9,28071045.966666665,434820502.0,447134334.0,1.08,3.82,7729024912.625084,7.16,125,-34.06,365,12.87,221,-4.68,-0.83,-3.72,0.37,1.02,31.9,0.237,27.42,False,False,False,False,False,True,False,False,False,True,True,True,False,False,False,False,2026-11-16,False,True,3,"thin RVOL, below 200-MA, large gap",near21,3,https://www.tradingview.com/chart/?symbol=NASDAQ:WULF&interval=D,False,False,False
HLNE,Hamilton Lane Incorporated,NASDAQ,Investment Managers,87.04,86.65,90.83,95.68,96.5,89.59,92.55,103.18,87.75,90.67,91.61,86.77,4.25,4.22,3.68,721682.5,614690.8,53502687.0,58816279.0,0.94,1.45,4803356075.485605,-15.19,326,8.9,117,-8.16,277,-4.82,-2.32,-4.17,0.95,1.32,7.3,0.244,18.99,False,False,False,False,False,True,False,False,False,True,True,True,False,False,False,False,2026-11-10,False,False,4,"thin RVOL, below 200-MA",near21,3,https://www.tradingview.com/chart/?symbol=NASDAQ:HLNE&interval=D,False,False,False
CORZ,"Core Scientific, Inc.",NASDAQ,Packaged Software,16.45,17.23,17.37,17.3,18.59,21.98,20.69,19.79,16.86,17.31,17.13,16.25,5.78,6.33,1.04,11063844.6,11325264.8,186300606.0,195961057.0,0.89,1.96,5286050091.107033,3.59,162,-31.32,352,11.83,223,-5.3,-1.82,-5.28,0.79,0.85,19.2,0.202,28.86,False,False,False,False,False,True,True,False,False,True,False,True,False,False,False,False,2026-11-11,False,False,4,"thin RVOL, below 200-MA",near21,4,https://www.tradingview.com/chart/?symbol=NASDAQ:CORZ&interval=D,False,False,False
QBTS,D-Wave Quantum Inc.,NASDAQ,Computer Processing Hardware,15.77,16.91,16.91,17.2,18.14,20.5,19.67,20.8,16.67,17.05,17.0,15.74,6.15,6.53,1.03,16346374.9,16388019.4,258439066.0,281917635.0,1.24,2.65,5986711714.359903,-3.13,213,-33.33,364,20.38,196,-5.36,-2.0,-6.74,1.15,1.22,2.9,0.124,24.71,False,False,False,False,False,True,False,False,False,True,True,True,False,False,True,False,2026-11-05,False,True,3,"thin RVOL, below 200-MA, large gap","near21, RVOL",3,https://www.tradingview.com/chart/?symbol=NASDAQ:QBTS&interval=D,False,False,False
ACHR,Archer Aviation Inc.,NYSE,Aerospace & Defense,4.89,5.33,5.41,5.56,5.59,5.56,5.68,6.2,5.22,5.39,5.17,4.81,5.54,6.11,0.3,22243320.6,24059668.7,117651780.0,133843937.0,1.0,2.39,3765416556.990059,-12.05,295,-2.59,172,-2.2,253,-5.61,-2.06,-9.64,1.51,1.2,26.8,0.199,17.87,False,False,False,False,False,False,False,False,False,False,True,True,False,False,False,False,2026-11-05,False,True,3,"thin RVOL, below 200-MA, large gap",,2,https://www.tradingview.com/chart/?symbol=NYSE:ACHR&interval=D,False,False,False
DPC,DPC Holdings PLC,NYSE,Electrical Products,41.35,41.39,41.38,41.97,45.02,,,,41.47,41.94,44.25,41.24,4.91,6.39,2.64,1294900.1,1275400.7666666666,52737822.0,53524319.0,1.27,1.47,6177401134.41072,0.8,185,-12.93,220,-6.02,267,-6.05,-1.28,-0.07,0.22,1.14,4.2,0.115,8.81,False,False,False,False,True,True,False,False,False,True,True,True,False,False,True,False,2026-12-02,False,False,4,"thin RVOL, below 200-MA","near21, RVOL",4,https://www.tradingview.com/chart/?symbol=NYSE:DPC&interval=D,False,False,False
SGRY,"Surgery Partners, Inc.",NASDAQ,Hospital/Nursing Management,13.32,14.21,14.06,14.07,14.53,14.73,14.25,14.52,13.93,14.08,13.55,13.11,6.01,5.65,0.75,2542368.5,2455994.1666666665,32713842.0,34549289.0,0.46,0.91,1743831144.8707483,-8.64,252,-20.29,276,10.72,225,-6.07,-1.47,-5.26,0.96,0.58,27.9,0.167,5.02,False,False,False,False,False,True,True,True,False,True,False,True,False,False,False,False,2026-11-10,False,False,4,"thin RVOL, below 200-MA","near21, ADR",5,https://www.tradingview.com/chart/?symbol=NASDAQ:SGRY&interval=D,False,False,False
FLY,Firefly Aerospace Inc.,NASDAQ,Aerospace & Defense,23.32,23.18,22.25,22.15,22.7,27.98,28.88,27.84,22.95,22.68,24.04,22.42,6.93,7.24,1.69,3502422.0,2943497.966666667,68642373.0,65193574.0,1.19,1.36,3903876452.798249,12.66,92,-16.8,252,-15.38,311,-6.51,0.38,4.8,0.39,0.96,53.3,0.208,28.41,False,True,True,False,False,True,True,False,False,True,False,True,False,False,False,False,2026-11-18,False,False,4,"thin RVOL, below 200-MA","EMA, near21",6,https://www.tradingview.com/chart/?symbol=NASDAQ:FLY&interval=D,False,False,False
SPHR,Sphere Entertainment Co.,NYSE,Media Conglomerates,128.25,136.68,140.2,142.64,148.1,146.96,139.09,129.0,135.46,139.68,132.17,127.41,4.59,4.89,6.27,548510.8,559700.8666666667,71781636.0,79834426.0,0.94,0.78,4605920337.339556,-5.04,221,-24.17,307,9.32,227,-6.63,-2.74,-8.52,1.67,0.76,13.4,0.15,14.89,False,False,False,False,False,False,True,False,False,False,False,True,False,False,False,False,2026-11-10,False,False,4,"thin RVOL, below 200-MA",,3,https://www.tradingview.com/chart/?symbol=NYSE:SPHR&interval=D,False,False,False
CNXC,Concentrix Corporation,NASDAQ,Information Technology Services,24.91,27.19,27.93,28.33,26.99,25.98,26.82,29.79,26.68,27.37,27.0,24.55,8.92,9.25,2.31,2735972.4,1920706.0333333334,47844787.0,54405919.0,0.64,-0.3,1518214739.024065,-21.67,377,4.82,130,-3.07,256,-6.64,-0.83,-10.8,0.97,1.06,15.6,0.276,15.31,False,False,False,False,False,True,False,False,False,True,True,True,False,False,False,False,2027-01-19,False,False,4,"thin RVOL, below 200-MA",near21,3,https://www.tradingview.com/chart/?symbol=NASDAQ:CNXC&interval=D,False,False,False
ONDS,Ondas Inc,NASDAQ,Telecommunications Equipment,7.24,7.46,7.4,7.6,8.0,8.54,9.01,9.44,7.39,7.52,7.44,7.12,5.01,5.74,0.42,62266757.6,60930667.46666667,441138032.0,463164469.0,0.66,2.18,4215871287.6853933,2.55,170,-8.82,204,-14.97,310,-7.08,-1.65,-2.2,0.64,0.77,28.9,0.097,28.17,False,False,False,False,True,True,True,False,True,True,False,True,False,False,False,False,2026-11-16,False,True,3,"thin RVOL, below 200-MA, large gap","near21, BB",6,https://www.tradingview.com/chart/?symbol=NASDAQ:ONDS&interval=D,False,False,False
MOD,Modine Manufacturing Company,NYSE,Industrial Machinery,178.2,175.89,173.45,172.43,177.83,210.38,210.79,196.87,174.17,174.47,183.5,176.5,4.89,5.62,10.01,1684975.1195578552,1462047.0292794348,260536781.0,252104383.0,0.74,5.05,9464684407.677185,8.75,118,-21.48,285,-9.28,285,-7.34,0.04,2.74,0.38,0.7,17.0,0.142,20.95,False,True,False,False,True,True,True,False,False,True,False,True,False,False,False,False,2026-11-03,False,True,3,"thin RVOL, below 200-MA, large gap",near21,6,https://www.tradingview.com/chart/?symbol=NYSE:MOD&interval=D,False,False,False
MMYT,MakeMyTrip Limited,NASDAQ,Internet Software/Services,44.62,47.08,48.53,51.91,54.7,51.75,49.56,54.55,47.22,49.25,48.32,44.45,4.19,4.75,2.12,1033337.3,762291.2,34013433.0,39573839.0,1.55,1.01,4196897408.265549,-21.68,378,-23.32,300,22.25,192,-7.58,-3.88,-8.06,1.98,1.83,8.0,0.2,17.08,False,False,False,False,False,False,False,False,False,False,True,True,True,True,True,False,2026-11-03,False,False,5,below 200-MA,RVOL,2,https://www.tradingview.com/chart/?symbol=NASDAQ:MMYT&interval=D,False,False,False
PRM,"Perimeter Solutions, SA",NYSE,Chemicals: Major Diversified,27.45,28.26,29.94,30.33,31.66,32.69,30.42,29.64,28.22,29.43,28.09,26.96,4.73,5.05,1.39,1565239.6,1199968.5333333334,32939136.0,36391046.0,0.87,-0.55,4493206084.185661,-9.5,259,-22.46,296,8.71,230,-7.75,-2.63,-8.32,1.33,0.82,35.7,0.268,16.12,False,False,False,False,False,True,True,False,False,True,False,True,False,False,False,False,2026-10-30,False,False,4,"thin RVOL, below 200-MA",near21,4,https://www.tradingview.com/chart/?symbol=NYSE:PRM&interval=D,False,False,False
EXK,Endeavour Silver Corporation,NYSE,Precious Metals,8.6,9.19,9.76,10.14,9.76,9.24,9.45,9.94,9.08,9.52,8.76,8.43,5.02,6.14,0.53,8054016.8,8523954.8,73306011.0,86441426.0,0.62,1.69,2546842412.1546054,-19.48,362,-1.38,166,-2.49,255,-7.78,-1.94,-11.91,1.58,0.62,31.7,0.345,8.77,False,False,False,False,False,False,True,False,False,False,False,True,False,False,False,False,2026-11-10,False,False,4,"thin RVOL, below 200-MA",,3,https://www.tradingview.com/chart/?symbol=NYSE:EXK&interval=D,False,False,False
PBLS,"Parabilis Medicines, Inc.",NASDAQ,Pharmaceuticals: Major,30.28,32.96,35.65,36.9,36.31,,,,32.84,34.68,30.63,28.3,11.05,9.45,2.86,954825.5,935795.2666666667,28335881.0,34534277.0,0.5,-0.33,3740586693.6149807,-23.79,392,8.76,118,-9.21,284,-8.08,-1.76,-15.07,1.34,0.81,69.2,0.398,11.06,False,False,False,False,False,True,True,True,False,True,False,False,False,False,False,False,2026-12-02,False,False,3,"LoD>60% ATR, thin RVOL, below 200-MA","near21, ADR",4,https://www.tradingview.com/chart/?symbol=NASDAQ:PBLS&interval=D,False,False,False
GEN,Gen Digital Inc.,NASDAQ,Packaged Software,21.99,23.53,26.91,27.99,27.99,26.58,24.42,24.6,23.56,25.65,22.88,21.9,6.32,5.63,1.24,17452479.3,10147893.4,223152176.0,284068289.0,0.67,0.72,13162928924.604942,-26.8,400,-15.97,243,18.35,205,-8.14,-3.81,-18.29,2.54,0.79,7.3,0.586,20.29,False,False,False,False,False,False,True,True,False,True,False,True,False,True,False,False,2026-11-10,False,False,5,below 200-MA,ADR,4,https://www.tradingview.com/chart/?symbol=NASDAQ:GEN&interval=D,False,False,False
KD,"Kyndryl Holdings, Inc.",NYSE,Data Processing Services,11.56,11.72,12.33,12.57,12.87,12.32,12.59,14.89,11.8,12.17,12.21,11.38,5.02,5.37,0.62,4542680.2,3937618.533333333,45518870.0,49491927.0,1.07,0.66,2517979152.174918,-11.08,279,-4.15,184,-9.33,286,-8.19,-1.9,-6.25,0.93,1.33,28.4,0.233,27.49,False,False,False,False,False,True,False,False,False,True,True,True,False,False,False,False,2026-11-10,False,False,4,"thin RVOL, below 200-MA",near21,3,https://www.tradingview.com/chart/?symbol=NYSE:KD&interval=D,False,False,False
GLOB,Globant S.A.,NYSE,Information Technology Services,35.1,34.91,36.41,37.55,37.45,36.12,39.21,44.83,35.44,36.22,37.04,34.96,4.52,5.48,1.92,880072.3,995716.1666666666,34949637.0,37393789.0,0.82,0.08,1515602326.492699,-10.87,275,10.41,110,-24.34,340,-8.26,-1.15,-3.61,0.56,1.08,7.3,0.215,28.26,False,False,False,False,False,True,False,False,False,True,True,True,False,False,False,False,2026-11-12,False,False,4,"thin RVOL, below 200-MA",near21,3,https://www.tradingview.com/chart/?symbol=NYSE:GLOB&interval=D,False,False,False
MP,MP Materials Corp.,NYSE,Other Metals/Minerals,46.97,48.03,49.59,52.03,51.02,53.98,55.71,56.72,47.75,49.38,47.38,46.14,4.43,5.47,2.57,5319840.6,5334497.766666667,250561360.0,277550362.0,0.75,1.97,8365431851.367542,-12.54,302,-13.77,226,1.08,245,-8.41,-1.45,-5.28,0.89,0.48,32.1,0.218,18.5,False,False,False,False,False,True,True,True,False,True,False,True,False,False,False,False,2026-10-29,False,False,4,"thin RVOL, below 200-MA","near21, ADR",5,https://www.tradingview.com/chart/?symbol=NYSE:MP&interval=D,False,False,False
AG,First Majestic Silver Corp.,NYSE,Precious Metals,17.67,18.55,19.16,19.76,18.95,18.6,19.68,20.17,18.36,18.89,18.07,17.44,4.2,5.17,0.91,9688475.9,9480641.933333334,167522943.0,187369087.0,0.92,1.87,8709655885.414013,-13.72,316,0.0,156,-13.8,305,-9.18,-1.31,-7.78,1.25,0.69,25.2,0.226,9.17,False,False,False,False,False,True,True,False,False,True,False,True,False,False,False,False,2026-11-11,False,False,4,"thin RVOL, below 200-MA",near21,4,https://www.tradingview.com/chart/?symbol=NYSE:AG&interval=D,False,False,False
AXGN,"Axogen, Inc.",NASDAQ,Medical Specialties,37.39,42.55,43.77,45.86,45.76,43.89,40.92,38.94,41.88,43.61,39.92,36.97,5.31,5.88,2.2,1387871.9,1274154.0666666667,47640621.0,58435466.0,2.6,0.0,2193727755.9028053,-25.44,395,-15.6,238,13.03,220,-9.34,-3.11,-14.58,2.43,1.34,19.1,0.225,18.24,False,False,False,False,False,False,False,False,False,False,True,True,True,True,True,False,2026-11-10,False,False,5,below 200-MA,RVOL,2,https://www.tradingview.com/chart/?symbol=NASDAQ:AXGN&interval=D,False,False,False
ASND,Ascendis Pharma A/S,NASDAQ,Pharmaceuticals: Major,227.87,229.57,242.5,247.25,248.7,246.0,241.23,235.57,231.45,238.53,229.02,225.2,4.09,3.64,8.3,803828.2,766737.3,174716429.0,189576692.0,0.72,0.14,14213811816.559809,-12.82,303,-15.88,241,0.57,247,-9.38,-2.3,-6.03,1.23,0.46,32.2,0.264,8.39,False,False,False,False,False,True,True,True,False,True,False,True,False,True,False,False,2026-11-11,False,False,5,below 200-MA,"near21, ADR",5,https://www.tradingview.com/chart/?symbol=NASDAQ:ASND&interval=D,False,False,False
CPRI,Capri Holdings Limited,NYSE,Apparel/Footwear Retail,14.44,14.77,14.32,13.98,14.57,16.49,17.32,18.81,14.57,14.46,14.8,14.08,5.12,4.98,0.72,4450488.0,5177806.533333333,74767526.0,72384009.0,0.5,1.17,1641129325.3867402,12.29,94,-22.45,295,-18.05,319,-9.4,-0.19,0.81,0.03,1.01,50.1,0.212,31.06,False,False,False,False,True,True,False,False,False,True,True,True,False,False,False,False,2026-11-05,False,False,4,"thin RVOL, below 200-MA",near21,4,https://www.tradingview.com/chart/?symbol=NYSE:CPRI&interval=D,False,False,False
TNDM,"Tandem Diabetes Care, Inc.",NASDAQ,Medical Specialties,16.5,16.47,17.19,18.61,19.52,17.76,18.77,19.44,16.61,17.43,17.35,16.27,6.38,6.48,1.07,2462865.8,1926392.6666666667,31785479.0,35854662.0,0.89,0.97,1148048630.0,-22.35,387,3.51,139,-9.59,287,-9.48,-2.39,-4.01,0.82,1.01,21.5,0.287,18.48,False,False,False,False,False,True,False,False,False,True,True,True,False,False,False,False,2026-11-04,False,False,4,"thin RVOL, below 200-MA",near21,3,https://www.tradingview.com/chart/?symbol=NASDAQ:TNDM&interval=D,False,False,False
TTAN,"ServiceTitan, Inc.",NASDAQ,Packaged Software,67.09,62.14,62.21,73.27,78.3,74.02,71.29,75.13,63.78,66.62,68.44,66.58,5.03,6.26,4.2,2631734.1,3377732.8333333335,226612096.0,247493803.0,0.55,0.28,6472031001.525839,-29.13,407,-9.42,206,9.11,229,-9.81,-2.29,7.84,0.11,0.44,12.1,0.544,24.09,False,False,False,False,False,True,True,True,False,True,False,True,False,False,False,False,2027-01-19,False,False,4,"thin RVOL, below 200-MA","near21, ADR",5,https://www.tradingview.com/chart/?symbol=NASDAQ:TTAN&interval=D,False,False,False
PRAX,"Praxis Precision Medicines, Inc.",NASDAQ,Pharmaceuticals: Major,295.51,288.45,308.46,326.25,333.06,322.02,320.53,316.68,293.26,306.76,298.56,286.0,4.97,5.08,15.03,545170.9,410845.6333333337,121408993.0,134037840.0,0.78,1.12,8250635946.310374,-17.55,347,-7.6,199,-4.36,262,-9.84,-2.22,-4.2,0.72,0.84,63.3,0.316,15.1,False,False,False,False,False,True,True,False,False,True,False,False,False,False,False,False,2026-11-11,False,False,3,"LoD>60% ATR, thin RVOL, below 200-MA",near21,3,https://www.tradingview.com/chart/?symbol=NASDAQ:PRAX&interval=D,False,False,False
RBLX,Roblox Corporation,NYSE,Packaged Software,44.12,45.79,46.26,44.01,42.44,45.52,49.16,55.41,44.63,44.8,44.42,42.4,4.91,5.46,2.41,13983231.8,11368188.333333334,501564469.0,500348073.0,0.65,1.02,31518266206.027905,10.6,111,-18.9,268,-21.73,331,-10.01,0.73,-4.63,0.28,0.84,71.4,0.267,29.41,False,False,False,False,False,True,True,False,False,True,False,False,False,True,False,False,2026-11-11,False,False,4,"LoD>60% ATR, below 200-MA",near21,3,https://www.tradingview.com/chart/?symbol=NYSE:RBLX&interval=D,False,False,False
MBLY,Mobileye Global Inc.,NASDAQ,Packaged Software,7.42,7.65,7.91,8.13,8.3,8.87,8.56,8.91,7.64,7.88,7.58,7.06,4.79,4.84,0.36,6646215.5,4968380.033333333,36865380.0,40394586.0,1.17,2.86,6308391805.238095,-11.56,287,-23.43,301,4.07,241,-10.31,-2.19,-6.15,1.2,1.44,100.2,0.172,16.96,False,False,False,False,False,True,False,False,False,True,True,False,False,False,False,False,2026-10-22,False,True,2,"LoD>60% ATR, thin RVOL, below 200-MA, large gap",near21,2,https://www.tradingview.com/chart/?symbol=NASDAQ:MBLY&interval=D,False,False,False
BTU,Peabody Energy Corporation,NYSE,Coal,24.81,25.29,26.58,27.2,25.82,25.36,27.25,28.85,25.31,25.98,25.23,24.6,4.78,4.65,1.15,1920629.2,2360037.3,58552525.0,64199308.0,0.45,0.08,3024339010.0282946,-14.57,322,9.63,113,-26.2,345,-10.38,-0.84,-6.65,0.97,0.54,17.8,0.252,14.37,False,False,False,False,False,True,True,True,False,True,False,True,False,False,False,False,2026-10-29,False,False,4,"thin RVOL, below 200-MA","near21, ADR",5,https://www.tradingview.com/chart/?symbol=NYSE:BTU&interval=D,False,False,False
GRML,Greenland Mines Ltd,NASDAQ,Miscellaneous Commercial Services,7.88,11.41,7.48,7.07,8.14,11.34,14.56,14.85,9.65,8.69,8.91,7.7,31.36,29.96,2.36,46740861.8,16298689.771333333,128433675.0,115196423.0,0.09,-3.51,69557799.71020855,60.82,9,-36.96,374,-55.09,406,-10.41,-0.11,5.34,0.31,0.51,7.6,2.292,93.57,False,False,False,False,False,True,True,True,False,True,False,True,False,False,False,False,,False,True,3,"thin RVOL, below 200-MA, large gap","near21, ADR",5,https://www.tradingview.com/chart/?symbol=NASDAQ:GRML&interval=D,True,False,False
ALGT,Allegiant Travel Company,NASDAQ,Airlines,77.61,77.78,77.77,78.07,83.88,89.8,87.23,89.12,77.27,78.35,78.7,75.83,4.24,4.61,3.58,464019.4,513964.56666666665,39888790.0,40127698.0,0.94,4.09,2121683155.9850252,5.32,142,-35.33,369,-1.47,252,-10.49,-1.62,-0.21,0.2,0.8,49.8,0.08,15.49,False,False,False,False,True,True,True,False,True,True,False,True,False,False,False,False,2026-11-04,False,True,3,"thin RVOL, below 200-MA, large gap","near21, BB",6,https://www.tradingview.com/chart/?symbol=NASDAQ:ALGT&interval=D,False,False,False
NESR,National Energy Services Reunited Corp,NASDAQ,Oilfield Services/Equipment,24.67,29.46,31.35,32.3,31.71,29.06,26.93,25.03,28.37,30.33,26.02,24.46,6.24,6.62,1.63,2599771.0,2010356.6,49595497.0,64938874.0,1.24,-0.62,2488012886.9464607,-28.64,405,-14.93,237,11.93,222,-10.55,-3.36,-21.3,2.82,0.96,12.9,0.406,27.09,False,False,False,False,False,False,True,False,False,False,False,True,False,False,True,False,2026-11-04,False,False,4,"thin RVOL, below 200-MA",RVOL,3,https://www.tradingview.com/chart/?symbol=NASDAQ:NESR&interval=D,False,False,False
MWH,"SOLV Energy, Inc.",NASDAQ,Engineering & Construction,25.25,25.1,25.33,25.77,27.02,30.55,31.35,,24.96,25.5,25.86,24.92,4.47,5.19,1.31,1310710.3,1429529.8333333333,36095628.0,36842796.0,0.69,3.29,5110388343.899716,1.9,176,-20.37,277,-13.47,304,-10.65,-1.26,-0.32,0.19,0.72,25.2,0.127,24.74,False,False,False,False,True,True,True,False,False,True,False,True,False,False,False,False,2026-12-02,False,True,3,"thin RVOL, below 200-MA, large gap",near21,5,https://www.tradingview.com/chart/?symbol=NASDAQ:MWH&interval=D,False,False,False
RIVN,"Rivian Automotive, Inc.",NASDAQ,Motor Vehicles,14.3,15.0,15.35,15.66,15.73,15.94,15.82,16.16,14.95,15.26,15.36,13.96,4.58,4.84,0.69,26867639.5,23470629.7,335630005.0,367456179.0,2.48,3.46,20704407188.428185,-8.04,246,-20.45,278,-4.28,260,-10.92,-1.88,-6.86,1.3,2.02,49.1,0.129,8.09,False,False,False,False,False,True,False,False,False,True,True,True,True,True,True,False,2027-02-25,False,True,4,"below 200-MA, large gap","near21, RVOL",3,https://www.tradingview.com/chart/?symbol=NASDAQ:RIVN&interval=D,False,False,False
CE,Celanese Corporation,NYSE,Chemicals: Specialty,44.19,45.85,45.75,45.59,45.22,47.96,52.36,51.26,45.34,45.59,45.07,43.38,4.16,4.19,1.85,1948575.2,1789208.5333333334,79065125.0,81567035.0,0.84,1.09,4849805383.662216,0.34,187,-3.49,179,-30.23,361,-11.13,-0.54,-3.41,0.73,0.91,43.7,0.116,16.16,False,False,False,False,False,True,True,False,False,True,False,True,False,False,False,False,2026-11-09,False,False,4,"thin RVOL, below 200-MA",near21,4,https://www.tradingview.com/chart/?symbol=NYSE:CE&interval=D,False,False,False
SHAK,"Shake Shack, Inc.",NYSE,Restaurants,60.98,58.18,59.81,63.62,65.66,61.99,72.38,76.99,59.04,60.59,61.4,59.62,4.17,4.33,2.64,1637622.3,1313716.6,80110438.0,83575585.0,0.66,0.86,2609879223.820236,-9.26,257,6.42,123,-31.25,367,-11.36,-1.64,1.96,0.15,0.67,51.5,0.256,30.84,False,False,False,False,True,True,True,True,False,True,False,True,False,False,False,False,2026-10-29,False,False,4,"thin RVOL, below 200-MA","near21, ADR",6,https://www.tradingview.com/chart/?symbol=NYSE:SHAK&interval=D,False,False,False
AESI,Atlas Energy Solutions Inc.,NYSE,Oilfield Services/Equipment,12.04,11.99,12.87,12.79,12.31,14.4,14.24,13.37,12.15,12.46,12.14,11.54,6.2,7.02,0.85,4586863.8,3439389.3333333335,41410248.0,43990936.0,0.59,-1.03,1505041558.0838325,-5.12,222,-24.04,305,-6.16,268,-11.77,-0.31,-6.42,0.48,0.71,59.7,0.312,19.97,False,False,False,False,False,True,True,False,False,True,False,True,False,False,False,False,2026-11-02,False,False,4,"thin RVOL, below 200-MA",near21,4,https://www.tradingview.com/chart/?symbol=NYSE:AESI&interval=D,False,False,False
PIPR,Piper Sandler Companies,NYSE,Investment Banks/Brokers,65.36,69.6,72.16,73.17,74.14,75.71,77.0,79.42,68.71,71.02,67.19,65.22,4.03,3.9,2.55,1064032.5,760007.4333333333,49674086.0,55607971.0,0.76,0.5,4619009943.55488,-12.42,298,-10.47,210,-12.7,302,-11.86,-3.03,-9.43,2.04,0.77,5.5,0.215,15.03,False,False,False,False,False,False,True,True,False,True,False,True,False,False,False,False,2026-10-23,False,False,4,"thin RVOL, below 200-MA",ADR,4,https://www.tradingview.com/chart/?symbol=NYSE:PIPR&interval=D,False,False,False
INSM,Insmed Incorporated,NASDAQ,Pharmaceuticals: Major,111.12,116.67,120.76,121.66,119.82,112.89,123.01,133.09,115.77,118.66,111.54,105.68,4.41,4.5,5.0,2411138.9,2121594.5,235751581.0,258108944.0,1.77,-0.76,24266551488.990143,-8.25,249,3.37,142,-31.2,366,-12.03,-1.61,-7.98,1.41,1.17,108.8,0.182,18.17,False,False,False,False,False,True,False,False,False,True,True,False,True,True,True,False,2026-10-22,False,False,4,"LoD>60% ATR, below 200-MA","near21, RVOL",2,https://www.tradingview.com/chart/?symbol=NASDAQ:INSM&interval=D,False,False,False
BSP,Bending Spoons S.p.A.,NASDAQ,Packaged Software,32.03,33.98,36.55,38.42,39.1,,,,34.03,36.03,33.18,31.91,6.64,7.7,2.47,3251572.9,2074549.0333333334,66447806.0,79696913.0,0.68,0.86,20346074906.327385,-20.68,371,-18.89,267,3.32,243,-12.08,-2.35,-12.36,1.44,0.51,4.9,0.326,15.97,False,False,False,False,False,True,True,True,False,True,False,True,False,True,False,False,2026-11-12,False,False,5,below 200-MA,"near21, ADR",5,https://www.tradingview.com/chart/?symbol=NASDAQ:BSP&interval=D,False,False,False
LGN,Legence Corp.,NASDAQ,Engineering & Construction,53.61,53.28,53.92,54.33,58.27,69.69,68.56,63.38,53.35,54.36,54.52,52.1,4.22,5.28,2.83,932058.0,905163.4333333333,48525812.0,49176775.0,1.25,1.99,5793926098.285465,3.02,165,-32.99,361,-6.33,269,-12.1,-1.51,-0.57,0.26,0.85,53.4,0.101,30.6,False,False,False,False,True,True,True,False,False,True,False,True,False,False,True,False,2026-11-13,False,False,4,"thin RVOL, below 200-MA","near21, RVOL",5,https://www.tradingview.com/chart/?symbol=NASDAQ:LGN&interval=D,False,False,False
RH,RH,NYSE,Specialty Stores,120.46,123.48,128.58,134.67,152.05,153.03,146.38,159.96,123.65,130.19,124.41,120.0,4.29,5.24,6.32,731423.2,827686.9,99703164.0,111467630.0,1.07,2.4,2280688358.0396647,-16.25,336,-28.73,340,8.52,233,-12.15,-3.96,-6.31,1.43,0.7,7.3,0.237,30.28,False,False,False,False,False,True,True,False,False,True,False,True,False,False,False,False,2026-12-03,False,True,3,"thin RVOL, below 200-MA, large gap",near21,4,https://www.tradingview.com/chart/?symbol=NYSE:RH&interval=D,False,False,False
CARG,"CarGurus, Inc.",NASDAQ,Internet Software/Services,30.02,31.09,32.46,33.6,34.8,32.96,33.61,33.63,31.18,32.35,30.42,29.17,4.06,4.31,1.29,1509660.4,1123726.8666666667,33734281.0,37760032.0,0.92,-0.37,2673985854.0497813,-13.39,307,-14.3,231,-9.14,281,-12.28,-3.19,-7.51,1.67,0.97,65.7,0.201,12.36,False,False,False,False,False,False,True,False,False,False,False,False,False,False,False,False,2026-11-10,False,False,3,"LoD>60% ATR, thin RVOL, below 200-MA",,2,https://www.tradingview.com/chart/?symbol=NASDAQ:CARG&interval=D,False,False,False
CRML,Critical Metals Corp.,NASDAQ,Precious Metals,7.03,7.81,7.29,7.32,6.9,8.28,8.83,9.59,7.4,7.34,7.32,7.0,7.51,8.78,0.62,13882051.9,9946338.7,69922761.0,72820461.0,0.34,1.25,1033365992.2,0.43,186,-28.77,341,-9.17,283,-12.51,0.21,-3.58,0.49,0.52,4.9,0.407,38.18,False,False,False,False,False,True,True,True,False,True,False,True,False,False,False,False,2027-03-03,False,False,4,"thin RVOL, below 200-MA","near21, ADR",5,https://www.tradingview.com/chart/?symbol=NASDAQ:CRML&interval=D,False,False,False
MOS,Mosaic Company (The),NYSE,Chemicals: Agricultural,21.07,22.88,24.16,24.25,23.55,22.84,23.65,24.49,22.62,23.38,22.0,21.06,4.91,5.02,1.06,8272028.7,8274347.433333334,174340500.0,200661200.0,0.9,0.42,6698061327.412065,-14.7,323,-2.0,169,-21.82,332,-12.84,-2.1,-12.78,1.97,0.9,1.4,0.264,7.86,False,False,False,False,False,False,True,False,False,False,False,True,False,False,False,False,2026-11-10,False,False,4,"thin RVOL, below 200-MA",,3,https://www.tradingview.com/chart/?symbol=NYSE:MOS&interval=D,False,False,False
NN,NextNav Inc.,NASDAQ,Packaged Software,13.98,14.45,14.73,15.07,15.39,17.05,17.27,16.92,14.31,14.73,14.53,13.77,6.26,6.75,0.94,2219839.3,2367648.966666667,33099733.0,35684416.0,1.23,2.33,2359962524.934593,-7.66,243,-20.97,281,-9.98,289,-12.87,-1.36,-5.07,0.76,0.81,22.3,0.152,20.21,False,False,False,False,False,True,True,False,False,True,False,True,False,False,True,False,2026-11-05,False,True,3,"thin RVOL, below 200-MA, large gap","near21, RVOL",4,https://www.tradingview.com/chart/?symbol=NASDAQ:NN&interval=D,False,False,False
VKTX,"Viking Therapeutics, Inc.",NASDAQ,Pharmaceuticals: Major,29.94,34.28,32.88,33.1,33.35,33.48,33.44,33.17,32.59,33.01,31.09,29.9,8.36,8.66,2.59,14112972.4,6009929.466666667,179937288.0,198956712.0,0.46,1.11,3807327694.416912,-11.08,280,-21.0,282,-6.73,270,-12.94,-1.18,-8.93,1.08,0.46,1.5,0.422,4.69,False,False,False,False,False,True,True,True,False,True,False,True,False,False,False,True,2026-10-28,False,False,4,"thin RVOL, below 200-MA","near21, ADR",6,https://www.tradingview.com/chart/?symbol=NASDAQ:VKTX&interval=D,False,False,False
FIGR,"Figure Technology Solutions, Inc.",NASDAQ,Finance/Rental/Leasing,28.53,31.62,33.57,34.71,32.72,32.28,32.91,36.5,30.82,32.44,29.92,28.42,7.2,7.98,2.28,4774168.1,4667587.833333333,133166281.0,161995637.0,0.88,2.72,6401500798.241416,-14.35,319,-12.67,219,-11.81,298,-12.94,-1.61,-15.01,1.51,0.66,4.9,0.374,17.1,False,False,False,False,False,False,True,True,False,True,False,True,False,False,False,False,2026-11-12,False,True,3,"thin RVOL, below 200-MA, large gap",ADR,4,https://www.tradingview.com/chart/?symbol=NASDAQ:FIGR&interval=D,False,False,False
RRR,"Red Rock Resorts, Inc.",NASDAQ,Hotels/Resorts/Cruise lines,50.31,50.04,52.24,54.26,57.87,59.11,58.18,59.32,50.46,52.38,50.77,48.97,4.15,3.92,1.97,1456093.5,1110082.2333333334,55848237.0,60228252.0,1.09,1.23,5283364569.590436,-11.55,286,-21.77,287,-7.33,274,-13.55,-3.33,-3.7,1.01,0.91,67.9,0.199,18.45,False,False,False,False,False,True,True,False,False,True,False,False,False,False,False,False,2026-11-03,False,False,3,"LoD>60% ATR, thin RVOL, below 200-MA",near21,3,https://www.tradingview.com/chart/?symbol=NASDAQ:RRR&interval=D,False,False,False
ERAS,"Erasca, Inc.",NASDAQ,Pharmaceuticals: Major,14.74,14.56,15.18,16.02,16.91,15.96,15.75,13.98,14.71,15.29,15.26,14.57,6.54,6.7,0.99,4244334.3,4524359.533333333,66689060.0,72467421.0,0.81,1.58,5155492205.5336075,-13.14,305,-17.47,257,-10.18,290,-13.6,-1.92,-2.89,0.54,0.7,17.2,0.203,19.87,False,False,False,True,True,True,True,True,False,True,False,True,False,False,False,False,2026-11-11,False,False,5,thin RVOL,"near21, ADR",7,https://www.tradingview.com/chart/?symbol=NASDAQ:ERAS&interval=D,False,False,False
LAZ,"Lazard, Inc.",NYSE,Investment Banks/Brokers,36.07,36.31,38.23,39.97,41.36,42.85,43.47,45.59,36.62,38.06,37.5,35.98,4.27,4.47,1.61,1637863.2,1653203.8333333333,59631062.0,66075251.0,0.52,1.07,3515041896.7733264,-16.16,333,-14.63,235,-10.47,292,-13.75,-2.86,-5.64,1.17,0.95,5.9,0.31,25.74,False,False,False,False,False,True,True,False,False,True,False,True,False,False,False,False,2026-10-22,False,False,4,"thin RVOL, below 200-MA",near21,4,https://www.tradingview.com/chart/?symbol=NYSE:LAZ&interval=D,False,False,False
PENN,"PENN Entertainment, Inc.",NASDAQ,Casinos/Gaming,14.77,15.25,16.3,16.68,17.88,18.85,17.72,16.74,15.3,16.09,15.04,14.34,4.31,4.37,0.65,3630099.8,3043888.066666667,44958227.0,50769516.0,1.12,1.58,1980163587.3987603,-10.62,270,-31.27,351,0.27,248,-13.87,-3.98,-9.38,1.88,1.07,65.9,0.285,24.38,False,False,False,False,False,False,False,False,False,False,True,False,False,False,False,False,2026-10-29,False,False,3,"LoD>60% ATR, thin RVOL, below 200-MA",,1,https://www.tradingview.com/chart/?symbol=NASDAQ:PENN&interval=D,False,False,False
EROC,"ERock, Inc.",NYSE,Electrical Products,12.65,12.45,12.41,12.44,12.32,,,,12.37,12.42,13.07,12.18,6.97,8.48,1.07,2152504.1,2434174.2,30792304.0,30276259.0,0.95,3.17,2775410920.378601,11.85,101,-16.56,249,-37.06,386,-13.92,0.31,1.9,0.22,0.83,43.8,0.203,0.98,False,True,False,False,True,True,True,False,False,True,False,True,False,False,False,True,2026-12-02,False,True,3,"thin RVOL, below 200-MA, large gap",near21,7,https://www.tradingview.com/chart/?symbol=NYSE:EROC&interval=D,False,False,False
NG,Novagold Resources Inc.,AMEX,Precious Metals,6.55,6.94,7.24,7.76,7.46,7.29,8.04,8.59,6.84,7.17,6.7,6.47,5.12,6.15,0.4,4683870.4,5720998.3,37472539.0,44404482.0,0.93,2.49,2874013223.8317757,-20.8,372,3.48,140,-24.54,341,-13.95,-1.99,-9.47,1.42,0.58,19.9,0.276,25.28,False,False,False,False,False,True,True,True,False,True,False,True,False,False,False,False,2026-10-08,True,True,2,"thin RVOL, earnings soon, below 200-MA, large gap","near21, ADR",4,https://www.tradingview.com/chart/?symbol=AMEX:NG&interval=D,False,False,False
PPC,Pilgrim's Pride Corporation,NASDAQ,Agricultural Commodities/Milling,27.5,27.63,28.82,29.7,29.15,28.81,30.99,33.57,27.59,28.44,27.62,25.0,4.14,4.32,1.19,1639061.9,1420757.4333333333,39070829.0,42195549.0,1.34,-0.79,6547984931.845239,-11.6,289,-3.71,180,-27.42,351,-14.25,-1.31,-4.57,0.76,2.21,210.5,0.199,21.62,False,False,False,False,False,True,False,False,False,True,True,False,False,False,True,False,2026-10-28,False,False,3,"LoD>60% ATR, thin RVOL, below 200-MA","near21, RVOL",2,https://www.tradingview.com/chart/?symbol=NASDAQ:PPC&interval=D,False,False,False
MIR,"Mirion Technologies, Inc.",NYSE,Aerospace & Defense,14.6,15.21,15.67,15.49,15.52,16.47,17.51,19.13,14.95,15.31,14.84,14.37,4.42,4.52,0.66,3625087.9,3682112.9,53758848.0,57021200.0,0.81,1.6,3635949734.2578397,-5.32,223,-19.34,271,-18.44,321,-14.36,-1.31,-6.8,1.03,0.71,34.8,0.22,26.85,False,False,False,False,False,True,True,True,False,True,False,True,False,False,False,False,2026-11-03,False,False,4,"thin RVOL, below 200-MA","near21, ADR",5,https://www.tradingview.com/chart/?symbol=NYSE:MIR&interval=D,False,False,False
SRPT,"Sarepta Therapeutics, Inc.",NASDAQ,Pharmaceuticals: Major,17.5,18.77,19.81,20.09,18.86,18.05,18.66,19.12,18.63,19.23,17.76,17.21,5.6,6.29,1.1,2355532.1,2953529.533333333,51686767.0,59327548.0,0.93,1.02,1848472849.6015937,-17.96,349,-4.94,186,-20.2,325,-14.37,-1.14,-11.68,1.43,0.5,26.4,0.277,10.11,False,False,False,False,False,True,True,True,False,True,False,True,False,False,False,False,2026-11-04,False,False,4,"thin RVOL, below 200-MA","near21, ADR",5,https://www.tradingview.com/chart/?symbol=NASDAQ:SRPT&interval=D,False,False,False
ENPH,"Enphase Energy, Inc.",NASDAQ,Electrical Products,33.47,32.95,34.71,35.54,36.96,44.05,41.86,41.23,33.26,34.45,34.19,33.15,4.4,5.24,1.75,5227501.2,4615531.966666667,154481855.0,164015236.0,0.85,2.38,4422880994.944242,-5.65,225,-28.59,338,-9.16,282,-14.47,-1.8,-3.58,0.54,0.6,18.5,0.236,33.16,False,False,False,False,False,True,True,True,False,True,False,True,False,False,False,False,2026-10-27,False,True,3,"thin RVOL, below 200-MA, large gap","near21, ADR",5,https://www.tradingview.com/chart/?symbol=NASDAQ:ENPH&interval=D,False,False,False
KVYO,"Klaviyo, Inc. Series A",NYSE,Packaged Software,15.71,15.87,16.29,17.26,17.58,16.53,17.36,19.2,15.94,16.44,16.43,15.68,5.08,5.89,0.93,6153406.4,6248492.566666666,98163818.0,107846899.0,0.47,0.86,4473068092.491662,-22.11,384,-3.38,178,-18.18,320,-14.56,-1.81,-3.57,0.75,0.82,3.8,0.206,21.23,False,False,False,False,False,True,True,False,False,True,False,True,False,False,False,False,2026-11-11,False,False,4,"thin RVOL, below 200-MA",near21,4,https://www.tradingview.com/chart/?symbol=NYSE:KVYO&interval=D,False,False,False
AVAV,"AeroVironment, Inc.",NASDAQ,Aerospace & Defense,140.82,149.74,150.78,150.12,158.1,162.13,173.76,201.24,147.1,150.56,142.72,138.31,5.21,5.61,7.91,1259217.7,1960179.3,276032449.0,294265057.0,0.93,0.95,7156571074.363481,-2.28,205,-21.88,288,-20.27,327,-14.81,-1.95,-6.61,1.15,0.56,31.7,0.193,36.57,False,False,False,False,False,True,True,True,False,True,False,True,False,False,False,False,2026-12-08,False,False,4,"thin RVOL, below 200-MA","near21, ADR",5,https://www.tradingview.com/chart/?symbol=NASDAQ:AVAV&interval=D,False,False,False
EYE,"National Vision Holdings, Inc.",NASDAQ,Specialty Stores,16.4,16.4,16.64,16.97,18.57,18.34,20.72,22.37,16.46,16.82,16.86,16.27,4.42,4.41,0.72,2165395.8,2302725.1333333333,37764692.0,39073024.0,0.85,1.65,1296736703.9999998,-2.03,202,-14.54,234,-28.57,357,-15.05,-2.65,-1.46,0.56,0.81,17.3,0.097,36.37,False,False,False,False,True,True,True,False,True,True,False,True,False,False,False,False,2026-11-11,False,False,4,"thin RVOL, below 200-MA","near21, BB",6,https://www.tradingview.com/chart/?symbol=NASDAQ:EYE&interval=D,False,False,False
LUMN,"Lumen Technologies, Inc.",NYSE,Major Telecommunications,5.75,5.85,6.3,6.27,6.29,7.3,7.41,7.55,5.85,6.09,5.88,5.6,4.84,5.36,0.31,12067560.2,12967233.966666667,74561595.0,81282945.0,0.87,1.61,5930811411.046511,-10.58,269,-20.14,275,-14.81,308,-15.18,-1.61,-8.68,1.04,0.89,47.0,0.328,29.54,False,False,False,False,False,True,True,False,False,True,False,True,False,False,False,False,2026-11-04,False,False,4,"thin RVOL, below 200-MA",near21,4,https://www.tradingview.com/chart/?symbol=NYSE:LUMN&interval=D,False,False,False
TRU,TransUnion,NYSE,Financial Publishing/Services,63.44,66.82,71.67,75.96,77.74,74.58,73.72,75.43,66.53,70.78,66.66,61.68,4.24,4.75,3.01,2938108.6,2537767.8,160995989.0,192756999.0,1.54,-0.26,12155104446.87552,-23.59,391,-15.62,239,-6.75,271,-15.32,-3.87,-11.49,2.18,1.65,58.4,0.322,17.22,False,False,False,False,False,False,False,False,False,False,True,True,True,True,True,False,2026-10-27,False,False,5,below 200-MA,RVOL,2,https://www.tradingview.com/chart/?symbol=NYSE:TRU&interval=D,False,False,False
GPK,Graphic Packaging Holding Company,NYSE,Containers/Packaging,8.78,9.25,9.46,10.07,10.64,10.59,10.37,11.36,9.21,9.6,9.13,8.7,4.04,4.37,0.38,6917999.2,6201973.3,54453326.0,62445602.0,1.2,1.45,2599508340.3080354,-19.3,359,-18.48,262,-8.54,278,-15.44,-4.0,-7.17,1.96,1.12,20.9,0.149,24.03,False,False,False,False,False,False,False,False,False,False,True,True,False,False,False,False,2026-11-03,False,False,4,"thin RVOL, below 200-MA",,2,https://www.tradingview.com/chart/?symbol=NYSE:GPK&interval=D,False,False,False
NYT,New York Times Company (The),NYSE,Publishing: Newspapers,62.7,64.14,66.56,66.92,67.66,70.86,74.23,73.65,64.36,65.72,63.51,58.95,4.41,3.94,2.47,4226070.4,3011397.9,188814648.0,201510702.0,1.12,-1.51,10112480157.174698,-7.51,240,-12.65,218,-26.44,346,-15.53,-1.86,-5.8,1.17,1.85,151.8,0.197,16.11,False,False,False,False,False,True,False,False,False,True,True,False,False,True,False,False,2026-11-11,False,False,4,"LoD>60% ATR, below 200-MA",near21,2,https://www.tradingview.com/chart/?symbol=NYSE:NYT&interval=D,False,False,False
COUR,"Coursera, Inc.",NYSE,Miscellaneous Commercial Services,5.02,4.99,5.16,5.5,5.59,5.55,5.69,5.93,5.02,5.2,5.23,5.01,4.23,4.99,0.25,8926777.8,6081446.966666667,30528864.0,33468230.0,0.72,0.39,1327287949.602362,-18.51,353,-16.89,253,-12.7,301,-16.03,-2.04,-2.67,0.7,0.88,4.0,0.198,18.76,False,False,False,False,True,True,True,False,False,True,False,True,False,False,False,False,2026-10-22,False,False,4,"thin RVOL, below 200-MA",near21,5,https://www.tradingview.com/chart/?symbol=NYSE:COUR&interval=D,False,False,False
FSLR,"First Solar, Inc.",NASDAQ,Semiconductors,174.61,181.42,192.44,197.01,207.51,227.9,218.08,224.23,180.63,189.69,178.27,173.1,4.9,5.05,8.82,2657598.9,2238546.933333333,390872680.0,441014639.0,0.69,1.66,18765299678.94655,-12.41,297,-24.76,311,-11.26,296,-16.14,-3.14,-9.27,1.57,0.59,17.1,0.293,26.62,False,False,False,False,False,False,True,True,False,True,False,True,False,True,False,False,2026-10-29,False,False,5,below 200-MA,ADR,4,https://www.tradingview.com/chart/?symbol=NASDAQ:FSLR&interval=D,False,False,False
ENOV,Enovis Corporation,NYSE,Medical Specialties,17.77,18.21,18.4,20.15,23.04,23.41,23.58,23.8,18.26,19.17,18.27,17.68,4.53,5.6,0.99,1647037.3,1800812.5333333337,32000439.0,36291175.0,0.77,1.22,1024786808.2576177,-13.32,306,-13.7,224,-21.89,334,-16.3,-4.08,-3.43,1.3,0.6,9.5,0.112,31.42,False,False,False,False,False,True,True,True,False,True,False,True,False,False,False,False,2026-11-11,False,False,4,"thin RVOL, below 200-MA","near21, ADR",5,https://www.tradingview.com/chart/?symbol=NYSE:ENOV&interval=D,False,False,False
ALM,Almonty Industries Inc.,NASDAQ,Other Metals/Minerals,13.4,13.49,14.61,15.8,14.99,16.07,17.11,15.7,13.59,14.35,13.77,13.19,6.24,8.0,1.07,6244115.4,6270475.033333333,84024365.0,99074551.0,0.89,0.15,3865642051.016692,-25.72,396,-18.42,261,-5.83,266,-16.66,-1.33,-8.27,0.83,0.54,19.6,0.499,27.05,False,False,False,False,False,True,True,True,False,True,False,True,False,False,False,False,2026-11-17,False,False,4,"thin RVOL, below 200-MA","near21, ADR",5,https://www.tradingview.com/chart/?symbol=NASDAQ:ALM&interval=D,False,False,False
AXON,"Axon Enterprise, Inc.",NASDAQ,Aerospace & Defense,413.35,433.95,455.54,496.62,529.79,502.94,483.06,496.96,433.59,461.58,429.76,408.24,4.73,5.45,22.55,941941.7,966149.9333333333,399358075.0,479813889.0,0.84,1.79,33579483363.68217,-19.99,364,-29.59,344,-0.4,249,-16.66,-4.03,-9.26,1.92,0.95,22.7,0.256,23.19,False,False,False,False,False,False,True,False,False,False,False,True,False,True,False,False,2026-11-10,False,False,5,below 200-MA,,3,https://www.tradingview.com/chart/?symbol=NASDAQ:AXON&interval=D,False,False,False
UAA,"Under Armour, Inc.",NYSE,Apparel/Footwear,4.71,4.53,4.77,4.9,5.39,5.73,5.91,5.97,4.59,4.77,4.85,4.61,4.29,4.58,0.22,11708498.2,9108905.866666667,42902947.0,44615421.0,1.2,2.16,2000128971.2780173,-5.04,220,-28.53,337,-16.93,316,-16.83,-2.77,-1.32,0.29,1.13,48.6,0.233,30.5,False,False,False,False,True,True,False,False,False,True,True,True,False,False,False,False,2026-11-05,False,True,3,"thin RVOL, below 200-MA, large gap",near21,4,https://www.tradingview.com/chart/?symbol=NYSE:UAA&interval=D,False,False,False
AN,"AutoNation, Inc.",NYSE,Specialty Stores,162.46,163.63,181.29,187.7,196.83,194.43,195.27,198.62,166.55,176.64,167.98,162.37,5.21,4.56,7.41,583172.6,572050.0333333333,92935248.0,107373601.0,0.58,1.19,5371058766.3382015,-20.63,370,-12.58,217,-17.4,317,-16.87,-3.83,-10.39,1.76,0.76,1.2,0.454,21.54,False,False,False,False,False,False,True,True,False,True,False,True,False,False,False,False,2026-10-22,False,False,4,"thin RVOL, below 200-MA",ADR,4,https://www.tradingview.com/chart/?symbol=NYSE:AN&interval=D,False,False,False
PLUG,"Plug Power, Inc.",NASDAQ,Electronic Production Equipment,1.9,1.97,2.04,2.09,2.11,2.54,2.58,2.47,1.96,2.02,1.95,1.88,4.7,5.56,0.11,45754483.2,50239598.43333333,95455237.0,104866788.0,0.77,2.12,2654670841.798942,-8.43,250,-29.1,343,-13.24,303,-16.93,-1.79,-6.93,1.08,0.66,18.9,0.205,32.06,False,False,False,False,False,True,True,False,False,True,False,True,False,False,False,False,2026-11-10,False,True,3,"thin RVOL, below 200-MA, large gap",near21,4,https://www.tradingview.com/chart/?symbol=NASDAQ:PLUG&interval=D,False,False,False
LUNR,"Intuitive Machines, Inc.",NASDAQ,Aerospace & Defense,14.71,15.13,14.8,15.16,15.28,20.47,21.07,20.22,14.77,14.99,15.34,14.12,6.68,7.11,1.05,8209842.9,7096972.7,104396468.0,107606666.0,0.99,1.53,3367473019.9686832,-0.88,195,-27.23,326,-23.82,339,-17.31,-0.52,-0.6,0.27,1.17,56.4,0.192,42.64,False,False,False,False,True,True,False,False,False,True,True,True,False,False,False,False,2026-11-18,False,False,4,"thin RVOL, below 200-MA",near21,4,https://www.tradingview.com/chart/?symbol=NASDAQ:LUNR&interval=D,False,False,False
AIR,AAR Corp.,NYSE,Aerospace & Defense,102.51,111.59,116.29,121.39,129.83,127.45,122.55,117.34,109.36,115.76,104.45,99.18,5.72,5.66,5.8,867478.2,539989.6333333333,55354337.0,65547362.0,1.28,1.15,4120308535.85045,-18.93,356,-28.71,339,-4.7,263,-17.45,-3.72,-11.85,2.02,0.91,57.4,0.286,17.79,False,False,False,False,False,False,True,False,False,False,False,True,False,False,True,False,2027-01-06,False,False,4,"thin RVOL, below 200-MA",RVOL,3,https://www.tradingview.com/chart/?symbol=NYSE:AIR&interval=D,False,False,False
RKT,"Rocket Companies, Inc.",NYSE,Finance/Rental/Leasing,11.7,11.99,12.6,13.01,13.37,13.7,14.13,15.57,12.02,12.49,12.66,11.66,4.88,5.44,0.64,41783659.5,32778506.066666666,383508521.0,426579478.0,0.91,5.76,33130216262.78195,-10.28,267,-26.37,322,-16.07,313,-17.57,-2.3,-7.13,1.16,1.56,5.5,0.239,30.6,False,False,False,False,False,True,False,False,False,True,True,True,False,True,False,False,2026-10-29,False,True,4,"below 200-MA, large gap",near21,3,https://www.tradingview.com/chart/?symbol=NYSE:RKT&interval=D,False,False,False
LBRT,Liberty Energy Inc.,NYSE,Oilfield Services/Equipment,19.31,18.57,19.41,19.38,19.51,23.69,25.73,24.84,18.81,19.16,19.33,18.16,4.46,5.01,0.97,4466015.7,3760425.8,72613822.0,72890840.0,1.3,-0.92,3151226231.9615593,-1.63,201,-20.8,280,-30.69,363,-17.71,-0.21,-0.52,0.15,1.21,118.9,0.232,37.07,False,False,False,False,True,True,False,False,False,True,True,False,False,False,True,False,2026-10-21,False,False,3,"LoD>60% ATR, thin RVOL, below 200-MA","near21, RVOL",3,https://www.tradingview.com/chart/?symbol=NYSE:LBRT&interval=D,False,False,False
MIAX,"Miami International Holdings, Inc.",NYSE,Investment Banks/Brokers,33.01,34.91,37.88,39.58,41.4,42.49,42.6,42.64,34.98,37.15,33.99,32.89,4.23,4.52,1.49,1461474.0,1561544.2666666666,51546576.0,61800717.0,0.99,0.65,3275611876.96,-21.83,381,-16.11,245,-15.75,312,-17.9,-4.48,-12.86,2.47,0.74,8.0,0.366,23.43,False,False,False,False,False,False,True,False,False,False,False,True,False,False,False,False,2026-11-11,False,False,4,"thin RVOL, below 200-MA",,3,https://www.tradingview.com/chart/?symbol=NYSE:MIAX&interval=D,False,False,False
FOUR,"Shift4 Payments, Inc.",NYSE,Miscellaneous Commercial Services,36.17,37.55,40.15,41.76,44.49,44.42,44.76,48.9,37.64,39.71,36.8,35.28,4.88,6.05,2.19,2243525.4,2150427.6666666665,77780969.0,89811178.0,0.75,0.59,2855987453.380551,-11.78,292,-27.7,331,-14.23,306,-17.9,-3.09,-9.92,1.47,0.69,40.7,0.309,31.38,False,False,False,False,False,True,True,False,False,True,False,True,False,False,False,False,2026-11-11,False,False,4,"thin RVOL, below 200-MA",near21,4,https://www.tradingview.com/chart/?symbol=NYSE:FOUR&interval=D,False,False,False
BOOT,"Boot Barn Holdings, Inc.",NYSE,Apparel/Footwear Retail,121.88,123.88,130.67,138.87,147.35,154.12,156.91,165.17,124.4,130.93,123.08,120.0,4.47,4.48,5.46,649067.7,667458.9666666667,81349899.0,92691362.0,1.18,1.46,3691116821.859481,-17.77,348,-24.37,309,-12.2,300,-18.11,-3.85,-6.73,1.54,0.56,34.4,0.332,33.88,False,False,False,False,False,False,True,True,False,True,False,True,False,False,False,False,2026-11-04,False,False,4,"thin RVOL, below 200-MA",ADR,4,https://www.tradingview.com/chart/?symbol=NYSE:BOOT&interval=D,False,False,False
VSEC,VSE Corporation,NASDAQ,Engineering & Construction,167.28,174.23,181.94,191.96,202.17,199.14,197.76,198.58,172.85,182.09,169.79,159.94,4.97,5.38,9.0,417317.9,375190.6,62761884.0,72022588.0,1.44,2.79,4694708342.678278,-16.07,332,-28.12,333,-10.33,291,-18.17,-3.21,-8.06,1.51,1.09,81.5,0.266,16.7,False,False,False,False,False,False,False,False,False,False,True,False,False,False,True,False,2026-10-28,False,True,2,"LoD>60% ATR, thin RVOL, below 200-MA, large gap",RVOL,1,https://www.tradingview.com/chart/?symbol=NASDAQ:VSEC&interval=D,False,False,False
LEU,Centrus Energy Corp.,NYSE,Other Metals/Minerals,139.27,145.48,151.82,161.1,169.04,170.54,180.04,200.49,143.97,151.56,144.02,138.38,4.95,6.4,8.91,575520.2,713778.1333333321,99407881.0,114989419.0,0.73,3.52,2848504322.246783,-17.15,342,-18.56,263,-20.5,328,-18.73,-2.75,-8.26,1.27,0.63,10.0,0.369,39.5,False,False,False,False,False,True,True,False,False,True,False,True,False,False,False,False,2026-11-11,False,True,3,"thin RVOL, below 200-MA, large gap",near21,4,https://www.tradingview.com/chart/?symbol=NYSE:LEU&interval=D,False,False,False
BBAI,"BigBear.ai, Inc.",NYSE,Packaged Software,2.65,2.76,2.8,2.89,2.95,3.4,3.53,3.97,2.73,2.81,2.83,2.58,4.84,5.4,0.14,14713892.2,15724763.8,41670624.0,45439326.0,1.77,2.92,1270660447.2445254,-9.56,261,-27.4,327,-19.82,324,-18.92,-1.89,-5.37,1.06,1.75,48.9,0.127,45.64,False,False,False,False,False,True,False,False,False,True,True,True,True,True,True,False,2026-11-11,False,True,4,"below 200-MA, large gap","near21, RVOL",3,https://www.tradingview.com/chart/?symbol=NYSE:BBAI&interval=D,False,False,False
NNE,Nano Nuclear Energy Inc.,NASDAQ,Electrical Products,15.62,16.46,16.68,17.22,17.5,20.23,21.3,23.41,16.2,16.68,16.4,15.6,5.49,6.36,0.99,1790594.4,1800011.2333333334,28116175.0,31000993.0,0.82,3.75,838764969.4405595,-10.38,268,-25.55,317,-21.39,330,-19.11,-1.69,-6.36,1.0,0.81,2.5,0.235,44.5,False,False,False,False,False,True,True,False,False,True,False,True,False,False,False,False,2026-12-17,False,True,3,"thin RVOL, below 200-MA, large gap",near21,4,https://www.tradingview.com/chart/?symbol=NASDAQ:NNE&interval=D,False,False,False
USAR,"USA Rare Earth, Inc.",NASDAQ,Metal Fabrication,13.59,15.01,15.56,16.5,16.72,19.29,19.51,19.3,14.65,15.5,14.09,13.54,5.1,6.8,0.92,13018609.9,13329042.266666668,181141684.0,219929197.0,0.8,1.78,5097290637.508695,-21.72,379,-32.69,358,-4.13,259,-19.51,-2.75,-12.68,1.81,0.6,5.4,0.303,33.07,False,False,False,False,False,False,True,False,False,False,False,True,False,False,False,False,2026-11-05,False,False,4,"thin RVOL, below 200-MA",,3,https://www.tradingview.com/chart/?symbol=NASDAQ:USAR&interval=D,False,False,False
ASTS,"AST SpaceMobile, Inc.",NASDAQ,Specialty Telecommunications,58.45,60.32,60.65,60.83,62.7,73.6,77.4,81.09,59.6,60.61,59.54,55.42,6.42,7.02,4.1,10994493.8,10209762.566666666,596760622.0,621053050.0,1.31,-0.49,22746840485.669704,0.02,191,-33.14,362,-26.2,344,-19.77,-0.96,-3.63,0.51,1.0,73.8,0.138,35.54,False,False,False,False,False,True,False,False,False,True,True,False,False,True,True,False,2026-11-16,False,False,4,"LoD>60% ATR, below 200-MA","near21, RVOL",2,https://www.tradingview.com/chart/?symbol=NASDAQ:ASTS&interval=D,False,False,False
IBP,"Installed Building Products, Inc.",NYSE,Engineering & Construction,193.0,198.13,203.03,216.06,224.83,220.32,241.1,255.38,197.23,205.22,199.24,188.66,4.26,4.76,9.19,401557.4,408840.13333333336,78906146.0,88335635.0,0.95,1.88,5129781245.230928,-17.48,346,-14.47,233,-27.44,352,-19.8,-2.97,-4.94,1.25,1.15,47.2,0.225,29.66,False,False,False,False,False,True,False,False,False,True,True,True,False,False,False,False,2026-11-11,False,False,4,"thin RVOL, below 200-MA",near21,3,https://www.tradingview.com/chart/?symbol=NYSE:IBP&interval=D,False,False,False
MIRM,"Mirum Pharmaceuticals, Inc.",NASDAQ,Pharmaceuticals: Major,82.93,87.96,92.79,94.65,98.2,103.33,100.34,98.25,87.8,91.53,84.68,81.41,4.65,4.61,3.82,822808.7,688985.2333333333,57137545.0,65212682.0,1.28,0.89,5384827660.24857,-16.19,335,-31.79,353,-11.44,297,-19.81,-3.38,-10.63,2.04,0.86,39.8,0.241,18.54,False,False,False,False,False,False,True,False,False,False,False,True,False,False,True,False,2026-11-17,False,False,4,"thin RVOL, below 200-MA",RVOL,3,https://www.tradingview.com/chart/?symbol=NASDAQ:MIRM&interval=D,False,False,False
OKLO,Oklo Inc.,NYSE,Industrial Machinery,35.87,37.9,38.39,39.22,40.61,48.55,52.74,59.46,37.33,38.39,37.46,35.65,5.1,6.23,2.24,8141209.2,9945178.433333334,356733550.0,390023378.0,1.11,3.21,6672453151.156336,-5.7,227,-32.06,357,-21.94,335,-19.9,-1.87,-6.56,1.05,0.81,9.8,0.234,60.09,False,False,False,False,False,True,True,False,False,True,False,True,False,False,False,False,2026-11-18,False,True,3,"thin RVOL, below 200-MA, large gap",near21,4,https://www.tradingview.com/chart/?symbol=NYSE:OKLO&interval=D,False,False,False
ESAB,ESAB Corporation,NYSE,Industrial Machinery,69.9,68.03,68.78,71.75,77.71,84.73,90.31,98.07,68.21,70.02,70.2,67.76,4.11,4.36,3.05,1055640.9,896579.2,62670886.0,64330155.0,0.89,2.76,4345529856.401431,-6.12,231,-26.42,323,-27.68,353,-20.08,-2.31,1.62,0.04,0.8,70.3,0.162,42.97,False,False,False,False,True,True,True,False,False,True,False,False,False,False,False,False,2026-11-04,False,True,2,"LoD>60% ATR, thin RVOL, below 200-MA, large gap",near21,4,https://www.tradingview.com/chart/?symbol=NYSE:ESAB&interval=D,False,False,False
UPST,"Upstart Holdings, Inc.",NASDAQ,Finance/Rental/Leasing,22.81,23.94,24.85,26.35,27.47,29.36,29.21,32.25,23.75,24.96,23.56,22.78,4.07,4.93,1.12,4671892.6,4204855.066666666,95912744.0,110800734.0,0.84,2.4,2219710728.643137,-16.54,339,-36.71,373,-7.5,276,-20.25,-3.44,-8.21,1.75,0.7,3.1,0.224,36.46,False,False,False,False,False,False,True,False,False,False,False,True,False,False,False,False,2026-11-10,False,True,3,"thin RVOL, below 200-MA, large gap",,3,https://www.tradingview.com/chart/?symbol=NASDAQ:UPST&interval=D,False,False,False
SMR,NuScale Power Corporation,NYSE,Electrical Products,7.75,8.24,8.77,8.99,9.01,9.67,10.33,11.95,8.15,8.54,8.04,7.6,6.12,7.5,0.58,31853121.4,37371681.03333333,289630528.0,336058613.0,0.73,3.15,3330355376.026958,-15.16,325,-24.02,304,-21.88,333,-20.35,-1.87,-11.64,1.23,0.76,25.0,0.438,47.87,False,False,False,False,False,True,True,False,False,True,False,True,False,False,False,False,2026-11-05,False,True,3,"thin RVOL, below 200-MA, large gap",near21,4,https://www.tradingview.com/chart/?symbol=NYSE:SMR&interval=D,False,False,False
UEC,Uranium Energy Corp.,AMEX,Other Metals/Minerals,9.3,9.58,10.14,10.92,10.79,11.25,12.21,13.03,9.6,10.08,9.74,9.23,5.31,6.32,0.59,10179363.6,9660244.8,89840277.0,105441572.0,0.8,3.31,4608937129.74359,-20.03,366,-13.41,223,-27.68,354,-20.37,-2.18,-8.28,1.23,0.87,11.9,0.313,37.03,False,False,False,False,False,True,True,False,False,True,False,True,False,False,False,False,2026-12-16,False,True,3,"thin RVOL, below 200-MA, large gap",near21,4,https://www.tradingview.com/chart/?symbol=AMEX:UEC&interval=D,False,False,False
FTFT,Future FinTech Group Inc.,NASDAQ,Finance/Rental/Leasing,3.41,3.99,4.12,3.49,3.52,8.31,12.93,19.56,3.91,3.94,3.42,3.09,30.42,29.23,1.0,826478.3,11026040.066666666,37598797.0,38479189.0,0.15,-2.08,27544245.568452384,88.4,3,-67.31,416,-82.67,417,-20.53,-0.1,-17.23,0.46,0.33,32.1,1.667,470.63,False,False,False,False,False,True,True,True,False,True,False,True,False,False,False,False,,False,True,3,"thin RVOL, below 200-MA, large gap","near21, ADR",5,https://www.tradingview.com/chart/?symbol=NASDAQ:FTFT&interval=D,True,False,False
ACAD,ACADIA Pharmaceuticals Inc.,NASDAQ,Pharmaceuticals: Major,19.95,22.18,24.86,26.33,26.95,25.03,23.98,24.4,21.92,24.04,20.24,19.88,4.89,4.77,0.95,2872440.2,1980162.8,39504248.0,52142637.0,0.81,0.6,3437494848.3710403,-31.44,409,-21.49,286,-8.7,279,-20.54,-5.45,-19.76,3.57,0.38,7.9,0.526,23.89,False,False,False,False,False,False,True,True,False,True,False,True,False,False,False,False,2026-11-11,False,False,4,"thin RVOL, below 200-MA",ADR,4,https://www.tradingview.com/chart/?symbol=NASDAQ:ACAD&interval=D,False,False,False
AMPX,"Amprius Technologies, Inc.",NYSE,Electrical Products,9.67,9.68,9.62,9.73,10.14,12.66,14.46,13.45,9.64,9.74,9.91,9.54,5.65,6.12,0.59,6191566.7,4936449.8,47735470.0,48039884.0,0.82,2.81,1412599617.3361082,1.04,182,-27.73,332,-35.53,382,-20.74,-0.76,0.49,0.11,0.63,22.8,0.119,50.04,False,False,False,False,True,True,True,True,False,True,False,True,False,False,False,False,2026-11-05,False,True,3,"thin RVOL, below 200-MA, large gap","near21, ADR",6,https://www.tradingview.com/chart/?symbol=NYSE:AMPX&interval=D,False,False,False
LMND,"Lemonade, Inc.",NYSE,Multi-Line Insurance,46.49,45.7,47.66,49.57,50.89,55.77,57.24,61.78,46.19,47.7,48.47,45.94,4.01,4.51,2.09,1227106.5,1032535.1333333333,48002558.0,51185520.0,0.62,2.65,3598168458.951241,-9.73,264,-32.89,359,-20.26,326,-20.96,-1.92,-2.46,0.56,1.21,26.3,0.204,34.58,False,False,False,False,True,True,False,False,False,True,True,True,False,False,False,False,2026-11-10,False,True,3,"thin RVOL, below 200-MA, large gap",near21,4,https://www.tradingview.com/chart/?symbol=NYSE:LMND&interval=D,False,False,False
DKNG,DraftKings Inc.,NASDAQ,Movies/Entertainment,18.59,20.6,22.2,23.08,23.55,24.59,24.27,25.72,20.45,21.74,19.71,18.52,6.36,6.22,1.16,17981965.7,12761966.266666668,237244953.0,294524911.0,0.99,0.62,9229081362.571575,-22.15,385,-27.56,328,-14.84,309,-21.52,-3.38,-16.27,2.33,1.03,6.1,0.351,27.54,False,False,False,False,False,False,False,False,False,False,True,True,False,False,False,False,2026-10-30,False,False,4,"thin RVOL, below 200-MA",,2,https://www.tradingview.com/chart/?symbol=NASDAQ:DKNG&interval=D,False,False,False
CHWY,"Chewy, Inc.",NYSE,Internet Retail,18.17,18.63,20.02,21.28,21.92,21.16,22.66,24.49,18.75,19.85,18.34,17.82,4.21,5.01,0.91,10140664.2,9723349.933333334,176673268.0,206890199.0,0.74,1.47,7303017838.211626,-21.75,380,-12.18,215,-31.1,364,-21.67,-3.41,-9.25,1.69,0.58,38.4,0.335,32.28,False,False,False,False,False,False,True,True,False,True,False,True,False,False,False,False,2026-12-03,False,False,4,"thin RVOL, below 200-MA",ADR,4,https://www.tradingview.com/chart/?symbol=NYSE:CHWY&interval=D,False,False,False
GIL,"Gildan Activewear, Inc.",NYSE,Apparel/Footwear,41.0,43.19,45.88,48.36,51.18,53.2,55.11,57.97,43.2,45.69,42.11,40.75,4.44,4.48,1.84,2541131.8,1565550.1666666667,64187557.0,75703744.0,0.79,0.41,7592866032.359852,-19.21,357,-20.73,279,-25.24,342,-21.73,-4.44,-10.63,2.29,0.74,13.6,0.31,36.03,False,False,False,False,False,False,True,True,False,True,False,True,False,False,False,False,2026-10-29,False,False,4,"thin RVOL, below 200-MA",ADR,4,https://www.tradingview.com/chart/?symbol=NYSE:GIL&interval=D,False,False,False
RSI,"Rush Street Interactive, Inc.",NYSE,Casinos/Gaming,20.01,20.23,23.11,24.13,25.2,27.34,25.84,24.0,20.79,22.4,20.45,19.86,5.74,5.64,1.13,4701593.2,3205334.933333333,64138752.0,77345800.0,0.36,0.2,4637784986.759399,-21.9,383,-36.27,371,-7.36,275,-21.84,-3.65,-13.41,1.89,0.52,12.8,0.521,35.53,False,False,False,False,False,False,True,True,False,True,False,True,False,False,False,False,2026-11-04,False,False,4,"thin RVOL, below 200-MA",ADR,4,https://www.tradingview.com/chart/?symbol=NYSE:RSI&interval=D,False,False,False
CRK,"Comstock Resources, Inc.",NYSE,Oil & Gas Production,12.78,12.99,13.63,13.99,13.77,13.73,15.45,17.0,12.99,13.39,13.07,12.67,4.88,5.04,0.64,2557998.0,2815533.2666666666,35982515.0,39384618.0,0.78,-0.55,3752470992.294392,-18.6,355,-13.0,221,-34.7,379,-22.1,-1.42,-6.25,0.91,0.62,17.1,0.284,31.43,False,False,False,False,False,True,True,True,False,True,False,True,False,False,False,False,2026-11-03,False,False,4,"thin RVOL, below 200-MA","near21, ADR",5,https://www.tradingview.com/chart/?symbol=NYSE:CRK&interval=D,False,False,False
DNN,Denison Mines Corp,AMEX,Other Metals/Minerals,2.57,2.68,2.87,3.07,3.07,3.14,3.34,3.39,2.67,2.83,2.63,2.56,4.43,5.32,0.14,24817581.6,26010712.4,66847531.0,79896238.0,1.19,2.36,2326405369.1906075,-20.92,374,-18.67,265,-26.78,349,-22.12,-3.06,-10.58,1.75,0.51,7.3,0.377,27.53,False,False,False,False,False,False,True,True,False,True,False,True,False,False,False,False,2026-11-03,False,True,3,"thin RVOL, below 200-MA, large gap",ADR,4,https://www.tradingview.com/chart/?symbol=AMEX:DNN&interval=D,False,False,False
ALKT,"Alkami Technology, Inc.",NASDAQ,Packaged Software,13.89,14.76,17.04,18.08,18.53,17.67,17.38,18.05,14.86,16.38,14.21,13.78,5.5,6.37,0.89,2663781.7,1891055.2,26266757.0,34187757.0,0.48,0.78,1485424076.2799146,-28.71,406,-26.16,319,-11.87,299,-22.25,-3.93,-18.49,2.38,0.49,12.4,0.621,27.2,False,False,False,False,False,False,True,True,False,True,False,True,False,False,False,False,2026-10-29,False,False,4,"thin RVOL, below 200-MA",ADR,4,https://www.tradingview.com/chart/?symbol=NASDAQ:ALKT&interval=D,False,False,False
XRAY,DENTSPLY SIRONA Inc.,NASDAQ,Medical Specialties,8.67,9.26,9.8,10.22,11.13,11.07,11.36,11.61,9.2,9.74,8.85,8.59,4.33,4.67,0.4,5231278.9,4489724.866666666,38925915.0,45864784.0,1.05,0.0,1728398110.6338673,-20.39,368,-23.14,298,-23.61,338,-22.38,-4.74,-11.51,2.36,0.65,21.0,0.303,27.06,False,False,False,False,False,False,True,True,False,True,False,True,False,False,False,False,2026-10-29,False,False,4,"thin RVOL, below 200-MA",ADR,4,https://www.tradingview.com/chart/?symbol=NASDAQ:XRAY&interval=D,False,False,False
Z,"Zillow Group, Inc.",NASDAQ,Internet Software/Services,27.41,28.39,30.18,31.9,32.84,33.35,36.76,42.75,28.41,29.96,28.25,27.35,4.36,4.82,1.32,4905243.3,3885340.8333333335,106497192.0,123947553.0,0.63,1.26,6190812892.415135,-18.33,352,-18.01,259,-31.1,365,-22.48,-3.43,-9.19,1.77,0.68,4.5,0.295,52.39,False,False,False,False,False,False,True,False,False,False,False,True,False,False,False,False,2026-11-04,False,False,4,"thin RVOL, below 200-MA",,3,https://www.tradingview.com/chart/?symbol=NASDAQ:Z&interval=D,False,False,False
QXO,"QXO, Inc.",NYSE,Wholesale Distributors,12.06,12.15,12.16,12.62,13.35,14.76,16.75,18.44,12.05,12.34,12.49,11.95,4.66,4.94,0.6,21948443.5,17334351.033333335,209052273.0,218701729.0,0.73,3.32,12512138313.390873,-5.93,228,-26.95,325,-35.34,380,-22.74,-1.96,-0.84,0.46,0.9,18.1,0.182,52.14,False,False,False,False,True,True,True,False,False,True,False,True,False,True,False,False,2026-11-17,False,True,4,"below 200-MA, large gap",near21,5,https://www.tradingview.com/chart/?symbol=NYSE:QXO&interval=D,False,False,False
NAMS,NewAmsterdam Pharma Company N.V.,NASDAQ,Pharmaceuticals: Major,23.2,23.3,23.03,24.15,25.64,29.41,30.19,31.16,23.41,23.73,24.75,22.67,5.85,5.95,1.38,2020539.4,1656907.7333333334,38440259.0,40009903.0,0.75,1.82,2773262336.125828,-7.75,244,-34.22,366,-26.7,348,-22.89,-1.6,0.74,0.37,1.51,38.4,0.203,35.04,False,False,False,False,True,True,False,False,False,True,True,True,False,False,False,False,2026-11-11,False,False,4,"thin RVOL, below 200-MA",near21,4,https://www.tradingview.com/chart/?symbol=NASDAQ:NAMS&interval=D,False,False,False
KTOS,"Kratos Defense & Security Solutions, Inc.",NASDAQ,Aerospace & Defense,43.07,45.01,46.22,48.07,51.16,52.4,59.79,68.95,44.56,46.53,43.51,42.12,4.64,5.15,2.22,4469805.0,3733280.8666666667,160792407.0,179458811.0,0.97,1.12,8085157570.848434,-12.46,300,-22.24,290,-34.02,376,-22.91,-3.07,-6.82,1.44,0.62,42.6,0.165,55.59,False,False,False,False,False,True,True,True,False,True,False,True,False,False,False,False,2026-10-29,False,False,4,"thin RVOL, below 200-MA","near21, ADR",5,https://www.tradingview.com/chart/?symbol=NASDAQ:KTOS&interval=D,False,False,False
WEN,Wendy's Company (The),NASDAQ,Restaurants,6.12,6.5,6.95,7.46,7.64,7.56,7.37,7.55,6.52,6.92,6.38,6.11,4.2,4.8,0.29,5359763.6,6538621.9,40016366.0,48791197.0,0.7,1.28,1166900015.1743999,-26.0,398,-31.85,354,-10.92,295,-22.92,-4.15,-11.99,2.42,0.92,3.4,0.312,18.7,False,False,False,False,False,False,True,False,False,False,False,True,False,False,False,False,2026-11-11,False,False,4,"thin RVOL, below 200-MA",,3,https://www.tradingview.com/chart/?symbol=NASDAQ:WEN&interval=D,False,False,False
WING,Wingstop Inc.,NASDAQ,Restaurants,106.89,103.15,105.64,107.91,114.05,131.67,148.4,176.62,104.56,106.42,107.3,103.77,4.76,5.33,5.7,1308878.4,1266330.8333333333,135358103.0,136647650.0,0.52,-0.25,2911955767.9967422,-2.91,211,-39.61,380,-26.91,350,-23.15,-1.18,1.18,0.08,0.62,54.7,0.197,68.73,False,False,False,False,True,True,True,True,False,True,False,True,False,False,False,False,2026-10-28,False,False,4,"thin RVOL, below 200-MA","near21, ADR",6,https://www.tradingview.com/chart/?symbol=NASDAQ:WING&interval=D,False,False,False
ALNY,"Alnylam Pharmaceuticals, Inc.",NASDAQ,Pharmaceuticals: Major,219.72,245.51,247.41,246.4,241.49,266.89,283.07,302.88,241.66,244.45,231.36,219.4,4.25,4.78,10.51,1244330.8,1545111.0666666667,339491804.0,380708156.0,1.23,0.06,29400540630.88347,-10.86,274,-27.69,330,-31.98,369,-23.51,-1.89,-11.19,2.12,1.14,3.0,0.165,27.94,False,False,False,False,False,False,False,False,False,False,True,True,False,True,True,False,2026-10-29,False,False,5,below 200-MA,RVOL,2,https://www.tradingview.com/chart/?symbol=NASDAQ:ALNY&interval=D,False,False,False
TE,T1 Energy Inc.,NYSE,Electrical Products,3.92,3.93,4.21,4.32,4.54,6.39,6.2,6.48,3.93,4.15,4.05,3.85,6.06,8.24,0.32,19628292.9,19513070.5,76491236.0,84211908.0,0.81,4.29,1154348011.3672922,-7.55,241,-57.39,407,-7.33,273,-24.09,-1.65,-6.98,0.66,0.62,21.7,0.38,65.12,False,False,False,False,False,True,True,False,False,True,False,True,False,False,False,False,2026-11-11,False,True,3,"thin RVOL, below 200-MA, large gap",near21,4,https://www.tradingview.com/chart/?symbol=NYSE:TE&interval=D,False,False,False
GT,The Goodyear Tire & Rubber Company,NASDAQ,Automotive Aftermarket,4.84,5.09,5.28,5.57,5.97,6.14,6.4,7.1,5.07,5.31,5.09,4.84,4.26,4.89,0.24,9465559.8,9190030.766666668,44479749.0,51190003.0,1.11,0.99,1393429972.612326,-19.33,360,-26.33,321,-26.67,347,-24.11,-3.88,-8.33,1.81,1.06,0.0,0.259,41.43,False,False,False,False,False,False,False,False,False,False,True,True,False,False,False,False,2026-11-09,False,False,4,"thin RVOL, below 200-MA",,2,https://www.tradingview.com/chart/?symbol=NASDAQ:GT&interval=D,False,False,False
SEDG,"SolarEdge Technologies, Inc.",NASDAQ,Electrical Products,33.09,32.85,34.09,33.43,34.58,46.17,45.04,42.19,32.68,33.44,33.34,31.57,5.85,7.18,2.37,2594203.5,3066167.566666667,101459485.0,102512202.0,0.95,2.75,2035886970.4917395,2.07,174,-41.65,388,-34.6,378,-24.73,-0.6,-2.92,0.15,0.75,64.0,0.211,40.24,False,False,False,False,True,True,True,False,False,True,False,False,False,False,False,False,2026-11-11,False,True,2,"LoD>60% ATR, thin RVOL, below 200-MA, large gap",near21,4,https://www.tradingview.com/chart/?symbol=NASDAQ:SEDG&interval=D,False,False,False
BLDR,"Builders FirstSource, Inc.",NYSE,Home Improvement Chains,56.25,58.21,59.36,61.9,65.87,71.25,76.03,85.58,58.02,60.02,59.55,56.12,4.02,4.59,2.58,2301653.3,3192439.1666666665,179574703.0,197610920.0,0.4,2.96,6052300197.253705,-10.71,273,-34.67,368,-28.81,359,-24.73,-3.18,-5.23,1.37,1.33,4.8,0.144,48.64,False,False,False,False,False,True,False,False,False,True,True,True,False,False,False,False,2026-10-29,False,True,3,"thin RVOL, below 200-MA, large gap",near21,3,https://www.tradingview.com/chart/?symbol=NYSE:BLDR&interval=D,False,False,False
QNT,Quantinuum Inc.,NASDAQ,Computer Processing Hardware,46.08,49.02,49.64,50.23,53.07,,,,48.52,49.88,48.53,45.8,6.56,7.1,3.27,1969003.6,1768059.3666666667,81472176.0,88816105.0,0.93,1.01,12133239219.33162,-2.58,207,-40.92,385,-32.24,371,-25.25,-1.85,-7.17,1.07,0.83,8.6,0.148,8.78,False,False,False,False,False,True,True,False,False,True,False,True,False,True,False,False,2026-11-12,False,False,5,below 200-MA,near21,4,https://www.tradingview.com/chart/?symbol=NASDAQ:QNT&interval=D,False,False,False
AAP,Advance Auto Parts Inc.,NYSE,Specialty Stores,38.68,40.38,41.84,42.26,47.77,52.18,52.84,51.49,40.19,41.93,39.63,38.37,4.12,4.67,1.81,1905952.1,1874080.5,72489434.0,79193020.0,0.77,1.6,2336272159.752194,-9.52,260,-38.22,377,-28.1,356,-25.28,-4.07,-7.55,1.66,0.7,17.2,0.18,32.23,False,False,False,False,False,False,True,False,False,False,False,True,False,False,False,False,2026-11-18,False,False,4,"thin RVOL, below 200-MA",,3,https://www.tradingview.com/chart/?symbol=NYSE:AAP&interval=D,False,False,False
FTAI,FTAI Aviation Ltd.,NASDAQ,Aerospace & Defense,167.03,175.55,181.4,186.55,197.93,220.39,230.45,235.54,173.58,181.09,169.8,162.34,4.01,5.14,8.59,1188532.7000000016,1313818.7666666687,219447149.0,245096832.0,0.96,1.02,17155166374.934196,-11.66,290,-36.31,372,-30.28,362,-26.08,-3.04,-7.92,1.51,0.87,54.6,0.23,35.92,False,False,False,False,False,False,True,False,False,False,False,True,False,True,False,False,2026-11-03,False,False,5,below 200-MA,,3,https://www.tradingview.com/chart/?symbol=NASDAQ:FTAI&interval=D,False,False,False
PLNT,"Planet Fitness, Inc.",NYSE,Other Consumer Services,42.41,42.18,46.23,48.29,50.12,51.06,57.79,67.8,43.06,45.48,43.08,41.76,5.22,4.71,2.0,3655950.5,2382085.6,101024250.0,115030120.0,0.44,0.55,3203353240.9792113,-16.4,337,-21.05,283,-41.13,392,-26.19,-3.27,-8.26,1.43,0.66,32.3,0.369,60.43,False,False,False,False,False,True,True,True,False,True,False,True,False,False,False,False,2026-11-10,False,False,4,"thin RVOL, below 200-MA","near21, ADR",5,https://www.tradingview.com/chart/?symbol=NYSE:PLNT&interval=D,False,False,False
FLUT,Flutter Entertainment plc,NYSE,Casinos/Gaming,74.81,80.34,89.15,92.89,95.76,99.28,101.68,120.49,80.39,86.47,78.26,73.5,5.74,5.69,4.25,3048571.7,2824953.533333333,211334774.0,262395809.0,0.72,0.69,12982460897.65686,-23.51,390,-29.72,345,-25.41,343,-26.21,-3.85,-16.08,2.37,1.12,30.8,0.445,53.67,False,False,False,False,False,False,False,False,False,False,True,True,False,True,False,False,2026-11-18,False,False,5,below 200-MA,,2,https://www.tradingview.com/chart/?symbol=NYSE:FLUT&interval=D,False,False,False
MPT,"Medical Properties Trust, Inc.",NYSE,Real Estate Investment Trusts,3.27,3.52,3.59,3.75,4.02,4.42,4.61,4.78,3.48,3.62,3.44,3.25,4.22,4.29,0.14,10495065.1,10279437.3,33613760.0,38558169.0,1.23,0.89,1952843973.801187,-19.85,363,-29.83,346,-29.07,360,-26.25,-4.37,-9.02,2.25,1.36,14.3,0.21,38.74,False,False,False,False,False,False,False,False,False,False,True,True,False,False,True,False,2026-10-22,False,False,4,"thin RVOL, below 200-MA",RVOL,2,https://www.tradingview.com/chart/?symbol=NYSE:MPT&interval=D,False,False,False
CBRS,Cerebras Systems Inc.,NASDAQ,Packaged Software,166.43,194.46,194.11,190.91,201.05,,,,186.57,191.99,175.12,165.22,6.53,8.35,13.89,7880582.5,6779896.0,1128378091.0,1294348815.0,1.61,1.69,37255112196.26575,-2.1,203,-24.35,308,-52.45,404,-26.3,-2.06,-14.26,1.6,0.71,8.7,0.262,4.18,False,False,False,False,False,False,True,False,False,False,False,True,True,True,True,True,2026-12-02,False,False,5,below 200-MA,RVOL,4,https://www.tradingview.com/chart/?symbol=NASDAQ:CBRS&interval=D,False,False,False
STUB,"StubHub Holdings, Inc.",NYSE,Internet Software/Services,5.41,5.5,5.77,6.02,6.92,8.7,8.23,9.26,5.55,5.86,5.67,5.35,5.23,5.9,0.32,7111637.3,6608826.1,35753749.0,39769713.0,0.47,1.25,2067106771.2826476,-12.03,294,-57.67,408,-9.68,288,-26.46,-3.69,-6.27,1.3,1.0,18.8,0.234,69.42,False,False,False,False,False,True,False,False,False,True,True,True,False,False,False,False,2026-11-12,False,False,4,"thin RVOL, below 200-MA",near21,3,https://www.tradingview.com/chart/?symbol=NYSE:STUB&interval=D,False,False,False
QS,QuantumScape Corporation,NASDAQ,Electrical Products,4.57,4.79,5.0,5.23,5.41,6.43,6.58,7.33,4.76,4.99,4.75,4.55,4.9,5.39,0.25,11878312.8,12887510.366666667,58895922.0,67354425.0,0.95,3.49,2829348881.1851854,-15.99,330,-40.69,383,-22.93,337,-26.54,-2.87,-8.65,1.57,0.81,8.1,0.232,55.57,False,False,False,False,False,False,True,False,False,False,False,True,False,False,False,False,2026-10-28,False,True,3,"thin RVOL, below 200-MA, large gap",,3,https://www.tradingview.com/chart/?symbol=NASDAQ:QS&interval=D,False,False,False
EOSE,"Eos Energy Enterprises, Inc.",NASDAQ,Electrical Products,3.21,3.37,3.69,3.6,3.68,5.05,5.4,7.38,3.33,3.51,3.25,3.11,7.97,8.77,0.28,29379788.9,26802514.3,86036071.0,96444381.0,0.81,3.5,1168978532.7038217,-6.0,229,-41.95,389,-31.85,368,-26.6,-1.46,-12.95,0.98,0.5,35.5,0.458,124.82,False,False,False,False,False,True,True,True,False,True,False,True,False,False,False,False,2026-11-11,False,True,3,"thin RVOL, below 200-MA, large gap","near21, ADR",5,https://www.tradingview.com/chart/?symbol=NASDAQ:EOSE&interval=D,False,False,False
PUMP,ProPetro Holding Corp.,NYSE,Oilfield Services/Equipment,9.27,9.44,10.26,10.53,10.87,12.84,13.45,12.73,9.46,10.02,9.28,8.85,4.79,5.56,0.51,3964623.9,3697881.6333333333,34279363.0,38932530.0,0.74,-0.67,1138577678.66,-16.56,340,-30.98,349,-32.29,372,-26.61,-2.65,-9.62,1.35,0.85,82.5,0.392,43.25,False,False,False,False,False,True,True,False,False,True,False,False,False,False,False,False,2026-11-04,False,False,3,"LoD>60% ATR, thin RVOL, below 200-MA",near21,3,https://www.tradingview.com/chart/?symbol=NYSE:PUMP&interval=D,False,False,False
CAR,"Avis Budget Group, Inc.",NASDAQ,Finance/Rental/Leasing,111.22,107.82,115.95,124.79,132.7,149.47,168.07,156.05,109.76,116.35,112.54,106.12,5.01,5.28,5.88,437228.0,413343.23333333334,45972034.0,51582618.0,0.96,0.0,3928930268.195816,-20.56,369,-25.25,314,-34.58,377,-26.79,-3.06,-4.08,0.83,1.09,86.8,0.352,54.17,False,False,False,False,False,True,False,False,False,True,True,False,False,False,False,False,2026-11-02,False,False,3,"LoD>60% ATR, thin RVOL, below 200-MA",near21,2,https://www.tradingview.com/chart/?symbol=NASDAQ:CAR&interval=D,False,False,False
HYMC,Hycroft Mining Holding Corporation,NASDAQ,Precious Metals,18.71,20.25,20.89,22.12,22.82,24.92,29.44,30.8,19.93,20.95,19.5,18.56,6.31,7.72,1.45,1930193.8,2089753.933333329,39099296.0,46215257.0,0.67,2.43,1743429238.3349183,-15.78,328,-22.4,294,-42.38,393,-26.85,-2.33,-10.42,1.39,0.65,10.4,0.245,56.4,False,False,False,False,False,True,True,False,False,True,False,True,False,False,False,False,2026-11-03,False,True,3,"thin RVOL, below 200-MA, large gap",near21,4,https://www.tradingview.com/chart/?symbol=NASDAQ:HYMC&interval=D,False,False,False
STLA,Stellantis N.V.,NYSE,Motor Vehicles,4.4,4.58,4.9,5.04,5.24,5.93,6.42,7.24,4.61,4.82,4.54,4.36,4.27,4.87,0.21,31427645.500000022,25093147.833333332,110409850.0,126511287.0,1.39,-4.26,16561241582.642588,-16.51,338,-25.3,316,-40.86,390,-27.56,-3.3,-10.12,1.8,0.86,21.0,0.299,60.27,False,False,False,False,False,False,True,False,False,False,False,True,False,True,True,False,2026-10-28,False,True,4,"below 200-MA, large gap",RVOL,3,https://www.tradingview.com/chart/?symbol=NYSE:STLA&interval=D,False,False,False
INIO,INNIO N.V.,NASDAQ,Electrical Products,19.99,19.09,19.51,20.14,22.52,,,,19.09,19.85,20.11,18.7,5.96,7.17,1.43,5874505.9,5093587.166666667,101820807.0,102593335.0,0.86,2.84,14992500563.1756,-1.33,199,-47.52,398,-35.52,381,-28.12,-1.57,2.45,0.1,0.99,90.0,0.251,17.18,False,False,False,False,True,True,True,False,False,True,False,False,False,True,False,False,2026-12-02,False,True,3,"LoD>60% ATR, below 200-MA, large gap",near21,4,https://www.tradingview.com/chart/?symbol=NASDAQ:INIO&interval=D,False,False,False
UUUU,Energy Fuels Inc,AMEX,Other Metals/Minerals,10.73,11.32,12.15,13.09,13.13,14.29,16.14,17.13,11.29,12.03,11.08,10.66,4.42,5.81,0.62,6993378.8,6882712.9,73851509.0,90103889.0,0.93,3.17,2840536328.1111107,-24.44,394,-25.17,313,-36.88,383,-28.83,-3.14,-11.7,1.86,0.67,11.2,0.405,54.11,False,False,False,False,False,False,True,False,False,False,False,True,False,False,False,False,2026-10-30,False,True,3,"thin RVOL, below 200-MA, large gap",,3,https://www.tradingview.com/chart/?symbol=AMEX:UUUU&interval=D,False,False,False
FRMI,Fermi Inc.,NASDAQ,Real Estate Development,4.03,4.49,4.83,4.98,5.54,6.29,6.32,7.02,4.41,4.75,4.26,4.0,6.64,8.42,0.34,16013973.0,16437624.166666666,66243625.0,81914160.0,0.64,2.22,2581083526.4740744,-13.52,311,-52.7,404,-20.83,329,-29.01,-3.23,-16.61,1.8,0.77,8.8,0.405,62.84,False,False,False,False,False,False,True,False,False,False,False,True,False,False,False,False,2026-11-17,False,True,3,"thin RVOL, below 200-MA, large gap",,3,https://www.tradingview.com/chart/?symbol=NASDAQ:FRMI&interval=D,False,False,False
MTZ,"MasTec, Inc.",NYSE,Engineering & Construction,215.93,214.44,221.96,229.79,252.38,315.19,325.53,305.27,215.29,224.15,223.2,215.44,4.79,5.3,11.44,1377997.5,1514574.2,327042007.0,348034510.0,0.71,1.1,17340247481.590237,-9.19,256,-44.94,395,-33.26,374,-29.13,-2.73,-2.72,0.69,0.68,4.3,0.212,51.45,False,False,False,False,True,True,True,False,False,True,False,True,False,True,False,False,2026-10-29,False,False,5,below 200-MA,near21,5,https://www.tradingview.com/chart/?symbol=NYSE:MTZ&interval=D,False,False,False
CELC,Celcuity Inc.,NASDAQ,Medical Specialties,72.1,79.07,82.64,85.99,87.26,96.7,103.85,104.43,78.42,81.97,75.44,70.68,5.73,6.15,4.43,1079833.3,920154.0,66343103.0,79128337.0,1.32,0.11,3527990413.2144284,-22.98,389,-31.88,355,-33.97,375,-29.61,-2.83,-12.76,1.96,1.07,32.1,0.265,35.17,False,False,False,False,False,False,False,False,False,False,True,True,False,False,True,False,2026-11-18,False,False,4,"thin RVOL, below 200-MA",RVOL,2,https://www.tradingview.com/chart/?symbol=NASDAQ:CELC&interval=D,False,False,False
WHR,Whirlpool Corporation,NYSE,Electronics/Appliances,30.31,31.74,33.33,35.5,37.6,38.72,44.24,53.39,31.62,33.41,31.25,30.0,4.4,5.08,1.54,2804836.0,2730813.8666666667,82770968.0,96951174.0,1.04,1.05,1976193146.7424543,-20.84,373,-25.11,312,-43.13,395,-29.69,-3.81,-9.07,1.82,0.81,20.1,0.292,71.44,False,False,False,False,False,False,True,False,False,False,False,True,False,False,False,False,2026-10-15,False,False,4,"thin RVOL, below 200-MA",,3,https://www.tradingview.com/chart/?symbol=NYSE:WHR&interval=D,False,False,False
RUN,Sunrun Inc.,NASDAQ,Semiconductors,7.71,8.03,8.33,8.53,9.07,11.2,11.71,13.54,7.96,8.31,7.94,7.68,5.01,5.77,0.45,7610268.7,7287388.033333333,56185762.0,62126198.0,0.85,3.27,1856930220.643979,-7.89,245,-41.19,386,-43.43,396,-30.84,-2.6,-7.49,1.25,0.61,7.9,0.226,71.45,False,False,False,False,False,True,True,True,False,True,False,True,False,False,False,False,2026-11-04,False,True,3,"thin RVOL, below 200-MA, large gap","near21, ADR",5,https://www.tradingview.com/chart/?symbol=NASDAQ:RUN&interval=D,False,False,False
APP,Applovin Corporation,NASDAQ,Packaged Software,268.22,305.12,312.46,311.97,330.71,415.44,425.87,456.22,298.16,309.22,279.94,266.84,5.39,5.84,15.65,5485919.1,5045637.433333334,1353340872.0,1574080783.0,1.58,-3.96,89760088607.49849,-13.4,308,-51.25,403,-28.81,358,-31.15,-3.24,-14.16,2.27,0.84,8.8,0.212,56.33,False,False,False,False,False,False,True,False,False,False,False,True,True,True,True,False,2026-11-11,False,True,4,"below 200-MA, large gap",RVOL,3,https://www.tradingview.com/chart/?symbol=NASDAQ:APP&interval=D,False,False,False
KNF,Knife Riv Holding Co.,NYSE,Construction Materials,50.33,52.8,55.08,58.09,63.01,71.49,75.95,76.45,52.64,55.47,51.64,49.65,4.55,4.69,2.36,1294148.0,1058852.5333333334,53292048.0,61510861.0,0.67,2.0,2856902873.517385,-17.33,345,-39.76,381,-36.93,384,-31.34,-4.29,-8.63,1.97,0.84,28.8,0.23,46.99,False,False,False,False,False,False,True,False,False,False,False,True,False,False,False,False,2026-11-09,False,False,4,"thin RVOL, below 200-MA",,3,https://www.tradingview.com/chart/?symbol=NYSE:KNF&interval=D,False,False,False
FUN,Six Flags Entertainment Corporation,NYSE,Movies/Entertainment,11.6,11.74,12.64,13.7,15.02,17.83,17.91,17.53,11.72,12.67,11.65,10.84,5.28,6.27,0.73,2746382.6,2241292.933333333,25998998.0,30711690.0,1.13,2.3,1186869263.3823528,-18.54,354,-42.69,390,-32.79,373,-31.34,-3.63,-8.21,1.35,1.12,105.2,0.419,53.15,False,False,False,False,False,True,False,False,False,True,True,False,False,False,False,False,2026-11-05,False,True,2,"LoD>60% ATR, thin RVOL, below 200-MA, large gap",near21,2,https://www.tradingview.com/chart/?symbol=NYSE:FUN&interval=D,False,False,False
TTD,"The Trade Desk, Inc.",NASDAQ,Packaged Software,11.95,12.56,13.44,13.52,14.52,17.1,19.3,22.6,12.57,13.19,12.21,11.76,4.33,4.78,0.57,21426048.699999996,23100969.23333334,276056582.0,312417508.0,0.66,0.0,5615073059.388431,-12.52,301,-37.37,376,-45.03,398,-31.64,-3.7,-11.11,1.96,0.78,32.4,0.3,84.03,False,False,False,False,False,False,True,False,False,False,False,True,False,False,False,False,2026-11-05,False,False,4,"thin RVOL, below 200-MA",,3,https://www.tradingview.com/chart/?symbol=NASDAQ:TTD&interval=D,False,False,False
PL,Planet Labs PBC,NYSE,Packaged Software,17.5,16.86,16.83,18.06,19.81,26.75,28.72,27.34,16.85,17.49,17.73,16.33,5.04,5.97,1.05,10828025.3,11039178.9,193185631.0,199327094.0,1.44,2.54,6367339462.2057,-11.79,293,-44.6,394,-40.56,388,-32.32,-1.95,4.0,0.01,1.34,112.0,0.145,67.99,False,False,False,False,False,True,False,False,False,True,True,False,False,False,True,False,2026-12-14,False,True,2,"LoD>60% ATR, thin RVOL, below 200-MA, large gap","near21, RVOL",2,https://www.tradingview.com/chart/?symbol=NYSE:PL&interval=D,False,False,False
CHTR,"Charter Communications, Inc.",NASDAQ,Cable/Satellite TV,109.29,114.13,127.02,135.36,140.26,138.62,162.23,174.89,115.82,124.66,112.83,108.3,4.58,5.4,5.9,3189000.7,2859951.1,312564056.0,387120121.0,0.66,-0.1,19138339118.730896,-25.99,397,-22.31,291,-49.51,401,-32.6,-4.09,-13.96,2.28,0.77,16.8,0.443,55.6,False,False,False,False,False,False,True,False,False,False,False,True,False,True,False,False,2026-10-30,False,False,5,below 200-MA,,3,https://www.tradingview.com/chart/?symbol=NASDAQ:CHTR&interval=D,False,False,False
XE,"X-Energy, Inc.",NASDAQ,Industrial Machinery,14.38,15.11,15.67,16.53,17.43,19.45,,,14.87,15.7,14.78,13.8,6.18,8.12,1.17,5218879.6,6605145.2,94981988.0,109213874.0,0.69,1.51,5843544203.598567,-21.85,382,-22.31,292,-55.09,407,-33.08,-2.15,-8.22,1.03,0.83,49.7,0.331,30.16,False,False,False,False,False,True,True,False,False,True,False,True,False,False,False,False,2026-12-02,False,False,4,"thin RVOL, below 200-MA",near21,4,https://www.tradingview.com/chart/?symbol=NASDAQ:XE&interval=D,False,False,False
FMC,FMC Corporation,NYSE,Chemicals: Agricultural,8.44,9.41,10.45,10.84,10.75,11.34,12.68,13.21,9.34,10.03,8.98,8.33,6.15,6.63,0.56,4763990.0,3861575.7333333334,32591699.0,41868491.0,1.43,0.47,1312808348.457944,-29.67,408,-23.27,299,-50.61,402,-34.52,-3.24,-19.24,2.39,1.15,19.7,0.508,45.0,False,False,False,False,False,False,False,False,False,False,True,True,False,False,True,False,2026-10-29,False,False,4,"thin RVOL, below 200-MA",RVOL,2,https://www.tradingview.com/chart/?symbol=NYSE:FMC&interval=D,False,False,False
LCID,"Lucid Group, Inc.",NASDAQ,Motor Vehicles,4.13,4.14,4.2,4.46,5.4,5.64,6.61,7.65,4.14,4.35,4.3,4.08,5.47,7.15,0.3,9145548.39999998,11446446.366666682,47273823.0,50993919.0,0.78,1.91,1627509908.2577562,-8.83,253,-39.8,382,-55.99,409,-34.87,-3.29,-1.7,0.72,0.73,16.9,0.171,85.08,False,False,False,False,True,True,True,False,False,True,False,True,False,False,False,False,2026-11-10,False,False,4,"thin RVOL, below 200-MA",near21,5,https://www.tradingview.com/chart/?symbol=NASDAQ:LCID&interval=D,False,False,False
XENE,Xenon Pharmaceuticals Inc.,NASDAQ,Pharmaceuticals: Major,38.02,37.77,47.09,51.67,56.43,57.24,56.61,53.09,40.07,45.47,39.1,37.26,5.24,6.28,2.39,2845367.4,1978929.5333333334,75238901.0,102247991.0,0.44,0.44,3681873223.8977656,-37.22,411,-36.98,375,-32.11,370,-35.44,-5.19,-19.26,2.61,0.77,31.8,0.863,51.2,False,False,False,False,False,False,True,False,False,False,False,True,False,False,False,False,2026-11-11,False,False,4,"thin RVOL, below 200-MA",,3,https://www.tradingview.com/chart/?symbol=NASDAQ:XENE&interval=D,False,False,False
RCAT,"Red Cat Holdings, Inc.",NASDAQ,Packaged Software,6.4,6.61,7.2,7.74,8.25,9.31,10.63,10.95,6.66,7.18,6.59,6.27,5.89,6.71,0.43,7890827.2,7849264.3,50235292.0,60719292.0,0.62,3.48,977371862.7488152,-20.99,375,-40.88,384,-45.39,399,-35.75,-3.35,-11.12,1.62,0.75,30.3,0.411,67.79,False,False,False,False,False,False,True,False,False,False,False,True,False,False,False,False,2026-11-12,False,True,3,"thin RVOL, below 200-MA, large gap",,3,https://www.tradingview.com/chart/?symbol=NASDAQ:RCAT&interval=D,False,False,False
UTI,Universal Technical Institute Inc,NYSE,Miscellaneous Commercial Services,19.38,19.67,20.34,20.77,25.38,33.38,34.42,32.9,19.58,20.68,20.01,19.02,5.11,6.47,1.25,2182701.9,1856106.3333333333,35971341.0,38555659.0,0.61,1.52,1067745598.2375197,-7.32,237,-58.77,409,-46.76,400,-37.62,-3.65,-4.71,0.97,0.79,28.7,0.196,76.13,False,False,False,False,False,True,True,False,False,True,False,True,False,False,False,False,2026-11-25,False,False,4,"thin RVOL, below 200-MA",near21,4,https://www.tradingview.com/chart/?symbol=NYSE:UTI&interval=D,False,False,False
NKTR,Nektar Therapeutics,NASDAQ,Pharmaceuticals: Major,43.58,57.27,63.7,66.99,69.48,67.73,71.29,65.41,56.28,61.66,47.13,43.51,9.83,9.87,4.3,2496073.599999999,1375047.7333333334,59924580.0,92116969.0,1.18,0.21,1487951728.5456479,-39.79,413,-32.98,360,-40.75,389,-37.84,-3.78,-31.59,2.97,0.84,1.6,0.515,32.18,False,False,False,False,False,False,True,False,False,False,False,True,False,False,False,False,2026-11-05,False,False,4,"thin RVOL, below 200-MA",,3,https://www.tradingview.com/chart/?symbol=NASDAQ:NKTR&interval=D,False,False,False
KRMN,Karman Holdings Inc.,NYSE,Aerospace & Defense,34.14,33.74,35.1,38.7,45.29,49.21,61.32,68.79,33.97,36.52,34.63,32.12,6.76,7.35,2.51,3760991.9,3643574.466666667,124391632.0,140992972.0,0.72,0.82,4524700659.313265,-16.71,341,-39.52,379,-57.35,410,-37.86,-3.35,-2.74,0.89,1.0,80.5,0.238,102.69,False,False,False,False,True,True,True,False,False,True,False,False,False,False,False,False,2026-11-05,False,False,3,"LoD>60% ATR, thin RVOL, below 200-MA",near21,4,https://www.tradingview.com/chart/?symbol=NYSE:KRMN&interval=D,False,False,False
IONS,"Ionis Pharmaceuticals, Inc.",NASDAQ,Pharmaceuticals: Major,43.54,44.65,48.1,52.46,53.91,62.91,66.76,70.39,45.29,48.18,44.17,43.24,4.82,4.82,2.1,3954527.8,3831212.5,166810992.0,200989239.0,0.52,0.39,7235665561.956363,-27.73,401,-45.25,396,-40.95,391,-37.98,-3.99,-9.47,2.0,0.44,14.3,0.413,59.1,False,False,False,False,False,False,True,True,False,True,False,True,False,False,False,False,2026-11-04,False,False,4,"thin RVOL, below 200-MA",ADR,4,https://www.tradingview.com/chart/?symbol=NASDAQ:IONS&interval=D,False,False,False
OPEN,Opendoor Technologies Inc,NASDAQ,Real Estate Development,2.44,2.51,2.65,2.87,3.19,3.9,4.28,4.64,2.5,2.69,2.53,2.41,5.34,6.29,0.15,29408832.9,30043524.466666665,73306200.0,86315046.0,0.97,4.58,2369462291.1166663,-20.0,365,-51.15,402,-44.29,397,-38.48,-3.75,-8.08,1.47,0.78,19.6,0.334,87.08,False,False,False,False,False,True,True,False,False,True,False,True,False,False,False,False,2026-11-05,False,True,3,"thin RVOL, below 200-MA, large gap",near21,4,https://www.tradingview.com/chart/?symbol=NASDAQ:OPEN&interval=D,False,False,False
SOC,Sable Offshore Corp.,NYSE,Integrated Oil,3.51,3.79,4.29,4.44,4.49,6.96,9.48,9.42,3.76,4.1,3.7,3.4,8.71,9.93,0.35,8742398.6,8093108.3,28406810.0,35952285.0,1.14,6.69,673462228.7872338,-24.03,393,-16.63,250,-77.66,416,-39.44,-2.19,-18.12,1.44,0.87,33.0,0.547,162.15,False,False,False,False,False,True,True,False,False,True,False,True,False,False,False,False,2026-11-12,False,True,3,"thin RVOL, below 200-MA, large gap",near21,4,https://www.tradingview.com/chart/?symbol=NYSE:SOC&interval=D,False,False,False
FICO,Fair Isaac Corporation,NYSE,Financial Publishing/Services,661.25,781.24,875.1,963.06,1028.43,1115.24,1115.37,1218.66,758.7,859.83,675.5,609.0,6.03,8.92,58.99,1418457.5,726051.7333333333,480101709.0,699232108.0,1.23,-7.22,14281436321.365698,-39.17,412,-45.83,397,-37.02,385,-40.68,-4.0,-24.44,2.59,1.13,88.6,0.593,66.15,False,False,False,False,False,False,False,False,False,False,True,False,False,True,True,False,2026-11-11,False,True,3,"LoD>60% ATR, below 200-MA, large gap",RVOL,1,https://www.tradingview.com/chart/?symbol=NYSE:FICO&interval=D,False,False,False
RARE,Ultragenyx Pharmaceutical Inc.,NASDAQ,Pharmaceuticals: Major,15.22,14.91,14.55,17.99,21.19,24.25,23.79,24.08,15.0,16.26,15.28,14.67,5.48,7.35,1.12,5016184.3,5725287.666666667,87138878.0,102983612.0,0.65,1.02,1500522675.178305,-41.37,414,-53.6,405,-27.7,355,-40.89,-3.83,4.64,0.87,0.55,49.2,0.188,63.75,False,False,False,False,False,True,True,True,False,True,False,True,False,False,False,False,2026-11-04,False,False,4,"thin RVOL, below 200-MA","near21, ADR",5,https://www.tradingview.com/chart/?symbol=NASDAQ:RARE&interval=D,False,False,False
FLNC,"Fluence Energy, Inc.",NASDAQ,Electrical Products,7.61,7.57,8.48,9.28,10.83,15.45,15.26,16.94,7.81,8.58,7.89,7.44,5.73,8.01,0.61,7691428.3,7686153.2,58491626.0,71332626.0,0.71,2.25,1404778410.9854689,-26.72,399,-58.81,410,-38.31,387,-41.28,-3.71,-10.26,1.41,0.73,27.1,0.565,123.09,False,False,False,False,False,True,True,False,False,True,False,True,False,False,False,False,2026-11-30,False,True,3,"thin RVOL, below 200-MA, large gap",near21,4,https://www.tradingview.com/chart/?symbol=NASDAQ:FLNC&interval=D,False,False,False
BRBR,"BellRing Brands, Inc.",NYSE,Beverages: Non-Alcoholic,7.43,8.0,8.68,9.31,10.34,10.43,12.28,15.12,7.97,8.65,7.72,7.35,5.29,6.3,0.47,4237275.9,3344101.8333333335,24846677.0,31134703.0,1.07,0.95,863947023.9918919,-28.35,404,-43.92,391,-52.13,403,-41.47,-4.47,-14.39,2.25,0.79,17.1,0.385,95.82,False,False,False,False,False,False,True,False,False,False,False,True,False,False,False,False,2026-11-23,False,False,4,"thin RVOL, below 200-MA",,3,https://www.tradingview.com/chart/?symbol=NYSE:BRBR&interval=D,False,False,False
FRVO,Fervo Energy Company,NASDAQ,Alternative Power Generation,14.45,15.19,15.83,16.06,18.16,,,,14.91,15.79,14.99,14.0,7.83,9.76,1.41,7952958.3,7518118.766666667,108636816.0,120754771.0,0.95,0.9,4259328182.0401106,-21.48,376,-50.1,400,-59.86,412,-43.81,-2.09,-8.71,0.87,0.71,32.3,0.353,20.57,False,False,False,False,False,True,True,False,False,True,False,True,False,False,False,False,2026-12-02,False,False,4,"thin RVOL, below 200-MA",near21,4,https://www.tradingview.com/chart/?symbol=NASDAQ:FRVO&interval=D,False,False,False
BW,"Babcock & Wilcox Enterprises, Inc.",NYSE,Electronic Equipment/Instruments,5.7,6.26,6.78,7.01,7.94,11.69,12.79,11.62,6.17,6.71,5.96,5.64,6.8,9.04,0.52,5304420.8,4832414.0,27544760.0,33862336.0,0.84,2.07,849100821.9170985,-17.15,343,-55.64,406,-60.03,413,-44.27,-3.12,-15.87,1.67,0.62,11.6,0.417,114.56,False,False,False,False,False,False,True,False,False,False,False,True,False,False,False,False,2026-11-11,False,True,3,"thin RVOL, below 200-MA, large gap",,3,https://www.tradingview.com/chart/?symbol=NYSE:BW&interval=D,False,False,False
CAPR,"Capricor Therapeutics, Inc.",NASDAQ,Pharmaceuticals: Major,8.95,8.85,8.83,8.87,8.0,16.97,21.84,22.8,8.89,8.87,9.24,8.77,7.1,9.68,0.87,4422475.6,5578729.133333334,49929626.0,49490766.0,0.59,2.24,520343922.85794175,-11.12,281,-61.31,412,-69.23,415,-47.22,1.23,1.32,0.1,0.54,20.7,0.162,165.31,False,True,True,False,True,True,True,True,False,True,False,True,False,False,False,False,2026-11-17,False,True,3,"thin RVOL, below 200-MA, large gap","EMA, near21, ADR",8,https://www.tradingview.com/chart/?symbol=NASDAQ:CAPR&interval=D,False,False,False
BENF,Beneficient,NASDAQ,Investment Managers,1.43,1.4,1.28,1.57,2.07,2.78,3.04,3.55,1.39,1.47,1.52,1.42,29.49,33.14,0.47,36413285.5,20397685.233333334,29168690.0,32078284.0,0.02,-0.66,22101683.198675495,-28.22,403,-60.39,411,-55.45,408,-48.02,-0.93,12.03,0.09,0.22,3.2,1.892,158.93,False,False,False,False,False,True,True,True,False,True,False,True,False,False,False,False,2026-11-12,False,False,4,"thin RVOL, below 200-MA","near21, ADR",5,https://www.tradingview.com/chart/?symbol=NASDAQ:BENF&interval=D,False,False,False
LQDA,Liquidia Corporation,NASDAQ,Pharmaceuticals: Major,28.64,57.32,62.4,64.66,71.97,70.94,59.89,54.2,51.13,59.57,29.18,26.31,22.5,21.77,6.24,6057638.7,2839592.566666667,81325931.0,183602849.0,1.5,-4.64,2563534537.8720975,-57.51,417,-64.18,414,-22.49,336,-48.06,-2.77,-54.1,2.38,0.46,37.4,0.908,62.07,False,False,False,False,False,False,True,True,False,True,False,True,False,False,True,False,2026-11-10,False,True,3,"thin RVOL, below 200-MA, large gap","ADR, RVOL",4,https://www.tradingview.com/chart/?symbol=NASDAQ:LQDA&interval=D,False,False,False
XNDU,Xanadu Quantum Technologies Limited,NASDAQ,Computer Processing Hardware,4.3,5.15,6.79,7.99,9.07,10.97,12.4,11.99,5.27,6.56,4.53,4.28,9.22,12.03,0.52,11131018.5,4875560.866666666,20964912.0,38945980.0,0.46,0.67,1308891200.5580356,-56.65,416,-63.8,413,-42.67,394,-54.37,-4.37,-36.68,2.86,0.47,3.9,1.087,168.64,False,False,False,False,False,False,True,True,False,True,False,True,False,False,False,False,2026-12-02,False,False,4,"thin RVOL, below 200-MA",ADR,4,https://www.tradingview.com/chart/?symbol=NASDAQ:XNDU&interval=D,False,False,False
ALHC,"Alignment Healthcare, Inc.",NASDAQ,Managed Health Care,7.94,7.97,9.71,10.99,12.55,15.94,17.02,18.02,8.33,9.58,8.03,7.7,9.75,8.67,0.69,11984270.4,9722216.766666668,77194401.0,106813135.0,0.73,0.13,1647035043.8113697,-41.53,415,-67.15,415,-54.81,405,-54.5,-4.24,-18.23,1.97,0.48,34.9,0.934,126.5,False,False,False,False,False,False,True,True,False,True,False,True,False,False,False,False,2026-10-29,False,False,4,"thin RVOL, below 200-MA",ADR,4,https://www.tradingview.com/chart/?symbol=NASDAQ:ALHC&interval=D,False,False,False
ALMS,Alumis Inc.,NASDAQ,Pharmaceuticals: Major,6.85,7.37,8.27,11.96,17.71,21.07,22.31,22.13,7.58,9.71,7.31,6.64,6.82,13.23,0.91,2205516.8,3876380.5,26553206.0,46362803.0,1.02,0.97,914441779.8751734,-32.55,410,-74.11,417,-68.81,414,-58.49,-4.63,-17.2,2.23,0.74,23.7,0.592,218.06,False,False,False,False,False,False,True,False,False,False,False,True,False,False,False,False,2026-11-12,False,False,4,"thin RVOL, below 200-MA",,3,https://www.tradingview.com/chart/?symbol=NASDAQ:ALMS&interval=D,False,False,False
CTVA,"Corteva, Inc.",NYSE,Agricultural Commodities/Milling,11.92,65.56,74.57,77.98,78.86,80.1,80.32,78.15,57.17,68.86,13.04,11.87,18.09,53.62,6.39,19825893.7,10064919.333333334,119973838.0,784818795.0,6.2,-1.47,7952975934.994431,-86.5,418,-85.74,418,-85.75,418,-85.99,-1.58,-84.02,1.54,0.18,0.8,1.124,123.82,False,False,False,False,False,False,True,True,False,True,False,True,True,True,True,False,2026-11-11,False,False,5,below 200-MA,"ADR, RVOL",4,https://www.tradingview.com/chart/?symbol=NYSE:CTVA&interval=D,False,False,False
RETO,"ReTo Eco-Solutions, Inc.",NASDAQ,Other Metals/Minerals,1.55,2.72,9.57,15.62,27.24,39.31,48.13,66.11,4.43,10.35,2.0,1.46,2224.25,1087.16,16.85,5117729.265,3178920.295,4927326.0,49652828.0,1.09,3.7,92083927.8,-93.75,419,-96.72,419,-97.55,419,-96.01,-0.09,-83.81,0.08,0.03,0.5,5.592,4089.62,False,False,False,False,False,True,True,True,False,True,False,True,False,False,False,False,,False,True,3,"thin RVOL, below 200-MA, large gap","near21, ADR",5,https://www.tradingview.com/chart/?symbol=NASDAQ:RETO&interval=D,False,False,False
